No.,Chemical compound,Logk,Cas,Smiles,Ph,T,Ref,Chemical_class_27,Chemical_class_coarse,InChI,InChIKey
1,"(1S,4R,6R)-1,7,7-Trimethylbicyclo[2.2.1]heptan-6-ol",5.03,6627-72-1,O[C@@H]1[C@](C2(C)C)(C)CC[C@@H]2C1,,25,https://doi.org/10.1016/j.jhazmat.2025.137899,halogenated,Halogenated organics,"InChI=1S/C10H18O/c1-9(2)7-4-5-10(9,3)8(11)6-7/h7-8,11H,4-6H2,1-3H3/t7-,8+,10+/m1/s1",DTGKSKDOIYIVQL-WEDXCCLWSA-N
2,(Dimethylaminomethyl)ferrocene,9.48,1271-86-9,CN(C)CC1=CC=C[CH-]1.[CH-]1C=CC=C1.[Fe+2],10.8,,NIST,cyclo,Aromatic & PAHs,"InChI=1S/C8H12N.C5H5.Fe/c1-9(2)7-8-5-3-4-6-8;1-2-4-5-3-1;/h3-6H,7H2,1-2H3;1-5H;/q2*-1;+2",ISDNRMKSXGICTM-UHFFFAOYSA-N
3,"1,1-Dimethyl-3-phenylurea",6.08,101-42-8,CN(C)C(=O)NC1=CC=CC=C1,,,https://doi.org/10.1016/j.watres.2007.06.066,cyclo,Aromatic & PAHs,"InChI=1S/C9H12N2O/c1-11(2)9(12)10-8-6-4-3-5-7-8/h3-7H,1-2H3,(H,10,12)",XXOYNJXVWVNOOJ-UHFFFAOYSA-N
4,"1,1-Dimethyl-3-phenylurea",6.85,101-42-8,CN(C)C(=O)NC1=CC=CC=C1,,,https://doi.org/10.1016/j.watres.2007.06.066,cyclo,Aromatic & PAHs,"InChI=1S/C9H12N2O/c1-11(2)9(12)10-8-6-4-3-5-7-8/h3-7H,1-2H3,(H,10,12)",XXOYNJXVWVNOOJ-UHFFFAOYSA-N
5,"1,1-Methoxy-5,5-bi-phen",8.76,107777-49-1,COC1=CC=CC(O)=C1C2=C(C=CC=C2OC)O,12,,https://doi.org/10.1016/j.chemosphere.2023.140660,alcohol,Oxygenated organics,"InChI=1S/C14H14O4/c1-17-11-7-3-5-9(15)13(11)14-10(16)6-4-8-12(14)18-2/h3-8,15-16H,1-2H3",JMRBJLVTXSIPQQ-UHFFFAOYSA-N
6,"1,3,5,6-tetramethylpyrimidine-2,4-dione",5.06,59264-09-4,CC1=C(N(C(=O)N(C1=O)C)C)C,,,https://doi.org/10.1016/j.jhazmat.2025.138151,alkane,Aliphatic hydrocarbons,InChI=1S/C8H12N2O2/c1-5-6(2)9(3)8(12)10(4)7(5)11/h1-4H3,UOIDCYCXQCVIPE-UHFFFAOYSA-N
7,"1,4-Diazabicyclo[2.2.2]octane",7.23,280-57-9,C1CN2CCN1CC2,11.5,,NIST,halogenated,Halogenated organics,InChI=1S/C6H12N2/c1-2-8-5-3-7(1)4-6-8/h1-6H2,IMNIMPAHZVJRPE-UHFFFAOYSA-N
8,"1,4-diazabicyclo[2,2,2]octane",7.23,280-57-9,C1CN2CCN1CC2,11.5,,https://doi.org/10.1016/S0040-4020(01)91404-8,halogenated,Halogenated organics,InChI=1S/C6H12N2/c1-2-8-5-3-7(1)4-6-8/h1-6H2,IMNIMPAHZVJRPE-UHFFFAOYSA-N
9,"1,4-Dihydroxybenzene anion",9.32,123-31-9,OC1=CC=C(O)C=C1,,,https://doi.org/10.1039/C6EM00580B,alcohol,Oxygenated organics,"InChI=1S/C6H6O2/c7-5-1-2-6(8)4-3-5/h1-4,7-8H",QIGBRXMKCJKVMJ-UHFFFAOYSA-N
10,"1,4-Dioxane",6,123-91-1,C1COCCO1,,,https://doi.org/10.1021/acs.est.4c04547,alcohol,Oxygenated organics,InChI=1S/C4H8O2/c1-2-6-4-3-5-1/h1-4H2,RYHBNJHYFVUHQT-UHFFFAOYSA-N
11,"1,5-dimethylpyrimidine-2,4-dione",5.06,4160-72-9,CC1=CN(C(=O)NC1=O)C,,,https://doi.org/10.1016/j.jhazmat.2025.138158,cyclo,Aromatic & PAHs,"InChI=1S/C6H8N2O2/c1-4-3-8(2)6(10)7-5(4)9/h3H,1-2H3,(H,7,9,10)",GKMIDMKPBOUSBQ-UHFFFAOYSA-N
12,"1,7,7-trimethylbicyclo[2.2.1]heptan-6-ol",5.03,507-70-0,O[C@H]1[C@](C2(C)C)(C)CC[C@]2([H])C1,,,https://doi.org/10.1016/j.jhazmat.2025.138074,halogenated,Halogenated organics,"InChI=1S/C10H18O/c1-9(2)7-4-5-10(9,3)8(11)6-7/h7-8,11H,4-6H2,1-3H3/t7-,8-,10+/m1/s1",DTGKSKDOIYIVQL-MRTMQBJTSA-N
13,"1,7,8-trimethylbenzo[g]pteridine-2,4-dione",7.1,18950-64-6,CC1=CC2=C(C=C1C)N=C3C(=N2)C(=O)NC(=O)N3C,,,https://doi.org/10.1016/j.jhazmat.2025.138159,alkane,Aliphatic hydrocarbons,"InChI=1S/C13H12N4O2/c1-6-4-8-9(5-7(6)2)15-11-10(14-8)12(18)16-13(19)17(11)3/h4-5H,1-3H3,(H,16,18,19)",JMJYJUDFYYXGBX-UHFFFAOYSA-N
14,1-Butylamine,5.6,109-73-9,CCCCN,11.5,,NIST,alkane,Aliphatic hydrocarbons,"InChI=1S/C4H11N/c1-2-3-4-5/h2-5H2,1H3",HQABUPZFAYXKJW-UHFFFAOYSA-N
15,1-Methylindole,8.93,603-76-9,CN1C=CC2=CC=CC=C21,9.3,,https://doi.org/10.1021/j100300a039,cyclo,Aromatic & PAHs,"InChI=1S/C9H9N/c1-10-7-6-8-4-2-3-5-9(8)10/h2-7H,1H3",BLRHMMGNCXNXJL-UHFFFAOYSA-N
16,1-Methylindole,8.93,603-76-9,CN1C=CC2=CC=CC=C21,,,https://doi.org/10.1016/j.jhazmat.2025.138142,cyclo,Aromatic & PAHs,"InChI=1S/C9H9N/c1-10-7-6-8-4-2-3-5-9(8)10/h2-7H,1H3",BLRHMMGNCXNXJL-UHFFFAOYSA-N
17,1-Methylindole,8.93,603-76-9,CN1C=CC2=CC=CC=C21,9.3,,NIST,cyclo,Aromatic & PAHs,"InChI=1S/C9H9N/c1-10-7-6-8-4-2-3-5-9(8)10/h2-7H,1H3",BLRHMMGNCXNXJL-UHFFFAOYSA-N
18,1-Methyltryptophan,8.63,26988-72-7,CN1C=C(C2=CC=CC=C21)CC(C(=O)O)N,7,,NIST,halogenated,Halogenated organics,"InChI=1S/C12H14N2O2/c1-14-7-8(6-10(13)12(15)16)9-4-2-3-5-11(9)14/h2-5,7,10H,6,13H2,1H3,(H,15,16)",ZADWXFSZEAPBJS-UHFFFAOYSA-N
19,1-Methyltryptophan,8.78,26988-72-7,CN1C=C(C2=CC=CC=C21)CC(C(=O)O)N,12,,NIST,halogenated,Halogenated organics,"InChI=1S/C12H14N2O2/c1-14-7-8(6-10(13)12(15)16)9-4-2-3-5-11(9)14/h2-5,7,10H,6,13H2,1H3,(H,15,16)",ZADWXFSZEAPBJS-UHFFFAOYSA-N
20,1-Naphthol,9.49,90-15-3,C1=CC=C2C(=C1)C=CC=C2O,11.2,,https://doi.org/10.1016/j.chemosphere.2023.140660,cyclo,Aromatic & PAHs,"InChI=1S/C10H8O/c11-10-7-3-5-8-4-1-2-6-9(8)10/h1-7,11H",KJCVRFUGPWSIIH-UHFFFAOYSA-N
21,1-Naphthyloxide ion,9.49,3019-88-3,[O-]C1=C2C=CC=CC2=CC=C1.[Na+],11.2,,https://doi.org/10.1515/9783110866537.109,cyclo,Aromatic & PAHs,"InChI=1S/C10H8O.Na/c11-10-7-3-5-8-4-1-2-6-9(8)10;/h1-7,11H;/q;+1/p-1",ZBNNKSSSCSTNNK-UHFFFAOYSA-M
22,1-Naphthyloxide ion,9.49,3019-88-3,[O-]C1=C2C=CC=CC2=CC=C1.[Na+],11.2,,NIST,cyclo,Aromatic & PAHs,"InChI=1S/C10H8O.Na/c11-10-7-3-5-8-4-1-2-6-9(8)10;/h1-7,11H;/q;+1/p-1",ZBNNKSSSCSTNNK-UHFFFAOYSA-M
23,1-Pentanol,4.53,71-41-0,CCCCCO,11.5,,https://doi.org/10.1039/c3em00479a,alkane,Aliphatic hydrocarbons,"InChI=1S/C5H12O/c1-2-3-4-5-6/h6H,2-5H2,1H3",AMQJEAYHLZJPGS-UHFFFAOYSA-N
24,1-Phenylethanone,4.93,98-86-2,CC(=O)C1=CC=CC=C1,,25,https://doi.org/10.1016/j.jhazmat.2025.137899,cyclo,Aromatic & PAHs,"InChI=1S/C8H8O/c1-7(9)8-5-3-2-4-6-8/h2-6H,1H3",KWOLFJPFCHCOCG-UHFFFAOYSA-N
25,1-Propanol,4.28,71-23-8,CCCO,,,NIST,alkane,Aliphatic hydrocarbons,"InChI=1S/C3H8O/c1-2-3-4/h4H,2-3H2,1H3",BDERNNFJNOPAEC-UHFFFAOYSA-N
26,1-Propanol,4.28,71-23-8,CCCO,12.1-12.7,,https://doi.org/10.1063/1.555808,alkane,Aliphatic hydrocarbons,"InChI=1S/C3H8O/c1-2-3-4/h4H,2-3H2,1H3",BDERNNFJNOPAEC-UHFFFAOYSA-N
27,1-Sulfonatoanthraquinone Dianion,9.66,128-56-3,O=C(C1=CC=CC=C21)C3=C(S([O-])(=O)=O)C=CC=C3C2=O.[Na+],,,NIST,diol,Polyfunctional / highly functionalized,"InChI=1S/C14H8O5S.Na/c15-13-8-4-1-2-5-9(8)14(16)12-10(13)6-3-7-11(12)20(17,18)19;/h1-7H,(H,17,18,19);/q;+1/p-1",SDKPSXWGRWWLKR-UHFFFAOYSA-M
28,"1-[(2R,4S,5R)-4-hydroxy-5-(hydroxymethyl)oxolan-2-yl]-3,5-dimethylpyrimidine-2,4-dione",6.96,958-74-7,CC1=CN(C(=O)N(C1=O)C)[C@H]2C[C@@H]([C@H](O2)CO)O,,25,https://doi.org/10.1016/j.jhazmat.2025.137899,alkane,Aliphatic hydrocarbons,"InChI=1S/C11H16N2O5/c1-6-4-13(11(17)12(2)10(6)16)9-3-7(15)8(5-14)18-9/h4,7-9,14-15H,3,5H2,1-2H3/t7-,8+,9+/m0/s1",JCVDICFLPGDHAT-DJLDLDEBSA-N
29,1-heptanol,4.4,111-70-6,CCCCCCCO,,,https://doi.org/10.1016/j.jhazmat.2025.138064,alkane,Aliphatic hydrocarbons,"InChI=1S/C7H16O/c1-2-3-4-5-6-7-8/h8H,2-7H2,1H3",BBMCTIGTTCKYKF-UHFFFAOYSA-N
30,1-hexanol,4.4,111-27-3,CCCCCCO,,,https://doi.org/10.1016/j.jhazmat.2025.138067,alkane,Aliphatic hydrocarbons,"InChI=1S/C6H14O/c1-2-3-4-5-6-7/h7H,2-6H2,1H3",ZSIAUFGUXNUGDI-UHFFFAOYSA-N
31,1-octanol,4.4,111-87-5,CCCCCCCCO,,,https://doi.org/10.1016/j.jhazmat.2025.138066,alkane,Aliphatic hydrocarbons,"InChI=1S/C8H18O/c1-2-3-4-5-6-7-8-9/h9H,2-8H2,1H3",KBPLFHHGFOOTCA-UHFFFAOYSA-N
32,1-Pentanol,4.4,71-41-0,CCCCCO,,25,https://doi.org/10.1016/j.jhazmat.2025.137899,alkane,Aliphatic hydrocarbons,"InChI=1S/C5H12O/c1-2-3-4-5-6/h6H,2-5H2,1H3",AMQJEAYHLZJPGS-UHFFFAOYSA-N
33,17α-Ethynylestradiol,8.2,57-63-6,OC1=CC(CC[C@]2([H])[C@]3([H])CC[C@@]4(C)[C@@]2([H])CC[C@]4(C#C)O)=C3C=C1,8.8,,https://doi.org/10.1021/acs.est.8b04383,alcohol,Oxygenated organics,"InChI=1S/C20H24O2/c1-3-20(22)11-9-18-17-6-4-13-12-14(21)5-7-15(13)16(17)8-10-19(18,20)2/h1,5,7,12,16-18,21-22H,4,6,8-11H2,2H3/t16-,17-,18+,19+,20+/m1/s1",BFPYWIDHMRZLRN-SLHNCBLASA-N
34,17α-Ethynylestradiol,8.2,57-63-6,OC1=CC(CC[C@]2([H])[C@]3([H])CC[C@@]4(C)[C@@]2([H])CC[C@]4(C#C)O)=C3C=C1,,25,https://doi.org/10.1016/j.jhazmat.2025.137899,alcohol,Oxygenated organics,"InChI=1S/C20H24O2/c1-3-20(22)11-9-18-17-6-4-13-12-14(21)5-7-15(13)16(17)8-10-19(18,20)2/h1,5,7,12,16-18,21-22H,4,6,8-11H2,2H3/t16-,17-,18+,19+,20+/m1/s1",BFPYWIDHMRZLRN-SLHNCBLASA-N
35,17β-Estradiol,7.34,50-28-2,OC1=CC2=C(C=C1)[C@]3([H])[C@@]([C@@](CC[C@@H]4O)([H])[C@]4(C)CC3)([H])CC2,,,https://doi.org/10.1039/C6EM00580B,alcohol,Oxygenated organics,"InChI=1S/C18H24O2/c1-18-9-8-14-13-5-3-12(19)10-11(13)2-4-15(14)16(18)6-7-17(18)20/h3,5,10,14-17,19-20H,2,4,6-9H2,1H3/t14-,15-,16+,17+,18+/m1/s1",VOXZDWNPVJITMN-ZBRFXRBCSA-N
36,17β-Estradiol,8.68,50-28-2,OC1=CC2=C(C=C1)[C@]3([H])[C@@]([C@@](CC[C@@H]4O)([H])[C@]4(C)CC3)([H])CC2,,,https://doi.org/10.1039/C6EM00580B,alcohol,Oxygenated organics,"InChI=1S/C18H24O2/c1-18-9-8-14-13-5-3-12(19)10-11(13)2-4-15(14)16(18)6-7-17(18)20/h3,5,10,14-17,19-20H,2,4,6-9H2,1H3/t14-,15-,16+,17+,18+/m1/s1",VOXZDWNPVJITMN-ZBRFXRBCSA-N
37,17β-Estradiol,7.73,50-28-2,OC1=CC2=C(C=C1)[C@]3([H])[C@@]([C@@](CC[C@@H]4O)([H])[C@]4(C)CC3)([H])CC2,7,,https://doi.org/10.1016/j.watres.2020.116633,alcohol,Oxygenated organics,"InChI=1S/C18H24O2/c1-18-9-8-14-13-5-3-12(19)10-11(13)2-4-15(14)16(18)6-7-17(18)20/h3,5,10,14-17,19-20H,2,4,6-9H2,1H3/t14-,15-,16+,17+,18+/m1/s1",VOXZDWNPVJITMN-ZBRFXRBCSA-N
38,17β-Estradiol,9.38,50-28-2,OC1=CC2=C(C=C1)[C@]3([H])[C@@]([C@@](CC[C@@H]4O)([H])[C@]4(C)CC3)([H])CC2,10,,https://doi.org/10.1016/j.watres.2020.116633,alcohol,Oxygenated organics,"InChI=1S/C18H24O2/c1-18-9-8-14-13-5-3-12(19)10-11(13)2-4-15(14)16(18)6-7-17(18)20/h3,5,10,14-17,19-20H,2,4,6-9H2,1H3/t14-,15-,16+,17+,18+/m1/s1",VOXZDWNPVJITMN-ZBRFXRBCSA-N
39,1H-Imidazole,6.74,288-32-4,C1=CN=CN1,,25,https://doi.org/10.1016/j.jhazmat.2025.137899,halogenated,Halogenated organics,"InChI=1S/C3H4N2/c1-2-5-3-4-1/h1-3H,(H,4,5)",RAXXELZNTBOGNW-UHFFFAOYSA-N
40,1H-Imidazole,6.74,288-32-4,C1=CN=CN1,,,https://doi.org/10.1016/j.jhazmat.2025.138149,halogenated,Halogenated organics,"InChI=1S/C3H4N2/c1-2-5-3-4-1/h1-3H,(H,4,5)",RAXXELZNTBOGNW-UHFFFAOYSA-N
41,"2',7'-Dichlorodihydrofluorescein",8.42,106070-31-9,C1=CC=C(C(=C1)C2C3=CC(=C(C=C3OC4=CC(=C(C=C24)O)Cl)Cl)O)C(=O)O,,,https://doi.org/10.1016/j.freeradbiomed.2004.10.022,diol,Polyfunctional / highly functionalized,"InChI=1S/C20H12Cl2O5/c21-13-7-17-11(5-15(13)23)19(9-3-1-2-4-10(9)20(25)26)12-6-16(24)14(22)8-18(12)27-17/h1-8,19,23-24H,(H,25,26)",JSLDVSNUVLOHAW-UHFFFAOYSA-N
42,"2',7'-Dichlorodihydrofluorescein",8.42,106070-31-9,C1=CC=C(C(=C1)C2C3=CC(=C(C=C3OC4=CC(=C(C=C24)O)Cl)Cl)O)C(=O)O,8,,https://doi.org/10.1016/S0076-6879(08)01214-7,diol,Polyfunctional / highly functionalized,"InChI=1S/C20H12Cl2O5/c21-13-7-17-11(5-15(13)23)19(9-3-1-2-4-10(9)20(25)26)12-6-16(24)14(22)8-18(12)27-17/h1-8,19,23-24H,(H,25,26)",JSLDVSNUVLOHAW-UHFFFAOYSA-N
43,"2',7'-Dichlorofluorescein",8.43,76-54-0,C1=CC=C2C(=C1)C(=O)OC23C4=CC(=C(C=C4OC5=CC(=C(C=C35)Cl)O)O)Cl,,,https://doi.org/10.1016/j.freeradbiomed.2004.10.022,diol,Polyfunctional / highly functionalized,"InChI=1S/C20H10Cl2O5/c21-13-5-11-17(7-15(13)23)26-18-8-16(24)14(22)6-12(18)20(11)10-4-2-1-3-9(10)19(25)27-20/h1-8,23-24H",VFNKZQNIXUFLBC-UHFFFAOYSA-N
44,2'-Deoxyguanosine,7.83,961-07-9,C1[C@@H]([C@H](O[C@H]1N2C=NC3=C2N=C(NC3=O)N)CO)O,7.5,,https://doi.org/10.1002/cbic.200800105,halogenated,Halogenated organics,"InChI=1S/C10H13N5O4/c11-10-13-8-7(9(18)14-10)12-3-15(8)6-1-4(17)5(2-16)19-6/h3-6,16-17H,1-2H2,(H3,11,13,14,18)/t4-,5+,6+/m0/s1",YKBGVTZYEHREMT-KVQBGUIXSA-N
45,"2,3-Dimethylindole",9.4,91-55-4,CC1=C(NC2=CC=CC=C12)C,9.3,,https://doi.org/10.1021/j100300a039,alkane,Aliphatic hydrocarbons,"InChI=1S/C10H11N/c1-7-8(2)11-10-6-4-3-5-9(7)10/h3-6,11H,1-2H3",PYFVEIDRTLBMHG-UHFFFAOYSA-N
46,"2,2,6,6-Tetramethylpiperidine-1-hydroxylamine",8.11,7031-93-8,CC1(CCCC(C)(N1O)C)C,10,,https://doi.org/10.1021/tx0342363,alkane,Aliphatic hydrocarbons,"InChI=1S/C9H19NO/c1-8(2)6-5-7-9(3,4)10(8)11/h11H,5-7H2,1-4H3",VUZNLSBZRVZGIK-UHFFFAOYSA-N
47,"2,2,6,6-Tetramethylpiperidine-1-oxyl",8.6,2564-83-2,CC1(CCCC(N1[O])(C)C)C,10,,https://doi.org/10.1021/tx0342363,alkane,Aliphatic hydrocarbons,"InChI=1S/C9H18NO/c1-8(2)6-5-7-9(3,4)10(8)11/h5-7H2,1-4H3",QYTDEUPAUMOIOP-UHFFFAOYSA-N
48,"2,2,6,6-tetramethyl-4-piperidone N-oxyl",8.68,2896-70-0,[O]N(C(C)(C)CC1=O)C(C)(C1)C,,,https://doi.org/10.1080/09553007114551241,halogenated,Halogenated organics,"InChI=1S/C9H16NO2/c1-8(2)5-7(11)6-9(3,4)10(8)12/h5-6H2,1-4H3",WSGDRFHJFJRSFY-UHFFFAOYSA-N
49,"2,3,4,5,6-Pentafluorophenol",5.46,771-61-9,C1(=C(C(=C(C(=C1F)F)F)F)F)O,,,https://doi.org/10.1016/j.jhazmat.2025.138072,halogenated,Halogenated organics,InChI=1S/C6HF5O/c7-1-2(8)4(10)6(12)5(11)3(1)9/h12H,XBNGYFFABRKICK-UHFFFAOYSA-N
50,"2,3,9,10-Tetramethyl-1,4,8,11-tetraasacyclotetradeca-1,3,8,10-tetraenecobalt(Ⅱ) ion",8.84,39177-15-6,CC1=NCCCN=C(C(=NCCCN=C1C)C)C.[Co](Br)Br,4.7,,https://doi.org/10.1021/j100514a007,alkane,Aliphatic hydrocarbons,"InChI=1S/C14H24N4.2BrH.Co/c1-11-12(2)16-8-6-10-18-14(4)13(3)17-9-5-7-15-11;;;/h5-10H2,1-4H3;2*1H;/q;;;+2/p-2",GYEZVEGGMGIXPC-UHFFFAOYSA-L
51,"2,3-Dihydro-1,4-phthalazinedione",8.9,1445-69-8,C1=CC=C2C(=C1)C(=O)NNC2=O,,,NIST,cyclo,Aromatic & PAHs,"InChI=1S/C8H6N2O2/c11-7-5-3-1-2-4-6(5)8(12)10-9-7/h1-4H,(H,9,11)(H,10,12)",KGLPWQKSKUVKMJ-UHFFFAOYSA-N
52,"2,3-Dihydro-1,4-phthalazinedione",8.9,1445-69-8,C1=CC=C2C(=C1)C(=O)NNC2=O,,,https://doi.org/10.1021/ja00284a040,cyclo,Aromatic & PAHs,"InChI=1S/C8H6N2O2/c11-7-5-3-1-2-4-6(5)8(12)10-9-7/h1-4H,(H,9,11)(H,10,12)",KGLPWQKSKUVKMJ-UHFFFAOYSA-N
53,"2,3-Dimethylindole",9.4,22120-50-9,CC1=C(NC2=CC=CC=C12)C,,25,https://doi.org/10.1016/j.jhazmat.2025.137899,alkane,Aliphatic hydrocarbons,"InChI=1S/C10H11N/c1-7-8(2)11-10-6-4-3-5-9(7)10/h3-6,11H,1-2H3",PYFVEIDRTLBMHG-UHFFFAOYSA-N
54,"2,3-Dimethylindole",9.4,22120-50-9,CC1=C(NC2=CC=CC=C12)C,9.3,,NIST,alkane,Aliphatic hydrocarbons,"InChI=1S/C10H11N/c1-7-8(2)11-10-6-4-3-5-9(7)10/h3-6,11H,1-2H3",PYFVEIDRTLBMHG-UHFFFAOYSA-N
55,"2,3-dimethyl-2,3-butanediol",6.9,76-09-5,CC(C)(C(C)(C)O)O,,25,https://doi.org/10.1016/j.jhazmat.2025.137899,alkane,Aliphatic hydrocarbons,"InChI=1S/C6H14O2/c1-5(2,7)6(3,4)8/h7-8H,1-4H3",IVDFJHOHABJVEH-UHFFFAOYSA-N
56,"2,3-dimethylindole",9.4,22120-50-9,CC1=C(NC2=CC=CC=C12)C,9.3,,https://doi.org/10.1021/j100300a039,alkane,Aliphatic hydrocarbons,"InChI=1S/C10H11N/c1-7-8(2)11-10-6-4-3-5-9(7)10/h3-6,11H,1-2H3",PYFVEIDRTLBMHG-UHFFFAOYSA-N
57,"2,4,6-tri-Methylphenol",8.72,527-60-6,CC1=C(O)C(C)=CC(C)=C1,10.3,,https://doi.org/10.1081/WCT-120018615,cyclo,Aromatic & PAHs,"InChI=1S/C9H12O/c1-6-4-7(2)9(10)8(3)5-6/h4-5,10H,1-3H3",BPRYUXCVCCNUFE-UHFFFAOYSA-N
58,"2,4,6-tri-Methylphenol",9.11,527-60-6,CC1=C(O)C(C)=CC(C)=C1,12,,https://doi.org/10.1081/WCT-120018615,cyclo,Aromatic & PAHs,"InChI=1S/C9H12O/c1-6-4-7(2)9(10)8(3)5-6/h4-5,10H,1-3H3",BPRYUXCVCCNUFE-UHFFFAOYSA-N
59,"2,4,6-tri-Methylphenol",9.43,527-60-6,CC1=C(O)C(C)=CC(C)=C1,13,,https://doi.org/10.1081/WCT-120018615,cyclo,Aromatic & PAHs,"InChI=1S/C9H12O/c1-6-4-7(2)9(10)8(3)5-6/h4-5,10H,1-3H3",BPRYUXCVCCNUFE-UHFFFAOYSA-N
60,"2,4,6-tri-Methylphenol",9.3,527-60-6,CC1=C(O)C(C)=CC(C)=C1,12.0–13.0,,https://doi.org/10.1081/WCT-120018615,cyclo,Aromatic & PAHs,"InChI=1S/C9H12O/c1-6-4-7(2)9(10)8(3)5-6/h4-5,10H,1-3H3",BPRYUXCVCCNUFE-UHFFFAOYSA-N
61,"2,4,6-tri-Methylphenol",8.72,527-60-6,CC1=C(O)C(C)=CC(C)=C1,,,https://doi.org/10.1016/j.chemosphere.2023.140660,cyclo,Aromatic & PAHs,"InChI=1S/C9H12O/c1-6-4-7(2)9(10)8(3)5-6/h4-5,10H,1-3H3",BPRYUXCVCCNUFE-UHFFFAOYSA-N
62,"2,4,6-tri-Methylphenolate",9.3,,OC(C(C)=CC(C)=C1)=C1C.[LiH],,,https://doi.org/10.1016/j.chemosphere.2023.140660,alcohol,Oxygenated organics,"InChI=1S/C9H12O.Li.H/c1-6-4-7(2)9(10)8(3)5-6;;/h4-5,10H,1-3H3;;",WOHQGAPWYUITEZ-UHFFFAOYSA-N
63,"2,4,6-trimethylaniline",9.2,88-05-1,NC1=C(C)C=C(C)C=C1C,,,https://doi.org/10.1021/acs.est.6b00924,cyclo,Aromatic & PAHs,"InChI=1S/C9H13N/c1-6-4-7(2)9(10)8(3)5-6/h4-5H,10H2,1-3H3",KWVPRPSXBZNOHS-UHFFFAOYSA-N
64,"2,4-dimethylaniline",9.04,95-68-1,CC1=CC(=C(C=C1)N)C,,,https://doi.org/10.1021/acs.est.6b00924,alkane,Aliphatic hydrocarbons,"InChI=1S/C8H11N/c1-6-3-4-8(9)7(2)5-6/h3-5H,9H2,1-2H3",CZZZABOKJQXEBO-UHFFFAOYSA-N
65,"2,6-Dimethoxyphenol",9.15,91-10-1,OC1=C(OC)C=CC=C1OC,12,,https://doi.org/10.1081/WCT-120018615,diol,Polyfunctional / highly functionalized,"InChI=1S/C8H10O3/c1-10-6-4-3-5-7(11-2)8(6)9/h3-5,9H,1-2H3",KLIDCXVFHGNTTM-UHFFFAOYSA-N
66,"2,7-Disulfonatoanthraquinone Trianion",9.28,853-67-8,O=C(C1=C2C=C(S(=O)([O-])=O)C=C1)C3=C(C=C(S(=O)([O-])=O)C=C3)C2=O.[Na+].[Na+],,,NIST,diol,Polyfunctional / highly functionalized,"InChI=1S/C14H8O8S2.2Na/c15-13-9-3-1-7(23(17,18)19)5-11(9)14(16)12-6-8(24(20,21)22)2-4-10(12)13;;/h1-6H,(H,17,18,19)(H,20,21,22);;/q;2*+1/p-2",CSCLXYAAXMCWLG-UHFFFAOYSA-L
67,"2-(6-aminopurin-9-yl)-5-(hydroxymethyl)oxolane-3,4-diol",8.45,3228-71-5,C1=NC(=C2C(=N1)N(C=N2)C3C(C(C(O3)CO)O)O)N,,,https://doi.org/10.1016/j.jhazmat.2025.138165,diol,Polyfunctional / highly functionalized,"InChI=1S/C10H13N5O4/c11-8-5-9(13-2-12-8)15(3-14-5)10-7(18)6(17)4(1-16)19-10/h2-4,6-7,10,16-18H,1H2,(H2,11,12,13)",OIRDTQYFTABQOQ-UHFFFAOYSA-N
68,2'-Deoxyguanosine 5'-monophosphate,7.82,312693-67-7,C1[C@@H]([C@H](O[C@H]1N2C=NC3=C2N=C(NC3=O)N)COP(=O)(O)O)O,7.5,,https://doi.org/10.1074/jbc.M101131200,diol,Polyfunctional / highly functionalized,"InChI=1S/C10H14N5O7P/c11-10-13-8-7(9(17)14-10)12-3-15(8)6-1-4(16)5(22-6)2-21-23(18,19)20/h3-6,16H,1-2H2,(H2,18,19,20)(H3,11,13,14,17)/t4-,5+,6+/m0/s1",LTFMZDNNPPEQNG-KVQBGUIXSA-N
69,2-Hydroxybenzothiazole,7.44,934-34-9,C1=CC=C2C(=C1)NC(=O)S2,,25,https://doi.org/10.1016/j.jhazmat.2025.137899,"sulfide, disulfide",Sulfur-containing organics,"InChI=1S/C7H5NOS/c9-7-8-5-3-1-2-4-6(5)10-7/h1-4H,(H,8,9)",YEDUAINPPJYDJZ-UHFFFAOYSA-N
70,2-Hydroxybutanedioic acid,4.12,143435-96-5,C(C(C(=O)O)O)C(=O)O,,,https://doi.org/10.1016/j.jhazmat.2025.138068,diol,Polyfunctional / highly functionalized,"InChI=1S/C4H6O5/c5-2(4(8)9)1-3(6)7/h2,5H,1H2,(H,6,7)(H,8,9)",BJEPYKJPYRNKOW-UHFFFAOYSA-N
71,2-Methoxy-4-methylphenol,8.23,93-51-6,CC1=CC(=C(C=C1)O)OC,8.3,,https://doi.org/10.1081/WCT-120018615,alcohol,Oxygenated organics,"InChI=1S/C8H10O2/c1-6-3-4-7(9)8(5-6)10-2/h3-5,9H,1-2H3",PETRWTHZSKVLRE-UHFFFAOYSA-N
72,2-Methoxy-4-methylphenol,9.18,93-51-6,CC1=CC(=C(C=C1)O)OC,11,,https://doi.org/10.1081/WCT-120018615,alcohol,Oxygenated organics,"InChI=1S/C8H10O2/c1-6-3-4-7(9)8(5-6)10-2/h3-5,9H,1-2H3",PETRWTHZSKVLRE-UHFFFAOYSA-N
73,2-Methoxy-4-methylphenol,8.78,93-51-6,CC1=CC(=C(C=C1)O)OC,12,,https://doi.org/10.1081/WCT-120018615,alcohol,Oxygenated organics,"InChI=1S/C8H10O2/c1-6-3-4-7(9)8(5-6)10-2/h3-5,9H,1-2H3",PETRWTHZSKVLRE-UHFFFAOYSA-N
74,2-Methoxy-4-methylphenol,8.02,93-51-6,CC1=CC(=C(C=C1)O)OC,11.0–12.0,,https://doi.org/10.1016/j.chemosphere.2023.140660,alcohol,Oxygenated organics,"InChI=1S/C8H10O2/c1-6-3-4-7(9)8(5-6)10-2/h3-5,9H,1-2H3",PETRWTHZSKVLRE-UHFFFAOYSA-N
75,2-Methoxy-4-methylphenol,8.23,93-51-6,CC1=CC(=C(C=C1)O)OC,,,https://doi.org/10.1016/j.chemosphere.2023.140660,alcohol,Oxygenated organics,"InChI=1S/C8H10O2/c1-6-3-4-7(9)8(5-6)10-2/h3-5,9H,1-2H3",PETRWTHZSKVLRE-UHFFFAOYSA-N
76,2-Methoxy-4-methylphenolate,9.02,,CC1=CC(=C(C=C1)[O-])OC,,,https://doi.org/10.1016/j.chemosphere.2023.140660,alcohol,Oxygenated organics,"InChI=1S/C8H10O2/c1-6-3-4-7(9)8(5-6)10-2/h3-5,9H,1-2H3/p-1",PETRWTHZSKVLRE-UHFFFAOYSA-M
77,2-Methoxy-phenoxyacetate,6.85,1878-85-9,OC(COC1=CC=CC=C1OC)=O,8,,https://doi.org/10.1081/WCT-120018615,alcohol,Oxygenated organics,"InChI=1S/C9H10O4/c1-12-7-4-2-3-5-8(7)13-6-9(10)11/h2-5H,6H2,1H3,(H,10,11)",IHONYPFTXGQWAX-UHFFFAOYSA-N
78,2-Methyl-1-propanol,4.42,78-83-1,CC(C)CO,11.5,,https://doi.org/10.1039/c3em00479a,alkane,Aliphatic hydrocarbons,"InChI=1S/C4H10O/c1-4(2)3-5/h4-5H,3H2,1-2H3",ZXEKIIBDNHEJCQ-UHFFFAOYSA-N
79,2-Methyl-2-propanamine,4.76,75-64-9,CC(C)(C)N,11.5,,NIST,alkane,Aliphatic hydrocarbons,"InChI=1S/C4H11N/c1-4(2,3)5/h5H2,1-3H3",YBRBMKDOPFTVDT-UHFFFAOYSA-N
80,2-Methyl-2-propanol,3.83,75-65-0,CC(C)(C)O,,25,https://doi.org/10.1016/j.jhazmat.2025.137899,alkane,Aliphatic hydrocarbons,"InChI=1S/C4H10O/c1-4(2,3)5/h5H,1-3H3",DKGAVHZHDRPRBM-UHFFFAOYSA-N
81,2-Methyl-2-propanol,2.2,75-65-0,CC(C)(C)O,6.4,,NIST,alkane,Aliphatic hydrocarbons,"InChI=1S/C4H10O/c1-4(2,3)5/h5H,1-3H3",DKGAVHZHDRPRBM-UHFFFAOYSA-N
82,2-Methyl-2-propanol,3.83,75-65-0,CC(C)(C)O,,,https://doi.org/10.1016/j.jhazmat.2025.138069,alkane,Aliphatic hydrocarbons,"InChI=1S/C4H10O/c1-4(2,3)5/h5H,1-3H3",DKGAVHZHDRPRBM-UHFFFAOYSA-N
83,2-Methyl-2-propanol,2.3,75-65-0,CC(C)(C)O,6.4,,https://doi.org/10.1021/j100628a006,alkane,Aliphatic hydrocarbons,"InChI=1S/C4H10O/c1-4(2,3)5/h5H,1-3H3",DKGAVHZHDRPRBM-UHFFFAOYSA-N
84,2-Methyl-1-propanol,4.64,78-83-1,CC(C)CO,,,https://doi.org/10.1016/j.jhazmat.2025.138061,alkane,Aliphatic hydrocarbons,"InChI=1S/C4H10O/c1-4(2)3-5/h4-5H,3H2,1-2H3",ZXEKIIBDNHEJCQ-UHFFFAOYSA-N
85,2-Methylbenzoic acid,7.04,118-90-1,CC1=CC=CC=C1C(=O)O,,,https://doi.org/10.1016/j.jhazmat.2025.138033,cyclo,Aromatic & PAHs,"InChI=1S/C8H8O2/c1-6-4-2-3-5-7(6)8(9)10/h2-5H,1H3,(H,9,10)",ZWLPBLYKEWSWPD-UHFFFAOYSA-N
86,2-Methylindole,9.15,95-20-5,CC1=CC2=CC=CC=C2N1,,25,https://doi.org/10.1016/j.jhazmat.2025.137899,cyclo,Aromatic & PAHs,"InChI=1S/C9H9N/c1-7-6-8-4-2-3-5-9(8)10-7/h2-6,10H,1H3",BHNHHSOHWZKFOX-UHFFFAOYSA-N
87,2-Methylindole,9.15,95-20-5,CC1=CC2=CC=CC=C2N1,9.3,,NIST,cyclo,Aromatic & PAHs,"InChI=1S/C9H9N/c1-7-6-8-4-2-3-5-9(8)10-7/h2-6,10H,1H3",BHNHHSOHWZKFOX-UHFFFAOYSA-N
88,2-Methylindole,9.15,95-20-5,CC1=CC2=CC=CC=C2N1,9.3,,https://doi.org/10.1021/j100300a039,cyclo,Aromatic & PAHs,"InChI=1S/C9H9N/c1-7-6-8-4-2-3-5-9(8)10-7/h2-6,10H,1H3",BHNHHSOHWZKFOX-UHFFFAOYSA-N
89,2-Methylindole,9.15,95-20-5,CC1=CC2=CC=CC=C2N1,,,https://doi.org/10.1039/C3EM00479A,cyclo,Aromatic & PAHs,"InChI=1S/C9H9N/c1-7-6-8-4-2-3-5-9(8)10-7/h2-6,10H,1H3",BHNHHSOHWZKFOX-UHFFFAOYSA-N
90,2-Methylisoborneol,7.49,2371-42-8,C[C@@]12CC[C@@H](C1(C)C)C[C@@]2(C)O,,,https://doi.org/10.1016/j.jhazmat.2025.138075,halogenated,Halogenated organics,"InChI=1S/C11H20O/c1-9(2)8-5-6-10(9,3)11(4,12)7-8/h8,12H,5-7H2,1-4H3/t8-,10-,11-/m1/s1",LFYXNXGVLGKVCJ-FBIMIBRVSA-N
91,2-Methylphenol,8.47,155174-21-3,CC1=CC=CC=C1O,,,https://doi.org/10.1016/j.jhazmat.2025.138084,cyclo,Aromatic & PAHs,"InChI=1S/C7H8O/c1-6-4-2-3-5-7(6)8/h2-5,8H,1H3",QWVGKYWNOKOFNN-UHFFFAOYSA-N
92,2-Methylpropyl acetate,4.75,110-19-0,CC(C)COC(=O)C,,,https://doi.org/10.1016/j.jhazmat.2025.138019,alcohol,Oxygenated organics,"InChI=1S/C6H12O2/c1-5(2)4-8-6(3)7/h5H,4H2,1-3H3",GJRQTCIYDGXPES-UHFFFAOYSA-N
93,2-Naphthol,9.11,135-19-3,C1=CC=C2C=C(C=CC2=C1)O,11.2,,https://doi.org/10.1016/j.chemosphere.2023.140660,halogenated,Halogenated organics,"InChI=1S/C10H8O/c11-10-6-5-8-3-1-2-4-9(8)7-10/h1-7,11H",JWAZRIHNYRIHIV-UHFFFAOYSA-N
94,2-Naphtholate,9.11,875-83-2,[O-]C1=CC(C=CC=C2)=C2C=C1.[Na+],11.2,,https://doi.org/10.1515/9783110866537.109,cyclo,Aromatic & PAHs,"InChI=1S/C10H8O.Na/c11-10-6-5-8-3-1-2-4-9(8)7-10;/h1-7,11H;/q;+1/p-1",AJXVJQAPXVDFBT-UHFFFAOYSA-M
95,2-Naphtholate,9.11,875-83-2,[O-]C1=CC(C=CC=C2)=C2C=C1.[Na+],11.2,,NIST,cyclo,Aromatic & PAHs,"InChI=1S/C10H8O.Na/c11-10-6-5-8-3-1-2-4-9(8)7-10;/h1-7,11H;/q;+1/p-1",AJXVJQAPXVDFBT-UHFFFAOYSA-M
96,2-Propanol,4.59,67-63-0,CC(C)O,,,https://doi.org/10.1016/j.jhazmat.2025.138048,alkane,Aliphatic hydrocarbons,"InChI=1S/C3H8O/c1-3(2)4/h3-4H,1-2H3",KFZMGEQAYNKOFK-UHFFFAOYSA-N
97,2-Propanol,4.6,67-63-0,CC(C)O,6.4,,https://doi.org/10.1021/j100628a006,alkane,Aliphatic hydrocarbons,"InChI=1S/C3H8O/c1-3(2)4/h3-4H,1-2H3",KFZMGEQAYNKOFK-UHFFFAOYSA-N
98,2-Propanol,4.7,67-63-0,CC(C)O,,,https://doi.org/10.1063/1.555808,alkane,Aliphatic hydrocarbons,"InChI=1S/C3H8O/c1-3(2)4/h3-4H,1-2H3",KFZMGEQAYNKOFK-UHFFFAOYSA-N
99,2-Propanol,4.59,67-63-0,CC(C)O,12.1-12.7,,https://doi.org/10.1063/1.555808,alkane,Aliphatic hydrocarbons,"InChI=1S/C3H8O/c1-3(2)4/h3-4H,1-2H3",KFZMGEQAYNKOFK-UHFFFAOYSA-N
100,2-Sulfoanthraquinone dianion,9.34,131-08-8,O=C(C1=CC=CC=C12)C(C=C(S(=O)(O)=O)C=C3)=C3C2=O.[NaH],,,NIST,diol,Polyfunctional / highly functionalized,"InChI=1S/C14H8O5S.Na.H/c15-13-9-3-1-2-4-10(9)14(16)12-7-8(20(17,18)19)5-6-11(12)13;;/h1-7H,(H,17,18,19);;",OOYZSHREGVYLQK-UHFFFAOYSA-N
101,2-amino-3-(1H-indol-3-yl)propanoic acid,8.73,54-12-6,O=C(O)C(N)CC1=CNC2=C1C=CC=C2,,,https://doi.org/10.1016/j.jhazmat.2025.138177,cyclo,Aromatic & PAHs,"InChI=1S/C11H12N2O2/c12-9(11(14)15)5-7-6-13-10-4-2-1-3-8(7)10/h1-4,6,9,13H,5,12H2,(H,14,15)",QIVBCDIJIAJPQS-UHFFFAOYSA-N
102,2-amino-3-(3H-imidazol-4-yl)propanoic acid,6.89,71-00-1,C1=C(NC=N1)CC(C(=O)O)N,,,https://doi.org/10.1016/j.jhazmat.2025.138040,halogenated,Halogenated organics,"InChI=1S/C6H9N3O2/c7-5(6(10)11)1-4-2-8-3-9-4/h2-3,5H,1,7H2,(H,8,9)(H,10,11)",HNDVDQJCIGZPNO-UHFFFAOYSA-N
103,"2-amino-9-[3,4-dihydroxy-5-(hydroxymethyl)oxolan-2-yl]-1-methylpurin-6-one",7.33,2140-65-0,CN1C(=O)C2=C(N=C1N)N(C=N2)C3C(C(C(O3)CO)O)O,,25,https://doi.org/10.1016/j.jhazmat.2025.137899,diol,Polyfunctional / highly functionalized,"InChI=1S/C11H15N5O5/c1-15-9(20)5-8(14-11(15)12)16(3-13-5)10-7(19)6(18)4(2-17)21-10/h3-4,6-7,10,17-19H,2H2,1H3,(H2,12,14)",UTAIYTHAJQNQDW-UHFFFAOYSA-N
104,2-hydroxybutanedioate,4.06,149-61-1,C(C(C(=O)[O-])O)C(=O)[O-],,,https://doi.org/10.1016/j.jhazmat.2025.138025,diol,Polyfunctional / highly functionalized,"InChI=1S/C4H6O5/c5-2(4(8)9)1-3(6)7/h2,5H,1H2,(H,6,7)(H,8,9)/p-2",BJEPYKJPYRNKOW-UHFFFAOYSA-L
105,2-methylaniline,8.95,95-53-4,CC1=CC=CC=C1N,,,https://doi.org/10.1021/acs.est.6b00924,cyclo,Aromatic & PAHs,"InChI=1S/C7H9N/c1-6-4-2-3-5-7(6)8/h2-5H,8H2,1H3",RNVCVTLRINQCPJ-UHFFFAOYSA-N
106,2-methylpropyl 2-methylprop-2-enoate,4.75,97-86-9,CC(C)COC(=O)C(=C)C,,25,https://doi.org/10.1016/j.jhazmat.2025.137899,alcohol,Oxygenated organics,"InChI=1S/C8H14O2/c1-6(2)5-10-8(9)7(3)4/h6H,3,5H2,1-2,4H3",RUMACXVDVNRZJZ-UHFFFAOYSA-N
107,2-methylpropyl 2-methylprop-2-enoate,4.75,97-86-9,CC(C)COC(=O)C(=C)C,,,https://doi.org/10.1016/j.jhazmat.2025.138026,alcohol,Oxygenated organics,"InChI=1S/C8H14O2/c1-6(2)5-10-8(9)7(3)4/h6H,3,5H2,1-2,4H3",RUMACXVDVNRZJZ-UHFFFAOYSA-N
108,2-naphthalen-1-ylethanol,8.53,773-99-9,C1=CC=C2C(=C1)C=CC=C2CCO,,,https://doi.org/10.1016/j.jhazmat.2025.138087,cyclo,Aromatic & PAHs,"InChI=1S/C12H12O/c13-9-8-11-6-3-5-10-4-1-2-7-12(10)11/h1-7,13H,8-9H2",RXWNCMHRJCOWDK-UHFFFAOYSA-N
109,2-naphthalen-2-ylacetic acid,8.57,581-96-4,C1=CC=C2C=C(C=CC2=C1)CC(=O)O,,25,https://doi.org/10.1016/j.jhazmat.2025.137899,halogenated,Halogenated organics,"InChI=1S/C12H10O2/c13-12(14)8-9-5-6-10-3-1-2-4-11(10)7-9/h1-7H,8H2,(H,13,14)",VIBOGIYPPWLDTI-UHFFFAOYSA-N
110,"3,3'-dithiobis(propionate ion)",7.11,62574-16-7,O=C([O-])CCSSCCC([O-])=O.[Na+].[Na+],,,https://doi.org/10.2307/3574180,"sulfide, disulfide",Sulfur-containing organics,"InChI=1S/C6H10O4S2.2Na/c7-5(8)1-3-11-12-4-2-6(9)10;;/h1-4H2,(H,7,8)(H,9,10);;/q;2*+1/p-2",KZDMRBDDZKHDLP-UHFFFAOYSA-L
111,"3,3'-dithiobis(propionate ion)",7.11,62574-16-7,O=C([O-])CCSSCCC([O-])=O.[Na+].[Na+],6.8,,https://doi.org/10.1021/j100628a006,"sulfide, disulfide",Sulfur-containing organics,"InChI=1S/C6H10O4S2.2Na/c7-5(8)1-3-11-12-4-2-6(9)10;;/h1-4H2,(H,7,8)(H,9,10);;/q;2*+1/p-2",KZDMRBDDZKHDLP-UHFFFAOYSA-L
112,"3,3'-dithiobis(propionate ion)",7.48,62574-16-7,O=C([O-])CCSSCCC([O-])=O.[Na+].[Na+],11.5,,https://doi.org/10.1021/j100628a006,"sulfide, disulfide",Sulfur-containing organics,"InChI=1S/C6H10O4S2.2Na/c7-5(8)1-3-11-12-4-2-6(9)10;;/h1-4H2,(H,7,8)(H,9,10);;/q;2*+1/p-2",KZDMRBDDZKHDLP-UHFFFAOYSA-L
113,"3,4-Dichloroaniline",8.61,95-76-1,C1=CC(=C(C=C1N)Cl)Cl,,,https://doi.org/10.1039/C3EM00479A,halogenated,Halogenated organics,"InChI=1S/C6H5Cl2N/c7-5-2-1-4(9)3-6(5)8/h1-3H,9H2",SDYWXFYBZPNOFX-UHFFFAOYSA-N
114,"3,4-Dichloroaniline",8.61,95-76-1,C1=CC(=C(C=C1N)Cl)Cl,11,,https://doi.org/10.1021/es051236b,halogenated,Halogenated organics,"InChI=1S/C6H5Cl2N/c7-5-2-1-4(9)3-6(5)8/h1-3H,9H2",SDYWXFYBZPNOFX-UHFFFAOYSA-N
115,"3,4-Dichloroaniline",8.61,95-76-1,C1=CC(=C(C=C1N)Cl)Cl,,,https://doi.org/10.1016/j.chemosphere.2023.138793,halogenated,Halogenated organics,"InChI=1S/C6H5Cl2N/c7-5-2-1-4(9)3-6(5)8/h1-3H,9H2",SDYWXFYBZPNOFX-UHFFFAOYSA-N
116,"3,4-Dimethoxy-acetophenone",8.75,1131-62-0,COC(C(OC)=C1)=CC=C1C(C)=O,,,https://doi.org/10.1016/j.chemosphere.2023.140660,alcohol,Oxygenated organics,"InChI=1S/C10H12O3/c1-7(11)8-4-5-9(12-2)10(6-8)13-3/h4-6H,1-3H3",IQZLUWLMQNGTIW-UHFFFAOYSA-N
117,"3,4-Dimethoxy-acetophenone",8.75,1131-62-0,COC(C(OC)=C1)=CC=C1C(C)=O,12,,https://doi.org/10.1081/WCT-120018615,alcohol,Oxygenated organics,"InChI=1S/C10H12O3/c1-7(11)8-4-5-9(12-2)10(6-8)13-3/h4-6H,1-3H3",IQZLUWLMQNGTIW-UHFFFAOYSA-N
118,"3,4-Dimethoxy-phenylacetate",7.84,93-40-3,O=C(O)CC1=CC=C(OC)C(OC)=C1,12,,https://doi.org/10.1081/WCT-120018615,cyclo,Aromatic & PAHs,"InChI=1S/C10H12O4/c1-13-8-4-3-7(6-10(11)12)5-9(8)14-2/h3-5H,6H2,1-2H3,(H,11,12)",WUAXWQRULBZETB-UHFFFAOYSA-N
119,"3,4-Dimethoxybenzoate",6.6,34535-88-1,COC1=C(C=C(C=C1)C(=O)[O-])OC,12,,https://doi.org/10.1081/WCT-120018615,diol,Polyfunctional / highly functionalized,"InChI=1S/C9H10O4/c1-12-7-4-3-6(9(10)11)5-8(7)13-2/h3-5H,1-2H3,(H,10,11)/p-1",DAUAQNGYDSHRET-UHFFFAOYSA-M
120,"3,4-di-Methoxy-acetophenone",8.75,1131-62-0,COC(C(OC)=C1)=CC=C1C(C)=O,12,,https://doi.org/10.1081/WCT-120018615,alcohol,Oxygenated organics,"InChI=1S/C10H12O3/c1-7(11)8-4-5-9(12-2)10(6-8)13-3/h4-6H,1-3H3",IQZLUWLMQNGTIW-UHFFFAOYSA-N
121,"3,4-di-Methoxy-phenylacetic acid",7.84,93-40-3,O=C(O)CC1=CC=C(OC)C(OC)=C1,12,,https://doi.org/10.1081/WCT-120018615,cyclo,Aromatic & PAHs,"InChI=1S/C10H12O4/c1-13-8-4-3-7(6-10(11)12)5-9(8)14-2/h3-5H,6H2,1-2H3,(H,11,12)",WUAXWQRULBZETB-UHFFFAOYSA-N
122,"3,4-di-Methoxybenzoic acid",6.6,93-07-2,COC1=CC=C(C(O)=O)C=C1OC,12,,https://doi.org/10.1081/WCT-120018615,diol,Polyfunctional / highly functionalized,"InChI=1S/C9H10O4/c1-12-7-4-3-6(9(10)11)5-8(7)13-2/h3-5H,1-2H3,(H,10,11)",DAUAQNGYDSHRET-UHFFFAOYSA-N
123,"3,4-dichloroaniline",8.61,95-76-1,C1=CC(=C(C=C1N)Cl)Cl,,25,https://doi.org/10.1016/j.jhazmat.2025.137899,halogenated,Halogenated organics,"InChI=1S/C6H5Cl2N/c7-5-2-1-4(9)3-6(5)8/h1-3H,9H2",SDYWXFYBZPNOFX-UHFFFAOYSA-N
124,"3,4-dichloroaniline",8.61,95-76-1,C1=CC(=C(C=C1N)Cl)Cl,11.8,,https://doi.org/10.1021/es051236b,halogenated,Halogenated organics,"InChI=1S/C6H5Cl2N/c7-5-2-1-4(9)3-6(5)8/h1-3H,9H2",SDYWXFYBZPNOFX-UHFFFAOYSA-N
125,"3,4-dichloroaniline",8.69,95-76-1,C1=CC(=C(C=C1N)Cl)Cl,,,https://doi.org/10.1021/acs.est.6b00924,halogenated,Halogenated organics,"InChI=1S/C6H5Cl2N/c7-5-2-1-4(9)3-6(5)8/h1-3H,9H2",SDYWXFYBZPNOFX-UHFFFAOYSA-N
126,"3,5-di-Methoxyphenol",8.77,500-99-2,OC1=CC(OC)=CC(OC)=C1,12,,https://doi.org/10.1081/WCT-120018615,alcohol,Oxygenated organics,"InChI=1S/C8H10O3/c1-10-7-3-6(9)4-8(5-7)11-2/h3-5,9H,1-2H3",XQDNFAMOIPNVES-UHFFFAOYSA-N
127,"3-Carbamoyl-2,2,5,5-tetramethyl-3-pyrroline-1-yloxy",8.6,3229-73-0,[O]N(C(C)(C)C=C1C(N)=O)C1(C)C,10,,https://doi.org/10.1021/tx0342363,cyclo,Aromatic & PAHs,"InChI=1S/C9H15N2O2/c1-8(2)5-6(7(10)12)9(3,4)11(8)13/h5H,1-4H3,(H2,10,12)",RUEXQFPLRRIFTI-UHFFFAOYSA-N
128,3-Mercaptopropionate,7.48,107-96-0,C(CS)C(=O)[O-],7,,https://doi.org/10.2307/3574180,alkane,Aliphatic hydrocarbons,"InChI=1S/C3H6O2S/c4-3(5)1-2-6/h6H,1-2H2,(H,4,5)/p-1",DKIDEFUBRARXTE-UHFFFAOYSA-M
129,3-Mercaptopropionate,8.38,107-96-0,C(CS)C(=O)[O-],12,,https://doi.org/10.2307/3574180,alkane,Aliphatic hydrocarbons,"InChI=1S/C3H6O2S/c4-3(5)1-2-6/h6H,1-2H2,(H,4,5)/p-1",DKIDEFUBRARXTE-UHFFFAOYSA-M
130,3-Mercaptopropionate,8.38,107-96-0,C(CS)C(=O)[O-],12,,NIST,alkane,Aliphatic hydrocarbons,"InChI=1S/C3H6O2S/c4-3(5)1-2-6/h6H,1-2H2,(H,4,5)/p-1",DKIDEFUBRARXTE-UHFFFAOYSA-M
131,3-Mercaptopropionate,7.48,107-96-0,C(CS)C(=O)[O-],7,,NIST,alkane,Aliphatic hydrocarbons,"InChI=1S/C3H6O2S/c4-3(5)1-2-6/h6H,1-2H2,(H,4,5)/p-1",DKIDEFUBRARXTE-UHFFFAOYSA-M
132,3-Methoxyphenol,8.71,150-19-6,COC1=CC=CC(=C1)O,12,,https://doi.org/10.1081/WCT-120018615,alcohol,Oxygenated organics,"InChI=1S/C7H8O2/c1-9-7-4-2-3-6(8)5-7/h2-5,8H,1H3",ASHGTJPOSUFTGB-UHFFFAOYSA-N
133,3-Methoxyphenolate,8.71,51113-99-6,COC1=CC=CC(=C1)[O-],,,https://doi.org/10.1016/j.chemosphere.2023.140660,alcohol,Oxygenated organics,"InChI=1S/C7H8O2/c1-9-7-4-2-3-6(8)5-7/h2-5,8H,1H3/p-1",ASHGTJPOSUFTGB-UHFFFAOYSA-M
134,3-Methyl-1-propanamine,5.6,78-81-9,CC(CN)C,11.5,,NIST,alkane,Aliphatic hydrocarbons,"InChI=1S/C4H11N/c1-4(2)3-5/h4H,3,5H2,1-2H3",KDSNLYIMUZNERS-UHFFFAOYSA-N
135,3-Methylbenzoic acid,6.98,99-04-7,CC1=CC(C(O)=O)=CC=C1,,,https://doi.org/10.1016/j.jhazmat.2025.138032,cyclo,Aromatic & PAHs,"InChI=1S/C8H8O2/c1-6-3-2-4-7(5-6)8(9)10/h2-5H,1H3,(H,9,10)",GPSDUZXPYCFOSQ-UHFFFAOYSA-N
136,3-Methylindole,9.18,83-34-1,CC1=CNC2=CC=CC=C12,9.3,,NIST,cyclo,Aromatic & PAHs,"InChI=1S/C9H9N/c1-7-6-10-9-5-3-2-4-8(7)9/h2-6,10H,1H3",ZFRKQXVRDFCRJG-UHFFFAOYSA-N
137,3-Methylindole,9.18,83-34-1,CC1=CNC2=CC=CC=C12,,,https://doi.org/10.1016/j.jhazmat.2025.138146,cyclo,Aromatic & PAHs,"InChI=1S/C9H9N/c1-7-6-10-9-5-3-2-4-8(7)9/h2-6,10H,1H3",ZFRKQXVRDFCRJG-UHFFFAOYSA-N
138,3-Methylindole,9.18,83-34-1,CC1=CNC2=CC=CC=C12,9.3,,https://doi.org/10.1021/j100300a039,cyclo,Aromatic & PAHs,"InChI=1S/C9H9N/c1-7-6-10-9-5-3-2-4-8(7)9/h2-6,10H,1H3",ZFRKQXVRDFCRJG-UHFFFAOYSA-N
139,3-Methylindole,9.18,83-34-1,CC1=CNC2=CC=CC=C12,,,https://doi.org/10.1039/C3EM00479A,cyclo,Aromatic & PAHs,"InChI=1S/C9H9N/c1-7-6-10-9-5-3-2-4-8(7)9/h2-6,10H,1H3",ZFRKQXVRDFCRJG-UHFFFAOYSA-N
140,3-Phenylpropanoic acid,6.96,501-52-0,C1=CC=C(C=C1)CCC(=O)O,,25,https://doi.org/10.1016/j.jhazmat.2025.137899,halogenated,Halogenated organics,"InChI=1S/C9H10O2/c10-9(11)7-6-8-4-2-1-3-5-8/h1-5H,6-7H2,(H,10,11)",XMIIGOLPHOKFCH-UHFFFAOYSA-N
141,3-Phenylpropanoic acid,6.96,501-52-0,C1=CC=C(C=C1)CCC(=O)O,,,https://doi.org/10.1016/j.jhazmat.2025.138034,halogenated,Halogenated organics,"InChI=1S/C9H10O2/c10-9(11)7-6-8-4-2-1-3-5-8/h1-5H,6-7H2,(H,10,11)",XMIIGOLPHOKFCH-UHFFFAOYSA-N
142,3-acetyloxypropyl acetate,4.49,628-66-0,CC(=O)OCCCOC(=O)C,,25,https://doi.org/10.1016/j.jhazmat.2025.137899,diol,Polyfunctional / highly functionalized,"InChI=1S/C7H12O4/c1-6(8)10-4-3-5-11-7(2)9/h3-5H2,1-2H3",DSVGICPKBRQDDX-UHFFFAOYSA-N
143,3-acetyloxypropyl acetate,4.49,628-66-0,CC(=O)OCCCOC(=O)C,,,https://doi.org/10.1016/j.jhazmat.2025.138020,diol,Polyfunctional / highly functionalized,"InChI=1S/C7H12O4/c1-6(8)10-4-3-5-11-7(2)9/h3-5H2,1-2H3",DSVGICPKBRQDDX-UHFFFAOYSA-N
144,3-aminophthalhydrazide,8.9,521-31-3,C1=CC2=C(C(=C1)N)C(=O)NNC2=O,,,NIST,cyclo,Aromatic & PAHs,"InChI=1S/C8H7N3O2/c9-5-3-1-2-4-6(5)8(13)11-10-7(4)12/h1-3H,9H2,(H,10,12)(H,11,13)",HWYHZTIRURJOHG-UHFFFAOYSA-N
145,3-chloroaniline,8.63,108-42-9,C1=CC(=CC(=C1)Cl)N,,25,https://doi.org/10.1016/j.jhazmat.2025.137899,halogenated,Halogenated organics,"InChI=1S/C6H6ClN/c7-5-2-1-3-6(8)4-5/h1-4H,8H2",PNPCRKVUWYDDST-UHFFFAOYSA-N
146,3-chloroaniline,8.71,108-42-9,C1=CC(=CC(=C1)Cl)N,,,https://doi.org/10.1021/acs.est.6b00924,halogenated,Halogenated organics,"InChI=1S/C6H6ClN/c7-5-2-1-3-6(8)4-5/h1-4H,8H2",PNPCRKVUWYDDST-UHFFFAOYSA-N
147,3-chloroaniline,8.63,108-42-9,C1=CC(=CC(=C1)Cl)N,,,https://doi.org/10.1016/j.jhazmat.2025.138139,halogenated,Halogenated organics,"InChI=1S/C6H6ClN/c7-5-2-1-3-6(8)4-5/h1-4H,8H2",PNPCRKVUWYDDST-UHFFFAOYSA-N
148,3-methylaniline,8.99,108-39-4,CC1=CC(=CC=C1)N,,,https://doi.org/10.1021/acs.est.6b00924,alkane,Aliphatic hydrocarbons,"InChI=1S/C7H9N/c1-6-3-2-4-7(8)5-6/h2-5H,8H2,1H3",JJYPMNFTHPTTDI-UHFFFAOYSA-N
149,3-methylphenol,8.4,108-39-4,CC1=CC(=CC=C1)O,,,https://doi.org/10.1016/j.jhazmat.2025.138086,alkane,Aliphatic hydrocarbons,"InChI=1S/C7H8O/c1-6-3-2-4-7(8)5-6/h2-5,8H,1H3",RLSSMJSEOOYNOY-UHFFFAOYSA-N
150,3-pentanol,6.73,584-02-1,CCC(CC)O,,,https://doi.org/10.1016/j.jhazmat.2025.138071,alkane,Aliphatic hydrocarbons,"InChI=1S/C5H12O/c1-3-5(6)4-2/h5-6H,3-4H2,1-2H3",AQIXEPGDORPWBJ-UHFFFAOYSA-N
151,"4,4′-DIPHENOQUINONE",6,494-72-4,O=C(C=C/1)C=CC1=C2C=CC(C=C\2)=O,12,,NIST,halogenated,Halogenated organics,InChI=1S/C12H8O2/c13-11-5-1-9(2-6-11)10-3-7-12(14)8-4-10/h1-8H,DDTHMESPCBONDT-UHFFFAOYSA-N
152,"4,6-di-Chlororesorcinol",9,137-19-9,OC1=C(Cl)C=C(Cl)C(O)=C1,12,,https://doi.org/10.1016/j.chemosphere.2023.140660,alcohol,Oxygenated organics,"InChI=1S/C6H4Cl2O2/c7-3-1-4(8)6(10)2-5(3)9/h1-2,9-10H",GRLQBYQELUWBIO-UHFFFAOYSA-N
153,4-(2-Hydroxyethyl)phenol,8.52,501-94-0,C1=CC(=CC=C1CCO)O,,,https://doi.org/10.1016/j.jhazmat.2025.138080,halogenated,Halogenated organics,"InChI=1S/C8H10O2/c9-6-5-7-1-3-8(10)4-2-7/h1-4,9-10H,5-6H2",YCCILVSKPBXVIP-UHFFFAOYSA-N
154,4-(Dimethylamino)nitrosobenzene,8.72,138-89-6,CN(C)C1=CC=C(C=C1)N=O,,,NIST,halogenated,Halogenated organics,"InChI=1S/C8H10N2O/c1-10(2)8-5-3-7(9-11)4-6-8/h3-6H,1-2H3",CMEWLCATCRTSGF-UHFFFAOYSA-N
155,4-Acetamidophenoxide ion,9.28,16958-94-4,CC(NC1=CC=C(O)C=C1)=O.[NaH],12.7,,NIST,alkane,Aliphatic hydrocarbons,"InChI=1S/C8H9NO2.Na.H/c1-6(10)9-7-2-4-8(11)5-3-7;;/h2-5,11H,1H3,(H,9,10);;",BSZKFFWNCOAJJL-UHFFFAOYSA-N
156,4-Aminobenzenesulfonate,8.38,22484-64-6,C1=CC(=CC=C1N)S(=O)(=O)[O-],11,,https://doi.org/10.1021/es051236b,"sulfide, disulfide",Sulfur-containing organics,"InChI=1S/C6H7NO3S/c7-5-1-3-6(4-2-5)11(8,9)10/h1-4H,7H2,(H,8,9,10)/p-1",HVBSAKJJOYLTQU-UHFFFAOYSA-M
157,4-Aminobenzenesulfonate,7.94,22484-64-6,C1=CC(=CC=C1N)S(=O)(=O)[O-],11,,https://doi.org/10.1021/es051236b,"sulfide, disulfide",Sulfur-containing organics,"InChI=1S/C6H7NO3S/c7-5-1-3-6(4-2-5)11(8,9)10/h1-4H,7H2,(H,8,9,10)/p-1",HVBSAKJJOYLTQU-UHFFFAOYSA-M
158,4-Aminobenzenesulfonate,7.94,22484-64-6,C1=CC(=CC=C1N)S(=O)(=O)[O-],,,https://doi.org/10.1021/acs.est.6b00924,"sulfide, disulfide",Sulfur-containing organics,"InChI=1S/C6H7NO3S/c7-5-1-3-6(4-2-5)11(8,9)10/h1-4H,7H2,(H,8,9,10)/p-1",HVBSAKJJOYLTQU-UHFFFAOYSA-M
159,4-Aminobenzenesulfonate,8.38,22484-64-6,C1=CC(=CC=C1N)S(=O)(=O)[O-],,,https://doi.org/10.1021/es051236b,"sulfide, disulfide",Sulfur-containing organics,"InChI=1S/C6H7NO3S/c7-5-1-3-6(4-2-5)11(8,9)10/h1-4H,7H2,(H,8,9,10)/p-1",HVBSAKJJOYLTQU-UHFFFAOYSA-M
160,4-Aminobenzenesulfonate,7.94,22484-64-6,C1=CC(=CC=C1N)S(=O)(=O)[O-],11.8,,https://doi.org/10.1021/es051236b,"sulfide, disulfide",Sulfur-containing organics,"InChI=1S/C6H7NO3S/c7-5-1-3-6(4-2-5)11(8,9)10/h1-4H,7H2,(H,8,9,10)/p-1",HVBSAKJJOYLTQU-UHFFFAOYSA-M
161,4-Aminobenzoate,8.28,2906-28-7,C1=CC(=CC=C1C(=O)[O-])N,9,,https://doi.org/10.1002/etc.5620190605,halogenated,Halogenated organics,"InChI=1S/C7H7NO2/c8-6-3-1-5(2-4-6)7(9)10/h1-4H,8H2,(H,9,10)/p-1",ALYNCZNDIQEVRV-UHFFFAOYSA-M
162,4-Aminobenzoate,8.3,2906-28-7,C1=CC(=CC=C1C(=O)[O-])N,8.5,,https://doi.org/10.1007/BF02841982,halogenated,Halogenated organics,"InChI=1S/C7H7NO2/c8-6-3-1-5(2-4-6)7(9)10/h1-4H,8H2,(H,9,10)/p-1",ALYNCZNDIQEVRV-UHFFFAOYSA-M
163,4-Aminobenzoate,8.3,2906-28-7,C1=CC(=CC=C1C(=O)[O-])N,8.5,,NIST,halogenated,Halogenated organics,"InChI=1S/C7H7NO2/c8-6-3-1-5(2-4-6)7(9)10/h1-4H,8H2,(H,9,10)/p-1",ALYNCZNDIQEVRV-UHFFFAOYSA-M
164,4-Bromoaniline,8.58,106-40-1,C1=CC(=CC=C1N)Br,8.5,,https://doi.org/10.1007/BF02841982,halogenated,Halogenated organics,"InChI=1S/C6H6BrN/c7-5-1-3-6(8)4-2-5/h1-4H,8H2",WDFQBORIUYODSI-UHFFFAOYSA-N
165,4-Bromoaniline,8.46,106-40-1,C1=CC(=CC=C1N)Br,,,https://doi.org/10.1021/acs.est.6b00924,halogenated,Halogenated organics,"InChI=1S/C6H6BrN/c7-5-1-3-6(8)4-2-5/h1-4H,8H2",WDFQBORIUYODSI-UHFFFAOYSA-N
166,4-Bromoaniline,8.58,106-40-1,C1=CC(=CC=C1N)Br,,,https://doi.org/10.1021/acs.est.6b00924,halogenated,Halogenated organics,"InChI=1S/C6H6BrN/c7-5-1-3-6(8)4-2-5/h1-4H,8H2",WDFQBORIUYODSI-UHFFFAOYSA-N
167,4-Bromophenol,8.26,106-41-2,C1=CC(=CC=C1O)Br,,,10.1007/s11356-016-6561-0,halogenated,Halogenated organics,"InChI=1S/C6H5BrO/c7-5-1-3-6(8)4-2-5/h1-4,8H",GZFGOTFRPZRKDS-UHFFFAOYSA-N
168,4-Bromophenol,8.26,106-41-2,C1=CC(=CC=C1O)Br,12.2,,https://doi.org/10.1016/j.chemosphere.2023.140660,halogenated,Halogenated organics,"InChI=1S/C6H5BrO/c7-5-1-3-6(8)4-2-5/h1-4,8H",GZFGOTFRPZRKDS-UHFFFAOYSA-N
169,4-Bromophenolate,7.72,7003-65-8,C1=CC(=CC=C1[O-])Br,,,https://doi.org/10.1039/C6EM00580B,halogenated,Halogenated organics,"InChI=1S/C6H5BrO/c7-5-1-3-6(8)4-2-5/h1-4,8H/p-1",GZFGOTFRPZRKDS-UHFFFAOYSA-M
170,4-Bromophenolate,8.26,7003-65-8,C1=CC(=CC=C1[O-])Br,12.2,,https://doi.org/10.1080/09553007714550691,halogenated,Halogenated organics,"InChI=1S/C6H5BrO/c7-5-1-3-6(8)4-2-5/h1-4,8H/p-1",GZFGOTFRPZRKDS-UHFFFAOYSA-M
171,4-Bromophenolate,8.26,7003-65-8,C1=CC(=CC=C1[O-])Br,12.2,,NIST,halogenated,Halogenated organics,"InChI=1S/C6H5BrO/c7-5-1-3-6(8)4-2-5/h1-4,8H/p-1",GZFGOTFRPZRKDS-UHFFFAOYSA-M
172,4-Carboxyphenol,7.97,99-96-7,C1=CC(=CC=C1C(=O)O)O,,,https://doi.org/10.1039/C6EM00580B,halogenated,Halogenated organics,"InChI=1S/C7H6O3/c8-6-3-1-5(2-4-6)7(9)10/h1-4,8H,(H,9,10)",FJKROLUGYXJWQN-UHFFFAOYSA-N
173,4-Carboxyphenolate,9.21,456-23-5,C1=CC(=CC=C1C(=O)O)[O-],,,https://doi.org/10.1039/C6EM00580B,halogenated,Halogenated organics,"InChI=1S/C7H6O3/c8-6-3-1-5(2-4-6)7(9)10/h1-4,8H,(H,9,10)/p-1",FJKROLUGYXJWQN-UHFFFAOYSA-M
174,4-Carboxyphenolate,7.9,456-23-5,C1=CC(=CC=C1C(=O)O)[O-],,,https://doi.org/10.1016/j.chemosphere.2023.138793,halogenated,Halogenated organics,"InChI=1S/C7H6O3/c8-6-3-1-5(2-4-6)7(9)10/h1-4,8H,(H,9,10)/p-1",FJKROLUGYXJWQN-UHFFFAOYSA-M
175,4-Carboxyphenolate,8.02,456-23-5,C1=CC(=CC=C1C(=O)O)[O-],11.8,,https://doi.org/10.1021/es051236b,halogenated,Halogenated organics,"InChI=1S/C7H6O3/c8-6-3-1-5(2-4-6)7(9)10/h1-4,8H,(H,9,10)/p-1",FJKROLUGYXJWQN-UHFFFAOYSA-M
176,4-Carboxyphenolate,7.9,456-23-5,C1=CC(=CC=C1C(=O)O)[O-],,,https://doi.org/10.1021/es051236b,halogenated,Halogenated organics,"InChI=1S/C7H6O3/c8-6-3-1-5(2-4-6)7(9)10/h1-4,8H,(H,9,10)/p-1",FJKROLUGYXJWQN-UHFFFAOYSA-M
177,4-Chloroaniline,8.79,106-47-8,C1=CC(=CC=C1N)Cl,,,https://doi.org/10.1016/j.watres.2021.117867,halogenated,Halogenated organics,"InChI=1S/C6H6ClN/c7-5-1-3-6(8)4-2-5/h1-4H,8H2",QSNSCYSYFYORTR-UHFFFAOYSA-N
178,4-Chloroaniline,8.71,106-47-8,C1=CC(=CC=C1N)Cl,,,https://doi.org/10.1039/C3EM00479A,halogenated,Halogenated organics,"InChI=1S/C6H6ClN/c7-5-1-3-6(8)4-2-5/h1-4H,8H2",QSNSCYSYFYORTR-UHFFFAOYSA-N
179,4-Chloroaniline,8.63,106-47-8,C1=CC(=CC=C1N)Cl,8.5,,https://doi.org/10.1007/BF02841982,halogenated,Halogenated organics,"InChI=1S/C6H6ClN/c7-5-1-3-6(8)4-2-5/h1-4H,8H2",QSNSCYSYFYORTR-UHFFFAOYSA-N
180,4-Chloroaniline,8.69,106-47-8,C1=CC(=CC=C1N)Cl,8.5–11.0,,https://doi.org/10.1016/j.chemosphere.2023.140660,halogenated,Halogenated organics,"InChI=1S/C6H6ClN/c7-5-1-3-6(8)4-2-5/h1-4H,8H2",QSNSCYSYFYORTR-UHFFFAOYSA-N
181,4-Chloroaniline,8.63,106-47-8,C1=CC(=CC=C1N)Cl,8.5,,NIST,halogenated,Halogenated organics,"InChI=1S/C6H6ClN/c7-5-1-3-6(8)4-2-5/h1-4H,8H2",QSNSCYSYFYORTR-UHFFFAOYSA-N
182,4-Chloroaniline,8.79,106-47-8,C1=CC(=CC=C1N)Cl,11,,https://doi.org/10.1021/es051236b,halogenated,Halogenated organics,"InChI=1S/C6H6ClN/c7-5-1-3-6(8)4-2-5/h1-4H,8H2",QSNSCYSYFYORTR-UHFFFAOYSA-N
183,4-Chloroaniline,8.63,106-47-8,C1=CC(=CC=C1N)Cl,9,,https://doi.org/10.1002/etc.5620190605,halogenated,Halogenated organics,"InChI=1S/C6H6ClN/c7-5-1-3-6(8)4-2-5/h1-4H,8H2",QSNSCYSYFYORTR-UHFFFAOYSA-N
184,4-Chloroaniline,8.63,106-47-8,C1=CC(=CC=C1N)Cl,,,https://doi.org/10.1021/acs.est.6b00924,halogenated,Halogenated organics,"InChI=1S/C6H6ClN/c7-5-1-3-6(8)4-2-5/h1-4H,8H2",QSNSCYSYFYORTR-UHFFFAOYSA-N
185,4-Chlorobenzoate,7.11,74-11-3,ClC1=CC=C(C(O)=O)C=C1,6.5,,https://doi.org/10.1016/j.cej.2014.05.088,cyclo,Aromatic & PAHs,"InChI=1S/C7H5ClO2/c8-6-3-1-5(2-4-6)7(9)10/h1-4H,(H,9,10)",XRHGYUZYPHTUJZ-UHFFFAOYSA-N
186,4-Chlorophenol,8.28,106-48-9,C1=CC(=CC=C1O)Cl,,,10.1007/s11356-016-6561-0,halogenated,Halogenated organics,"InChI=1S/C6H5ClO/c7-5-1-3-6(8)4-2-5/h1-4,8H",WXNZTHHGJRFXKQ-UHFFFAOYSA-N
187,4-Chlorophenol,8.54,106-48-9,C1=CC(=CC=C1O)Cl,11,,https://doi.org/10.1021/es051236b,halogenated,Halogenated organics,"InChI=1S/C6H5ClO/c7-5-1-3-6(8)4-2-5/h1-4,8H",WXNZTHHGJRFXKQ-UHFFFAOYSA-N
188,4-Chlorophenol,8.28,106-48-9,C1=CC(=CC=C1O)Cl,12.2,,https://doi.org/10.1016/j.chemosphere.2023.140660,halogenated,Halogenated organics,"InChI=1S/C6H5ClO/c7-5-1-3-6(8)4-2-5/h1-4,8H",WXNZTHHGJRFXKQ-UHFFFAOYSA-N
189,4-Chlorophenol,8.43,106-48-9,C1=CC(=CC=C1O)Cl,11.0–12.2,,https://doi.org/10.1002/kin.550230606,halogenated,Halogenated organics,"InChI=1S/C6H5ClO/c7-5-1-3-6(8)4-2-5/h1-4,8H",WXNZTHHGJRFXKQ-UHFFFAOYSA-N
190,4-Chlorophenoxide,8.43,24573-38-4,ClC1=CC=C([O-])C=C1,,,https://doi.org/10.1039/C6EM00580B,cyclo,Aromatic & PAHs,"InChI=1S/C6H5ClO/c7-5-1-3-6(8)4-2-5/h1-4,8H/p-1",WXNZTHHGJRFXKQ-UHFFFAOYSA-M
191,4-Chlorophenoxide,8.43,24573-38-4,ClC1=CC=C([O-])C=C1,,,https://doi.org/10.1016/j.chemosphere.2023.140660,cyclo,Aromatic & PAHs,"InChI=1S/C6H5ClO/c7-5-1-3-6(8)4-2-5/h1-4,8H/p-1",WXNZTHHGJRFXKQ-UHFFFAOYSA-M
192,4-Chlorophenoxide,8.28,24573-38-4,ClC1=CC=C([O-])C=C1,12.2,,https://doi.org/10.1080/09553007714550691,cyclo,Aromatic & PAHs,"InChI=1S/C6H5ClO/c7-5-1-3-6(8)4-2-5/h1-4,8H/p-1",WXNZTHHGJRFXKQ-UHFFFAOYSA-M
193,4-Chlorophenoxide,8.28,24573-38-4,ClC1=CC=C([O-])C=C1,12.2,,NIST,cyclo,Aromatic & PAHs,"InChI=1S/C6H5ClO/c7-5-1-3-6(8)4-2-5/h1-4,8H/p-1",WXNZTHHGJRFXKQ-UHFFFAOYSA-M
194,4-Chlorophenoxide,8.54,24573-38-4,ClC1=CC=C([O-])C=C1,11.8,,https://doi.org/10.1021/es051236b,cyclo,Aromatic & PAHs,"InChI=1S/C6H5ClO/c7-5-1-3-6(8)4-2-5/h1-4,8H/p-1",WXNZTHHGJRFXKQ-UHFFFAOYSA-M
195,4-Chlorophenoxide,8.28,24573-38-4,ClC1=CC=C([O-])C=C1,,,https://doi.org/10.1016/j.chemosphere.2023.138793,cyclo,Aromatic & PAHs,"InChI=1S/C6H5ClO/c7-5-1-3-6(8)4-2-5/h1-4,8H/p-1",WXNZTHHGJRFXKQ-UHFFFAOYSA-M
196,4-Cyanoaniline,8.08,873-74-5,C1=CC(=CC=C1C#N)N,,,https://doi.org/10.1039/C3EM00479A,halogenated,Halogenated organics,"InChI=1S/C7H6N2/c8-5-6-1-3-7(9)4-2-6/h1-4H,9H2",YBAZINRZQSAIAY-UHFFFAOYSA-N
197,4-Cyanoaniline,8.26,873-74-5,C1=CC(=CC=C1C#N)N,,,https://doi.org/10.1016/j.chemosphere.2023.138793,halogenated,Halogenated organics,"InChI=1S/C7H6N2/c8-5-6-1-3-7(9)4-2-6/h1-4H,9H2",YBAZINRZQSAIAY-UHFFFAOYSA-N
198,4-Cyanoaniline,8.08,873-74-5,C1=CC(=CC=C1C#N)N,11,,https://doi.org/10.1021/es051236b,halogenated,Halogenated organics,"InChI=1S/C7H6N2/c8-5-6-1-3-7(9)4-2-6/h1-4H,9H2",YBAZINRZQSAIAY-UHFFFAOYSA-N
199,4-Cyanophenol,7.84,767-00-0,C1=CC(=CC=C1C#N)O,11.4,,https://doi.org/10.1002/kin.550230606,halogenated,Halogenated organics,"InChI=1S/C7H5NO/c8-5-6-1-3-7(9)4-2-6/h1-4,9H",CVNOWLNNPYYEOH-UHFFFAOYSA-N
200,4-Cyanophenol,7.6,767-00-0,C1=CC(=CC=C1C#N)O,,,https://doi.org/10.1016/j.watres.2015.01.011,halogenated,Halogenated organics,"InChI=1S/C7H5NO/c8-5-6-1-3-7(9)4-2-6/h1-4,9H",CVNOWLNNPYYEOH-UHFFFAOYSA-N
201,4-Cyanophenol,7.6,767-00-0,C1=CC(=CC=C1C#N)O,11,,https://doi.org/10.1002/kin.550230606,halogenated,Halogenated organics,"InChI=1S/C7H5NO/c8-5-6-1-3-7(9)4-2-6/h1-4,9H",CVNOWLNNPYYEOH-UHFFFAOYSA-N
202,4-Cyanophenol,7.74,767-00-0,C1=CC(=CC=C1C#N)O,11.0–11.4,,https://doi.org/10.1016/j.chemosphere.2023.140660,halogenated,Halogenated organics,"InChI=1S/C7H5NO/c8-5-6-1-3-7(9)4-2-6/h1-4,9H",CVNOWLNNPYYEOH-UHFFFAOYSA-N
203,4-cyanoaniline,8.08,873-74-5,C1=CC(=CC=C1C#N)N,,,https://doi.org/10.1021/acs.est.6b00924,halogenated,Halogenated organics,"InChI=1S/C7H6N2/c8-5-6-1-3-7(9)4-2-6/h1-4H,9H2",YBAZINRZQSAIAY-UHFFFAOYSA-N
204,4-cyanoaniline,8.46,873-74-5,C1=CC(=CC=C1C#N)N,,,https://doi.org/10.1021/acs.est.6b00924,halogenated,Halogenated organics,"InChI=1S/C7H6N2/c8-5-6-1-3-7(9)4-2-6/h1-4H,9H2",YBAZINRZQSAIAY-UHFFFAOYSA-N
205,4-cyanoaniline,8.08,873-74-5,C1=CC(=CC=C1C#N)N,11.8,,https://doi.org/10.1021/es051236b,halogenated,Halogenated organics,"InChI=1S/C7H6N2/c8-5-6-1-3-7(9)4-2-6/h1-4H,9H2",YBAZINRZQSAIAY-UHFFFAOYSA-N
206,4-cyanoaniline,8.26,873-74-5,C1=CC(=CC=C1C#N)N,,,https://doi.org/10.1021/es051236b,halogenated,Halogenated organics,"InChI=1S/C7H6N2/c8-5-6-1-3-7(9)4-2-6/h1-4H,9H2",YBAZINRZQSAIAY-UHFFFAOYSA-N
207,4-Cyanophenolate ion,8.92,14609-76-8,N#CC1=CC=C([O-])C=C1,,,https://doi.org/10.1039/C6EM00580B,cyclo,Aromatic & PAHs,"InChI=1S/C7H5NO/c8-5-6-1-3-7(9)4-2-6/h1-4,9H/p-1",CVNOWLNNPYYEOH-UHFFFAOYSA-M
208,4-Cyanophenolate ion,7.74,14609-76-8,N#CC1=CC=C([O-])C=C1,,,https://doi.org/10.1016/j.chemosphere.2023.140660,cyclo,Aromatic & PAHs,"InChI=1S/C7H5NO/c8-5-6-1-3-7(9)4-2-6/h1-4,9H/p-1",CVNOWLNNPYYEOH-UHFFFAOYSA-M
209,4-Cyanophenolate ion,7.6,14609-76-8,N#CC1=CC=C([O-])C=C1,,,https://doi.org/10.1016/j.chemosphere.2023.138793,cyclo,Aromatic & PAHs,"InChI=1S/C7H5NO/c8-5-6-1-3-7(9)4-2-6/h1-4,9H/p-1",CVNOWLNNPYYEOH-UHFFFAOYSA-M
210,4-Cyanophenolate ion,7.6,14609-76-8,N#CC1=CC=C([O-])C=C1,11.8,,https://doi.org/10.1021/es051236b,cyclo,Aromatic & PAHs,"InChI=1S/C7H5NO/c8-5-6-1-3-7(9)4-2-6/h1-4,9H/p-1",CVNOWLNNPYYEOH-UHFFFAOYSA-M
211,4-Cyanophenolate ion,7.81,14609-76-8,N#CC1=CC=C([O-])C=C1,,,https://doi.org/10.1021/es051236b,cyclo,Aromatic & PAHs,"InChI=1S/C7H5NO/c8-5-6-1-3-7(9)4-2-6/h1-4,9H/p-1",CVNOWLNNPYYEOH-UHFFFAOYSA-M
212,4-Cyanophenolate ion,7.81,14609-76-8,N#CC1=CC=C([O-])C=C1,11.4,,NIST,cyclo,Aromatic & PAHs,"InChI=1S/C7H5NO/c8-5-6-1-3-7(9)4-2-6/h1-4,9H/p-1",CVNOWLNNPYYEOH-UHFFFAOYSA-M
213,4-Fluoroaniline,8.79,371-40-4,C1=CC(=CC=C1N)F,8.5,,https://doi.org/10.1007/BF02841982,halogenated,Halogenated organics,"InChI=1S/C6H6FN/c7-5-1-3-6(8)4-2-5/h1-4H,8H2",KRZCOLNOCZKSDF-UHFFFAOYSA-N
214,4-Fluoroaniline,8.79,371-40-4,C1=CC(=CC=C1N)F,8.5,,NIST,halogenated,Halogenated organics,"InChI=1S/C6H6FN/c7-5-1-3-6(8)4-2-5/h1-4H,8H2",KRZCOLNOCZKSDF-UHFFFAOYSA-N
215,"4-Hydroxy-2,2,6,6-tetramethylpiperidine-1-oxyl",8.6,2226-96-2,CC1(CC(CC(N1[O])(C)C)O)C,10,,https://doi.org/10.1021/tx0342363,alkane,Aliphatic hydrocarbons,"InChI=1S/C9H18NO2/c1-8(2)5-7(11)6-9(3,4)10(8)12/h7,11H,5-6H2,1-4H3",UZFMOKQJFYMBGY-UHFFFAOYSA-N
216,4-Hydroxy-3-methoxybenzaldehyde,8.07,121-33-5,COC1=C(C=CC(=C1)C=O)O,,,https://doi.org/10.1039/C6EM00580B,diol,Polyfunctional / highly functionalized,"InChI=1S/C8H8O3/c1-11-8-4-6(5-9)2-3-7(8)10/h2-5,10H,1H3",MWOOGOJBHIARFG-UHFFFAOYSA-N
217,4-Hydroxy-phenylacetate,8.78,156-38-7,O=C(O)CC1=CC=C(O)C=C1,11,,https://doi.org/10.1021/es051236b,cyclo,Aromatic & PAHs,"InChI=1S/C8H8O3/c9-7-3-1-6(2-4-7)5-8(10)11/h1-4,9H,5H2,(H,10,11)",XQXPVVBIMDBYFF-UHFFFAOYSA-N
218,4-Hydroxy-phenylacetate,8.78,156-38-7,O=C(O)CC1=CC=C(O)C=C1,,,https://doi.org/10.1016/j.chemosphere.2023.140660,cyclo,Aromatic & PAHs,"InChI=1S/C8H8O3/c9-7-3-1-6(2-4-7)5-8(10)11/h1-4,9H,5H2,(H,10,11)",XQXPVVBIMDBYFF-UHFFFAOYSA-N
219,4-Hydroxybenzoate,8,178042-54-1,C1=CC(=CC=C1C(=O)O)O,,,https://doi.org/10.1016/j.crci.2008.09.024,halogenated,Halogenated organics,"InChI=1S/C7H6O3/c8-6-3-1-5(2-4-6)7(9)10/h1-4,8H,(H,9,10)",FJKROLUGYXJWQN-UHFFFAOYSA-N
220,4-Hydroxybenzoate,7.95,178042-54-1,C1=CC(=CC=C1C(=O)O)O,12.2,,https://doi.org/10.1016/j.chemosphere.2023.140660,halogenated,Halogenated organics,"InChI=1S/C7H6O3/c8-6-3-1-5(2-4-6)7(9)10/h1-4,8H,(H,9,10)",FJKROLUGYXJWQN-UHFFFAOYSA-N
221,4-Hydroxybenzoate,7.9,178042-54-1,C1=CC(=CC=C1C(=O)O)O,12.2,,https://doi.org/10.1016/j.chemosphere.2023.140660,halogenated,Halogenated organics,"InChI=1S/C7H6O3/c8-6-3-1-5(2-4-6)7(9)10/h1-4,8H,(H,9,10)",FJKROLUGYXJWQN-UHFFFAOYSA-N
222,4-Hydroxybenzoate,8.02,178042-54-1,C1=CC(=CC=C1C(=O)O)O,,,https://doi.org/10.1016/j.chemosphere.2023.140660,halogenated,Halogenated organics,"InChI=1S/C7H6O3/c8-6-3-1-5(2-4-6)7(9)10/h1-4,8H,(H,9,10)",FJKROLUGYXJWQN-UHFFFAOYSA-N
223,4-Hydroxybenzoate ion,7.9,456-23-5,C1=CC(=CC=C1C(=O)O)[O-],12.2,,NIST,halogenated,Halogenated organics,"InChI=1S/C7H6O3/c8-6-3-1-5(2-4-6)7(9)10/h1-4,8H,(H,9,10)/p-1",FJKROLUGYXJWQN-UHFFFAOYSA-M
224,4-hydroxybenzoate ion,7.9,456-23-5,C1=CC(=CC=C1C(=O)O)[O-],12.2,,https://doi.org/10.1080/09553007714550691,halogenated,Halogenated organics,"InChI=1S/C7H6O3/c8-6-3-1-5(2-4-6)7(9)10/h1-4,8H,(H,9,10)/p-1",FJKROLUGYXJWQN-UHFFFAOYSA-M
225,4-Hydroxybenzoic acid,8.19,99-96-7,C1=CC(=CC=C1C(=O)O)O,,25,https://doi.org/10.1016/j.jhazmat.2025.137899,halogenated,Halogenated organics,"InChI=1S/C7H6O3/c8-6-3-1-5(2-4-6)7(9)10/h1-4,8H,(H,9,10)",FJKROLUGYXJWQN-UHFFFAOYSA-N
226,4-Hydroxybenzoic acid,6.43,99-96-7,C1=CC(=CC=C1C(=O)O)O,,25,https://doi.org/10.1016/j.jhazmat.2025.137899,halogenated,Halogenated organics,"InChI=1S/C7H6O3/c8-6-3-1-5(2-4-6)7(9)10/h1-4,8H,(H,9,10)",FJKROLUGYXJWQN-UHFFFAOYSA-N
227,4-Hydroxyphenylacetate,8.78,114-75-0,CC(=O)OC1=CC=C(C=C1)O,,,https://doi.org/10.1039/C6EM00580B,alcohol,Oxygenated organics,"InChI=1S/C8H8O3/c1-6(9)11-8-4-2-7(10)3-5-8/h2-5,10H,1H3",HBMCQTHGYMTCOF-UHFFFAOYSA-N
228,4-Hydroxyphenylacetate,8.78,114-75-0,CC(=O)OC1=CC=C(C=C1)O,11.8,,https://doi.org/10.1021/es051236b,alcohol,Oxygenated organics,"InChI=1S/C8H8O3/c1-6(9)11-8-4-2-7(10)3-5-8/h2-5,10H,1H3",HBMCQTHGYMTCOF-UHFFFAOYSA-N
229,4-Isobutylacetophenone,5,38861-78-8,CC(C)CC1=CC=C(C=C1)C(=O)C,,,https://doi.org/10.1016/j.jhazmat.2025.137972,alkane,Aliphatic hydrocarbons,"InChI=1S/C12H16O/c1-9(2)8-11-4-6-12(7-5-11)10(3)13/h4-7,9H,8H2,1-3H3",KEAGRYYGYWZVPC-UHFFFAOYSA-N
230,4-Methoxyaniline,9.28,104-94-9,COC1=CC=C(C=C1)N,9,,https://doi.org/10.1002/etc.5620190605,alcohol,Oxygenated organics,"InChI=1S/C7H9NO/c1-9-7-4-2-6(8)3-5-7/h2-5H,8H2,1H3",BHAAPTBBJKJZER-UHFFFAOYSA-N
231,4-methoxyaniline,9.41,104-94-9,COC1=CC=C(C=C1)N,,,https://doi.org/10.1021/acs.est.6b00924,alcohol,Oxygenated organics,"InChI=1S/C7H9NO/c1-9-7-4-2-6(8)3-5-7/h2-5H,8H2,1H3",BHAAPTBBJKJZER-UHFFFAOYSA-N
232,4-Methoxybenzoic acid,6.44,100-09-4,COC1=CC=C(C=C1)C(=O)O,,,https://doi.org/10.1016/j.jhazmat.2025.138036,alcohol,Oxygenated organics,"InChI=1S/C8H8O3/c1-11-7-4-2-6(3-5-7)8(9)10/h2-5H,1H3,(H,9,10)",ZEYHEAKUIGZSGI-UHFFFAOYSA-N
233,4-Methoxyphenate,8.72,29368-59-0,COC1=CC=C([O-])C=C1,,,https://doi.org/10.1016/j.chemosphere.2023.138793,alcohol,Oxygenated organics,"InChI=1S/C7H8O2/c1-9-7-4-2-6(8)3-5-7/h2-5,8H,1H3/p-1",NWVVVBRKAWDGAB-UHFFFAOYSA-M
234,4-Methoxyphenol,9.04,150-76-5,COC1=CC=C(C=C1)O,12,,https://doi.org/10.1081/WCT-120018615,alcohol,Oxygenated organics,"InChI=1S/C7H8O2/c1-9-7-4-2-6(8)3-5-7/h2-5,8H,1H3",NWVVVBRKAWDGAB-UHFFFAOYSA-N
235,4-Methoxyphenol,9.26,150-76-5,COC1=CC=C(C=C1)O,11.0–12.0,,https://doi.org/10.1016/j.chemosphere.2023.140660,alcohol,Oxygenated organics,"InChI=1S/C7H8O2/c1-9-7-4-2-6(8)3-5-7/h2-5,8H,1H3",NWVVVBRKAWDGAB-UHFFFAOYSA-N
236,4-Methoxyphenol,8.11,150-76-5,COC1=CC=C(C=C1)O,11.4,,https://doi.org/10.1002/kin.550230606,alcohol,Oxygenated organics,"InChI=1S/C7H8O2/c1-9-7-4-2-6(8)3-5-7/h2-5,8H,1H3",NWVVVBRKAWDGAB-UHFFFAOYSA-N
237,4-Methoxyphenol,9.49,150-76-5,COC1=CC=C(C=C1)O,11,,https://doi.org/10.1002/kin.550230606,alcohol,Oxygenated organics,"InChI=1S/C7H8O2/c1-9-7-4-2-6(8)3-5-7/h2-5,8H,1H3",NWVVVBRKAWDGAB-UHFFFAOYSA-N
238,4-Methoxyphenol,9.04,150-76-5,COC1=CC=C(C=C1)O,12,,https://doi.org/10.1002/kin.550230606,alcohol,Oxygenated organics,"InChI=1S/C7H8O2/c1-9-7-4-2-6(8)3-5-7/h2-5,8H,1H3",NWVVVBRKAWDGAB-UHFFFAOYSA-N
239,4-Methoxyphenolate,9.26,29368-59-0,COC1=CC=C(C=C1)[O-],,,https://doi.org/10.1016/j.chemosphere.2023.140660,alcohol,Oxygenated organics,"InChI=1S/C7H8O2/c1-9-7-4-2-6(8)3-5-7/h2-5,8H,1H3/p-1",NWVVVBRKAWDGAB-UHFFFAOYSA-M
240,4-Methoxyphenolate,8.26,29368-59-0,COC1=CC=C(C=C1)[O-],,,https://doi.org/10.1039/C6EM00580B,alcohol,Oxygenated organics,"InChI=1S/C7H8O2/c1-9-7-4-2-6(8)3-5-7/h2-5,8H,1H3/p-1",NWVVVBRKAWDGAB-UHFFFAOYSA-M
241,4-Methylaniline,8.96,106-49-0,CC1=CC=C(C=C1)N,8.5,,https://doi.org/10.1007/BF02841982,alkane,Aliphatic hydrocarbons,"InChI=1S/C7H9N/c1-6-2-4-7(8)5-3-6/h2-5H,8H2,1H3",RZXMPPFPUUCRFN-UHFFFAOYSA-N
242,4-Methylaniline,8.96,106-49-0,CC1=CC=C(C=C1)N,9,,https://doi.org/10.1002/etc.5620190605,alkane,Aliphatic hydrocarbons,"InChI=1S/C7H9N/c1-6-2-4-7(8)5-3-6/h2-5H,8H2,1H3",RZXMPPFPUUCRFN-UHFFFAOYSA-N
243,4-Methylaniline,9.01,106-49-0,CC1=CC=C(C=C1)N,,,https://doi.org/10.1039/C3EM00479A,alkane,Aliphatic hydrocarbons,"InChI=1S/C7H9N/c1-6-2-4-7(8)5-3-6/h2-5H,8H2,1H3",RZXMPPFPUUCRFN-UHFFFAOYSA-N
244,4-Methylaniline,9,106-49-0,CC1=CC=C(C=C1)N,8.5–11.0,,https://doi.org/10.1016/j.chemosphere.2023.140660,alkane,Aliphatic hydrocarbons,"InChI=1S/C7H9N/c1-6-2-4-7(8)5-3-6/h2-5H,8H2,1H3",RZXMPPFPUUCRFN-UHFFFAOYSA-N
245,4-Methylaniline,9.06,106-49-0,CC1=CC=C(C=C1)N,11,,https://doi.org/10.1021/es051236b,alkane,Aliphatic hydrocarbons,"InChI=1S/C7H9N/c1-6-2-4-7(8)5-3-6/h2-5H,8H2,1H3",RZXMPPFPUUCRFN-UHFFFAOYSA-N
246,4-Methylaniline,9.06,106-49-0,CC1=CC=C(C=C1)N,,,https://doi.org/10.1016/j.chemosphere.2023.138793,alkane,Aliphatic hydrocarbons,"InChI=1S/C7H9N/c1-6-2-4-7(8)5-3-6/h2-5H,8H2,1H3",RZXMPPFPUUCRFN-UHFFFAOYSA-N
247,4-Methylaniline,8.96,106-49-0,CC1=CC=C(C=C1)N,8.5,,NIST,alkane,Aliphatic hydrocarbons,"InChI=1S/C7H9N/c1-6-2-4-7(8)5-3-6/h2-5H,8H2,1H3",RZXMPPFPUUCRFN-UHFFFAOYSA-N
248,4-Methylaniline,9.09,106-49-0,CC1=CC=C(C=C1)N,,,https://doi.org/10.1021/acs.est.6b00924,alkane,Aliphatic hydrocarbons,"InChI=1S/C7H9N/c1-6-2-4-7(8)5-3-6/h2-5H,8H2,1H3",RZXMPPFPUUCRFN-UHFFFAOYSA-N
249,4-Methylaniline,9.06,106-49-0,CC1=CC=C(C=C1)N,11.8,,https://doi.org/10.1021/es051236b,alkane,Aliphatic hydrocarbons,"InChI=1S/C7H9N/c1-6-2-4-7(8)5-3-6/h2-5H,8H2,1H3",RZXMPPFPUUCRFN-UHFFFAOYSA-N
250,4-Methylanisole,5.99,104-93-8,CC1=CC=C(C=C1)OC,,,https://doi.org/10.1016/j.chemosphere.2023.140660,alcohol,Oxygenated organics,"InChI=1S/C8H10O/c1-7-3-5-8(9-2)6-4-7/h3-6H,1-2H3",CHLICZRVGGXEOD-UHFFFAOYSA-N
251,4-Methylanisole,5.99,104-93-8,CC1=CC=C(C=C1)OC,9,,https://doi.org/10.1002/(SICI)1521-401X(199907)27:4%3C214::AID-AHEH214%3E3.0.CO;2-6,alcohol,Oxygenated organics,"InChI=1S/C8H10O/c1-7-3-5-8(9-2)6-4-7/h3-6H,1-2H3",CHLICZRVGGXEOD-UHFFFAOYSA-N
252,4-Methylbenzoic acid,6.98,99-94-5,CC1=CC=C(C=C1)C(=O)O,,,https://doi.org/10.1016/j.jhazmat.2025.138029,alkane,Aliphatic hydrocarbons,"InChI=1S/C8H8O2/c1-6-2-4-7(5-3-6)8(9)10/h2-5H,1H3,(H,9,10)",LPNBBFKOUUSUDB-UHFFFAOYSA-N
253,4-Methylphenate,8.68,22113-51-5,CC(C=C1)=CC=C1[O-],,,https://doi.org/10.1016/j.chemosphere.2023.138793,alkane,Aliphatic hydrocarbons,"InChI=1S/C7H8O/c1-6-2-4-7(8)5-3-6/h2-5,8H,1H3/p-1",IWDCLRJOBJJRNH-UHFFFAOYSA-M
254,4-Methylphenol,8.85,106-44-5,CC1=CC=C(C=C1)O,10.3,,https://doi.org/10.1081/WCT-120018615,alkane,Aliphatic hydrocarbons,"InChI=1S/C7H8O/c1-6-2-4-7(8)5-3-6/h2-5,8H,1H3",IWDCLRJOBJJRNH-UHFFFAOYSA-N
255,4-Methylphenol,8.18,106-44-5,CC1=CC=C(C=C1)O,8.3,,https://doi.org/10.1081/WCT-120018615,alkane,Aliphatic hydrocarbons,"InChI=1S/C7H8O/c1-6-2-4-7(8)5-3-6/h2-5,8H,1H3",IWDCLRJOBJJRNH-UHFFFAOYSA-N
256,4-Methylphenol,8.4,106-44-5,CC1=CC=C(C=C1)O,,25,https://doi.org/10.1016/j.jhazmat.2025.137899,alkane,Aliphatic hydrocarbons,"InChI=1S/C7H8O/c1-6-2-4-7(8)5-3-6/h2-5,8H,1H3",IWDCLRJOBJJRNH-UHFFFAOYSA-N
257,4-Methylphenol,9.08,106-44-5,CC1=CC=C(C=C1)O,12.1,,https://doi.org/10.1081/WCT-120018615,alkane,Aliphatic hydrocarbons,"InChI=1S/C7H8O/c1-6-2-4-7(8)5-3-6/h2-5,8H,1H3",IWDCLRJOBJJRNH-UHFFFAOYSA-N
258,4-Methylphenol,9.04,106-44-5,CC1=CC=C(C=C1)O,11,,https://doi.org/10.1081/WCT-120018615,alkane,Aliphatic hydrocarbons,"InChI=1S/C7H8O/c1-6-2-4-7(8)5-3-6/h2-5,8H,1H3",IWDCLRJOBJJRNH-UHFFFAOYSA-N
259,4-Methylphenol,8.11,106-44-5,CC1=CC=C(C=C1)O,8,,https://doi.org/10.1016/j.watres.2021.117867,alkane,Aliphatic hydrocarbons,"InChI=1S/C7H8O/c1-6-2-4-7(8)5-3-6/h2-5,8H,1H3",IWDCLRJOBJJRNH-UHFFFAOYSA-N
260,4-Methylphenol,9.06,106-44-5,CC1=CC=C(C=C1)O,11.0–12.1,,https://doi.org/10.1002/kin.550230606,alkane,Aliphatic hydrocarbons,"InChI=1S/C7H8O/c1-6-2-4-7(8)5-3-6/h2-5,8H,1H3",IWDCLRJOBJJRNH-UHFFFAOYSA-N
261,4-Methylphenol,8.18,106-44-5,CC1=CC=C(C=C1)O,,,https://doi.org/10.1016/j.chemosphere.2023.140660,alkane,Aliphatic hydrocarbons,"InChI=1S/C7H8O/c1-6-2-4-7(8)5-3-6/h2-5,8H,1H3",IWDCLRJOBJJRNH-UHFFFAOYSA-N
262,4-Methylphenol,8.4,106-44-5,CC1=CC=C(C=C1)O,,,https://doi.org/10.1016/j.jhazmat.2025.138088,alkane,Aliphatic hydrocarbons,"InChI=1S/C7H8O/c1-6-2-4-7(8)5-3-6/h2-5,8H,1H3",IWDCLRJOBJJRNH-UHFFFAOYSA-N
263,4-Methylphenolate,9.06,22113-51-5,CC1=CC=C(C=C1)[O-],,,https://doi.org/10.1016/j.chemosphere.2023.140660,alkane,Aliphatic hydrocarbons,"InChI=1S/C7H8O/c1-6-2-4-7(8)5-3-6/h2-5,8H,1H3/p-1",IWDCLRJOBJJRNH-UHFFFAOYSA-M
264,4-Methylphenolate,7.9,22113-51-5,CC1=CC=C(C=C1)[O-],,,https://doi.org/10.1039/C6EM00580B,alkane,Aliphatic hydrocarbons,"InChI=1S/C7H8O/c1-6-2-4-7(8)5-3-6/h2-5,8H,1H3/p-1",IWDCLRJOBJJRNH-UHFFFAOYSA-M
265,4-Methylphenolate,8.68,22113-51-5,CC1=CC=C(C=C1)[O-],12.2,,10.1080/09553007714550691,alkane,Aliphatic hydrocarbons,"InChI=1S/C7H8O/c1-6-2-4-7(8)5-3-6/h2-5,8H,1H3/p-1",IWDCLRJOBJJRNH-UHFFFAOYSA-M
266,4-Methylphenolate,8.68,22113-51-5,CC1=CC=C(C=C1)[O-],12.2,,NIST,alkane,Aliphatic hydrocarbons,"InChI=1S/C7H8O/c1-6-2-4-7(8)5-3-6/h2-5,8H,1H3/p-1",IWDCLRJOBJJRNH-UHFFFAOYSA-M
267,4-Methylphenolate,9.08,22113-51-5,CC1=CC=C(C=C1)[O-],11.8,,https://doi.org/10.1021/es051236b,alkane,Aliphatic hydrocarbons,"InChI=1S/C7H8O/c1-6-2-4-7(8)5-3-6/h2-5,8H,1H3/p-1",IWDCLRJOBJJRNH-UHFFFAOYSA-M
268,4-Methylphenolate,8.68,22113-51-5,CC1=CC=C(C=C1)[O-],,,https://doi.org/10.1021/es051236b,alkane,Aliphatic hydrocarbons,"InChI=1S/C7H8O/c1-6-2-4-7(8)5-3-6/h2-5,8H,1H3/p-1",IWDCLRJOBJJRNH-UHFFFAOYSA-M
269,4-Methylpyridine N-oxide,4,1003-67-4,CC1=CC=[N+](C=C1)[O-],10,,https://doi.org/10.1021/tx050271t,alkane,Aliphatic hydrocarbons,"InChI=1S/C6H7NO/c1-6-2-4-7(8)5-3-6/h2-5H,1H3",IWYYIZOHWPCALJ-UHFFFAOYSA-N
270,4-Nitroaniline,7.86,100-01-6,C1=CC(=CC=C1N)[N+](=O)[O-],9,,https://doi.org/10.1002/etc.5620190605,halogenated,Halogenated organics,"InChI=1S/C6H6N2O2/c7-5-1-3-6(4-2-5)8(9)10/h1-4H,7H2",TYMLOMAKGOJONV-UHFFFAOYSA-N
271,4-Nitroaniline,7.86,100-01-6,C1=CC(=CC=C1N)[N+](=O)[O-],8.5,,https://doi.org/10.1007/BF02841982,halogenated,Halogenated organics,"InChI=1S/C6H6N2O2/c7-5-1-3-6(4-2-5)8(9)10/h1-4H,7H2",TYMLOMAKGOJONV-UHFFFAOYSA-N
272,4-Nitroaniline,7.83,100-01-6,C1=CC(=CC=C1N)[N+](=O)[O-],,,https://doi.org/10.1039/C3EM00479A,halogenated,Halogenated organics,"InChI=1S/C6H6N2O2/c7-5-1-3-6(4-2-5)8(9)10/h1-4H,7H2",TYMLOMAKGOJONV-UHFFFAOYSA-N
273,4-Nitroaniline,7.89,100-01-6,C1=CC(=CC=C1N)[N+](=O)[O-],11,,https://doi.org/10.1021/es051236b,halogenated,Halogenated organics,"InChI=1S/C6H6N2O2/c7-5-1-3-6(4-2-5)8(9)10/h1-4H,7H2",TYMLOMAKGOJONV-UHFFFAOYSA-N
274,4-Nitroaniline,7.8,100-01-6,C1=CC(=CC=C1N)[N+](=O)[O-],11,,https://doi.org/10.1021/es051236b,halogenated,Halogenated organics,"InChI=1S/C6H6N2O2/c7-5-1-3-6(4-2-5)8(9)10/h1-4H,7H2",TYMLOMAKGOJONV-UHFFFAOYSA-N
275,4-Nitroaniline,7.85,100-01-6,C1=CC(=CC=C1N)[N+](=O)[O-],8.5-11,,https://doi.org/10.1016/j.chemosphere.2023.140660,halogenated,Halogenated organics,"InChI=1S/C6H6N2O2/c7-5-1-3-6(4-2-5)8(9)10/h1-4H,7H2",TYMLOMAKGOJONV-UHFFFAOYSA-N
276,4-Nitroaniline,7.78,100-01-6,C1=CC(=CC=C1N)[N+](=O)[O-],,,https://doi.org/10.1016/j.chemosphere.2023.138793,halogenated,Halogenated organics,"InChI=1S/C6H6N2O2/c7-5-1-3-6(4-2-5)8(9)10/h1-4H,7H2",TYMLOMAKGOJONV-UHFFFAOYSA-N
277,4-Nitroaniline,7.8,100-01-6,C1=CC(=CC=C1N)[N+](=O)[O-],,,https://doi.org/10.1021/acs.est.6b00924,halogenated,Halogenated organics,"InChI=1S/C6H6N2O2/c7-5-1-3-6(4-2-5)8(9)10/h1-4H,7H2",TYMLOMAKGOJONV-UHFFFAOYSA-N
278,4-Nitroaniline,7.93,100-01-6,C1=CC(=CC=C1N)[N+](=O)[O-],,,https://doi.org/10.1021/acs.est.6b00924,halogenated,Halogenated organics,"InChI=1S/C6H6N2O2/c7-5-1-3-6(4-2-5)8(9)10/h1-4H,7H2",TYMLOMAKGOJONV-UHFFFAOYSA-N
279,4-Nitroaniline,7.89,100-01-6,C1=CC(=CC=C1N)[N+](=O)[O-],,,https://doi.org/10.1021/es051236b,halogenated,Halogenated organics,"InChI=1S/C6H6N2O2/c7-5-1-3-6(4-2-5)8(9)10/h1-4H,7H2",TYMLOMAKGOJONV-UHFFFAOYSA-N
280,4-Nitroaniline,7.8,100-01-6,C1=CC(=CC=C1N)[N+](=O)[O-],11.8,,https://doi.org/10.1021/es051236b,halogenated,Halogenated organics,"InChI=1S/C6H6N2O2/c7-5-1-3-6(4-2-5)8(9)10/h1-4H,7H2",TYMLOMAKGOJONV-UHFFFAOYSA-N
281,4-Nitroaniline,7.86,100-01-6,C1=CC(=CC=C1N)[N+](=O)[O-],,,https://doi.org/10.1021/es051236b,halogenated,Halogenated organics,"InChI=1S/C6H6N2O2/c7-5-1-3-6(4-2-5)8(9)10/h1-4H,7H2",TYMLOMAKGOJONV-UHFFFAOYSA-N
282,4-Nitrophenol,7.68,100-02-7,C1=CC(=CC=C1[N+](=O)[O-])O,,,https://doi.org/10.1016/j.jhazmat.2024.135538,halogenated,Halogenated organics,"InChI=1S/C6H5NO3/c8-6-3-1-5(2-4-6)7(9)10/h1-4,8H",BTJIUGUIPKRLHP-UHFFFAOYSA-N
283,4-Nitrophenol,7.68,100-02-7,C1=CC(=CC=C1[N+](=O)[O-])O,12.2,,https://doi.org/10.1016/j.chemosphere.2023.140660,halogenated,Halogenated organics,"InChI=1S/C6H5NO3/c8-6-3-1-5(2-4-6)7(9)10/h1-4,8H",BTJIUGUIPKRLHP-UHFFFAOYSA-N
284,4-Nitrophenoxide,7.68,14609-74-6,C1=CC(=CC=C1[N+](=O)[O-])[O-],12.2,,NIST,halogenated,Halogenated organics,"InChI=1S/C6H5NO3/c8-6-3-1-5(2-4-6)7(9)10/h1-4,8H/p-1",BTJIUGUIPKRLHP-UHFFFAOYSA-M
285,4-Nitrophenoxide,7.68,14609-74-6,C1=CC(=CC=C1[N+](=O)[O-])[O-],12.2,,10.1080/09553007714550691,halogenated,Halogenated organics,"InChI=1S/C6H5NO3/c8-6-3-1-5(2-4-6)7(9)10/h1-4,8H/p-1",BTJIUGUIPKRLHP-UHFFFAOYSA-M
286,"4-Oxo-2,2,6,6-tetramethylpiperidine-1-oxyl",8.68,2896-70-0,CC1(CC(=O)CC(N1[O])(C)C)C,10,,https://doi.org/10.1021/tx0342363,alkane,Aliphatic hydrocarbons,"InChI=1S/C9H16NO2/c1-8(2)5-7(11)6-9(3,4)10(8)12/h5-6H2,1-4H3",WSGDRFHJFJRSFY-UHFFFAOYSA-N
287,4-aminobenzoic acid,8.3,150-13-0,C1=CC(=CC=C1C(=O)O)N,,,https://doi.org/10.1021/acs.est.6b00924,halogenated,Halogenated organics,"InChI=1S/C7H7NO2/c8-6-3-1-5(2-4-6)7(9)10/h1-4H,8H2,(H,9,10)",ALYNCZNDIQEVRV-UHFFFAOYSA-N
288,4-chlorobenzoic acid,7.11,1173019-28-7,C1=CC(=CC=C1C(=O)O)Cl,,,https://doi.org/10.1016/j.cej.2014.05.088,halogenated,Halogenated organics,"InChI=1S/C7H5ClO2/c8-6-3-1-5(2-4-6)7(9)10/h1-4H,(H,9,10)",XRHGYUZYPHTUJZ-UHFFFAOYSA-N
289,4-ethylaniline,8.88,589-16-2,CCC1=CC=C(C=C1)N,,,https://doi.org/10.1021/acs.est.6b00924,alkane,Aliphatic hydrocarbons,"InChI=1S/C8H11N/c1-2-7-3-5-8(9)6-4-7/h3-6H,2,9H2,1H3",HRXZRAXKKNUKRF-UHFFFAOYSA-N
290,4-methoxyphenoxide,8.72,29368-59-0,COC1=CC=C([O-])C=C1,,,https://doi.org/10.1021/es051236b,alcohol,Oxygenated organics,"InChI=1S/C7H8O2/c1-9-7-4-2-6(8)3-5-7/h2-5,8H,1H3/p-1",NWVVVBRKAWDGAB-UHFFFAOYSA-M
291,4-methoxyphenoxide,9.49,29368-59-0,COC1=CC=C([O-])C=C1,11.8,,https://doi.org/10.1021/es051236b,alcohol,Oxygenated organics,"InChI=1S/C7H8O2/c1-9-7-4-2-6(8)3-5-7/h2-5,8H,1H3/p-1",NWVVVBRKAWDGAB-UHFFFAOYSA-M
292,4-methoxyphenoxide,9.11,29368-59-0,COC1=CC=C([O-])C=C1,,,https://doi.org/10.1021/es051236b,alcohol,Oxygenated organics,"InChI=1S/C7H8O2/c1-9-7-4-2-6(8)3-5-7/h2-5,8H,1H3/p-1",NWVVVBRKAWDGAB-UHFFFAOYSA-M
293,4-methoxyphenoxide,8.72,29368-59-0,COC1=CC=C([O-])C=C1,12.2,,10.1080/09553007714550691,alcohol,Oxygenated organics,"InChI=1S/C7H8O2/c1-9-7-4-2-6(8)3-5-7/h2-5,8H,1H3/p-1",NWVVVBRKAWDGAB-UHFFFAOYSA-M
294,"5,5-Dimethyl-1-pyrroline-N-oxide",6.4,3317-61-1,CC1(CCC=[N+]1[O-])C,,,https://doi.org/10.1074/jbc.M406929200,alkane,Aliphatic hydrocarbons,"InChI=1S/C6H11NO/c1-6(2)4-3-5-7(6)8/h5H,3-4H2,1-2H3",VCUVETGKTILCLC-UHFFFAOYSA-N
295,"5,5-Dimethyl-1-pyrroline-N-oxide",6.4,3317-61-1,CC1(CCC=[N+]1[O-])C,,,https://doi.org/10.1016/j.freeradbiomed.2007.08.002,alkane,Aliphatic hydrocarbons,"InChI=1S/C6H11NO/c1-6(2)4-3-5-7(6)8/h5H,3-4H2,1-2H3",VCUVETGKTILCLC-UHFFFAOYSA-N
296,"5,5-Dimethyl-1-pyrroline-N-oxide",6.43,3317-61-1,CC1(CCC=[N+]1[O-])C,7.4,,https://doi.org/10.1021/tx049747j,alkane,Aliphatic hydrocarbons,"InChI=1S/C6H11NO/c1-6(2)4-3-5-7(6)8/h5H,3-4H2,1-2H3",VCUVETGKTILCLC-UHFFFAOYSA-N
297,"5,8-dihydroxynaphthalene-1,4-dione",8.71,475-38-7,C1=CC(=C2C(=O)C=CC(=O)C2=C1O)O,,25,https://doi.org/10.1016/j.jhazmat.2025.137899,cyclo,Aromatic & PAHs,"InChI=1S/C10H6O4/c11-5-1-2-6(12)10-8(14)4-3-7(13)9(5)10/h1-4,11-12H",RQNVIKXOOKXAJQ-UHFFFAOYSA-N
298,5-(benzylselanyl) pentanoic acid,8.88,7370-56-1,O=C(O)CCCC[Se]CC1=CC=CC=C1,7,,https://doi.org/10.1039/D3NJ04487D,"sulfide, disulfide",Sulfur-containing organics,"InChI=1S/C12H16O2Se/c13-12(14)8-4-5-9-15-10-11-6-2-1-3-7-11/h1-3,6-7H,4-5,8-10H2,(H,13,14)",LXOLRIZHQOPHSW-UHFFFAOYSA-N
299,5-(phenylselanyl) pentanoic acid,8.04,66241-82-5,O=C(O)CCCC[Se]C1=CC=CC=C1,7,,https://doi.org/10.1039/D3NJ04487D,"sulfide, disulfide",Sulfur-containing organics,"InChI=1S/C11H14O2Se/c12-11(13)8-4-5-9-14-10-6-2-1-3-7-10/h1-3,6-7H,4-5,8-9H2,(H,12,13)",BIZPKDVAQFSGCU-UHFFFAOYSA-N
300,5-Methyluracil,4,65-71-4,CC1=CNC(=O)NC1=O,7,,NIST,cyclo,Aromatic & PAHs,"InChI=1S/C5H6N2O2/c1-3-2-6-5(9)7-4(3)8/h2H,1H3,(H2,6,7,8,9)",RWQNBRDOKXIBIV-UHFFFAOYSA-N
301,"5-methyl-1H-pyrimidine-2,4-dione",4.94,28806-14-6,CC1=CNC(=O)NC1=O,,,https://doi.org/10.1016/j.jhazmat.2025.137979,cyclo,Aromatic & PAHs,"InChI=1S/C5H6N2O2/c1-3-2-6-5(9)7-4(3)8/h2H,1H3,(H2,6,7,8,9)",RWQNBRDOKXIBIV-UHFFFAOYSA-N
302,"6-Hydroxy-2,5,7,8-tetramethylchroman-2-methanol",9.34,69427-83-4,O=C(O)CCCC[Se]C1=CC=CC=C1,11.2,,NIST,"sulfide, disulfide",Sulfur-containing organics,"InChI=1S/C11H14O2Se/c12-11(13)8-4-5-9-14-10-6-2-1-3-7-10/h1-3,6-7H,4-5,8-9H2,(H,12,13)",BIZPKDVAQFSGCU-UHFFFAOYSA-N
303,4-Methoxy-6-tert-butylphenol,9,121-00-6,CC(C)(C)C1=C(C=CC(=C1)OC)O,12,,https://doi.org/10.1081/WCT-120018615,alcohol,Oxygenated organics,"InChI=1S/C11H16O2/c1-11(2,3)9-7-8(13-4)5-6-10(9)12/h5-7,12H,1-4H3",MRBKEAMVRSLQPH-UHFFFAOYSA-N
304,6-aminopenicillanic acid,5.63,551-16-6,CC1([C@@H](N2[C@H](S1)[C@@H](C2=O)N)C(=O)O)C,,25,https://doi.org/10.1016/j.jhazmat.2025.137899,alkane,Aliphatic hydrocarbons,"InChI=1S/C8H12N2O3S/c1-8(2)4(7(12)13)10-5(11)3(9)6(10)14-8/h3-4,6H,9H2,1-2H3,(H,12,13)/t3-,4+,6-/m1/s1",NGHVIOIJCVXTGV-ALEPSDHESA-N
305,6-aminopenicillanic acid,7.08,551-16-6,CC1([C@@H](N2[C@H](S1)[C@@H](C2=O)N)C(=O)O)C,,25,https://doi.org/10.1016/j.jhazmat.2025.137899,alkane,Aliphatic hydrocarbons,"InChI=1S/C8H12N2O3S/c1-8(2)4(7(12)13)10-5(11)3(9)6(10)14-8/h3-4,6H,9H2,1-2H3,(H,12,13)/t3-,4+,6-/m1/s1",NGHVIOIJCVXTGV-ALEPSDHESA-N
306,6-aminophenalen-1-one,8.62,70402-14-1,C1=CC2=C(C=CC3=C2C(=C1)C(=O)C=C3)N,,,https://doi.org/10.1016/j.jhazmat.2025.137991,halogenated,Halogenated organics,"InChI=1S/C13H9NO/c14-11-6-4-8-5-7-12(15)10-3-1-2-9(11)13(8)10/h1-7H,14H2",LNWQVXDBQBAGHD-UHFFFAOYSA-N
307,"6-hydroxy-2-hydroxymethyl-2,5,7,8-tetramethylchromane",9.34,79907-49-6,OC1=C(C)C(CCC(C)(CO)O2)=C2C(C)=C1C,11.2,,https://doi.org/10.1515/9783110866537.109,alcohol,Oxygenated organics,"InChI=1S/C14H20O3/c1-8-9(2)13-11(10(3)12(8)16)5-6-14(4,7-15)17-13/h15-16H,5-7H2,1-4H3",PKYWXDRQTMJSJK-UHFFFAOYSA-N
308,"6-methyl-1H-pyrimidine-2,4-dione",4.73,626-48-2,CC1=CC(=O)NC(=O)N1,,25,https://doi.org/10.1016/j.jhazmat.2025.137899,alkane,Aliphatic hydrocarbons,"InChI=1S/C5H6N2O2/c1-3-2-4(8)7-5(9)6-3/h2H,1H3,(H2,6,7,8,9)",SHVCSCWHWMSGTE-UHFFFAOYSA-N
309,"6-methyl-1H-pyrimidine-2,4-dione",4.73,626-48-2,CC1=CC(=O)NC(=O)N1,,,https://doi.org/10.1016/j.jhazmat.2025.137974,alkane,Aliphatic hydrocarbons,"InChI=1S/C5H6N2O2/c1-3-2-4(8)7-5(9)6-3/h2H,1H3,(H2,6,7,8,9)",SHVCSCWHWMSGTE-UHFFFAOYSA-N
310,"6-methyl-1H-pyrimidine-2,4-dione",4.73,626-48-2,CC1=CC(=O)NC(=O)N1,,,https://doi.org/10.1016/j.jhazmat.2025.138153,alkane,Aliphatic hydrocarbons,"InChI=1S/C5H6N2O2/c1-3-2-4(8)7-5(9)6-3/h2H,1H3,(H2,6,7,8,9)",SHVCSCWHWMSGTE-UHFFFAOYSA-N
311,"7,8,10-trimethylbenzo[g]pteridine-2,4-dione",6.97,1088-56-8,CC1=CC2=C(C=C1C)N(C3=NC(=O)NC(=O)C3=N2)C,,,https://doi.org/10.1016/j.jhazmat.2025.138157,alkane,Aliphatic hydrocarbons,"InChI=1S/C13H12N4O2/c1-6-4-8-9(5-7(6)2)17(3)11-10(14-8)12(18)16-13(19)15-11/h4-5H,1-3H3,(H,16,18,19)",KPDQZGKJTJRBGU-UHFFFAOYSA-N
312,7H-purin-6-amine,8.53,97908-71-9,C1=NC2=NC=NC(=C2N1)N,,,https://doi.org/10.1016/j.jhazmat.2025.138161,halogenated,Halogenated organics,"InChI=1S/C5H5N5/c6-4-3-5(9-1-7-3)10-2-8-4/h1-2H,(H3,6,7,8,9,10)",GFFGJBXGBJISGV-UHFFFAOYSA-N
313,8-oxo-dG,8.89,88847-89-6,C1[C@@H]([C@H](O[C@H]1N2C3=C(C(=O)NC(=N3)N)NC2=O)CO)O,7.5,,https://doi.org/10.1002/cbic.200800105,diol,Polyfunctional / highly functionalized,"InChI=1S/C10H13N5O5/c11-9-13-7-6(8(18)14-9)12-10(19)15(7)5-1-3(17)4(2-16)20-5/h3-5,16-17H,1-2H2,(H,12,19)(H3,11,13,14,18)/t3-,4+,5+/m0/s1",HCAJQHYUCKICQH-VPENINKCSA-N
314,8-oxo-dG,8.9,88847-89-6,C1[C@@H]([C@H](O[C@H]1N2C3=C(C(=O)NC(=N3)N)NC2=O)CO)O,,,https://doi.org/10.1074/jbc.M101131200,diol,Polyfunctional / highly functionalized,"InChI=1S/C10H13N5O5/c11-9-13-7-6(8(18)14-9)12-10(19)15(7)5-1-3(17)4(2-16)20-5/h3-5,16-17H,1-2H2,(H,12,19)(H3,11,13,14,18)/t3-,4+,5+/m0/s1",HCAJQHYUCKICQH-VPENINKCSA-N
315,9-methylpurin-6-amine,6.95,700-00-5,CN1C=NC2=C(N=CN=C21)N,,,https://doi.org/10.1016/j.jhazmat.2025.138162,halogenated,Halogenated organics,"InChI=1S/C6H7N5/c1-11-3-10-4-5(7)8-2-9-6(4)11/h2-3H,1H3,(H2,7,8,9)",WRXCXOUDSPTXNX-UHFFFAOYSA-N
316,9H-Fluoren-9-ol,8.58,1689-64-1,C1=CC=C2C(=C1)C(C3=CC=CC=C32)O,,,https://doi.org/10.1016/j.jhazmat.2025.138076,halogenated,Halogenated organics,"InChI=1S/C13H10O/c14-13-11-7-3-1-5-9(11)10-6-2-4-8-12(10)13/h1-8,13-14H",AFMVESZOYKHDBJ-UHFFFAOYSA-N
317,"N,N-Dimethylaniline",9.26,121-69-7,CN(C)C1=CC=CC=C1,,,https://doi.org/10.1021/acs.est.4c04547,cyclo,Aromatic & PAHs,"InChI=1S/C8H11N/c1-9(2)8-6-4-3-5-7-8/h3-7H,1-2H3",JLTDJTHDQAWBAV-UHFFFAOYSA-N
318,Nitromethane,2.78,75-52-5,C[N+](=O)[O-],7,,https://doi.org/10.1063/1.555808,halogenated,Halogenated organics,InChI=1S/CH3NO2/c1-2(3)4/h1H3,LYGJENNIWJXYER-UHFFFAOYSA-N
319,Nitromethane,7.18,75-52-5,C[N+](=O)[O-],12,,https://doi.org/10.2307/3574180,halogenated,Halogenated organics,InChI=1S/CH3NO2/c1-2(3)4/h1H3,LYGJENNIWJXYER-UHFFFAOYSA-N
320,Silybin,8.28,22888-70-6,COC1=C(C=CC(=C1)[C@@H]2[C@H](OC3=C(O2)C=C(C=C3)[C@@H]4[C@H](C(=O)C5=C(C=C(C=C5O4)O)O)O)CO)O,,,https://doi.org/10.1080/10715760903136996,diol,Polyfunctional / highly functionalized,"InChI=1S/C25H22O10/c1-32-17-6-11(2-4-14(17)28)24-20(10-26)33-16-5-3-12(7-18(16)34-24)25-23(31)22(30)21-15(29)8-13(27)9-19(21)35-25/h2-9,20,23-29,31H,10H2,1H3/t20-,23+,24-,25-/m1/s1",SEBFKMXJBCUCAI-HKTJVKLFSA-N
321,Abacavir,9.08,136470-78-5,C1CC1NC2=C3C(=NC(=N2)N)N(C=N3)[C@@H]4C[C@@H](C=C4)CO,8,,https://doi.org/10.1021/acs.est.6b02232,cyclo,Aromatic & PAHs,"InChI=1S/C14H18N6O/c15-14-18-12(17-9-2-3-9)11-13(19-14)20(7-16-11)10-4-1-8(5-10)6-21/h1,4,7-10,21H,2-3,5-6H2,(H3,15,17,18,19)/t8-,10+/m1/s1",MCGSCOLBFJQGHM-SCZZXKLOSA-N
322,Acetaminophen,8.58,103-90-2,CC(=O)NC1=CC=C(C=C1)O,8.2,,https://doi.org/10.1016/j.watres.2014.01.016,alkane,Aliphatic hydrocarbons,"InChI=1S/C8H9NO2/c1-6(10)9-7-2-4-8(11)5-3-7/h2-5,11H,1H3,(H,9,10)",RZVAJINKPMORJF-UHFFFAOYSA-N
323,Acetaminophen,8.23,103-90-2,CC(=O)NC1=CC=C(C=C1)O,6.5,,https://doi.org/10.1016/j.cej.2014.05.088,alkane,Aliphatic hydrocarbons,"InChI=1S/C8H9NO2/c1-6(10)9-7-2-4-8(11)5-3-7/h2-5,11H,1H3,(H,9,10)",RZVAJINKPMORJF-UHFFFAOYSA-N
324,Acetaminophen,9.28,103-90-2,CC(=O)NC1=CC=C(C=C1)O,12.7,,https://doi.org/10.1016/0006-2952(88)90035-4,alkane,Aliphatic hydrocarbons,"InChI=1S/C8H9NO2/c1-6(10)9-7-2-4-8(11)5-3-7/h2-5,11H,1H3,(H,9,10)",RZVAJINKPMORJF-UHFFFAOYSA-N
325,Acetaminophen,8.9,103-90-2,CC(=O)NC1=CC=C(C=C1)O,12,,https://doi.org/10.1016/j.watres.2014.01.016,alkane,Aliphatic hydrocarbons,"InChI=1S/C8H9NO2/c1-6(10)9-7-2-4-8(11)5-3-7/h2-5,11H,1H3,(H,9,10)",RZVAJINKPMORJF-UHFFFAOYSA-N
326,Acetaminophen,8.58,103-90-2,CC(=O)NC1=CC=C(C=C1)O,,,https://doi.org/10.1016/j.jhazmat.2025.138058,alkane,Aliphatic hydrocarbons,"InChI=1S/C8H9NO2/c1-6(10)9-7-2-4-8(11)5-3-7/h2-5,11H,1H3,(H,9,10)",RZVAJINKPMORJF-UHFFFAOYSA-N
327,Acetaminophenolate,8.23,35719-43-8,CC(NC1=CC=C(O)C=C1)=O.[KH],,,https://doi.org/10.1016/j.chemosphere.2023.140660,alkane,Aliphatic hydrocarbons,"InChI=1S/C8H9NO2.K.H/c1-6(10)9-7-2-4-8(11)5-3-7;;/h2-5,11H,1H3,(H,9,10);;",LGBBJNGDTLVMCI-UHFFFAOYSA-N
328,Acetaminophenolate,9.28,35719-43-8,CC(NC1=CC=C(O)C=C1)=O.[KH],,,https://doi.org/10.1016/j.chemosphere.2023.140660,alkane,Aliphatic hydrocarbons,"InChI=1S/C8H9NO2.K.H/c1-6(10)9-7-2-4-8(11)5-3-7;;/h2-5,11H,1H3,(H,9,10);;",LGBBJNGDTLVMCI-UHFFFAOYSA-N
329,Acetamiprid,5.18,135410-20-7,CC(=NC#N)N(C)CC1=CN=C(C=C1)Cl,7.7,,https://doi.org/10.1016/j.watres.2012.03.051,alkane,Aliphatic hydrocarbons,"InChI=1S/C10H11ClN4/c1-8(14-7-12)15(2)6-9-3-4-10(11)13-5-9/h3-5H,6H2,1-2H3",WCXDHFDTOYPNIE-UHFFFAOYSA-N
330,Acetamiprid,5.18,135410-20-7,CC(=NC#N)N(C)CC1=CN=C(C=C1)Cl,,,https://doi.org/10.1039/C3EM00479A,alkane,Aliphatic hydrocarbons,"InChI=1S/C10H11ClN4/c1-8(14-7-12)15(2)6-9-3-4-10(11)13-5-9/h3-5H,6H2,1-2H3",WCXDHFDTOYPNIE-UHFFFAOYSA-N
331,Acetanilide,5.51,103-84-4,CC(=O)NC1=CC=CC=C1,7,,https://doi.org/10.1021/J100585A004,cyclo,Aromatic & PAHs,"InChI=1S/C8H9NO/c1-7(10)9-8-5-3-2-4-6-8/h2-6H,1H3,(H,9,10)",FZERHIULMFGESH-UHFFFAOYSA-N
332,Acetate,2.78,71-50-1,CC(=O)[O-],12.1-12.7,,https://doi.org/10.1063/1.555808,alkane,Aliphatic hydrocarbons,"InChI=1S/C2H4O2/c1-2(3)4/h1H3,(H,3,4)/p-1",QTBSBXVTEAMEQO-UHFFFAOYSA-M
333,Acetate,2.78,71-50-1,CC(=O)[O-],,,NIST,alkane,Aliphatic hydrocarbons,"InChI=1S/C2H4O2/c1-2(3)4/h1H3,(H,3,4)/p-1",QTBSBXVTEAMEQO-UHFFFAOYSA-M
334,Acetic acid,3.53,64-19-7,CC(=O)O,,,https://doi.org/10.1016/j.jhazmat.2025.138017,alkane,Aliphatic hydrocarbons,"InChI=1S/C2H4O2/c1-2(3)4/h1H3,(H,3,4)",QTBSBXVTEAMEQO-UHFFFAOYSA-N
335,Acetochlor,6.04,34256-82-1,CCC1=CC=CC(=C1N(COCC)C(=O)CCl)C,8.5,,https://doi.org/10.1021/es3030808,alkane,Aliphatic hydrocarbons,"InChI=1S/C14H20ClNO2/c1-4-12-8-6-7-11(3)14(12)16(10-18-5-2)13(17)9-15/h6-8H,4-5,9-10H2,1-3H3",VTNQPKFIQCLBDU-UHFFFAOYSA-N
336,Acetochlor,6.04,34256-82-1,CCC1=CC=CC(=C1N(COCC)C(=O)CCl)C,,,https://doi.org/10.1039/C3EM00479A,alkane,Aliphatic hydrocarbons,"InChI=1S/C14H20ClNO2/c1-4-12-8-6-7-11(3)14(12)16(10-18-5-2)13(17)9-15/h6-8H,4-5,9-10H2,1-3H3",VTNQPKFIQCLBDU-UHFFFAOYSA-N
337,Acetone,2.2,67-64-1,CC(=O)C,,,NIST,alkane,Aliphatic hydrocarbons,InChI=1S/C3H6O/c1-3(2)4/h1-2H3,CSCPPACGZOOCGX-UHFFFAOYSA-N
338,Acetone,2.2,67-64-1,CC(=O)C,12.1-12.7,,https://doi.org/10.1063/1.555808,alkane,Aliphatic hydrocarbons,InChI=1S/C3H6O/c1-3(2)4/h1-2H3,CSCPPACGZOOCGX-UHFFFAOYSA-N
339,Acetonitrile,3.51,75-05-8,CC#N,,,NIST,alkane,Aliphatic hydrocarbons,InChI=1S/C2H3N/c1-2-3/h1H3,WEVYAHXRMPXWCK-UHFFFAOYSA-N
340,Acetonitrile,3.51,75-05-8,CC#N,12.1-12.7,,https://doi.org/10.1063/1.555808,alkane,Aliphatic hydrocarbons,InChI=1S/C2H3N/c1-2-3/h1H3,WEVYAHXRMPXWCK-UHFFFAOYSA-N
341,Acetophenone,5.48,98-86-2,CC(=O)C1=CC=CC=C1,,,NIST,cyclo,Aromatic & PAHs,"InChI=1S/C8H8O/c1-7(9)8-5-3-2-4-6-8/h2-6H,1H3",KWOLFJPFCHCOCG-UHFFFAOYSA-N
342,Acetophenone,5.48,98-86-2,CC(=O)C1=CC=CC=C1,,,https://doi.org/10.1016/j.watres.2019.06.002,cyclo,Aromatic & PAHs,"InChI=1S/C8H8O/c1-7(9)8-5-3-2-4-6-8/h2-6H,1H3",KWOLFJPFCHCOCG-UHFFFAOYSA-N
343,Acetovanillone,8.23,498-02-2,CC(=O)C1=CC(=C(C=C1)O)OC,7,,https://doi.org/10.1016/j.watres.2019.06.002,alcohol,Oxygenated organics,"InChI=1S/C9H10O3/c1-6(10)7-3-4-8(11)9(5-7)12-2/h3-5,11H,1-2H3",DFYRUELUNQRZTB-UHFFFAOYSA-N
344,Acetylglycine,4,543-24-8,CC(=O)NCC(=O)O,7,,NIST,alkane,Aliphatic hydrocarbons,"InChI=1S/C4H7NO3/c1-3(6)5-2-4(7)8/h2H2,1H3,(H,5,6)(H,7,8)",OKJIRPAQVSHGFK-UHFFFAOYSA-N
345,Acetylglycylglycine,4,5687-48-9,CC(=O)NCC(=O)NCC(=O)O,7,,NIST,alkane,Aliphatic hydrocarbons,"InChI=1S/C6H10N2O4/c1-4(9)7-2-5(10)8-3-6(11)12/h2-3H2,1H3,(H,7,9)(H,8,10)(H,11,12)",ZCASHLUDUSAKNN-UHFFFAOYSA-N
346,Acyclovir,8.04,59277-89-3,OCCOCN(C=N1)C2=C1C(NC(N)=N2)=O,8,,https://doi.org/10.1021/acs.est.6b02232,diol,Polyfunctional / highly functionalized,"InChI=1S/C8H11N5O3/c9-8-11-6-5(7(15)12-8)10-3-13(6)4-16-2-1-14/h3,14H,1-2,4H2,(H3,9,11,12,15)",MKUXAQIIEYXACX-UHFFFAOYSA-N
347,Alachlor,6.99,15972-60-8,CCC1=C(C(=CC=C1)CC)N(COC)C(=O)CCl,8.5,,https://doi.org/10.1021/es3030808,alkane,Aliphatic hydrocarbons,"InChI=1S/C14H20ClNO2/c1-4-11-7-6-8-12(5-2)14(11)16(10-18-3)13(17)9-15/h6-8H,4-5,9-10H2,1-3H3",XCSGPAVHZFQHGE-UHFFFAOYSA-N
348,Alachlor,6.99,15972-60-8,CCC1=C(C(=CC=C1)CC)N(COC)C(=O)CCl,,,https://doi.org/10.1016/j.jhazmat.2025.137961,alkane,Aliphatic hydrocarbons,"InChI=1S/C14H20ClNO2/c1-4-11-7-6-8-12(5-2)14(11)16(10-18-3)13(17)9-15/h6-8H,4-5,9-10H2,1-3H3",XCSGPAVHZFQHGE-UHFFFAOYSA-N
349,Alachlor,6.99,15972-60-8,CCC1=C(C(=CC=C1)CC)N(COC)C(=O)CCl,,,https://doi.org/10.1039/C3EM00479A,alkane,Aliphatic hydrocarbons,"InChI=1S/C14H20ClNO2/c1-4-11-7-6-8-12(5-2)14(11)16(10-18-3)13(17)9-15/h6-8H,4-5,9-10H2,1-3H3",XCSGPAVHZFQHGE-UHFFFAOYSA-N
350,Alanine,3,56-41-7,C[C@@H](C(=O)O)N,7,,NIST,halogenated,Halogenated organics,"InChI=1S/C3H7NO2/c1-2(4)3(5)6/h2H,4H2,1H3,(H,5,6)/t2-/m0/s1",QNAYBMKLOCPYGJ-REOHCLBHSA-N
351,Alanine,3,56-41-7,C[C@@H](C(=O)O)N,7,,https://doi.org/10.1016/j.chemosphere.2023.140660,halogenated,Halogenated organics,"InChI=1S/C3H7NO2/c1-2(4)3(5)6/h2H,4H2,1H3,(H,5,6)/t2-/m0/s1",QNAYBMKLOCPYGJ-REOHCLBHSA-N
352,Allyl Alcohol,5.4,107-18-6,C=CCO,8,,https://doi.org/10.1021/acs.est.6b02232,halogenated,Halogenated organics,"InChI=1S/C3H6O/c1-2-3-4/h2,4H,1,3H2",XXROGKLTLUQVRX-UHFFFAOYSA-N
353,Allyl alcohol,4.42,107-18-6,C=CCO,,25,https://doi.org/10.1016/j.jhazmat.2025.137899,halogenated,Halogenated organics,"InChI=1S/C3H6O/c1-2-3-4/h2,4H,1,3H2",XXROGKLTLUQVRX-UHFFFAOYSA-N
354,Allyl alcohol,5.46,107-18-6,C=CCO,11.6,,NIST,halogenated,Halogenated organics,"InChI=1S/C3H6O/c1-2-3-4/h2,4H,1,3H2",XXROGKLTLUQVRX-UHFFFAOYSA-N
355,Allyl alcohol,4.42,107-18-6,C=CCO,,,https://doi.org/10.1016/j.jhazmat.2025.138060,halogenated,Halogenated organics,"InChI=1S/C3H6O/c1-2-3-4/h2,4H,1,3H2",XXROGKLTLUQVRX-UHFFFAOYSA-N
356,Allyl alcohol,5.38,107-18-6,C=CCO,11.6,,https://doi.org/10.1039/c3em00479a,halogenated,Halogenated organics,"InChI=1S/C3H6O/c1-2-3-4/h2,4H,1,3H2",XXROGKLTLUQVRX-UHFFFAOYSA-N
357,Ametryn,6.87,834-12-8,CCNC1=NC(=NC(=N1)SC)NC(C)C,11,,https://doi.org/10.1021/es051236b,"sulfide, disulfide",Sulfur-containing organics,"InChI=1S/C9H17N5S/c1-5-10-7-12-8(11-6(2)3)14-9(13-7)15-4/h6H,5H2,1-4H3,(H2,10,11,12,13,14)",RQVYBGPQFYCBGX-UHFFFAOYSA-N
358,Ametryn,6.87,834-12-8,CCNC1=NC(=NC(=N1)SC)NC(C)C,8.2,,https://doi.org/10.1021/es051236b,"sulfide, disulfide",Sulfur-containing organics,"InChI=1S/C9H17N5S/c1-5-10-7-12-8(11-6(2)3)14-9(13-7)15-4/h6H,5H2,1-4H3,(H2,10,11,12,13,14)",RQVYBGPQFYCBGX-UHFFFAOYSA-N
359,Amino radical,9.9,13770-40-6,[NH2],11,,https://doi.org/10.1021/jp801505b,amine,Nitrogen-containing organics,InChI=1S/H2N/h1H2,MDFFNEOEWAXZRQ-UHFFFAOYSA-N
360,Amino radical,9.18,13770-40-6,[NH2],7.8,,NIST,amine,Nitrogen-containing organics,InChI=1S/H2N/h1H2,MDFFNEOEWAXZRQ-UHFFFAOYSA-N
361,Amino radical,9.18,13770-40-6,[NH2],7.8,,https://doi.org/10.1016/1359-0197(91)90100-G,amine,Nitrogen-containing organics,InChI=1S/H2N/h1H2,MDFFNEOEWAXZRQ-UHFFFAOYSA-N
362,Amitrole,6.68,61-82-5,C1=NNC(=N1)N,,25,https://doi.org/10.1016/j.jhazmat.2025.137899,halogenated,Halogenated organics,"InChI=1S/C2H4N4/c3-2-4-1-5-6-2/h1H,(H3,3,4,5,6)",KLSJWNVTNUYHDU-UHFFFAOYSA-N
363,Amitrole,6.14,61-82-5,C1=NNC(=N1)N,7,,https://doi.org/10.1016/j.cej.2015.01.019,halogenated,Halogenated organics,"InChI=1S/C2H4N4/c3-2-4-1-5-6-2/h1H,(H3,3,4,5,6)",KLSJWNVTNUYHDU-UHFFFAOYSA-N
364,Amitrole,6.68,61-82-5,C1=NNC(=N1)N,,,https://doi.org/10.1016/j.jhazmat.2025.138155,halogenated,Halogenated organics,"InChI=1S/C2H4N4/c3-2-4-1-5-6-2/h1H,(H3,3,4,5,6)",KLSJWNVTNUYHDU-UHFFFAOYSA-N
365,Amlodipine,9.53,88150-42-9,CCOC(=O)C1=C(NC(=C(C1C2=CC=CC=C2Cl)C(=O)OC)C)COCCN,7,,https://doi.org/10.1016/j.watres.2023.120968,diol,Polyfunctional / highly functionalized,"InChI=1S/C20H25ClN2O5/c1-4-28-20(25)18-15(11-27-10-9-22)23-12(2)16(19(24)26-3)17(18)13-7-5-6-8-14(13)21/h5-8,17,23H,4,9-11,22H2,1-3H3",HTIQEAQVCYTUBX-UHFFFAOYSA-N
366,Aniline,8.7,62-53-3,C1=CC=C(C=C1)N,8.9,,https://doi.org/10.1080/09593330.2022.2102937,halogenated,Halogenated organics,"InChI=1S/C6H7N/c7-6-4-2-1-3-5-6/h1-5H,7H2",PAYRUJLWNCNPSJ-UHFFFAOYSA-N
367,Aniline,8.66,62-53-3,C1=CC=C(C=C1)N,,,https://doi.org/10.1016/j.watres.2010.04.011,halogenated,Halogenated organics,"InChI=1S/C6H7N/c7-6-4-2-1-3-5-6/h1-5H,7H2",PAYRUJLWNCNPSJ-UHFFFAOYSA-N
368,Aniline,8.7,62-53-3,C1=CC=C(C=C1)N,,,https://doi.org/10.1016/j.crci.2008.09.024,halogenated,Halogenated organics,"InChI=1S/C6H7N/c7-6-4-2-1-3-5-6/h1-5H,7H2",PAYRUJLWNCNPSJ-UHFFFAOYSA-N
369,Aniline,8.7,62-53-3,C1=CC=C(C=C1)N,8,,https://doi.org/10.1016/j.watres.2021.117867,halogenated,Halogenated organics,"InChI=1S/C6H7N/c7-6-4-2-1-3-5-6/h1-5H,7H2",PAYRUJLWNCNPSJ-UHFFFAOYSA-N
370,Aniline,8.7,62-53-3,C1=CC=C(C=C1)N,8.5,,https://doi.org/10.1007/BF02841982,halogenated,Halogenated organics,"InChI=1S/C6H7N/c7-6-4-2-1-3-5-6/h1-5H,7H2",PAYRUJLWNCNPSJ-UHFFFAOYSA-N
371,Aniline,8.79,62-53-3,C1=CC=C(C=C1)N,11,,https://doi.org/10.1021/es051236b,halogenated,Halogenated organics,"InChI=1S/C6H7N/c7-6-4-2-1-3-5-6/h1-5H,7H2",PAYRUJLWNCNPSJ-UHFFFAOYSA-N
372,Aniline,8.83,62-53-3,C1=CC=C(C=C1)N,11,,https://doi.org/10.1021/es051236b,halogenated,Halogenated organics,"InChI=1S/C6H7N/c7-6-4-2-1-3-5-6/h1-5H,7H2",PAYRUJLWNCNPSJ-UHFFFAOYSA-N
373,Aniline,8.66,62-53-3,C1=CC=C(C=C1)N,9,,https://doi.org/10.1016/S0040-4020(01)91404-8,halogenated,Halogenated organics,"InChI=1S/C6H7N/c7-6-4-2-1-3-5-6/h1-5H,7H2",PAYRUJLWNCNPSJ-UHFFFAOYSA-N
374,Aniline,8.78,62-53-3,C1=CC=C(C=C1)N,,,https://doi.org/10.1016/0146-5724(78)90101-2,halogenated,Halogenated organics,"InChI=1S/C6H7N/c7-6-4-2-1-3-5-6/h1-5H,7H2",PAYRUJLWNCNPSJ-UHFFFAOYSA-N
375,Aniline,8.75,62-53-3,C1=CC=C(C=C1)N,8.5–11.0,,https://doi.org/10.1016/j.chemosphere.2023.140660,halogenated,Halogenated organics,"InChI=1S/C6H7N/c7-6-4-2-1-3-5-6/h1-5H,7H2",PAYRUJLWNCNPSJ-UHFFFAOYSA-N
376,Aniline,8.73,62-53-3,C1=CC=C(C=C1)N,7,,https://doi.org/10.1021/J100585A004,halogenated,Halogenated organics,"InChI=1S/C6H7N/c7-6-4-2-1-3-5-6/h1-5H,7H2",PAYRUJLWNCNPSJ-UHFFFAOYSA-N
377,Aniline,8.78,62-53-3,C1=CC=C(C=C1)N,,,https://doi.org/10.1063/1.555808,halogenated,Halogenated organics,"InChI=1S/C6H7N/c7-6-4-2-1-3-5-6/h1-5H,7H2",PAYRUJLWNCNPSJ-UHFFFAOYSA-N
378,Aniline,8.75,62-53-3,C1=CC=C(C=C1)N,,,https://doi.org/10.1016/j.chemosphere.2023.140660,halogenated,Halogenated organics,"InChI=1S/C6H7N/c7-6-4-2-1-3-5-6/h1-5H,7H2",PAYRUJLWNCNPSJ-UHFFFAOYSA-N
379,Aniline,8.83,62-53-3,C1=CC=C(C=C1)N,,,https://doi.org/10.1021/es051236b,halogenated,Halogenated organics,"InChI=1S/C6H7N/c7-6-4-2-1-3-5-6/h1-5H,7H2",PAYRUJLWNCNPSJ-UHFFFAOYSA-N
380,Aniline,8.79,62-53-3,C1=CC=C(C=C1)N,11.8,,https://doi.org/10.1021/es051236b,halogenated,Halogenated organics,"InChI=1S/C6H7N/c7-6-4-2-1-3-5-6/h1-5H,7H2",PAYRUJLWNCNPSJ-UHFFFAOYSA-N
381,Anisole,5.45,100-66-3,COC1=CC=CC=C1,,,https://doi.org/10.1016/0146-5724(78)90101-2,alcohol,Oxygenated organics,"InChI=1S/C7H8O/c1-8-7-5-3-2-4-6-7/h2-6H,1H3",RDOXTESZEPMUJZ-UHFFFAOYSA-N
382,Anisole,5.45,100-66-3,COC1=CC=CC=C1,,,NIST,alcohol,Oxygenated organics,"InChI=1S/C7H8O/c1-8-7-5-3-2-4-6-7/h2-6H,1H3",RDOXTESZEPMUJZ-UHFFFAOYSA-N
383,Anthrasemiquinone-1-sulfonate radical ion,9.66,82-49-5,O=S(C(C=CC=C1C(C2=C3C=CC=C2)=O)=C1C3=O)(O)=O,,,https://doi.org/10.1063/1.555808,diol,Polyfunctional / highly functionalized,"InChI=1S/C14H8O5S/c15-13-8-4-1-2-5-9(8)14(16)12-10(13)6-3-7-11(12)20(17,18)19/h1-7H,(H,17,18,19)",JAJIPIAHCFBEPI-UHFFFAOYSA-N
384,Anthrasemiquinone-2-sulfonate radical ion,9.34,82-49-5,O=S(C(C=CC=C1C(C2=C3C=CC=C2)=O)=C1C3=O)(O)=O,,,https://doi.org/10.1063/1.555808,diol,Polyfunctional / highly functionalized,"InChI=1S/C14H8O5S/c15-13-8-4-1-2-5-9(8)14(16)12-10(13)6-3-7-11(12)20(17,18)19/h1-7H,(H,17,18,19)",JAJIPIAHCFBEPI-UHFFFAOYSA-N
385,Arginine,4.95,7200-25-1,C(C[C@@H](C(=O)O)N)CN=C(N)N,7,,NIST,halogenated,Halogenated organics,"InChI=1S/C6H14N4O2/c7-4(5(11)12)2-1-3-10-6(8)9/h4H,1-3,7H2,(H,11,12)(H4,8,9,10)/t4-/m0/s1",ODKSFYDXXFIFQN-BYPYZUCNSA-N
386,Arginine,4.95,7200-25-1,C(C[C@@H](C(=O)O)N)CN=C(N)N,7,,https://doi.org/10.2307/3573789,halogenated,Halogenated organics,"InChI=1S/C6H14N4O2/c7-4(5(11)12)2-1-3-10-6(8)9/h4H,1-3,7H2,(H,11,12)(H4,8,9,10)/t4-/m0/s1",ODKSFYDXXFIFQN-BYPYZUCNSA-N
387,Arotinolol,8.15,68377-92-4,CC(C)(C)NCC(CSC1=NC(=CS1)C2=CC=C(S2)C(=O)N)O,,,https://doi.org/10.1016/j.watres.2021.117078,alkane,Aliphatic hydrocarbons,"InChI=1S/C15H21N3O2S3/c1-15(2,3)17-6-9(19)7-21-14-18-10(8-22-14)11-4-5-12(23-11)13(16)20/h4-5,8-9,17,19H,6-7H2,1-3H3,(H2,16,20)",BHIAIPWSVYSKJS-UHFFFAOYSA-N
388,Arsenic (III),8.04,22541-54-4,[As+3],,,https://doi.org/10.1021/es026208x,"sulfide, disulfide",Sulfur-containing organics,InChI=1S/As/q+3,LULLIKNODDLMDQ-UHFFFAOYSA-N
389,Ascorbate,10.43,50-81-7,C([C@@H]([C@@H]1C(=C(C(=O)O1)[O-])O)O)O,7.4,,https://doi.org/10.1021/tx049747j,diol,Polyfunctional / highly functionalized,"InChI=1S/C6H8O6/c7-1-2(8)5-3(9)4(10)6(11)12-5/h2,5,7-10H,1H2/p-1/t2-,5+/m0/s1",CIWBSHSKHKDKBQ-JLAZNSOCSA-M
390,Ascorbate,9.04,50-81-7,C([C@@H]([C@@H]1C(=C(C(=O)O1)[O-])O)O)O,11,,https://doi.org/10.1016/j.chemosphere.2023.140660,diol,Polyfunctional / highly functionalized,"InChI=1S/C6H8O6/c7-1-2(8)5-3(9)4(10)6(11)12-5/h2,5,7-10H,1H2/p-1/t2-,5+/m0/s1",CIWBSHSKHKDKBQ-JLAZNSOCSA-M
391,Ascorbate,9.15,50-81-7,C([C@@H]([C@@H]1C(=C(C(=O)O1)[O-])O)O)O,11.4,,NIST,diol,Polyfunctional / highly functionalized,"InChI=1S/C6H8O6/c7-1-2(8)5-3(9)4(10)6(11)12-5/h2,5,7-10H,1H2/p-1/t2-,5+/m0/s1",CIWBSHSKHKDKBQ-JLAZNSOCSA-M
392,Aspartate,4,50-81-7,C([C@@H](C(=O)O)N)C(=O)O,7,,https://doi.org/10.2307/3573789,halogenated,Halogenated organics,"InChI=1S/C4H7NO4/c5-2(4(8)9)1-3(6)7/h2H,1,5H2,(H,6,7)(H,8,9)/t2-/m0/s1",CKLJMWTZIZZHCS-REOHCLBHSA-N
393,Aspartic acid,4,617-45-8,C([C@@H](C(=O)O)N)C(=O)O,7,,https://doi.org/10.2307/3573789,halogenated,Halogenated organics,"InChI=1S/C4H7NO4/c5-2(4(8)9)1-3(6)7/h2H,1,5H2,(H,6,7)(H,8,9)/t2-/m0/s1",CKLJMWTZIZZHCS-REOHCLBHSA-N
394,Aspartic acid,4,617-45-8,C([C@@H](C(=O)O)N)C(=O)O,13,,https://doi.org/10.1002/kin.550250308,halogenated,Halogenated organics,"InChI=1S/C4H7NO4/c5-2(4(8)9)1-3(6)7/h2H,1,5H2,(H,6,7)(H,8,9)/t2-/m0/s1",CKLJMWTZIZZHCS-REOHCLBHSA-N
395,Atenolol,6.72,29122-68-7,CC(C)NCC(COC1=CC=C(C=C1)CC(=O)N)O,,,https://doi.org/10.1016/j.watres.2015.02.014,alkane,Aliphatic hydrocarbons,"InChI=1S/C14H22N2O3/c1-10(2)16-8-12(17)9-19-13-5-3-11(4-6-13)7-14(15)18/h3-6,10,12,16-17H,7-9H2,1-2H3,(H2,15,18)",METKIMKYRPQLGS-UHFFFAOYSA-N
396,Atenolol,7.77,29122-68-7,CC(C)NCC(COC1=CC=C(C=C1)CC(=O)N)O,11.4,,https://doi.org/10.1021/es304334w,alkane,Aliphatic hydrocarbons,"InChI=1S/C14H22N2O3/c1-10(2)16-8-12(17)9-19-13-5-3-11(4-6-13)7-14(15)18/h3-6,10,12,16-17H,7-9H2,1-2H3,(H2,15,18)",METKIMKYRPQLGS-UHFFFAOYSA-N
397,Atenolol,6.95,29122-68-7,CC(C)NCC(COC1=CC=C(C=C1)CC(=O)N)O,8.2,,https://doi.org/10.1021/es304334w,alkane,Aliphatic hydrocarbons,"InChI=1S/C14H22N2O3/c1-10(2)16-8-12(17)9-19-13-5-3-11(4-6-13)7-14(15)18/h3-6,10,12,16-17H,7-9H2,1-2H3,(H2,15,18)",METKIMKYRPQLGS-UHFFFAOYSA-N
398,Atenolol,7.76,29122-68-7,CC(C)NCC(COC1=CC=C(C=C1)CC(=O)N)O,,,https://doi.org/10.1021/acs.est.4c04547,alkane,Aliphatic hydrocarbons,"InChI=1S/C14H22N2O3/c1-10(2)16-8-12(17)9-19-13-5-3-11(4-6-13)7-14(15)18/h3-6,10,12,16-17H,7-9H2,1-2H3,(H2,15,18)",METKIMKYRPQLGS-UHFFFAOYSA-N
399,Atenolol,6.99,29122-68-7,CC(C)NCC(COC1=CC=C(C=C1)CC(=O)N)O,,,https://doi.org/10.1016/j.chemosphere.2023.138793,alkane,Aliphatic hydrocarbons,"InChI=1S/C14H22N2O3/c1-10(2)16-8-12(17)9-19-13-5-3-11(4-6-13)7-14(15)18/h3-6,10,12,16-17H,7-9H2,1-2H3,(H2,15,18)",METKIMKYRPQLGS-UHFFFAOYSA-N
400,Atenolol,6.29,29122-68-7,CC(C)NCC(COC1=CC=C(C=C1)CC(=O)N)O,8,,https://doi.org/10.1021/acs.est.6b05536,alkane,Aliphatic hydrocarbons,"InChI=1S/C14H22N2O3/c1-10(2)16-8-12(17)9-19-13-5-3-11(4-6-13)7-14(15)18/h3-6,10,12,16-17H,7-9H2,1-2H3,(H2,15,18)",METKIMKYRPQLGS-UHFFFAOYSA-N
401,Atenolol,6.73,29122-68-7,CC(C)NCC(COC1=CC=C(C=C1)CC(=O)N)O,6.5–8.2,,https://doi.org/10.1016/j.chemosphere.2023.140660,alkane,Aliphatic hydrocarbons,"InChI=1S/C14H22N2O3/c1-10(2)16-8-12(17)9-19-13-5-3-11(4-6-13)7-14(15)18/h3-6,10,12,16-17H,7-9H2,1-2H3,(H2,15,18)",METKIMKYRPQLGS-UHFFFAOYSA-N
402,Atenolol,6.72,29122-68-7,CC(C)NCC(COC1=CC=C(C=C1)CC(=O)N)O,6.5,,https://doi.org/10.1016/j.cej.2014.05.088,alkane,Aliphatic hydrocarbons,"InChI=1S/C14H22N2O3/c1-10(2)16-8-12(17)9-19-13-5-3-11(4-6-13)7-14(15)18/h3-6,10,12,16-17H,7-9H2,1-2H3,(H2,15,18)",METKIMKYRPQLGS-UHFFFAOYSA-N
403,Atenolol,7.18,29122-68-7,CC(C)NCC(COC1=CC=C(C=C1)CC(=O)N)O,,,https://doi.org/10.1016/j.jhazmat.2024.135538,alkane,Aliphatic hydrocarbons,"InChI=1S/C14H22N2O3/c1-10(2)16-8-12(17)9-19-13-5-3-11(4-6-13)7-14(15)18/h3-6,10,12,16-17H,7-9H2,1-2H3,(H2,15,18)",METKIMKYRPQLGS-UHFFFAOYSA-N
404,Atenolol,6.99,29122-68-7,CC(C)NCC(COC1=CC=C(C=C1)CC(=O)N)O,,,https://doi.org/10.1016/j.jhazmat.2025.137902,alkane,Aliphatic hydrocarbons,"InChI=1S/C14H22N2O3/c1-10(2)16-8-12(17)9-19-13-5-3-11(4-6-13)7-14(15)18/h3-6,10,12,16-17H,7-9H2,1-2H3,(H2,15,18)",METKIMKYRPQLGS-UHFFFAOYSA-N
405,Atraton,6.63,1610-17-9,CCNC1=NC(=NC(=N1)OC)NC(C)C,,,https://doi.org/10.1016/j.jhazmat.2025.138112,alcohol,Oxygenated organics,"InChI=1S/C9H17N5O/c1-5-10-7-12-8(11-6(2)3)14-9(13-7)15-4/h6H,5H2,1-4H3,(H2,10,11,12,13,14)",PXWUKZGIHQRDHL-UHFFFAOYSA-N
406,Atraton,6.63,1610-17-9,CCNC1=NC(=NC(=N1)OC)NC(C)C,11,,https://doi.org/10.1021/es051236b,alcohol,Oxygenated organics,"InChI=1S/C9H17N5O/c1-5-10-7-12-8(11-6(2)3)14-9(13-7)15-4/h6H,5H2,1-4H3,(H2,10,11,12,13,14)",PXWUKZGIHQRDHL-UHFFFAOYSA-N
407,Atrazine,6.6,1912-24-9,CCNC1=NC(=NC(=N1)Cl)NC(C)C,,,https://doi.org/10.1016/j.watres.2015.02.014,alkane,Aliphatic hydrocarbons,"InChI=1S/C8H14ClN5/c1-4-10-7-12-6(9)13-8(14-7)11-5(2)3/h5H,4H2,1-3H3,(H2,10,11,12,13,14)",MXWJVTOOROXGIU-UHFFFAOYSA-N
408,Atrazine,6.7,1912-24-9,CCNC1=NC(=NC(=N1)Cl)NC(C)C,8.5,,https://doi.org/10.1021/es3030808,alkane,Aliphatic hydrocarbons,"InChI=1S/C8H14ClN5/c1-4-10-7-12-6(9)13-8(14-7)11-5(2)3/h5H,4H2,1-3H3,(H2,10,11,12,13,14)",MXWJVTOOROXGIU-UHFFFAOYSA-N
409,Atrazine,6.97,1912-24-9,CCNC1=NC(=NC(=N1)Cl)NC(C)C,,,https://doi.org/10.1016/j.watres.2020.116231,alkane,Aliphatic hydrocarbons,"InChI=1S/C8H14ClN5/c1-4-10-7-12-6(9)13-8(14-7)11-5(2)3/h5H,4H2,1-3H3,(H2,10,11,12,13,14)",MXWJVTOOROXGIU-UHFFFAOYSA-N
410,Atrazine,6.76,1912-24-9,CCNC1=NC(=NC(=N1)Cl)NC(C)C,8.8,,https://doi.org/10.1021/acs.est.8b04383,alkane,Aliphatic hydrocarbons,"InChI=1S/C8H14ClN5/c1-4-10-7-12-6(9)13-8(14-7)11-5(2)3/h5H,4H2,1-3H3,(H2,10,11,12,13,14)",MXWJVTOOROXGIU-UHFFFAOYSA-N
411,Atrazine,6.6,1912-24-9,CCNC1=NC(=NC(=N1)Cl)NC(C)C,6.5,,https://doi.org/10.1016/j.cej.2014.05.088,alkane,Aliphatic hydrocarbons,"InChI=1S/C8H14ClN5/c1-4-10-7-12-6(9)13-8(14-7)11-5(2)3/h5H,4H2,1-3H3,(H2,10,11,12,13,14)",MXWJVTOOROXGIU-UHFFFAOYSA-N
412,Atrazine,6.57,1912-24-9,CCNC1=NC(=NC(=N1)Cl)NC(C)C,11,,https://doi.org/10.1021/es051236b,alkane,Aliphatic hydrocarbons,"InChI=1S/C8H14ClN5/c1-4-10-7-12-6(9)13-8(14-7)11-5(2)3/h5H,4H2,1-3H3,(H2,10,11,12,13,14)",MXWJVTOOROXGIU-UHFFFAOYSA-N
413,Atrazine,6.6,1912-24-9,CCNC1=NC(=NC(=N1)Cl)NC(C)C,9,,https://doi.org/10.1002/etc.5620190605,alkane,Aliphatic hydrocarbons,"InChI=1S/C8H14ClN5/c1-4-10-7-12-6(9)13-8(14-7)11-5(2)3/h5H,4H2,1-3H3,(H2,10,11,12,13,14)",MXWJVTOOROXGIU-UHFFFAOYSA-N
414,Atrazine,6.65,1912-24-9,CCNC1=NC(=NC(=N1)Cl)NC(C)C,6.5–11.0,,https://doi.org/10.1016/j.chemosphere.2023.140660,alkane,Aliphatic hydrocarbons,"InChI=1S/C8H14ClN5/c1-4-10-7-12-6(9)13-8(14-7)11-5(2)3/h5H,4H2,1-3H3,(H2,10,11,12,13,14)",MXWJVTOOROXGIU-UHFFFAOYSA-N
415,Atrazine,6.53,1912-24-9,CCNC1=NC(=NC(=N1)Cl)NC(C)C,,,https://doi.org/10.1016/j.watres.2007.06.066,alkane,Aliphatic hydrocarbons,"InChI=1S/C8H14ClN5/c1-4-10-7-12-6(9)13-8(14-7)11-5(2)3/h5H,4H2,1-3H3,(H2,10,11,12,13,14)",MXWJVTOOROXGIU-UHFFFAOYSA-N
416,Atrazine,6.62,1912-24-9,CCNC1=NC(=NC(=N1)Cl)NC(C)C,,,https://doi.org/10.1039/C3EM00479A,alkane,Aliphatic hydrocarbons,"InChI=1S/C8H14ClN5/c1-4-10-7-12-6(9)13-8(14-7)11-5(2)3/h5H,4H2,1-3H3,(H2,10,11,12,13,14)",MXWJVTOOROXGIU-UHFFFAOYSA-N
417,Azide ion,7.34,14343-69-2,[N-]=[N+]=[N-],11.8,,NIST,amine,Nitrogen-containing organics,InChI=1S/N3/c1-3-2/q-1,IVRMZWNICZWHMI-UHFFFAOYSA-N
418,Azide ion,7.11,14343-69-2,[N-]=[N+]=[N-],11.6,,NIST,amine,Nitrogen-containing organics,InChI=1S/N3/c1-3-2/q-1,IVRMZWNICZWHMI-UHFFFAOYSA-N
419,Azithromycin,7.96,83905-01-5,CC[C@@H]1[C@@]([C@@H]([C@H](N(C[C@@H](C[C@@]([C@@H]([C@H]([C@@H]([C@H](C(=O)O1)C)O[C@H]2C[C@@]([C@H]([C@@H](O2)C)O)(C)OC)C)O[C@H]3[C@@H]([C@H](C[C@H](O3)C)N(C)C)O)(C)O)C)C)C)O)(C)O,,,https://doi.org/10.1016/j.watres.2020.116231,diol,Polyfunctional / highly functionalized,"InChI=1S/C38H72N2O12/c1-15-27-38(10,46)31(42)24(6)40(13)19-20(2)17-36(8,45)33(52-35-29(41)26(39(11)12)16-21(3)48-35)22(4)30(23(5)34(44)50-27)51-28-18-37(9,47-14)32(43)25(7)49-28/h20-33,35,41-43,45-46H,15-19H2,1-14H3/t20-,21-,22+,23-,24-,25+,26+,27-,28+,29-,30+,31-,32+,33-,35+,36-,37-,38-/m1/s1",MQTOSJVFKKJCRP-BICOPXKESA-N
420,Bentazon,7.4,25057-89-0,CC(C)N1C(=O)C2=CC=CC=C2NS1(=O)=O,8.5,,https://doi.org/10.1021/es3030808,"sulfide, disulfide",Sulfur-containing organics,"InChI=1S/C10H12N2O3S/c1-7(2)12-10(13)8-5-3-4-6-9(8)11-16(12,14)15/h3-7,11H,1-2H3",ZOMSMJKLGFBRBS-UHFFFAOYSA-N
421,Bentazon,7.4,25057-89-0,CC(C)N1C(=O)C2=CC=CC=C2NS1(=O)=O,,,https://doi.org/10.1016/j.jhazmat.2025.137903,"sulfide, disulfide",Sulfur-containing organics,"InChI=1S/C10H12N2O3S/c1-7(2)12-10(13)8-5-3-4-6-9(8)11-16(12,14)15/h3-7,11H,1-2H3",ZOMSMJKLGFBRBS-UHFFFAOYSA-N
422,Benthiocarb,5.45,28249-77-6,CCN(CC)C(=O)SCC1=CC=C(C=C1)Cl,9,,https://doi.org/10.1002/etc.5620190605,"sulfide, disulfide",Sulfur-containing organics,"InChI=1S/C12H16ClNOS/c1-3-14(4-2)12(15)16-9-10-5-7-11(13)8-6-10/h5-8H,3-4,9H2,1-2H3",QHTQREMOGMZHJV-UHFFFAOYSA-N
423,Benthiocarb,5.45,28249-77-6,CCN(CC)C(=O)SCC1=CC=C(C=C1)Cl,,25,https://doi.org/10.1016/j.jhazmat.2025.137899,"sulfide, disulfide",Sulfur-containing organics,"InChI=1S/C12H16ClNOS/c1-3-14(4-2)12(15)16-9-10-5-7-11(13)8-6-10/h5-8H,3-4,9H2,1-2H3",QHTQREMOGMZHJV-UHFFFAOYSA-N
424,Benzene,2.48,71-43-2,C1=CC=CC=C1,,,https://doi.org/10.1016/j.chemosphere.2023.138793,cyclo,Aromatic & PAHs,InChI=1S/C6H6/c1-2-4-6-5-3-1/h1-6H,UHOVQNZJYSORNB-UHFFFAOYSA-N
425,Benzene,5.51,71-43-2,C1=CC=CC=C1,9,,https://doi.org/10.1016/j.scitotenv.2020.137219,cyclo,Aromatic & PAHs,InChI=1S/C6H6/c1-2-4-6-5-3-1/h1-6H,UHOVQNZJYSORNB-UHFFFAOYSA-N
426,Benzene,4,71-43-2,C1=CC=CC=C1,7,,https://doi.org/10.2307/3573789,cyclo,Aromatic & PAHs,InChI=1S/C6H6/c1-2-4-6-5-3-1/h1-6H,UHOVQNZJYSORNB-UHFFFAOYSA-N
427,Benzene,3.48,71-43-2,C1=CC=CC=C1,7,,https://doi.org/10.1021/j100514a007,cyclo,Aromatic & PAHs,InChI=1S/C6H6/c1-2-4-6-5-3-1/h1-6H,UHOVQNZJYSORNB-UHFFFAOYSA-N
428,Benzene,3.48,71-43-2,C1=CC=CC=C1,7,,https://doi.org/10.1016/j.scitotenv.2020.137219,cyclo,Aromatic & PAHs,InChI=1S/C6H6/c1-2-4-6-5-3-1/h1-6H,UHOVQNZJYSORNB-UHFFFAOYSA-N
429,Benzene,4.7,71-43-2,C1=CC=CC=C1,11.7,,https://doi.org/10.1063/1.555808,cyclo,Aromatic & PAHs,InChI=1S/C6H6/c1-2-4-6-5-3-1/h1-6H,UHOVQNZJYSORNB-UHFFFAOYSA-N
430,Benzoic acid,5.08,65-85-0,C1=CC=C(C=C1)C(=O)O,,25,https://doi.org/10.1016/j.jhazmat.2025.137899,halogenated,Halogenated organics,"InChI=1S/C7H6O2/c8-7(9)6-4-2-1-3-5-6/h1-5H,(H,8,9)",WPYMKLBDIGXBTP-UHFFFAOYSA-N
431,Benzonitrile,2.11,100-47-0,C1=CC=C(C=C1)C#N,9,,https://doi.org/10.1002/kin.550230606,halogenated,Halogenated organics,InChI=1S/C7H5N/c8-6-7-4-2-1-3-5-7/h1-5H,JFDZBHWFFUWGJE-UHFFFAOYSA-N
432,Benzophenone,6.18,119-61-9,C1=CC=C(C=C1)C(=O)C2=CC=CC=C2,,,https://doi.org/10.1016/j.watres.2019.06.002,cyclo,Aromatic & PAHs,InChI=1S/C13H10O/c14-13(11-7-3-1-4-8-11)12-9-5-2-6-10-12/h1-10H,RWCCWEUUXYIKHB-UHFFFAOYSA-N
433,Benzophenone,6.18,119-61-9,C1=CC=C(C=C1)C(=O)C2=CC=CC=C2,12.5,,https://doi.org/10.1016/j.chemosphere.2023.140660,cyclo,Aromatic & PAHs,InChI=1S/C13H10O/c14-13(11-7-3-1-4-8-11)12-9-5-2-6-10-12/h1-10H,RWCCWEUUXYIKHB-UHFFFAOYSA-N
434,Benzophenone,6.18,119-61-9,C1=CC=C(C=C1)C(=O)C2=CC=CC=C2,,,NIST,cyclo,Aromatic & PAHs,InChI=1S/C13H10O/c14-13(11-7-3-1-4-8-11)12-9-5-2-6-10-12/h1-10H,RWCCWEUUXYIKHB-UHFFFAOYSA-N
435,Benzophenone-1,7.52,131-56-6,C1=CC=C(C=C1)C(=O)C2=C(C=C(C=C2)O)O,,,https://doi.org/10.1016/j.watres.2019.05.019,halogenated,Halogenated organics,"InChI=1S/C13H10O3/c14-10-6-7-11(12(15)8-10)13(16)9-4-2-1-3-5-9/h1-8,14-15H",ZXDDPOHVAMWLBH-UHFFFAOYSA-N
436,Benzophenone-1,7.52,131-56-6,C1=CC=C(C=C1)C(=O)C2=C(C=C(C=C2)O)O,9,,https://doi.org/10.1016/j.chemosphere.2023.140660,halogenated,Halogenated organics,"InChI=1S/C13H10O3/c14-10-6-7-11(12(15)8-10)13(16)9-4-2-1-3-5-9/h1-8,14-15H",ZXDDPOHVAMWLBH-UHFFFAOYSA-N
437,Benzophenone-3,7.1,131-57-7,COC1=CC(=C(C=C1)C(=O)C2=CC=CC=C2)O,,,https://doi.org/10.1016/j.chemosphere.2023.140660,alcohol,Oxygenated organics,"InChI=1S/C14H12O3/c1-17-11-7-8-12(13(15)9-11)14(16)10-5-3-2-4-6-10/h2-9,15H,1H3",DXGLGDHPHMLXJC-UHFFFAOYSA-N
438,Benzophenone-3,7.1,131-57-7,COC1=CC(=C(C=C1)C(=O)C2=CC=CC=C2)O,9,,https://doi.org/10.1016/j.watres.2019.05.019,alcohol,Oxygenated organics,"InChI=1S/C14H12O3/c1-17-11-7-8-12(13(15)9-11)14(16)10-5-3-2-4-6-10/h2-9,15H,1H3",DXGLGDHPHMLXJC-UHFFFAOYSA-N
439,Benzophenone-3,7.7,131-57-7,COC1=CC(=C(C=C1)C(=O)C2=CC=CC=C2)O,,,https://doi.org/10.1039/C6EM00580B,alcohol,Oxygenated organics,"InChI=1S/C14H12O3/c1-17-11-7-8-12(13(15)9-11)14(16)10-5-3-2-4-6-10/h2-9,15H,1H3",DXGLGDHPHMLXJC-UHFFFAOYSA-N
440,Benzophenone-8,7.45,131-53-3,COC1=CC(=C(C=C1)C(=O)C2=CC=CC=C2O)O,,,https://doi.org/10.1016/j.watres.2019.05.019,diol,Polyfunctional / highly functionalized,"InChI=1S/C14H12O4/c1-18-9-6-7-11(13(16)8-9)14(17)10-4-2-3-5-12(10)15/h2-8,15-16H,1H3",MEZZCSHVIGVWFI-UHFFFAOYSA-N
441,Benzophenone-8,7.45,131-53-3,COC1=CC(=C(C=C1)C(=O)C2=CC=CC=C2O)O,9,,https://doi.org/10.1016/j.chemosphere.2023.140660,diol,Polyfunctional / highly functionalized,"InChI=1S/C14H12O4/c1-18-9-6-7-11(13(16)8-9)14(17)10-4-2-3-5-12(10)15/h2-8,15-16H,1H3",MEZZCSHVIGVWFI-UHFFFAOYSA-N
442,Benzylamine,5.88,100-46-9,C1=CC=C(C=C1)CN,9.34,,https://doi.org/10.1016/j.scitotenv.2020.137219,halogenated,Halogenated organics,"InChI=1S/C7H9N/c8-6-7-4-2-1-3-5-7/h1-5H,6,8H2",WGQKYBSKWIADBV-UHFFFAOYSA-N
443,Benzylamine,5.88,100-46-9,C1=CC=C(C=C1)CN,,,https://doi.org/10.1016/j.chemosphere.2023.140660,halogenated,Halogenated organics,"InChI=1S/C7H9N/c8-6-7-4-2-1-3-5-7/h1-5H,6,8H2",WGQKYBSKWIADBV-UHFFFAOYSA-N
444,Benzylamine,5.88,100-46-9,C1=CC=C(C=C1)CN,11.5,,https://doi.org/10.1016/S0040-4020(01)91404-8,halogenated,Halogenated organics,"InChI=1S/C7H9N/c8-6-7-4-2-1-3-5-7/h1-5H,6,8H2",WGQKYBSKWIADBV-UHFFFAOYSA-N
445,Benzylamine,5.88,100-46-9,C1=CC=C(C=C1)CN,11.5,,NIST,halogenated,Halogenated organics,"InChI=1S/C7H9N/c8-6-7-4-2-1-3-5-7/h1-5H,6,8H2",WGQKYBSKWIADBV-UHFFFAOYSA-N
446,Bezafibrate,6.73,41859-67-0,CC(C)(C(=O)O)OC1=CC=C(C=C1)CCNC(=O)C2=CC=C(C=C2)Cl,,,https://doi.org/10.1016/j.watres.2020.116231,alcohol,Oxygenated organics,"InChI=1S/C19H20ClNO4/c1-19(2,18(23)24)25-16-9-3-13(4-10-16)11-12-21-17(22)14-5-7-15(20)8-6-14/h3-10H,11-12H2,1-2H3,(H,21,22)(H,23,24)",IIBYAHWJQTYFKB-UHFFFAOYSA-N
447,Bis (1-methylimidazol-2-yl) diselenide,8.15,678996-64-0,CN1C=CN=C1[Se][Se]C2=NC=CN2C,,,https://doi.org/10.1080/10715762.2023.2299341,"sulfide, disulfide",Sulfur-containing organics,"InChI=1S/C8H10N4Se2/c1-11-5-3-9-7(11)13-14-8-10-4-6-12(8)2/h3-6H,1-2H3",MNSWETYKLKWBEN-UHFFFAOYSA-N
448,Bisphenol A,8.35,80-05-7,CC(C1=CC=C(O)C=C1)(C)C2=CC=C(O)C=C2,8.2,,https://doi.org/10.1016/j.watres.2019.115394,cyclo,Aromatic & PAHs,"InChI=1S/C15H16O2/c1-15(2,11-3-7-13(16)8-4-11)12-5-9-14(17)10-6-12/h3-10,16-17H,1-2H3",IISBACLAFKSPIT-UHFFFAOYSA-N
449,Bisphenol A,8.45,80-05-7,CC(C1=CC=C(O)C=C1)(C)C2=CC=C(O)C=C2,8.8,,https://doi.org/10.1021/acs.est.8b04383,cyclo,Aromatic & PAHs,"InChI=1S/C15H16O2/c1-15(2,11-3-7-13(16)8-4-11)12-5-9-14(17)10-6-12/h3-10,16-17H,1-2H3",IISBACLAFKSPIT-UHFFFAOYSA-N
450,Bisphenol A,8.35,80-05-7,CC(C1=CC=C(O)C=C1)(C)C2=CC=C(O)C=C2,,,https://doi.org/10.1016/j.chemosphere.2023.138793,cyclo,Aromatic & PAHs,"InChI=1S/C15H16O2/c1-15(2,11-3-7-13(16)8-4-11)12-5-9-14(17)10-6-12/h3-10,16-17H,1-2H3",IISBACLAFKSPIT-UHFFFAOYSA-N
451,Bisphenol A,8.4,80-05-7,CC(C1=CC=C(O)C=C1)(C)C2=CC=C(O)C=C2,7.0–8.8,,https://doi.org/10.1016/j.chemosphere.2023.140660,cyclo,Aromatic & PAHs,"InChI=1S/C15H16O2/c1-15(2,11-3-7-13(16)8-4-11)12-5-9-14(17)10-6-12/h3-10,16-17H,1-2H3",IISBACLAFKSPIT-UHFFFAOYSA-N
452,Bisphenol A,7.96,80-05-7,CC(C1=CC=C(O)C=C1)(C)C2=CC=C(O)C=C2,8,,https://doi.org/10.1016/j.jhazmat.2018.01.006,cyclo,Aromatic & PAHs,"InChI=1S/C15H16O2/c1-15(2,11-3-7-13(16)8-4-11)12-5-9-14(17)10-6-12/h3-10,16-17H,1-2H3",IISBACLAFKSPIT-UHFFFAOYSA-N
453,Bisphenol A,6.59,80-05-7,CC(C1=CC=C(O)C=C1)(C)C2=CC=C(O)C=C2,,,https://doi.org/10.1016/j.cej.2022.135995,cyclo,Aromatic & PAHs,"InChI=1S/C15H16O2/c1-15(2,11-3-7-13(16)8-4-11)12-5-9-14(17)10-6-12/h3-10,16-17H,1-2H3",IISBACLAFKSPIT-UHFFFAOYSA-N
454,Bisphenol A,8.45,80-05-7,CC(C1=CC=C(O)C=C1)(C)C2=CC=C(O)C=C2,,,https://doi.org/10.1016/j.jhazmat.2025.138057,cyclo,Aromatic & PAHs,"InChI=1S/C15H16O2/c1-15(2,11-3-7-13(16)8-4-11)12-5-9-14(17)10-6-12/h3-10,16-17H,1-2H3",IISBACLAFKSPIT-UHFFFAOYSA-N
455,Bromide ion,4.53,10097-32-2,[Br-],12,,NIST,halogenated,Halogenated organics,InChI=1S/BrH/h1H/p-1,CPELXLSAUQHCOX-UHFFFAOYSA-M
456,Bromide ion,5.7,10097-32-2,[Br-],11,,NIST,halogenated,Halogenated organics,InChI=1S/BrH/h1H/p-1,CPELXLSAUQHCOX-UHFFFAOYSA-M
457,Bromide ion,5.7,10097-32-2,[Br-],11,,https://doi.org/10.1016/j.scitotenv.2020.137219,halogenated,Halogenated organics,InChI=1S/BrH/h1H/p-1,CPELXLSAUQHCOX-UHFFFAOYSA-M
458,Bromite anion,8.04,15477-77-7,O=Br[O-],,,https://doi.org/10.1016/j.watres.2006.10.013,halogenated,Halogenated organics,InChI=1S/BrO2/c2-1-3/q-1,FHGCQCXIJRSFGF-UHFFFAOYSA-N
459,Bromite anion,7.7,15477-77-7,O=Br[O-],,,https://doi.org/10.1039/F19757100473,halogenated,Halogenated organics,InChI=1S/BrO2/c2-1-3/q-1,FHGCQCXIJRSFGF-UHFFFAOYSA-N
460,Bromite anion,8.04,15477-77-7,O=Br[O-],13,,https://www.jstor.org/stable/2416051,halogenated,Halogenated organics,InChI=1S/BrO2/c2-1-3/q-1,FHGCQCXIJRSFGF-UHFFFAOYSA-N
461,Butylamine,5.6,109-73-9,CCCCN,11.5,,https://doi.org/10.1016/S0040-4020(01)91404-8,alkane,Aliphatic hydrocarbons,"InChI=1S/C4H11N/c1-2-3-4-5/h2-5H2,1H3",HQABUPZFAYXKJW-UHFFFAOYSA-N
462,Butylamine,5.6,109-73-9,CCCCN,,,https://doi.org/10.1039/C3EM00479A,alkane,Aliphatic hydrocarbons,"InChI=1S/C4H11N/c1-2-3-4-5/h2-5H2,1H3",HQABUPZFAYXKJW-UHFFFAOYSA-N
463,Caffeine,6.79,3920-35-2,CN1C=NC2=C1C(=O)N(C(=O)N2C)C,,,https://doi.org/10.1016/j.jhazmat.2025.138118,halogenated,Halogenated organics,"InChI=1S/C8H10N4O2/c1-10-4-9-6-5(10)7(13)12(3)8(14)11(6)2/h4H,1-3H3",RYYVLZVUVIJVGH-UHFFFAOYSA-N
464,Carbamazepine,6.36,298-46-4,O=C(N)N1C2=C(C=CC=C2)C=CC3=C1C=CC=C3,8.2,,https://doi.org/10.1016/j.watres.2019.115394,cyclo,Aromatic & PAHs,"InChI=1S/C15H12N2O/c16-15(18)17-13-7-3-1-5-11(13)9-10-12-6-2-4-8-14(12)17/h1-10H,(H2,16,18)",FFGPTBGBLSHEPO-UHFFFAOYSA-N
465,Carbamazepine,6.41,298-46-4,O=C(N)N1C2=C(C=CC=C2)C=CC3=C1C=CC=C3,10,,https://doi.org/10.1016/j.scitotenv.2022.158345,cyclo,Aromatic & PAHs,"InChI=1S/C15H12N2O/c16-15(18)17-13-7-3-1-5-11(13)9-10-12-6-2-4-8-14(12)17/h1-10H,(H2,16,18)",FFGPTBGBLSHEPO-UHFFFAOYSA-N
466,Carbamazepine,6.62,298-46-4,O=C(N)N1C2=C(C=CC=C2)C=CC3=C1C=CC=C3,8.8,,https://doi.org/10.1021/acs.est.8b04383,cyclo,Aromatic & PAHs,"InChI=1S/C15H12N2O/c16-15(18)17-13-7-3-1-5-11(13)9-10-12-6-2-4-8-14(12)17/h1-10H,(H2,16,18)",FFGPTBGBLSHEPO-UHFFFAOYSA-N
467,Carbamazepine,7.1,298-46-4,O=C(N)N1C2=C(C=CC=C2)C=CC3=C1C=CC=C3,,,https://doi.org/10.1016/j.cej.2022.135995,cyclo,Aromatic & PAHs,"InChI=1S/C15H12N2O/c16-15(18)17-13-7-3-1-5-11(13)9-10-12-6-2-4-8-14(12)17/h1-10H,(H2,16,18)",FFGPTBGBLSHEPO-UHFFFAOYSA-N
468,Carbamazepine,6.62,298-46-4,O=C(N)N1C2=C(C=CC=C2)C=CC3=C1C=CC=C3,,,https://doi.org/10.1016/j.cej.2014.05.088,cyclo,Aromatic & PAHs,"InChI=1S/C15H12N2O/c16-15(18)17-13-7-3-1-5-11(13)9-10-12-6-2-4-8-14(12)17/h1-10H,(H2,16,18)",FFGPTBGBLSHEPO-UHFFFAOYSA-N
469,Carbamazepine,7.1,298-46-4,O=C(N)N1C2=C(C=CC=C2)C=CC3=C1C=CC=C3,,,https://doi.org/10.1016/j.watres.2020.116231,cyclo,Aromatic & PAHs,"InChI=1S/C15H12N2O/c16-15(18)17-13-7-3-1-5-11(13)9-10-12-6-2-4-8-14(12)17/h1-10H,(H2,16,18)",FFGPTBGBLSHEPO-UHFFFAOYSA-N
470,Carbamazepine,6.36,298-46-4,O=C(N)N1C2=C(C=CC=C2)C=CC3=C1C=CC=C3,,,https://doi.org/10.1039/C3EM00479A,cyclo,Aromatic & PAHs,"InChI=1S/C15H12N2O/c16-15(18)17-13-7-3-1-5-11(13)9-10-12-6-2-4-8-14(12)17/h1-10H,(H2,16,18)",FFGPTBGBLSHEPO-UHFFFAOYSA-N
471,Carbamazepine,6.62,298-46-4,O=C(N)N1C2=C(C=CC=C2)C=CC3=C1C=CC=C3,,,https://doi.org/10.1021/acs.est.4c04547,cyclo,Aromatic & PAHs,"InChI=1S/C15H12N2O/c16-15(18)17-13-7-3-1-5-11(13)9-10-12-6-2-4-8-14(12)17/h1-10H,(H2,16,18)",FFGPTBGBLSHEPO-UHFFFAOYSA-N
472,Carbamazepine,6.52,298-46-4,O=C(N)N1C2=C(C=CC=C2)C=CC3=C1C=CC=C3,6.5–8.8,,https://doi.org/10.1016/j.chemosphere.2023.140660,cyclo,Aromatic & PAHs,"InChI=1S/C15H12N2O/c16-15(18)17-13-7-3-1-5-11(13)9-10-12-6-2-4-8-14(12)17/h1-10H,(H2,16,18)",FFGPTBGBLSHEPO-UHFFFAOYSA-N
473,Carbamazepine,6.94,298-46-4,O=C(N)N1C2=C(C=CC=C2)C=CC3=C1C=CC=C3,,,https://doi.org/10.1016/j.jhazmat.2025.138164,cyclo,Aromatic & PAHs,"InChI=1S/C15H12N2O/c16-15(18)17-13-7-3-1-5-11(13)9-10-12-6-2-4-8-14(12)17/h1-10H,(H2,16,18)",FFGPTBGBLSHEPO-UHFFFAOYSA-N
474,Carbamazepine,6.62,298-46-4,O=C(N)N1C2=C(C=CC=C2)C=CC3=C1C=CC=C3,6.5,,https://doi.org/10.1016/j.cej.2014.05.088,cyclo,Aromatic & PAHs,"InChI=1S/C15H12N2O/c16-15(18)17-13-7-3-1-5-11(13)9-10-12-6-2-4-8-14(12)17/h1-10H,(H2,16,18)",FFGPTBGBLSHEPO-UHFFFAOYSA-N
475,Carbamazepine,6.41,298-46-4,O=C(N)N1C2=C(C=CC=C2)C=CC3=C1C=CC=C3,,,https://doi.org/10.1016/j.watres.2024.121440,cyclo,Aromatic & PAHs,"InChI=1S/C15H12N2O/c16-15(18)17-13-7-3-1-5-11(13)9-10-12-6-2-4-8-14(12)17/h1-10H,(H2,16,18)",FFGPTBGBLSHEPO-UHFFFAOYSA-N
476,Carbamazepine,6.94,298-46-4,O=C(N)N1C2=C(C=CC=C2)C=CC3=C1C=CC=C3,,,https://doi.org/10.1016/j.jhazmat.2025.137986,cyclo,Aromatic & PAHs,"InChI=1S/C15H12N2O/c16-15(18)17-13-7-3-1-5-11(13)9-10-12-6-2-4-8-14(12)17/h1-10H,(H2,16,18)",FFGPTBGBLSHEPO-UHFFFAOYSA-N
477,Carbamide,3,57-13-6,C(=O)(N)N,7,,NIST,halogenated,Halogenated organics,"InChI=1S/CH4N2O/c2-1(3)4/h(H4,2,3,4)",XSQUKJJJFZCRTK-UHFFFAOYSA-N
478,Carbendazim,6.78,10605-21-7,COC(=O)NC1=NC2=CC=CC=C2N1,,,https://doi.org/10.1016/j.watres.2007.06.066,alcohol,Oxygenated organics,"InChI=1S/C9H9N3O2/c1-14-9(13)12-8-10-6-4-2-3-5-7(6)11-8/h2-5H,1H3,(H2,10,11,12,13)",TWFZGCMQGLPBSX-UHFFFAOYSA-N
479,Carbon dioxide anion radical,7.7,14485-07-5,O=C=O,,,NIST,halogenated,Halogenated organics,InChI=1S/CO2/c2-1-3,CURLTUGMZLYLDI-UHFFFAOYSA-N
480,Carbon dioxide anion radical,7.7,14485-07-5,O=C=O,,,https://doi.org/10.1016/1359-0197(91)90100-G,halogenated,Halogenated organics,InChI=1S/CO2/c2-1-3,CURLTUGMZLYLDI-UHFFFAOYSA-N
481,Carbonate radical,6.63,16518-46-0,C(=O)([O-])[O],,,https://doi.org/10.1021/jp9105162,halogenated,Halogenated organics,"InChI=1S/CHO3/c2-1(3)4/h(H,2,3)/p-1",ZHUXMBYIONRQQX-UHFFFAOYSA-M
482,Carbonate radical,7.48,16518-46-0,C(=O)([O-])[O],,,NIST,halogenated,Halogenated organics,"InChI=1S/CHO3/c2-1(3)4/h(H,2,3)/p-1",ZHUXMBYIONRQQX-UHFFFAOYSA-M
483,Carbonate radical,7.48,16518-46-0,C(=O)([O-])[O],,,https://doi.org/10.1021/j100386a015,halogenated,Halogenated organics,"InChI=1S/CHO3/c2-1(3)4/h(H,2,3)/p-1",ZHUXMBYIONRQQX-UHFFFAOYSA-M
484,Carbonate radical,6.74,16518-46-0,C(=O)([O-])[O],,,https://doi.org/10.1016/j.watres.2012.03.051,halogenated,Halogenated organics,"InChI=1S/CHO3/c2-1(3)4/h(H,2,3)/p-1",ZHUXMBYIONRQQX-UHFFFAOYSA-M
485,Carvedilol,7.28,72956-09-3,COC1=CC=CC=C1OCCNCC(COC2=CC=CC3=C2C4=CC=CC=C4N3)O,,,https://doi.org/10.1016/j.watres.2021.117078,diol,Polyfunctional / highly functionalized,"InChI=1S/C24H26N2O4/c1-28-21-10-4-5-11-22(21)29-14-13-25-15-17(27)16-30-23-12-6-9-20-24(23)18-7-2-3-8-19(18)26-20/h2-12,17,25-27H,13-16H2,1H3",OGHNVEJMJSYVRP-UHFFFAOYSA-N
486,Catalase,9.57,120-47-8,O=C(OCC)C1=CC=C(O)C=C1,8.4,,10.1007/s11164-009-0042-8,cyclo,Aromatic & PAHs,"InChI=1S/C9H10O3/c1-2-12-9(11)7-3-5-8(10)6-4-7/h3-6,10H,2H2,1H3",NUVBSKCKDOMJSU-UHFFFAOYSA-N
487,Cellobiose,5.49,133-99-3,C([C@@H]1[C@H]([C@@H]([C@H]([C@@H](O1)O[C@@H]2[C@H](OC([C@@H]([C@H]2O)O)O)CO)O)O)O)O,11,,https://doi.org/10.1081/WCT-120018615,diol,Polyfunctional / highly functionalized,"InChI=1S/C12H22O11/c13-1-3-5(15)6(16)9(19)12(22-3)23-10-4(2-14)21-11(20)8(18)7(10)17/h3-20H,1-2H2/t3-,4-,5-,6+,7-,8-,9-,10-,11?,12+/m1/s1",GUBGYTABKSRVRQ-CUHNMECISA-N
488,Cellobiose,5.22,133-99-3,C([C@@H]1[C@H]([C@@H]([C@H]([C@@H](O1)O[C@@H]2[C@H](OC([C@@H]([C@H]2O)O)O)CO)O)O)O)O,10.3,,https://doi.org/10.1081/WCT-120018615,diol,Polyfunctional / highly functionalized,"InChI=1S/C12H22O11/c13-1-3-5(15)6(16)9(19)12(22-3)23-10-4(2-14)21-11(20)8(18)7(10)17/h3-20H,1-2H2/t3-,4-,5-,6+,7-,8-,9-,10-,11?,12+/m1/s1",GUBGYTABKSRVRQ-CUHNMECISA-N
489,Cellobiose,6.68,133-99-3,C([C@@H]1[C@H]([C@@H]([C@H]([C@@H](O1)O[C@@H]2[C@H](OC([C@@H]([C@H]2O)O)O)CO)O)O)O)O,12.1,,https://doi.org/10.1081/WCT-120018615,diol,Polyfunctional / highly functionalized,"InChI=1S/C12H22O11/c13-1-3-5(15)6(16)9(19)12(22-3)23-10-4(2-14)21-11(20)8(18)7(10)17/h3-20H,1-2H2/t3-,4-,5-,6+,7-,8-,9-,10-,11?,12+/m1/s1",GUBGYTABKSRVRQ-CUHNMECISA-N
490,Cellobiose,7.03,133-99-3,C([C@@H]1[C@H]([C@@H]([C@H]([C@@H](O1)O[C@@H]2[C@H](OC([C@@H]([C@H]2O)O)O)CO)O)O)O)O,13,,https://doi.org/10.1081/WCT-120018615,diol,Polyfunctional / highly functionalized,"InChI=1S/C12H22O11/c13-1-3-5(15)6(16)9(19)12(22-3)23-10-4(2-14)21-11(20)8(18)7(10)17/h3-20H,1-2H2/t3-,4-,5-,6+,7-,8-,9-,10-,11?,12+/m1/s1",GUBGYTABKSRVRQ-CUHNMECISA-N
491,Chlorine radical,8.34,24203-47-2,ClCl,,,https://doi.org/10.1016/j.watres.2024.121440,halogenated,Halogenated organics,InChI=1S/Cl2/c1-2,KZBUYRJDOAKODT-UHFFFAOYSA-N
492,Chlorite ion,7.49,14998-27-7,[O-]Cl=O,11.7,,https://doi.org/10.1021/j100278a046,halogenated,Halogenated organics,InChI=1S/ClO2/c2-1-3/q-1,GXXLZZYHIIGRLP-UHFFFAOYSA-N
493,Chloroacetate,3.3,14526-03-5,C(C(=O)[O-])Cl,12.1–12.7,,https://doi.org/10.1063/1.555808,halogenated,Halogenated organics,"InChI=1S/C2H3ClO2/c3-1-2(4)5/h1H2,(H,4,5)/p-1",FOCAUTSVDIKZOP-UHFFFAOYSA-M
494,Chloroacetate,3.3,14526-03-5,C(C(=O)[O-])Cl,12.7,,NIST,halogenated,Halogenated organics,"InChI=1S/C2H3ClO2/c3-1-2(4)5/h1H2,(H,4,5)/p-1",FOCAUTSVDIKZOP-UHFFFAOYSA-M
495,Chlorobenzene,5.43,108-90-7,C1=CC=C(C=C1)Cl,9,,https://doi.org/10.1016/j.scitotenv.2020.137219,halogenated,Halogenated organics,InChI=1S/C6H5Cl/c7-6-4-2-1-3-5-6/h1-5H,MVPPADPHJFYWMZ-UHFFFAOYSA-N
496,Chloropentaammineruthenium(III) ion,6.89,18532-87-1,[Ru+3].[Cl-].[Cl-].[Cl-].N.N.N.N.N,6.5,,https://doi.org/10.1021/j100514a007,halogenated,Halogenated organics,InChI=1S/3ClH.5H3N.Ru/h3*1H;5*1H3;/q;;;;;;;;+3/p-3,HLAVJMYZYQTXAH-UHFFFAOYSA-K
497,Chlorophyll a,8.3,479-61-8,CCC1=C(C2=NC1=CC3=C(C4=C([N-]3)C(=C5[C@H]([C@@H](C(=N5)C=C6C(=C(C(=C2)[N-]6)C=C)C)C)CCC(=O)OC/C=C(\C)/CCC[C@H](C)CCC[C@H](C)CCCC(C)C)[C@H](C4=O)C(=O)OC)C)C.[Mg+2],,,NIST,diol,Polyfunctional / highly functionalized,"InChI=1S/C55H73N4O5.Mg/c1-13-39-35(8)42-28-44-37(10)41(24-25-48(60)64-27-26-34(7)23-17-22-33(6)21-16-20-32(5)19-15-18-31(3)4)52(58-44)50-51(55(62)63-12)54(61)49-38(11)45(59-53(49)50)30-47-40(14-2)36(9)43(57-47)29-46(39)56-42;/h13,26,28-33,37,41,51H,1,14-25,27H2,2-12H3,(H-,56,57,58,59,61);/q-1;+2/p-1/b34-26+;/t32-,33-,37+,41+,51-;/m1./s1",ATNHDLDRLWWWCB-AENOIHSZSA-M
498,Chlorophyll a,8.3,479-61-8,CCC1=C(C2=NC1=CC3=C(C4=C([N-]3)C(=C5[C@H]([C@@H](C(=N5)C=C6C(=C(C(=C2)[N-]6)C=C)C)C)CCC(=O)OC/C=C(\C)/CCC[C@H](C)CCC[C@H](C)CCCC(C)C)[C@H](C4=O)C(=O)OC)C)C.[Mg+2],,,https://doi.org/10.1021/j150623a020,diol,Polyfunctional / highly functionalized,"InChI=1S/C55H73N4O5.Mg/c1-13-39-35(8)42-28-44-37(10)41(24-25-48(60)64-27-26-34(7)23-17-22-33(6)21-16-20-32(5)19-15-18-31(3)4)52(58-44)50-51(55(62)63-12)54(61)49-38(11)45(59-53(49)50)30-47-40(14-2)36(9)43(57-47)29-46(39)56-42;/h13,26,28-33,37,41,51H,1,14-25,27H2,2-12H3,(H-,56,57,58,59,61);/q-1;+2/p-1/b34-26+;/t32-,33-,37+,41+,51-;/m1./s1",ATNHDLDRLWWWCB-AENOIHSZSA-M
499,Chlorotoluron,7.23,15545-48-9,CN(C(NC1=CC=C(C)C(Cl)=C1)=O)C,,,https://doi.org/10.1016/j.jhazmat.2025.137909,halogenated,Halogenated organics,"InChI=1S/C10H13ClN2O/c1-7-4-5-8(6-9(7)11)12-10(14)13(2)3/h4-6H,1-3H3,(H,12,14)",JXCGFZXSOMJFOA-UHFFFAOYSA-N
500,Chlorotoluron,7.34,15545-48-9,CN(C(NC1=CC=C(C)C(Cl)=C1)=O)C,11,,https://doi.org/10.1021/es051236b,halogenated,Halogenated organics,"InChI=1S/C10H13ClN2O/c1-7-4-5-8(6-9(7)11)12-10(14)13(2)3/h4-6H,1-3H3,(H,12,14)",JXCGFZXSOMJFOA-UHFFFAOYSA-N
501,Chlorpyrifos,6.94,2921-88-2,ClC1=C(Cl)N=C(OP(OCC)(OCC)=S)C(Cl)=C1,7,,https://doi.org/10.1016/j.watres.2010.04.011,"sulfide, disulfide",Sulfur-containing organics,"InChI=1S/C9H11Cl3NO3PS/c1-3-14-17(18,15-4-2)16-9-7(11)5-6(10)8(12)13-9/h5H,3-4H2,1-2H3",SBPBAQFWLVIOKP-UHFFFAOYSA-N
502,Chlorpyrifos,6.96,2921-88-2,ClC1=C(Cl)N=C(OP(OCC)(OCC)=S)C(Cl)=C1,8.5,,https://doi.org/10.1021/es3030808,"sulfide, disulfide",Sulfur-containing organics,"InChI=1S/C9H11Cl3NO3PS/c1-3-14-17(18,15-4-2)16-9-7(11)5-6(10)8(12)13-9/h5H,3-4H2,1-2H3",SBPBAQFWLVIOKP-UHFFFAOYSA-N
503,Chlorpyrifos,6.94,2921-88-2,ClC1=C(Cl)N=C(OP(OCC)(OCC)=S)C(Cl)=C1,9,,https://doi.org/10.1016/j.watres.2010.04.011,"sulfide, disulfide",Sulfur-containing organics,"InChI=1S/C9H11Cl3NO3PS/c1-3-14-17(18,15-4-2)16-9-7(11)5-6(10)8(12)13-9/h5H,3-4H2,1-2H3",SBPBAQFWLVIOKP-UHFFFAOYSA-N
504,Clenbuterol,8.72,37148-27-9,CC(C)(C)NCC(C1=CC(=C(C(=C1)Cl)N)Cl)O,6.5,,https://doi.org/10.1016/j.cej.2014.05.088,alkane,Aliphatic hydrocarbons,"InChI=1S/C12H18Cl2N2O/c1-12(2,3)16-6-10(17)7-4-8(13)11(15)9(14)5-7/h4-5,10,16-17H,6,15H2,1-3H3",STJMRWALKKWQGH-UHFFFAOYSA-N
505,Clenbuterol,8.72,37148-27-9,CC(C)(C)NCC(C1=CC(=C(C(=C1)Cl)N)Cl)O,,,https://doi.org/10.1016/j.watres.2020.116231,alkane,Aliphatic hydrocarbons,"InChI=1S/C12H18Cl2N2O/c1-12(2,3)16-6-10(17)7-4-8(13)11(15)9(14)5-7/h4-5,10,16-17H,6,15H2,1-3H3",STJMRWALKKWQGH-UHFFFAOYSA-N
506,Clofibrate,7,637-07-0,CCOC(=O)C(C)(C)OC1=CC=C(C=C1)Cl,6.5,,https://doi.org/10.1016/j.cej.2014.05.088,diol,Polyfunctional / highly functionalized,"InChI=1S/C12H15ClO3/c1-4-15-11(14)12(2,3)16-10-7-5-9(13)6-8-10/h5-8H,4H2,1-3H3",KNHUKKLJHYUCFP-UHFFFAOYSA-N
507,Clofibrate,6.93,637-07-0,CCOC(=O)C(C)(C)OC1=CC=C(C=C1)Cl,,,https://doi.org/10.1016/j.jhazmat.2025.138038,diol,Polyfunctional / highly functionalized,"InChI=1S/C12H15ClO3/c1-4-15-11(14)12(2,3)16-10-7-5-9(13)6-8-10/h5-8H,4H2,1-3H3",KNHUKKLJHYUCFP-UHFFFAOYSA-N
508,Clofibric acid,7,882-09-7,ClC1=CC=C(OC(C)(C)C(O)=O)C=C1,,,https://doi.org/10.1016/j.jhazmat.2025.138003,cyclo,Aromatic & PAHs,"InChI=1S/C10H11ClO3/c1-10(2,9(12)13)14-8-5-3-7(11)4-6-8/h3-6H,1-2H3,(H,12,13)",TXCGAZHTZHNUAI-UHFFFAOYSA-N
509,Clomazone,6.73,81777-89-1,O=C1N(CC2=C(Cl)C=CC=C2)OCC1(C)C,,,https://doi.org/10.1016/j.jhazmat.2025.137984,alcohol,Oxygenated organics,"InChI=1S/C12H14ClNO2/c1-12(2)8-16-14(11(12)15)7-9-5-3-4-6-10(9)13/h3-6H,7-8H2,1-2H3",KIEDNEWSYUYDSN-UHFFFAOYSA-N
510,Clopyralid,6.53,1702-17-6,C1=CC(=NC(=C1Cl)C(=O)O)Cl,8.5,,https://doi.org/10.1021/es3030808,halogenated,Halogenated organics,"InChI=1S/C6H3Cl2NO2/c7-3-1-2-4(8)9-5(3)6(10)11/h1-2H,(H,10,11)",HUBANNPOLNYSAD-UHFFFAOYSA-N
511,cob(II)alamin,9.3,14463-33-3,CC1=CC2=C(C=C1C)N(C=N2)[C@@H]3[C@@H]([C@@H]([C@H](O3)CO)OP(=O)([O-])O[C@H](C)CNC(=O)CC[C@@]\4([C@H]([C@@H]5[C@]6([C@@]([C@@H](C(=N6)/C(=C\7/[C@@]([C@@H](C(=N7)/C=C\8/C([C@@H](C(=N8)/C(=C4\[N-]5)/C)CCC(=O)N)(C)C)CCC(=O)N)(C)CC(=O)N)/C)CCC(=O)N)(C)CC(=O)N)C)CC(=O)N)C)O.[Co+2],,,https://doi.org/10.1002/chem.201406269,diol,Polyfunctional / highly functionalized,"InChI=1S/C62H90N13O14P.Co/c1-29-20-39-40(21-30(29)2)75(28-70-39)57-52(84)53(41(27-76)87-57)89-90(85,86)88-31(3)26-69-49(83)18-19-59(8)37(22-46(66)80)56-62(11)61(10,25-48(68)82)36(14-17-45(65)79)51(74-62)33(5)55-60(9,24-47(67)81)34(12-15-43(63)77)38(71-55)23-42-58(6,7)35(13-16-44(64)78)50(72-42)32(4)54(59)73-56;/h20-21,23,28,31,34-37,41,52-53,56-57,76,84H,12-19,22,24-27H2,1-11H3,(H15,63,64,65,66,67,68,69,71,72,73,74,77,78,79,80,81,82,83,85,86);/q;+2/p-2/t31-,34-,35-,36-,37+,41-,52-,53-,56-,57+,59-,60+,61+,62+;/m1./s1",ASARMUCNOOHMLO-DSRCUDDDSA-L
512,Cobalt(II) ion,6.4,22541-53-3,[Co+2],5.8,,NIST,halogenated,Halogenated organics,InChI=1S/Co/q+2,XLJKHNWPARRRJB-UHFFFAOYSA-N
513,Cobalt(II) ion,6.45,22541-53-3,[Co+2],6.5,,https://doi.org/10.1021/j100514a007,halogenated,Halogenated organics,InChI=1S/Co/q+2,XLJKHNWPARRRJB-UHFFFAOYSA-N
514,Cobalt(II) ion,6.64,22541-53-3,[Co+2],7,,https://doi.org/10.1021/j100628a006,halogenated,Halogenated organics,InChI=1S/Co/q+2,XLJKHNWPARRRJB-UHFFFAOYSA-N
515,Cobalt(III) nitrilotriacetate,7.2,23319-51-9,O=C1[O-][Co+3]([O-]C2=O)([O-]C3=O)[N](C3)(C2)C1,5.8,,NIST,diol,Polyfunctional / highly functionalized,,
516,Cobalt-iminodiacetic acid complex,7,13869-30-2,O=C1[O-][Co+2]([O-]C2=O)N(C2)C1,8.5,,NIST,diol,Polyfunctional / highly functionalized,,
517,Cobalt-iminodiacetic acid complex,6.72,13869-30-2,O=C1[O-][Co+2]([O-]C2=O)N(C2)C1,11.2,,NIST,diol,Polyfunctional / highly functionalized,,
518,Cortisol,6.38,50-23-7,O=C1CC[C@@]2(C)C(CC[C@]3([H])[C@]2([H])[C@@H](O)C[C@@]4(C)[C@@]3([H])CC[C@@]4(C(CO)=O)O)=C1,,,https://doi.org/10.1016/j.watres.2015.02.014,diol,Polyfunctional / highly functionalized,"InChI=1S/C21H30O5/c1-19-7-5-13(23)9-12(19)3-4-14-15-6-8-21(26,17(25)11-22)20(15,2)10-16(24)18(14)19/h9,14-16,18,22,24,26H,3-8,10-11H2,1-2H3/t14-,15-,16-,18+,19-,20-,21-/m0/s1",JYGXADMDTFJGBT-VWUMJDOOSA-N
519,Cortisone,6.83,53-06-5,O=C1CC[C@@]2(C)C(CC[C@]3([H])[C@]2([H])C(C[C@@]4(C)[C@@]3([H])CC[C@]4(O)C(CO)=O)=O)=C1,,,https://doi.org/10.1016/j.jhazmat.2025.138051,diol,Polyfunctional / highly functionalized,"InChI=1S/C21H28O5/c1-19-7-5-13(23)9-12(19)3-4-14-15-6-8-21(26,17(25)11-22)20(15,2)10-16(24)18(14)19/h9,14-15,18,22,26H,3-8,10-11H2,1-2H3/t14-,15-,18+,19-,20-,21-/m0/s1",MFYSYFVPBJMHGN-ZPOLXVRWSA-N
520,Crotonic acid,3.89,3724-65-0,C/C=C/C(=O)O,,,https://doi.org/10.1016/j.jhazmat.2025.138023,halogenated,Halogenated organics,"InChI=1S/C4H6O2/c1-2-3-4(5)6/h2-3H,1H3,(H,5,6)/b3-2+",LDHQCZJRKDOVOX-NSCUHMNNSA-N
521,Cyanate Ion,3,71000-82-3,OC#N,,,https://doi.org/10.1021/j100298a031,alcohol,Oxygenated organics,InChI=1S/CHNO/c2-1-3/h3H,XLJMAIOERFSOGZ-UHFFFAOYSA-N
522,Cyanate ion,3,71000-82-3,OC#N,,,NIST,alcohol,Oxygenated organics,InChI=1S/CHNO/c2-1-3/h3H,XLJMAIOERFSOGZ-UHFFFAOYSA-N
523,Cyanazine,6.94,21725-46-2,CCNC1=NC(=NC(=N1)Cl)NC(C)(C)C#N,8.5,,https://doi.org/10.1021/es3030808,alkane,Aliphatic hydrocarbons,"InChI=1S/C9H13ClN6/c1-4-12-7-13-6(10)14-8(15-7)16-9(2,3)5-11/h4H2,1-3H3,(H2,12,13,14,15,16)",MZZBPDKVEFVLFF-UHFFFAOYSA-N
524,Cyanazine,6.94,21725-46-2,CCNC1=NC(=NC(=N1)Cl)NC(C)(C)C#N,,,https://doi.org/10.1016/j.jhazmat.2025.138104,alkane,Aliphatic hydrocarbons,"InChI=1S/C9H13ClN6/c1-4-12-7-13-6(10)14-8(15-7)16-9(2,3)5-11/h4H2,1-3H3,(H2,12,13,14,15,16)",MZZBPDKVEFVLFF-UHFFFAOYSA-N
525,Cyclohexanoic acid,4.9,87364-66-7,C1CCC(CC1)C(=O)O,,,https://doi.org/10.1016/j.jhazmat.2025.138021,halogenated,Halogenated organics,"InChI=1S/C7H12O2/c8-7(9)6-4-2-1-3-5-6/h6H,1-5H2,(H,8,9)",NZNMSOFKMUBTKW-UHFFFAOYSA-N
526,Cyclohexanol,4.97,108-93-0,C1CCC(CC1)O,13,,https://doi.org/10.1016/j.chemosphere.2023.140660,halogenated,Halogenated organics,"InChI=1S/C6H12O/c7-6-4-2-1-3-5-6/h6-7H,1-5H2",HPXRVTGHNJAIIH-UHFFFAOYSA-N
527,Cyclohexanol,4.97,108-93-0,C1CCC(CC1)O,11.5,,https://doi.org/10.1039/c3em00479a,halogenated,Halogenated organics,"InChI=1S/C6H12O/c7-6-4-2-1-3-5-6/h6-7H,1-5H2",HPXRVTGHNJAIIH-UHFFFAOYSA-N
528,Cyclohexylamine,5.86,1460-16-8,C1CCCC(CC1)C(=O)O,11.5,,https://doi.org/10.1016/S0040-4020(01)91404-8,halogenated,Halogenated organics,"InChI=1S/C8H14O2/c9-8(10)7-5-3-1-2-4-6-7/h7H,1-6H2,(H,9,10)",VZFUCHSFHOYXIS-UHFFFAOYSA-N
529,Cyclohexylamine,5.86,1460-16-8,C1CCCC(CC1)C(=O)O,11.5,,NIST,halogenated,Halogenated organics,"InChI=1S/C8H14O2/c9-8(10)7-5-3-1-2-4-6-7/h7H,1-6H2,(H,9,10)",VZFUCHSFHOYXIS-UHFFFAOYSA-N
530,Cyclohexylamine,5.86,1460-16-8,C1CCCC(CC1)C(=O)O,13,,https://doi.org/10.1002/kin.550250308,halogenated,Halogenated organics,"InChI=1S/C8H14O2/c9-8(10)7-5-3-1-2-4-6-7/h7H,1-6H2,(H,9,10)",VZFUCHSFHOYXIS-UHFFFAOYSA-N
531,Cyclophosphamide,6.11,50-18-0,C1CNP(=O)(OC1)N(CCCl)CCCl,,,https://doi.org/10.1016/j.watres.2015.02.014,phosphorus,Phosphorus-containing organics,"InChI=1S/C7H15Cl2N2O2P/c8-2-5-11(6-3-9)14(12)10-4-1-7-13-14/h1-7H2,(H,10,12)",CMSMOCZEIVJLDB-UHFFFAOYSA-N
532,Cylindrospermopsin,8.48,143545-90-8,C[C@H]1[C@H](C[C@@H]2C[C@@H](NC3=NC[C@H]1N23)[C@H](C4=CC(=O)NC(=O)N4)O)OS(=O)(=O)O,11,,https://doi.org/10.1021/acs.est.0c03404,diol,Polyfunctional / highly functionalized,"InChI=1S/C15H21N5O7S/c1-6-10-5-16-14-17-8(13(22)9-4-12(21)19-15(23)18-9)2-7(20(10)14)3-11(6)27-28(24,25)26/h4,6-8,10-11,13,22H,2-3,5H2,1H3,(H,16,17)(H,24,25,26)(H2,18,19,21,23)/t6-,7+,8-,10-,11+,13-/m1/s1",LHJPHMKIGRLKDR-VDPNAHCISA-N
533,Cylindrospermopsin,7.08,143545-90-8,C[C@H]1[C@H](C[C@@H]2C[C@@H](NC3=NC[C@H]1N23)[C@H](C4=CC(=O)NC(=O)N4)O)OS(=O)(=O)O,8,,https://doi.org/10.1021/acs.est.0c03404,diol,Polyfunctional / highly functionalized,"InChI=1S/C15H21N5O7S/c1-6-10-5-16-14-17-8(13(22)9-4-12(21)19-15(23)18-9)2-7(20(10)14)3-11(6)27-28(24,25)26/h4,6-8,10-11,13,22H,2-3,5H2,1H3,(H,16,17)(H,24,25,26)(H2,18,19,21,23)/t6-,7+,8-,10-,11+,13-/m1/s1",LHJPHMKIGRLKDR-VDPNAHCISA-N
534,Cylindrospermopsin,8.15,143545-90-8,C[C@H]1[C@H](C[C@@H]2C[C@@H](NC3=NC[C@H]1N23)[C@H](C4=CC(=O)NC(=O)N4)O)OS(=O)(=O)O,10.5,,https://doi.org/10.1016/j.watres.2015.01.011,diol,Polyfunctional / highly functionalized,"InChI=1S/C15H21N5O7S/c1-6-10-5-16-14-17-8(13(22)9-4-12(21)19-15(23)18-9)2-7(20(10)14)3-11(6)27-28(24,25)26/h4,6-8,10-11,13,22H,2-3,5H2,1H3,(H,16,17)(H,24,25,26)(H2,18,19,21,23)/t6-,7+,8-,10-,11+,13-/m1/s1",LHJPHMKIGRLKDR-VDPNAHCISA-N
535,Cysteine,8.26,3374-22-9,N[C@@H](CS)C(O)=O,11.4,,NIST,halogenated,Halogenated organics,"InChI=1S/C3H7NO2S/c4-2(1-7)3(5)6/h2,7H,1,4H2,(H,5,6)/t2-/m0/s1",XUJNEKJLAYXESH-REOHCLBHSA-N
536,Cysteine,7.66,3374-22-9,N[C@@H](CS)C(O)=O,7,,https://doi.org/10.1016/j.scitotenv.2020.137219,halogenated,Halogenated organics,"InChI=1S/C3H7NO2S/c4-2(1-7)3(5)6/h2,7H,1,4H2,(H,5,6)/t2-/m0/s1",XUJNEKJLAYXESH-REOHCLBHSA-N
537,Cysteine,7.7,3374-22-9,N[C@@H](CS)C(O)=O,,,https://doi.org/10.1016/j.freeradbiomed.2004.10.022,halogenated,Halogenated organics,"InChI=1S/C3H7NO2S/c4-2(1-7)3(5)6/h2,7H,1,4H2,(H,5,6)/t2-/m0/s1",XUJNEKJLAYXESH-REOHCLBHSA-N
538,Cysteine,7.66,3374-22-9,N[C@@H](CS)C(O)=O,7,,https://doi.org/10.2307/3573789,halogenated,Halogenated organics,"InChI=1S/C3H7NO2S/c4-2(1-7)3(5)6/h2,7H,1,4H2,(H,5,6)/t2-/m0/s1",XUJNEKJLAYXESH-REOHCLBHSA-N
539,Cysteine,8.43,3374-22-9,N[C@@H](CS)C(O)=O,11.2,,https://doi.org/10.2307/3573266,halogenated,Halogenated organics,"InChI=1S/C3H7NO2S/c4-2(1-7)3(5)6/h2,7H,1,4H2,(H,5,6)/t2-/m0/s1",XUJNEKJLAYXESH-REOHCLBHSA-N
540,Cysteine,8.4,3374-22-9,N[C@@H](CS)C(O)=O,12,,https://doi.org/10.2307/3574180,halogenated,Halogenated organics,"InChI=1S/C3H7NO2S/c4-2(1-7)3(5)6/h2,7H,1,4H2,(H,5,6)/t2-/m0/s1",XUJNEKJLAYXESH-REOHCLBHSA-N
541,Cysteine,8.54,3374-22-9,N[C@@H](CS)C(O)=O,10,,https://doi.org/10.2307/3574180,halogenated,Halogenated organics,"InChI=1S/C3H7NO2S/c4-2(1-7)3(5)6/h2,7H,1,4H2,(H,5,6)/t2-/m0/s1",XUJNEKJLAYXESH-REOHCLBHSA-N
542,Cysteine,8.48,3374-22-9,N[C@@H](CS)C(O)=O,11,,https://doi.org/10.1016/j.chemosphere.2023.140660,halogenated,Halogenated organics,"InChI=1S/C3H7NO2S/c4-2(1-7)3(5)6/h2,7H,1,4H2,(H,5,6)/t2-/m0/s1",XUJNEKJLAYXESH-REOHCLBHSA-N
543,Cysteine,8.26,3374-22-9,N[C@@H](CS)C(O)=O,11.4,,https://doi.org/10.1021/jp049063k,halogenated,Halogenated organics,"InChI=1S/C3H7NO2S/c4-2(1-7)3(5)6/h2,7H,1,4H2,(H,5,6)/t2-/m0/s1",XUJNEKJLAYXESH-REOHCLBHSA-N
544,Cysteine,7.66,3374-22-9,N[C@@H](CS)C(O)=O,,,https://doi.org/10.1016/j.jhazmat.2025.137996,halogenated,Halogenated organics,"InChI=1S/C3H7NO2S/c4-2(1-7)3(5)6/h2,7H,1,4H2,(H,5,6)/t2-/m0/s1",XUJNEKJLAYXESH-REOHCLBHSA-N
545,Cysteine,8.48,3374-22-9,N[C@@H](CS)C(O)=O,7,,https://doi.org/10.1016/j.chemosphere.2023.140660,halogenated,Halogenated organics,"InChI=1S/C3H7NO2S/c4-2(1-7)3(5)6/h2,7H,1,4H2,(H,5,6)/t2-/m0/s1",XUJNEKJLAYXESH-REOHCLBHSA-N
546,Cysteine methyl ester,7,44641-43-2,COC(=O)[C@H](CS)N,,,https://doi.org/10.1016/j.jhazmat.2025.138124,alcohol,Oxygenated organics,"InChI=1S/C4H9NO2S/c1-7-4(6)3(5)2-8/h3,8H,2,5H2,1H3/t3-/m0/s1",MCYHPZGUONZRGO-VKHMYHEASA-N
547,Cysteine sulfinic acid,7.74,2381-08-0,C(C(C(=O)O)N)S(=O)O,11.3,,https://doi.org/10.3109/10715762.2014.951839,"sulfide, disulfide",Sulfur-containing organics,"InChI=1S/C3H7NO4S/c4-2(3(5)6)1-9(7)8/h2H,1,4H2,(H,5,6)(H,7,8)",ADVPTQAUNPRNPO-UHFFFAOYSA-N
548,Cysteinyldopa-melanin,8.3,19641-92-0,NC(C(O)=O)CC1=CC(O)=C(O)C(SCC(N)C(O)=O)=C1,10,,https://doi.org/10.1021/jp801505b,cyclo,Aromatic & PAHs,"InChI=1S/C12H16N2O6S/c13-6(11(17)18)1-5-2-8(15)10(16)9(3-5)21-4-7(14)12(19)20/h2-3,6-7,15-16H,1,4,13-14H2,(H,17,18)(H,19,20)",SXISMOAILJWTID-UHFFFAOYSA-N
549,Cystine,7.08,24645-67-8,C([C@@H](C(=O)O)N)SSC[C@@H](C(=O)O)N,11.4,,NIST,"sulfide, disulfide",Sulfur-containing organics,"InChI=1S/C6H12N2O4S2/c7-3(5(9)10)1-13-14-2-4(8)6(11)12/h3-4H,1-2,7-8H2,(H,9,10)(H,11,12)/t3-,4-/m0/s1",LEVWYRKDKASIDU-IMJSIDKUSA-N
550,Cystine,7,24645-67-8,C([C@@H](C(=O)O)N)SSC[C@@H](C(=O)O)N,11.4,,https://doi.org/10.1039/c3em00479a,"sulfide, disulfide",Sulfur-containing organics,"InChI=1S/C6H12N2O4S2/c7-3(5(9)10)1-13-14-2-4(8)6(11)12/h3-4H,1-2,7-8H2,(H,9,10)(H,11,12)/t3-,4-/m0/s1",LEVWYRKDKASIDU-IMJSIDKUSA-N
551,Cystine dimethyl ester,6.86,78271-08-6,COC(=O)[C@H](CSSC[C@@H](C(=O)OC)N)N,7,,https://doi.org/10.2307/3573789,diol,Polyfunctional / highly functionalized,"InChI=1S/C8H16N2O4S2/c1-13-7(11)5(9)3-15-16-4-6(10)8(12)14-2/h5-6H,3-4,9-10H2,1-2H3/t5-,6-/m0/s1",NXPNPYNCKSWEHA-WDSKDSINSA-N
552,Cytochrome c,8,9007-43-6,CC1=C(C(C)SCC(N)C(NC)=O)C(/C=C(C(C)=C/2CCC(O)=O)\[N-]C2=C/C(C(CCC(O)=O)=C/3C)=NC3=C/4)=N/C1=C\C5=C(C(C)SCC(N)C(NC)=O)C(C)=C4[N-]5.[Fe+2],8,,10.1007/s11164-009-0042-8,diol,Polyfunctional / highly functionalized,"InChI=1S/C42H54N8O6S2.Fe/c1-19-25(9-11-37(51)52)33-16-34-26(10-12-38(53)54)20(2)30(48-34)14-35-40(24(6)58-18-28(44)42(56)46-8)22(4)32(50-35)15-36-39(21(3)31(49-36)13-29(19)47-33)23(5)57-17-27(43)41(55)45-7;/h13-16,23-24,27-28H,9-12,17-18,43-44H2,1-8H3,(H6,45,46,47,48,49,50,51,52,53,54,55,56);/q;+2/p-2",WFVBWSTZNVJEAY-UHFFFAOYSA-L
553,Cytochrome c,8.04,9007-43-6,CC1=C(C(C)SCC(N)C(NC)=O)C(/C=C(C(C)=C/2CCC(O)=O)\[N-]C2=C/C(C(CCC(O)=O)=C/3C)=NC3=C/4)=N/C1=C\C5=C(C(C)SCC(N)C(NC)=O)C(C)=C4[N-]5.[Fe+2],10,,10.1007/s11164-009-0042-8,diol,Polyfunctional / highly functionalized,"InChI=1S/C42H54N8O6S2.Fe/c1-19-25(9-11-37(51)52)33-16-34-26(10-12-38(53)54)20(2)30(48-34)14-35-40(24(6)58-18-28(44)42(56)46-8)22(4)32(50-35)15-36-39(21(3)31(49-36)13-29(19)47-33)23(5)57-17-27(43)41(55)45-7;/h13-16,23-24,27-28H,9-12,17-18,43-44H2,1-8H3,(H6,45,46,47,48,49,50,51,52,53,54,55,56);/q;+2/p-2",WFVBWSTZNVJEAY-UHFFFAOYSA-L
554,Desferrioxamine,9.23,70-51-9,NCCCCCN(O)C(CCC(NCCCCCN(C(CCC(NCCCCCN(O)C(C)=O)=O)=O)O)=O)=O,7.5,,https://doi.org/10.1016/j.freeradbiomed.2003.10.011,diol,Polyfunctional / highly functionalized,"InChI=1S/C25H48N6O8/c1-21(32)29(37)18-9-3-6-16-27-22(33)12-14-25(36)31(39)20-10-4-7-17-28-23(34)11-13-24(35)30(38)19-8-2-5-15-26/h37-39H,2-20,26H2,1H3,(H,27,33)(H,28,34)",UBQYURCVBFRUQT-UHFFFAOYSA-N
555,Dibutylamine,6.7,111-92-2,CCCCNCCCC,12,,https://doi.org/10.1063/1.555808,alkane,Aliphatic hydrocarbons,"InChI=1S/C8H19N/c1-3-5-7-9-8-6-4-2/h9H,3-8H2,1-2H3",JQVDAXLFBXTEQA-UHFFFAOYSA-N
556,Dibutylamine,6.7,111-92-2,CCCCNCCCC,11.5,,https://doi.org/10.1016/S0040-4020(01)91404-8,alkane,Aliphatic hydrocarbons,"InChI=1S/C8H19N/c1-3-5-7-9-8-6-4-2/h9H,3-8H2,1-2H3",JQVDAXLFBXTEQA-UHFFFAOYSA-N
557,Dibutylamine,6.7,111-92-2,CCCCNCCCC,11.5,,NIST,alkane,Aliphatic hydrocarbons,"InChI=1S/C8H19N/c1-3-5-7-9-8-6-4-2/h9H,3-8H2,1-2H3",JQVDAXLFBXTEQA-UHFFFAOYSA-N
558,Dichlorodihydrofluorescein,9.04,4091-99-0,C1=CC=C2C(=C1)C(=O)OC23C4=C(C=C(C=C4)O)OC5=C3C(C(C(=C5)O)Cl)Cl,7.4,,https://doi.org/10.1021/tx049747j,diol,Polyfunctional / highly functionalized,"InChI=1S/C20H12Cl2O5/c21-17-13(24)8-15-16(18(17)22)20(12-6-5-9(23)7-14(12)26-15)11-4-2-1-3-10(11)19(25)27-20/h1-8,17-18,23-24H",YAYLCTBKTQQVRP-UHFFFAOYSA-N
559,Diclofenac,7.89,15307-86-5,C1=CC=C(C(=C1)CC(=O)O)NC2=C(C=CC=C2Cl)Cl,,,https://doi.org/10.1016/j.chemosphere.2023.138793,halogenated,Halogenated organics,"InChI=1S/C14H11Cl2NO2/c15-10-5-3-6-11(16)14(10)17-12-7-2-1-4-9(12)8-13(18)19/h1-7,17H,8H2,(H,18,19)",DCOPUUMXTXDBNB-UHFFFAOYSA-N
560,Diclofenac,7.43,15307-86-5,C1=CC=C(C(=C1)CC(=O)O)NC2=C(C=CC=C2Cl)Cl,8.8,,https://doi.org/10.1021/acs.est.8b04383,halogenated,Halogenated organics,"InChI=1S/C14H11Cl2NO2/c15-10-5-3-6-11(16)14(10)17-12-7-2-1-4-9(12)8-13(18)19/h1-7,17H,8H2,(H,18,19)",DCOPUUMXTXDBNB-UHFFFAOYSA-N
561,Diclofenac,7.9,15307-86-5,C1=CC=C(C(=C1)CC(=O)O)NC2=C(C=CC=C2Cl)Cl,,,https://doi.org/10.1016/j.cej.2024.155998,halogenated,Halogenated organics,"InChI=1S/C14H11Cl2NO2/c15-10-5-3-6-11(16)14(10)17-12-7-2-1-4-9(12)8-13(18)19/h1-7,17H,8H2,(H,18,19)",DCOPUUMXTXDBNB-UHFFFAOYSA-N
562,Diclofenac,7.89,15307-86-5,C1=CC=C(C(=C1)CC(=O)O)NC2=C(C=CC=C2Cl)Cl,6.5,,https://doi.org/10.1016/j.cej.2014.05.088,halogenated,Halogenated organics,"InChI=1S/C14H11Cl2NO2/c15-10-5-3-6-11(16)14(10)17-12-7-2-1-4-9(12)8-13(18)19/h1-7,17H,8H2,(H,18,19)",DCOPUUMXTXDBNB-UHFFFAOYSA-N
563,Diclofenac,7.43,15307-86-5,C1=CC=C(C(=C1)CC(=O)O)NC2=C(C=CC=C2Cl)Cl,,,https://doi.org/10.1016/j.jhazmat.2025.137912,halogenated,Halogenated organics,"InChI=1S/C14H11Cl2NO2/c15-10-5-3-6-11(16)14(10)17-12-7-2-1-4-9(12)8-13(18)19/h1-7,17H,8H2,(H,18,19)",DCOPUUMXTXDBNB-UHFFFAOYSA-N
564,Diethyl disulfide,7.65,110-81-6,CCSSCC,8,,https://doi.org/10.1063/1.555808,"sulfide, disulfide",Sulfur-containing organics,"InChI=1S/C4H10S2/c1-3-5-6-4-2/h3-4H2,1-2H3",CETBSQOFQKLHHZ-UHFFFAOYSA-N
565,Diethyl disulfide,7.82,110-81-6,CCSSCC,11,,NIST,"sulfide, disulfide",Sulfur-containing organics,"InChI=1S/C4H10S2/c1-3-5-6-4-2/h3-4H2,1-2H3",CETBSQOFQKLHHZ-UHFFFAOYSA-N
566,Diethyl disulfide,7.65,110-81-6,CCSSCC,8,,NIST,"sulfide, disulfide",Sulfur-containing organics,"InChI=1S/C4H10S2/c1-3-5-6-4-2/h3-4H2,1-2H3",CETBSQOFQKLHHZ-UHFFFAOYSA-N
567,Diethylamine,6.58,109-89-7,CCNCC,12,,https://doi.org/10.1063/1.555808,alkane,Aliphatic hydrocarbons,"InChI=1S/C4H11N/c1-3-5-4-2/h5H,3-4H2,1-2H3",HPNMFZURTQLUMO-UHFFFAOYSA-N
568,Diethylamine,6.58,109-89-7,CCNCC,11.5,,NIST,alkane,Aliphatic hydrocarbons,"InChI=1S/C4H11N/c1-3-5-4-2/h5H,3-4H2,1-2H3",HPNMFZURTQLUMO-UHFFFAOYSA-N
569,Diethylamine,6.58,109-89-7,CCNCC,,,https://doi.org/10.1039/C3EM00479A,alkane,Aliphatic hydrocarbons,"InChI=1S/C4H11N/c1-3-5-4-2/h5H,3-4H2,1-2H3",HPNMFZURTQLUMO-UHFFFAOYSA-N
570,Diethylamine N-oxide,7.63,3710-84-7,ON(CC)CC,,,NIST,halogenated,Halogenated organics,"InChI=1S/C4H11NO/c1-3-5(6)4-2/h6H,3-4H2,1-2H3",FVCOIAYSJZGECG-UHFFFAOYSA-N
571,Diethylenetriaminepentaacetate ion,7.23,67-43-6,OC(CN(CC(O)=O)CCN(CC(O)=O)CCN(CC(O)=O)CC(O)=O)=O,11,,NIST,diol,Polyfunctional / highly functionalized,"InChI=1S/C14H23N3O10/c18-10(19)5-15(1-3-16(6-11(20)21)7-12(22)23)2-4-17(8-13(24)25)9-14(26)27/h1-9H2,(H,18,19)(H,20,21)(H,22,23)(H,24,25)(H,26,27)",QPCDCPDFJACHGM-UHFFFAOYSA-N
572,Dihydrolipoic acid,8.23,462-20-4,C(CCC(=O)O)CC(CCS)S,,,https://doi.org/10.1016/j.freeradbiomed.2005.03.014,"sulfide, disulfide",Sulfur-containing organics,"InChI=1S/C8H16O2S2/c9-8(10)4-2-1-3-7(12)5-6-11/h7,11-12H,1-6H2,(H,9,10)",IZFHEQBZOYJLPK-UHFFFAOYSA-N
573,Dihydrorhodamine 123,8.88,109244-58-8,COC(=O)C1=CC=CC=C1C2C3=C(C=C(C=C3)N)OC4=C2C=CC(=C4)N,,,https://doi.org/10.1016/j.freeradbiomed.2004.10.022,diol,Polyfunctional / highly functionalized,"InChI=1S/C21H18N2O3/c1-25-21(24)15-5-3-2-4-14(15)20-16-8-6-12(22)10-18(16)26-19-11-13(23)7-9-17(19)20/h2-11,20H,22-23H2,1H3",FNEZBBILNYNQGC-UHFFFAOYSA-N
574,Dihydrorhodamine 123,8.85,109244-58-8,COC(=O)C1=CC=CC=C1C2C3=C(C=C(C=C3)N)OC4=C2C=CC(=C4)N,,,https://doi.org/10.1016/S0076-6879(08)01214-7,diol,Polyfunctional / highly functionalized,"InChI=1S/C21H18N2O3/c1-25-21(24)15-5-3-2-4-14(15)20-16-8-6-12(22)10-18(16)26-19-11-13(23)7-9-17(19)20/h2-11,20H,22-23H2,1H3",FNEZBBILNYNQGC-UHFFFAOYSA-N
575,Dihydroxidooxoarsenate(III) ion,8.04,7784-46-5,[O-][As]=O.[Na+],10,,NIST,"sulfide, disulfide",Sulfur-containing organics,"InChI=1S/AsHO2.Na/c2-1-3;/h(H,2,3);/q;+1/p-1",PTLRDCMBXHILCL-UHFFFAOYSA-M
576,Dimethomorph,6,110488-70-5,COC1=C(C=C(C=C1)C(=CC(=O)N2CCOCC2)C3=CC=C(C=C3)Cl)OC,,,https://doi.org/10.1016/j.watres.2017.10.064,diol,Polyfunctional / highly functionalized,"InChI=1S/C21H22ClNO4/c1-25-19-8-5-16(13-20(19)26-2)18(15-3-6-17(22)7-4-15)14-21(24)23-9-11-27-12-10-23/h3-8,13-14H,9-12H2,1-2H3",QNBTYORWCCMPQP-UHFFFAOYSA-N
577,Dimethyl Disulfide,8,624-92-0,CSSC,8,,NIST,"sulfide, disulfide",Sulfur-containing organics,InChI=1S/C2H6S2/c1-3-4-2/h1-2H3,WQOXQRCZOLPYPM-UHFFFAOYSA-N
578,Dimethyl Disulfide,7.9,624-92-0,CSSC,11,,NIST,"sulfide, disulfide",Sulfur-containing organics,InChI=1S/C2H6S2/c1-3-4-2/h1-2H3,WQOXQRCZOLPYPM-UHFFFAOYSA-N
579,Dimethyl disulfide,8,624-92-0,CSSC,8,,https://doi.org/10.1063/1.555808,"sulfide, disulfide",Sulfur-containing organics,InChI=1S/C2H6S2/c1-3-4-2/h1-2H3,WQOXQRCZOLPYPM-UHFFFAOYSA-N
580,Dimetridazole,7.6,551-92-8,CC1=NC=C(N1C)[N+](=O)[O-],,,https://doi.org/10.1021/acs.est.6b05536,alkane,Aliphatic hydrocarbons,"InChI=1S/C5H7N3O2/c1-4-6-3-5(7(4)2)8(9)10/h3H,1-2H3",IBXPYPUJPLLOIN-UHFFFAOYSA-N
581,Dimetridazole,6.96,551-92-8,CC1=NC=C(N1C)[N+](=O)[O-],,,https://doi.org/10.1016/j.watres.2020.116231,alkane,Aliphatic hydrocarbons,"InChI=1S/C5H7N3O2/c1-4-6-3-5(7(4)2)8(9)10/h3H,1-2H3",IBXPYPUJPLLOIN-UHFFFAOYSA-N
582,Dipropylamine,6.65,142-84-7,CCCNCCC,7,,https://doi.org/10.1063/1.555808,alkane,Aliphatic hydrocarbons,"InChI=1S/C6H15N/c1-3-5-7-6-4-2/h7H,3-6H2,1-2H3",WEHWNAOGRSTTBQ-UHFFFAOYSA-N
583,Dipropylamine,6.65,142-84-7,CCCNCCC,11.5,,NIST,alkane,Aliphatic hydrocarbons,"InChI=1S/C6H15N/c1-3-5-7-6-4-2/h7H,3-6H2,1-2H3",WEHWNAOGRSTTBQ-UHFFFAOYSA-N
584,Dipropylamine,6.65,142-84-7,CCCNCCC,11.5,,https://doi.org/10.1039/C3EM00479A,alkane,Aliphatic hydrocarbons,"InChI=1S/C6H15N/c1-3-5-7-6-4-2/h7H,3-6H2,1-2H3",WEHWNAOGRSTTBQ-UHFFFAOYSA-N
585,Dithiodipropionic acid,7,111-17-1,C(CSSCCC(=O)O)C(=O)O,7,,https://doi.org/10.2307/3573789,halogenated,Halogenated organics,"InChI=1S/C6H10O4S2/c7-5(8)1-3-11-12-4-2-6(9)10/h1-4H2,(H,7,8)(H,9,10)",YCLSOMLVSHPPFV-UHFFFAOYSA-N
586,Dithiothreitol,8.61,6892-68-8,C([C@@H]([C@H](CS)O)O)S,10.5,,NIST,"sulfide, disulfide",Sulfur-containing organics,"InChI=1S/C4H10O2S2/c5-3(1-7)4(6)2-8/h3-8H,1-2H2/t3-,4-/m0/s1",VHJLVAABSRFDPM-IMJSIDKUSA-N
587,Dithiothreitol,8.61,6892-68-8,C([C@@H]([C@H](CS)O)O)S,10.5,,https://doi.org/10.1063/1.555808,"sulfide, disulfide",Sulfur-containing organics,"InChI=1S/C4H10O2S2/c5-3(1-7)4(6)2-8/h3-8H,1-2H2/t3-,4-/m0/s1",VHJLVAABSRFDPM-IMJSIDKUSA-N
588,Diuron,6.85,330-54-1,CN(C)C(=O)NC1=CC(=C(C=C1)Cl)Cl,8.5–11.0,,https://doi.org/10.1016/j.chemosphere.2023.140660,halogenated,Halogenated organics,"InChI=1S/C9H10Cl2N2O/c1-13(2)9(14)12-6-3-4-7(10)8(11)5-6/h3-5H,1-2H3,(H,12,14)",XMTQQYYKAHVGBJ-UHFFFAOYSA-N
589,Diuron,6.7,330-54-1,CN(C)C(=O)NC1=CC(=C(C=C1)Cl)Cl,,,https://doi.org/10.1080/09593330309385583,halogenated,Halogenated organics,"InChI=1S/C9H10Cl2N2O/c1-13(2)9(14)12-6-3-4-7(10)8(11)5-6/h3-5H,1-2H3,(H,12,14)",XMTQQYYKAHVGBJ-UHFFFAOYSA-N
590,Diuron,6.92,330-54-1,CN(C)C(=O)NC1=CC(=C(C=C1)Cl)Cl,11,,https://doi.org/10.1021/es051236b,halogenated,Halogenated organics,"InChI=1S/C9H10Cl2N2O/c1-13(2)9(14)12-6-3-4-7(10)8(11)5-6/h3-5H,1-2H3,(H,12,14)",XMTQQYYKAHVGBJ-UHFFFAOYSA-N
591,Diuron,6.91,330-54-1,CN(C)C(=O)NC1=CC(=C(C=C1)Cl)Cl,8.5,,https://doi.org/10.1021/es3030808,halogenated,Halogenated organics,"InChI=1S/C9H10Cl2N2O/c1-13(2)9(14)12-6-3-4-7(10)8(11)5-6/h3-5H,1-2H3,(H,12,14)",XMTQQYYKAHVGBJ-UHFFFAOYSA-N
592,Diuron,6.92,330-54-1,CN(C)C(=O)NC1=CC(=C(C=C1)Cl)Cl,,,https://doi.org/10.1016/j.jhazmat.2025.137913,halogenated,Halogenated organics,"InChI=1S/C9H10Cl2N2O/c1-13(2)9(14)12-6-3-4-7(10)8(11)5-6/h3-5H,1-2H3,(H,12,14)",XMTQQYYKAHVGBJ-UHFFFAOYSA-N
593,Diuron,6.9,330-54-1,CN(C)C(=O)NC1=CC(=C(C=C1)Cl)Cl,,,https://doi.org/10.1016/j.crci.2008.09.024,halogenated,Halogenated organics,"InChI=1S/C9H10Cl2N2O/c1-13(2)9(14)12-6-3-4-7(10)8(11)5-6/h3-5H,1-2H3,(H,12,14)",XMTQQYYKAHVGBJ-UHFFFAOYSA-N
594,Diuron,7.03,330-54-1,CN(C)C(=O)NC1=CC(=C(C=C1)Cl)Cl,,,https://doi.org/10.1016/j.cej.2022.135995,halogenated,Halogenated organics,"InChI=1S/C9H10Cl2N2O/c1-13(2)9(14)12-6-3-4-7(10)8(11)5-6/h3-5H,1-2H3,(H,12,14)",XMTQQYYKAHVGBJ-UHFFFAOYSA-N
595,Duroquinone,6,527-17-3,CC1=C(C(=O)C(=C(C1=O)C)C)C,12,,https://doi.org/10.1063/1.555808,alkane,Aliphatic hydrocarbons,InChI=1S/C10H12O2/c1-5-6(2)10(12)8(4)7(3)9(5)11/h1-4H3,WAMKWBHYPYBEJY-UHFFFAOYSA-N
596,Edetate,6.04,139-33-3,C(CN(CC(=O)[O-])CC(=O)[O-])N(CC(=O)[O-])CC(=O)[O-].[Na+].[Na+].[Na+].[Na+],12,,https://doi.org/10.1063/1.555808,diol,Polyfunctional / highly functionalized,"InChI=1S/C10H16N2O8.4Na/c13-7(14)3-11(4-8(15)16)1-2-12(5-9(17)18)6-10(19)20;;;;/h1-6H2,(H,13,14)(H,15,16)(H,17,18)(H,19,20);;;;/q;4*+1/p-4",UEUXEKPTXMALOB-UHFFFAOYSA-J
597,Epicatechin,8.72,490-46-0,C1[C@H]([C@H](OC2=CC(=CC(=C21)O)O)C3=CC(=C(C=C3)O)O)O,,25,https://doi.org/10.1016/j.jhazmat.2025.137899,diol,Polyfunctional / highly functionalized,"InChI=1S/C15H14O6/c16-8-4-11(18)9-6-13(20)15(21-14(9)5-8)7-1-2-10(17)12(19)3-7/h1-5,13,15-20H,6H2/t13-,15-/m1/s1",PFTAWBLQPZVEMU-UKRRQHHQSA-N
598,Epicatechin,8.75,490-46-0,C1[C@H]([C@H](OC2=CC(=CC(=C21)O)O)C3=CC(=C(C=C3)O)O)O,11,,https://doi.org/10.1016/S0969-806X(00)00387-X,diol,Polyfunctional / highly functionalized,"InChI=1S/C15H14O6/c16-8-4-11(18)9-6-13(20)15(21-14(9)5-8)7-1-2-10(17)12(19)3-7/h1-5,13,15-20H,6H2/t13-,15-/m1/s1",PFTAWBLQPZVEMU-UKRRQHHQSA-N
599,Epicatechin,8.72,490-46-0,C1[C@H]([C@H](OC2=CC(=CC(=C21)O)O)C3=CC(=C(C=C3)O)O)O,,,https://doi.org/10.1016/j.jhazmat.2025.138092,diol,Polyfunctional / highly functionalized,"InChI=1S/C15H14O6/c16-8-4-11(18)9-6-13(20)15(21-14(9)5-8)7-1-2-10(17)12(19)3-7/h1-5,13,15-20H,6H2/t13-,15-/m1/s1",PFTAWBLQPZVEMU-UKRRQHHQSA-N
600,Epigallocatechin Gallate,8.82,989-51-5,C1[C@H]([C@H](OC2=CC(=CC(=C21)O)O)C3=CC(=C(C(=C3)O)O)O)OC(=O)C4=CC(=C(C(=C4)O)O)O,11,,https://doi.org/10.1016/S0969-806X(00)00387-X,diol,Polyfunctional / highly functionalized,"InChI=1S/C22H18O11/c23-10-5-12(24)11-7-18(33-22(31)9-3-15(27)20(30)16(28)4-9)21(32-17(11)6-10)8-1-13(25)19(29)14(26)2-8/h1-6,18,21,23-30H,7H2/t18-,21-/m1/s1",WMBWREPUVVBILR-WIYYLYMNSA-N
601,Erythromycin A,7.9,114-07-8,CC[C@@H]1[C@@]([C@@H]([C@H](C(=O)[C@@H](C[C@@]([C@@H]([C@H]([C@@H]([C@H](C(=O)O1)C)O[C@H]2C[C@@]([C@H]([C@@H](O2)C)O)(C)OC)C)O[C@H]3[C@@H]([C@H](C[C@H](O3)C)N(C)C)O)(C)O)C)C)O)(C)O,,,https://doi.org/10.1016/j.watres.2020.116231,diol,Polyfunctional / highly functionalized,"InChI=1S/C37H67NO13/c1-14-25-37(10,45)30(41)20(4)27(39)18(2)16-35(8,44)32(51-34-28(40)24(38(11)12)15-19(3)47-34)21(5)29(22(6)33(43)49-25)50-26-17-36(9,46-13)31(42)23(7)48-26/h18-26,28-32,34,40-42,44-45H,14-17H2,1-13H3/t18-,19-,20+,21+,22-,23+,24+,25-,26+,28-,29+,30-,31+,32-,34+,35-,36-,37-/m1/s1",ULGZDMOVFRHVEP-RWJQBGPGSA-N
602,Estrone,8.72,53-16-7,C[C@]12CC[C@H]3[C@H]([C@@H]1CCC2=O)CCC4=C3C=CC(=C4)O,8.8,,https://doi.org/10.1021/acs.est.8b04383,halogenated,Halogenated organics,"InChI=1S/C18H22O2/c1-18-9-8-14-13-5-3-12(19)10-11(13)2-4-15(14)16(18)6-7-17(18)20/h3,5,10,14-16,19H,2,4,6-9H2,1H3/t14-,15-,16+,18+/m1/s1",DNXHEGUUPJUMQT-CBZIJGRNSA-N
603,Estrone,6.59,53-16-7,C[C@]12CC[C@H]3[C@H]([C@@H]1CCC2=O)CCC4=C3C=CC(=C4)O,,,https://doi.org/10.1016/j.chemosphere.2023.138793,halogenated,Halogenated organics,"InChI=1S/C18H22O2/c1-18-9-8-14-13-5-3-12(19)10-11(13)2-4-15(14)16(18)6-7-17(18)20/h3,5,10,14-16,19H,2,4,6-9H2,1H3/t14-,15-,16+,18+/m1/s1",DNXHEGUUPJUMQT-CBZIJGRNSA-N
604,Ethanol,4.2,64-17-5,CCO,,25,https://doi.org/10.1016/j.jhazmat.2025.137899,alkane,Aliphatic hydrocarbons,"InChI=1S/C2H6O/c1-2-3/h3H,2H2,1H3",LFQSCWFLJHTTHZ-UHFFFAOYSA-N
605,Ethanol,4.18,64-17-5,CCO,12.5,,https://doi.org/10.1063/1.555808,alkane,Aliphatic hydrocarbons,"InChI=1S/C2H6O/c1-2-3/h3H,2H2,1H3",LFQSCWFLJHTTHZ-UHFFFAOYSA-N
606,Ethanol,4.2,64-17-5,CCO,,,https://doi.org/10.1016/j.jhazmat.2025.138046,alkane,Aliphatic hydrocarbons,"InChI=1S/C2H6O/c1-2-3/h3H,2H2,1H3",LFQSCWFLJHTTHZ-UHFFFAOYSA-N
607,Ethanol,4.18,64-17-5,CCO,12.5,,NIST,alkane,Aliphatic hydrocarbons,"InChI=1S/C2H6O/c1-2-3/h3H,2H2,1H3",LFQSCWFLJHTTHZ-UHFFFAOYSA-N
608,Ethanol,4.34,64-17-5,CCO,,,https://doi.org/10.1021/es051236b,alkane,Aliphatic hydrocarbons,"InChI=1S/C2H6O/c1-2-3/h3H,2H2,1H3",LFQSCWFLJHTTHZ-UHFFFAOYSA-N
609,Ethoxybenzene,5.61,103-73-1,CCOC1=CC=CC=C1,7,,https://doi.org/10.1016/j.chemosphere.2023.140660,alcohol,Oxygenated organics,"InChI=1S/C8H10O/c1-2-9-8-6-4-3-5-7-8/h3-7H,2H2,1H3",DLRJIFUOBPOJNS-UHFFFAOYSA-N
610,Ethoxybenzene,5.61,103-73-1,CCOC1=CC=CC=C1,7,,NIST,alcohol,Oxygenated organics,"InChI=1S/C8H10O/c1-2-9-8-6-4-3-5-7-8/h3-7H,2H2,1H3",DLRJIFUOBPOJNS-UHFFFAOYSA-N
611,Ethyl 4-aminobenzoate,8.3,94-09-7,CCOC(=O)C1=CC=C(C=C1)N,8.5,,https://doi.org/10.1016/S0040-4020(01)91404-8,alcohol,Oxygenated organics,"InChI=1S/C9H11NO2/c1-2-12-9(11)7-3-5-8(10)6-4-7/h3-6H,2,10H2,1H3",BLFLLBZGZJTVJG-UHFFFAOYSA-N
612,Ethyl 4-aminobenzoate,8.3,94-09-7,CCOC(=O)C1=CC=C(C=C1)N,8.5,,NIST,alcohol,Oxygenated organics,"InChI=1S/C9H11NO2/c1-2-12-9(11)7-3-5-8(10)6-4-7/h3-6H,2,10H2,1H3",BLFLLBZGZJTVJG-UHFFFAOYSA-N
613,Ethylene carbonate,8.75,96-49-1,C1COC(=O)O1,11,,https://doi.org/10.1016/S0969-806X(00)00387-X,alcohol,Oxygenated organics,InChI=1S/C3H4O3/c4-3-5-1-2-6-3/h1-2H2,KMTRUDSVKNLOMY-UHFFFAOYSA-N
614,Ethylenediaminetetraacetate ion,6.04,60-00-4,O=C(CN(CCN(CC(O)=O)CC(O)=O)CC(O)=O)O,,,NIST,diol,Polyfunctional / highly functionalized,"InChI=1S/C10H16N2O8/c13-7(14)3-11(4-8(15)16)1-2-12(5-9(17)18)6-10(19)20/h1-6H2,(H,13,14)(H,15,16)(H,17,18)(H,19,20)",KCXVZYZYPLLWCC-UHFFFAOYSA-N
615,Ethylenediaminetetraacetatocobaltate(II) ion,6.64,14931-83-0,[O-]C(CN(CC([O-])=O)CCN(CC([O-])=O)CC([O-])=O)=O.[Co+2],8.5,,NIST,diol,Polyfunctional / highly functionalized,"InChI=1S/C10H16N2O8.Co/c13-7(14)3-11(4-8(15)16)1-2-12(5-9(17)18)6-10(19)20;/h1-6H2,(H,13,14)(H,15,16)(H,17,18)(H,19,20);/q;+2/p-4",TWJZAIVFYJWAJC-UHFFFAOYSA-J
616,Ethylenediaminetetraacetatonickelate(II) ion,7.65,11079-07-5,O=C([O-])CN(CC([O-])=O)CCN(CC([O-])=O)CC([O-])=O.[Ni+2].[Na+].[Na+],11.4,,NIST,diol,Polyfunctional / highly functionalized,"InChI=1S/C10H16N2O8.2Na.Ni/c13-7(14)3-11(4-8(15)16)1-2-12(5-9(17)18)6-10(19)20;;;/h1-6H2,(H,13,14)(H,15,16)(H,17,18)(H,19,20);;;/q;2*+1;+2/p-4",AOBXSTDXJGPLRC-UHFFFAOYSA-J
617,Ethylhexyl methoxycinnamate,6,5466-77-3,CCCCC(CC)COC(=O)/C=C/C1=CC=C(C=C1)OC,,,https://doi.org/10.1016/j.watres.2017.10.064,diol,Polyfunctional / highly functionalized,"InChI=1S/C18H26O3/c1-4-6-7-15(5-2)14-21-18(19)13-10-16-8-11-17(20-3)12-9-16/h8-13,15H,4-7,14H2,1-3H3/b13-10+",YBGZDTIWKVFICR-JLHYYAGUSA-N
618,Fenthion,7.3,55-38-9,CC1=C(C=CC(=C1)OP(=S)(OC)OC)SC,9,,https://doi.org/10.1002/etc.5620190605,"sulfide, disulfide",Sulfur-containing organics,"InChI=1S/C10H15O3PS2/c1-8-7-9(5-6-10(8)16-4)13-14(15,11-2)12-3/h5-7H,1-4H3",PNVJTZOFSHSLTO-UHFFFAOYSA-N
619,Fenuron,6.73,101-42-8,CN(C)C(=O)NC1=CC=CC=C1,,,https://doi.org/10.1016/j.jhazmat.2025.137915,cyclo,Aromatic & PAHs,"InChI=1S/C9H12N2O/c1-11(2)9(12)10-8-6-4-3-5-7-8/h3-7H,1-2H3,(H,10,12)",XXOYNJXVWVNOOJ-UHFFFAOYSA-N
620,Fenuron,6.78,101-42-8,CN(C)C(=O)NC1=CC=CC=C1,11,,https://doi.org/10.1021/es051236b,cyclo,Aromatic & PAHs,"InChI=1S/C9H12N2O/c1-11(2)9(12)10-8-6-4-3-5-7-8/h3-7H,1-2H3,(H,10,12)",XXOYNJXVWVNOOJ-UHFFFAOYSA-N
621,Fenuron,6.73,101-42-8,CN(C)C(=O)NC1=CC=CC=C1,11,,https://doi.org/10.1016/j.chemosphere.2023.140660,cyclo,Aromatic & PAHs,"InChI=1S/C9H12N2O/c1-11(2)9(12)10-8-6-4-3-5-7-8/h3-7H,1-2H3,(H,10,12)",XXOYNJXVWVNOOJ-UHFFFAOYSA-N
622,"Ferrocene-1,1'-dicarboxylate ion",9,1293-87-4,[CH-]1C=CC=C1C(=O)O.[CH-]1C=CC=C1C(=O)O.[Fe+2],10.8,,NIST,cyclo,Aromatic & PAHs,"InChI=1S/2C6H5O2.Fe/c2*7-6(8)5-3-1-2-4-5;/h2*1-4H,(H,7,8);/q2*-1;+2",LDSUEKXPKCHROT-UHFFFAOYSA-N
623,Ferrocyanide ion,9.56,13408-63-4,[C-]#N.[C-]#N.[C-]#N.[C-]#N.[C-]#N.[C-]#N.[Fe+2],7.4,,https://doi.org/10.1021/bi001270x,halogenated,Halogenated organics,InChI=1S/6CN.Fe/c6*1-2;/q6*-1;+2,UETZVSHORCDDTH-UHFFFAOYSA-N
624,Ferrocyanide ion,8.43,13408-63-4,[C-]#N.[C-]#N.[C-]#N.[C-]#N.[C-]#N.[C-]#N.[Fe+2],11.6,,http://dx.doi.org/10.1021/j100879a005,halogenated,Halogenated organics,InChI=1S/6CN.Fe/c6*1-2;/q6*-1;+2,UETZVSHORCDDTH-UHFFFAOYSA-N
625,Ferrous iron-DTPA complex,8.79,20438-93-1,O=C([O-])CN(CCN(CC([O-])=O)CC([O-])=O)CCN(CC([O-])=O)CC([O-])=O.O=C([O-])CN(CCN(CC([O-])=O)CC([O-])=O)CCN(CC([O-])=O)CC([O-])=O.O=C([O-])CN(CCN(CC([O-])=O)CC([O-])=O)CCN(CC([O-])=O)CC([O-])=O.[Fe+3].[Fe+3].[Fe+3].[Fe+3].[Fe+3].[Fe+3].[Fe+3].[Fe+3].[Fe+3].[Fe+3].[Fe+3].[Fe+3].[Fe+3].[Fe+3].[Fe+3],,,https://doi.org/10.1016/j.freeradbiomed.2007.08.002,diol,Polyfunctional / highly functionalized,"InChI=1S/3C14H23N3O10.15Fe/c3*18-10(19)5-15(1-3-16(6-11(20)21)7-12(22)23)2-4-17(8-13(24)25)9-14(26)27;;;;;;;;;;;;;;;/h3*1-9H2,(H,18,19)(H,20,21)(H,22,23)(H,24,25)(H,26,27);;;;;;;;;;;;;;;/q;;;15*+3/p-15",CKUIMPVGYDLVTE-UHFFFAOYSA-A
626,Ferulate,9.2,537-98-4,COC1=C(C=CC(=C1)/C=C/C(=O)O)[O-],7,,https://doi.org/10.1016/j.watres.2019.06.002,diol,Polyfunctional / highly functionalized,"InChI=1S/C10H10O4/c1-14-9-6-7(2-4-8(9)11)3-5-10(12)13/h2-6,11H,1H3,(H,12,13)/p-1/b5-3+",KSEBMYQBYZTDHS-HWKANZROSA-M
627,Ferulic acid,9.2,1135-24-6,COC1=C(C=CC(=C1)/C=C/C(=O)O)O,,,https://doi.org/10.1016/j.chemosphere.2023.138793,diol,Polyfunctional / highly functionalized,"InChI=1S/C10H10O4/c1-14-9-6-7(2-4-8(9)11)3-5-10(12)13/h2-6,11H,1H3,(H,12,13)/b5-3+",KSEBMYQBYZTDHS-HWKANZROSA-N
628,Fluometuron,6.6,2164-17-2,CN(C)C(=O)NC1=CC=CC(=C1)C(F)(F)F,,,https://doi.org/10.1039/C3EM00479A,halogenated,Halogenated organics,"InChI=1S/C10H11F3N2O/c1-15(2)9(16)14-8-5-3-4-7(6-8)10(11,12)13/h3-6H,1-2H3,(H,14,16)",RZILCCPWPBTYDO-UHFFFAOYSA-N
629,Fluometuron,6.6,2164-17-2,CN(C)C(=O)NC1=CC=CC(=C1)C(F)(F)F,11,,https://doi.org/10.1021/es051236b,halogenated,Halogenated organics,"InChI=1S/C10H11F3N2O/c1-15(2)9(16)14-8-5-3-4-7(6-8)10(11,12)13/h3-6H,1-2H3,(H,14,16)",RZILCCPWPBTYDO-UHFFFAOYSA-N
630,Formate,5.18,71-47-6,C(=O)[O-],,,https://doi.org/10.1021/acsestengg.1c00350,halogenated,Halogenated organics,"InChI=1S/CH2O2/c2-1-3/h1H,(H,2,3)/p-1",BDAGIHXWWSANSR-UHFFFAOYSA-M
631,Formate,5.04,71-47-6,C(=O)[O-],6.4,,https://doi.org/10.1063/1.555808,halogenated,Halogenated organics,"InChI=1S/CH2O2/c2-1-3/h1H,(H,2,3)/p-1",BDAGIHXWWSANSR-UHFFFAOYSA-M
632,Formate,5.18,71-47-6,C(=O)[O-],,,https://doi.org/10.1016/j.crci.2008.09.024,halogenated,Halogenated organics,"InChI=1S/CH2O2/c2-1-3/h1H,(H,2,3)/p-1",BDAGIHXWWSANSR-UHFFFAOYSA-M
633,Formate,5.2,71-47-6,C(=O)[O-],,,https://doi.org/10.1063/1.555808,halogenated,Halogenated organics,"InChI=1S/CH2O2/c2-1-3/h1H,(H,2,3)/p-1",BDAGIHXWWSANSR-UHFFFAOYSA-M
634,Free zwitterionic tryptophan,9.78,73-22-3,O=C([O-])C([NH3+])CC1=CNC2=CC=CC=C21,,,10.1007/s00214-016-1913-x,cyclo,Aromatic & PAHs,"InChI=1S/C11H12N2O2/c12-9(11(14)15)5-7-6-13-10-4-2-1-3-8(7)10/h1-4,6,9,13H,5,12H2,(H,14,15)",QIVBCDIJIAJPQS-UHFFFAOYSA-N
635,Furosemide,7.83,54-31-9,C1=COC(=C1)CNC2=CC(=C(C=C2C(=O)O)S(=O)(=O)N)Cl,,,https://doi.org/10.1016/j.watres.2015.02.014,"sulfide, disulfide",Sulfur-containing organics,"InChI=1S/C12H11ClN2O5S/c13-9-5-10(15-6-7-2-1-3-20-7)8(12(16)17)4-11(9)21(14,18)19/h1-5,15H,6H2,(H,16,17)(H2,14,18,19)",ZZUFCTLCJUWOSV-UHFFFAOYSA-N
636,Furosemide,7.83,54-31-9,C1=COC(=C1)CNC2=CC(=C(C=C2C(=O)O)S(=O)(=O)N)Cl,6.5,,https://doi.org/10.1016/j.cej.2014.05.088,"sulfide, disulfide",Sulfur-containing organics,"InChI=1S/C12H11ClN2O5S/c13-9-5-10(15-6-7-2-1-3-20-7)8(12(16)17)4-11(9)21(14,18)19/h1-5,15H,6H2,(H,16,17)(H2,14,18,19)",ZZUFCTLCJUWOSV-UHFFFAOYSA-N
637,Furosemide,7.79,54-31-9,C1=COC(=C1)CNC2=CC(=C(C=C2C(=O)O)S(=O)(=O)N)Cl,,,https://doi.org/10.1016/j.chemosphere.2023.138793,"sulfide, disulfide",Sulfur-containing organics,"InChI=1S/C12H11ClN2O5S/c13-9-5-10(15-6-7-2-1-3-20-7)8(12(16)17)4-11(9)21(14,18)19/h1-5,15H,6H2,(H,16,17)(H2,14,18,19)",ZZUFCTLCJUWOSV-UHFFFAOYSA-N
638,Gallic acid,8.7,149-91-7,C1=C(C=C(C(=C1O)O)O)C(=O)O,,25,https://doi.org/10.1016/j.jhazmat.2025.137899,diol,Polyfunctional / highly functionalized,"InChI=1S/C7H6O5/c8-4-1-3(7(11)12)2-5(9)6(4)10/h1-2,8-10H,(H,11,12)",LNTHITQWFMADLM-UHFFFAOYSA-N
639,Gemfibrozil,6.61,25812-30-0,CC1=CC(=C(C=C1)C)OCCCC(C)(C)C(=O)O,6.5,,https://doi.org/10.1016/j.cej.2014.05.088,alcohol,Oxygenated organics,"InChI=1S/C15H22O3/c1-11-6-7-12(2)13(10-11)18-9-5-8-15(3,4)14(16)17/h6-7,10H,5,8-9H2,1-4H3,(H,16,17)",HEMJJKBWTPKOJG-UHFFFAOYSA-N
640,Glucose,4.85,492-61-5,C([C@@H]1[C@H]([C@@H]([C@H](C(O1)O)O)O)O)O,7,,NIST,diol,Polyfunctional / highly functionalized,"InChI=1S/C6H12O6/c7-1-2-3(8)4(9)5(10)6(11)12-2/h2-11H,1H2/t2-,3-,4+,5-,6?/m1/s1",WQZGKKKJIJFFOK-GASJEMHNSA-N
641,Glucose,4.85,492-61-5,C([C@@H]1[C@H]([C@@H]([C@H](C(O1)O)O)O)O)O,7,,https://doi.org/10.2307/3573789,diol,Polyfunctional / highly functionalized,"InChI=1S/C6H12O6/c7-1-2-3(8)4(9)5(10)6(11)12-2/h2-11H,1H2/t2-,3-,4+,5-,6?/m1/s1",WQZGKKKJIJFFOK-GASJEMHNSA-N
642,Glucose,5.03,492-61-5,C([C@@H]1[C@H]([C@@H]([C@H](C(O1)O)O)O)O)O,10.3,,https://doi.org/10.1081/WCT-120018615,diol,Polyfunctional / highly functionalized,"InChI=1S/C6H12O6/c7-1-2-3(8)4(9)5(10)6(11)12-2/h2-11H,1H2/t2-,3-,4+,5-,6?/m1/s1",WQZGKKKJIJFFOK-GASJEMHNSA-N
643,Glucose,5.62,492-61-5,C([C@@H]1[C@H]([C@@H]([C@H](C(O1)O)O)O)O)O,9.3,,https://doi.org/10.1081/WCT-120018615,diol,Polyfunctional / highly functionalized,"InChI=1S/C6H12O6/c7-1-2-3(8)4(9)5(10)6(11)12-2/h2-11H,1H2/t2-,3-,4+,5-,6?/m1/s1",WQZGKKKJIJFFOK-GASJEMHNSA-N
644,Glucose,5.51,492-61-5,C([C@@H]1[C@H]([C@@H]([C@H](C(O1)O)O)O)O)O,11,,https://doi.org/10.1081/WCT-120018615,diol,Polyfunctional / highly functionalized,"InChI=1S/C6H12O6/c7-1-2-3(8)4(9)5(10)6(11)12-2/h2-11H,1H2/t2-,3-,4+,5-,6?/m1/s1",WQZGKKKJIJFFOK-GASJEMHNSA-N
645,Glucose,6.35,492-61-5,C([C@@H]1[C@H]([C@@H]([C@H](C(O1)O)O)O)O)O,12.1,,https://doi.org/10.1081/WCT-120018615,diol,Polyfunctional / highly functionalized,"InChI=1S/C6H12O6/c7-1-2-3(8)4(9)5(10)6(11)12-2/h2-11H,1H2/t2-,3-,4+,5-,6?/m1/s1",WQZGKKKJIJFFOK-GASJEMHNSA-N
646,Glucose,4.85,492-61-5,C([C@@H]1[C@H]([C@@H]([C@H](C(O1)O)O)O)O)O,12.1–12.7,,https://doi.org/10.1063/1.555808,diol,Polyfunctional / highly functionalized,"InChI=1S/C6H12O6/c7-1-2-3(8)4(9)5(10)6(11)12-2/h2-11H,1H2/t2-,3-,4+,5-,6?/m1/s1",WQZGKKKJIJFFOK-GASJEMHNSA-N
647,Glucose,7,492-61-5,C([C@@H]1[C@H]([C@@H]([C@H](C(O1)O)O)O)O)O,13,,https://doi.org/10.1081/WCT-120018615,diol,Polyfunctional / highly functionalized,"InChI=1S/C6H12O6/c7-1-2-3(8)4(9)5(10)6(11)12-2/h2-11H,1H2/t2-,3-,4+,5-,6?/m1/s1",WQZGKKKJIJFFOK-GASJEMHNSA-N
648,Glutathione,6.7,128960-77-0,C(CC(=O)N[C@@H](CS)C(=O)NCC(=O)O)[C@@H](C(=O)O)N,,,https://doi.org/10.1016/j.freeradbiomed.2004.10.022,halogenated,Halogenated organics,"InChI=1S/C10H17N3O6S/c11-5(10(18)19)1-2-7(14)13-6(4-20)9(17)12-3-8(15)16/h5-6,20H,1-4,11H2,(H,12,17)(H,13,14)(H,15,16)(H,18,19)/t5-,6-/m0/s1",RWSXRVCMGQZWBV-WDSKDSINSA-N
649,Glutathione,8.85,128960-77-0,C(CC(=O)N[C@@H](CS)C(=O)NCC(=O)O)[C@@H](C(=O)O)N,,,https://doi.org/10.1016/S0891-5849(02)00786-4,halogenated,Halogenated organics,"InChI=1S/C10H17N3O6S/c11-5(10(18)19)1-2-7(14)13-6(4-20)9(17)12-3-8(15)16/h5-6,20H,1-4,11H2,(H,12,17)(H,13,14)(H,15,16)(H,18,19)/t5-,6-/m0/s1",RWSXRVCMGQZWBV-WDSKDSINSA-N
650,Glutathione,6.72,128960-77-0,C(CC(=O)N[C@@H](CS)C(=O)NCC(=O)O)[C@@H](C(=O)O)N,,,https://doi.org/10.1016/j.jhazmat.2025.138002,halogenated,Halogenated organics,"InChI=1S/C10H17N3O6S/c11-5(10(18)19)1-2-7(14)13-6(4-20)9(17)12-3-8(15)16/h5-6,20H,1-4,11H2,(H,12,17)(H,13,14)(H,15,16)(H,18,19)/t5-,6-/m0/s1",RWSXRVCMGQZWBV-WDSKDSINSA-N
651,Glutathione,6.81,128960-77-0,C(CC(=O)N[C@@H](CS)C(=O)NCC(=O)O)[C@@H](C(=O)O)N,7.4,,https://doi.org/10.1021/tx049747j,halogenated,Halogenated organics,"InChI=1S/C10H17N3O6S/c11-5(10(18)19)1-2-7(14)13-6(4-20)9(17)12-3-8(15)16/h5-6,20H,1-4,11H2,(H,12,17)(H,13,14)(H,15,16)(H,18,19)/t5-,6-/m0/s1",RWSXRVCMGQZWBV-WDSKDSINSA-N
652,Glutathione,6.72,128960-77-0,C(CC(=O)N[C@@H](CS)C(=O)NCC(=O)O)[C@@H](C(=O)O)N,,,https://doi.org/10.1016/j.jhazmat.2025.137963,halogenated,Halogenated organics,"InChI=1S/C10H17N3O6S/c11-5(10(18)19)1-2-7(14)13-6(4-20)9(17)12-3-8(15)16/h5-6,20H,1-4,11H2,(H,12,17)(H,13,14)(H,15,16)(H,18,19)/t5-,6-/m0/s1",RWSXRVCMGQZWBV-WDSKDSINSA-N
653,Glutathione,8.85,128960-77-0,C(CC(=O)N[C@@H](CS)C(=O)NCC(=O)O)[C@@H](C(=O)O)N,,,https://doi.org/10.1063/1.555808,halogenated,Halogenated organics,"InChI=1S/C10H17N3O6S/c11-5(10(18)19)1-2-7(14)13-6(4-20)9(17)12-3-8(15)16/h5-6,20H,1-4,11H2,(H,12,17)(H,13,14)(H,15,16)(H,18,19)/t5-,6-/m0/s1",RWSXRVCMGQZWBV-WDSKDSINSA-N
654,Glutathione disulfide,6.11,27025-41-8,C(CC(=O)N[C@@H](CSSC[C@@H](C(=O)NCC(=O)O)NC(=O)CC[C@@H](C(=O)O)N)C(=O)NCC(=O)O)[C@@H](C(=O)O)N,7,,https://doi.org/10.2307/3573789,diol,Polyfunctional / highly functionalized,"InChI=1S/C20H32N6O12S2/c21-9(19(35)36)1-3-13(27)25-11(17(33)23-5-15(29)30)7-39-40-8-12(18(34)24-6-16(31)32)26-14(28)4-2-10(22)20(37)38/h9-12H,1-8,21-22H2,(H,23,33)(H,24,34)(H,25,27)(H,26,28)(H,29,30)(H,31,32)(H,35,36)(H,37,38)/t9-,10-,11-,12-/m0/s1",YPZRWBKMTBYPTK-BJDJZHNGSA-N
655,Glutathione disulfide,6.11,27025-41-8,C(CC(=O)N[C@@H](CSSC[C@@H](C(=O)NCC(=O)O)NC(=O)CC[C@@H](C(=O)O)N)C(=O)NCC(=O)O)[C@@H](C(=O)O)N,7,,NIST,diol,Polyfunctional / highly functionalized,"InChI=1S/C20H32N6O12S2/c21-9(19(35)36)1-3-13(27)25-11(17(33)23-5-15(29)30)7-39-40-8-12(18(34)24-6-16(31)32)26-14(28)4-2-10(22)20(37)38/h9-12H,1-8,21-22H2,(H,23,33)(H,24,34)(H,25,27)(H,26,28)(H,29,30)(H,31,32)(H,35,36)(H,37,38)/t9-,10-,11-,12-/m0/s1",YPZRWBKMTBYPTK-BJDJZHNGSA-N
656,Glutathione,6.72,70-18-8,C(CC(=O)N[C@@H](CS)C(=O)NCC(=O)O)[C@@H](C(=O)O)N,7,,NIST,halogenated,Halogenated organics,"InChI=1S/C10H17N3O6S/c11-5(10(18)19)1-2-7(14)13-6(4-20)9(17)12-3-8(15)16/h5-6,20H,1-4,11H2,(H,12,17)(H,13,14)(H,15,16)(H,18,19)/t5-,6-/m0/s1",RWSXRVCMGQZWBV-WDSKDSINSA-N
657,Glycine,3,56-40-6,C(C(=O)O)N,7,,https://doi.org/10.2307/3573789,halogenated,Halogenated organics,"InChI=1S/C2H5NO2/c3-1-2(4)5/h1,3H2,(H,4,5)",DHMQDGOQFOQNFH-UHFFFAOYSA-N
658,Glycine,3,56-40-6,C(C(=O)O)N,13,,https://doi.org/10.1002/kin.550250308,halogenated,Halogenated organics,"InChI=1S/C2H5NO2/c3-1-2(4)5/h1,3H2,(H,4,5)",DHMQDGOQFOQNFH-UHFFFAOYSA-N
659,Glycine,4.51,56-40-6,C(C(=O)O)N,8.2,,https://doi.org/10.1021/jp801505b,halogenated,Halogenated organics,"InChI=1S/C2H5NO2/c3-1-2(4)5/h1,3H2,(H,4,5)",DHMQDGOQFOQNFH-UHFFFAOYSA-N
660,Glycine,5.11,56-40-6,C(C(=O)O)N,11,,https://doi.org/10.1021/jp801505b,halogenated,Halogenated organics,"InChI=1S/C2H5NO2/c3-1-2(4)5/h1,3H2,(H,4,5)",DHMQDGOQFOQNFH-UHFFFAOYSA-N
661,Glycine,3,56-40-6,C(C(=O)O)N,7,,NIST,halogenated,Halogenated organics,"InChI=1S/C2H5NO2/c3-1-2(4)5/h1,3H2,(H,4,5)",DHMQDGOQFOQNFH-UHFFFAOYSA-N
662,Glycyl-L-phenylalanine,5.6,3321-03-7,C1=CC=C(C=C1)C[C@@H](C(=O)O)NC(=O)CN,7,,NIST,halogenated,Halogenated organics,"InChI=1S/C11H14N2O3/c12-7-10(14)13-9(11(15)16)6-8-4-2-1-3-5-8/h1-5,9H,6-7,12H2,(H,13,14)(H,15,16)/t9-/m0/s1",JBCLFWXMTIKCCB-VIFPVBQESA-N
663,Glycylglycine,4.3,556-50-3,C(C(=O)NCC(=O)O)N,7,,https://doi.org/10.2307/3573789,halogenated,Halogenated organics,"InChI=1S/C4H8N2O3/c5-1-3(7)6-2-4(8)9/h1-2,5H2,(H,6,7)(H,8,9)",YMAWOPBAYDPSLA-UHFFFAOYSA-N
664,Glycylglycine,4.3,556-50-3,C(C(=O)NCC(=O)O)N,7,,NIST,halogenated,Halogenated organics,"InChI=1S/C4H8N2O3/c5-1-3(7)6-2-4(8)9/h1-2,5H2,(H,6,7)(H,8,9)",YMAWOPBAYDPSLA-UHFFFAOYSA-N
665,Glycylglycine,4.3,556-50-3,C(C(=O)NCC(=O)O)N,8,,https://doi.org/10.1063/1.555808,halogenated,Halogenated organics,"InChI=1S/C4H8N2O3/c5-1-3(7)6-2-4(8)9/h1-2,5H2,(H,6,7)(H,8,9)",YMAWOPBAYDPSLA-UHFFFAOYSA-N
666,Glycylglycylglycine,4.6,556-33-2,C(C(=O)NCC(=O)NCC(=O)O)N,7,,https://doi.org/10.2307/3573789,halogenated,Halogenated organics,"InChI=1S/C6H11N3O4/c7-1-4(10)8-2-5(11)9-3-6(12)13/h1-3,7H2,(H,8,10)(H,9,11)(H,12,13)",XKUKSGPZAADMRA-UHFFFAOYSA-N
667,Glycylglycylglycine,4.6,556-33-2,C(C(=O)NCC(=O)NCC(=O)O)N,7,,NIST,halogenated,Halogenated organics,"InChI=1S/C6H11N3O4/c7-1-4(10)8-2-5(11)9-3-6(12)13/h1-3,7H2,(H,8,10)(H,9,11)(H,12,13)",XKUKSGPZAADMRA-UHFFFAOYSA-N
668,Glycylglycyltryptophan,8.85,20762-32-7,O=C(NCC(N[C@@H](CC1=CNC2=C1C=CC=C2)C(O)=O)=O)CN,,,https://doi.org/10.1016/j.jhazmat.2025.137916,diol,Polyfunctional / highly functionalized,"InChI=1S/C15H18N4O4/c16-6-13(20)18-8-14(21)19-12(15(22)23)5-9-7-17-11-4-2-1-3-10(9)11/h1-4,7,12,17H,5-6,8,16H2,(H,18,20)(H,19,21)(H,22,23)/t12-/m0/s1",UPADCCSMVOQAGF-LBPRGKRZSA-N
669,Glycylhistidine,6.63,2489-13-6,C1=NC=NC1C[C@@H](C(=O)O)NC(=O)CN,7,,https://doi.org/10.2307/3573789,cyclo,Aromatic & PAHs,"InChI=1S/C8H12N4O3/c9-2-7(13)12-6(8(14)15)1-5-3-10-4-11-5/h3-6H,1-2,9H2,(H,12,13)(H,14,15)/t5?,6-/m0/s1",RXAOVSDTBKWPLP-GDVGLLTNSA-N
670,Glycyltryptophan,8.65,50632-89-8,C1=CC=C2C(=C1)C(=CN2)C[C@@H](C(=O)O)NC(=O)CN,9,,NIST,halogenated,Halogenated organics,"InChI=1S/C13H15N3O3/c14-6-12(17)16-11(13(18)19)5-8-7-15-10-4-2-1-3-9(8)10/h1-4,7,11,15H,5-6,14H2,(H,16,17)(H,18,19)/t11-/m0/s1",AJHCSUXXECOXOY-NSHDSACASA-N
671,Glycyltryptophan,8.85,50632-89-8,C1=CC=C2C(=C1)C(=CN2)C[C@@H](C(=O)O)NC(=O)CN,6,,NIST,halogenated,Halogenated organics,"InChI=1S/C13H15N3O3/c14-6-12(17)16-11(13(18)19)5-8-7-15-10-4-2-1-3-9(8)10/h1-4,7,11,15H,5-6,14H2,(H,16,17)(H,18,19)/t11-/m0/s1",AJHCSUXXECOXOY-NSHDSACASA-N
672,Glycyltryptophan,8.86,50632-89-8,C1=CC=C2C(=C1)C(=CN2)C[C@@H](C(=O)O)NC(=O)CN,7,,https://doi.org/10.2307/3573789,halogenated,Halogenated organics,"InChI=1S/C13H15N3O3/c14-6-12(17)16-11(13(18)19)5-8-7-15-10-4-2-1-3-9(8)10/h1-4,7,11,15H,5-6,14H2,(H,16,17)(H,18,19)/t11-/m0/s1",AJHCSUXXECOXOY-NSHDSACASA-N
673,Glycyltryptophan,8.65,50632-89-8,C1=CC=C2C(=C1)C(=CN2)C[C@@H](C(=O)O)NC(=O)CN,10,,https://doi.org/10.1021/j100614a007,halogenated,Halogenated organics,"InChI=1S/C13H15N3O3/c14-6-12(17)16-11(13(18)19)5-8-7-15-10-4-2-1-3-9(8)10/h1-4,7,11,15H,5-6,14H2,(H,16,17)(H,18,19)/t11-/m0/s1",AJHCSUXXECOXOY-NSHDSACASA-N
674,Glycyltryptophan,8.86,50632-89-8,C1=CC=C2C(=C1)C(=CN2)C[C@@H](C(=O)O)NC(=O)CN,7,,https://doi.org/10.2307/3573789,halogenated,Halogenated organics,"InChI=1S/C13H15N3O3/c14-6-12(17)16-11(13(18)19)5-8-7-15-10-4-2-1-3-9(8)10/h1-4,7,11,15H,5-6,14H2,(H,16,17)(H,18,19)/t11-/m0/s1",AJHCSUXXECOXOY-NSHDSACASA-N
675,Glycyltryptophan,8.91,50632-89-8,C1=CC=C2C(=C1)C(=CN2)C[C@@H](C(=O)O)NC(=O)CN,6,,https://doi.org/10.1021/j100614a007,halogenated,Halogenated organics,"InChI=1S/C13H15N3O3/c14-6-12(17)16-11(13(18)19)5-8-7-15-10-4-2-1-3-9(8)10/h1-4,7,11,15H,5-6,14H2,(H,16,17)(H,18,19)/t11-/m0/s1",AJHCSUXXECOXOY-NSHDSACASA-N
676,Glycyltyrosine,7.48,39630-46-1,C1=CC(=CC=C1C[C@@H](C(=O)O)NC(=O)CN)O,7,,NIST,halogenated,Halogenated organics,"InChI=1S/C11H14N2O4/c12-6-10(15)13-9(11(16)17)5-7-1-3-8(14)4-2-7/h1-4,9,14H,5-6,12H2,(H,13,15)(H,16,17)/t9-/m0/s1",XBGGUPMXALFZOT-VIFPVBQESA-N
677,Glycyltyrosine,7.48,39630-46-1,C1=CC(=CC=C1C[C@@H](C(=O)O)NC(=O)CN)O,7,,https://doi.org/10.2307/3573789,halogenated,Halogenated organics,"InChI=1S/C11H14N2O4/c12-6-10(15)13-9(11(16)17)5-7-1-3-8(14)4-2-7/h1-4,9,14H,5-6,12H2,(H,13,15)(H,16,17)/t9-/m0/s1",XBGGUPMXALFZOT-VIFPVBQESA-N
678,Heparin,4.7,9005-49-6,O=C(C1OC(OC2C(COS(=O)(O)=O)OC(O)C(NC(C)=O)C2O)C(OS(=O)(O)=O)C(O)C1OC3OC(CO)C(OC4OC(C(O)=O)C(O)C(O)C4OS(=O)(O)=O)C(OS(=O)(O)=O)C3NS(=O)(O)=O)O,,,https://doi.org/10.1016/j.freeradbiomed.2013.05.012,diol,Polyfunctional / highly functionalized,"InChI=1S/C26H42N2O37S5/c1-4(30)27-7-9(31)13(6(56-23(7)39)3-55-67(43,44)45)58-26-19(65-70(52,53)54)12(34)16(20(62-26)22(37)38)60-24-8(28-66(40,41)42)15(63-68(46,47)48)14(5(2-29)57-24)59-25-18(64-69(49,50)51)11(33)10(32)17(61-25)21(35)36/h5-20,23-26,28-29,31-34,39H,2-3H2,1H3,(H,27,30)(H,35,36)(H,37,38)(H,40,41,42)(H,43,44,45)(H,46,47,48)(H,49,50,51)(H,52,53,54)",HTTJABKRGRZYRN-UHFFFAOYSA-N
679,Heptan-1-ol,4.4,111-70-6,CCCCCCCO,,25,https://doi.org/10.1016/j.jhazmat.2025.137899,alkane,Aliphatic hydrocarbons,"InChI=1S/C7H16O/c1-2-3-4-5-6-7-8/h8H,2-7H2,1H3",BBMCTIGTTCKYKF-UHFFFAOYSA-N
680,Heptan-1-ol,4.4,111-70-6,CCCCCCCO,,,https://doi.org/10.1016/j.jhazmat.2025.138065,alkane,Aliphatic hydrocarbons,"InChI=1S/C7H16O/c1-2-3-4-5-6-7-8/h8H,2-7H2,1H3",BBMCTIGTTCKYKF-UHFFFAOYSA-N
681,Hexaamminecobalt(III) ion,4.7,10534-89-1,[Co+3].N.N.N.N.N.N.[Cl-].[Cl-].[Cl-],6.5,,NIST,halogenated,Halogenated organics,InChI=1S/3ClH.Co.6H3N/h3*1H;;6*1H3/q;;;+3;;;;;;/p-3,JXBGZYGSWFSYFI-UHFFFAOYSA-K
682,Hexaamminecobalt(III) ion,4.7,10534-89-1,[Co+3].N.N.N.N.N.N.[Cl-].[Cl-].[Cl-],6.5,,https://doi.org/10.1021/j100514a007,halogenated,Halogenated organics,InChI=1S/3ClH.Co.6H3N/h3*1H;;6*1H3/q;;;+3;;;;;;/p-3,JXBGZYGSWFSYFI-UHFFFAOYSA-K
683,Hexaammineruthenium(III) ion,6.78,18943-33-4,N[Ru+3](N)(N)(N)(N)N,6.5,,NIST,halogenated,Halogenated organics,InChI=1S/6H2N.Ru/h6*1H2;/q6*-1;+9,KLJCLWPWMHGTSW-UHFFFAOYSA-N
684,Hexaammineruthenium(III) ion,6.78,18943-33-4,N[Ru+3](N)(N)(N)(N)N,6.5,,https://doi.org/10.1021/j100514a007,halogenated,Halogenated organics,InChI=1S/6H2N.Ru/h6*1H2;/q6*-1;+9,KLJCLWPWMHGTSW-UHFFFAOYSA-N
685,Hexamethylenetetramine,4.23,100-97-0,C1N2CN3CN1CN(C2)C3,11.5,,NIST,halogenated,Halogenated organics,InChI=1S/C6H12N4/c1-7-2-9-4-8(1)5-10(3-7)6-9/h1-6H2,VKYKSIONXSXAKP-UHFFFAOYSA-N
686,Hexamethylenetetramine,4.23,100-97-0,C1N2CN3CN1CN(C2)C3,11.5,,https://doi.org/10.1016/S0040-4020(01)91404-8,halogenated,Halogenated organics,InChI=1S/C6H12N4/c1-7-2-9-4-8(1)5-10(3-7)6-9/h1-6H2,VKYKSIONXSXAKP-UHFFFAOYSA-N
687,Hexazinone,5.38,51235-04-2,CN1C(=NC(=O)N(C1=O)C2CCCCC2)N(C)C,9,,https://doi.org/10.1002/etc.5620190605,benzene,Aromatic & PAHs,"InChI=1S/C12H20N4O2/c1-14(2)10-13-11(17)16(12(18)15(10)3)9-7-5-4-6-8-9/h9H,4-8H2,1-3H3",CAWXEEYDBZRFPE-UHFFFAOYSA-N
688,Hexazinone,5.38,51235-04-2,CN1C(=NC(=O)N(C1=O)C2CCCCC2)N(C)C,,,https://doi.org/10.1039/C3EM00479A,benzene,Aromatic & PAHs,"InChI=1S/C12H20N4O2/c1-14(2)10-13-11(17)16(12(18)15(10)3)9-7-5-4-6-8-9/h9H,4-8H2,1-3H3",CAWXEEYDBZRFPE-UHFFFAOYSA-N
689,Histidine,6.75,71-00-1,C1=C(NC=N1)C[C@@H](C(=O)O)N,7,,https://doi.org/10.2307/3573789,halogenated,Halogenated organics,"InChI=1S/C6H9N3O2/c7-5(6(10)11)1-4-2-8-3-9-4/h2-3,5H,1,7H2,(H,8,9)(H,10,11)/t5-/m0/s1",HNDVDQJCIGZPNO-YFKPBYRVSA-N
690,Histidine,6.85,71-00-1,C1=C(NC=N1)C[C@@H](C(=O)O)N,,,https://doi.org/10.2307/3573266,halogenated,Halogenated organics,"InChI=1S/C6H9N3O2/c7-5(6(10)11)1-4-2-8-3-9-4/h2-3,5H,1,7H2,(H,8,9)(H,10,11)/t5-/m0/s1",HNDVDQJCIGZPNO-YFKPBYRVSA-N
691,Histidine,6.9,71-00-1,C1=C(NC=N1)C[C@@H](C(=O)O)N,11,,https://doi.org/10.1016/j.chemosphere.2023.140660,halogenated,Halogenated organics,"InChI=1S/C6H9N3O2/c7-5(6(10)11)1-4-2-8-3-9-4/h2-3,5H,1,7H2,(H,8,9)(H,10,11)/t5-/m0/s1",HNDVDQJCIGZPNO-YFKPBYRVSA-N
692,Histidine,6.99,71-00-1,C1=C(NC=N1)C[C@@H](C(=O)O)N,7.4,,https://doi.org/10.1021/tx049747j,halogenated,Halogenated organics,"InChI=1S/C6H9N3O2/c7-5(6(10)11)1-4-2-8-3-9-4/h2-3,5H,1,7H2,(H,8,9)(H,10,11)/t5-/m0/s1",HNDVDQJCIGZPNO-YFKPBYRVSA-N
693,Histidine,6.9,71-00-1,C1=C(NC=N1)C[C@@H](C(=O)O)N,,,https://doi.org/10.1080/10715762.2023.2299341,halogenated,Halogenated organics,"InChI=1S/C6H9N3O2/c7-5(6(10)11)1-4-2-8-3-9-4/h2-3,5H,1,7H2,(H,8,9)(H,10,11)/t5-/m0/s1",HNDVDQJCIGZPNO-YFKPBYRVSA-N
694,Histidine,6,71-00-1,C1=C(NC=N1)C[C@@H](C(=O)O)N,,,https://doi.org/10.2307/3574180,halogenated,Halogenated organics,"InChI=1S/C6H9N3O2/c7-5(6(10)11)1-4-2-8-3-9-4/h2-3,5H,1,7H2,(H,8,9)(H,10,11)/t5-/m0/s1",HNDVDQJCIGZPNO-YFKPBYRVSA-N
695,Histidine,6.93,71-00-1,C1=C(NC=N1)C[C@@H](C(=O)O)N,,,https://doi.org/10.2307/3574180,halogenated,Halogenated organics,"InChI=1S/C6H9N3O2/c7-5(6(10)11)1-4-2-8-3-9-4/h2-3,5H,1,7H2,(H,8,9)(H,10,11)/t5-/m0/s1",HNDVDQJCIGZPNO-YFKPBYRVSA-N
696,Histidine,6.75,71-00-1,C1=C(NC=N1)C[C@@H](C(=O)O)N,,,https://doi.org/10.1016/j.jhazmat.2025.138116,halogenated,Halogenated organics,"InChI=1S/C6H9N3O2/c7-5(6(10)11)1-4-2-8-3-9-4/h2-3,5H,1,7H2,(H,8,9)(H,10,11)/t5-/m0/s1",HNDVDQJCIGZPNO-YFKPBYRVSA-N
697,Histidylglycine,6.63,2578-58-7,C1=C(NC=N1)C[C@@H](C(=O)NCC(=O)O)N,7,,NIST,halogenated,Halogenated organics,"InChI=1S/C8H12N4O3/c9-6(1-5-2-10-4-12-5)8(15)11-3-7(13)14/h2,4,6H,1,3,9H2,(H,10,12)(H,11,15)(H,13,14)/t6-/m0/s1",LYCVKHSJGDMDLM-LURJTMIESA-N
698,Hyaluronan,4.54,9004-61-9,CC(=O)N[C@H]1[C@@H](O[C@@H]([C@H](C1O[C@H]2[C@@H]([C@H]([C@@H]([C@H](O2)C(=O)O)O[C@H]3[C@@H](C([C@@H]([C@H](O3)CO)O)O[C@H]4[C@@H]([C@H]([C@@H]([C@H](O4)C(=O)O)O)O)O)NC(=O)C)O)O)O)CO)O,,,https://doi.org/10.1016/j.freeradbiomed.2013.05.012,diol,Polyfunctional / highly functionalized,"InChI=1S/C28H44N2O23/c1-5(33)29-9-18(11(35)7(3-31)47-25(9)46)49-28-17(41)15(39)20(22(53-28)24(44)45)51-26-10(30-6(2)34)19(12(36)8(4-32)48-26)50-27-16(40)13(37)14(38)21(52-27)23(42)43/h7-22,25-28,31-32,35-41,46H,3-4H2,1-2H3,(H,29,33)(H,30,34)(H,42,43)(H,44,45)/t7-,8-,9-,10-,11-,12-,13+,14+,15-,16-,17-,18?,19?,20+,21+,22+,25-,26+,27-,28-/m1/s1",KIUKXJAPPMFGSW-MNSSHETKSA-N
699,Hydrogen peroxide,5.7,7722-84-1,OO,,,https://doi.org/10.1039/F19837901493,phosphorus,Phosphorus-containing organics,InChI=1S/H2O2/c1-2/h1-2H,MHAJPDPJQMAIIY-UHFFFAOYSA-N
700,Hydrogen peroxide,4.63,7722-84-1,OO,,,https://doi.org/10.1016/j.watres.2010.04.011,phosphorus,Phosphorus-containing organics,InChI=1S/H2O2/c1-2/h1-2H,MHAJPDPJQMAIIY-UHFFFAOYSA-N
701,Hydrogen peroxide,5.9,7722-84-1,OO,,,https://doi.org/10.1021/j100909a029,phosphorus,Phosphorus-containing organics,InChI=1S/H2O2/c1-2/h1-2H,MHAJPDPJQMAIIY-UHFFFAOYSA-N
702,Hydrogen peroxide,5.63,7722-84-1,OO,,,NIST,phosphorus,Phosphorus-containing organics,InChI=1S/H2O2/c1-2/h1-2H,MHAJPDPJQMAIIY-UHFFFAOYSA-N
703,Hydrogen peroxide,5.9,7722-84-1,OO,,,https://doi.org/10.1063/1.555808,phosphorus,Phosphorus-containing organics,InChI=1S/H2O2/c1-2/h1-2H,MHAJPDPJQMAIIY-UHFFFAOYSA-N
704,Hydroperoxide ion,7.57,14691-59-9,[O-]O[H],,,https://doi.org/10.1016/j.watres.2010.04.011,phosphorus,Phosphorus-containing organics,InChI=1S/H2O2/c1-2/h1-2H/p-1,MHAJPDPJQMAIIY-UHFFFAOYSA-M
705,Hydroperoxide ion,7,14691-59-9,[O-]O[H],,,https://doi.org/10.1039/F19837901493,phosphorus,Phosphorus-containing organics,InChI=1S/H2O2/c1-2/h1-2H/p-1,MHAJPDPJQMAIIY-UHFFFAOYSA-M
706,Hydroperoxide ion,7.48,14691-59-9,[O-]O[H],,,https://doi.org/10.1016/1359-0197(91)90100-G,phosphorus,Phosphorus-containing organics,InChI=1S/H2O2/c1-2/h1-2H/p-1,MHAJPDPJQMAIIY-UHFFFAOYSA-M
707,Hydroperoxide ion,7.75,14691-59-9,[O-]O[H],13-14,,https://doi.org/10.1021/j100909a029,phosphorus,Phosphorus-containing organics,InChI=1S/H2O2/c1-2/h1-2H/p-1,MHAJPDPJQMAIIY-UHFFFAOYSA-M
708,Hydroperoxide ion,7.48,14691-59-9,[O-]O[H],,,NIST,phosphorus,Phosphorus-containing organics,InChI=1S/H2O2/c1-2/h1-2H/p-1,MHAJPDPJQMAIIY-UHFFFAOYSA-M
709,Hydroquinone,9.28,123-31-9,C1=CC(=CC=C1O)O,7,,https://doi.org/10.1002/kin.550230606,halogenated,Halogenated organics,"InChI=1S/C6H6O2/c7-5-1-2-6(8)4-3-5/h1-4,7-8H",QIGBRXMKCJKVMJ-UHFFFAOYSA-N
710,Hydroxyethylferrocene,9.46,53954-85-1,C1CCCC1.C1CCC(C1)CCO.[Fe],10.8,,NIST,cyclo,Aromatic & PAHs,"InChI=1S/C7H14O.C5H10.Fe/c8-6-5-7-3-1-2-4-7;1-2-4-5-3-1;/h7-8H,1-6H2;1-5H2;",SNARYPDREKUDMK-UHFFFAOYSA-N
711,Hydroxyl Radical,9.48,3352-57-6,[OH],,,NIST,alcohol,Oxygenated organics,InChI=1S/HO/h1H,TUJKJAMUKRIRHC-UHFFFAOYSA-N
712,Hydroxyl radical,6.93,3352-57-6,[OH],,,https://doi.org/10.1016/j.watres.2024.121440,alcohol,Oxygenated organics,InChI=1S/HO/h1H,TUJKJAMUKRIRHC-UHFFFAOYSA-N
713,Hydroxyl radical,9.48,3352-57-6,[OH],,,https://doi.org/10.1016/S0043-1354(98)00448-5,alcohol,Oxygenated organics,InChI=1S/HO/h1H,TUJKJAMUKRIRHC-UHFFFAOYSA-N
714,Hypobromite ion,7.63,13824-96-9,[O-]Br,13,,NIST,halogenated,Halogenated organics,InChI=1S/BrO/c1-2/q-1,JGJLWPGRMCADHB-UHFFFAOYSA-N
715,Hypobromite ion,7.63,13824-96-9,[O-]Br,13,,https://www.jstor.org/stable/2416051,halogenated,Halogenated organics,InChI=1S/BrO/c1-2/q-1,JGJLWPGRMCADHB-UHFFFAOYSA-N
716,Hypochlorite ion,5.76,14866-68-3,[O-]Cl,,,https://doi.org/10.1016/j.scitotenv.2022.158345,halogenated,Halogenated organics,InChI=1S/ClO/c1-2/q-1,WQYVRQLZKVEZGA-UHFFFAOYSA-N
717,Hypochlorite ion,5.71,14866-68-3,[O-]Cl,11.6,,https://doi.org/10.1016/1359-0197(88)90018-5,halogenated,Halogenated organics,InChI=1S/ClO/c1-2/q-1,WQYVRQLZKVEZGA-UHFFFAOYSA-N
718,Hypochlorite ion,5.76,14866-68-3,[O-]Cl,,,https://doi.org/10.1021/es1010225,halogenated,Halogenated organics,InChI=1S/ClO/c1-2/q-1,WQYVRQLZKVEZGA-UHFFFAOYSA-N
719,Hypophosphite ion,5.7,7681-53-0,[O-]P=O,11.4,,NIST,phosphorus,Phosphorus-containing organics,"InChI=1S/HO2P/c1-3-2/h(H,1,2)/p-1",GQZXNSPRSGFJLY-UHFFFAOYSA-M
720,Hypotaurine,9.04,37256-46-5,C(CS(=O)O)N,11.3,,https://doi.org/10.3109/10715762.2014.951839,halogenated,Halogenated organics,"InChI=1S/C2H7NO2S/c3-1-2-6(4)5/h1-3H2,(H,4,5)",VVIUBCNYACGLLV-UHFFFAOYSA-N
721,Ibuprofen,6.08,15687-27-1,CC(C)CC1=CC=C(C=C1)C(C)C(=O)O,8.8,,https://doi.org/10.1021/acs.est.8b04383,alkane,Aliphatic hydrocarbons,"InChI=1S/C13H18O2/c1-9(2)8-11-4-6-12(7-5-11)10(3)13(14)15/h4-7,9-10H,8H2,1-3H3,(H,14,15)",HEFNNWSXXWATRW-UHFFFAOYSA-N
722,Ibuprofen,6.08,15687-27-1,CC(C)CC1=CC=C(C=C1)C(C)C(=O)O,,,https://doi.org/10.1016/j.cej.2022.135995,alkane,Aliphatic hydrocarbons,"InChI=1S/C13H18O2/c1-9(2)8-11-4-6-12(7-5-11)10(3)13(14)15/h4-7,9-10H,8H2,1-3H3,(H,14,15)",HEFNNWSXXWATRW-UHFFFAOYSA-N
723,Ibuprofen,5.9,15687-27-1,CC(C)CC1=CC=C(C=C1)C(C)C(=O)O,,,https://doi.org/10.1016/j.cej.2023.145245,alkane,Aliphatic hydrocarbons,"InChI=1S/C13H18O2/c1-9(2)8-11-4-6-12(7-5-11)10(3)13(14)15/h4-7,9-10H,8H2,1-3H3,(H,14,15)",HEFNNWSXXWATRW-UHFFFAOYSA-N
724,Imidacloprid,6.6,105827-78-9,C1CN(/C(=N/[N+](=O)[O-])/N1)CC2=CN=C(C=C2)Cl,7.7,,https://doi.org/10.1016/j.watres.2012.03.051,halogenated,Halogenated organics,"InChI=1S/C9H10ClN5O2/c10-8-2-1-7(5-12-8)6-14-4-3-11-9(14)13-15(16)17/h1-2,5H,3-4,6H2,(H,11,13)",YWTYJOPNNQFBPC-UHFFFAOYSA-N
725,Imidazole,5.74,288-32-4,C1=CN=CN1,7,,NIST,halogenated,Halogenated organics,"InChI=1S/C3H4N2/c1-2-5-3-4-1/h1-3H,(H,4,5)",RAXXELZNTBOGNW-UHFFFAOYSA-N
726,Imidazole,5.74,288-32-4,C1=CN=CN1,7,,https://doi.org/10.2307/3573789,halogenated,Halogenated organics,"InChI=1S/C3H4N2/c1-2-5-3-4-1/h1-3H,(H,4,5)",RAXXELZNTBOGNW-UHFFFAOYSA-N
727,Indole,8.61,120-72-9,C1=CC=C2C(=C1)C=CN2,,,https://doi.org/10.1021/j100614a007,halogenated,Halogenated organics,"InChI=1S/C8H7N/c1-2-4-8-7(3-1)5-6-9-8/h1-6,9H",SIKJAQJRHWYJAI-UHFFFAOYSA-N
728,Indole,8.48,120-72-9,C1=CC=C2C(=C1)C=CN2,9.3,,https://doi.org/10.1021/j100300a039,halogenated,Halogenated organics,"InChI=1S/C8H7N/c1-2-4-8-7(3-1)5-6-9-8/h1-6,9H",SIKJAQJRHWYJAI-UHFFFAOYSA-N
729,Indole,8.53,120-72-9,C1=CC=C2C(=C1)C=CN2,,,https://doi.org/10.1016/j.jhazmat.2025.137920,halogenated,Halogenated organics,"InChI=1S/C8H7N/c1-2-4-8-7(3-1)5-6-9-8/h1-6,9H",SIKJAQJRHWYJAI-UHFFFAOYSA-N
730,Indole,8.51,120-72-9,C1=CC=C2C(=C1)C=CN2,7,,https://doi.org/10.2307/3573789,halogenated,Halogenated organics,"InChI=1S/C8H7N/c1-2-4-8-7(3-1)5-6-9-8/h1-6,9H",SIKJAQJRHWYJAI-UHFFFAOYSA-N
731,Indole,8.53,120-72-9,C1=CC=C2C(=C1)C=CN2,,,https://doi.org/10.1016/j.jhazmat.2025.138135,halogenated,Halogenated organics,"InChI=1S/C8H7N/c1-2-4-8-7(3-1)5-6-9-8/h1-6,9H",SIKJAQJRHWYJAI-UHFFFAOYSA-N
732,Indole,8.51,120-72-9,C1=CC=C2C(=C1)C=CN2,7,,https://doi.org/10.1021/j100628a006,halogenated,Halogenated organics,"InChI=1S/C8H7N/c1-2-4-8-7(3-1)5-6-9-8/h1-6,9H",SIKJAQJRHWYJAI-UHFFFAOYSA-N
733,Indole-3-propionate,8.61,830-96-6,C1=CC=C2C(=C1)C(=CN2)CCC(=O)[O-],7,,https://doi.org/10.1021/j100628a006,halogenated,Halogenated organics,"InChI=1S/C11H11NO2/c13-11(14)6-5-8-7-12-10-4-2-1-3-9(8)10/h1-4,7,12H,5-6H2,(H,13,14)/p-1",GOLXRNDWAUTYKT-UHFFFAOYSA-M
734,Indole-3-propionate,8.83,830-96-6,C1=CC=C2C(=C1)C(=CN2)CCC(=O)[O-],12,,https://doi.org/10.1039/C39720000991,halogenated,Halogenated organics,"InChI=1S/C11H11NO2/c13-11(14)6-5-8-7-12-10-4-2-1-3-9(8)10/h1-4,7,12H,5-6H2,(H,13,14)/p-1",GOLXRNDWAUTYKT-UHFFFAOYSA-M
735,Indole-3-propionate,8.74,830-96-6,C1=CC=C2C(=C1)C(=CN2)CCC(=O)[O-],9,,https://doi.org/10.1039/C39720000991,halogenated,Halogenated organics,"InChI=1S/C11H11NO2/c13-11(14)6-5-8-7-12-10-4-2-1-3-9(8)10/h1-4,7,12H,5-6H2,(H,13,14)/p-1",GOLXRNDWAUTYKT-UHFFFAOYSA-M
736,Indole-3-propionate,8.62,830-96-6,C1=CC=C2C(=C1)C(=CN2)CCC(=O)[O-],,,https://doi.org/10.1021/j100614a007,halogenated,Halogenated organics,"InChI=1S/C11H11NO2/c13-11(14)6-5-8-7-12-10-4-2-1-3-9(8)10/h1-4,7,12H,5-6H2,(H,13,14)/p-1",GOLXRNDWAUTYKT-UHFFFAOYSA-M
737,Iodide ion,8.11,20461-54-5,[I-],11,,https://doi.org/10.1063/1.555808,halogenated,Halogenated organics,InChI=1S/HI/h1H/p-1,XMBWDFGMSWQBCA-UHFFFAOYSA-M
738,Irgarol,6.86,28159-98-0,CC(C)(C)NC1=NC(=NC(=N1)NC2CC2)SC,11,,https://doi.org/10.1021/es051236b,"sulfide, disulfide",Sulfur-containing organics,"InChI=1S/C11H19N5S/c1-11(2,3)16-9-13-8(12-7-5-6-7)14-10(15-9)17-4/h7H,5-6H2,1-4H3,(H2,12,13,14,15,16)",HDHLIWCXDDZUFH-UHFFFAOYSA-N
739,Irgarol,6.86,28159-98-0,CC(C)(C)NC1=NC(=NC(=N1)NC2CC2)SC,,,https://doi.org/10.1039/C3EM00479A,"sulfide, disulfide",Sulfur-containing organics,"InChI=1S/C11H19N5S/c1-11(2,3)16-9-13-8(12-7-5-6-7)14-10(15-9)17-4/h7H,5-6H2,1-4H3,(H2,12,13,14,15,16)",HDHLIWCXDDZUFH-UHFFFAOYSA-N
740,Iron(III)-DTPA complex,7.4,12389-75-2,C(CN(CC(=O)O)CC(=O)O)N(CCN(CC(=O)O)CC(=O)O)CC(=O)[O-].[Na+].[Fe],8.5,,https://doi.org/10.1080/00958972.2018.1496242,diol,Polyfunctional / highly functionalized,"InChI=1S/C14H23N3O10.Fe.Na/c18-10(19)5-15(1-3-16(6-11(20)21)7-12(22)23)2-4-17(8-13(24)25)9-14(26)27;;/h1-9H2,(H,18,19)(H,20,21)(H,22,23)(H,24,25)(H,26,27);;/q;;+1/p-1",QPYLVHZXLVRPDD-UHFFFAOYSA-M
741,Isobutylamine,5.6,78-81-9,CC(C)CN,,25,https://doi.org/10.1016/j.jhazmat.2025.137899,alkane,Aliphatic hydrocarbons,"InChI=1S/C4H11N/c1-4(2)3-5/h4H,3,5H2,1-2H3",KDSNLYIMUZNERS-UHFFFAOYSA-N
742,Isobutylamine,5.6,78-81-9,CC(C)CN,11.5,,https://doi.org/10.1016/S0040-4020(01)91404-8,alkane,Aliphatic hydrocarbons,"InChI=1S/C4H11N/c1-4(2)3-5/h4H,3,5H2,1-2H3",KDSNLYIMUZNERS-UHFFFAOYSA-N
743,Isopropanol,4.6,67-63-0,CC(C)O,8,,https://doi.org/10.1016/j.jphotochem.2006.04.045,alkane,Aliphatic hydrocarbons,"InChI=1S/C3H8O/c1-3(2)4/h3-4H,1-2H3",KFZMGEQAYNKOFK-UHFFFAOYSA-N
744,Isopropanol,4.59,67-63-0,CC(C)O,6.4–12.7,,https://doi.org/10.1063/1.555808,alkane,Aliphatic hydrocarbons,"InChI=1S/C3H8O/c1-3(2)4/h3-4H,1-2H3",KFZMGEQAYNKOFK-UHFFFAOYSA-N
745,Isopropanol,4.6,67-63-0,CC(C)O,,,https://doi.org/10.1016/j.watres.2018.10.007,alkane,Aliphatic hydrocarbons,"InChI=1S/C3H8O/c1-3(2)4/h3-4H,1-2H3",KFZMGEQAYNKOFK-UHFFFAOYSA-N
746,Isopropanol,4.66,67-63-0,CC(C)O,,,https://doi.org/10.1021/es3030808,alkane,Aliphatic hydrocarbons,"InChI=1S/C3H8O/c1-3(2)4/h3-4H,1-2H3",KFZMGEQAYNKOFK-UHFFFAOYSA-N
747,Isopropylamine,5.7,75-31-0,CC(C)N,,,https://doi.org/10.1016/j.jhazmat.2025.138102,alkane,Aliphatic hydrocarbons,"InChI=1S/C3H9N/c1-3(2)4/h3H,4H2,1-2H3",JJWLVOIRVHMVIS-UHFFFAOYSA-N
748,Isopropylamine,5.7,75-31-0,CC(C)N,11.5,,https://doi.org/10.1039/C3EM00479A,alkane,Aliphatic hydrocarbons,"InChI=1S/C3H9N/c1-3(2)4/h3H,4H2,1-2H3",JJWLVOIRVHMVIS-UHFFFAOYSA-N
749,Isoproturon,7.48,34123-59-6,CC(C)C1=CC=C(C=C1)NC(=O)N(C)C,,,https://doi.org/10.1016/j.jhazmat.2025.137921,alkane,Aliphatic hydrocarbons,"InChI=1S/C12H18N2O/c1-9(2)10-5-7-11(8-6-10)13-12(15)14(3)4/h5-9H,1-4H3,(H,13,15)",PUIYMUZLKQOUOZ-UHFFFAOYSA-N
750,Isoproturon,7.44,34123-59-6,CC(C)C1=CC=C(C=C1)NC(=O)N(C)C,8.5-11,,https://doi.org/10.1016/j.chemosphere.2023.140660,alkane,Aliphatic hydrocarbons,"InChI=1S/C12H18N2O/c1-9(2)10-5-7-11(8-6-10)13-12(15)14(3)4/h5-9H,1-4H3,(H,13,15)",PUIYMUZLKQOUOZ-UHFFFAOYSA-N
751,Isoproturon,7.48,34123-59-6,CC(C)C1=CC=C(C=C1)NC(=O)N(C)C,11,,https://doi.org/10.1021/es051236b,alkane,Aliphatic hydrocarbons,"InChI=1S/C12H18N2O/c1-9(2)10-5-7-11(8-6-10)13-12(15)14(3)4/h5-9H,1-4H3,(H,13,15)",PUIYMUZLKQOUOZ-UHFFFAOYSA-N
752,Isoproturon,7.46,34123-59-6,CC(C)C1=CC=C(C=C1)NC(=O)N(C)C,,,https://doi.org/10.1039/C3EM00479A,alkane,Aliphatic hydrocarbons,"InChI=1S/C12H18N2O/c1-9(2)10-5-7-11(8-6-10)13-12(15)14(3)4/h5-9H,1-4H3,(H,13,15)",PUIYMUZLKQOUOZ-UHFFFAOYSA-N
753,Isoproturon,7.42,34123-59-6,CC(C)C1=CC=C(C=C1)NC(=O)N(C)C,11,,https://doi.org/10.1021/es051236b,alkane,Aliphatic hydrocarbons,"InChI=1S/C12H18N2O/c1-9(2)10-5-7-11(8-6-10)13-12(15)14(3)4/h5-9H,1-4H3,(H,13,15)",PUIYMUZLKQOUOZ-UHFFFAOYSA-N
754,Isoproturon,7.4,34123-59-6,CC(C)C1=CC=C(C=C1)NC(=O)N(C)C,11,,https://doi.org/10.1021/es051236b,alkane,Aliphatic hydrocarbons,"InChI=1S/C12H18N2O/c1-9(2)10-5-7-11(8-6-10)13-12(15)14(3)4/h5-9H,1-4H3,(H,13,15)",PUIYMUZLKQOUOZ-UHFFFAOYSA-N
755,Isoproturon,7.45,34123-59-6,CC(C)C1=CC=C(C=C1)NC(=O)N(C)C,8.5,,https://doi.org/10.1021/es3030808,alkane,Aliphatic hydrocarbons,"InChI=1S/C12H18N2O/c1-9(2)10-5-7-11(8-6-10)13-12(15)14(3)4/h5-9H,1-4H3,(H,13,15)",PUIYMUZLKQOUOZ-UHFFFAOYSA-N
756,Isoproturon,7.43,34123-59-6,CC(C)C1=CC=C(C=C1)NC(=O)N(C)C,,,https://doi.org/10.1016/j.chemosphere.2023.140660,alkane,Aliphatic hydrocarbons,"InChI=1S/C12H18N2O/c1-9(2)10-5-7-11(8-6-10)13-12(15)14(3)4/h5-9H,1-4H3,(H,13,15)",PUIYMUZLKQOUOZ-UHFFFAOYSA-N
757,Ketoprofen,8.59,22071-15-4,CC(C1=CC(=CC=C1)C(=O)C2=CC=CC=C2)C(=O)O,,,https://doi.org/10.1016/j.chemosphere.2023.140660,cyclo,Aromatic & PAHs,"InChI=1S/C16H14O3/c1-11(16(18)19)13-8-5-9-14(10-13)15(17)12-6-3-2-4-7-12/h2-11H,1H3,(H,18,19)",DKYWVDODHFEZIM-UHFFFAOYSA-N
758,Ketoprofen,8.59,22071-15-4,CC(C1=CC(=CC=C1)C(=O)C2=CC=CC=C2)C(=O)O,6.5,,https://doi.org/10.1016/j.cej.2014.05.088,cyclo,Aromatic & PAHs,"InChI=1S/C16H14O3/c1-11(16(18)19)13-8-5-9-14(10-13)15(17)12-6-3-2-4-7-12/h2-11H,1H3,(H,18,19)",DKYWVDODHFEZIM-UHFFFAOYSA-N
759,Luminol,8.9,521-31-3,C1=CC2=C(C(=C1)N)C(=O)NNC2=O,,,https://doi.org/10.1021/ja00284a040,cyclo,Aromatic & PAHs,"InChI=1S/C8H7N3O2/c9-5-3-1-2-4-6(5)8(13)11-10-7(4)12/h1-3H,9H2,(H,10,12)(H,11,13)",HWYHZTIRURJOHG-UHFFFAOYSA-N
760,Lysozyme,8.74,9001-63-2,CCC(C)C(C(=O)NC(CCCNC(=N)N)C(=O)NC(C)C(=O)NC(CC1=CNC2=CC=CC=C21)C(=O)NC(C(C)C)C(=O)NC(C)C(=O)NC(CC3=CNC4=CC=CC=C43)C(=O)NC(CCCNC(=N)N)C(=O)NC(CC(=O)N)C(=O)NC(CCCNC(=N)N)C(=O)O)NC(=O)CNC(=O)C(CCC(=O)N)NC(=O)C5CCCN5C(=O)C(CC(=O)O)NC(=O)C(CCCNC(=N)N)NC(=O)C(C(C)C)NC(=O)C(C(C)C)NC(=O)C(CCCNC(=N)N)N,7,,https://doi.org/10.2307/3573789,alkane,Aliphatic hydrocarbons,"InChI=1S/C99H159N37O23/c1-11-50(8)77(132-72(139)46-120-81(145)63(32-33-70(101)137)124-88(152)69-31-21-39-136(69)93(157)68(43-73(140)141)131-84(148)62(29-19-37-116-98(109)110)125-90(154)75(48(4)5)135-91(155)76(49(6)7)133-80(144)57(100)24-16-34-113-95(103)104)92(156)126-60(27-17-35-114-96(105)106)82(146)121-51(9)78(142)129-66(41-54-45-119-59-26-15-13-23-56(54)59)87(151)134-74(47(2)3)89(153)122-52(10)79(143)128-65(40-53-44-118-58-25-14-12-22-55(53)58)85(149)123-61(28-18-36-115-97(107)108)83(147)130-67(42-71(102)138)86(150)127-64(94(158)159)30-20-38-117-99(111)112/h12-15,22-23,25-26,44-45,47-52,57,60-69,74-77,118-119H,11,16-21,24,27-43,46,100H2,1-10H3,(H2,101,137)(H2,102,138)(H,120,145)(H,121,146)(H,122,153)(H,123,149)(H,124,152)(H,125,154)(H,126,156)(H,127,150)(H,128,143)(H,129,142)(H,130,147)(H,131,148)(H,132,139)(H,133,144)(H,134,151)(H,135,155)(H,140,141)(H,158,159)(H4,103,104,113)(H4,105,106,114)(H4,107,108,115)(H4,109,110,116)(H4,111,112,117)",ZJCXKXFAOCLSRV-UHFFFAOYSA-N
761,Lysozyme,8.74,9001-63-2,CCC(C)C(C(=O)NC(CCCNC(=N)N)C(=O)NC(C)C(=O)NC(CC1=CNC2=CC=CC=C21)C(=O)NC(C(C)C)C(=O)NC(C)C(=O)NC(CC3=CNC4=CC=CC=C43)C(=O)NC(CCCNC(=N)N)C(=O)NC(CC(=O)N)C(=O)NC(CCCNC(=N)N)C(=O)O)NC(=O)CNC(=O)C(CCC(=O)N)NC(=O)C5CCCN5C(=O)C(CC(=O)O)NC(=O)C(CCCNC(=N)N)NC(=O)C(C(C)C)NC(=O)C(C(C)C)NC(=O)C(CCCNC(=N)N)N,7,,NIST,alkane,Aliphatic hydrocarbons,"InChI=1S/C99H159N37O23/c1-11-50(8)77(132-72(139)46-120-81(145)63(32-33-70(101)137)124-88(152)69-31-21-39-136(69)93(157)68(43-73(140)141)131-84(148)62(29-19-37-116-98(109)110)125-90(154)75(48(4)5)135-91(155)76(49(6)7)133-80(144)57(100)24-16-34-113-95(103)104)92(156)126-60(27-17-35-114-96(105)106)82(146)121-51(9)78(142)129-66(41-54-45-119-59-26-15-13-23-56(54)59)87(151)134-74(47(2)3)89(153)122-52(10)79(143)128-65(40-53-44-118-58-25-14-12-22-55(53)58)85(149)123-61(28-18-36-115-97(107)108)83(147)130-67(42-71(102)138)86(150)127-64(94(158)159)30-20-38-117-99(111)112/h12-15,22-23,25-26,44-45,47-52,57,60-69,74-77,118-119H,11,16-21,24,27-43,46,100H2,1-10H3,(H2,101,137)(H2,102,138)(H,120,145)(H,121,146)(H,122,153)(H,123,149)(H,124,152)(H,125,154)(H,126,156)(H,127,150)(H,128,143)(H,129,142)(H,130,147)(H,131,148)(H,132,139)(H,133,144)(H,134,151)(H,135,155)(H,140,141)(H,158,159)(H4,103,104,113)(H4,105,106,114)(H4,107,108,115)(H4,109,110,116)(H4,111,112,117)",ZJCXKXFAOCLSRV-UHFFFAOYSA-N
762,Malathion,5.95,121-75-5,CCOC(=O)CC(C(=O)OCC)SP(=S)(OC)OC,,,https://doi.org/10.1016/j.jhazmat.2025.138004,diol,Polyfunctional / highly functionalized,"InChI=1S/C10H19O6PS2/c1-5-15-9(11)7-8(10(12)16-6-2)19-17(18,13-3)14-4/h8H,5-7H2,1-4H3",JXSJBGJIGXNWCI-UHFFFAOYSA-N
763,"Maleic hydrazide,conjugate base",8.89,28330-26-9,O=C1C=CC([N-]N1)=O.[Na+],7.5,,NIST,halogenated,Halogenated organics,"InChI=1S/C4H4N2O2.Na/c7-3-1-2-4(8)6-5-3;/h1-2H,(H2,5,6,7,8);/q;+1/p-1",CDJGXQGTAOGUEE-UHFFFAOYSA-M
764,"Maleic hydrazide,conjugate base",8.89,28330-26-9,O=C1C=CC([N-]N1)=O.[Na+],7.5,,https://doi.org/10.1039/F19837901493,halogenated,Halogenated organics,"InChI=1S/C4H4N2O2.Na/c7-3-1-2-4(8)6-5-3;/h1-2H,(H2,5,6,7,8);/q;+1/p-1",CDJGXQGTAOGUEE-UHFFFAOYSA-M
765,Manganese(II)-EDTA complex,6.99,15375-84-5,[O-]C(CN(CC([O-])=O)CCN(CC([O-])=O)CC([O-])=O)=O.[Na+].[Na+].[Mn+2].O.O.O,8.3,,https://doi.org/10.1080/00958972.2018.1496242,diol,Polyfunctional / highly functionalized,"InChI=1S/C10H16N2O8.Mn.2Na.3H2O/c13-7(14)3-11(4-8(15)16)1-2-12(5-9(17)18)6-10(19)20;;;;;;/h1-6H2,(H,13,14)(H,15,16)(H,17,18)(H,19,20);;;;3*1H2/q;+2;2*+1;;;/p-4",PXHPBSLXKUGFFY-UHFFFAOYSA-J
766,Manganese(II) ion,7.18,16397-91-4,[Mn+2],6,,https://doi.org/10.1021/j100514a007,amine,Nitrogen-containing organics,InChI=1S/Mn/q+2,WAEMQWOKJMHJLA-UHFFFAOYSA-N
767,Mecoprop,7.42,7085-19-0,CC1=C(C=CC(=C1)Cl)OC(C)C(=O)O,,,https://doi.org/10.1016/j.jhazmat.2025.138008,alcohol,Oxygenated organics,"InChI=1S/C10H11ClO3/c1-6-5-8(11)3-4-9(6)14-7(2)10(12)13/h3-5,7H,1-2H3,(H,12,13)",WNTGYJSOUMFZEP-UHFFFAOYSA-N
768,"Melittic acid,conjugate base",9.51,517-60-2,O=C(C(C(C(O)=O)=C1C(O)=O)=C(C(C(O)=O)=C1C(O)=O)C(O)=O)O,11.2,,https://doi.org/10.1039/P29810000890,diol,Polyfunctional / highly functionalized,"InChI=1S/C12H6O12/c13-7(14)1-2(8(15)16)4(10(19)20)6(12(23)24)5(11(21)22)3(1)9(17)18/h(H,13,14)(H,15,16)(H,17,18)(H,19,20)(H,21,22)(H,23,24)",YDSWCNNOKPMOTP-UHFFFAOYSA-N
769,Mercaptopropionate,7.48,107-96-0,CC(C(=O)[O-])S,11.5,,https://doi.org/10.1063/1.555808,"sulfide, disulfide",Sulfur-containing organics,"InChI=1S/C3H6O2S/c1-2(6)3(4)5/h2,6H,1H3,(H,4,5)/p-1",PMNLUUOXGOOLSP-UHFFFAOYSA-M
770,Mercaptopropionate,7.48,107-96-0,CC(C(=O)[O-])S,,,https://doi.org/10.1016/j.chemosphere.2023.140660,"sulfide, disulfide",Sulfur-containing organics,"InChI=1S/C3H6O2S/c1-2(6)3(4)5/h2,6H,1H3,(H,4,5)/p-1",PMNLUUOXGOOLSP-UHFFFAOYSA-M
771,Mesotrione,7.26,104206-82-8,CS(=O)(=O)C1=CC(=C(C=C1)C(=O)C2C(=O)CCCC2=O)[N+](=O)[O-],8.5,,https://doi.org/10.1021/es3030808,"sulfide, disulfide",Sulfur-containing organics,"InChI=1S/C14H13NO7S/c1-23(21,22)8-5-6-9(10(7-8)15(19)20)14(18)13-11(16)3-2-4-12(13)17/h5-7,13H,2-4H2,1H3",KPUREKXXPHOJQT-UHFFFAOYSA-N
772,Methanol,3.48,67-56-1,CO,6.4,,https://doi.org/10.1021/j100628a006,halogenated,Halogenated organics,"InChI=1S/CH4O/c1-2/h2H,1H3",OKKJLVBELUTLKV-UHFFFAOYSA-N
773,Methanol,3.7,67-56-1,CO,12.5,,https://doi.org/10.1063/1.555808,halogenated,Halogenated organics,"InChI=1S/CH4O/c1-2/h2H,1H3",OKKJLVBELUTLKV-UHFFFAOYSA-N
774,Methanol,3.7,67-56-1,CO,,25,https://doi.org/10.1016/j.jhazmat.2025.137899,halogenated,Halogenated organics,"InChI=1S/CH4O/c1-2/h2H,1H3",OKKJLVBELUTLKV-UHFFFAOYSA-N
775,Methanol,3.48,67-56-1,CO,6.4–12.5,,https://doi.org/10.1063/1.555808,halogenated,Halogenated organics,"InChI=1S/CH4O/c1-2/h2H,1H3",OKKJLVBELUTLKV-UHFFFAOYSA-N
776,Methionine,7.56,63-68-3,CSCC[C@@H](C(=O)O)N,7,,https://doi.org/10.2307/3573789,"sulfide, disulfide",Sulfur-containing organics,"InChI=1S/C5H11NO2S/c1-9-3-2-4(6)5(7)8/h4H,2-3,6H2,1H3,(H,7,8)/t4-/m0/s1",FFEARJCKVFRZRR-BYPYZUCNSA-N
777,Methionine,7.68,63-68-3,CSCC[C@@H](C(=O)O)N,,25,https://doi.org/10.1016/j.jhazmat.2025.137899,"sulfide, disulfide",Sulfur-containing organics,"InChI=1S/C5H11NO2S/c1-9-3-2-4(6)5(7)8/h4H,2-3,6H2,1H3,(H,7,8)/t4-/m0/s1",FFEARJCKVFRZRR-BYPYZUCNSA-N
778,Methionine,7.48,63-68-3,CSCC[C@@H](C(=O)O)N,7,,https://doi.org/10.1016/j.chemosphere.2023.140660,"sulfide, disulfide",Sulfur-containing organics,"InChI=1S/C5H11NO2S/c1-9-3-2-4(6)5(7)8/h4H,2-3,6H2,1H3,(H,7,8)/t4-/m0/s1",FFEARJCKVFRZRR-BYPYZUCNSA-N
779,Methionine,7.48,63-68-3,CSCC[C@@H](C(=O)O)N,,,https://doi.org/10.1016/j.chemosphere.2023.140660,"sulfide, disulfide",Sulfur-containing organics,"InChI=1S/C5H11NO2S/c1-9-3-2-4(6)5(7)8/h4H,2-3,6H2,1H3,(H,7,8)/t4-/m0/s1",FFEARJCKVFRZRR-BYPYZUCNSA-N
780,Methionine,8.08,63-68-3,CSCC[C@@H](C(=O)O)N,11.4,,https://doi.org/10.1021/jp049063k,"sulfide, disulfide",Sulfur-containing organics,"InChI=1S/C5H11NO2S/c1-9-3-2-4(6)5(7)8/h4H,2-3,6H2,1H3,(H,7,8)/t4-/m0/s1",FFEARJCKVFRZRR-BYPYZUCNSA-N
781,Methionine,8.08,63-68-3,CSCC[C@@H](C(=O)O)N,11.2,,https://doi.org/10.2307/3573266,"sulfide, disulfide",Sulfur-containing organics,"InChI=1S/C5H11NO2S/c1-9-3-2-4(6)5(7)8/h4H,2-3,6H2,1H3,(H,7,8)/t4-/m0/s1",FFEARJCKVFRZRR-BYPYZUCNSA-N
782,Methionine,7.3,63-68-3,CSCC[C@@H](C(=O)O)N,7,,https://doi.org/10.2307/3574180,"sulfide, disulfide",Sulfur-containing organics,"InChI=1S/C5H11NO2S/c1-9-3-2-4(6)5(7)8/h4H,2-3,6H2,1H3,(H,7,8)/t4-/m0/s1",FFEARJCKVFRZRR-BYPYZUCNSA-N
783,Methionine,7.7,63-68-3,CSCC[C@@H](C(=O)O)N,11,,https://doi.org/10.2307/3574180,"sulfide, disulfide",Sulfur-containing organics,"InChI=1S/C5H11NO2S/c1-9-3-2-4(6)5(7)8/h4H,2-3,6H2,1H3,(H,7,8)/t4-/m0/s1",FFEARJCKVFRZRR-BYPYZUCNSA-N
784,Methionine,7.56,63-68-3,CSCC[C@@H](C(=O)O)N,7,,https://doi.org/10.2307/3573789,"sulfide, disulfide",Sulfur-containing organics,"InChI=1S/C5H11NO2S/c1-9-3-2-4(6)5(7)8/h4H,2-3,6H2,1H3,(H,7,8)/t4-/m0/s1",FFEARJCKVFRZRR-BYPYZUCNSA-N
785,Methomyl,7.23,16752-77-5,CC(=NOC(=O)NC)SC,,,https://doi.org/10.1016/j.jece.2024.112157,"sulfide, disulfide",Sulfur-containing organics,"InChI=1S/C5H10N2O2S/c1-4(10-3)7-9-5(8)6-2/h1-3H3,(H,6,8)",UHXUZOCRWCRNSJ-UHFFFAOYSA-N
786,Methotrexate,7.15,91431-42-4,CN(CC1=CN=C2C(=N1)C(=NC(=N2)N)N)C3=CC=C(C=C3)C(=O)N[C@@H](CCC(=O)O)C(=O)O,8,,https://doi.org/10.1016/j.watres.2017.01.040,halogenated,Halogenated organics,"InChI=1S/C20H22N8O5/c1-28(9-11-8-23-17-15(24-11)16(21)26-20(22)27-17)12-4-2-10(3-5-12)18(31)25-13(19(32)33)6-7-14(29)30/h2-5,8,13H,6-7,9H2,1H3,(H,25,31)(H,29,30)(H,32,33)(H4,21,22,23,26,27)/t13-/m0/s1",FBOZXECLQNJBKD-ZDUSSCGKSA-N
787,Methotrexate,7.15,91431-42-4,CN(CC1=CN=C2C(=N1)C(=NC(=N2)N)N)C3=CC=C(C=C3)C(=O)N[C@@H](CCC(=O)O)C(=O)O,,,https://doi.org/10.1016/j.chemosphere.2023.138793,halogenated,Halogenated organics,"InChI=1S/C20H22N8O5/c1-28(9-11-8-23-17-15(24-11)16(21)26-20(22)27-17)12-4-2-10(3-5-12)18(31)25-13(19(32)33)6-7-14(29)30/h2-5,8,13H,6-7,9H2,1H3,(H,25,31)(H,29,30)(H,32,33)(H4,21,22,23,26,27)/t13-/m0/s1",FBOZXECLQNJBKD-ZDUSSCGKSA-N
788,Methyl 2-aminobenzoate,8.49,134-20-3,COC(=O)C1=CC=CC=C1N,10,,https://doi.org/10.3390/molecules22040619,alcohol,Oxygenated organics,"InChI=1S/C8H9NO2/c1-11-8(10)6-4-2-3-5-7(6)9/h2-5H,9H2,1H3",VAMXMNNIEUEQDV-UHFFFAOYSA-N
789,Methyl 2-aminobenzoate,8.54,134-20-3,COC(=O)C1=CC=CC=C1N,,,https://doi.org/10.1016/j.jhazmat.2025.138168,alcohol,Oxygenated organics,"InChI=1S/C8H9NO2/c1-11-8(10)6-4-2-3-5-7(6)9/h2-5H,9H2,1H3",VAMXMNNIEUEQDV-UHFFFAOYSA-N
790,Methyl parathion,5.3,298-00-0,COP(=S)(OC)OC1=CC=C(C=C1)[N+](=O)[O-],,,https://doi.org/10.1016/j.jhazmat.2025.137923,diol,Polyfunctional / highly functionalized,"InChI=1S/C8H10NO5PS/c1-12-15(16,13-2)14-8-5-3-7(4-6-8)9(10)11/h3-6H,1-2H3",RLBIQVVOMOPOHC-UHFFFAOYSA-N
791,Methyl radical,9.48,2229-07-4,[CH3],,,https://doi.org/10.1016/0146-5724(78)90101-2,halogenated,Halogenated organics,InChI=1S/CH3/h1H3,WCYWZMWISLQXQU-UHFFFAOYSA-N
792,Methyl radical,9.48,2229-07-4,[CH3],,,NIST,halogenated,Halogenated organics,InChI=1S/CH3/h1H3,WCYWZMWISLQXQU-UHFFFAOYSA-N
793,Methyl salicylate,6.92,119-36-8,COC(=O)C1=CC=CC=C1O,,25,https://doi.org/10.1016/j.jhazmat.2025.137899,alcohol,Oxygenated organics,"InChI=1S/C8H8O3/c1-11-8(10)6-4-2-3-5-7(6)9/h2-5,9H,1H3",OSWPMRLSEDHDFF-UHFFFAOYSA-N
794,Methyl salicylate,8.54,119-36-8,COC(=O)C1=CC=CC=C1O,,25,https://doi.org/10.1016/j.jhazmat.2025.137899,alcohol,Oxygenated organics,"InChI=1S/C8H8O3/c1-11-8(10)6-4-2-3-5-7(6)9/h2-5,9H,1H3",OSWPMRLSEDHDFF-UHFFFAOYSA-N
795,Methyl-beta-D-glucopyranoside,3.59,709-50-2,CO[C@H]1[C@@H]([C@H]([C@@H]([C@H](O1)CO)O)O)O,11,,https://doi.org/10.1081/WCT-120018615,diol,Polyfunctional / highly functionalized,"InChI=1S/C7H14O6/c1-12-7-6(11)5(10)4(9)3(2-8)13-7/h3-11H,2H2,1H3/t3-,4-,5+,6-,7-/m1/s1",HOVAGTYPODGVJG-XUUWZHRGSA-N
796,Methyl-beta-D-glucopyranoside,5.2,709-50-2,CO[C@H]1[C@@H]([C@H]([C@@H]([C@H](O1)CO)O)O)O,12.1,,https://doi.org/10.1081/WCT-120018615,diol,Polyfunctional / highly functionalized,"InChI=1S/C7H14O6/c1-12-7-6(11)5(10)4(9)3(2-8)13-7/h3-11H,2H2,1H3/t3-,4-,5+,6-,7-/m1/s1",HOVAGTYPODGVJG-XUUWZHRGSA-N
797,Methyl-beta-D-glucopyranoside,5.87,709-50-2,CO[C@H]1[C@@H]([C@H]([C@@H]([C@H](O1)CO)O)O)O,13,,https://doi.org/10.1081/WCT-120018615,diol,Polyfunctional / highly functionalized,"InChI=1S/C7H14O6/c1-12-7-6(11)5(10)4(9)3(2-8)13-7/h3-11H,2H2,1H3/t3-,4-,5+,6-,7-/m1/s1",HOVAGTYPODGVJG-XUUWZHRGSA-N
798,Methyl-beta-D-glucopyranoside,4.72,709-50-2,CO[C@H]1[C@@H]([C@H]([C@@H]([C@H](O1)CO)O)O)O,10.3,,https://doi.org/10.1081/WCT-120018615,diol,Polyfunctional / highly functionalized,"InChI=1S/C7H14O6/c1-12-7-6(11)5(10)4(9)3(2-8)13-7/h3-11H,2H2,1H3/t3-,4-,5+,6-,7-/m1/s1",HOVAGTYPODGVJG-XUUWZHRGSA-N
799,Methyl-parathion,5.3,298-00-0,COP(=S)(OC)OC1=CC=C(C=C1)[N+](=O)[O-],7,,https://doi.org/10.1002/etc.5620190605,diol,Polyfunctional / highly functionalized,"InChI=1S/C8H10NO5PS/c1-12-15(16,13-2)14-8-5-3-7(4-6-8)9(10)11/h3-6H,1-2H3",RLBIQVVOMOPOHC-UHFFFAOYSA-N
800,Metiazinate,9.51,13993-65-2,CN1C2=C(SC3=C1C=C(CC(O)=O)C=C3)C=CC=C2,,,https://doi.org/10.1016/j.chemosphere.2023.140660,cyclo,Aromatic & PAHs,"InChI=1S/C15H13NO2S/c1-16-11-4-2-3-5-13(11)19-14-7-6-10(8-12(14)16)9-15(17)18/h2-8H,9H2,1H3,(H,17,18)",LMINNBXUMGNKMM-UHFFFAOYSA-N
801,"Metiazinic acid, conjugate base",9.51,13993-65-2,CN1C2=C(SC3=C1C=C(CC(O)=O)C=C3)C=CC=C2,,,NIST,cyclo,Aromatic & PAHs,"InChI=1S/C15H13NO2S/c1-16-11-4-2-3-5-13(11)19-14-7-6-10(8-12(14)16)9-15(17)18/h2-8H,9H2,1H3,(H,17,18)",LMINNBXUMGNKMM-UHFFFAOYSA-N
802,Metolachlor,6.79,51218-45-2,CCC1=CC=CC(=C1N(C(C)COC)C(=O)CCl)C,,25,https://doi.org/10.1016/j.jhazmat.2025.137899,alcohol,Oxygenated organics,"InChI=1S/C15H22ClNO2/c1-5-13-8-6-7-11(2)15(13)17(14(18)9-16)12(3)10-19-4/h6-8,12H,5,9-10H2,1-4H3",WVQBLGZPHOPPFO-UHFFFAOYSA-N
803,Metolachlor,6.79,51218-45-2,CCC1=CC=CC(=C1N(C(C)COC)C(=O)CCl)C,8.5,,https://doi.org/10.1021/es3030808,alcohol,Oxygenated organics,"InChI=1S/C15H22ClNO2/c1-5-13-8-6-7-11(2)15(13)17(14(18)9-16)12(3)10-19-4/h6-8,12H,5,9-10H2,1-4H3",WVQBLGZPHOPPFO-UHFFFAOYSA-N
804,Metoprolol,6.71,37350-58-6,CC(C)NCC(COC1=CC=C(C=C1)CCOC)O,6.5,,https://doi.org/10.1016/j.cej.2014.05.088,alcohol,Oxygenated organics,"InChI=1S/C15H25NO3/c1-12(2)16-10-14(17)11-19-15-6-4-13(5-7-15)8-9-18-3/h4-7,12,14,16-17H,8-11H2,1-3H3",IUBSYMUCCVWXPE-UHFFFAOYSA-N
805,Metoprolol,6.92,37350-58-6,CC(C)NCC(COC1=CC=C(C=C1)CCOC)O,8,,https://doi.org/10.1021/acs.est.6b02232,alcohol,Oxygenated organics,"InChI=1S/C15H25NO3/c1-12(2)16-10-14(17)11-19-15-6-4-13(5-7-15)8-9-18-3/h4-7,12,14,16-17H,8-11H2,1-3H3",IUBSYMUCCVWXPE-UHFFFAOYSA-N
806,Metoprolol,6.71,37350-58-6,CC(C)NCC(COC1=CC=C(C=C1)CCOC)O,,,https://doi.org/10.1016/j.watres.2015.02.014,alcohol,Oxygenated organics,"InChI=1S/C15H25NO3/c1-12(2)16-10-14(17)11-19-15-6-4-13(5-7-15)8-9-18-3/h4-7,12,14,16-17H,8-11H2,1-3H3",IUBSYMUCCVWXPE-UHFFFAOYSA-N
807,Metoxuron,7.91,19937-59-8,CN(C)C(=O)NC1=CC(=C(C=C1)OC)Cl,,,https://doi.org/10.1016/j.chemosphere.2023.138793,alcohol,Oxygenated organics,"InChI=1S/C10H13ClN2O2/c1-13(2)10(14)12-7-4-5-9(15-3)8(11)6-7/h4-6H,1-3H3,(H,12,14)",DSRNRYQBBJQVCW-UHFFFAOYSA-N
808,Metoxuron,7.94,19937-59-8,CN(C)C(=O)NC1=CC(=C(C=C1)OC)Cl,8.5–11.0,,https://doi.org/10.1016/j.chemosphere.2023.140660,alcohol,Oxygenated organics,"InChI=1S/C10H13ClN2O2/c1-13(2)10(14)12-7-4-5-9(15-3)8(11)6-7/h4-6H,1-3H3,(H,12,14)",DSRNRYQBBJQVCW-UHFFFAOYSA-N
809,Metoxuron,7.88,19937-59-8,CN(C)C(=O)NC1=CC(=C(C=C1)OC)Cl,8.5,,https://doi.org/10.1021/es3030808,alcohol,Oxygenated organics,"InChI=1S/C10H13ClN2O2/c1-13(2)10(14)12-7-4-5-9(15-3)8(11)6-7/h4-6H,1-3H3,(H,12,14)",DSRNRYQBBJQVCW-UHFFFAOYSA-N
810,Metoxuron,7.91,19937-59-8,CN(C)C(=O)NC1=CC(=C(C=C1)OC)Cl,11,,https://doi.org/10.1021/es051236b,alcohol,Oxygenated organics,"InChI=1S/C10H13ClN2O2/c1-13(2)10(14)12-7-4-5-9(15-3)8(11)6-7/h4-6H,1-3H3,(H,12,14)",DSRNRYQBBJQVCW-UHFFFAOYSA-N
811,Metoxuron,8.04,19937-59-8,CN(C)C(=O)NC1=CC(=C(C=C1)OC)Cl,11,,https://doi.org/10.1021/es051236b,alcohol,Oxygenated organics,"InChI=1S/C10H13ClN2O2/c1-13(2)10(14)12-7-4-5-9(15-3)8(11)6-7/h4-6H,1-3H3,(H,12,14)",DSRNRYQBBJQVCW-UHFFFAOYSA-N
812,Metronidazole,6.83,443-48-1,CC1=NC=C(N1CCO)[N+](=O)[O-],,,https://doi.org/10.1016/j.jhazmat.2025.138121,alkane,Aliphatic hydrocarbons,"InChI=1S/C6H9N3O3/c1-5-7-4-6(9(11)12)8(5)2-3-10/h4,10H,2-3H2,1H3",VAOCPAMSLUNLGC-UHFFFAOYSA-N
813,Metronidazole,6.83,443-48-1,CC1=NC=C(N1CCO)[N+](=O)[O-],,,https://doi.org/10.1016/j.jhazmat.2025.138050,alkane,Aliphatic hydrocarbons,"InChI=1S/C6H9N3O3/c1-5-7-4-6(9(11)12)8(5)2-3-10/h4,10H,2-3H2,1H3",VAOCPAMSLUNLGC-UHFFFAOYSA-N
814,Metronidazole,7.53,443-48-1,CC1=NC=C(N1CCO)[N+](=O)[O-],,,https://doi.org/10.1021/acs.est.6b05536,alkane,Aliphatic hydrocarbons,"InChI=1S/C6H9N3O3/c1-5-7-4-6(9(11)12)8(5)2-3-10/h4,10H,2-3H2,1H3",VAOCPAMSLUNLGC-UHFFFAOYSA-N
815,MnTE-2-PyP,9.38,219818-60-7,CCN\1C=CC=C/C1=C\2/C3=NC(=C(C4=NC(=C(C5=CC=C([N-]5)C(=C6C=CC2=N6)C7=CC=CC=[N+]7CC)C8=CC=CC=[N+]8CC)C=C4)C9=CC=CC=[N+]9CC)C=C3.[Cl-].[Cl-].[Cl-].[Cl-].[Cl-].[Mn+3],,,https://doi.org/10.1074/jbc.M213302200,cyclo,Aromatic & PAHs,"InChI=1S/C48H44N8.5ClH.Mn/c1-5-53-29-13-9-17-41(53)45-33-21-23-35(49-33)46(42-18-10-14-30-54(42)6-2)37-25-27-39(51-37)48(44-20-12-16-32-56(44)8-4)40-28-26-38(52-40)47(36-24-22-34(45)50-36)43-19-11-15-31-55(43)7-3;;;;;;/h9-32H,5-8H2,1-4H3;5*1H;/q+2;;;;;;+3/p-5",UGVOBAHBYOONQU-UHFFFAOYSA-I
816,Monochloramine,5.4,10599-90-3,NCl,10.2,,https://doi.org/10.1021/jp030198k,halogenated,Halogenated organics,InChI=1S/ClH2N/c1-2/h2H2,QDHHCQZDFGDHMP-UHFFFAOYSA-N
817,Monuron,7.18,150-68-5,CN(C)C(=O)NC1=CC=C(C=C1)Cl,,,https://doi.org/10.1016/j.jhazmat.2025.137926,halogenated,Halogenated organics,"InChI=1S/C9H11ClN2O/c1-12(2)9(13)11-8-5-3-7(10)4-6-8/h3-6H,1-2H3,(H,11,13)",BMLIZLVNXIYGCK-UHFFFAOYSA-N
818,Monuron,7.18,150-68-5,CN(C)C(=O)NC1=CC=C(C=C1)Cl,11,,https://doi.org/10.1021/es051236b,halogenated,Halogenated organics,"InChI=1S/C9H11ClN2O/c1-12(2)9(13)11-8-5-3-7(10)4-6-8/h3-6H,1-2H3,(H,11,13)",BMLIZLVNXIYGCK-UHFFFAOYSA-N
819,"N, N-Dimethylaniline",9.27,121-69-7,CN(C)C1=CC=CC=C1,11,,https://doi.org/10.1021/es051236b,cyclo,Aromatic & PAHs,"InChI=1S/C8H11N/c1-9(2)8-6-4-3-5-7-8/h3-7H,1-2H3",JLTDJTHDQAWBAV-UHFFFAOYSA-N
820,"N, N-Dimethylaniline",9.15,121-69-7,CN(C)C1=CC=CC=C1,7,,https://doi.org/10.1016/0146-5724(78)90101-2,cyclo,Aromatic & PAHs,"InChI=1S/C8H11N/c1-9(2)8-6-4-3-5-7-8/h3-7H,1-2H3",JLTDJTHDQAWBAV-UHFFFAOYSA-N
821,"N, N-Dimethylaniline",9.26,121-69-7,CN(C)C1=CC=CC=C1,7,,https://doi.org/10.1016/S0040-4020(01)91404-8,cyclo,Aromatic & PAHs,"InChI=1S/C8H11N/c1-9(2)8-6-4-3-5-7-8/h3-7H,1-2H3",JLTDJTHDQAWBAV-UHFFFAOYSA-N
822,"N, N-Dimethylaniline",9.23,121-69-7,CN(C)C1=CC=CC=C1,7.0–11.0,,https://doi.org/10.1016/j.chemosphere.2023.140660,cyclo,Aromatic & PAHs,"InChI=1S/C8H11N/c1-9(2)8-6-4-3-5-7-8/h3-7H,1-2H3",JLTDJTHDQAWBAV-UHFFFAOYSA-N
823,"N,N,2,2-Tetramethylpropan-1-amine",6.48,10076-31-0,CC(C)(C)CN(C)C,11.5,,NIST,alkane,Aliphatic hydrocarbons,"InChI=1S/C7H17N/c1-7(2,3)6-8(4)5/h6H2,1-5H3",FUIRUFXAVIHAQB-UHFFFAOYSA-N
824,"N,N,N',N'-Tetramethyl-p-phenylenediamine",9.65,100-22-1,CN(C)C1=CC=C(C=C1)N(C)C,,,NIST,halogenated,Halogenated organics,"InChI=1S/C10H16N2/c1-11(2)9-5-7-10(8-6-9)12(3)4/h5-8H,1-4H3",CJAOGUFAAWZWNI-UHFFFAOYSA-N
825,"N,N-Diethylhydroxylamine",7.63,3710-84-7,CCN(CC)O,,,https://doi.org/10.1016/j.jhazmat.2025.138098,alkane,Aliphatic hydrocarbons,"InChI=1S/C4H11NO/c1-3-5(6)4-2/h6H,3-4H2,1-2H3",FVCOIAYSJZGECG-UHFFFAOYSA-N
826,"N,N-Diethylhydroxylamine",7.63,3710-84-7,CCN(CC)O,11.5,,https://doi.org/10.1039/C3EM00479A,alkane,Aliphatic hydrocarbons,"InChI=1S/C4H11NO/c1-3-5(6)4-2/h6H,3-4H2,1-2H3",FVCOIAYSJZGECG-UHFFFAOYSA-N
827,"N,N-Dimethyl-1-phenylmethanamine",6.53,103-83-3,CN(C)CC1=CC=CC=C1,,,https://doi.org/10.1016/j.chemosphere.2023.138793,cyclo,Aromatic & PAHs,"InChI=1S/C9H13N/c1-10(2)8-9-6-4-3-5-7-9/h3-7H,8H2,1-2H3",XXBDWLFCJWSEKW-UHFFFAOYSA-N
828,"N,N-Dimethyl-4-nitrosoaniline",8.72,138-89-6,CN(C)C1=CC=C(C=C1)N=O,,,https://doi.org/10.1016/j.chemosphere.2023.138793,halogenated,Halogenated organics,"InChI=1S/C8H10N2O/c1-10(2)8-5-3-7(9-11)4-6-8/h3-6H,1-2H3",CMEWLCATCRTSGF-UHFFFAOYSA-N
829,"N,N-Dimethyl-tert-butylamine",6.48,918-02-5,CC(C)(C)N(C)C,11.5,,https://doi.org/10.1016/j.chemosphere.2023.140660,alkane,Aliphatic hydrocarbons,"InChI=1S/C6H15N/c1-6(2,3)7(4)5/h1-5H3",OXQMIXBVXHWDPX-UHFFFAOYSA-N
830,"N,N-Dimethylaniline",9.23,121-69-7,CN(C)C1=CC=CC=C1,,,https://doi.org/10.1016/j.chemosphere.2023.140660,cyclo,Aromatic & PAHs,"InChI=1S/C8H11N/c1-9(2)8-6-4-3-5-7-8/h3-7H,1-2H3",JLTDJTHDQAWBAV-UHFFFAOYSA-N
831,"N,N-Dimethylaniline",9.26,121-69-7,CN(C)C1=CC=CC=C1,,,https://doi.org/10.1021/es3030808,cyclo,Aromatic & PAHs,"InChI=1S/C8H11N/c1-9(2)8-6-4-3-5-7-8/h3-7H,1-2H3",JLTDJTHDQAWBAV-UHFFFAOYSA-N
832,"N,N-Dimethylaniline",9.22,121-69-7,CN(C)C1=CC=CC=C1,,,https://doi.org/10.1039/C3EM00479A,cyclo,Aromatic & PAHs,"InChI=1S/C8H11N/c1-9(2)8-6-4-3-5-7-8/h3-7H,1-2H3",JLTDJTHDQAWBAV-UHFFFAOYSA-N
833,"N,N-Dimethylaniline",9.26,121-69-7,CN(C)C1=CC=CC=C1,,,https://doi.org/10.1016/j.chemosphere.2023.138793,cyclo,Aromatic & PAHs,"InChI=1S/C8H11N/c1-9(2)8-6-4-3-5-7-8/h3-7H,1-2H3",JLTDJTHDQAWBAV-UHFFFAOYSA-N
834,"N,N-Dimethylaniline",9.2,121-69-7,CN(C)C1=CC=CC=C1,,,10.1007/s41061-016-0050-2,cyclo,Aromatic & PAHs,"InChI=1S/C8H11N/c1-9(2)8-6-4-3-5-7-8/h3-7H,1-2H3",JLTDJTHDQAWBAV-UHFFFAOYSA-N
835,"N,N-Dimethylbenzylamine",6.53,103-83-3,CN(C)CC1=CC=CC=C1,11.5,,NIST,cyclo,Aromatic & PAHs,"InChI=1S/C9H13N/c1-10(2)8-9-6-4-3-5-7-9/h3-7H,8H2,1-2H3",XXBDWLFCJWSEKW-UHFFFAOYSA-N
836,"N,N-Dimethylbenzylamine",6.53,103-83-3,CN(C)CC1=CC=CC=C1,11.5,,https://doi.org/10.1039/C3EM00479A,cyclo,Aromatic & PAHs,"InChI=1S/C9H13N/c1-10(2)8-9-6-4-3-5-7-9/h3-7H,8H2,1-2H3",XXBDWLFCJWSEKW-UHFFFAOYSA-N
837,"N,N-Dimethylbutylamine",6.48,927-62-8,CCCCN(C)C,11.5,,https://doi.org/10.1039/C3EM00479A,alkane,Aliphatic hydrocarbons,"InChI=1S/C6H15N/c1-4-5-6-7(2)3/h4-6H2,1-3H3",DJEQZVQFEPKLOY-UHFFFAOYSA-N
838,"N,N-Diethylbenzylamine",6.53,613-48-9,CCN(CC)CC1=CC=CC=C1,11.5,,https://doi.org/10.1016/S0040-4020(01)91404-8,cyclo,Aromatic & PAHs,"InChI=1S/C11H17N/c1-3-12(4-2)10-11-8-6-5-7-9-11/h5-9H,3-4,10H2,1-2H3",ZWRDBWDXRLPESY-UHFFFAOYSA-N
839,"N,N-diethylhydroxylamine",7.63,3710-84-7,CCN(CC)O,,,https://doi.org/10.1016/j.chemosphere.2023.140660,alkane,Aliphatic hydrocarbons,"InChI=1S/C4H11NO/c1-3-5(6)4-2/h6H,3-4H2,1-2H3",FVCOIAYSJZGECG-UHFFFAOYSA-N
840,"N,N-diethylhydroxylamine",7.63,3710-84-7,CCN(CC)O,11.5,,https://doi.org/10.1039/c3em00479a,alkane,Aliphatic hydrocarbons,"InChI=1S/C4H11NO/c1-3-5(6)4-2/h6H,3-4H2,1-2H3",FVCOIAYSJZGECG-UHFFFAOYSA-N
841,"N,N-dimethyl-4-nitroaniline",8.72,100-23-2,CN(C)C1=CC=C(C=C1)[N+](=O)[O-],,,https://doi.org/10.1039/TF9686400694,halogenated,Halogenated organics,"InChI=1S/C8H10N2O2/c1-9(2)7-3-5-8(6-4-7)10(11)12/h3-6H,1-2H3",QJAIOCKFIORVFU-UHFFFAOYSA-N
842,"N,N-dimethyl-tert-butylamine",6.48,918-02-5,CC(C)(C)N(C)C,11,,https://doi.org/10.1063/1.555808,alkane,Aliphatic hydrocarbons,"InChI=1S/C6H15N/c1-6(2,3)7(4)5/h1-5H3",OXQMIXBVXHWDPX-UHFFFAOYSA-N
843,"N,N-dimethyl-tert-butylamine",6.48,918-02-5,CC(C)(C)N(C)C,,,https://doi.org/10.1021/acs.est.6b00924,alkane,Aliphatic hydrocarbons,"InChI=1S/C6H15N/c1-6(2,3)7(4)5/h1-5H3",OXQMIXBVXHWDPX-UHFFFAOYSA-N
844,"N,N-dimethylaniline",9.26,121-69-7,CN(C)C1=CC=CC=C1,7,,https://doi.org/10.1021/J100585A004,cyclo,Aromatic & PAHs,"InChI=1S/C8H11N/c1-9(2)8-6-4-3-5-7-8/h3-7H,1-2H3",JLTDJTHDQAWBAV-UHFFFAOYSA-N
845,"N,N-dimethylaniline",9.15,121-69-7,CN(C)C1=CC=CC=C1,,,https://doi.org/10.1063/1.555808,cyclo,Aromatic & PAHs,"InChI=1S/C8H11N/c1-9(2)8-6-4-3-5-7-8/h3-7H,1-2H3",JLTDJTHDQAWBAV-UHFFFAOYSA-N
846,"N,N-dimethylaniline",9.26,121-69-7,CN(C)C1=CC=CC=C1,,,https://doi.org/10.1021/es051236b,cyclo,Aromatic & PAHs,"InChI=1S/C8H11N/c1-9(2)8-6-4-3-5-7-8/h3-7H,1-2H3",JLTDJTHDQAWBAV-UHFFFAOYSA-N
847,"N,N-dimethylaniline",9.27,121-69-7,CN(C)C1=CC=CC=C1,11.8,,https://doi.org/10.1021/es051236b,cyclo,Aromatic & PAHs,"InChI=1S/C8H11N/c1-9(2)8-6-4-3-5-7-8/h3-7H,1-2H3",JLTDJTHDQAWBAV-UHFFFAOYSA-N
848,"N,N-dimethylbenzylamine",6.53,103-83-3,CN(C)CC1=CC=CC=C1,11.5,,https://doi.org/10.1039/c3em00479a,cyclo,Aromatic & PAHs,"InChI=1S/C9H13N/c1-10(2)8-9-6-4-3-5-7-9/h3-7H,8H2,1-2H3",XXBDWLFCJWSEKW-UHFFFAOYSA-N
849,"N,N-dimethylbenzylamine",6.53,103-83-3,CN(C)CC1=CC=CC=C1,,,https://doi.org/10.1021/acs.est.6b00924,cyclo,Aromatic & PAHs,"InChI=1S/C9H13N/c1-10(2)8-9-6-4-3-5-7-9/h3-7H,8H2,1-2H3",XXBDWLFCJWSEKW-UHFFFAOYSA-N
850,"N,N-dimethylbutylamine",6.48,927-62-8,CCCCN(C)C,,,https://doi.org/10.1016/j.chemosphere.2023.140660,alkane,Aliphatic hydrocarbons,"InChI=1S/C6H15N/c1-4-5-6-7(2)3/h4-6H2,1-3H3",DJEQZVQFEPKLOY-UHFFFAOYSA-N
851,N-(4-aminophenyl)sulfonylacetamide,8.35,5414-91-5,CC(=O)NS(=O)(=O)C1=CC=C(C=C1)N,,,https://doi.org/10.1016/j.jhazmat.2025.137988,"sulfide, disulfide",Sulfur-containing organics,"InChI=1S/C8H10N2O3S/c1-6(11)10-14(12,13)8-4-2-7(9)3-5-8/h2-5H,9H2,1H3,(H,10,11)",SKIVFJLNDNKQPD-UHFFFAOYSA-N
852,N-(hydroxymethyl)prop-2-enamide,4.77,924-42-5,C=CC(=O)NCO,,,https://doi.org/10.1016/j.jhazmat.2025.138148,halogenated,Halogenated organics,"InChI=1S/C4H7NO2/c1-2-4(7)5-3-6/h2,6H,1,3H2,(H,5,7)",CNCOEDDPFOAUMB-UHFFFAOYSA-N
853,N-Acetyl-L-cysteine,8.26,616-91-1,CC(=O)N[C@@H](CS)C(=O)O,12,,NIST,alkane,Aliphatic hydrocarbons,"InChI=1S/C5H9NO3S/c1-3(7)6-4(2-10)5(8)9/h4,10H,2H2,1H3,(H,6,7)(H,8,9)/t4-/m0/s1",PWKSKIMOESPYIA-BYPYZUCNSA-N
854,N-Acetyl-L-cysteine,7,616-91-1,CC(=O)N[C@@H](CS)C(=O)O,7,,NIST,alkane,Aliphatic hydrocarbons,"InChI=1S/C5H9NO3S/c1-3(7)6-4(2-10)5(8)9/h4,10H,2H2,1H3,(H,6,7)(H,8,9)/t4-/m0/s1",PWKSKIMOESPYIA-BYPYZUCNSA-N
855,N-Acetyl-L-cysteine,8.26,616-91-1,CC(=O)N[C@@H](CS)C(=O)O,12,,https://doi.org/10.2307/3574180,alkane,Aliphatic hydrocarbons,"InChI=1S/C5H9NO3S/c1-3(7)6-4(2-10)5(8)9/h4,10H,2H2,1H3,(H,6,7)(H,8,9)/t4-/m0/s1",PWKSKIMOESPYIA-BYPYZUCNSA-N
856,N-Acetyl-L-cysteine,7,616-91-1,CC(=O)N[C@@H](CS)C(=O)O,7,,https://doi.org/10.2307/3574180,alkane,Aliphatic hydrocarbons,"InChI=1S/C5H9NO3S/c1-3(7)6-4(2-10)5(8)9/h4,10H,2H2,1H3,(H,6,7)(H,8,9)/t4-/m0/s1",PWKSKIMOESPYIA-BYPYZUCNSA-N
857,N-Acetylglycine,4,543-24-8,CC(=O)NCC(=O)O,11.4,,https://doi.org/10.1002/kin.550230606,alkane,Aliphatic hydrocarbons,"InChI=1S/C4H7NO3/c1-3(6)5-2-4(7)8/h2H2,1H3,(H,5,6)(H,7,8)",OKJIRPAQVSHGFK-UHFFFAOYSA-N
858,N-Acetylglycine,4,543-24-8,CC(=O)NCC(=O)O,7,,https://doi.org/10.2307/3573789,alkane,Aliphatic hydrocarbons,"InChI=1S/C4H7NO3/c1-3(6)5-2-4(7)8/h2H2,1H3,(H,5,6)(H,7,8)",OKJIRPAQVSHGFK-UHFFFAOYSA-N
859,N-Acetylglycylglycine,4,1188-33-6,CC(=O)NCC(=O)NCC(=O)O,7,,https://doi.org/10.2307/3573789,alkane,Aliphatic hydrocarbons,"InChI=1S/C6H10N2O4/c1-4(9)7-2-5(10)8-3-6(11)12/h2-3H2,1H3,(H,7,9)(H,8,10)(H,11,12)",ZCASHLUDUSAKNN-UHFFFAOYSA-N
860,N-Acetyltryptophan,8.62,1218-34-4,CC(=O)NC(CC1=CNC2=CC=CC=C21)C(=O)O,,,https://doi.org/10.1016/j.jhazmat.2025.137928,alkane,Aliphatic hydrocarbons,"InChI=1S/C13H14N2O3/c1-8(16)15-12(13(17)18)6-9-7-14-11-5-3-2-4-10(9)11/h2-5,7,12,14H,6H2,1H3,(H,15,16)(H,17,18)",DZTHIGRZJZPRDV-UHFFFAOYSA-N
861,N-Acetyltryptophan,8.62,1218-34-4,CC(=O)NC(CC1=CNC2=CC=CC=C21)C(=O)O,7,,https://doi.org/10.1021/j100628a006,alkane,Aliphatic hydrocarbons,"InChI=1S/C13H14N2O3/c1-8(16)15-12(13(17)18)6-9-7-14-11-5-3-2-4-10(9)11/h2-5,7,12,14H,6H2,1H3,(H,15,16)(H,17,18)",DZTHIGRZJZPRDV-UHFFFAOYSA-N
862,N-Acetyltryptophan,8.79,1218-34-4,CC(=O)NC(CC1=CNC2=CC=CC=C21)C(=O)O,11.8,,https://doi.org/10.1021/j100628a006,alkane,Aliphatic hydrocarbons,"InChI=1S/C13H14N2O3/c1-8(16)15-12(13(17)18)6-9-7-14-11-5-3-2-4-10(9)11/h2-5,7,12,14H,6H2,1H3,(H,15,16)(H,17,18)",DZTHIGRZJZPRDV-UHFFFAOYSA-N
863,N-Ethylaniline,9.34,103-69-5,CCNC1=CC=CC=C1,11,,https://doi.org/10.1021/es051236b,cyclo,Aromatic & PAHs,"InChI=1S/C8H11N/c1-2-9-8-6-4-3-5-7-8/h3-7,9H,2H2,1H3",OJGMBLNIHDZDGS-UHFFFAOYSA-N
864,N-Ethylaniline,9.26,103-69-5,CCNC1=CC=CC=C1,,,https://doi.org/10.1063/1.555808,cyclo,Aromatic & PAHs,"InChI=1S/C8H11N/c1-2-9-8-6-4-3-5-7-8/h3-7,9H,2H2,1H3",OJGMBLNIHDZDGS-UHFFFAOYSA-N
865,N-Ethylaniline,9.34,103-69-5,CCNC1=CC=CC=C1,,,https://doi.org/10.1016/j.chemosphere.2023.138793,cyclo,Aromatic & PAHs,"InChI=1S/C8H11N/c1-2-9-8-6-4-3-5-7-8/h3-7,9H,2H2,1H3",OJGMBLNIHDZDGS-UHFFFAOYSA-N
866,N-Methylaniline,9.26,100-61-8,CNC1=CC=CC=C1,,,NIST,cyclo,Aromatic & PAHs,"InChI=1S/C7H9N/c1-8-7-5-3-2-4-6-7/h2-6,8H,1H3",AFBPFSWMIHJQDM-UHFFFAOYSA-N
867,N-Methylaniline,9.3,100-61-8,CNC1=CC=CC=C1,,,https://doi.org/10.1039/C3EM00479A,cyclo,Aromatic & PAHs,"InChI=1S/C7H9N/c1-8-7-5-3-2-4-6-7/h2-6,8H,1H3",AFBPFSWMIHJQDM-UHFFFAOYSA-N
868,N-Methylaniline,9.41,100-61-8,CNC1=CC=CC=C1,,,https://doi.org/10.1016/j.chemosphere.2023.138793,cyclo,Aromatic & PAHs,"InChI=1S/C7H9N/c1-8-7-5-3-2-4-6-7/h2-6,8H,1H3",AFBPFSWMIHJQDM-UHFFFAOYSA-N
869,N-Methylaniline,9.41,100-61-8,CNC1=CC=CC=C1,11,,https://doi.org/10.1021/es051236b,cyclo,Aromatic & PAHs,"InChI=1S/C7H9N/c1-8-7-5-3-2-4-6-7/h2-6,8H,1H3",AFBPFSWMIHJQDM-UHFFFAOYSA-N
870,N-Methylpiperidine,6.41,626-67-5,CN1CCCCC1,7,,https://doi.org/10.1063/1.555808,pyridine,Heterocycles,"InChI=1S/C6H13N/c1-7-5-3-2-4-6-7/h2-6H2,1H3",PAMIQIKDUOTOBW-UHFFFAOYSA-N
871,N-Methylpiperidine,6.42,626-67-5,CN1CCCCC1,11.5,,NIST,pyridine,Heterocycles,"InChI=1S/C6H13N/c1-7-5-3-2-4-6-7/h2-6H2,1H3",PAMIQIKDUOTOBW-UHFFFAOYSA-N
872,N-Methylpiperidine,6.42,626-67-5,CN1CCCCC1,11.5,,https://doi.org/10.1016/j.scitotenv.2020.137219,pyridine,Heterocycles,"InChI=1S/C6H13N/c1-7-5-3-2-4-6-7/h2-6H2,1H3",PAMIQIKDUOTOBW-UHFFFAOYSA-N
873,N-Methyltryptophan,8.63,487-59-2,CNC(CC1=CNC2=CC=CC=C21)C(=O)O,7,,https://doi.org/10.1021/j100614a007,halogenated,Halogenated organics,"InChI=1S/C12H14N2O2/c1-13-11(12(15)16)6-8-7-14-10-5-3-2-4-9(8)10/h2-5,7,11,13-14H,6H2,1H3,(H,15,16)",CZCIKBSVHDNIDH-UHFFFAOYSA-N
874,N-Methyltryptophan,8.78,487-59-2,CNC(CC1=CNC2=CC=CC=C21)C(=O)O,12,,https://doi.org/10.1021/j100614a007,halogenated,Halogenated organics,"InChI=1S/C12H14N2O2/c1-13-11(12(15)16)6-8-7-14-10-5-3-2-4-9(8)10/h2-5,7,11,13-14H,6H2,1H3,(H,15,16)",CZCIKBSVHDNIDH-UHFFFAOYSA-N
875,N-Methyltryptophan,8.63,487-59-2,CNC(CC1=CNC2=CC=CC=C21)C(=O)O,,,https://doi.org/10.1016/j.jhazmat.2025.137930,halogenated,Halogenated organics,"InChI=1S/C12H14N2O2/c1-13-11(12(15)16)6-8-7-14-10-5-3-2-4-9(8)10/h2-5,7,11,13-14H,6H2,1H3,(H,15,16)",CZCIKBSVHDNIDH-UHFFFAOYSA-N
876,N-Phenylacetamide,5.51,201741-03-9,CC(=O)NC1=CC=CC=C1,7,,NIST,cyclo,Aromatic & PAHs,"InChI=1S/C8H9NO/c1-7(10)9-8-5-3-2-4-6-8/h2-6H,1H3,(H,9,10)",FZERHIULMFGESH-UHFFFAOYSA-N
877,N-acetyl tyrosine,7.65,537-55-3,CC(=O)N[C@@H](CC1=CC=C(C=C1)O)C(=O)O,,,https://doi.org/10.1016/j.freeradbiomed.2019.07.023,alkane,Aliphatic hydrocarbons,"InChI=1S/C11H13NO4/c1-7(13)12-10(11(15)16)6-8-2-4-9(14)5-3-8/h2-5,10,14H,6H2,1H3,(H,12,13)(H,15,16)/t10-/m0/s1",CAHKINHBCWCHCF-JTQLQIEISA-N
878,N-acetylglucosamine,4.7,7512-17-6,CC(=O)N[C@@H](C=O)[C@H]([C@@H]([C@@H](CO)O)O)O,,,https://doi.org/10.1016/j.freeradbiomed.2013.05.012,diol,Polyfunctional / highly functionalized,"InChI=1S/C8H15NO6/c1-4(12)9-5(2-10)7(14)8(15)6(13)3-11/h2,5-8,11,13-15H,3H2,1H3,(H,9,12)/t5-,6+,7+,8+/m0/s1",MBLBDJOUHNCFQT-LXGUWJNJSA-N
879,N-ethylaniline,9.34,103-69-5,CCNC1=CC=CC=C1,11.8,,https://doi.org/10.1021/es051236b,cyclo,Aromatic & PAHs,"InChI=1S/C8H11N/c1-2-9-8-6-4-3-5-7-8/h3-7,9H,2H2,1H3",OJGMBLNIHDZDGS-UHFFFAOYSA-N
880,N-formyl-l-tryptophanamide,9.67,2382-79-8,NC([C@@H](NC(C)=O)CC1=CNC2=C1C=CC=C2)=O,,,10.1007/s00214-016-1913-x,cyclo,Aromatic & PAHs,"InChI=1S/C13H15N3O2/c1-8(17)16-12(13(14)18)6-9-7-15-11-5-3-2-4-10(9)11/h2-5,7,12,15H,6H2,1H3,(H2,14,18)(H,16,17)/t12-/m0/s1",HNGIZKAMDMBRKJ-LBPRGKRZSA-N
881,N-methylaniline,9.41,100-61-8,CNC1=CC=CC=C1,,,https://doi.org/10.1021/es051236b,cyclo,Aromatic & PAHs,"InChI=1S/C7H9N/c1-8-7-5-3-2-4-6-7/h2-6,8H,1H3",AFBPFSWMIHJQDM-UHFFFAOYSA-N
882,N-methyltryptophan,8.63,487-59-2,CNC(CC1=CNC2=CC=CC=C21)C(=O)O,8,,https://doi.org/10.1063/1.555808,halogenated,Halogenated organics,"InChI=1S/C12H14N2O2/c1-13-11(12(15)16)6-8-7-14-10-5-3-2-4-9(8)10/h2-5,7,11,13-14H,6H2,1H3,(H,15,16)",CZCIKBSVHDNIDH-UHFFFAOYSA-N
883,N-methyltryptophan,8.63,487-59-2,CNC(CC1=CNC2=CC=CC=C21)C(=O)O,,,https://doi.org/10.1016/j.chemosphere.2023.140660,halogenated,Halogenated organics,"InChI=1S/C12H14N2O2/c1-13-11(12(15)16)6-8-7-14-10-5-3-2-4-9(8)10/h2-5,7,11,13-14H,6H2,1H3,(H,15,16)",CZCIKBSVHDNIDH-UHFFFAOYSA-N
884,NADH,9.15,606-68-8,C1C=CN(C=C1C(=O)N)[C@H]2[C@@H]([C@@H]([C@H](O2)COP(=O)(O)OP(=O)(O)OC[C@@H]3[C@H]([C@H]([C@@H](O3)N4C=NC5=C(N=CN=C54)N)O)O)O)O,,,https://doi.org/10.1016/j.abb.2008.10.014,diol,Polyfunctional / highly functionalized,"InChI=1S/C21H29N7O14P2/c22-17-12-19(25-7-24-17)28(8-26-12)21-16(32)14(30)11(41-21)6-39-44(36,37)42-43(34,35)38-5-10-13(29)15(31)20(40-10)27-3-1-2-9(4-27)18(23)33/h1,3-4,7-8,10-11,13-16,20-21,29-32H,2,5-6H2,(H2,23,33)(H,34,35)(H,36,37)(H2,22,24,25)/t10-,11-,13-,14-,15-,16-,20-,21-/m1/s1",BOPGDPNILDQYTO-NNYOXOHSSA-N
885,Nalidixic acid,6.87,389-08-2,CCN1C=C(C(=O)C2=C1N=C(C=C2)C)C(=O)O,,,https://doi.org/10.1016/j.watres.2020.116231,alkane,Aliphatic hydrocarbons,"InChI=1S/C12H12N2O3/c1-3-14-6-9(12(16)17)10(15)8-5-4-7(2)13-11(8)14/h4-6H,3H2,1-2H3,(H,16,17)",MHWLWQUZZRMNGJ-UHFFFAOYSA-N
886,Naproxen,7.75,22204-53-1,C[C@@H](C1=CC2=C(C=C1)C=C(C=C2)OC)C(=O)O,,,https://doi.org/10.1016/j.jhazmat.2025.137929,alcohol,Oxygenated organics,"InChI=1S/C14H14O3/c1-9(14(15)16)10-3-4-12-8-13(17-2)6-5-11(12)7-10/h3-9H,1-2H3,(H,15,16)/t9-/m0/s1",CMWTZPSULFXXJA-VIFPVBQESA-N
887,Naproxen,7.75,22204-53-1,C[C@@H](C1=CC2=C(C=C1)C=C(C=C2)OC)C(=O)O,6.5,,https://doi.org/10.1016/j.cej.2014.05.088,alcohol,Oxygenated organics,"InChI=1S/C14H14O3/c1-9(14(15)16)10-3-4-12-8-13(17-2)6-5-11(12)7-10/h3-9H,1-2H3,(H,15,16)/t9-/m0/s1",CMWTZPSULFXXJA-VIFPVBQESA-N
888,Niacin,6.74,59-67-6,C1=CC(=CN=C1)C(=O)O,,,https://doi.org/10.1016/j.watres.2015.02.014,halogenated,Halogenated organics,"InChI=1S/C6H5NO2/c8-6(9)5-2-1-3-7-4-5/h1-4H,(H,8,9)",PVNIIMVLHYAWGP-UHFFFAOYSA-N
889,Niacin,6.74,59-67-6,C1=CC(=CN=C1)C(=O)O,6.5,,https://doi.org/10.1016/j.cej.2014.05.088,halogenated,Halogenated organics,"InChI=1S/C6H5NO2/c8-6(9)5-2-1-3-7-4-5/h1-4H,(H,8,9)",PVNIIMVLHYAWGP-UHFFFAOYSA-N
890,Nickel(II) glycinate,6.26,13479-55-5,C[N-]C(O)=O.C[N-]C(O)=O.[Ni+2],8.4,,NIST,halogenated,Halogenated organics,"InChI=1S/2C2H4NO2.Ni/c2*1-3-2(4)5;/h2*1H3,(H,4,5);/q2*-1;+2",QXBIYQWNOSEKKL-UHFFFAOYSA-N
891,Nickel(II) ion,4,14701-22-5,[Ni+2],5.8,,NIST,halogenated,Halogenated organics,InChI=1S/Ni/q+2,VEQPNABPJHWNSG-UHFFFAOYSA-N
892,Nickel(II) ion,4,14701-22-5,[Ni+2],5.8,,https://doi.org/10.1021/j100514a007,halogenated,Halogenated organics,InChI=1S/Ni/q+2,VEQPNABPJHWNSG-UHFFFAOYSA-N
893,Nicotine,6,22083-74-5,CN1CCC[C@H]1C2=CN=CC=C2,,,https://doi.org/10.1016/j.watres.2017.10.064,cyclo,Aromatic & PAHs,"InChI=1S/C10H14N2/c1-12-7-3-5-10(12)9-4-2-6-11-8-9/h2,4,6,8,10H,3,5,7H2,1H3/t10-/m0/s1",SNICXCGAKADSCV-JTQLQIEISA-N
894,Nitric oxide,9.54,10102-43-9,[N]=O,,,NIST,amine,Nitrogen-containing organics,InChI=1S/NO/c1-2,MWUXSHHQAYIFBG-UHFFFAOYSA-N
895,Nitric oxide,9.2,10102-43-9,[N]=O,8.2,,https://doi.org/10.1021/jp801505b,amine,Nitrogen-containing organics,InChI=1S/NO/c1-2,MWUXSHHQAYIFBG-UHFFFAOYSA-N
896,Nitrite ion,9,14797-65-0,N(=O)[O-],,,https://doi.org/10.1016/j.cej.2014.05.088,amine,Nitrogen-containing organics,"InChI=1S/HNO2/c2-1-3/h(H,2,3)/p-1",IOVCWXUNBOPUCH-UHFFFAOYSA-M
897,Nitrite ion,5.6,14797-65-0,N(=O)[O-],11,,https://doi.org/10.1016/0146-5724(78)90101-2,amine,Nitrogen-containing organics,"InChI=1S/HNO2/c2-1-3/h(H,2,3)/p-1",IOVCWXUNBOPUCH-UHFFFAOYSA-M
898,Nitrobenzene,4.15,98-95-3,C1=CC=C(C=C1)[N+](=O)[O-],9,,https://doi.org/10.1016/j.scitotenv.2020.137219,halogenated,Halogenated organics,InChI=1S/C6H5NO2/c8-7(9)6-4-2-1-3-5-6/h1-5H,LQNUZADURLCDLV-UHFFFAOYSA-N
899,Nitrogen dioxide,9,10102-44-0,N(=O)[O],11,,https://doi.org/10.1016/0146-5724(78)90101-2,amine,Nitrogen-containing organics,InChI=1S/NO2/c2-1-3,JCXJVPUVTGWSNB-UHFFFAOYSA-N
900,Nitromethane,6,75-52-5,C[N+](=O)[O-],,,https://doi.org/10.1016/j.chemosphere.2023.140660,halogenated,Halogenated organics,InChI=1S/CH3NO2/c1-2(3)4/h1H3,LYGJENNIWJXYER-UHFFFAOYSA-N
901,Nitromethane,7.18,75-52-5,C[N+](=O)[O-],12,,NIST,halogenated,Halogenated organics,InChI=1S/CH3NO2/c1-2(3)4/h1H3,LYGJENNIWJXYER-UHFFFAOYSA-N
902,Nitromethane,6,75-52-5,C[N+](=O)[O-],7,,NIST,halogenated,Halogenated organics,InChI=1S/CH3NO2/c1-2(3)4/h1H3,LYGJENNIWJXYER-UHFFFAOYSA-N
903,Nitrosyl(II)hemoglobin,8.18,100684-32-0,CC1=C(C)C(CN(C)C)=C(C(C)(O)C)C=C1.O=[N+]([O-])C2=C(O)C([N+]([O-])=O)=CC([N+]([O-])=O)=C2,10,,https://doi.org/10.1021/jp056452l,diol,Polyfunctional / highly functionalized,"InChI=1S/C14H23NO.C6H3N3O7/c1-10-7-8-13(14(3,4)16)12(11(10)2)9-15(5)6;10-6-4(8(13)14)1-3(7(11)12)2-5(6)9(15)16/h7-8,16H,9H2,1-6H3;1-2,10H",RHENBVYWBWUEFP-UHFFFAOYSA-N
904,Nitrosyl(II)myoglobin,8.63,9008-02-0,O=C1C=C(C2=CC=CO2)NC3=C1C=CC(C)=N3,10,,https://doi.org/10.1021/jp056452l,cyclo,Aromatic & PAHs,"InChI=1S/C13H10N2O2/c1-8-4-5-9-11(16)7-10(15-13(9)14-8)12-3-2-6-17-12/h2-7H,1H3,(H,14,15,16)",INGWEZCOABYORO-UHFFFAOYSA-N
905,Norpseudopelleterine-N-oxyl,9.04,7123-92-4,C1CC2CC(=O)CC(C1)N2[O],,,NIST,halogenated,Halogenated organics,"InChI=1S/C8H12NO2/c10-8-4-6-2-1-3-7(5-8)9(6)11/h6-7H,1-5H2",AMZBXNVXJGUYMF-UHFFFAOYSA-N
906,"O,O-Diethyl-O-(4-nitrophenyl)thiophosphate",6.45,56-38-2,S=P(OCC)(OCC)OC1=CC=C([N+]([O-])=O)C=C1,9,,https://doi.org/10.1016/j.watres.2010.04.011,"sulfide, disulfide",Sulfur-containing organics,"InChI=1S/C10H14NO5PS/c1-3-14-17(18,15-4-2)16-10-7-5-9(6-8-10)11(12)13/h5-8H,3-4H2,1-2H3",LCCNCVORNKJIRZ-UHFFFAOYSA-N
907,Oligodeoxyribonucleotides,7.18,1258984-36-9,S=P(OC([H])([H])[C@@]([C@@]([C@@]1([H])OC([H])([H])C([H])([H])OC([H])([H])[H])([H])OP(OC([H])([H])[C@@]([C@@]([C@@]2([H])OC([H])([H])C([H])([H])OC([H])([H])[H])([H])OP(OC([H])([H])[C@@]([C@@]([C@@]3([H])OC([H])([H])C([H])([H])OC([H])([H])[H])([H])OP(OC([H])([H])[C@@]([C@@]([C@@]4([H])OC([H])([H])C([H])([H])OC([H])([H])[H])([H])OP(OC([H])([H])[C@@]([C@@]([C@@]5([H])OC([H])([H])C([H])([H])OC([H])([H])[H])([H])OP(OC([H])([H])[C@@]([C@@]([C@@]6([H])OC([H])([H])C([H])([H])OC([H])([H])[H])([H])OP(OC([H])([H])[C@@]([C@@]([C@@]7([H])OC([H])([H])C([H])([H])OC([H])([H])[H])([H])O[H])([H])O[C@@]7([H])N8C(N=C(N([H])[H])N([H])C9=O)=C9N=C8[H])(O[H])=S)([H])O[C@@]6([H])N%10C(N=C(N([H])[H])N([H])C%11=O)=C%11N=C%10[H])(O[H])=S)([H])O[C@@]5([H])N%12C([H])=C(C([H])([H])[H])C(N([H])C%12=O)=O)(O[H])=S)([H])O[C@@]4([H])N%13C([H])=C(C([H])([H])[H])C(N([H])[H])=NC%13=O)(O[H])=S)([H])O[C@@]3([H])N%14C(N=C(N([H])[H])N([H])C%15=O)=C%15N=C%14[H])(O[H])=S)([H])O[C@@]2([H])N%16C([H])=C(C([H])([H])[H])C(N([H])C%16=O)=O)(O[H])=S)([H])O[C@@]1([H])N%17C%18=NC([H])=NC(N([H])[H])=C%18N=C%17[H])(O[H])O[C@@]([C@](C([H])([H])OP(O[C@@]([C@](C([H])([H])OP(O[C@@]([C@](C([H])([H])OP(O[C@@]([C@](C([H])([H])OP(O[C@@]([C@](C([H])([H])OP(O[C@@]([C@](C([H])([H])OP(O[C@@]([C@](C([H])([H])OP(O[C@@]([C@](C([H])([H])OP(O[C@@]([C@](C([H])([H])OP(O[C@@]([C@](C([H])([H])OP(O[C@@]([C@](C([H])([H])O[H])([H])O[C@@]%19([H])N%20C([H])=C(C([H])([H])[H])C(N([H])C%20=O)=O)([H])[C@@]%19([H])OC([H])([H])C([H])([H])OC([H])([H])[H])(O[H])=S)([H])O[C@@]%21([H])N%22C([H])=C(C([H])([H])[H])C(N([H])[H])=NC%22=O)([H])[C@@]%21([H])OC([H])([H])C([H])([H])OC([H])([H])[H])(O[H])=S)([H])O[C@@]%23([H])N%24C%25=NC([H])=NC(N([H])[H])=C%25N=C%24[H])([H])[C@@]%23([H])OC([H])([H])C([H])([H])OC([H])([H])[H])(O[H])=S)([H])O[C@@]%26([H])N%27C([H])=C(C([H])([H])[H])C(N([H])[H])=NC%27=O)([H])[C@@]%26([H])OC([H])([H])C([H])([H])OC([H])([H])[H])(O[H])=S)([H])O[C@@]%28([H])N%29C([H])=C(C([H])([H])[H])C(N([H])C%29=O)=O)([H])[C@@]%28([H])OC([H])([H])C([H])([H])OC([H])([H])[H])(O[H])=S)([H])O[C@@]%30([H])N%31C([H])=C(C([H])([H])[H])C(N([H])C%31=O)=O)([H])[C@@]%30([H])OC([H])([H])C([H])([H])OC([H])([H])[H])(O[H])=S)([H])O[C@@]%32([H])N%33C([H])=C(C([H])([H])[H])C(N([H])C%33=O)=O)([H])[C@@]%32([H])OC([H])([H])C([H])([H])OC([H])([H])[H])(O[H])=S)([H])O[C@@]%34([H])N%35C([H])=C(C([H])([H])[H])C(N([H])[H])=NC%35=O)([H])[C@@]%34([H])OC([H])([H])C([H])([H])OC([H])([H])[H])(O[H])=S)([H])O[C@@]%36([H])N%37C%38=NC([H])=NC(N([H])[H])=C%38N=C%37[H])([H])[C@@]%36([H])OC([H])([H])C([H])([H])OC([H])([H])[H])(O[H])=S)([H])O[C@@]%39([H])N%40C([H])=C(C([H])([H])[H])C(N([H])C%40=O)=O)([H])[C@@]%39([H])OC([H])([H])C([H])([H])OC([H])([H])[H])(O[H])=S)([H])O[C@@]%41([H])N%42C%43=NC([H])=NC(N([H])[H])=C%43N=C%42[H])([H])[C@@]%41([H])OC([H])([H])C([H])([H])OC([H])([H])[H],,,https://doi.org/10.1021/jp076777x,diol,Polyfunctional / highly functionalized,"InChI=1S/C234H340N61O128P17S17/c1-106-66-278(224(308)261-178(106)235)205-162(356-50-32-338-14)144(119(391-205)79-373-425(320,442)407-143-117(77-296)389-204(161(143)355-49-31-337-13)282-70-110(5)193(298)271-228(282)312)410-431(326,448)383-89-129-154(172(366-60-42-348-24)215(401-129)289-99-254-135-182(239)246-95-250-186(135)289)419-436(331,453)379-81-121-145(163(357-51-33-339-15)206(393-121)279-67-107(2)179(236)262-225(279)309)408-426(321,443)375-83-123-149(167(361-55-37-343-19)210(395-123)284-72-112(7)195(300)273-230(284)314)413-429(324,446)378-86-125-150(168(362-56-38-344-20)211(397-125)285-73-113(8)196(301)274-231(285)315)414-430(325,447)377-85-124-148(166(360-54-36-342-18)209(396-124)283-71-111(6)194(299)272-229(283)313)412-428(323,445)374-80-120-147(165(359-53-35-341-17)208(392-120)281-69-109(4)181(238)264-227(281)311)411-432(327,449)384-90-130-155(173(367-61-43-349-25)216(402-130)290-100-255-136-183(240)247-96-251-187(136)290)420-437(332,454)381-87-127-152(170(364-58-40-346-22)213(399-127)287-75-115(10)198(303)276-233(287)317)415-433(328,450)385-91-131-157(175(369-63-45-351-27)218(403-131)292-102-257-138-185(242)249-98-253-189(138)292)422-440(335,457)386-92-132-156(174(368-62-44-350-26)217(404-132)291-101-256-137-184(241)248-97-252-188(137)291)421-438(333,455)382-88-128-153(171(365-59-41-347-23)214(400-128)288-76-116(11)199(304)277-234(288)318)417-435(330,452)388-94-134-159(177(371-65-47-353-29)220(406-134)295-105-260-141-192(295)267-223(245)270-202(141)307)423-439(334,456)380-82-122-146(164(358-52-34-340-16)207(394-122)280-68-108(3)180(237)263-226(280)310)409-427(322,444)376-84-126-151(169(363-57-39-345-21)212(398-126)286-74-114(9)197(302)275-232(286)316)416-434(329,451)387-93-133-158(176(370-64-46-352-28)219(405-133)294-104-259-140-191(294)266-222(244)269-201(140)306)418-424(319,441)372-78-118-142(297)160(354-48-30-336-12)203(390-118)293-103-258-139-190(293)265-221(243)268-200(139)305/h66-76,95-105,117-134,142-177,203-220,296-297H,30-65,77-94H2,1-29H3,(H,319,441)(H,320,442)(H,321,443)(H,322,444)(H,323,445)(H,324,446)(H,325,447)(H,326,448)(H,327,449)(H,328,450)(H,329,451)(H,330,452)(H,331,453)(H,332,454)(H,333,455)(H,334,456)(H,335,457)(H2,235,261,308)(H2,236,262,309)(H2,237,263,310)(H2,238,264,311)(H2,239,246,250)(H2,240,247,251)(H2,241,248,252)(H2,242,249,253)(H,271,298,312)(H,272,299,313)(H,273,300,314)(H,274,301,315)(H,275,302,316)(H,276,303,317)(H,277,304,318)(H3,243,265,268,305)(H3,244,266,269,306)(H3,245,267,270,307)/t117-,118-,119-,120-,121-,122-,123-,124-,125-,126-,127-,128-,129-,130-,131-,132-,133-,134-,142-,143-,144-,145-,146-,147-,148-,149-,150-,151-,152-,153-,154-,155-,156-,157-,158-,159-,160-,161-,162-,163-,164-,165-,166-,167-,168-,169-,170-,171-,172-,173-,174-,175-,176-,177-,203-,204-,205-,206-,207-,208-,209-,210-,211-,212-,213-,214-,215-,216-,217-,218-,219-,220-,424?,425?,426?,427?,428?,429?,430?,431?,432?,433?,434?,435?,436?,437?,438?,439?,440?/m1/s1",WWFDJIVIDXJAQR-FFWSQMGZSA-N
908,Ornidazole,6.71,16773-42-5,CC1=NC=C(N1CC(CCl)O)[N+](=O)[O-],,,https://doi.org/10.1016/j.watres.2020.116231,alkane,Aliphatic hydrocarbons,"InChI=1S/C7H10ClN3O3/c1-5-9-3-7(11(13)14)10(5)4-6(12)2-8/h3,6,12H,2,4H2,1H3",IPWKIXLWTCNBKN-UHFFFAOYSA-N
909,Ornidazole,7.48,16773-42-5,CC1=NC=C(N1CC(CCl)O)[N+](=O)[O-],,,https://doi.org/10.1021/acs.est.6b05536,alkane,Aliphatic hydrocarbons,"InChI=1S/C7H10ClN3O3/c1-5-9-3-7(11(13)14)10(5)4-6(12)2-8/h3,6,12H,2,4H2,1H3",IPWKIXLWTCNBKN-UHFFFAOYSA-N
910,Oxalate,4.78,2437-29-8,C(=O)(C(=O)[O-])[O-],,,https://doi.org/10.1021/acsestengg.1c00350,halogenated,Halogenated organics,"InChI=1S/C2H2O4/c3-1(4)2(5)6/h(H,3,4)(H,5,6)/p-2",MUBZPKHOEPUJKR-UHFFFAOYSA-L
911,Oxaprozin,7.94,21256-18-8,C1=CC=C(C=C1)C2=C(OC(=N2)CCC(=O)O)C3=CC=CC=C3,,,https://doi.org/10.1016/j.chemosphere.2023.138793,cyclo,Aromatic & PAHs,"InChI=1S/C18H15NO3/c20-16(21)12-11-15-19-17(13-7-3-1-4-8-13)18(22-15)14-9-5-2-6-10-14/h1-10H,11-12H2,(H,20,21)",OFPXSFXSNFPTHF-UHFFFAOYSA-N
912,Oxcarbazepine,7.93,28721-07-5,C1C2=CC=CC=C2N(C3=CC=CC=C3C1=O)C(=O)N,7,,https://doi.org/10.1016/j.watres.2018.10.007,cyclo,Aromatic & PAHs,"InChI=1S/C15H12N2O2/c16-15(19)17-12-7-3-1-5-10(12)9-14(18)11-6-2-4-8-13(11)17/h1-8H,9H2,(H2,16,19)",CTRLABGOLIVAIY-UHFFFAOYSA-N
913,Oxidized glutathione,6.11,27025-41-8,O=C(NC(C(NCC(O)=O)=O)CSSCC(NC(CCC([NH3+])C([O-])=O)=O)C(NCC(O)=O)=O)CCC([NH3+])C([O-])=O,7,,https://doi.org/10.2307/3573789,diol,Polyfunctional / highly functionalized,"InChI=1S/C20H32N6O12S2/c21-9(19(35)36)1-3-13(27)25-11(17(33)23-5-15(29)30)7-39-40-8-12(18(34)24-6-16(31)32)26-14(28)4-2-10(22)20(37)38/h9-12H,1-8,21-22H2,(H,23,33)(H,24,34)(H,25,27)(H,26,28)(H,29,30)(H,31,32)(H,35,36)(H,37,38)",YPZRWBKMTBYPTK-UHFFFAOYSA-N
914,Oxolane,4.85,109-99-9,C1CCOC1,13,,https://doi.org/10.1016/j.chemosphere.2023.140660,alcohol,Oxygenated organics,InChI=1S/C4H8O/c1-2-4-5-3-1/h1-4H2,WYURNTSHIVDZCO-UHFFFAOYSA-N
915,Oxolane,4.85,109-99-9,C1CCOC1,11.5,,https://doi.org/10.1039/c3em00479a,alcohol,Oxygenated organics,InChI=1S/C4H8O/c1-2-4-5-3-1/h1-4H2,WYURNTSHIVDZCO-UHFFFAOYSA-N
916,Oxyhemoglobin,2,9008-02-0,O=C1C=C(C2=CC=CO2)NC3=C1C=CC(C)=N3,10,,https://doi.org/10.1021/jp049063k,cyclo,Aromatic & PAHs,"InChI=1S/C13H10N2O2/c1-8-4-5-9-11(16)7-10(15-13(9)14-8)12-3-2-6-17-12/h2-7H,1H3,(H,14,15,16)",INGWEZCOABYORO-UHFFFAOYSA-N
917,Oxytetracycline,8.6,79-57-2,C[C@@]1([C@H]2[C@@H]([C@H]3[C@@H](C(=O)C(=C([C@]3(C(=O)C2=C(C4=C1C=CC=C4O)O)O)O)C(=O)N)N(C)C)O)O,,,https://doi.org/10.1016/j.jhazmat.2025.137983,diol,Polyfunctional / highly functionalized,"InChI=1S/C22H24N2O9/c1-21(32)7-5-4-6-8(25)9(7)15(26)10-12(21)17(28)13-14(24(2)3)16(27)11(20(23)31)19(30)22(13,33)18(10)29/h4-6,12-14,17,25-26,28,30,32-33H,1-3H3,(H2,23,31)/t12-,13-,14+,17+,21-,22+/m1/s1",OWFJMIVZYSDULZ-PXOLEDIWSA-N
918,Oxytetracycline,8.6,79-57-2,C[C@@]1([C@H]2[C@@H]([C@H]3[C@@H](C(=O)C(=C([C@]3(C(=O)C2=C(C4=C1C=CC=C4O)O)O)O)C(=O)N)N(C)C)O)O,,,https://doi.org/10.1016/j.jhazmat.2025.138176,diol,Polyfunctional / highly functionalized,"InChI=1S/C22H24N2O9/c1-21(32)7-5-4-6-8(25)9(7)15(26)10-12(21)17(28)13-14(24(2)3)16(27)11(20(23)31)19(30)22(13,33)18(10)29/h4-6,12-14,17,25-26,28,30,32-33H,1-3H3,(H2,23,31)/t12-,13-,14+,17+,21-,22+/m1/s1",OWFJMIVZYSDULZ-PXOLEDIWSA-N
919,Oxytetracycline,8.46,79-57-2,C[C@@]1([C@H]2[C@@H]([C@H]3[C@@H](C(=O)C(=C([C@]3(C(=O)C2=C(C4=C1C=CC=C4O)O)O)O)C(=O)N)N(C)C)O)O,,,10.1007/s11356-016-6561-0,diol,Polyfunctional / highly functionalized,"InChI=1S/C22H24N2O9/c1-21(32)7-5-4-6-8(25)9(7)15(26)10-12(21)17(28)13-14(24(2)3)16(27)11(20(23)31)19(30)22(13,33)18(10)29/h4-6,12-14,17,25-26,28,30,32-33H,1-3H3,(H2,23,31)/t12-,13-,14+,17+,21-,22+/m1/s1",OWFJMIVZYSDULZ-PXOLEDIWSA-N
920,Ozone,5,10028-15-6,[O-][O+]=O,10.4,,https://doi.org/10.1021/j100234a024,diol,Polyfunctional / highly functionalized,InChI=1S/O3/c1-3-2,CBENFWSGALASAD-UHFFFAOYSA-N
921,Ozone,5,10028-15-6,[O-][O+]=O,10.4,,NIST,diol,Polyfunctional / highly functionalized,InChI=1S/O3/c1-3-2,CBENFWSGALASAD-UHFFFAOYSA-N
922,Ozonide Ion,7.78,12030-89-6,[K]1OOO1,12-13.8,,https://doi.org/10.1021/j100208a032,diol,Polyfunctional / highly functionalized,InChI=1S/K.H2O3/c;1-3-2/h;1-2H/q+2;/p-2,KINPEQDBVPTLIL-UHFFFAOYSA-L
923,Paracetamol,8.44,103-90-2,CC(=O)NC1=CC=C(C=C1)O,,,https://doi.org/10.1039/C6EM00580B,alkane,Aliphatic hydrocarbons,"InChI=1S/C8H9NO2/c1-6(10)9-7-2-4-8(11)5-3-7/h2-5,11H,1H3,(H,9,10)",RZVAJINKPMORJF-UHFFFAOYSA-N
924,Paracetamol,8.23,103-90-2,CC(=O)NC1=CC=C(C=C1)O,,,https://doi.org/10.1016/j.chemosphere.2023.138793,alkane,Aliphatic hydrocarbons,"InChI=1S/C8H9NO2/c1-6(10)9-7-2-4-8(11)5-3-7/h2-5,11H,1H3,(H,9,10)",RZVAJINKPMORJF-UHFFFAOYSA-N
925,Paracetamol,8.23,103-90-2,CC(=O)NC1=CC=C(C=C1)O,,,https://doi.org/10.1016/j.watres.2020.116231,alkane,Aliphatic hydrocarbons,"InChI=1S/C8H9NO2/c1-6(10)9-7-2-4-8(11)5-3-7/h2-5,11H,1H3,(H,9,10)",RZVAJINKPMORJF-UHFFFAOYSA-N
926,Paracetamol,9.28,103-90-2,CC(=O)NC1=CC=C(C=C1)O,,,https://doi.org/10.1039/C6EM00580B,alkane,Aliphatic hydrocarbons,"InChI=1S/C8H9NO2/c1-6(10)9-7-2-4-8(11)5-3-7/h2-5,11H,1H3,(H,9,10)",RZVAJINKPMORJF-UHFFFAOYSA-N
927,Parathion,6.45,56-38-2,CCOP(=S)(OCC)OC1=CC=C(C=C1)[N+](=O)[O-],7,,https://doi.org/10.1016/j.watres.2010.04.011,diol,Polyfunctional / highly functionalized,"InChI=1S/C10H14NO5PS/c1-3-14-17(18,15-4-2)16-10-7-5-9(6-8-10)11(12)13/h5-8H,3-4H2,1-2H3",LCCNCVORNKJIRZ-UHFFFAOYSA-N
928,Paroxetine,8.62,61869-08-7,C1CNC[C@H]([C@@H]1C2=CC=C(C=C2)F)COC3=CC4=C(C=C3)OCO4,,,https://doi.org/10.1016/j.chemosphere.2023.138793,diol,Polyfunctional / highly functionalized,"InChI=1S/C19H20FNO3/c20-15-3-1-13(2-4-15)17-7-8-21-10-14(17)11-22-16-5-6-18-19(9-16)24-12-23-18/h1-6,9,14,17,21H,7-8,10-12H2/t14-,17-/m0/s1",AHOUBRCZNHFOSL-YOEHRIQHSA-N
929,Penicillamine,7.3,52-66-4,CC(C)([C@H](C(=O)O)N)S,4,,https://doi.org/10.2307/3574180,"sulfide, disulfide",Sulfur-containing organics,"InChI=1S/C5H11NO2S/c1-5(2,9)3(6)4(7)8/h3,9H,6H2,1-2H3,(H,7,8)/t3-/m0/s1",VVNCNSJFMMFHPL-VKHMYHEASA-N
930,Penicillamine,8.38,52-66-4,CC(C)([C@H](C(=O)O)N)S,9.5,,https://doi.org/10.2307/3574180,"sulfide, disulfide",Sulfur-containing organics,"InChI=1S/C5H11NO2S/c1-5(2,9)3(6)4(7)8/h3,9H,6H2,1-2H3,(H,7,8)/t3-/m0/s1",VVNCNSJFMMFHPL-VKHMYHEASA-N
931,Penicillamine,7.3,52-66-4,CC(C)([C@H](C(=O)O)N)S,4,,NIST,"sulfide, disulfide",Sulfur-containing organics,"InChI=1S/C5H11NO2S/c1-5(2,9)3(6)4(7)8/h3,9H,6H2,1-2H3,(H,7,8)/t3-/m0/s1",VVNCNSJFMMFHPL-VKHMYHEASA-N
932,Penicillamine,8.38,52-66-4,CC(C)([C@H](C(=O)O)N)S,9.5,,NIST,"sulfide, disulfide",Sulfur-containing organics,"InChI=1S/C5H11NO2S/c1-5(2,9)3(6)4(7)8/h3,9H,6H2,1-2H3,(H,7,8)/t3-/m0/s1",VVNCNSJFMMFHPL-VKHMYHEASA-N
933,Penicillamine,8.08,52-66-4,CC(C)([C@H](C(=O)O)N)S,12,,https://doi.org/10.2307/3574180,"sulfide, disulfide",Sulfur-containing organics,"InChI=1S/C5H11NO2S/c1-5(2,9)3(6)4(7)8/h3,9H,6H2,1-2H3,(H,7,8)/t3-/m0/s1",VVNCNSJFMMFHPL-VKHMYHEASA-N
934,Penicillamine,8.08,52-66-4,CC(C)([C@H](C(=O)O)N)S,12,,NIST,"sulfide, disulfide",Sulfur-containing organics,"InChI=1S/C5H11NO2S/c1-5(2,9)3(6)4(7)8/h3,9H,6H2,1-2H3,(H,7,8)/t3-/m0/s1",VVNCNSJFMMFHPL-VKHMYHEASA-N
935,Penicillamine,8.38,52-66-4,CC(C)([C@H](C(=O)O)N)S,,,https://doi.org/10.1016/j.chemosphere.2023.140660,"sulfide, disulfide",Sulfur-containing organics,"InChI=1S/C5H11NO2S/c1-5(2,9)3(6)4(7)8/h3,9H,6H2,1-2H3,(H,7,8)/t3-/m0/s1",VVNCNSJFMMFHPL-VKHMYHEASA-N
936,Penicillamine,8.08,52-66-4,CC(C)([C@H](C(=O)O)N)S,,,https://doi.org/10.1016/j.chemosphere.2023.140660,"sulfide, disulfide",Sulfur-containing organics,"InChI=1S/C5H11NO2S/c1-5(2,9)3(6)4(7)8/h3,9H,6H2,1-2H3,(H,7,8)/t3-/m0/s1",VVNCNSJFMMFHPL-VKHMYHEASA-N
937,Penicillamine,7.3,52-66-4,CC(C)([C@H](C(=O)O)N)S,7,,https://doi.org/10.1063/1.555808,"sulfide, disulfide",Sulfur-containing organics,"InChI=1S/C5H11NO2S/c1-5(2,9)3(6)4(7)8/h3,9H,6H2,1-2H3,(H,7,8)/t3-/m0/s1",VVNCNSJFMMFHPL-VKHMYHEASA-N
938,Pentaammineaquacobalt(Ⅲ) ion,6.23,14403-82-8,N.N.N.N.N.O.[Co+3],7.6,,https://doi.org/10.1021/j100514a007,halogenated,Halogenated organics,InChI=1S/Co.5H3N.H2O/h;5*1H3;1H2/q+3;;;;;;,QZMZAQYRDIAPGX-UHFFFAOYSA-N
939,Pentaammineaquacobalt(Ⅲ) ion,4.48,14403-82-8,N.N.N.N.N.O.[Co+3],5.6,,https://doi.org/10.1021/j100514a007,halogenated,Halogenated organics,InChI=1S/Co.5H3N.H2O/h;5*1H3;1H2/q+3;;;;;;,QZMZAQYRDIAPGX-UHFFFAOYSA-N
940,Pentaamminechlorocobalt(Ⅲ) ion,6.3,13859-51-3,[Co+3].[Cl-].[Cl-].[Cl-].N.N.N.N.N,6.5,,https://doi.org/10.1021/j100514a007,halogenated,Halogenated organics,InChI=1S/3ClH.Co.5H3N/h3*1H;;5*1H3/q;;;+3;;;;;/p-3,NSYALVBBDKTCLE-UHFFFAOYSA-K
941,Pentaamminechlorolridium(Ⅲ) ion,7.38,15742-38-8,[Ir+3].[Cl-].[Cl-].[Cl-].N.N.N.N.N,6.5,,https://doi.org/10.1021/j100514a007,halogenated,Halogenated organics,InChI=1S/3ClH.Ir.5H3N/h3*1H;;5*1H3/q;;;+3;;;;;/p-3,DYGMZANLQHDDSH-UHFFFAOYSA-K
942,Pentaammine(bromo)cobalt(Ⅲ) ion,6.76,14283-12-6,N.N.N.N.N.[Co+3].[Br-].[Br-].[Br-],6.5,,https://doi.org/10.1021/j100514a007,halogenated,Halogenated organics,InChI=1S/3BrH.Co.5H3N/h3*1H;;5*1H3/q;;;+3;;;;;/p-3,BFKCTJBABHCHCZ-UHFFFAOYSA-K
943,Pentaammine(chloro)chromium(Ⅲ) ion,5,13820-89-8,[H]N([H])[H].[H]N([H])[H].[H]N([H])[H].[H]N([H])[H].[H]N([H])[H].[Cr+3].[Cl-].[Cl-].[Cl-],6.5,,https://doi.org/10.1021/j100514a007,halogenated,Halogenated organics,InChI=1S/3ClH.Cr.5H3N/h3*1H;;5*1H3/q;;;+3;;;;;/p-3,DYXAIOUXIXKNNH-UHFFFAOYSA-K
944,Pentaammine(sulfito)cobalt(III) ion,6.04,15321-00-3,O=S(O[H])(O[H])=O.[H][N-][H].[H][N-][H].[H][N-][H].[H][N-][H].[H][N-][H].[Co],6.5,,https://doi.org/10.1021/j100514a007,diol,Polyfunctional / highly functionalized,"InChI=1S/Co.5H2N.H2O4S/c;;;;;;1-5(2,3)4/h;5*1H2;(H2,1,2,3,4)/q;5*-1;",LVBWVRZEXATVNQ-UHFFFAOYSA-N
945,Pentaammine(sulfito)cobalt(III) ion,6.04,15321-00-3,O=S(O[H])(O[H])=O.[H][N-][H].[H][N-][H].[H][N-][H].[H][N-][H].[H][N-][H].[Co],6.5,,NIST,diol,Polyfunctional / highly functionalized,"InChI=1S/Co.5H2N.H2O4S/c;;;;;;1-5(2,3)4/h;5*1H2;(H2,1,2,3,4)/q;5*-1;",LVBWVRZEXATVNQ-UHFFFAOYSA-N
946,Pentaammineaquacobalt(III) ion,6.23,13820-80-9,[NH2-].[NH2-].[NH2-].[NH2-].[NH2-].O.[Co],7.6,,NIST,halogenated,Halogenated organics,InChI=1S/Co.5H2N.H2O/h;6*1H2/q;5*-1;,XDGYCSYJCAULMI-UHFFFAOYSA-N
947,Pentaammineaquacobalt(III) ion,4.48,13820-80-9,[H]O[H].[H][N-][H].[H][N-][H].[H][N-][H].[H][N-][H].[H][N-][H].[Co],5.6,,NIST,halogenated,Halogenated organics,InChI=1S/Co.5H2N.H2O/h;6*1H2/q;5*-1;,XDGYCSYJCAULMI-UHFFFAOYSA-N
948,Pentaammineaquarhodium(III) ion,5,13820-95-6,[Rh+3].[Cl-].N.N.N.N.N.[Cl-].[Cl-],6.9,,NIST,halogenated,Halogenated organics,InChI=1S/3ClH.5H3N.Rh/h3*1H;5*1H3;/q;;;;;;;;+3/p-3,ICJGGTVWZZBROS-UHFFFAOYSA-K
949,Pentaammineaquarhodium(III) ion,4.7,13820-95-6,[Rh+3].[Cl-].N.N.N.N.N.[Cl-].[Cl-],4.9,,NIST,halogenated,Halogenated organics,InChI=1S/3ClH.5H3N.Rh/h3*1H;5*1H3;/q;;;;;;;;+3/p-3,ICJGGTVWZZBROS-UHFFFAOYSA-K
950,Pentaamminechlorocobalt(III) ion,6.3,13859-51-3,[Co+3].[Cl-].[Cl-].[Cl-].N.N.N.N.N,6.5,,NIST,halogenated,Halogenated organics,InChI=1S/3ClH.Co.5H3N/h3*1H;;5*1H3/q;;;+3;;;;;/p-3,NSYALVBBDKTCLE-UHFFFAOYSA-K
951,Pentaamminechlororhodium(III) ion,4,14077-30-6,[Rh+3].[Cl-].[Cl-].N1=CC=CC=C1.N2=CC=CC=C2.C3=CC=CN=C3.C4=NC=CC=C4.[Cl-],6.5,,NIST,cyclo,Aromatic & PAHs,InChI=1S/4C5H5N.3ClH.Rh/c4*1-2-4-6-5-3-1;;;;/h4*1-5H;3*1H;/q;;;;;;;+3/p-3,SIIBZAPGWNBRSK-UHFFFAOYSA-K
952,Pentaamminechlororuthenium(III) ion,6.89,18532-87-1,[Ru+3].[Cl-].[Cl-].[Cl-].N.N.N.N.N,6.5,,NIST,halogenated,Halogenated organics,InChI=1S/3ClH.5H3N.Ru/h3*1H;5*1H3;/q;;;;;;;;+3/p-3,HLAVJMYZYQTXAH-UHFFFAOYSA-K
953,Pentachlorophenol,7.28,87-86-5,C1(=C(C(=C(C(=C1Cl)Cl)Cl)Cl)Cl)O,,,https://doi.org/10.1039/C6EM00580B,halogenated,Halogenated organics,InChI=1S/C6HCl5O/c7-1-2(8)4(10)6(12)5(11)3(1)9/h12H,IZUPBVBPLAPZRR-UHFFFAOYSA-N
954,Pentoxifylline,6.3,6493-05-6,CC(=O)CCCCN1C(=O)C2=C(N=CN2C)N(C1=O)C,,25,https://doi.org/10.1016/j.jhazmat.2025.137899,alkane,Aliphatic hydrocarbons,"InChI=1S/C13H18N4O3/c1-9(18)6-4-5-7-17-12(19)10-11(14-8-15(10)2)16(3)13(17)20/h8H,4-7H2,1-3H3",BYPFEZZEUUWMEJ-UHFFFAOYSA-N
955,Pentoxyfilline,6.3,6493-05-6,CC(=O)CCCCN1C(=O)C2=C(N=CN2C)N(C1=O)C,6.5,,https://doi.org/10.1016/j.cej.2014.05.088,alkane,Aliphatic hydrocarbons,"InChI=1S/C13H18N4O3/c1-9(18)6-4-5-7-17-12(19)10-11(14-8-15(10)2)16(3)13(17)20/h8H,4-7H2,1-3H3",BYPFEZZEUUWMEJ-UHFFFAOYSA-N
956,Pentyl acetate,4.72,628-63-7,CCCCCOC(=O)C,,,https://doi.org/10.1016/j.jhazmat.2025.138018,alcohol,Oxygenated organics,"InChI=1S/C7H14O2/c1-3-4-5-6-9-7(2)8/h3-6H2,1-2H3",PGMYKACGEOXYJE-UHFFFAOYSA-N
957,Persulfate,3.88,15314-42-8,[O-]S(=O)(=O)OOS(=O)(=O)[O-],8,,https://doi.org/10.1021/acs.est.5c03593,diol,Polyfunctional / highly functionalized,"InChI=1S/H2O8S2/c1-9(2,3)7-8-10(4,5)6/h(H,1,2,3)(H,4,5,6)/p-2",JRKICGRDRMAZLK-UHFFFAOYSA-L
958,Phenacetin,9.78,62-44-2,CCOC1=CC=C(C=C1)NC(=O)C,,,https://doi.org/10.1016/j.ecoenv.2020.110977,alcohol,Oxygenated organics,"InChI=1S/C10H13NO2/c1-3-13-10-6-4-9(5-7-10)11-8(2)12/h4-7H,3H2,1-2H3,(H,11,12)",CPJSUEIXXCENMM-UHFFFAOYSA-N
959,Phenazone,6.7,60-80-0,CC1=CC(=O)N(N1C)C2=CC=CC=C2,6.5,,https://doi.org/10.1016/j.cej.2014.05.088,cyclo,Aromatic & PAHs,"InChI=1S/C11H12N2O/c1-9-8-11(14)13(12(9)2)10-6-4-3-5-7-10/h3-8H,1-2H3",VEQOALNAAJBPNY-UHFFFAOYSA-N
960,Phenazone,6.7,60-80-0,CC1=CC(=O)N(N1C)C2=CC=CC=C2,,,https://doi.org/10.1016/j.jhazmat.2025.137932,cyclo,Aromatic & PAHs,"InChI=1S/C11H12N2O/c1-9-8-11(14)13(12(9)2)10-6-4-3-5-7-10/h3-8H,1-2H3",VEQOALNAAJBPNY-UHFFFAOYSA-N
961,Phenol,7.2,108-95-2,C1=CC=C(C=C1)O,,,https://doi.org/10.1016/j.cej.2022.135995,halogenated,Halogenated organics,"InChI=1S/C6H6O/c7-6-4-2-1-3-5-6/h1-5,7H",ISWSIDIOOBJBQZ-UHFFFAOYSA-N
962,Phenol,7.34,108-95-2,C1=CC=C(C=C1)O,,25,https://doi.org/10.1016/j.jhazmat.2025.137899,halogenated,Halogenated organics,"InChI=1S/C6H6O/c7-6-4-2-1-3-5-6/h1-5,7H",ISWSIDIOOBJBQZ-UHFFFAOYSA-N
963,Phenol,8.4,108-95-2,C1=CC=C(C=C1)O,,25,https://doi.org/10.1016/j.jhazmat.2025.137899,halogenated,Halogenated organics,"InChI=1S/C6H6O/c7-6-4-2-1-3-5-6/h1-5,7H",ISWSIDIOOBJBQZ-UHFFFAOYSA-N
964,Phenol,7.54,108-95-2,C1=CC=C(C=C1)O,6.85,,https://doi.org/10.1016/j.jenvman.2025.125345,halogenated,Halogenated organics,"InChI=1S/C6H6O/c7-6-4-2-1-3-5-6/h1-5,7H",ISWSIDIOOBJBQZ-UHFFFAOYSA-N
965,Phenol,7.54,108-95-2,C1=CC=C(C=C1)O,8,,https://doi.org/10.1016/j.watres.2021.117867,halogenated,Halogenated organics,"InChI=1S/C6H6O/c7-6-4-2-1-3-5-6/h1-5,7H",ISWSIDIOOBJBQZ-UHFFFAOYSA-N
966,Phenol,8.67,108-95-2,C1=CC=C(C=C1)O,11.2,,https://doi.org/10.1016/j.chemosphere.2023.140660,halogenated,Halogenated organics,"InChI=1S/C6H6O/c7-6-4-2-1-3-5-6/h1-5,7H",ISWSIDIOOBJBQZ-UHFFFAOYSA-N
967,Phenol,8.51,108-95-2,C1=CC=C(C=C1)O,11.0–12.2,,https://doi.org/10.1016/j.chemosphere.2023.140660,halogenated,Halogenated organics,"InChI=1S/C6H6O/c7-6-4-2-1-3-5-6/h1-5,7H",ISWSIDIOOBJBQZ-UHFFFAOYSA-N
968,Phenol,7.34,108-95-2,C1=CC=C(C=C1)O,7,,https://doi.org/10.2307/3573789,halogenated,Halogenated organics,"InChI=1S/C6H6O/c7-6-4-2-1-3-5-6/h1-5,7H",ISWSIDIOOBJBQZ-UHFFFAOYSA-N
969,Phenol,6.69,108-95-2,C1=CC=C(C=C1)O,7,,https://doi.org/10.1021/J100585A004,halogenated,Halogenated organics,"InChI=1S/C6H6O/c7-6-4-2-1-3-5-6/h1-5,7H",ISWSIDIOOBJBQZ-UHFFFAOYSA-N
970,Phenol,7.3,108-95-2,C1=CC=C(C=C1)O,,,https://doi.org/10.1016/j.chemosphere.2023.138793,halogenated,Halogenated organics,"InChI=1S/C6H6O/c7-6-4-2-1-3-5-6/h1-5,7H",ISWSIDIOOBJBQZ-UHFFFAOYSA-N
971,Phenol,8.38,108-95-2,C1=CC=C(C=C1)O,12.2,,https://doi.org/10.1016/j.chemosphere.2023.140660,halogenated,Halogenated organics,"InChI=1S/C6H6O/c7-6-4-2-1-3-5-6/h1-5,7H",ISWSIDIOOBJBQZ-UHFFFAOYSA-N
972,Phenol,7.34,108-95-2,C1=CC=C(C=C1)O,,,https://doi.org/10.1016/j.jhazmat.2025.138052,halogenated,Halogenated organics,"InChI=1S/C6H6O/c7-6-4-2-1-3-5-6/h1-5,7H",ISWSIDIOOBJBQZ-UHFFFAOYSA-N
973,Phenol,8.52,108-95-2,C1=CC=C(C=C1)O,11,,https://doi.org/10.1016/0146-5724(78)90101-2,halogenated,Halogenated organics,"InChI=1S/C6H6O/c7-6-4-2-1-3-5-6/h1-5,7H",ISWSIDIOOBJBQZ-UHFFFAOYSA-N
974,Phenol,7.21,108-95-2,C1=CC=C(C=C1)O,,,https://doi.org/10.1039/C6EM00580B,halogenated,Halogenated organics,"InChI=1S/C6H6O/c7-6-4-2-1-3-5-6/h1-5,7H",ISWSIDIOOBJBQZ-UHFFFAOYSA-N
975,Phenol,8.42,108-95-2,C1=CC=C(C=C1)O,11.4,,https://doi.org/10.1002/kin.550230606,halogenated,Halogenated organics,"InChI=1S/C6H6O/c7-6-4-2-1-3-5-6/h1-5,7H",ISWSIDIOOBJBQZ-UHFFFAOYSA-N
976,Phenol,8.4,108-95-2,C1=CC=C(C=C1)O,,,https://doi.org/10.1016/j.jhazmat.2025.138081,halogenated,Halogenated organics,"InChI=1S/C6H6O/c7-6-4-2-1-3-5-6/h1-5,7H",ISWSIDIOOBJBQZ-UHFFFAOYSA-N
977,Phenol,7.2,108-95-2,C1=CC=C(C=C1)O,8,,https://doi.org/10.1016/j.jphotochem.2006.04.045,halogenated,Halogenated organics,"InChI=1S/C6H6O/c7-6-4-2-1-3-5-6/h1-5,7H",ISWSIDIOOBJBQZ-UHFFFAOYSA-N
978,Phenolate,8.4,3229-70-7,C1=CC=C(C=C1)[O-],,,https://doi.org/10.1016/j.crci.2008.09.024,halogenated,Halogenated organics,"InChI=1S/C6H6O/c7-6-4-2-1-3-5-6/h1-5,7H/p-1",ISWSIDIOOBJBQZ-UHFFFAOYSA-M
979,Phenolate,8.38,3229-70-7,C1=CC=C(C=C1)[O-],,,https://doi.org/10.1039/C6EM00580B,halogenated,Halogenated organics,"InChI=1S/C6H6O/c7-6-4-2-1-3-5-6/h1-5,7H/p-1",ISWSIDIOOBJBQZ-UHFFFAOYSA-M
980,Phenolate,8.51,3229-70-7,C1=CC=C(C=C1)[O-],,,https://doi.org/10.1016/j.chemosphere.2023.140660,halogenated,Halogenated organics,"InChI=1S/C6H6O/c7-6-4-2-1-3-5-6/h1-5,7H/p-1",ISWSIDIOOBJBQZ-UHFFFAOYSA-M
981,Phenoxide,8.67,139-02-6,C1=CC=C(C=C1)[O-],11.2,,https://doi.org/10.1515/9783110866537.109,halogenated,Halogenated organics,"InChI=1S/C6H6O/c7-6-4-2-1-3-5-6/h1-5,7H/p-1",ISWSIDIOOBJBQZ-UHFFFAOYSA-M
982,phenoxide,8.52,139-02-6,C1=CC=C(C=C1)[O-],,,https://doi.org/10.1063/1.555808,halogenated,Halogenated organics,"InChI=1S/C6H6O/c7-6-4-2-1-3-5-6/h1-5,7H/p-1",ISWSIDIOOBJBQZ-UHFFFAOYSA-M
983,Phenoxide,8.38,139-02-6,C1=CC=C(C=C1)[O-],12.2,,https://doi.org/10.1080/09553007714550691,halogenated,Halogenated organics,"InChI=1S/C6H6O/c7-6-4-2-1-3-5-6/h1-5,7H/p-1",ISWSIDIOOBJBQZ-UHFFFAOYSA-M
984,Phenoxide,7.7,139-02-6,C1=CC=C(C=C1)[O-],12,,https://doi.org/10.1021/J100585A004,halogenated,Halogenated organics,"InChI=1S/C6H6O/c7-6-4-2-1-3-5-6/h1-5,7H/p-1",ISWSIDIOOBJBQZ-UHFFFAOYSA-M
985,phenoxide,8.41,139-02-6,C1=CC=C(C=C1)[O-],11.8,,https://doi.org/10.1021/es051236b,halogenated,Halogenated organics,"InChI=1S/C6H6O/c7-6-4-2-1-3-5-6/h1-5,7H/p-1",ISWSIDIOOBJBQZ-UHFFFAOYSA-M
986,phenoxide,8.38,139-02-6,C1=CC=C(C=C1)[O-],,,https://doi.org/10.1021/es051236b,halogenated,Halogenated organics,"InChI=1S/C6H6O/c7-6-4-2-1-3-5-6/h1-5,7H/p-1",ISWSIDIOOBJBQZ-UHFFFAOYSA-M
987,phenoxide,7.74,139-02-6,C1=CC=C(C=C1)[O-],,,https://doi.org/10.1021/es051236b,halogenated,Halogenated organics,"InChI=1S/C6H6O/c7-6-4-2-1-3-5-6/h1-5,7H/p-1",ISWSIDIOOBJBQZ-UHFFFAOYSA-M
988,phenoxide,8.43,139-02-6,C1=CC=C(C=C1)[O-],,,https://doi.org/10.1021/es051236b,halogenated,Halogenated organics,"InChI=1S/C6H6O/c7-6-4-2-1-3-5-6/h1-5,7H/p-1",ISWSIDIOOBJBQZ-UHFFFAOYSA-M
989,Phenylalanine,6,63-91-2,C1=CC=C(C=C1)C[C@@H](C(=O)O)N,11.2,,https://doi.org/10.2307/3573266,halogenated,Halogenated organics,"InChI=1S/C9H11NO2/c10-8(9(11)12)6-7-4-2-1-3-5-7/h1-5,8H,6,10H2,(H,11,12)/t8-/m0/s1",COLNVLDHVKWLRT-QMMMGPOBSA-N
990,Phenylalanine,4.7,63-91-2,C1=CC=C(C=C1)C[C@@H](C(=O)O)N,,,https://doi.org/10.1016/j.jhazmat.2025.138099,halogenated,Halogenated organics,"InChI=1S/C9H11NO2/c10-8(9(11)12)6-7-4-2-1-3-5-7/h1-5,8H,6,10H2,(H,11,12)/t8-/m0/s1",COLNVLDHVKWLRT-QMMMGPOBSA-N
991,Phenylalanine,4.7,63-91-2,C1=CC=C(C=C1)C[C@@H](C(=O)O)N,7,,https://doi.org/10.2307/3573789,halogenated,Halogenated organics,"InChI=1S/C9H11NO2/c10-8(9(11)12)6-7-4-2-1-3-5-7/h1-5,8H,6,10H2,(H,11,12)/t8-/m0/s1",COLNVLDHVKWLRT-QMMMGPOBSA-N
992,Phenylalanylglycine,5.6,721-90-4,C1=CC=C(C=C1)C[C@@H](C(=O)NCC(=O)O)N,7,,https://doi.org/10.2307/3573789,halogenated,Halogenated organics,"InChI=1S/C11H14N2O3/c12-9(11(16)13-7-10(14)15)6-8-4-2-1-3-5-8/h1-5,9H,6-7,12H2,(H,13,16)(H,14,15)/t9-/m0/s1",GLUBLISJVJFHQS-VIFPVBQESA-N
993,Phenylthiourea,8.35,103-85-5,C1=CC=C(C=C1)NC(=S)N,,,https://doi.org/10.1016/j.jhazmat.2025.138154,halogenated,Halogenated organics,"InChI=1S/C7H8N2S/c8-7(10)9-6-4-2-1-3-5-6/h1-5H,(H3,8,9,10)",FULZLIGZKMKICU-UHFFFAOYSA-N
994,Phorate,7.08,298-02-2,CCOP(=S)(OCC)SCSCC,9,,https://doi.org/10.1002/etc.5620190605,"sulfide, disulfide",Sulfur-containing organics,"InChI=1S/C7H17O2PS3/c1-4-8-10(11,9-5-2)13-7-12-6-3/h4-7H2,1-3H3",BULVZWIRKLYCBC-UHFFFAOYSA-N
995,Piperidine,6.52,110-89-4,C1CCNCC1,11.5,,https://doi.org/10.1016/j.scitotenv.2020.137219,cyclo,Aromatic & PAHs,"InChI=1S/C5H11N/c1-2-4-6-5-3-1/h6H,1-5H2",NQRYJNQNLNOLGT-UHFFFAOYSA-N
996,Piperidine,6.52,110-89-4,C1CCNCC1,7,,https://doi.org/10.1063/1.555808,cyclo,Aromatic & PAHs,"InChI=1S/C5H11N/c1-2-4-6-5-3-1/h6H,1-5H2",NQRYJNQNLNOLGT-UHFFFAOYSA-N
997,Piperidine,6.52,110-89-4,C1CCNCC1,11.5,,NIST,cyclo,Aromatic & PAHs,"InChI=1S/C5H11N/c1-2-4-6-5-3-1/h6H,1-5H2",NQRYJNQNLNOLGT-UHFFFAOYSA-N
998,Prednisolone,8.4,50-24-8,C[C@]12C[C@@H]([C@H]3[C@H]([C@@H]1CC[C@@]2(C(=O)CO)O)CCC4=CC(=O)C=C[C@]34C)O,,,https://doi.org/10.1016/j.watres.2015.02.014,diol,Polyfunctional / highly functionalized,"InChI=1S/C21H28O5/c1-19-7-5-13(23)9-12(19)3-4-14-15-6-8-21(26,17(25)11-22)20(15,2)10-16(24)18(14)19/h5,7,9,14-16,18,22,24,26H,3-4,6,8,10-11H2,1-2H3/t14-,15-,16-,18+,19-,20-,21-/m0/s1",OIGNJSKKLXVSLS-VWUMJDOOSA-N
999,Prometryn,6.79,7287-19-6,CC(C)NC1=NC(=NC(=N1)SC)NC(C)C,11,,https://doi.org/10.1021/es051236b,"sulfide, disulfide",Sulfur-containing organics,"InChI=1S/C10H19N5S/c1-6(2)11-8-13-9(12-7(3)4)15-10(14-8)16-5/h6-7H,1-5H3,(H2,11,12,13,14,15)",AAEVYOVXGOFMJO-UHFFFAOYSA-N
1000,Prometryn,6.79,7287-19-6,CC(C)NC1=NC(=NC(=N1)SC)NC(C)C,,,https://doi.org/10.1039/C3EM00479A,"sulfide, disulfide",Sulfur-containing organics,"InChI=1S/C10H19N5S/c1-6(2)11-8-13-9(12-7(3)4)15-10(14-8)16-5/h6-7H,1-5H3,(H2,11,12,13,14,15)",AAEVYOVXGOFMJO-UHFFFAOYSA-N
1001,Propan-2-amine,5.7,75-31-0,CC(C)N,11.5,,NIST,alkane,Aliphatic hydrocarbons,"InChI=1S/C3H9N/c1-3(2)4/h3H,4H2,1-2H3",JJWLVOIRVHMVIS-UHFFFAOYSA-N
1002,Propanil,7.15,709-98-8,CCC(=O)NC1=CC(=C(C=C1)Cl)Cl,,,https://doi.org/10.1016/j.jhazmat.2025.137936,alkane,Aliphatic hydrocarbons,"InChI=1S/C9H9Cl2NO/c1-2-9(13)12-6-3-4-7(10)8(11)5-6/h3-5H,2H2,1H3,(H,12,13)",LFULEKSKNZEWOE-UHFFFAOYSA-N
1003,Propanil,7.15,709-98-8,CCC(=O)NC1=CC(=C(C=C1)Cl)Cl,11,,https://doi.org/10.1021/es051236b,alkane,Aliphatic hydrocarbons,"InChI=1S/C9H9Cl2NO/c1-2-9(13)12-6-3-4-7(10)8(11)5-6/h3-5H,2H2,1H3,(H,12,13)",LFULEKSKNZEWOE-UHFFFAOYSA-N
1004,Propicanozole,6.4,60207-90-1,CCCC(CO1)OC1(C2=C(Cl)C=C(Cl)C=C2)CN3N=CN=C3,,,https://doi.org/10.1039/C3EM00479A,alcohol,Oxygenated organics,"InChI=1S/C15H17Cl2N3O2/c1-2-3-12-7-21-15(22-12,8-20-10-18-9-19-20)13-5-4-11(16)6-14(13)17/h4-6,9-10,12H,2-3,7-8H2,1H3",STJLVHWMYQXCPB-UHFFFAOYSA-N
1005,Propranolol,8.4,525-66-6,CC(C)NCC(COC1=CC=CC2=CC=CC=C21)O,,25,https://doi.org/10.1016/j.jhazmat.2025.137899,alkane,Aliphatic hydrocarbons,"InChI=1S/C16H21NO2/c1-12(2)17-10-14(18)11-19-16-9-5-7-13-6-3-4-8-15(13)16/h3-9,12,14,17-18H,10-11H2,1-2H3",AQHHHDLHHXJYJD-UHFFFAOYSA-N
1006,Propranolol,8.6,525-66-6,CC(C)NCC(COC1=CC=CC2=CC=CC=C21)O,,25,https://doi.org/10.1016/j.jhazmat.2025.137899,alkane,Aliphatic hydrocarbons,"InChI=1S/C16H21NO2/c1-12(2)17-10-14(18)11-19-16-9-5-7-13-6-3-4-8-15(13)16/h3-9,12,14,17-18H,10-11H2,1-2H3",AQHHHDLHHXJYJD-UHFFFAOYSA-N
1007,Propranolol,7.89,525-66-6,CC(C)NCC(COC1=CC=CC2=CC=CC=C21)O,8.2,,https://doi.org/10.1021/es304334w,alkane,Aliphatic hydrocarbons,"InChI=1S/C16H21NO2/c1-12(2)17-10-14(18)11-19-16-9-5-7-13-6-3-4-8-15(13)16/h3-9,12,14,17-18H,10-11H2,1-2H3",AQHHHDLHHXJYJD-UHFFFAOYSA-N
1008,Propranolol,8.66,525-66-6,CC(C)NCC(COC1=CC=CC2=CC=CC=C21)O,11.4,,https://doi.org/10.1021/es304334w,alkane,Aliphatic hydrocarbons,"InChI=1S/C16H21NO2/c1-12(2)17-10-14(18)11-19-16-9-5-7-13-6-3-4-8-15(13)16/h3-9,12,14,17-18H,10-11H2,1-2H3",AQHHHDLHHXJYJD-UHFFFAOYSA-N
1009,Propranolol,7.89,525-66-6,CC(C)NCC(COC1=CC=CC2=CC=CC=C21)O,8,,https://doi.org/10.1021/acs.est.6b02232,alkane,Aliphatic hydrocarbons,"InChI=1S/C16H21NO2/c1-12(2)17-10-14(18)11-19-16-9-5-7-13-6-3-4-8-15(13)16/h3-9,12,14,17-18H,10-11H2,1-2H3",AQHHHDLHHXJYJD-UHFFFAOYSA-N
1010,Propranolol,8.53,525-66-6,CC(C)NCC(COC1=CC=CC2=CC=CC=C21)O,8,,https://doi.org/10.1016/j.chemosphere.2022.134106,alkane,Aliphatic hydrocarbons,"InChI=1S/C16H21NO2/c1-12(2)17-10-14(18)11-19-16-9-5-7-13-6-3-4-8-15(13)16/h3-9,12,14,17-18H,10-11H2,1-2H3",AQHHHDLHHXJYJD-UHFFFAOYSA-N
1011,Propranolol,8.28,525-66-6,CC(C)NCC(COC1=CC=CC2=CC=CC=C21)O,,,https://doi.org/10.1016/j.watres.2020.116231,alkane,Aliphatic hydrocarbons,"InChI=1S/C16H21NO2/c1-12(2)17-10-14(18)11-19-16-9-5-7-13-6-3-4-8-15(13)16/h3-9,12,14,17-18H,10-11H2,1-2H3",AQHHHDLHHXJYJD-UHFFFAOYSA-N
1012,Propranolol,8.36,525-66-6,CC(C)NCC(COC1=CC=CC2=CC=CC=C21)O,,,https://doi.org/10.1016/j.watres.2018.08.048,alkane,Aliphatic hydrocarbons,"InChI=1S/C16H21NO2/c1-12(2)17-10-14(18)11-19-16-9-5-7-13-6-3-4-8-15(13)16/h3-9,12,14,17-18H,10-11H2,1-2H3",AQHHHDLHHXJYJD-UHFFFAOYSA-N
1013,Propranolol,8.4,525-66-6,CC(C)NCC(COC1=CC=CC2=CC=CC=C21)O,,,https://doi.org/10.1016/j.jhazmat.2025.138056,alkane,Aliphatic hydrocarbons,"InChI=1S/C16H21NO2/c1-12(2)17-10-14(18)11-19-16-9-5-7-13-6-3-4-8-15(13)16/h3-9,12,14,17-18H,10-11H2,1-2H3",AQHHHDLHHXJYJD-UHFFFAOYSA-N
1014,Propranolol,8.6,525-66-6,CC(C)NCC(COC1=CC=CC2=CC=CC=C21)O,,,https://doi.org/10.1016/j.jhazmat.2025.138173,alkane,Aliphatic hydrocarbons,"InChI=1S/C16H21NO2/c1-12(2)17-10-14(18)11-19-16-9-5-7-13-6-3-4-8-15(13)16/h3-9,12,14,17-18H,10-11H2,1-2H3",AQHHHDLHHXJYJD-UHFFFAOYSA-N
1015,Propranolol,7.15,525-66-6,CC(C)NCC(COC1=CC=CC2=CC=CC=C21)O,8,,https://doi.org/10.1021/acs.est.6b05536,alkane,Aliphatic hydrocarbons,"InChI=1S/C16H21NO2/c1-12(2)17-10-14(18)11-19-16-9-5-7-13-6-3-4-8-15(13)16/h3-9,12,14,17-18H,10-11H2,1-2H3",AQHHHDLHHXJYJD-UHFFFAOYSA-N
1016,Propranolol,7.66,525-66-6,CC(C)NCC(COC1=CC=CC2=CC=CC=C21)O,8.0–8.2,,https://doi.org/10.1016/j.chemosphere.2023.140660,alkane,Aliphatic hydrocarbons,"InChI=1S/C16H21NO2/c1-12(2)17-10-14(18)11-19-16-9-5-7-13-6-3-4-8-15(13)16/h3-9,12,14,17-18H,10-11H2,1-2H3",AQHHHDLHHXJYJD-UHFFFAOYSA-N
1017,Propranolol anion,8.66,318-98-9,OC(CNC(C)C)COC1=C2C(C=CC=C2)=CC=C1.Cl,,,https://doi.org/10.1016/j.chemosphere.2023.140660,diol,Polyfunctional / highly functionalized,"InChI=1S/C16H21NO2.ClH/c1-12(2)17-10-14(18)11-19-16-9-5-7-13-6-3-4-8-15(13)16;/h3-9,12,14,17-18H,10-11H2,1-2H3;1H",ZMRUPTIKESYGQW-UHFFFAOYSA-N
1018,Protonated methyl L-cysteinate,7,18598-63-5,O=C(OC)[C@@H](N)CS.Cl,,,NIST,"sulfide, disulfide",Sulfur-containing organics,"InChI=1S/C4H9NO2S.ClH/c1-7-4(6)3(5)2-8;/h3,8H,2,5H2,1H3;1H/t3-;/m0./s1",WHOHXJZQBJXAKL-DFWYDOINSA-N
1019,Ractopamine,7.7,97825-25-7,CC(CCC1=CC=C(C=C1)O)NCC(C2=CC=C(C=C2)O)O,,,https://doi.org/10.1021/acs.est.6b05536,diol,Polyfunctional / highly functionalized,"InChI=1S/C18H23NO3/c1-13(2-3-14-4-8-16(20)9-5-14)19-12-18(22)15-6-10-17(21)11-7-15/h4-11,13,18-22H,2-3,12H2,1H3",YJQZYXCXBBCEAQ-UHFFFAOYSA-N
1020,Rhodamine 123,6.56,62669-70-9,COC(=O)C1=CC=CC=C1C2=C3C=CC(=N)C=C3OC4=C2C=CC(=C4)N.Cl,,,https://doi.org/10.1016/j.freeradbiomed.2004.10.022,diol,Polyfunctional / highly functionalized,"InChI=1S/C21H16N2O3.ClH/c1-25-21(24)15-5-3-2-4-14(15)20-16-8-6-12(22)10-18(16)26-19-11-13(23)7-9-17(19)20;/h2-11,22H,23H2,1H3;1H",MYFATKRONKHHQL-UHFFFAOYSA-N
1021,Ribonuclease A,7.7,9001-99-4,C1=C(NC=N1)CC(C(=O)O)NC(=O)CCN,7,,https://doi.org/10.2307/3573789,halogenated,Halogenated organics,"InChI=1S/C9H14N4O3/c10-2-1-8(14)13-7(9(15)16)3-6-4-11-5-12-6/h4-5,7H,1-3,10H2,(H,11,12)(H,13,14)(H,15,16)",CQOVPNPJLQNMDC-UHFFFAOYSA-N
1022,Ronidazole,6.92,7681-76-7,CN1C(=CN=C1COC(=O)N)[N+](=O)[O-],,,https://doi.org/10.1016/j.jhazmat.2025.137998,halogenated,Halogenated organics,"InChI=1S/C6H8N4O4/c1-9-4(3-14-6(7)11)8-2-5(9)10(12)13/h2H,3H2,1H3,(H2,7,11)",PQFRTXSWDXZRRS-UHFFFAOYSA-N
1023,Ronidazole,7.47,7681-76-7,CN1C(=CN=C1COC(=O)N)[N+](=O)[O-],,,https://doi.org/10.1021/acs.est.6b05536,halogenated,Halogenated organics,"InChI=1S/C6H8N4O4/c1-9-4(3-14-6(7)11)8-2-5(9)10(12)13/h2H,3H2,1H3,(H2,7,11)",PQFRTXSWDXZRRS-UHFFFAOYSA-N
1024,S-Methylcysteine,7.4,7728-98-5,CSC[C@@H](C(=O)O)N,7,,https://doi.org/10.2307/3573789,"sulfide, disulfide",Sulfur-containing organics,"InChI=1S/C4H9NO2S/c1-8-2-3(5)4(6)7/h3H,2,5H2,1H3,(H,6,7)/t3-/m0/s1",IDIDJDIHTAOVLG-VKHMYHEASA-N
1025,S-Methylcysteine,7.4,7728-98-5,CSC[C@@H](C(=O)O)N,,,https://doi.org/10.1016/j.jhazmat.2025.138127,"sulfide, disulfide",Sulfur-containing organics,"InChI=1S/C4H9NO2S/c1-8-2-3(5)4(6)7/h3H,2,5H2,1H3,(H,6,7)/t3-/m0/s1",IDIDJDIHTAOVLG-VKHMYHEASA-N
1026,S-Methylcysteine,7.7,7728-98-5,CSC[C@@H](C(=O)O)N,11,,https://doi.org/10.2307/3574180,"sulfide, disulfide",Sulfur-containing organics,"InChI=1S/C4H9NO2S/c1-8-2-3(5)4(6)7/h3H,2,5H2,1H3,(H,6,7)/t3-/m0/s1",IDIDJDIHTAOVLG-VKHMYHEASA-N
1027,Salbutamol,8.18,18559-94-9,CC(C)(C)NCC(C1=CC(=C(C=C1)O)CO)O,,,https://doi.org/10.1016/j.jhazmat.2025.137938,diol,Polyfunctional / highly functionalized,"InChI=1S/C13H21NO3/c1-13(2,3)14-7-12(17)9-4-5-11(16)10(6-9)8-15/h4-6,12,14-17H,7-8H2,1-3H3",NDAUXUAQIAJITI-UHFFFAOYSA-N
1028,Salbutamol,8.36,18559-94-9,CC(C)(C)NCC(C1=CC(=C(C=C1)O)CO)O,,,https://doi.org/10.1016/j.watres.2018.08.048,diol,Polyfunctional / highly functionalized,"InChI=1S/C13H21NO3/c1-13(2,3)14-7-12(17)9-4-5-11(16)10(6-9)8-15/h4-6,12,14-17H,7-8H2,1-3H3",NDAUXUAQIAJITI-UHFFFAOYSA-N
1029,Salbutamol,8.18,18559-94-9,CC(C)(C)NCC(C1=CC(=C(C=C1)O)CO)O,,,https://doi.org/10.1016/j.chemosphere.2023.138793,diol,Polyfunctional / highly functionalized,"InChI=1S/C13H21NO3/c1-13(2,3)14-7-12(17)9-4-5-11(16)10(6-9)8-15/h4-6,12,14-17H,7-8H2,1-3H3",NDAUXUAQIAJITI-UHFFFAOYSA-N
1030,Salbutamol,7.68,18559-94-9,CC(C)(C)NCC(C1=CC(=C(C=C1)O)CO)O,8,,https://doi.org/10.1016/j.cej.2019.02.183,diol,Polyfunctional / highly functionalized,"InChI=1S/C13H21NO3/c1-13(2,3)14-7-12(17)9-4-5-11(16)10(6-9)8-15/h4-6,12,14-17H,7-8H2,1-3H3",NDAUXUAQIAJITI-UHFFFAOYSA-N
1031,Salbutamol,7.68,18559-94-9,CC(C)(C)NCC(C1=CC(=C(C=C1)O)CO)O,8,,https://doi.org/10.1021/acs.est.6b05536,diol,Polyfunctional / highly functionalized,"InChI=1S/C13H21NO3/c1-13(2,3)14-7-12(17)9-4-5-11(16)10(6-9)8-15/h4-6,12,14-17H,7-8H2,1-3H3",NDAUXUAQIAJITI-UHFFFAOYSA-N
1032,Selenate ion,7.63,14124-68-6,[O-][Se](=O)(=O)[O-],13.1,,NIST,"sulfide, disulfide",Sulfur-containing organics,"InChI=1S/H2O4Se/c1-5(2,3)4/h(H2,1,2,3,4)/p-2",QYHFIVBSNOWOCQ-UHFFFAOYSA-L
1033,Sotalol,8.34,3930-20-9,CC(C)NCC(C1=CC=C(C=C1)NS(=O)(=O)C)O,,,https://doi.org/10.1016/j.jhazmat.2025.137939,"sulfide, disulfide",Sulfur-containing organics,"InChI=1S/C12H20N2O3S/c1-9(2)13-8-12(15)10-4-6-11(7-5-10)14-18(3,16)17/h4-7,9,12-15H,8H2,1-3H3",ZBMZVLHSJCTVON-UHFFFAOYSA-N
1034,Sotalol,8.34,3930-20-9,CC(C)NCC(C1=CC=C(C=C1)NS(=O)(=O)C)O,6.5,,https://doi.org/10.1016/j.cej.2014.05.088,"sulfide, disulfide",Sulfur-containing organics,"InChI=1S/C12H20N2O3S/c1-9(2)13-8-12(15)10-4-6-11(7-5-10)14-18(3,16)17/h4-7,9,12-15H,8H2,1-3H3",ZBMZVLHSJCTVON-UHFFFAOYSA-N
1035,Sotalol,7.2,3930-20-9,CC(C)NCC(C1=CC=C(C=C1)NS(=O)(=O)C)O,,,https://doi.org/10.1016/j.watres.2021.117078,"sulfide, disulfide",Sulfur-containing organics,"InChI=1S/C12H20N2O3S/c1-9(2)13-8-12(15)10-4-6-11(7-5-10)14-18(3,16)17/h4-7,9,12-15H,8H2,1-3H3",ZBMZVLHSJCTVON-UHFFFAOYSA-N
1036,Sucrose,6.28,57-50-1,C([C@@H]1[C@H]([C@@H]([C@H]([C@H](O1)O[C@]2([C@H]([C@@H]([C@H](O2)CO)O)O)CO)O)O)O)O,13,,https://doi.org/10.1081/WCT-120018615,diol,Polyfunctional / highly functionalized,"InChI=1S/C12H22O11/c13-1-4-6(16)8(18)9(19)11(21-4)23-12(3-15)10(20)7(17)5(2-14)22-12/h4-11,13-20H,1-3H2/t4-,5-,6-,7-,8+,9-,10+,11-,12+/m1/s1",CZMRCDWAGMRECN-UGDNZRGBSA-N
1037,Sucrose,5,57-50-1,C([C@@H]1[C@H]([C@@H]([C@H]([C@H](O1)O[C@]2([C@H]([C@@H]([C@H](O2)CO)O)O)CO)O)O)O)O,9.3,,https://doi.org/10.1081/WCT-120018615,diol,Polyfunctional / highly functionalized,"InChI=1S/C12H22O11/c13-1-4-6(16)8(18)9(19)11(21-4)23-12(3-15)10(20)7(17)5(2-14)22-12/h4-11,13-20H,1-3H2/t4-,5-,6-,7-,8+,9-,10+,11-,12+/m1/s1",CZMRCDWAGMRECN-UGDNZRGBSA-N
1038,Sucrose,4.38,57-50-1,C([C@@H]1[C@H]([C@@H]([C@H]([C@H](O1)O[C@]2([C@H]([C@@H]([C@H](O2)CO)O)O)CO)O)O)O)O,8.3,,https://doi.org/10.1081/WCT-120018615,diol,Polyfunctional / highly functionalized,"InChI=1S/C12H22O11/c13-1-4-6(16)8(18)9(19)11(21-4)23-12(3-15)10(20)7(17)5(2-14)22-12/h4-11,13-20H,1-3H2/t4-,5-,6-,7-,8+,9-,10+,11-,12+/m1/s1",CZMRCDWAGMRECN-UGDNZRGBSA-N
1039,Sulfacetamide,8.35,144-80-9,CC(=O)NS(=O)(=O)C1=CC=C(C=C1)N,,,https://doi.org/10.1016/j.jhazmat.2025.137989,"sulfide, disulfide",Sulfur-containing organics,"InChI=1S/C8H10N2O3S/c1-6(11)10-14(12,13)8-4-2-7(9)3-5-8/h2-5H,9H2,1H3,(H,10,11)",SKIVFJLNDNKQPD-UHFFFAOYSA-N
1040,Sulfacetamide,8.35,144-80-9,CC(=O)NS(=O)(=O)C1=CC=C(C=C1)N,,,https://doi.org/10.1016/j.jhazmat.2025.138167,"sulfide, disulfide",Sulfur-containing organics,"InChI=1S/C8H10N2O3S/c1-6(11)10-14(12,13)8-4-2-7(9)3-5-8/h2-5H,9H2,1H3,(H,10,11)",SKIVFJLNDNKQPD-UHFFFAOYSA-N
1041,Sulfachloropyridazine,8.48,80-32-0,C1=CC(=CC=C1N)S(=O)(=O)NC2=NN=C(C=C2)Cl,,,https://doi.org/10.1016/j.cej.2014.05.088,"sulfide, disulfide",Sulfur-containing organics,"InChI=1S/C10H9ClN4O2S/c11-9-5-6-10(14-13-9)15-18(16,17)8-3-1-7(12)2-4-8/h1-6H,12H2,(H,14,15)",XOXHILFPRYWFOD-UHFFFAOYSA-N
1042,Sulfachloropyridazine,7.71,80-32-0,C1=CC(=CC=C1N)S(=O)(=O)NC2=NN=C(C=C2)Cl,8,,https://doi.org/10.1016/j.envpol.2024.124710,"sulfide, disulfide",Sulfur-containing organics,"InChI=1S/C10H9ClN4O2S/c11-9-5-6-10(14-13-9)15-18(16,17)8-3-1-7(12)2-4-8/h1-6H,12H2,(H,14,15)",XOXHILFPRYWFOD-UHFFFAOYSA-N
1043,Sulfachloropyridazine,6.54,80-32-0,C1=CC(=CC=C1N)S(=O)(=O)NC2=NN=C(C=C2)Cl,5,,https://doi.org/10.1016/j.envpol.2024.124710,"sulfide, disulfide",Sulfur-containing organics,"InChI=1S/C10H9ClN4O2S/c11-9-5-6-10(14-13-9)15-18(16,17)8-3-1-7(12)2-4-8/h1-6H,12H2,(H,14,15)",XOXHILFPRYWFOD-UHFFFAOYSA-N
1044,Sulfachloropyridazine,8.48,80-32-0,C1=CC(=CC=C1N)S(=O)(=O)NC2=NN=C(C=C2)Cl,,,https://doi.org/10.1016/j.watres.2015.02.014,"sulfide, disulfide",Sulfur-containing organics,"InChI=1S/C10H9ClN4O2S/c11-9-5-6-10(14-13-9)15-18(16,17)8-3-1-7(12)2-4-8/h1-6H,12H2,(H,14,15)",XOXHILFPRYWFOD-UHFFFAOYSA-N
1045,Sulfadiazine,8.45,68-35-9,C1=CN=C(N=C1)NS(=O)(=O)C2=CC=C(C=C2)N,,,https://doi.org/10.1016/j.jhazmat.2025.138134,"sulfide, disulfide",Sulfur-containing organics,"InChI=1S/C10H10N4O2S/c11-8-2-4-9(5-3-8)17(15,16)14-10-12-6-1-7-13-10/h1-7H,11H2,(H,12,13,14)",SEEPANYCNGTZFQ-UHFFFAOYSA-N
1046,Sulfadiazine,8.44,68-35-9,C1=CN=C(N=C1)NS(=O)(=O)C2=CC=C(C=C2)N,9,,https://doi.org/10.1021/es504799n,"sulfide, disulfide",Sulfur-containing organics,"InChI=1S/C10H10N4O2S/c11-8-2-4-9(5-3-8)17(15,16)14-10-12-6-1-7-13-10/h1-7H,11H2,(H,12,13,14)",SEEPANYCNGTZFQ-UHFFFAOYSA-N
1047,Sulfadiazine,8.49,68-35-9,C1=CN=C(N=C1)NS(=O)(=O)C2=CC=C(C=C2)N,,,https://doi.org/10.1016/j.jhazmat.2025.138174,"sulfide, disulfide",Sulfur-containing organics,"InChI=1S/C10H10N4O2S/c11-8-2-4-9(5-3-8)17(15,16)14-10-12-6-1-7-13-10/h1-7H,11H2,(H,12,13,14)",SEEPANYCNGTZFQ-UHFFFAOYSA-N
1048,Sulfadiazine,8.74,68-35-9,C1=CN=C(N=C1)NS(=O)(=O)C2=CC=C(C=C2)N,8,,https://doi.org/10.1016/j.watres.2021.117867,"sulfide, disulfide",Sulfur-containing organics,"InChI=1S/C10H10N4O2S/c11-8-2-4-9(5-3-8)17(15,16)14-10-12-6-1-7-13-10/h1-7H,11H2,(H,12,13,14)",SEEPANYCNGTZFQ-UHFFFAOYSA-N
1049,Sulfadiazine,8.02,68-35-9,C1=CN=C(N=C1)NS(=O)(=O)C2=CC=C(C=C2)N,5,,https://doi.org/10.1016/j.envpol.2024.124710,"sulfide, disulfide",Sulfur-containing organics,"InChI=1S/C10H10N4O2S/c11-8-2-4-9(5-3-8)17(15,16)14-10-12-6-1-7-13-10/h1-7H,11H2,(H,12,13,14)",SEEPANYCNGTZFQ-UHFFFAOYSA-N
1050,Sulfadiazine,9.05,68-35-9,C1=CN=C(N=C1)NS(=O)(=O)C2=CC=C(C=C2)N,8,,https://doi.org/10.1016/j.envpol.2024.124710,"sulfide, disulfide",Sulfur-containing organics,"InChI=1S/C10H10N4O2S/c11-8-2-4-9(5-3-8)17(15,16)14-10-12-6-1-7-13-10/h1-7H,11H2,(H,12,13,14)",SEEPANYCNGTZFQ-UHFFFAOYSA-N
1051,Sulfadiazine,8.49,68-35-9,C1=CN=C(N=C1)NS(=O)(=O)C2=CC=C(C=C2)N,,25,https://doi.org/10.1016/j.jhazmat.2025.137899,"sulfide, disulfide",Sulfur-containing organics,"InChI=1S/C10H10N4O2S/c11-8-2-4-9(5-3-8)17(15,16)14-10-12-6-1-7-13-10/h1-7H,11H2,(H,12,13,14)",SEEPANYCNGTZFQ-UHFFFAOYSA-N
1052,Sulfadimethoxine,7.23,122-11-2,COC1=NC(=NC(=C1)NS(=O)(=O)C2=CC=C(C=C2)N)OC,5,,https://doi.org/10.1016/j.envpol.2024.124710,diol,Polyfunctional / highly functionalized,"InChI=1S/C12H14N4O4S/c1-19-11-7-10(14-12(15-11)20-2)16-21(17,18)9-5-3-8(13)4-6-9/h3-7H,13H2,1-2H3,(H,14,15,16)",ZZORFUFYDOWNEF-UHFFFAOYSA-N
1053,Sulfadimethoxine,8.7,122-11-2,COC1=NC(=NC(=C1)NS(=O)(=O)C2=CC=C(C=C2)N)OC,8,,https://doi.org/10.1016/j.envpol.2024.124710,diol,Polyfunctional / highly functionalized,"InChI=1S/C12H14N4O4S/c1-19-11-7-10(14-12(15-11)20-2)16-21(17,18)9-5-3-8(13)4-6-9/h3-7H,13H2,1-2H3,(H,14,15,16)",ZZORFUFYDOWNEF-UHFFFAOYSA-N
1054,Sulfaguanidine,8.48,57-67-0,C1=CC(=CC=C1N)S(=O)(=O)N=C(N)N,8,,https://doi.org/10.1016/j.envpol.2024.124710,"sulfide, disulfide",Sulfur-containing organics,"InChI=1S/C7H10N4O2S/c8-5-1-3-6(4-2-5)14(12,13)11-7(9)10/h1-4H,8H2,(H4,9,10,11)",BRBKOPJOKNSWSG-UHFFFAOYSA-N
1055,Sulfaguanidine,7.67,57-67-0,C1=CC(=CC=C1N)S(=O)(=O)N=C(N)N,5,,https://doi.org/10.1016/j.envpol.2024.124710,"sulfide, disulfide",Sulfur-containing organics,"InChI=1S/C7H10N4O2S/c8-5-1-3-6(4-2-5)14(12,13)11-7(9)10/h1-4H,8H2,(H4,9,10,11)",BRBKOPJOKNSWSG-UHFFFAOYSA-N
1056,Sulfamerazine,8.05,127-79-7,CC1=NC(=NC=C1)NS(=O)(=O)C2=CC=C(C=C2)N,5,,https://doi.org/10.1016/j.envpol.2024.124710,"sulfide, disulfide",Sulfur-containing organics,"InChI=1S/C11H12N4O2S/c1-8-6-7-13-11(14-8)15-18(16,17)10-4-2-9(12)3-5-10/h2-7H,12H2,1H3,(H,13,14,15)",QPPBRPIAZZHUNT-UHFFFAOYSA-N
1057,Sulfamerazine,8.57,127-79-7,CC1=NC(=NC=C1)NS(=O)(=O)C2=CC=C(C=C2)N,,,https://doi.org/10.1016/j.jhazmat.2024.135538,"sulfide, disulfide",Sulfur-containing organics,"InChI=1S/C11H12N4O2S/c1-8-6-7-13-11(14-8)15-18(16,17)10-4-2-9(12)3-5-10/h2-7H,12H2,1H3,(H,13,14,15)",QPPBRPIAZZHUNT-UHFFFAOYSA-N
1058,Sulfamerazine,8.56,127-79-7,CC1=NC(=NC=C1)NS(=O)(=O)C2=CC=C(C=C2)N,9,,https://doi.org/10.1021/es504799n,"sulfide, disulfide",Sulfur-containing organics,"InChI=1S/C11H12N4O2S/c1-8-6-7-13-11(14-8)15-18(16,17)10-4-2-9(12)3-5-10/h2-7H,12H2,1H3,(H,13,14,15)",QPPBRPIAZZHUNT-UHFFFAOYSA-N
1059,Sulfamerazine,9.1,127-79-7,CC1=NC(=NC=C1)NS(=O)(=O)C2=CC=C(C=C2)N,8,,https://doi.org/10.1016/j.envpol.2024.124710,"sulfide, disulfide",Sulfur-containing organics,"InChI=1S/C11H12N4O2S/c1-8-6-7-13-11(14-8)15-18(16,17)10-4-2-9(12)3-5-10/h2-7H,12H2,1H3,(H,13,14,15)",QPPBRPIAZZHUNT-UHFFFAOYSA-N
1060,Sulfameter,8.91,651-06-9,COC1=CN=C(N=C1)NS(=O)(=O)C2=CC=C(C=C2)N,8,,https://doi.org/10.1016/j.envpol.2024.124710,"sulfide, disulfide",Sulfur-containing organics,"InChI=1S/C11H12N4O3S/c1-18-9-6-13-11(14-7-9)15-19(16,17)10-4-2-8(12)3-5-10/h2-7H,12H2,1H3,(H,13,14,15)",GPTONYMQFTZPKC-UHFFFAOYSA-N
1061,Sulfameter,7.29,651-06-9,COC1=CN=C(N=C1)NS(=O)(=O)C2=CC=C(C=C2)N,5,,https://doi.org/10.1016/j.envpol.2024.124710,"sulfide, disulfide",Sulfur-containing organics,"InChI=1S/C11H12N4O3S/c1-18-9-6-13-11(14-7-9)15-19(16,17)10-4-2-8(12)3-5-10/h2-7H,12H2,1H3,(H,13,14,15)",GPTONYMQFTZPKC-UHFFFAOYSA-N
1062,Sulfamethazine,8.64,57-68-1,CC1=CC(=NC(=N1)NS(=O)(=O)C2=CC=C(C=C2)N)C,,,https://doi.org/10.1016/j.jhazmat.2024.135538,"sulfide, disulfide",Sulfur-containing organics,"InChI=1S/C12H14N4O2S/c1-8-7-9(2)15-12(14-8)16-19(17,18)11-5-3-10(13)4-6-11/h3-7H,13H2,1-2H3,(H,14,15,16)",ASWVTGNCAZCNNR-UHFFFAOYSA-N
1063,Sulfamethazine,8.47,57-68-1,CC1=CC(=NC(=N1)NS(=O)(=O)C2=CC=C(C=C2)N)C,,,https://doi.org/10.1016/j.watres.2020.116231,"sulfide, disulfide",Sulfur-containing organics,"InChI=1S/C12H14N4O2S/c1-8-7-9(2)15-12(14-8)16-19(17,18)11-5-3-10(13)4-6-11/h3-7H,13H2,1-2H3,(H,14,15,16)",ASWVTGNCAZCNNR-UHFFFAOYSA-N
1064,Sulfamethazine,9.3,57-68-1,CC1=CC(=NC(=N1)NS(=O)(=O)C2=CC=C(C=C2)N)C,8,,https://doi.org/10.1016/j.envpol.2024.124710,"sulfide, disulfide",Sulfur-containing organics,"InChI=1S/C12H14N4O2S/c1-8-7-9(2)15-12(14-8)16-19(17,18)11-5-3-10(13)4-6-11/h3-7H,13H2,1-2H3,(H,14,15,16)",ASWVTGNCAZCNNR-UHFFFAOYSA-N
1065,Sulfamethazine,8.64,57-68-1,CC1=CC(=NC(=N1)NS(=O)(=O)C2=CC=C(C=C2)N)C,9,,https://doi.org/10.1021/es504799n,"sulfide, disulfide",Sulfur-containing organics,"InChI=1S/C12H14N4O2S/c1-8-7-9(2)15-12(14-8)16-19(17,18)11-5-3-10(13)4-6-11/h3-7H,13H2,1-2H3,(H,14,15,16)",ASWVTGNCAZCNNR-UHFFFAOYSA-N
1066,Sulfamethazine,8.46,57-68-1,CC1=CC(=NC(=N1)NS(=O)(=O)C2=CC=C(C=C2)N)C,,,https://doi.org/10.3390/w15081615,"sulfide, disulfide",Sulfur-containing organics,"InChI=1S/C12H14N4O2S/c1-8-7-9(2)15-12(14-8)16-19(17,18)11-5-3-10(13)4-6-11/h3-7H,13H2,1-2H3,(H,14,15,16)",ASWVTGNCAZCNNR-UHFFFAOYSA-N
1067,Sulfamethazine,8.27,57-68-1,CC1=CC(=NC(=N1)NS(=O)(=O)C2=CC=C(C=C2)N)C,5,,https://doi.org/10.1016/j.envpol.2024.124710,"sulfide, disulfide",Sulfur-containing organics,"InChI=1S/C12H14N4O2S/c1-8-7-9(2)15-12(14-8)16-19(17,18)11-5-3-10(13)4-6-11/h3-7H,13H2,1-2H3,(H,14,15,16)",ASWVTGNCAZCNNR-UHFFFAOYSA-N
1068,Sulfamethizole,8.01,144-82-1,CC1=NN=C(S1)NS(=O)(=O)C2=CC=C(C=C2)N,5,,https://doi.org/10.1016/j.envpol.2024.124710,"sulfide, disulfide",Sulfur-containing organics,"InChI=1S/C9H10N4O2S2/c1-6-11-12-9(16-6)13-17(14,15)8-4-2-7(10)3-5-8/h2-5H,10H2,1H3,(H,12,13)",VACCAVUAMIDAGB-UHFFFAOYSA-N
1069,Sulfamethizole,8.36,144-82-1,CC1=NN=C(S1)NS(=O)(=O)C2=CC=C(C=C2)N,8,,https://doi.org/10.1016/j.envpol.2024.124710,"sulfide, disulfide",Sulfur-containing organics,"InChI=1S/C9H10N4O2S2/c1-6-11-12-9(16-6)13-17(14,15)8-4-2-7(10)3-5-8/h2-5H,10H2,1H3,(H,12,13)",VACCAVUAMIDAGB-UHFFFAOYSA-N
1070,Sulfamethoxazole,8.39,723-46-6,CC1=CC(=NO1)NS(=O)(=O)C2=CC=C(C=C2)N,,,https://doi.org/10.1016/j.jhazmat.2025.138131,"sulfide, disulfide",Sulfur-containing organics,"InChI=1S/C10H11N3O3S/c1-7-6-10(12-16-7)13-17(14,15)9-4-2-8(11)3-5-9/h2-6H,11H2,1H3,(H,12,13)",JLKIGFTWXXRPMT-UHFFFAOYSA-N
1071,Sulfamethoxazole,8.44,723-46-6,CC1=CC(=NO1)NS(=O)(=O)C2=CC=C(C=C2)N,6.5–9.0,,https://doi.org/10.1016/j.chemosphere.2023.140660,"sulfide, disulfide",Sulfur-containing organics,"InChI=1S/C10H11N3O3S/c1-7-6-10(12-16-7)13-17(14,15)9-4-2-8(11)3-5-9/h2-6H,11H2,1H3,(H,12,13)",JLKIGFTWXXRPMT-UHFFFAOYSA-N
1072,Sulfamethoxazole,8.39,723-46-6,CC1=CC(=NO1)NS(=O)(=O)C2=CC=C(C=C2)N,,,https://doi.org/10.1016/j.watres.2020.116231,"sulfide, disulfide",Sulfur-containing organics,"InChI=1S/C10H11N3O3S/c1-7-6-10(12-16-7)13-17(14,15)9-4-2-8(11)3-5-9/h2-6H,11H2,1H3,(H,12,13)",JLKIGFTWXXRPMT-UHFFFAOYSA-N
1073,Sulfamethoxazole,8.51,723-46-6,CC1=CC(=NO1)NS(=O)(=O)C2=CC=C(C=C2)N,,,https://doi.org/10.1016/j.watres.2018.08.048,"sulfide, disulfide",Sulfur-containing organics,"InChI=1S/C10H11N3O3S/c1-7-6-10(12-16-7)13-17(14,15)9-4-2-8(11)3-5-9/h2-6H,11H2,1H3,(H,12,13)",JLKIGFTWXXRPMT-UHFFFAOYSA-N
1074,Sulfamethoxazole,9.11,723-46-6,CC1=CC(=NO1)NS(=O)(=O)C2=CC=C(C=C2)N,8,,https://doi.org/10.1016/j.envpol.2024.124710,"sulfide, disulfide",Sulfur-containing organics,"InChI=1S/C10H11N3O3S/c1-7-6-10(12-16-7)13-17(14,15)9-4-2-8(11)3-5-9/h2-6H,11H2,1H3,(H,12,13)",JLKIGFTWXXRPMT-UHFFFAOYSA-N
1075,Sulfamethoxazole,7.06,723-46-6,CC1=CC(=NO1)NS(=O)(=O)C2=CC=C(C=C2)N,5,,https://doi.org/10.1016/j.envpol.2024.124710,"sulfide, disulfide",Sulfur-containing organics,"InChI=1S/C10H11N3O3S/c1-7-6-10(12-16-7)13-17(14,15)9-4-2-8(11)3-5-9/h2-6H,11H2,1H3,(H,12,13)",JLKIGFTWXXRPMT-UHFFFAOYSA-N
1076,Sulfamethoxazole,8.39,723-46-6,CC1=CC(=NO1)NS(=O)(=O)C2=CC=C(C=C2)N,,25,https://doi.org/10.1016/j.jhazmat.2025.137899,"sulfide, disulfide",Sulfur-containing organics,"InChI=1S/C10H11N3O3S/c1-7-6-10(12-16-7)13-17(14,15)9-4-2-8(11)3-5-9/h2-6H,11H2,1H3,(H,12,13)",JLKIGFTWXXRPMT-UHFFFAOYSA-N
1077,Sulfamethoxazole,8.43,723-46-6,CC1=CC(=NO1)NS(=O)(=O)C2=CC=C(C=C2)N,9,,https://doi.org/10.1021/es504799n,"sulfide, disulfide",Sulfur-containing organics,"InChI=1S/C10H11N3O3S/c1-7-6-10(12-16-7)13-17(14,15)9-4-2-8(11)3-5-9/h2-6H,11H2,1H3,(H,12,13)",JLKIGFTWXXRPMT-UHFFFAOYSA-N
1078,Sulfamethoxazole,8.08,723-46-6,CC1=CC(=NO1)NS(=O)(=O)C2=CC=C(C=C2)N,6.5,,https://doi.org/10.1016/j.cej.2014.05.088,"sulfide, disulfide",Sulfur-containing organics,"InChI=1S/C10H11N3O3S/c1-7-6-10(12-16-7)13-17(14,15)9-4-2-8(11)3-5-9/h2-6H,11H2,1H3,(H,12,13)",JLKIGFTWXXRPMT-UHFFFAOYSA-N
1079,Sulfamethoxazole,8.64,723-46-6,CC1=CC(=NO1)NS(=O)(=O)C2=CC=C(C=C2)N,,,https://doi.org/10.1021/es304334w,"sulfide, disulfide",Sulfur-containing organics,"InChI=1S/C10H11N3O3S/c1-7-6-10(12-16-7)13-17(14,15)9-4-2-8(11)3-5-9/h2-6H,11H2,1H3,(H,12,13)",JLKIGFTWXXRPMT-UHFFFAOYSA-N
1080,Sulfamethoxazole,8.41,723-46-6,CC1=CC(=NO1)NS(=O)(=O)C2=CC=C(C=C2)N,8.9,,https://doi.org/10.1080/09593330.2022.2102937,"sulfide, disulfide",Sulfur-containing organics,"InChI=1S/C10H11N3O3S/c1-7-6-10(12-16-7)13-17(14,15)9-4-2-8(11)3-5-9/h2-6H,11H2,1H3,(H,12,13)",JLKIGFTWXXRPMT-UHFFFAOYSA-N
1081,Sulfamethoxazole,8.08,723-46-6,CC1=CC(=NO1)NS(=O)(=O)C2=CC=C(C=C2)N,,,https://doi.org/10.1016/j.chemosphere.2023.138793,"sulfide, disulfide",Sulfur-containing organics,"InChI=1S/C10H11N3O3S/c1-7-6-10(12-16-7)13-17(14,15)9-4-2-8(11)3-5-9/h2-6H,11H2,1H3,(H,12,13)",JLKIGFTWXXRPMT-UHFFFAOYSA-N
1082,Sulfamethoxazole,8.35,723-46-6,CC1=CC(=NO1)NS(=O)(=O)C2=CC=C(C=C2)N,,,https://doi.org/10.1016/j.jhazmat.2025.138172,"sulfide, disulfide",Sulfur-containing organics,"InChI=1S/C10H11N3O3S/c1-7-6-10(12-16-7)13-17(14,15)9-4-2-8(11)3-5-9/h2-6H,11H2,1H3,(H,12,13)",JLKIGFTWXXRPMT-UHFFFAOYSA-N
1083,Sulfamethoxypyridazine,9.47,80-35-3,COC1=NN=C(C=C1)NS(=O)(=O)C2=CC=C(C=C2)N,8,,https://doi.org/10.1016/j.envpol.2024.124710,"sulfide, disulfide",Sulfur-containing organics,"InChI=1S/C11H12N4O3S/c1-18-11-7-6-10(13-14-11)15-19(16,17)9-4-2-8(12)3-5-9/h2-7H,12H2,1H3,(H,13,15)",VLYWMPOKSSWJAL-UHFFFAOYSA-N
1084,Sulfamethoxypyridazine,2.05,80-35-3,COC1=NN=C(C=C1)NS(=O)(=O)C2=CC=C(C=C2)N,5,,https://doi.org/10.1016/j.envpol.2024.124710,"sulfide, disulfide",Sulfur-containing organics,"InChI=1S/C11H12N4O3S/c1-18-11-7-6-10(13-14-11)15-19(16,17)9-4-2-8(12)3-5-9/h2-7H,12H2,1H3,(H,13,15)",VLYWMPOKSSWJAL-UHFFFAOYSA-N
1085,Sulfamonomethoxine,7.26,1220-83-3,COC1=NC=NC(=C1)NS(=O)(=O)C2=CC=C(C=C2)N,8,,https://doi.org/10.1016/j.envpol.2024.124710,"sulfide, disulfide",Sulfur-containing organics,"InChI=1S/C11H12N4O3S/c1-18-11-6-10(13-7-14-11)15-19(16,17)9-4-2-8(12)3-5-9/h2-7H,12H2,1H3,(H,13,14,15)",WMPXPUYPYQKQCX-UHFFFAOYSA-N
1086,Sulfamonomethoxine,7.81,1220-83-3,COC1=NC=NC(=C1)NS(=O)(=O)C2=CC=C(C=C2)N,5,,https://doi.org/10.1016/j.envpol.2024.124710,"sulfide, disulfide",Sulfur-containing organics,"InChI=1S/C11H12N4O3S/c1-18-11-6-10(13-7-14-11)15-19(16,17)9-4-2-8(12)3-5-9/h2-7H,12H2,1H3,(H,13,14,15)",WMPXPUYPYQKQCX-UHFFFAOYSA-N
1087,Sulfamonomethoxine,8.43,1220-83-3,COC1=NC=NC(=C1)NS(=O)(=O)C2=CC=C(C=C2)N,,25,https://doi.org/10.1016/j.jhazmat.2025.137899,"sulfide, disulfide",Sulfur-containing organics,"InChI=1S/C11H12N4O3S/c1-18-11-6-10(13-7-14-11)15-19(16,17)9-4-2-8(12)3-5-9/h2-7H,12H2,1H3,(H,13,14,15)",WMPXPUYPYQKQCX-UHFFFAOYSA-N
1088,Sulfamonomethoxine,8.43,1220-83-3,COC1=NC=NC(=C1)NS(=O)(=O)C2=CC=C(C=C2)N,,,https://doi.org/10.1016/j.jhazmat.2025.138170,"sulfide, disulfide",Sulfur-containing organics,"InChI=1S/C11H12N4O3S/c1-18-11-6-10(13-7-14-11)15-19(16,17)9-4-2-8(12)3-5-9/h2-7H,12H2,1H3,(H,13,14,15)",WMPXPUYPYQKQCX-UHFFFAOYSA-N
1089,Sulfamoxole,9.9,729-99-7,CC1=C(OC(=N1)NS(=O)(=O)C2=CC=C(C=C2)N)C,8,,https://doi.org/10.1016/j.envpol.2024.124710,"sulfide, disulfide",Sulfur-containing organics,"InChI=1S/C11H13N3O3S/c1-7-8(2)17-11(13-7)14-18(15,16)10-5-3-9(12)4-6-10/h3-6H,12H2,1-2H3,(H,13,14)",CYFLXLSBHQBMFT-UHFFFAOYSA-N
1090,Sulfamoxole,7.94,729-99-7,CC1=C(OC(=N1)NS(=O)(=O)C2=CC=C(C=C2)N)C,5,,https://doi.org/10.1016/j.envpol.2024.124710,"sulfide, disulfide",Sulfur-containing organics,"InChI=1S/C11H13N3O3S/c1-7-8(2)17-11(13-7)14-18(15,16)10-5-3-9(12)4-6-10/h3-6H,12H2,1-2H3,(H,13,14)",CYFLXLSBHQBMFT-UHFFFAOYSA-N
1091,Sulfanilamide,7.69,63-74-1,C1=CC(=CC=C1N)S(=O)(=O)N,8,,https://doi.org/10.1016/j.envpol.2024.124710,"sulfide, disulfide",Sulfur-containing organics,"InChI=1S/C6H8N2O2S/c7-5-1-3-6(4-2-5)11(8,9)10/h1-4H,7H2,(H2,8,9,10)",FDDDEECHVMSUSB-UHFFFAOYSA-N
1092,Sulfanilamide,8.14,63-74-1,C1=CC(=CC=C1N)S(=O)(=O)N,5,,https://doi.org/10.1016/j.envpol.2024.124710,"sulfide, disulfide",Sulfur-containing organics,"InChI=1S/C6H8N2O2S/c7-5-1-3-6(4-2-5)11(8,9)10/h1-4H,7H2,(H2,8,9,10)",FDDDEECHVMSUSB-UHFFFAOYSA-N
1093,Sulfapyridine,9.64,144-83-2,C1=CC=NC(=C1)NS(=O)(=O)C2=CC=C(C=C2)N,8,,https://doi.org/10.1016/j.envpol.2024.124710,"sulfide, disulfide",Sulfur-containing organics,"InChI=1S/C11H11N3O2S/c12-9-4-6-10(7-5-9)17(15,16)14-11-3-1-2-8-13-11/h1-8H,12H2,(H,13,14)",GECHUMIMRBOMGK-UHFFFAOYSA-N
1094,Sulfapyridine,8.18,144-83-2,C1=CC=NC(=C1)NS(=O)(=O)C2=CC=C(C=C2)N,5,,https://doi.org/10.1016/j.envpol.2024.124710,"sulfide, disulfide",Sulfur-containing organics,"InChI=1S/C11H11N3O2S/c12-9-4-6-10(7-5-9)17(15,16)14-11-3-1-2-8-13-11/h1-8H,12H2,(H,13,14)",GECHUMIMRBOMGK-UHFFFAOYSA-N
1095,Sulfaquinoxaline,8.42,59-40-5,C1=CC=C2C(=C1)N=CC(=N2)NS(=O)(=O)C3=CC=C(C=C3)N,,,https://doi.org/10.1016/j.jhazmat.2025.138133,"sulfide, disulfide",Sulfur-containing organics,"InChI=1S/C14H12N4O2S/c15-10-5-7-11(8-6-10)21(19,20)18-14-9-16-12-3-1-2-4-13(12)17-14/h1-9H,15H2,(H,17,18)",NHZLNPMOSADWGC-UHFFFAOYSA-N
1096,Sulfaquinoxaline,9.26,59-40-5,C1=CC=C2C(=C1)N=CC(=N2)NS(=O)(=O)C3=CC=C(C=C3)N,8,,https://doi.org/10.1016/j.envpol.2024.124710,"sulfide, disulfide",Sulfur-containing organics,"InChI=1S/C14H12N4O2S/c15-10-5-7-11(8-6-10)21(19,20)18-14-9-16-12-3-1-2-4-13(12)17-14/h1-9H,15H2,(H,17,18)",NHZLNPMOSADWGC-UHFFFAOYSA-N
1097,Sulfaquinoxaline,8.42,59-40-5,C1=CC=C2C(=C1)N=CC(=N2)NS(=O)(=O)C3=CC=C(C=C3)N,6.5,,https://doi.org/10.1016/j.cej.2014.05.088,"sulfide, disulfide",Sulfur-containing organics,"InChI=1S/C14H12N4O2S/c15-10-5-7-11(8-6-10)21(19,20)18-14-9-16-12-3-1-2-4-13(12)17-14/h1-9H,15H2,(H,17,18)",NHZLNPMOSADWGC-UHFFFAOYSA-N
1098,Sulfaquinoxaline,1.88,59-40-5,C1=CC=C2C(=C1)N=CC(=N2)NS(=O)(=O)C3=CC=C(C=C3)N,5,,https://doi.org/10.1016/j.envpol.2024.124710,"sulfide, disulfide",Sulfur-containing organics,"InChI=1S/C14H12N4O2S/c15-10-5-7-11(8-6-10)21(19,20)18-14-9-16-12-3-1-2-4-13(12)17-14/h1-9H,15H2,(H,17,18)",NHZLNPMOSADWGC-UHFFFAOYSA-N
1099,Sulfathiazole,8.41,72-14-0,C1=CC(=CC=C1N)S(=O)(=O)NC2=NC=CS2,,,https://doi.org/10.1016/j.jhazmat.2025.138171,"sulfide, disulfide",Sulfur-containing organics,"InChI=1S/C9H9N3O2S2/c10-7-1-3-8(4-2-7)16(13,14)12-9-11-5-6-15-9/h1-6H,10H2,(H,11,12)",JNMRHUJNCSQMMB-UHFFFAOYSA-N
1100,Sulfathiazole,2.42,72-14-0,C1=CC(=CC=C1N)S(=O)(=O)NC2=NC=CS2,5,,https://doi.org/10.1016/j.envpol.2024.124710,"sulfide, disulfide",Sulfur-containing organics,"InChI=1S/C9H9N3O2S2/c10-7-1-3-8(4-2-7)16(13,14)12-9-11-5-6-15-9/h1-6H,10H2,(H,11,12)",JNMRHUJNCSQMMB-UHFFFAOYSA-N
1101,Sulfathiazole,8.23,72-14-0,C1=CC(=CC=C1N)S(=O)(=O)NC2=NC=CS2,9,,https://doi.org/10.1021/es504799n,"sulfide, disulfide",Sulfur-containing organics,"InChI=1S/C9H9N3O2S2/c10-7-1-3-8(4-2-7)16(13,14)12-9-11-5-6-15-9/h1-6H,10H2,(H,11,12)",JNMRHUJNCSQMMB-UHFFFAOYSA-N
1102,Sulfathiazole,9.87,72-14-0,C1=CC(=CC=C1N)S(=O)(=O)NC2=NC=CS2,8,,https://doi.org/10.1016/j.envpol.2024.124710,"sulfide, disulfide",Sulfur-containing organics,"InChI=1S/C9H9N3O2S2/c10-7-1-3-8(4-2-7)16(13,14)12-9-11-5-6-15-9/h1-6H,10H2,(H,11,12)",JNMRHUJNCSQMMB-UHFFFAOYSA-N
1103,Sulfathiazole,8.23,72-14-0,C1=CC(=CC=C1N)S(=O)(=O)NC2=NC=CS2,,,https://doi.org/10.1016/j.chemosphere.2023.140660,"sulfide, disulfide",Sulfur-containing organics,"InChI=1S/C9H9N3O2S2/c10-7-1-3-8(4-2-7)16(13,14)12-9-11-5-6-15-9/h1-6H,10H2,(H,11,12)",JNMRHUJNCSQMMB-UHFFFAOYSA-N
1104,Sulfathiazole,8.41,72-14-0,C1=CC(=CC=C1N)S(=O)(=O)NC2=NC=CS2,,25,https://doi.org/10.1016/j.jhazmat.2025.137899,"sulfide, disulfide",Sulfur-containing organics,"InChI=1S/C9H9N3O2S2/c10-7-1-3-8(4-2-7)16(13,14)12-9-11-5-6-15-9/h1-6H,10H2,(H,11,12)",JNMRHUJNCSQMMB-UHFFFAOYSA-N
1105,Sulfisomidine,8.87,515-64-0,CC1=CC(=NC(=N1)C)NS(=O)(=O)C2=CC=C(C=C2)N,8,,https://doi.org/10.1016/j.envpol.2024.124710,"sulfide, disulfide",Sulfur-containing organics,"InChI=1S/C12H14N4O2S/c1-8-7-12(15-9(2)14-8)16-19(17,18)11-5-3-10(13)4-6-11/h3-7H,13H2,1-2H3,(H,14,15,16)",YZMCKZRAOLZXAZ-UHFFFAOYSA-N
1106,Sulfisomidine,7.37,515-64-0,CC1=CC(=NC(=N1)C)NS(=O)(=O)C2=CC=C(C=C2)N,5,,https://doi.org/10.1016/j.envpol.2024.124710,"sulfide, disulfide",Sulfur-containing organics,"InChI=1S/C12H14N4O2S/c1-8-7-12(15-9(2)14-8)16-19(17,18)11-5-3-10(13)4-6-11/h3-7H,13H2,1-2H3,(H,14,15,16)",YZMCKZRAOLZXAZ-UHFFFAOYSA-N
1107,Sulfisoxazole,9.89,127-69-5,CC1=C(ON=C1C)NS(=O)(=O)C2=CC=C(C=C2)N,8,,https://doi.org/10.1016/j.envpol.2024.124710,"sulfide, disulfide",Sulfur-containing organics,"InChI=1S/C11H13N3O3S/c1-7-8(2)13-17-11(7)14-18(15,16)10-5-3-9(12)4-6-10/h3-6,14H,12H2,1-2H3",NHUHCSRWZMLRLA-UHFFFAOYSA-N
1108,Sulfisoxazole,3.9,127-69-5,CC1=C(ON=C1C)NS(=O)(=O)C2=CC=C(C=C2)N,5,,https://doi.org/10.1016/j.envpol.2024.124710,"sulfide, disulfide",Sulfur-containing organics,"InChI=1S/C11H13N3O3S/c1-7-8(2)13-17-11(7)14-18(15,16)10-5-3-9(12)4-6-10/h3-6,14H,12H2,1-2H3",NHUHCSRWZMLRLA-UHFFFAOYSA-N
1109,Sulfisoxazole,8.72,127-69-5,CC1=C(ON=C1C)NS(=O)(=O)C2=CC=C(C=C2)N,9,,https://doi.org/10.1021/es504799n,"sulfide, disulfide",Sulfur-containing organics,"InChI=1S/C11H13N3O3S/c1-7-8(2)13-17-11(7)14-18(15,16)10-5-3-9(12)4-6-10/h3-6,14H,12H2,1-2H3",NHUHCSRWZMLRLA-UHFFFAOYSA-N
1110,Sulfite Radical,8.74,12210-38-7,O=S(=O)=O,9.6,,https://doi.org/10.1016/0146-5724(78)90101-2,"sulfide, disulfide",Sulfur-containing organics,InChI=1S/O3S/c1-4(2)3,AKEJUJNQAAGONA-UHFFFAOYSA-N
1111,Sulfite Radical,8.74,12210-38-7,O=S(=O)=O,9.6,,NIST,"sulfide, disulfide",Sulfur-containing organics,InChI=1S/O3S/c1-4(2)3,AKEJUJNQAAGONA-UHFFFAOYSA-N
1112,Sulfite ion,7.11,14265-45-3,[O-]S(=O)[O-],11,,https://doi.org/10.1016/0146-5724(78)90101-2,"sulfide, disulfide",Sulfur-containing organics,"InChI=1S/H2O3S/c1-4(2)3/h(H2,1,2,3)/p-2",LSNNMFCWUKXFEE-UHFFFAOYSA-L
1113,Sulfamethoxazole anion,8.64,4563-84-2,CC1=CC([N-]S(C2=CC=C(N)C=C2)(=O)=O)=NO1.[Na+],,,https://doi.org/10.1039/C3EM00479A,alkane,Aliphatic hydrocarbons,"InChI=1S/C10H10N3O3S.Na/c1-7-6-10(12-16-7)13-17(14,15)9-4-2-8(11)3-5-9;/h2-6H,11H2,1H3;/q-1;+1",LARLNXOUTTUXPN-UHFFFAOYSA-N
1114,Superoxide radical,8.3,11062-77-4,[O-][O],,,https://doi.org/10.1021/jp9105162,phosphorus,Phosphorus-containing organics,InChI=1S/O2/c1-2/q-1,MXDZWXWHPVATGF-UHFFFAOYSA-N
1115,Superoxide radical,8.81,11062-77-4,[O-][O],,,https://doi.org/10.1063/1.555808,phosphorus,Phosphorus-containing organics,InChI=1S/O2/c1-2/q-1,MXDZWXWHPVATGF-UHFFFAOYSA-N
1116,Superoxide radical,8.78,11062-77-4,[O-][O],,,NIST,phosphorus,Phosphorus-containing organics,InChI=1S/O2/c1-2/q-1,MXDZWXWHPVATGF-UHFFFAOYSA-N
1117,Superoxide radical,8.6,11062-77-4,[O-][O],11.8,,https://doi.org/10.1021/j100909a029,phosphorus,Phosphorus-containing organics,InChI=1S/O2/c1-2/q-1,MXDZWXWHPVATGF-UHFFFAOYSA-N
1118,Superoxide radical,8.81,11062-77-4,[O-][O],7.4/11.4,,https://doi.org/10.1016/0146-5724(85)90185-2,phosphorus,Phosphorus-containing organics,InChI=1S/O2/c1-2/q-1,MXDZWXWHPVATGF-UHFFFAOYSA-N
1119,Syringaldehyde,8.49,134-96-3,COC1=CC(=CC(=C1O)OC)C=O,7,,https://doi.org/10.1016/j.watres.2019.06.002,diol,Polyfunctional / highly functionalized,"InChI=1S/C9H10O4/c1-12-7-3-6(5-10)4-8(13-2)9(7)11/h3-5,11H,1-2H3",KCDXJAYRVLXPFO-UHFFFAOYSA-N
1120,Syringic acid,9.2,530-57-4,COC1=CC(=CC(=C1O)OC)C(=O)O,7,,https://doi.org/10.1016/j.watres.2019.06.002,diol,Polyfunctional / highly functionalized,"InChI=1S/C9H10O5/c1-13-6-3-5(9(11)12)4-7(14-2)8(6)10/h3-4,10H,1-2H3,(H,11,12)",JMSVCTWVEWCHDZ-UHFFFAOYSA-N
1121,Syringic acid,9.11,530-57-4,COC1=CC(=CC(=C1O)OC)C(=O)O,12,,https://doi.org/10.1081/WCT-120018615,diol,Polyfunctional / highly functionalized,"InChI=1S/C9H10O5/c1-13-6-3-5(9(11)12)4-7(14-2)8(6)10/h3-4,10H,1-2H3,(H,11,12)",JMSVCTWVEWCHDZ-UHFFFAOYSA-N
1122,Syringic acid,9.2,530-57-4,COC1=CC(=CC(=C1O)OC)C(=O)O,,,https://doi.org/10.1016/j.chemosphere.2023.138793,diol,Polyfunctional / highly functionalized,"InChI=1S/C9H10O5/c1-13-6-3-5(9(11)12)4-7(14-2)8(6)10/h3-4,10H,1-2H3,(H,11,12)",JMSVCTWVEWCHDZ-UHFFFAOYSA-N
1123,TAN,8.68,1147-56-4,OC1=C(C(C=CC=C2)=C2C=C1)/N=N/C3=NC=CS3,,,https://doi.org/10.1016/j.jhazmat.2025.138059,"sulfide, disulfide",Sulfur-containing organics,"InChI=1S/C13H9N3OS/c17-11-6-5-9-3-1-2-4-10(9)12(11)15-16-13-14-7-8-18-13/h1-8,17H/b16-15+",IOMXCGDXEUDZAK-FOCLMDBBSA-N
1124,Taurine,5,107-35-7,C(CS(=O)(=O)O)N,,,https://doi.org/10.1016/j.freeradbiomed.2013.05.012,halogenated,Halogenated organics,"InChI=1S/C2H7NO3S/c3-1-2-7(4,5)6/h1-3H2,(H,4,5,6)",XOAAWQZATWQOTB-UHFFFAOYSA-N
1125,Taurine Chloramide,6.15,51036-13-6,O=S(CCNCl)(O)=O,,,https://doi.org/10.1016/j.freeradbiomed.2013.05.012,"sulfide, disulfide",Sulfur-containing organics,"InChI=1S/C2H6ClNO3S/c3-4-1-2-8(5,6)7/h4H,1-2H2,(H,5,6,7)",NMMHHSLZJLPMEG-UHFFFAOYSA-N
1126,Terbutaline,8.51,23031-25-6,CC(C)(C)NCC(C1=CC(=CC(=C1)O)O)O,8,,https://doi.org/10.1016/j.cej.2019.02.183,diol,Polyfunctional / highly functionalized,"InChI=1S/C12H19NO3/c1-12(2,3)13-7-11(16)8-4-9(14)6-10(15)5-8/h4-6,11,13-16H,7H2,1-3H3",XWTYSIMOBUGWOL-UHFFFAOYSA-N
1127,Terbutryn,6.69,886-50-0,CCNC1=NC(=NC(=N1)SC)NC(C)(C)C,11,,https://doi.org/10.1021/es051236b,"sulfide, disulfide",Sulfur-containing organics,"InChI=1S/C10H19N5S/c1-6-11-7-12-8(15-10(2,3)4)14-9(13-7)16-5/h6H2,1-5H3,(H2,11,12,13,14,15)",IROINLKCQGIITA-UHFFFAOYSA-N
1128,Terbutryn,6.69,886-50-0,CCNC1=NC(=NC(=N1)SC)NC(C)(C)C,,,https://doi.org/10.1039/C3EM00479A,"sulfide, disulfide",Sulfur-containing organics,"InChI=1S/C10H19N5S/c1-6-11-7-12-8(15-10(2,3)4)14-9(13-7)16-5/h6H2,1-5H3,(H2,11,12,13,14,15)",IROINLKCQGIITA-UHFFFAOYSA-N
1129,Terephthalate,4.88,3198-30-9,C1=CC(=CC=C1C(=O)[O-])C(=O)[O-],,,https://doi.org/10.1016/j.jhazmat.2025.138041,halogenated,Halogenated organics,"InChI=1S/C8H6O4/c9-7(10)5-1-2-6(4-3-5)8(11)12/h1-4H,(H,9,10)(H,11,12)/p-2",KKEYFWRCBNTPAC-UHFFFAOYSA-L
1130,Tertiary butanol,2.2,75-65-0,CC(C)(C)O,,,https://doi.org/10.1016/j.watres.2018.10.007,alkane,Aliphatic hydrocarbons,"InChI=1S/C4H10O/c1-4(2,3)5/h5H,1-3H3",DKGAVHZHDRPRBM-UHFFFAOYSA-N
1131,Tertiary butanol,4.98,75-65-0,CC(C)(C)O,12,,https://doi.org/10.1063/1.555808,alkane,Aliphatic hydrocarbons,"InChI=1S/C4H10O/c1-4(2,3)5/h5H,1-3H3",DKGAVHZHDRPRBM-UHFFFAOYSA-N
1132,Tertiary butanol,2.2,75-65-0,CC(C)(C)O,,,https://doi.org/10.1063/1.555805,alkane,Aliphatic hydrocarbons,"InChI=1S/C4H10O/c1-4(2,3)5/h5H,1-3H3",DKGAVHZHDRPRBM-UHFFFAOYSA-N
1133,Thiacloprid,5.45,111988-49-9,C1CSC(=NC#N)N1CC2=CN=C(C=C2)Cl,,,https://doi.org/10.1039/C3EM00479A,"sulfide, disulfide",Sulfur-containing organics,"InChI=1S/C10H9ClN4S/c11-9-2-1-8(5-13-9)6-15-3-4-16-10(15)14-7-12/h1-2,5H,3-4,6H2",HOKKPVIRMVDYPB-UHFFFAOYSA-N
1134,Thiacloprid,5.45,111988-49-9,C1CSC(=NC#N)N1CC2=CN=C(C=C2)Cl,7.7,,https://doi.org/10.1016/j.watres.2012.03.051,"sulfide, disulfide",Sulfur-containing organics,"InChI=1S/C10H9ClN4S/c11-9-2-1-8(5-13-9)6-15-3-4-16-10(15)14-7-12/h1-2,5H,3-4,6H2",HOKKPVIRMVDYPB-UHFFFAOYSA-N
1135,Thiazafluron,5.56,25366-23-8,CNC(=O)N(C)C1=NN=C(S1)C(F)(F)F,9,,https://doi.org/10.1002/etc.5620190605,halogenated,Halogenated organics,"InChI=1S/C6H7F3N4OS/c1-10-4(14)13(2)5-12-11-3(15-5)6(7,8)9/h1-2H3,(H,10,14)",BBJPZPLAZVZTGR-UHFFFAOYSA-N
1136,Thiazafluron,5.56,25366-23-8,CNC(=O)N(C)C1=NN=C(S1)C(F)(F)F,,,https://doi.org/10.1016/j.jhazmat.2025.138108,halogenated,Halogenated organics,"InChI=1S/C6H7F3N4OS/c1-10-4(14)13(2)5-12-11-3(15-5)6(7,8)9/h1-2H3,(H,10,14)",BBJPZPLAZVZTGR-UHFFFAOYSA-N
1137,Thioanisole,7.36,100-68-5,CSC1=CC=CC=C1,9,,https://doi.org/10.1016/S0045-6535(00)00042-4,"sulfide, disulfide",Sulfur-containing organics,"InChI=1S/C7H8S/c1-8-7-5-3-2-4-6-7/h2-6H,1H3",HNKJADCVZUBCPG-UHFFFAOYSA-N
1138,Thiobencarb,5.45,28249-77-6,CCN(CC)C(=O)SCC1=CC=C(C=C1)Cl,,,https://doi.org/10.1016/j.chemosphere.2023.138793,"sulfide, disulfide",Sulfur-containing organics,"InChI=1S/C12H16ClNOS/c1-3-14(4-2)12(15)16-9-10-5-7-11(13)8-6-10/h5-8H,3-4,9H2,1-2H3",QHTQREMOGMZHJV-UHFFFAOYSA-N
1139,Thiocyanate,5.9,302-04-5,C(#N)[S-],11,,https://doi.org/10.1063/1.555808,"sulfide, disulfide",Sulfur-containing organics,InChI=1S/CHNS/c2-1-3/h3H/p-1,ZMZDMBWJUHKJPS-UHFFFAOYSA-M
1140,Thymine,4,65-71-4,CC1=CNC(=O)NC1=O,7,,https://doi.org/10.2307/3573789,cyclo,Aromatic & PAHs,"InChI=1S/C5H6N2O2/c1-3-2-6-5(9)7-4(3)8/h2H,1H3,(H2,6,7,8,9)",RWQNBRDOKXIBIV-UHFFFAOYSA-N
1141,Tinidazole,6.8,19387-91-8,CCS(=O)(=O)CCN1C(=NC=C1[N+](=O)[O-])C,,25,https://doi.org/10.1016/j.jhazmat.2025.137899,"sulfide, disulfide",Sulfur-containing organics,"InChI=1S/C8H13N3O4S/c1-3-16(14,15)5-4-10-7(2)9-6-8(10)11(12)13/h6H,3-5H2,1-2H3",HJLSLZFTEKNLFI-UHFFFAOYSA-N
1142,Tinidazole,7.48,19387-91-8,CCS(=O)(=O)CCN1C(=NC=C1[N+](=O)[O-])C,,,https://doi.org/10.1021/acs.est.6b05536,"sulfide, disulfide",Sulfur-containing organics,"InChI=1S/C8H13N3O4S/c1-3-16(14,15)5-4-10-7(2)9-6-8(10)11(12)13/h6H,3-5H2,1-2H3",HJLSLZFTEKNLFI-UHFFFAOYSA-N
1143,Tinidazole,6.8,19387-91-8,CCS(=O)(=O)CCN1C(=NC=C1[N+](=O)[O-])C,,,https://doi.org/10.1016/j.jhazmat.2025.138120,"sulfide, disulfide",Sulfur-containing organics,"InChI=1S/C8H13N3O4S/c1-3-16(14,15)5-4-10-7(2)9-6-8(10)11(12)13/h6H,3-5H2,1-2H3",HJLSLZFTEKNLFI-UHFFFAOYSA-N
1144,Toluene,4.63,108-88-3,CC1=CC=CC=C1,7,,NIST,cyclo,Aromatic & PAHs,"InChI=1S/C7H8/c1-7-5-3-2-4-6-7/h2-6H,1H3",YXFVVABEGXRONW-UHFFFAOYSA-N
1145,Toluene,7.23,108-88-3,CC1=CC=CC=C1,,,https://doi.org/10.1016/j.chemosphere.2023.138793,cyclo,Aromatic & PAHs,"InChI=1S/C7H8/c1-7-5-3-2-4-6-7/h2-6H,1H3",YXFVVABEGXRONW-UHFFFAOYSA-N
1146,Toluene,4.63,108-88-3,CC1=CC=CC=C1,7,,https://doi.org/10.1021/J100585A004,cyclo,Aromatic & PAHs,"InChI=1S/C7H8/c1-7-5-3-2-4-6-7/h2-6H,1H3",YXFVVABEGXRONW-UHFFFAOYSA-N
1147,Toluene,4.83,108-88-3,CC1=CC=CC=C1,9,,https://doi.org/10.1016/j.scitotenv.2020.137219,cyclo,Aromatic & PAHs,"InChI=1S/C7H8/c1-7-5-3-2-4-6-7/h2-6H,1H3",YXFVVABEGXRONW-UHFFFAOYSA-N
1148,Trichloroacetate,2.3,14357-05-2,C(=O)(C(Cl)(Cl)Cl)O,12.1–12.7,,https://doi.org/10.1063/1.555808,alkane,Aliphatic hydrocarbons,"InChI=1S/C2HCl3O2/c3-2(4,5)1(6)7/h(H,6,7)",YNJBWRMUSHSURL-UHFFFAOYSA-N
1149,Trichloroacetate,2.18,14357-05-2,C(=O)(C(Cl)(Cl)Cl)O,,,NIST,alkane,Aliphatic hydrocarbons,"InChI=1S/C2HCl3O2/c3-2(4,5)1(6)7/h(H,6,7)",YNJBWRMUSHSURL-UHFFFAOYSA-N
1150,Triclosan,7.62,3380-34-5,C1=CC(=C(C=C1Cl)O)OC2=C(C=C(C=C2)Cl)Cl,8.8,,https://doi.org/10.1021/acs.est.8b04383,alcohol,Oxygenated organics,"InChI=1S/C12H7Cl3O2/c13-7-1-3-11(9(15)5-7)17-12-4-2-8(14)6-10(12)16/h1-6,16H",XEFQLINVKFYRCS-UHFFFAOYSA-N
1151,Triclosan,7.62,3380-34-5,C1=CC(=C(C=C1Cl)O)OC2=C(C=C(C=C2)Cl)Cl,,,https://doi.org/10.1016/j.chemosphere.2023.138793,alcohol,Oxygenated organics,"InChI=1S/C12H7Cl3O2/c13-7-1-3-11(9(15)5-7)17-12-4-2-8(14)6-10(12)16/h1-6,16H",XEFQLINVKFYRCS-UHFFFAOYSA-N
1152,Triethylamine,6.81,121-44-8,CCN(CC)CC,11.5,,https://doi.org/10.1016/j.scitotenv.2020.137219,alkane,Aliphatic hydrocarbons,"InChI=1S/C6H15N/c1-4-7(5-2)6-3/h4-6H2,1-3H3",ZMANZCXQSJIPKH-UHFFFAOYSA-N
1153,Triethylamine,6.81,121-44-8,CCN(CC)CC,7,,https://doi.org/10.1063/1.555808,alkane,Aliphatic hydrocarbons,"InChI=1S/C6H15N/c1-4-7(5-2)6-3/h4-6H2,1-3H3",ZMANZCXQSJIPKH-UHFFFAOYSA-N
1154,Triethylamine,6.81,121-44-8,CCN(CC)CC,11.5,,https://doi.org/10.1016/S0040-4020(01)91404-8,alkane,Aliphatic hydrocarbons,"InChI=1S/C6H15N/c1-4-7(5-2)6-3/h4-6H2,1-3H3",ZMANZCXQSJIPKH-UHFFFAOYSA-N
1155,Triethylamine,6.99,121-44-8,CCN(CC)CC,11.4,,https://doi.org/10.1016/j.scitotenv.2020.137219,alkane,Aliphatic hydrocarbons,"InChI=1S/C6H15N/c1-4-7(5-2)6-3/h4-6H2,1-3H3",ZMANZCXQSJIPKH-UHFFFAOYSA-N
1156,Trimethoprim,7.54,738-70-5,COC1=CC(=CC(=C1OC)OC)CC2=CN=C(N=C2N)N,9,,https://doi.org/10.1021/es504799n,diol,Polyfunctional / highly functionalized,"InChI=1S/C14H18N4O3/c1-19-10-5-8(6-11(20-2)12(10)21-3)4-9-7-17-14(16)18-13(9)15/h5-7H,4H2,1-3H3,(H4,15,16,17,18)",IEDVJHCEMCRBQM-UHFFFAOYSA-N
1157,Trimethoprim,7.69,738-70-5,COC1=CC(=CC(=C1OC)OC)CC2=CN=C(N=C2N)N,,,https://doi.org/10.1016/j.watres.2020.116231,diol,Polyfunctional / highly functionalized,"InChI=1S/C14H18N4O3/c1-19-10-5-8(6-11(20-2)12(10)21-3)4-9-7-17-14(16)18-13(9)15/h5-7H,4H2,1-3H3,(H4,15,16,17,18)",IEDVJHCEMCRBQM-UHFFFAOYSA-N
1158,Trimethoprim,7.11,738-70-5,COC1=CC(=CC(=C1OC)OC)CC2=CN=C(N=C2N)N,6.5,,https://doi.org/10.1016/j.cej.2014.05.088,diol,Polyfunctional / highly functionalized,"InChI=1S/C14H18N4O3/c1-19-10-5-8(6-11(20-2)12(10)21-3)4-9-7-17-14(16)18-13(9)15/h5-7H,4H2,1-3H3,(H4,15,16,17,18)",IEDVJHCEMCRBQM-UHFFFAOYSA-N
1159,Trimethoprim,7.57,738-70-5,COC1=CC(=CC(=C1OC)OC)CC2=CN=C(N=C2N)N,,,https://doi.org/10.1016/j.watres.2018.08.048,diol,Polyfunctional / highly functionalized,"InChI=1S/C14H18N4O3/c1-19-10-5-8(6-11(20-2)12(10)21-3)4-9-7-17-14(16)18-13(9)15/h5-7H,4H2,1-3H3,(H4,15,16,17,18)",IEDVJHCEMCRBQM-UHFFFAOYSA-N
1160,Trimethoprim,7.69,738-70-5,COC1=CC(=CC(=C1OC)OC)CC2=CN=C(N=C2N)N,,,https://doi.org/10.1016/j.chemosphere.2023.138793,diol,Polyfunctional / highly functionalized,"InChI=1S/C14H18N4O3/c1-19-10-5-8(6-11(20-2)12(10)21-3)4-9-7-17-14(16)18-13(9)15/h5-7H,4H2,1-3H3,(H4,15,16,17,18)",IEDVJHCEMCRBQM-UHFFFAOYSA-N
1161,Trimethoprim,7.36,738-70-5,COC1=CC(=CC(=C1OC)OC)CC2=CN=C(N=C2N)N,8,,https://doi.org/10.1021/acs.est.6b02232,diol,Polyfunctional / highly functionalized,"InChI=1S/C14H18N4O3/c1-19-10-5-8(6-11(20-2)12(10)21-3)4-9-7-17-14(16)18-13(9)15/h5-7H,4H2,1-3H3,(H4,15,16,17,18)",IEDVJHCEMCRBQM-UHFFFAOYSA-N
1162,Tris( ethylenediamine )cobalt(Ⅲ) ion,5,10534-89-1,[Co+3].N.N.N.N.N.N.[Cl-].[Cl-].[Cl-],6.5,,https://doi.org/10.1021/j100514a007,halogenated,Halogenated organics,InChI=1S/3ClH.Co.6H3N/h3*1H;;6*1H3/q;;;+3;;;;;;/p-3,JXBGZYGSWFSYFI-UHFFFAOYSA-K
1163,"Tris(2,2'-bipyridine)ruthenium(II) ion",8.6,50525-27-4,C1(C2=NC=CC=C2)=CC=CC=N1.C3(C4=NC=CC=C4)=CC=CC=N3.C5(C6=NC=CC=C6)=CC=CC=N5.O.O.O.O.O.O.[Ru+2].[Cl-].[Cl-],,,https://doi.org/10.1016/S0009-2614(00)01281-1,diol,Polyfunctional / highly functionalized,InChI=1S/3C10H8N2.2ClH.6H2O.Ru/c3*1-3-7-11-9(5-1)10-6-2-4-8-12-10;;;;;;;;;/h3*1-8H;2*1H;6*1H2;/q;;;;;;;;;;;+2/p-2,WHELTKFSBJNBMQ-UHFFFAOYSA-L
1164,"Tris(2,2'-bipyridine)ruthenium(II) ion",8.6,50525-27-4,C1(C2=NC=CC=C2)=CC=CC=N1.C3(C4=NC=CC=C4)=CC=CC=N3.C5(C6=NC=CC=C6)=CC=CC=N5.O.O.O.O.O.O.[Ru+2].[Cl-].[Cl-],,,NIST,diol,Polyfunctional / highly functionalized,InChI=1S/3C10H8N2.2ClH.6H2O.Ru/c3*1-3-7-11-9(5-1)10-6-2-4-8-12-10;;;;;;;;;/h3*1-8H;2*1H;6*1H2;/q;;;;;;;;;;;+2/p-2,WHELTKFSBJNBMQ-UHFFFAOYSA-L
1165,Trolox,9.34,53188-07-1,CC1=C(C2=C(CCC(O2)(C)C(=O)O)C(=C1O)C)C,11.2,,https://doi.org/10.1016/j.chemosphere.2023.140660,alkane,Aliphatic hydrocarbons,"InChI=1S/C14H18O4/c1-7-8(2)12-10(9(3)11(7)15)5-6-14(4,18-12)13(16)17/h15H,5-6H2,1-4H3,(H,16,17)",GLEVLJDDWXEYCO-UHFFFAOYSA-N
1166,Trypsin,8.83,9078-38-0,O=C([C@@](C([H])([H])O[H])([H])N([H])C([C@@](C([H])([H])C1=C([H])C([H])=C([H])C([H])=C1[H])([H])N([H])C(OC(C([H])([H])[H])(C([H])([H])[H])C([H])([H])[H])=O)=O)N([H])[C@@](C(N([H])C2=C([H])C(OC3=O)=C(C([H])=C3[H])C(C([H])([H])[H])=C2[H])=O)([H])C([H])([H])C([H])([H])C([H])([H])/N=C(N([H])[H])/N([H])[H].O=C(C([H])([H])[H])O[H],7,,NIST,diol,Polyfunctional / highly functionalized,"InChI=1S/C33H43N7O8.C2H4O2/c1-19-15-21(17-26-22(19)12-13-27(42)47-26)37-28(43)23(11-8-14-36-31(34)35)38-30(45)25(18-41)39-29(44)24(16-20-9-6-5-7-10-20)40-32(46)48-33(2,3)4;1-2(3)4/h5-7,9-10,12-13,15,17,23-25,41H,8,11,14,16,18H2,1-4H3,(H,37,43)(H,38,45)(H,39,44)(H,40,46)(H4,34,35,36);1H3,(H,3,4)/t23-,24-,25-;/m0./s1",WGWZNYKOUXOZTC-NAGNLMCHSA-N
1167,Trypsin,8.83,9078-38-0,O=C([C@@](C([H])([H])O[H])([H])N([H])C([C@@](C([H])([H])C1=C([H])C([H])=C([H])C([H])=C1[H])([H])N([H])C(OC(C([H])([H])[H])(C([H])([H])[H])C([H])([H])[H])=O)=O)N([H])[C@@](C(N([H])C2=C([H])C(OC3=O)=C(C([H])=C3[H])C(C([H])([H])[H])=C2[H])=O)([H])C([H])([H])C([H])([H])C([H])([H])/N=C(N([H])[H])/N([H])[H].O=C(C([H])([H])[H])O[H],7,,https://doi.org/10.2307/3573789,diol,Polyfunctional / highly functionalized,"InChI=1S/C33H43N7O8.C2H4O2/c1-19-15-21(17-26-22(19)12-13-27(42)47-26)37-28(43)23(11-8-14-36-31(34)35)38-30(45)25(18-41)39-29(44)24(16-20-9-6-5-7-10-20)40-32(46)48-33(2,3)4;1-2(3)4/h5-7,9-10,12-13,15,17,23-25,41H,8,11,14,16,18H2,1-4H3,(H,37,43)(H,38,45)(H,39,44)(H,40,46)(H4,34,35,36);1H3,(H,3,4)/t23-,24-,25-;/m0./s1",WGWZNYKOUXOZTC-NAGNLMCHSA-N
1168,Tryptamine,8.95,61-54-1,C1=CC=C2C(=C1)C(=CN2)CCN,12,,NIST,halogenated,Halogenated organics,"InChI=1S/C10H12N2/c11-6-5-8-7-12-10-4-2-1-3-9(8)10/h1-4,7,12H,5-6,11H2",APJYDQYYACXCRM-UHFFFAOYSA-N
1169,Tryptamine,9.11,61-54-1,C1=CC=C2C(=C1)C(=CN2)CCN,8,,NIST,halogenated,Halogenated organics,"InChI=1S/C10H12N2/c11-6-5-8-7-12-10-4-2-1-3-9(8)10/h1-4,7,12H,5-6,11H2",APJYDQYYACXCRM-UHFFFAOYSA-N
1170,Tryptamine,9.11,61-54-1,C1=CC=C2C(=C1)C(=CN2)CCN,8,,https://doi.org/10.1021/j100614a007,halogenated,Halogenated organics,"InChI=1S/C10H12N2/c11-6-5-8-7-12-10-4-2-1-3-9(8)10/h1-4,7,12H,5-6,11H2",APJYDQYYACXCRM-UHFFFAOYSA-N
1171,Tryptamine,8.95,61-54-1,C1=CC=C2C(=C1)C(=CN2)CCN,12,,https://doi.org/10.1021/j100614a007,halogenated,Halogenated organics,"InChI=1S/C10H12N2/c11-6-5-8-7-12-10-4-2-1-3-9(8)10/h1-4,7,12H,5-6,11H2",APJYDQYYACXCRM-UHFFFAOYSA-N
1172,Tryptophan,8.85,73-22-3,C1=CC=C2C(=C1)C(=CN2)C[C@@H](C(=O)O)N,7,,https://doi.org/10.2307/3573789,halogenated,Halogenated organics,"InChI=1S/C11H12N2O2/c12-9(11(14)15)5-7-6-13-10-4-2-1-3-8(7)10/h1-4,6,9,13H,5,12H2,(H,14,15)/t9-/m0/s1",QIVBCDIJIAJPQS-VIFPVBQESA-N
1173,Tryptophan,8.69,73-22-3,C1=CC=C2C(=C1)C(=CN2)C[C@@H](C(=O)O)N,11.4,,https://doi.org/10.1021/jp049063k,halogenated,Halogenated organics,"InChI=1S/C11H12N2O2/c12-9(11(14)15)5-7-6-13-10-4-2-1-3-8(7)10/h1-4,6,9,13H,5,12H2,(H,14,15)/t9-/m0/s1",QIVBCDIJIAJPQS-VIFPVBQESA-N
1174,Tryptophan,8.84,73-22-3,C1=CC=C2C(=C1)C(=CN2)C[C@@H](C(=O)O)N,7.4,,https://doi.org/10.1021/tx049747j,halogenated,Halogenated organics,"InChI=1S/C11H12N2O2/c12-9(11(14)15)5-7-6-13-10-4-2-1-3-8(7)10/h1-4,6,9,13H,5,12H2,(H,14,15)/t9-/m0/s1",QIVBCDIJIAJPQS-VIFPVBQESA-N
1175,Tryptophan,8.69,73-22-3,C1=CC=C2C(=C1)C(=CN2)C[C@@H](C(=O)O)N,11.4,,NIST,halogenated,Halogenated organics,"InChI=1S/C11H12N2O2/c12-9(11(14)15)5-7-6-13-10-4-2-1-3-8(7)10/h1-4,6,9,13H,5,12H2,(H,14,15)/t9-/m0/s1",QIVBCDIJIAJPQS-VIFPVBQESA-N
1176,Tryptophan,8.79,73-22-3,C1=CC=C2C(=C1)C(=CN2)C[C@@H](C(=O)O)N,9,,https://doi.org/10.1021/j100614a007,halogenated,Halogenated organics,"InChI=1S/C11H12N2O2/c12-9(11(14)15)5-7-6-13-10-4-2-1-3-8(7)10/h1-4,6,9,13H,5,12H2,(H,14,15)/t9-/m0/s1",QIVBCDIJIAJPQS-VIFPVBQESA-N
1177,Tryptophan,8.63,73-22-3,C1=CC=C2C(=C1)C(=CN2)C[C@@H](C(=O)O)N,12,,https://doi.org/10.1021/j100614a007,halogenated,Halogenated organics,"InChI=1S/C11H12N2O2/c12-9(11(14)15)5-7-6-13-10-4-2-1-3-8(7)10/h1-4,6,9,13H,5,12H2,(H,14,15)/t9-/m0/s1",QIVBCDIJIAJPQS-VIFPVBQESA-N
1178,Tryptophan,8.64,73-22-3,C1=CC=C2C(=C1)C(=CN2)C[C@@H](C(=O)O)N,11.2,,https://doi.org/10.2307/3573266,halogenated,Halogenated organics,"InChI=1S/C11H12N2O2/c12-9(11(14)15)5-7-6-13-10-4-2-1-3-8(7)10/h1-4,6,9,13H,5,12H2,(H,14,15)/t9-/m0/s1",QIVBCDIJIAJPQS-VIFPVBQESA-N
1179,Tryptophan methyl ester,8.98,4299-70-1,COC(=O)C(CC1=CNC2=CC=CC=C21)N,7,,NIST,alcohol,Oxygenated organics,"InChI=1S/C12H14N2O2/c1-16-12(15)10(13)6-8-7-14-11-5-3-2-4-9(8)11/h2-5,7,10,14H,6,13H2,1H3",KCUNTYMNJVXYKZ-UHFFFAOYSA-N
1180,Tryptophan methyl ester,8.76,4299-70-1,COC(=O)C(CC1=CNC2=CC=CC=C21)N,11,,NIST,alcohol,Oxygenated organics,"InChI=1S/C12H14N2O2/c1-16-12(15)10(13)6-8-7-14-11-5-3-2-4-9(8)11/h2-5,7,10,14H,6,13H2,1H3",KCUNTYMNJVXYKZ-UHFFFAOYSA-N
1181,Tryptophan methyl ester,8.98,4299-70-1,COC(=O)C(CC1=CNC2=CC=CC=C21)N,7,,https://doi.org/10.1021/j100614a007,alcohol,Oxygenated organics,"InChI=1S/C12H14N2O2/c1-16-12(15)10(13)6-8-7-14-11-5-3-2-4-9(8)11/h2-5,7,10,14H,6,13H2,1H3",KCUNTYMNJVXYKZ-UHFFFAOYSA-N
1182,Tryptophan methyl ester,8.76,4299-70-1,COC(=O)C(CC1=CNC2=CC=CC=C21)N,11,,https://doi.org/10.1021/j100614a007,alcohol,Oxygenated organics,"InChI=1S/C12H14N2O2/c1-16-12(15)10(13)6-8-7-14-11-5-3-2-4-9(8)11/h2-5,7,10,14H,6,13H2,1H3",KCUNTYMNJVXYKZ-UHFFFAOYSA-N
1183,Tryptophanamide,9.11,20696-57-5,C1=CC=C2C(=C1)C(=CN2)C[C@@H](C(=O)N)N,,,https://doi.org/10.1016/j.jhazmat.2025.137969,halogenated,Halogenated organics,"InChI=1S/C11H13N3O/c12-9(11(13)15)5-7-6-14-10-4-2-1-3-8(7)10/h1-4,6,9,14H,5,12H2,(H2,13,15)/t9-/m0/s1",JLSKPBDKNIXMBS-VIFPVBQESA-N
1184,Tryptophanamide,9.15,20696-57-5,C1=CC=C2C(=C1)C(=CN2)C[C@@H](C(=O)N)N,7,,NIST,halogenated,Halogenated organics,"InChI=1S/C11H13N3O/c12-9(11(13)15)5-7-6-14-10-4-2-1-3-8(7)10/h1-4,6,9,14H,5,12H2,(H2,13,15)/t9-/m0/s1",JLSKPBDKNIXMBS-VIFPVBQESA-N
1185,Tryptophanamide,8.9,20696-57-5,C1=CC=C2C(=C1)C(=CN2)C[C@@H](C(=O)N)N,9.5,,NIST,halogenated,Halogenated organics,"InChI=1S/C11H13N3O/c12-9(11(13)15)5-7-6-14-10-4-2-1-3-8(7)10/h1-4,6,9,14H,5,12H2,(H2,13,15)/t9-/m0/s1",JLSKPBDKNIXMBS-VIFPVBQESA-N
1186,Tryptophanamide,8.9,20696-57-5,C1=CC=C2C(=C1)C(=CN2)C[C@@H](C(=O)N)N,9.5,,https://doi.org/10.1021/j100614a007,halogenated,Halogenated organics,"InChI=1S/C11H13N3O/c12-9(11(13)15)5-7-6-14-10-4-2-1-3-8(7)10/h1-4,6,9,14H,5,12H2,(H2,13,15)/t9-/m0/s1",JLSKPBDKNIXMBS-VIFPVBQESA-N
1187,Tryptophanamide,9.11,20696-57-5,C1=CC=C2C(=C1)C(=CN2)C[C@@H](C(=O)N)N,,,https://doi.org/10.1016/j.jhazmat.2025.138144,halogenated,Halogenated organics,"InChI=1S/C11H13N3O/c12-9(11(13)15)5-7-6-14-10-4-2-1-3-8(7)10/h1-4,6,9,14H,5,12H2,(H2,13,15)/t9-/m0/s1",JLSKPBDKNIXMBS-VIFPVBQESA-N
1188,Tryptophanamide,8.15,20696-57-5,C1=CC=C2C(=C1)C(=CN2)C[C@@H](C(=O)N)N,7,,https://doi.org/10.1021/j100614a007,halogenated,Halogenated organics,"InChI=1S/C11H13N3O/c12-9(11(13)15)5-7-6-14-10-4-2-1-3-8(7)10/h1-4,6,9,14H,5,12H2,(H2,13,15)/t9-/m0/s1",JLSKPBDKNIXMBS-VIFPVBQESA-N
1189,Tryptophanylglycine,8.85,7360-09-0,C1=CC=C2C(=C1)C(=CN2)C[C@@H](C(=O)NCC(=O)O)N,,,https://doi.org/10.1016/j.jhazmat.2025.137946,halogenated,Halogenated organics,"InChI=1S/C13H15N3O3/c14-10(13(19)16-7-12(17)18)5-8-6-15-11-4-2-1-3-9(8)11/h1-4,6,10,15H,5,7,14H2,(H,16,19)(H,17,18)/t10-/m0/s1",UYKREHOKELZSPB-JTQLQIEISA-N
1190,Tryptophanylglycine,8.85,7360-09-0,C1=CC=C2C(=C1)C(=CN2)C[C@@H](C(=O)NCC(=O)O)N,6,,https://doi.org/10.1021/j100614a007,halogenated,Halogenated organics,"InChI=1S/C13H15N3O3/c14-10(13(19)16-7-12(17)18)5-8-6-15-11-4-2-1-3-9(8)11/h1-4,6,10,15H,5,7,14H2,(H,16,19)(H,17,18)/t10-/m0/s1",UYKREHOKELZSPB-JTQLQIEISA-N
1191,Tryptophanylglycine,8.6,7360-09-0,C1=CC=C2C(=C1)C(=CN2)C[C@@H](C(=O)NCC(=O)O)N,9,,https://doi.org/10.1021/j100614a007,halogenated,Halogenated organics,"InChI=1S/C13H15N3O3/c14-10(13(19)16-7-12(17)18)5-8-6-15-11-4-2-1-3-9(8)11/h1-4,6,10,15H,5,7,14H2,(H,16,19)(H,17,18)/t10-/m0/s1",UYKREHOKELZSPB-JTQLQIEISA-N
1192,Tyrosinate,8.15,,C1=CC(=CC=C1CC(C(=O)[O-])N)[O-],,,https://doi.org/10.1016/S0891-5849(02)00786-4,halogenated,Halogenated organics,"InChI=1S/C9H11NO3/c10-8(9(12)13)5-6-1-3-7(11)4-2-6/h1-4,8,11H,5,10H2,(H,12,13)/p-2",OUYCCCASQSFEME-UHFFFAOYSA-L
1193,Tyrosine,8.46,60-18-4,C1=CC(=CC=C1C[C@@H](C(=O)O)N)O,11.2,,https://doi.org/10.1021/jp049063k,halogenated,Halogenated organics,"InChI=1S/C9H11NO3/c10-8(9(12)13)5-6-1-3-7(11)4-2-6/h1-4,8,11H,5,10H2,(H,12,13)/t8-/m0/s1",OUYCCCASQSFEME-QMMMGPOBSA-N
1194,Tyrosine,7.65,60-18-4,C1=CC(=CC=C1C[C@@H](C(=O)O)N)O,7,,https://doi.org/10.2307/3573789,halogenated,Halogenated organics,"InChI=1S/C9H11NO3/c10-8(9(12)13)5-6-1-3-7(11)4-2-6/h1-4,8,11H,5,10H2,(H,12,13)/t8-/m0/s1",OUYCCCASQSFEME-QMMMGPOBSA-N
1195,Tyrosine,8.46,60-18-4,C1=CC(=CC=C1C[C@@H](C(=O)O)N)O,11.2,,https://doi.org/10.2307/3573266,halogenated,Halogenated organics,"InChI=1S/C9H11NO3/c10-8(9(12)13)5-6-1-3-7(11)4-2-6/h1-4,8,11H,5,10H2,(H,12,13)/t8-/m0/s1",OUYCCCASQSFEME-QMMMGPOBSA-N
1196,Tyrosine,8.15,60-18-4,C1=CC(=CC=C1C[C@@H](C(=O)O)N)O,11,,https://doi.org/10.2307/3574180,halogenated,Halogenated organics,"InChI=1S/C9H11NO3/c10-8(9(12)13)5-6-1-3-7(11)4-2-6/h1-4,8,11H,5,10H2,(H,12,13)/t8-/m0/s1",OUYCCCASQSFEME-QMMMGPOBSA-N
1197,Tyrosine,7.65,60-18-4,C1=CC(=CC=C1C[C@@H](C(=O)O)N)O,,,https://doi.org/10.1016/j.freeradbiomed.2005.04.014,halogenated,Halogenated organics,"InChI=1S/C9H11NO3/c10-8(9(12)13)5-6-1-3-7(11)4-2-6/h1-4,8,11H,5,10H2,(H,12,13)/t8-/m0/s1",OUYCCCASQSFEME-QMMMGPOBSA-N
1198,Tyrosine,8.3,60-18-4,C1=CC(=CC=C1C[C@@H](C(=O)O)N)O,7,,https://doi.org/10.1016/j.chemosphere.2023.140660,halogenated,Halogenated organics,"InChI=1S/C9H11NO3/c10-8(9(12)13)5-6-1-3-7(11)4-2-6/h1-4,8,11H,5,10H2,(H,12,13)/t8-/m0/s1",OUYCCCASQSFEME-QMMMGPOBSA-N
1199,Tyrosine,7.65,60-18-4,C1=CC(=CC=C1C[C@@H](C(=O)O)N)O,7,,NIST,halogenated,Halogenated organics,"InChI=1S/C9H11NO3/c10-8(9(12)13)5-6-1-3-7(11)4-2-6/h1-4,8,11H,5,10H2,(H,12,13)/t8-/m0/s1",OUYCCCASQSFEME-QMMMGPOBSA-N
1200,Tyrosine,8.15,60-18-4,C1=CC(=CC=C1C[C@@H](C(=O)O)N)O,,,https://doi.org/10.1039/C6EM00580B,halogenated,Halogenated organics,"InChI=1S/C9H11NO3/c10-8(9(12)13)5-6-1-3-7(11)4-2-6/h1-4,8,11H,5,10H2,(H,12,13)/t8-/m0/s1",OUYCCCASQSFEME-QMMMGPOBSA-N
1201,U(IV),7.15,16089-60-4,[UH2+4],,,NIST,Others,Others / Unassigned,InChI=1S/U.2H/q+4;;,WTZRODSZIGOZRL-UHFFFAOYSA-N
1202,Uracil,4,66-22-8,C1=CNC(=O)NC1=O,7,,https://doi.org/10.2307/3573789,cyclo,Aromatic & PAHs,"InChI=1S/C4H4N2O2/c7-3-1-2-5-4(8)6-3/h1-2H,(H2,5,6,7,8)",ISAKRJDGNUQOIC-UHFFFAOYSA-N
1203,Uracil,4,66-22-8,C1=CNC(=O)NC1=O,11.5,,https://doi.org/10.1016/S0040-4020(01)91404-8,cyclo,Aromatic & PAHs,"InChI=1S/C4H4N2O2/c7-3-1-2-5-4(8)6-3/h1-2H,(H2,5,6,7,8)",ISAKRJDGNUQOIC-UHFFFAOYSA-N
1204,Uracil,4,66-22-8,C1=CNC(=O)NC1=O,7,,NIST,cyclo,Aromatic & PAHs,"InChI=1S/C4H4N2O2/c7-3-1-2-5-4(8)6-3/h1-2H,(H2,5,6,7,8)",ISAKRJDGNUQOIC-UHFFFAOYSA-N
1205,Uranyl ion,5.18,16637-16-4,O=[U+2]=O,,,NIST,amine,Nitrogen-containing organics,InChI=1S/2O.U/q;;+2,WYICGPHECJFCBA-UHFFFAOYSA-N
1206,Uranyl ion,5.18,16637-16-4,O=[U+2]=O,,,https://doi.org/10.1016/0047-2670(76)85023-X,amine,Nitrogen-containing organics,InChI=1S/2O.U/q;;+2,WYICGPHECJFCBA-UHFFFAOYSA-N
1207,Urate,9.11,69-93-2,C12=C(NC(=O)N1)NC(=O)NC2=O,7.4,,https://doi.org/10.1021/tx049747j,halogenated,Halogenated organics,"InChI=1S/C5H4N4O3/c10-3-1-2(7-4(11)6-1)8-5(12)9-3/h(H4,6,7,8,9,10,11,12)",LEHOTFFKMJEONL-UHFFFAOYSA-N
1208,Urate,9.23,69-93-2,C12=C(NC(=O)N1)NC(=O)NC2=O,,,https://doi.org/10.1016/j.freeradbiomed.2005.03.014,halogenated,Halogenated organics,"InChI=1S/C5H4N4O3/c10-3-1-2(7-4(11)6-1)8-5(12)9-3/h(H4,6,7,8,9,10,11,12)",LEHOTFFKMJEONL-UHFFFAOYSA-N
1209,Urea,3,57-13-6,C(=O)(N)N,11.6,,https://doi.org/10.1002/kin.550230606,halogenated,Halogenated organics,"InChI=1S/CH4N2O/c2-1(3)4/h(H4,2,3,4)",XSQUKJJJFZCRTK-UHFFFAOYSA-N
1210,Urea,3,57-13-6,C(=O)(N)N,7,,https://doi.org/10.2307/3573789,halogenated,Halogenated organics,"InChI=1S/CH4N2O/c2-1(3)4/h(H4,2,3,4)",XSQUKJJJFZCRTK-UHFFFAOYSA-N
1211,Vanillic acid,8.7,121-34-6,COC1=C(C=CC(=C1)C(=O)O)O,7,,https://doi.org/10.1016/j.watres.2019.06.002,diol,Polyfunctional / highly functionalized,"InChI=1S/C8H8O4/c1-12-7-4-5(8(10)11)2-3-6(7)9/h2-4,9H,1H3,(H,10,11)",WKOLLVMJNQIZCI-UHFFFAOYSA-N
1212,Vanillic acid,8.07,121-34-6,COC1=C(C=CC(=C1)C(=O)O)O,11.8,,https://doi.org/10.1021/es051236b,diol,Polyfunctional / highly functionalized,"InChI=1S/C8H8O4/c1-12-7-4-5(8(10)11)2-3-6(7)9/h2-4,9H,1H3,(H,10,11)",WKOLLVMJNQIZCI-UHFFFAOYSA-N
1213,Vanillic acid,8.7,121-34-6,COC1=C(C=CC(=C1)C(=O)O)O,,,https://doi.org/10.1016/j.jhazmat.2025.137948,diol,Polyfunctional / highly functionalized,"InChI=1S/C8H8O4/c1-12-7-4-5(8(10)11)2-3-6(7)9/h2-4,9H,1H3,(H,10,11)",WKOLLVMJNQIZCI-UHFFFAOYSA-N
1214,Vanillin,7.94,121-33-5,COC1=C(C=CC(=C1)C=O)O,7,,https://doi.org/10.1016/j.watres.2019.06.002,diol,Polyfunctional / highly functionalized,"InChI=1S/C8H8O3/c1-11-8-4-6(5-9)2-3-7(8)10/h2-5,10H,1H3",MWOOGOJBHIARFG-UHFFFAOYSA-N
1215,Vanillin,7.95,121-33-5,COC1=C(C=CC(=C1)C=O)O,,,https://doi.org/10.1016/j.chemosphere.2023.138793,diol,Polyfunctional / highly functionalized,"InChI=1S/C8H8O3/c1-11-8-4-6(5-9)2-3-7(8)10/h2-5,10H,1H3",MWOOGOJBHIARFG-UHFFFAOYSA-N
1216,Vanillin,7.94,121-33-5,COC1=C(C=CC(=C1)C=O)O,,,https://doi.org/10.1016/j.jhazmat.2025.137949,diol,Polyfunctional / highly functionalized,"InChI=1S/C8H8O3/c1-11-8-4-6(5-9)2-3-7(8)10/h2-5,10H,1H3",MWOOGOJBHIARFG-UHFFFAOYSA-N
1217,Vanillin,8,121-33-5,COC1=C(C=CC(=C1)C=O)O,8.3,,https://doi.org/10.1081/WCT-120018615,diol,Polyfunctional / highly functionalized,"InChI=1S/C8H8O3/c1-11-8-4-6(5-9)2-3-7(8)10/h2-5,10H,1H3",MWOOGOJBHIARFG-UHFFFAOYSA-N
1218,Vanillin,9.04,121-33-5,COC1=C(C=CC(=C1)C=O)O,10.3,,https://doi.org/10.1081/WCT-120018615,diol,Polyfunctional / highly functionalized,"InChI=1S/C8H8O3/c1-11-8-4-6(5-9)2-3-7(8)10/h2-5,10H,1H3",MWOOGOJBHIARFG-UHFFFAOYSA-N
1219,Vanillin,9.2,121-33-5,COC1=C(C=CC(=C1)C=O)O,13,,https://doi.org/10.1081/WCT-120018615,diol,Polyfunctional / highly functionalized,"InChI=1S/C8H8O3/c1-11-8-4-6(5-9)2-3-7(8)10/h2-5,10H,1H3",MWOOGOJBHIARFG-UHFFFAOYSA-N
1220,Venlafaxine,7.36,93413-69-5,CN(C)CC(C1=CC=C(C=C1)OC)C2(CCCCC2)O,,,https://doi.org/10.1016/j.jhazmat.2025.138126,alcohol,Oxygenated organics,"InChI=1S/C17H27NO2/c1-18(2)13-16(17(19)11-5-4-6-12-17)14-7-9-15(20-3)10-8-14/h7-10,16,19H,4-6,11-13H2,1-3H3",PNVNVHUZROJLTJ-UHFFFAOYSA-N
1221,Verapamil,8.26,52-53-9,CC(C)C(CCCN(C)CCC1=CC(=C(C=C1)OC)OC)(C#N)C2=CC(=C(C=C2)OC)OC,7,,https://doi.org/10.1016/j.watres.2023.120968,diol,Polyfunctional / highly functionalized,"InChI=1S/C27H38N2O4/c1-20(2)27(19-28,22-10-12-24(31-5)26(18-22)33-7)14-8-15-29(3)16-13-21-9-11-23(30-4)25(17-21)32-6/h9-12,17-18,20H,8,13-16H2,1-7H3",SGTNSNPWRIOYBX-UHFFFAOYSA-N
1222,Verbenone,4.99,18309-32-5,CC1=CC(=O)[C@@H]2C[C@H]1C2(C)C,,25,https://doi.org/10.1016/j.jhazmat.2025.137899,alkane,Aliphatic hydrocarbons,"InChI=1S/C10H14O/c1-6-4-9(11)8-5-7(6)10(8,2)3/h4,7-8H,5H2,1-3H3/t7-,8+/m1/s1",DCSCXTJOXBUFGB-SFYZADRCSA-N
1223,Zinc(II) ion,4,23713-49-7,[Zn+2],4.7,,NIST,amine,Nitrogen-containing organics,InChI=1S/Zn/q+2,PTFCDOFLOPIGGS-UHFFFAOYSA-N
1224,[5-(4-amino-2-oxopyrimidin-1-yl)-3-hydroxyoxolan-2-yl]methyl dihydrogen phosphate,6.83,63-37-6,C1C(C(OC1N2C=CC(=NC2=O)N)COP(=O)(O)O)O,,,https://doi.org/10.1016/j.jhazmat.2025.138163,diol,Polyfunctional / highly functionalized,"InChI=1S/C9H14N3O7P/c10-7-1-2-12(9(14)11-7)8-3-5(13)6(19-8)4-18-20(15,16)17/h1-2,5-6,8,13H,3-4H2,(H2,10,11,14)(H2,15,16,17)",NCMVOABPESMRCP-UHFFFAOYSA-N
1225,Anthranilic acid,7.9,118-92-3,C1=CC=C(C(=C1)C(=O)O)N,,,https://doi.org/10.1016/j.chemosphere.2023.138793,halogenated,Halogenated organics,"InChI=1S/C7H7NO2/c8-6-4-2-1-3-5(6)7(9)10/h1-4H,8H2,(H,9,10)",RWZYAGGXGHYGMB-UHFFFAOYSA-N
1226,"anthrasemiquinone-2,6-disulfonate radical ion",9.18,853-68-9,[O-]S(C1=CC2=C(C=C1)C(C(C=C3S([O-])(=O)=O)=C(C=C3)C2=O)=O)(=O)=O.[Na+].[Na+],,,https://doi.org/10.1039/C29710001559,diol,Polyfunctional / highly functionalized,"InChI=1S/C14H8O8S2.2Na/c15-13-9-3-1-7(23(17,18)19)5-11(9)14(16)10-4-2-8(6-12(10)13)24(20,21)22;;/h1-6H,(H,17,18,19)(H,20,21,22);;/q;2*+1/p-2",PKOVWEHDVFYKHL-UHFFFAOYSA-L
1227,"anthrasemiquinone-2,7-disulfonate radical ion",9.28,853-67-8,[O-]S(C1=CC2=C(C=C1)C(C(C=C3S([O-])(=O)=O)=C(C=C3)C2=O)=O)(=O)=O.[Na+].[Na+],,,https://doi.org/10.1063/1.555808,diol,Polyfunctional / highly functionalized,"InChI=1S/C14H8O8S2.2Na/c15-13-9-3-1-7(23(17,18)19)5-11(9)14(16)10-4-2-8(6-12(10)13)24(20,21)22;;/h1-6H,(H,17,18,19)(H,20,21,22);;/q;2*+1/p-2",PKOVWEHDVFYKHL-UHFFFAOYSA-L
1228,benzocaine,8.3,94-09-7,CCOC(=O)C1=CC=C(C=C1)N,,,https://doi.org/10.1016/j.jhazmat.2025.138130,alcohol,Oxygenated organics,"InChI=1S/C9H11NO2/c1-2-12-9(11)7-3-5-8(10)6-4-7/h3-6H,2,10H2,1H3",BLFLLBZGZJTVJG-UHFFFAOYSA-N
1229,benzocaine,8.3,94-09-7,CCOC(=O)C1=CC=C(C=C1)N,8.5,,https://doi.org/10.1007/BF02841982,alcohol,Oxygenated organics,"InChI=1S/C9H11NO2/c1-2-12-9(11)7-3-5-8(10)6-4-7/h3-6H,2,10H2,1H3",BLFLLBZGZJTVJG-UHFFFAOYSA-N
1230,benzocaine,8.3,94-09-7,CCOC(=O)C1=CC=C(C=C1)N,,,https://doi.org/10.1016/j.chemosphere.2023.138793,alcohol,Oxygenated organics,"InChI=1S/C9H11NO2/c1-2-12-9(11)7-3-5-8(10)6-4-7/h3-6H,2,10H2,1H3",BLFLLBZGZJTVJG-UHFFFAOYSA-N
1231,bicarbonate ion,6.93,71-52-3,C(=O)(O)[O-],,,https://doi.org/10.1021/acs.est.5b03078,halogenated,Halogenated organics,"InChI=1S/CH2O3/c2-1(3)4/h(H2,2,3,4)/p-1",BVKZGUZCCUSVTD-UHFFFAOYSA-M
1232,bis (ethan-2-ol) selenide,8.81,27974-49-8,OCC[Se]CCO,7,,https://doi.org/10.1039/C9NJ02227A,"sulfide, disulfide",Sulfur-containing organics,"InChI=1S/C4H10O2Se/c5-1-3-7-4-2-6/h5-6H,1-4H2",OKHBFOYSUUVFAZ-UHFFFAOYSA-N
1233,but-2-enoic acid,3.89,3724-65-0,CC=CC(=O)O,,,https://doi.org/10.1016/j.jhazmat.2025.138022,alkane,Aliphatic hydrocarbons,"InChI=1S/C4H6O2/c1-2-3-4(5)6/h2-3H,1H3,(H,5,6)",LDHQCZJRKDOVOX-UHFFFAOYSA-N
1234,but-2-enoic acid,3.89,3724-65-0,CC=CC(=O)O,,25,https://doi.org/10.1016/j.jhazmat.2025.137899,alkane,Aliphatic hydrocarbons,"InChI=1S/C4H6O2/c1-2-3-4(5)6/h2-3H,1H3,(H,5,6)",LDHQCZJRKDOVOX-UHFFFAOYSA-N
1235,carbonate ion,8.59,3812-32-6,C(=O)([O-])[O-],,,https://doi.org/10.1021/acs.est.5b03078,halogenated,Halogenated organics,"InChI=1S/CH2O3/c2-1(3)4/h(H2,2,3,4)/p-2",BVKZGUZCCUSVTD-UHFFFAOYSA-L
1236,cationic fluoxetine,6.87,56296-78-7,FC(F)(F)C(C=C1)=CC=C1OC(C2=CC=CC=C2)CCNC.Cl,,,https://doi.org/10.1016/j.jhazmat.2024.135538,alcohol,Oxygenated organics,"InChI=1S/C17H18F3NO.ClH/c1-21-12-11-16(13-5-3-2-4-6-13)22-15-9-7-14(8-10-15)17(18,19)20;/h2-10,16,21H,11-12H2,1H3;1H",GIYXAJPCNFJEHY-UHFFFAOYSA-N
1237,chloride ion,9.63,16887-00-6,[Cl-],,,https://doi.org/10.1021/acs.est.5b03078,halogenated,Halogenated organics,InChI=1S/ClH/h1H/p-1,VEXZGXHMUGYJMC-UHFFFAOYSA-M
1238,cis-Bis(glycinato)platinum(II),9.64,6922-38-9,C(C(=O)[O-])N.C(C(=O)[O-])N.[Pt+2],8.5,,https://doi.org/10.1016/0146-5724(77)90013-9,phosphorus,Phosphorus-containing organics,"InChI=1S/2C2H5NO2.Pt/c2*3-1-2(4)5;/h2*1,3H2,(H,4,5);/q;;+2/p-2",HFABJRIXDJWNLA-UHFFFAOYSA-L
1239,cyclopentanol,4.46,96-41-3,C1CCC(C1)O,,25,https://doi.org/10.1016/j.jhazmat.2025.137899,halogenated,Halogenated organics,"InChI=1S/C5H10O/c6-5-3-1-2-4-5/h5-6H,1-4H2",XCIXKGXIYUWCLL-UHFFFAOYSA-N
1240,glycolic acid,3.77,79-14-1,C(C(=O)O)O,,,https://doi.org/10.1016/j.jhazmat.2025.138015,halogenated,Halogenated organics,"InChI=1S/C2H4O3/c3-1-2(4)5/h3H,1H2,(H,4,5)",AEMRFAOFKBGASW-UHFFFAOYSA-N
1241,glycolic acid,3.77,79-14-1,C(C(=O)O)O,,25,https://doi.org/10.1016/j.jhazmat.2025.137899,halogenated,Halogenated organics,"InChI=1S/C2H4O3/c3-1-2(4)5/h3H,1H2,(H,4,5)",AEMRFAOFKBGASW-UHFFFAOYSA-N
1242,hydroxide ion,10.11,14280-30-9,[OH-],,,https://doi.org/10.1021/acs.est.5b03078,alcohol,Oxygenated organics,InChI=1S/H2O/h1H2/p-1,XLYOFNOQVPJJNP-UHFFFAOYSA-M
1243,methyl 2-(2-methoxy-2-oxoethyl)sulfanylacetate,6.88,16002-29-2,COC(=O)CSCC(=O)OC,,,https://doi.org/10.1016/j.jhazmat.2025.138027,diol,Polyfunctional / highly functionalized,"InChI=1S/C6H10O4S/c1-9-5(7)3-11-4-6(8)10-2/h3-4H2,1-2H3",ZQUQLLPRRJVUES-UHFFFAOYSA-N
1244,methyl 2-methylprop-2-enoate,4.74,114512-63-9,CC(=C)C(=O)OC,,,https://doi.org/10.1016/j.jhazmat.2025.138028,alcohol,Oxygenated organics,"InChI=1S/C5H8O2/c1-4(2)5(6)7-3/h1H2,2-3H3",VVQNEPGJFQJSBK-UHFFFAOYSA-N
1245,methyl 4-aminobenzoate,8.38,619-45-4,COC(=O)C1=CC=C(C=C1)N,,,https://doi.org/10.1021/acs.est.6b00924,alcohol,Oxygenated organics,"InChI=1S/C8H9NO2/c1-11-8(10)6-2-4-7(9)5-3-6/h2-5H,9H2,1H3",LZXXNPOYQCLXRS-UHFFFAOYSA-N
1246,n-Butylamine,5.6,109-73-9,CCCCN,10.5,,https://doi.org/10.1063/1.555808,alkane,Aliphatic hydrocarbons,"InChI=1S/C4H11N/c1-2-3-4-5/h2-5H2,1H3",HQABUPZFAYXKJW-UHFFFAOYSA-N
1247,n-Butylamine,5.6,109-73-9,CCCCN,11.5,,https://doi.org/10.1016/S0040-4020(01)91404-8,alkane,Aliphatic hydrocarbons,"InChI=1S/C4H11N/c1-2-3-4-5/h2-5H2,1H3",HQABUPZFAYXKJW-UHFFFAOYSA-N
1248,n-Butylamine,5.6,109-73-9,CCCCN,11.5,,https://doi.org/10.1016/j.scitotenv.2020.137219,alkane,Aliphatic hydrocarbons,"InChI=1S/C4H11N/c1-2-3-4-5/h2-5H2,1H3",HQABUPZFAYXKJW-UHFFFAOYSA-N
1249,neutral fluoxetine,8.41,54910-89-3,FC(F)(F)C(C=C1)=CC=C1OC(C2=CC=CC=C2)CCNC,,,https://doi.org/10.1016/j.jhazmat.2024.135538,alcohol,Oxygenated organics,"InChI=1S/C17H18F3NO/c1-21-12-11-16(13-5-3-2-4-6-13)22-15-9-7-14(8-10-15)17(18,19)20/h2-10,16,21H,11-12H2,1H3",RTHCYVBBDHJXIQ-UHFFFAOYSA-N
1250,nitrate ion,7.94,14797-55-8,[N+](=O)([O-])[O-],,,https://doi.org/10.1021/acs.est.5b03078,amine,Nitrogen-containing organics,InChI=1S/NO3/c2-1(3)4/q-1,NHNBFGGVMKEFGY-UHFFFAOYSA-N
1251,nitric oxide radical,9.54,10102-43-9,[N]=O,,,NIST,amine,Nitrogen-containing organics,InChI=1S/NO/c1-2,MWUXSHHQAYIFBG-UHFFFAOYSA-N
1252,nitrogen dioxide radical,9,10102-44-0,[O-][N+]=O,11,,NIST,amine,Nitrogen-containing organics,InChI=1S/NO2/c2-1-3,JCXJVPUVTGWSNB-UHFFFAOYSA-N
1253,nitrogen dioxide radical,9,10102-44-0,[O-][N+]=O,,,NIST,amine,Nitrogen-containing organics,InChI=1S/NO2/c2-1-3,JCXJVPUVTGWSNB-UHFFFAOYSA-N
1254,o-Methoxy-phenoxyacetic acid,6.86,1878-85-9,OC(COC1=CC=CC=C1OC)=O,12,,https://doi.org/10.1081/WCT-120018615,alcohol,Oxygenated organics,"InChI=1S/C9H10O4/c1-12-7-4-2-3-5-8(7)13-6-9(10)11/h2-5H,6H2,1H3,(H,10,11)",IHONYPFTXGQWAX-UHFFFAOYSA-N
1255,o-Methoxy-phenoxyacetic acid,6.85,1878-85-9,OC(COC1=CC=CC=C1OC)=O,8,,https://doi.org/10.1081/WCT-120018615,alcohol,Oxygenated organics,"InChI=1S/C9H10O4/c1-12-7-4-2-3-5-8(7)13-6-9(10)11/h2-5H,6H2,1H3,(H,10,11)",IHONYPFTXGQWAX-UHFFFAOYSA-N
1256,p-Bromoaniline,8.58,106-40-1,C1=CC(=CC=C1N)Br,,,https://doi.org/10.1016/j.chemosphere.2023.138793,halogenated,Halogenated organics,"InChI=1S/C6H6BrN/c7-5-1-3-6(8)4-2-5/h1-4H,8H2",WDFQBORIUYODSI-UHFFFAOYSA-N
1257,p-Coumarate,8.66,693218-34-7,C1=CC(=CC=C1/C=C/C(=O)O)O,7,,https://doi.org/10.1016/j.watres.2019.06.002,halogenated,Halogenated organics,"InChI=1S/C9H8O3/c10-8-4-1-7(2-5-8)3-6-9(11)12/h1-6,10H,(H,11,12)/b6-3+",NGSWKAQJJWESNS-ZZXKWVIFSA-N
1258,p-Coumaric acid,8.66,7400-08-0,C1=CC(=CC=C1/C=C/C(=O)O)O,,,https://doi.org/10.1016/j.watres.2019.06.002,halogenated,Halogenated organics,"InChI=1S/C9H8O3/c10-8-4-1-7(2-5-8)3-6-9(11)12/h1-6,10H,(H,11,12)/b6-3+",NGSWKAQJJWESNS-ZZXKWVIFSA-N
1259,p-Coumaric acid,8.66,7400-08-0,C1=CC(=CC=C1/C=C/C(=O)O)O,,,https://doi.org/10.1016/j.chemosphere.2023.138793,halogenated,Halogenated organics,"InChI=1S/C9H8O3/c10-8-4-1-7(2-5-8)3-6-9(11)12/h1-6,10H,(H,11,12)/b6-3+",NGSWKAQJJWESNS-ZZXKWVIFSA-N
1260,p-Coumaric acid,8.66,7400-08-0,C1=CC(=CC=C1/C=C/C(=O)O)O,,,https://doi.org/10.3390/w15081615,halogenated,Halogenated organics,"InChI=1S/C9H8O3/c10-8-4-1-7(2-5-8)3-6-9(11)12/h1-6,10H,(H,11,12)/b6-3+",NGSWKAQJJWESNS-ZZXKWVIFSA-N
1261,p-Fluoroaniline,8.79,371-40-4,C1=CC(=CC=C1N)F,,,https://doi.org/10.1016/j.chemosphere.2023.138793,halogenated,Halogenated organics,"InChI=1S/C6H6FN/c7-5-1-3-6(8)4-2-5/h1-4H,8H2",KRZCOLNOCZKSDF-UHFFFAOYSA-N
1262,p-Hydroxybenzaldehyde,6.67,123-08-0,C1=CC(=CC=C1C=O)O,,25,https://doi.org/10.1016/j.jhazmat.2025.137899,halogenated,Halogenated organics,"InChI=1S/C7H6O2/c8-5-6-1-3-7(9)4-2-6/h1-5,9H",RGHHSNMVTDWUBI-UHFFFAOYSA-N
1263,p-Hydroxybenzaldehyde,6.67,123-08-0,C1=CC(=CC=C1C=O)O,,,https://doi.org/10.1016/j.jhazmat.2025.137973,halogenated,Halogenated organics,"InChI=1S/C7H6O2/c8-5-6-1-3-7(9)4-2-6/h1-5,9H",RGHHSNMVTDWUBI-UHFFFAOYSA-N
1264,p-Nitroaniline,7.86,100-01-6,C1=CC(=CC=C1N)[N+](=O)[O-],8.5,,NIST,halogenated,Halogenated organics,"InChI=1S/C6H6N2O2/c7-5-1-3-6(4-2-5)8(9)10/h1-4H,7H2",TYMLOMAKGOJONV-UHFFFAOYSA-N
1265,p-Xylene,4.58,106-42-3,CC1=CC=C(C=C1)C,9,,https://doi.org/10.1016/j.chemosphere.2023.140660,alkane,Aliphatic hydrocarbons,"InChI=1S/C8H10/c1-7-3-5-8(2)6-4-7/h3-6H,1-2H3",URLKBWYHVLBVBO-UHFFFAOYSA-N
1266,p-Xylene,4.58,106-42-3,CC1=CC=C(C=C1)C,9,,https://doi.org/10.1016/j.scitotenv.2020.137219,alkane,Aliphatic hydrocarbons,"InChI=1S/C8H10/c1-7-3-5-8(2)6-4-7/h3-6H,1-2H3",URLKBWYHVLBVBO-UHFFFAOYSA-N
1267,para-Chlorobenzoic Acid,7.11,74-11-3,C1=CC(=CC=C1C(=O)O)Cl,,,https://doi.org/10.1016/j.watres.2015.02.014,halogenated,Halogenated organics,"InChI=1S/C7H5ClO2/c8-6-3-1-5(2-4-6)7(9)10/h1-4H,(H,9,10)",XRHGYUZYPHTUJZ-UHFFFAOYSA-N
1268,perhydroxyl radical,7.48,,O[O-],,,https://doi.org/10.1016/1359-0197(91)90100-G,phosphorus,Phosphorus-containing organics,InChI=1S/H2O2/c1-2/h1-2H/p-1,MHAJPDPJQMAIIY-UHFFFAOYSA-M
1269,phosphate ion,7,14265-44-2,[O-]P(=O)([O-])[O-],,,https://doi.org/10.1021/acs.est.5b03078,phosphorus,Phosphorus-containing organics,"InChI=1S/H3O4P/c1-5(2,3)4/h(H3,1,2,3,4)/p-3",NBIIXXVUZAFLBC-UHFFFAOYSA-K
1270,prop-2-enoic acid,3.92,90598-46-2,C=CC(=O)O,,,https://doi.org/10.1016/j.jhazmat.2025.138016,halogenated,Halogenated organics,"InChI=1S/C3H4O2/c1-2-3(4)5/h2H,1H2,(H,4,5)",NIXOWILDQLNWCW-UHFFFAOYSA-N
1271,tert-Butylamine,4.76,75-64-9,CC(C)(C)N,,,https://doi.org/10.1039/C3EM00479A,alkane,Aliphatic hydrocarbons,"InChI=1S/C4H11N/c1-4(2,3)5/h5H2,1-3H3",YBRBMKDOPFTVDT-UHFFFAOYSA-N
1272,tert-Butylamine,4.76,75-64-9,CC(C)(C)N,11.5,,https://doi.org/10.1016/S0040-4020(01)91404-8,alkane,Aliphatic hydrocarbons,"InChI=1S/C4H11N/c1-4(2,3)5/h5H2,1-3H3",YBRBMKDOPFTVDT-UHFFFAOYSA-N
1273,trans-Bis(glycinato)platinum(II),9.53,15685-00-4,O=C1[O-][Pt+2]([O-]C2=O)(NC2)NC1,8.5,,https://doi.org/10.1016/0146-5724(77)90013-9,cyclo,Aromatic & PAHs,,
1274,trans-Diglycinatoplatinum(II),9.53,15685-00-4,O=C1[O-][Pt+2]([O-]C2=O)(NC2)NC1,8.5,,NIST,cyclo,Aromatic & PAHs,,
1275,α-Lipoic acid,9.2,62-46-4,O=C(O)CCCCC1SSCC1,,,https://doi.org/10.1016/j.freeradbiomed.2005.03.014,"sulfide, disulfide",Sulfur-containing organics,"InChI=1S/C8H14O2S2/c9-8(10)4-2-1-3-7-5-6-11-12-7/h7H,1-6H2,(H,9,10)",AGBQKNBQESQNJD-UHFFFAOYSA-N
1276,Hydroquinone dimethyl ether,7.48,150-78-7,COC1=CC=C(C=C1)OC,,,https://doi.org/10.1002/(SICI)1521-401X(199907)27:4%3C214::AID-AHEH214%3E3.0.CO;2-6,diol,Polyfunctional / highly functionalized,"InChI=1S/C8H10O2/c1-9-7-3-5-8(10-2)6-4-7/h3-6H,1-2H3",OHBQPCCCRFSCAX-UHFFFAOYSA-N
1277,4-Methylanisole,5.99,104-93-8,CC1=CC=C(C=C1)OC,,,https://doi.org/10.1002/(SICI)1521-401X(199907)27:4%3C214::AID-AHEH214%3E3.0.CO;2-6,alcohol,Oxygenated organics,"InChI=1S/C8H10O/c1-7-3-5-8(9-2)6-4-7/h3-6H,1-2H3",CHLICZRVGGXEOD-UHFFFAOYSA-N
