No.,Chemical compound,K,Logk,Cas,Smiles,Ph,T,Ref,Chemical_class_27,Chemical_class_coarse,InChI,InChIKey
1,Tetracycline,,5.57,60-54-8,CN(C)C1C(=O)C(C(N)=O)=C(O)C2(O)C(=O)C3=C(O)c4c(O)cccc4C(C)(O)C3CC12,7,22,https://doi.org/10.1016/j.watres.2010.11.039,phenol,Oxygenated organics,"InChI=1S/C22H24N2O8/c1-21(31)8-5-4-6-11(25)12(8)16(26)13-9(21)7-10-15(24(2)3)17(27)14(20(23)30)19(29)22(10,32)18(13)28/h4-6,9-10,15,25-26,29,31-32H,7H2,1-3H3,(H2,23,30)",NWXMGUDVXFXRIG-UHFFFAOYSA-N
2,Oxytetracycline,,6.25,79-57-2,CN(C)C1C(=O)C(C(N)=O)=C(O)C2(O)C(=O)C3=C(O)c4c(O)cccc4C(C)(O)C3C(O)C12,7,22,https://doi.org/10.1016/j.watres.2010.11.039,phenol,Oxygenated organics,"InChI=1S/C22H24N2O9/c1-21(32)7-5-4-6-8(25)9(7)15(26)10-12(21)17(28)13-14(24(2)3)16(27)11(20(23)31)19(30)22(13,33)18(10)29/h4-6,12-14,17,25-26,28,30,32-33H,1-3H3,(H2,23,31)",OWFJMIVZYSDULZ-UHFFFAOYSA-N
3,Chlorotetracycline,,4.91,57-62-5,CN(C)C1C(=O)C(C(=O)N)=C(O)C2(O)C(=O)C3=C(O)c4c(O)cc(Cl)cc4C(C)(O)C3CC12,7,22,https://doi.org/10.1016/j.watres.2010.11.039,halogenated,Halogenated organics,"InChI=1S/C22H23ClN2O8/c1-21(32)8-4-7(23)5-11(26)12(8)16(27)13-9(21)6-10-15(25(2)3)17(28)14(20(24)31)19(30)22(10,33)18(13)29/h4-5,9-10,15,26-27,30,32-33H,6H2,1-3H3,(H2,24,31)",ACZFZPFQSDSAID-UHFFFAOYSA-N
4,Iso-chlorotetracycline,,4.05,7301-38-4,CN(C)C1C(=O)C(C(=O)N)=C(O)C2(O)C(=O)C3=C(Cl)c4c(O)cccc4C(C)(O)C3CC12,7,22,https://doi.org/10.1016/j.watres.2010.11.039,halogenated,Halogenated organics,"InChI=1S/C22H23ClN2O7/c1-21(31)8-5-4-6-11(26)12(8)15(23)13-9(21)7-10-16(25(2)3)17(27)14(20(24)30)19(29)22(10,32)18(13)28/h4-6,9-10,16,26,29,31-32H,7H2,1-3H3,(H2,24,30)",YMCLRBRZGQEKBB-UHFFFAOYSA-N
5,Pyrrole,,3.26,109-97-7,c1cc[nH]c1,7,,https://doi.org/10.1021/acs.est.5c01012,heterocycle,Heterocycles,InChI=1S/C4H5N/c1-2-4-5-3-1/h1-5H,KAESVJOAVNADME-UHFFFAOYSA-N
6,Imidazole,,3.71,288-32-4,c1c[nH]cn1,9,,https://doi.org/10.1021/acs.est.5c01012,imidazole,Heterocycles,"InChI=1S/C3H4N2/c1-2-5-3-4-1/h1-3H,(H,4,5)",RAXXELZNTBOGNW-UHFFFAOYSA-N
7,Dexmedetomidine,,0.87,113775-47-6,Cc1cccc(C(C)c2cnc[nH]2)c1C,9,,https://doi.org/10.1021/acs.est.5c01012,imidazole,Heterocycles,"InChI=1S/C13H16N2/c1-9-5-4-6-12(10(9)2)11(3)13-7-14-8-15-13/h4-8,11H,1-3H3,(H,14,15)",CUHVIMMYOGQXCV-UHFFFAOYSA-N
8,Guanine,,4.32,73-40-5,C1=NC2=C(N1)C(=O)NC(=N2)N,7,,https://doi.org/10.1021/acs.est.5c01012,imidazole,Heterocycles,"InChI=1S/C5H5N5O/c6-5-9-3-2(4(11)10-5)7-1-8-3/h1H,(H4,6,7,8,9,10,11)",UYTPUPDQBNUYGX-UHFFFAOYSA-N
9,Metoprolol,,4.65,51384-51-1,CC(C)(O)C(C1=CC=C(O)C=C1)NCC(O)CO,7,,https://doi.org/10.1021/acs.est.8b01099,amine,Nitrogen-containing organics,"InChI=1S/C13H21NO4/c1-13(2,18)12(14-7-11(17)8-15)9-3-5-10(16)6-4-9/h3-6,11-12,14-18H,7-8H2,1-2H3",ZRHSDNXPQSRESR-UHFFFAOYSA-N
10,Atenolol,,4.04,29122-68-7,CC(C)NCC(O)COc1ccc(CC(N)=O)cc1,7,,https://doi.org/10.1016/j.watres.2009.11.045,amide,Nitrogen-containing organics,"InChI=1S/C14H22N2O3/c1-10(2)16-8-12(17)9-19-13-5-3-11(4-6-13)7-14(15)18/h3-6,10,12,16-17H,7-9H2,1-2H3,(H2,15,18)",METKIMKYRPQLGS-UHFFFAOYSA-N
11,Ciprofloxacin,,5.88,85721-33-1,O=C(O)c1cn(C2CC2)c2cc(N3CCNCC3)c(F)cc2c1=O,7,,https://doi.org/10.1021/es050054e,halogenated,Halogenated organics,"InChI=1S/C17H18FN3O3/c18-13-7-11-14(8-15(13)20-5-3-19-4-6-20)21(10-1-2-10)9-12(16(11)22)17(23)24/h7-10,19H,1-6H2,(H,23,24)",MYSWGUAQZAJSOK-UHFFFAOYSA-N
12,Dimethenamid-Cl,,6.08,87674-68-8,COCC(C)N(C(=O)CCl)c1c(C)csc1C,,25,https://doi.org/10.1021/es9038903,halogenated,Halogenated organics,"InChI=1S/C12H18ClNO2S/c1-8-7-17-10(3)12(8)14(11(15)5-13)9(2)6-16-4/h7,9H,5-6H2,1-4H3",JLYFCTQDENRSOL-UHFFFAOYSA-N
13,Dimethenamid- HOCl,,-0.74,87674-68-8,COCC(C)N(C(=O)CCl)c1c(C)csc1C,,25,https://doi.org/10.1021/es9038903,halogenated,Halogenated organics,"InChI=1S/C12H18ClNO2S/c1-8-7-17-10(3)12(8)14(11(15)5-13)9(2)6-16-4/h7,9H,5-6H2,1-4H3",JLYFCTQDENRSOL-UHFFFAOYSA-N
14,CBBP*,1.69,9.227886705,13080-78-9,O=C(C1=CC=C(O)C=C1)C2=CC=CC=C2,7,25,https://doi.org/10.1021/acs.est.3c02458,phenol,Oxygenated organics,"InChI=1S/C13H10O2/c14-12-8-6-11(7-9-12)13(15)10-4-2-1-3-5-10/h1-9,14H",NPFYZDNDJHZQKY-UHFFFAOYSA-N
15,CBBP*,1.69,9.227886705,13080-78-9,O=C(C1=CC=C(O)C=C1)C2=CC=CC=C2,5,25,https://doi.org/10.1021/acs.est.3c02458,phenol,Oxygenated organics,"InChI=1S/C13H10O2/c14-12-8-6-11(7-9-12)13(15)10-4-2-1-3-5-10/h1-9,14H",NPFYZDNDJHZQKY-UHFFFAOYSA-N
16,CBBP*,0.94,8.973127854,13080-78-9,O=C(C1=CC=C(O)C=C1)C2=CC=CC=C2,10,25,https://doi.org/10.1021/acs.est.3c02458,phenol,Oxygenated organics,"InChI=1S/C13H10O2/c14-12-8-6-11(7-9-12)13(15)10-4-2-1-3-5-10/h1-9,14H",NPFYZDNDJHZQKY-UHFFFAOYSA-N
17,Benzophenone,2.54,9.404833717,119-61-9,O=C(c1ccccc1)c1ccccc1,7,25,https://doi.org/10.1021/acs.est.3c02458,ketone,Oxygenated organics,InChI=1S/C13H10O/c14-13(11-7-3-1-4-8-11)12-9-5-2-6-10-12/h1-10H,RWCCWEUUXYIKHB-UHFFFAOYSA-N
18,Acetophenone,3.33,9.522444234,98-86-2,CC(=O)c1ccccc1,7,25,https://doi.org/10.1021/acs.est.3c02458,ketone,Oxygenated organics,"InChI=1S/C8H8O/c1-7(9)8-5-3-2-4-6-8/h2-6H,1H3",KWOLFJPFCHCOCG-UHFFFAOYSA-N
19,3'-Methoxyacetophenone,0.9,8.954242509,586-37-8,COc1cccc(C(C)=O)c1,7,25,https://doi.org/10.1021/acs.est.3c02458,ketone,Oxygenated organics,"InChI=1S/C9H10O2/c1-7(10)8-4-3-5-9(6-8)11-2/h3-6H,1-2H3",BAYUSCHCCGXLAY-UHFFFAOYSA-N
20,Xanthone,1.78,9.250420002,90-47-1,O=c1c2ccccc2oc2ccccc12,7,25,https://doi.org/10.1021/acs.est.3c02458,heterocycle,Heterocycles,InChI=1S/C13H8O2/c14-13-9-5-1-3-7-11(9)15-12-8-4-2-6-10(12)13/h1-8H,JNELGWHKGNBSMD-UHFFFAOYSA-N
21,2-Acetonaphthone,0.4,8.602059991,93-08-3,CC(=O)c1ccc2ccccc2c1,7,25,https://doi.org/10.1021/acs.est.3c02458,ketone,Oxygenated organics,"InChI=1S/C12H10O/c1-9(13)11-7-6-10-4-2-3-5-12(10)8-11/h2-8H,1H3",XSAYZAUNJMRRIR-UHFFFAOYSA-N
22,4-(4-aminophenyl)aniline,0.58,8.763427994,92-87-5,Nc1ccc(-c2ccc(N)cc2)cc1,7,25,https://doi.org/10.1021/acs.est.3c02458,amine,Nitrogen-containing organics,"InChI=1S/C12H12N2/c13-11-5-1-9(2-6-11)10-3-7-12(14)8-4-10/h1-8H,13-14H2",HFACYLZERDEVSX-UHFFFAOYSA-N
23,2-Naphthaldehyde,0.34,8.531478917,66-99-9,O=Cc1ccc2ccccc2c1,7,25,https://doi.org/10.1021/acs.est.3c02458,aldehyde,Oxygenated organics,InChI=1S/C11H8O/c12-8-9-5-6-10-3-1-2-4-11(10)7-9/h1-8H,PJKVFARRVXDXAD-UHFFFAOYSA-N
24,Methiocarb,,8.38,2032-65-7,CNC(=O)Oc1cc(C)c(SC)c(C)c1,5.6,25,https://doi.org/10.1016/j.cej.2013.07.050,"sulfide, disulfide",Sulfur-containing organics,"InChI=1S/C11H15NO2S/c1-7-5-9(14-11(13)12-3)6-8(2)10(7)15-4/h5-6H,1-4H3,(H,12,13)",YFBPRJGDJKVWAH-UHFFFAOYSA-N
25,Methiocarb,,8.36,2032-65-7,CNC(=O)Oc1cc(C)c(SC)c(C)c1,6,25,https://doi.org/10.1016/j.cej.2013.07.051,"sulfide, disulfide",Sulfur-containing organics,"InChI=1S/C11H15NO2S/c1-7-5-9(14-11(13)12-3)6-8(2)10(7)15-4/h5-6H,1-4H3,(H,12,13)",YFBPRJGDJKVWAH-UHFFFAOYSA-N
26,Methiocarb,,8.34,2032-65-7,CNC(=O)Oc1cc(C)c(SC)c(C)c1,6.5,25,https://doi.org/10.1016/j.cej.2013.07.052,"sulfide, disulfide",Sulfur-containing organics,"InChI=1S/C11H15NO2S/c1-7-5-9(14-11(13)12-3)6-8(2)10(7)15-4/h5-6H,1-4H3,(H,12,13)",YFBPRJGDJKVWAH-UHFFFAOYSA-N
27,Methiocarb,,8.35,2032-65-7,CNC(=O)Oc1cc(C)c(SC)c(C)c1,7,25,https://doi.org/10.1016/j.cej.2013.07.053,"sulfide, disulfide",Sulfur-containing organics,"InChI=1S/C11H15NO2S/c1-7-5-9(14-11(13)12-3)6-8(2)10(7)15-4/h5-6H,1-4H3,(H,12,13)",YFBPRJGDJKVWAH-UHFFFAOYSA-N
28,Methiocarb,,8.08,2032-65-7,CNC(=O)Oc1cc(C)c(SC)c(C)c1,7.5,25,https://doi.org/10.1016/j.cej.2013.07.054,"sulfide, disulfide",Sulfur-containing organics,"InChI=1S/C11H15NO2S/c1-7-5-9(14-11(13)12-3)6-8(2)10(7)15-4/h5-6H,1-4H3,(H,12,13)",YFBPRJGDJKVWAH-UHFFFAOYSA-N
29,Methiocarb,,8.38,2032-65-7,CNC(=O)Oc1cc(C)c(SC)c(C)c1,,25,https://doi.org/10.1016/j.cej.2013.07.050,"sulfide, disulfide",Sulfur-containing organics,"InChI=1S/C11H15NO2S/c1-7-5-9(14-11(13)12-3)6-8(2)10(7)15-4/h5-6H,1-4H3,(H,12,13)",YFBPRJGDJKVWAH-UHFFFAOYSA-N
30,Microcystin-LR (MC-LR) - Hypochlorous acid (HOCl),,-1.82,101043-37-2,C=C1C(=O)NC(C)C(=O)NC(CC(C)C)C(=O)NC(C(=O)O)C(C)C(=O)NC(CCCN=C(N)N)C(=O)NC(C=CC(C)=CC(C)C(Cc2ccccc2)OC)C(C)C(=O)NC(C(=O)O)CCC(=O)N1C,6,11,https://doi.org/10.1061/(ASCE)0733-9372(2006)132:7(818),carboxylic acid,Oxygenated organics,"InChI=1S/C49H74N10O12/c1-26(2)23-37-46(66)58-40(48(69)70)30(6)42(62)55-35(17-14-22-52-49(50)51)45(65)54-34(19-18-27(3)24-28(4)38(71-10)25-33-15-12-11-13-16-33)29(5)41(61)56-36(47(67)68)20-21-39(60)59(9)32(8)44(64)53-31(7)43(63)57-37/h11-13,15-16,18-19,24,26,28-31,34-38,40H,8,14,17,20-23,25H2,1-7,9-10H3,(H,53,64)(H,54,65)(H,55,62)(H,56,61)(H,57,63)(H,58,66)(H,67,68)(H,69,70)(H4,50,51,52)",ZYZCGGRZINLQBL-UHFFFAOYSA-N
31,Microcystin-LR (MC-LR) - Hypochlorite ion (OCl−),,-2.14,101043-37-2,C=C1C(=O)NC(C)C(=O)NC(CC(C)C)C(=O)NC(C(=O)O)C(C)C(=O)NC(CCCN=C(N)N)C(=O)NC(C=CC(C)=CC(C)C(Cc2ccccc2)OC)C(C)C(=O)NC(C(=O)O)CCC(=O)N1C,7,11,https://doi.org/10.1061/(ASCE)0733-9372(2006)132:7(818),inorganic halogen,Others / Unassigned,"InChI=1S/C49H74N10O12/c1-26(2)23-37-46(66)58-40(48(69)70)30(6)42(62)55-35(17-14-22-52-49(50)51)45(65)54-34(19-18-27(3)24-28(4)38(71-10)25-33-15-12-11-13-16-33)29(5)41(61)56-36(47(67)68)20-21-39(60)59(9)32(8)44(64)53-31(7)43(63)57-37/h11-13,15-16,18-19,24,26,28-31,34-38,40H,8,14,17,20-23,25H2,1-7,9-10H3,(H,53,64)(H,54,65)(H,55,62)(H,56,61)(H,57,63)(H,58,66)(H,67,68)(H,69,70)(H4,50,51,52)",ZYZCGGRZINLQBL-UHFFFAOYSA-N
32,Microcystin-LR (MC-LR) - Hypochlorite ion (OCl−),,-2.59,101043-37-2,C=C1C(=O)NC(C)C(=O)NC(CC(C)C)C(=O)NC(C(=O)O)C(C)C(=O)NC(CCCN=C(N)N)C(=O)NC(C=CC(C)=CC(C)C(Cc2ccccc2)OC)C(C)C(=O)NC(C(=O)O)CCC(=O)N1C,8,11,https://doi.org/10.1061/(ASCE)0733-9372(2006)132:7(818),inorganic halogen,Others / Unassigned,"InChI=1S/C49H74N10O12/c1-26(2)23-37-46(66)58-40(48(69)70)30(6)42(62)55-35(17-14-22-52-49(50)51)45(65)54-34(19-18-27(3)24-28(4)38(71-10)25-33-15-12-11-13-16-33)29(5)41(61)56-36(47(67)68)20-21-39(60)59(9)32(8)44(64)53-31(7)43(63)57-37/h11-13,15-16,18-19,24,26,28-31,34-38,40H,8,14,17,20-23,25H2,1-7,9-10H3,(H,53,64)(H,54,65)(H,55,62)(H,56,61)(H,57,63)(H,58,66)(H,67,68)(H,69,70)(H4,50,51,52)",ZYZCGGRZINLQBL-UHFFFAOYSA-N
33,Microcystin-LR (MC-LR) - Hypochlorite ion (OCl−),,-2.92,101043-37-2,C=C1C(=O)NC(C)C(=O)NC(CC(C)C)C(=O)NC(C(=O)O)C(C)C(=O)NC(CCCN=C(N)N)C(=O)NC(C=CC(C)=CC(C)C(Cc2ccccc2)OC)C(C)C(=O)NC(C(=O)O)CCC(=O)N1C,9,11,https://doi.org/10.1061/(ASCE)0733-9372(2006)132:7(818),inorganic halogen,Others / Unassigned,"InChI=1S/C49H74N10O12/c1-26(2)23-37-46(66)58-40(48(69)70)30(6)42(62)55-35(17-14-22-52-49(50)51)45(65)54-34(19-18-27(3)24-28(4)38(71-10)25-33-15-12-11-13-16-33)29(5)41(61)56-36(47(67)68)20-21-39(60)59(9)32(8)44(64)53-31(7)43(63)57-37/h11-13,15-16,18-19,24,26,28-31,34-38,40H,8,14,17,20-23,25H2,1-7,9-10H3,(H,53,64)(H,54,65)(H,55,62)(H,56,61)(H,57,63)(H,58,66)(H,67,68)(H,69,70)(H4,50,51,52)",ZYZCGGRZINLQBL-UHFFFAOYSA-N
34,3-Methylanisole (MA) - Hypochlorous acid,,-1.2,100-84-5,COc1cccc(C)c1,6,20,https://doi.org/10.1021/es203094z,ether,Oxygenated organics,"InChI=1S/C8H10O/c1-7-4-3-5-8(6-7)9-2/h3-6H,1-2H3",OSIGJGFTADMDOB-UHFFFAOYSA-N
35,3-Methylanisole (MA) - Hypochlorous acid,,-1.6,100-84-5,COc1cccc(C)c1,7,20,https://doi.org/10.1021/es203094z,ether,Oxygenated organics,"InChI=1S/C8H10O/c1-7-4-3-5-8(6-7)9-2/h3-6H,1-2H3",OSIGJGFTADMDOB-UHFFFAOYSA-N
36,3-Methylanisole (MA) - Hypochlorous acid,,-2.3,100-84-5,COc1cccc(C)c1,8,20,https://doi.org/10.1021/es203094z,ether,Oxygenated organics,"InChI=1S/C8H10O/c1-7-4-3-5-8(6-7)9-2/h3-6H,1-2H3",OSIGJGFTADMDOB-UHFFFAOYSA-N
37,3-Methylanisole (MA) - Hypochlorous acid (HOCl),,-1.87,100-84-5,COc1cccc(C)c1,,20,https://doi.org/10.1021/es203094z,ether,Oxygenated organics,"InChI=1S/C8H10O/c1-7-4-3-5-8(6-7)9-2/h3-6H,1-2H3",OSIGJGFTADMDOB-UHFFFAOYSA-N
38,"1,3-Dimethoxybenzene (DB) - Hypochlorous acid",,-0.9,151-10-0,COc1cccc(OC)c1,7,20,https://doi.org/10.1021/es203094z,ether,Oxygenated organics,"InChI=1S/C8H10O2/c1-9-7-4-3-5-8(6-7)10-2/h3-6H,1-2H3",DPZNOMCNRMUKPS-UHFFFAOYSA-N
39,"1,3-Dimethoxybenzene (DB) - Hypochlorous acid",,-1.4,151-10-0,COc1cccc(OC)c1,8,20,https://doi.org/10.1021/es203094z,ether,Oxygenated organics,"InChI=1S/C8H10O2/c1-9-7-4-3-5-8(6-7)10-2/h3-6H,1-2H3",DPZNOMCNRMUKPS-UHFFFAOYSA-N
40,"1,3-Dimethoxybenzene (DB) - Hypochlorous acid (HOCl)",,-0.1,151-10-0,COc1cccc(OC)c1,,20,https://doi.org/10.1021/es203094z,ether,Oxygenated organics,"InChI=1S/C8H10O2/c1-9-7-4-3-5-8(6-7)10-2/h3-6H,1-2H3",DPZNOMCNRMUKPS-UHFFFAOYSA-N
41,"1,3,5-Trimethoxybenzene (TB) - Hypochlorous acid (HOCl)",,2.84,621-23-8,COc1cc(OC)cc(OC)c1,,20,https://doi.org/10.1021/es203094z,ether,Oxygenated organics,"InChI=1S/C9H12O3/c1-10-7-4-8(11-2)6-9(5-7)12-3/h4-6H,1-3H3",LKUDPHPHKOZXCD-UHFFFAOYSA-N
42,"1,3,5-Trimethoxybenzene (TB) - Hypochlorous acid",,-0.1,621-23-8,COc1cc(OC)cc(OC)c1,7.5,20,https://doi.org/10.1021/es203094z,ether,Oxygenated organics,"InChI=1S/C9H12O3/c1-10-7-4-8(11-2)6-9(5-7)12-3/h4-6H,1-3H3",LKUDPHPHKOZXCD-UHFFFAOYSA-N
43,"1,3,5-Trimethoxybenzene (TB) - Hypochlorous acid",,-0.5,621-23-8,COc1cc(OC)cc(OC)c1,8.5,20,https://doi.org/10.1021/es203094z,ether,Oxygenated organics,"InChI=1S/C9H12O3/c1-10-7-4-8(11-2)6-9(5-7)12-3/h4-6H,1-3H3",LKUDPHPHKOZXCD-UHFFFAOYSA-N
44,acrolein,2.7,0.431363764,107-02-8,C=CC=O,7,,https://dx.doi.org/10.1021/acs.est.0c07660,aldehyde,Oxygenated organics,"InChI=1S/C3H4O/c1-2-3-4/h2-3H,1H2",HGINCPLSRVDWNT-UHFFFAOYSA-N
45,acrolein,8.6,0.934498451,107-02-8,C=CC=O,8,,https://dx.doi.org/10.1021/acs.est.0c07661,aldehyde,Oxygenated organics,"InChI=1S/C3H4O/c1-2-3-4/h2-3H,1H2",HGINCPLSRVDWNT-UHFFFAOYSA-N
46,crotonaldehyde,0.96,-0.017728767,4170-30-3,CC=CC=O,7,,https://dx.doi.org/10.1021/acs.est.0c07662,aldehyde,Oxygenated organics,"InChI=1S/C4H6O/c1-2-3-4-5/h2-4H,1H3",MLUCVPSAIODCQM-UHFFFAOYSA-N
47,crotonaldehyde,2.4,0.380211242,4170-30-3,CC=CC=O,8,,https://dx.doi.org/10.1021/acs.est.0c07663,aldehyde,Oxygenated organics,"InChI=1S/C4H6O/c1-2-3-4-5/h2-4H,1H3",MLUCVPSAIODCQM-UHFFFAOYSA-N
48,trans-2-pentenal,0.54,-0.26760624,1576-87-0,CCC=CC=O,7,,https://dx.doi.org/10.1021/acs.est.0c07664,aldehyde,Oxygenated organics,"InChI=1S/C5H8O/c1-2-3-4-5-6/h3-5H,2H2,1H3",DTCCTIQRPGSLPT-UHFFFAOYSA-N
49,trans-2-pentenal,1.7,0.230448921,1576-87-0,CCC=CC=O,8,,https://dx.doi.org/10.1021/acs.est.0c07665,aldehyde,Oxygenated organics,"InChI=1S/C5H8O/c1-2-3-4-5-6/h3-5H,2H2,1H3",DTCCTIQRPGSLPT-UHFFFAOYSA-N
50,trans-2-hexenal,0.47,-0.327902142,6728-26-3,CCCC=CC=O,7,,https://dx.doi.org/10.1021/acs.est.0c07666,aldehyde,Oxygenated organics,"InChI=1S/C6H10O/c1-2-3-4-5-6-7/h4-6H,2-3H2,1H3",MBDOYVRWFFCFHM-UHFFFAOYSA-N
51,trans-2-hexenal,1.4,0.146128036,6728-26-3,CCCC=CC=O,8,,https://dx.doi.org/10.1021/acs.est.0c07667,aldehyde,Oxygenated organics,"InChI=1S/C6H10O/c1-2-3-4-5-6-7/h4-6H,2-3H2,1H3",MBDOYVRWFFCFHM-UHFFFAOYSA-N
52,trans-2-heptenal,0.46,-0.337242168,18829-55-5,CCCCC=CC=O,7,,https://dx.doi.org/10.1021/acs.est.0c07668,aldehyde,Oxygenated organics,"InChI=1S/C7H12O/c1-2-3-4-5-6-7-8/h5-7H,2-4H2,1H3",NDFKTBCGKNOHPJ-UHFFFAOYSA-N
53,trans-2-heptenal,1.2,0.079181246,18829-55-5,CCCCC=CC=O,8,,https://dx.doi.org/10.1021/acs.est.0c07669,aldehyde,Oxygenated organics,"InChI=1S/C7H12O/c1-2-3-4-5-6-7-8/h5-7H,2-4H2,1H3",NDFKTBCGKNOHPJ-UHFFFAOYSA-N
54,3-methyl crotonaldehyde,0.29,-0.537602002,107-86-8,CC(C)=CC=O,7,,https://dx.doi.org/10.1021/acs.est.0c07670,aldehyde,Oxygenated organics,"InChI=1S/C5H8O/c1-5(2)3-4-6/h3-4H,1-2H3",SEPQTYODOKLVSB-UHFFFAOYSA-N
55,3-methyl crotonaldehyde,0.7,-0.15490196,107-86-8,CC(C)=CC=O,8,,https://dx.doi.org/10.1021/acs.est.0c07671,aldehyde,Oxygenated organics,"InChI=1S/C5H8O/c1-5(2)3-4-6/h3-4H,1-2H3",SEPQTYODOKLVSB-UHFFFAOYSA-N
56,methyl vinyl ketone,0.09,-1.045757491,78-94-4,CC(C=C)=O,7,,https://dx.doi.org/10.1021/acs.est.0c07672,ketone,Oxygenated organics,"InChI=1S/C4H6O/c1-3-4(2)5/h3H,1H2,2H3",FUSUHKVFWTUUBE-UHFFFAOYSA-N
57,methyl vinyl ketone,0.26,-0.585026652,78-94-4,CC(C=C)=O,8,,https://dx.doi.org/10.1021/acs.est.0c07673,ketone,Oxygenated organics,"InChI=1S/C4H6O/c1-3-4(2)5/h3H,1H2,2H3",FUSUHKVFWTUUBE-UHFFFAOYSA-N
58,tiglic aldehyde,0.076,-1.119186408,497-03-0,C/C=C(C)/C=O,7,,https://dx.doi.org/10.1021/acs.est.0c07674,aldehyde,Oxygenated organics,"InChI=1S/C5H8O/c1-3-5(2)4-6/h3-4H,1-2H3/b5-3+",ACWQBUSCFPJUPN-HWKANZROSA-N
59,tiglic aldehyde,0.18,-0.744727495,497-03-0,C/C=C(C)/C=O,8,,https://dx.doi.org/10.1021/acs.est.0c07675,aldehyde,Oxygenated organics,"InChI=1S/C5H8O/c1-3-5(2)4-6/h3-4H,1-2H3/b5-3+",ACWQBUSCFPJUPN-HWKANZROSA-N
60,"2,4-hexdienal",0.25,-0.602059991,142-83-6,CC=CC=CC=O,7,,https://dx.doi.org/10.1021/acs.est.0c07676,aldehyde,Oxygenated organics,"InChI=1S/C6H8O/c1-2-3-4-5-6-7/h2-6H,1H3",BATOPAZDIZEVQF-UHFFFAOYSA-N
61,"2,4-hexdienal",0.074,-1.13076828,142-83-6,CC=CC=CC=O,8,,https://dx.doi.org/10.1021/acs.est.0c07677,aldehyde,Oxygenated organics,"InChI=1S/C6H8O/c1-2-3-4-5-6-7/h2-6H,1H3",BATOPAZDIZEVQF-UHFFFAOYSA-N
62,Acetone,9.8,6.991226076,67-64-1,CC(C)=O,7,25,https://kinetics.nist.gov/solution/,ketone,Oxygenated organics,InChI=1S/C3H6O/c1-3(2)4/h1-2H3,CSCPPACGZOOCGX-UHFFFAOYSA-N
63,Formic acid,1.5,6.176091259,64-18-6,O=CO,7,25,https://doi.org/10.1039/C8EW00196K,carboxylic acid,Oxygenated organics,"InChI=1S/CH2O2/c2-1-3/h1H,(H,2,3)",BDAGIHXWWSANSR-UHFFFAOYSA-N
64,Acetic acid,1.2,6.079181246,64-19-7,CC(=O)[O-].[H+],7,25,https://kinetics.nist.gov/solution/,carboxylic acid,Oxygenated organics,"InChI=1S/C2H4O2/c1-2(3)4/h1H3,(H,3,4)",QTBSBXVTEAMEQO-UHFFFAOYSA-N
65,Hydroxyacetone,8.2,6.913813852,116-09-6,CC(CO)=O,7,25,https://doi.org/10.1039/C8EW00196K,ketone,Oxygenated organics,"InChI=1S/C3H6O2/c1-3(5)2-4/h4H,2H2,1H3",XLSMFKSTNGKWQX-UHFFFAOYSA-N
66,Pyruvic acid,4.3,6.633468456,127-17-3,CC(=O)C(=O)O,7,25,https://kinetics.nist.gov/solution/,carboxylic acid,Oxygenated organics,"InChI=1S/C3H4O3/c1-2(4)3(5)6/h1H3,(H,5,6)",LCTONWCANYUPML-UHFFFAOYSA-N
67,Chlorine atom,3000000000,9.477121255,22537-15-1,Cl,,,https://kinetics.nist.gov/solution/,inorganic halogen,Others / Unassigned,InChI=1S/ClH/h1H,VEXZGXHMUGYJMC-UHFFFAOYSA-N
68,Oxygen anion,7500000,6.875061263,11062-77-4,[O-2],,,https://kinetics.nist.gov/solution/,inorganic,Others / Unassigned,InChI=1S/O/q-2,AHKZTVQIVOEVFO-UHFFFAOYSA-N
69,Propyphenazone,2130,3.328379603,479-92-5,Cc1c(C(C)C)c(=O)n(-c2ccccc2)n1C,3,25,https://doi.org/10.1016/j.cej.2014.01.049,heterocycle,Heterocycles,"InChI=1S/C14H18N2O/c1-10(2)13-11(3)15(4)16(14(13)17)12-8-6-5-7-9-12/h5-10H,1-4H3",PXWLVJLKJGVOKE-UHFFFAOYSA-N
70,Propyphenazone,1700,3.230448921,479-92-5,Cc1c(C(C)C)c(=O)n(-c2ccccc2)n1C,4.91,25,https://doi.org/10.1016/j.cej.2014.01.049,heterocycle,Heterocycles,"InChI=1S/C14H18N2O/c1-10(2)13-11(3)15(4)16(14(13)17)12-8-6-5-7-9-12/h5-10H,1-4H3",PXWLVJLKJGVOKE-UHFFFAOYSA-N
71,Propyphenazone,4260,3.629409599,479-92-5,Cc1c(C(C)C)c(=O)n(-c2ccccc2)n1C,6.01,25,https://doi.org/10.1016/j.cej.2014.01.049,heterocycle,Heterocycles,"InChI=1S/C14H18N2O/c1-10(2)13-11(3)15(4)16(14(13)17)12-8-6-5-7-9-12/h5-10H,1-4H3",PXWLVJLKJGVOKE-UHFFFAOYSA-N
72,Propyphenazone,4120,3.614897216,479-92-5,Cc1c(C(C)C)c(=O)n(-c2ccccc2)n1C,7.05,25,https://doi.org/10.1016/j.cej.2014.01.049,heterocycle,Heterocycles,"InChI=1S/C14H18N2O/c1-10(2)13-11(3)15(4)16(14(13)17)12-8-6-5-7-9-12/h5-10H,1-4H3",PXWLVJLKJGVOKE-UHFFFAOYSA-N
73,Propyphenazone,3970,3.598790507,479-92-5,Cc1c(C(C)C)c(=O)n(-c2ccccc2)n1C,7.54,25,https://doi.org/10.1016/j.cej.2014.01.049,heterocycle,Heterocycles,"InChI=1S/C14H18N2O/c1-10(2)13-11(3)15(4)16(14(13)17)12-8-6-5-7-9-12/h5-10H,1-4H3",PXWLVJLKJGVOKE-UHFFFAOYSA-N
74,Propyphenazone,1990,3.298853076,479-92-5,Cc1c(C(C)C)c(=O)n(-c2ccccc2)n1C,8.97,25,https://doi.org/10.1016/j.cej.2014.01.049,heterocycle,Heterocycles,"InChI=1S/C14H18N2O/c1-10(2)13-11(3)15(4)16(14(13)17)12-8-6-5-7-9-12/h5-10H,1-4H3",PXWLVJLKJGVOKE-UHFFFAOYSA-N
75,Propyphenazone,1840,3.264817823,479-92-5,Cc1c(C(C)C)c(=O)n(-c2ccccc2)n1C,9,25,https://doi.org/10.1016/j.cej.2014.01.049,heterocycle,Heterocycles,"InChI=1S/C14H18N2O/c1-10(2)13-11(3)15(4)16(14(13)17)12-8-6-5-7-9-12/h5-10H,1-4H3",PXWLVJLKJGVOKE-UHFFFAOYSA-N
76,Aminopyrine,2840,3.45331834,58-15-1,O=C1C(N(C)C)=C(C)N(C)N1C2=CC=CC=C2,3,25,https://doi.org/10.1016/j.cej.2014.01.049,amine,Nitrogen-containing organics,"InChI=1S/C13H17N3O/c1-10-12(14(2)3)13(17)16(15(10)4)11-8-6-5-7-9-11/h5-9H,1-4H3",RMMXTBMQSGEXHJ-UHFFFAOYSA-N
77,Aminopyrine,3550,3.550228353,58-15-1,O=C1C(N(C)C)=C(C)N(C)N1C2=CC=CC=C2,5.48,25,https://doi.org/10.1016/j.cej.2014.01.049,amine,Nitrogen-containing organics,"InChI=1S/C13H17N3O/c1-10-12(14(2)3)13(17)16(15(10)4)11-8-6-5-7-9-11/h5-9H,1-4H3",RMMXTBMQSGEXHJ-UHFFFAOYSA-N
78,Aminopyrine,3400,3.531478917,58-15-1,O=C1C(N(C)C)=C(C)N(C)N1C2=CC=CC=C2,6.48,25,https://doi.org/10.1016/j.cej.2014.01.049,amine,Nitrogen-containing organics,"InChI=1S/C13H17N3O/c1-10-12(14(2)3)13(17)16(15(10)4)11-8-6-5-7-9-11/h5-9H,1-4H3",RMMXTBMQSGEXHJ-UHFFFAOYSA-N
79,Aminopyrine,2480,3.394451681,58-15-1,O=C1C(N(C)C)=C(C)N(C)N1C2=CC=CC=C2,7.05,25,https://doi.org/10.1016/j.cej.2014.01.049,amine,Nitrogen-containing organics,"InChI=1S/C13H17N3O/c1-10-12(14(2)3)13(17)16(15(10)4)11-8-6-5-7-9-11/h5-9H,1-4H3",RMMXTBMQSGEXHJ-UHFFFAOYSA-N
80,Aminopyrine,1560,3.193124598,58-15-1,O=C1C(N(C)C)=C(C)N(C)N1C2=CC=CC=C2,8.99,25,https://doi.org/10.1016/j.cej.2014.01.049,amine,Nitrogen-containing organics,"InChI=1S/C13H17N3O/c1-10-12(14(2)3)13(17)16(15(10)4)11-8-6-5-7-9-11/h5-9H,1-4H3",RMMXTBMQSGEXHJ-UHFFFAOYSA-N
81,Aminopyrine,1420,3.152288344,58-15-1,O=C1C(N(C)C)=C(C)N(C)N1C2=CC=CC=C2,9,25,https://doi.org/10.1016/j.cej.2014.01.049,amine,Nitrogen-containing organics,"InChI=1S/C13H17N3O/c1-10-12(14(2)3)13(17)16(15(10)4)11-8-6-5-7-9-11/h5-9H,1-4H3",RMMXTBMQSGEXHJ-UHFFFAOYSA-N
82,Hydroxyl Radical,2,9.301029996,3352-57-6,[OH],6,,https://doi.org/10.1021/es4036094,inorganic,Others / Unassigned,InChI=1S/HO/h1H,TUJKJAMUKRIRHC-UHFFFAOYSA-N
83,Chlorine radical,3,9.477121255,24203-47-2,[Cl+],6,,https://doi.org/10.1021/es4036094,inorganic halogen,Others / Unassigned,InChI=1S/Cl/q+1,KVPIFZRDXDYGBA-UHFFFAOYSA-N
84,Benzanilide,0.021,-1.677780705,93-98-1,O=C(Nc1ccccc1)c1ccccc1,,25,https://doi.org/10.1021/acs.est.9b01446,amide,Nitrogen-containing organics,"InChI=1S/C13H11NO/c15-13(11-7-3-1-4-8-11)14-12-9-5-2-6-10-12/h1-10H,(H,14,15)",ZVSKZLHKADLHSD-UHFFFAOYSA-N
85,Ofloxacin,6800,3.832508913,82419-36-1,CC1COc2c(N3CCN(C)CC3)c(F)cc3c(=O)c(C(=O)O)cn1c23,7.2,20,https://doi.org/10.1016/j.chemosphere.2017.08.171,halogenated,Halogenated organics,"InChI=1S/C18H20FN3O4/c1-10-9-26-17-14-11(16(23)12(18(24)25)8-22(10)14)7-13(19)15(17)21-5-3-20(2)4-6-21/h7-8,10H,3-6,9H2,1-2H3,(H,24,25)",GSDSWSVVBLHKDQ-UHFFFAOYSA-N
86,"1,3,5-Trimethoxybenzene",563,2.750508395,621-23-8,COc1cc(OC)cc(OC)c1,7,20,https://kinetics.nist.gov/solution/,ether,Oxygenated organics,"InChI=1S/C9H12O3/c1-10-7-4-8(11-2)6-9(5-7)12-3/h4-6H,1-3H3",LKUDPHPHKOZXCD-UHFFFAOYSA-N
87,Ammonia,13000,4.113943352,7664-41-7,N,7,25,https://doi.org/10.1039/C8EW00062J,amine,Nitrogen-containing organics,InChI=1S/H3N/h1H3,QGZKDVFQNNGYKY-UHFFFAOYSA-N
88,Ascorbic acid,6000000,6.77815125,50-81-7,O=C1OC(C(O)CO)C(O)=C1O,7,22,https://doi.org/10.1039/C8EW00062J,carboxylic acid,Oxygenated organics,"InChI=1S/C6H8O6/c7-1-2(8)5-3(9)4(10)6(11)12-5/h2,5,7-10H,1H2",CIWBSHSKHKDKBQ-UHFFFAOYSA-N
89,Sodium sulfite,230000000,8.361727836,7757-83-7,O=S([O-])[O-].[Na+].[Na+],7,25,https://doi.org/10.1039/C8EW00062J,sulfoxide,Sulfur-containing organics,"InChI=1S/2Na.H2O3S/c;;1-4(2)3/h;;(H2,1,2,3)/q2*+1;/p-2",GEHJYWRUCIMESM-UHFFFAOYSA-L
90,Thiosulfate,1800000000,9.255272505,7772-98-7,O=S([O-])([O-])=S.[Na+].[Na+],7,25,https://doi.org/10.1039/C8EW00062J,sulfur-containing,Sulfur-containing organics,"InChI=1S/2Na.H2O3S2/c;;1-5(2,3)4/h;;(H2,1,2,3,4)/q2*+1;/p-2",AKHNMLFCWUSKQB-UHFFFAOYSA-L
91,Sodium iodide,1100000000,9.041392685,7681-82-5,[I-].[Na+],7,25,https://doi.org/10.1021/ic00244a012,inorganic halogen,Others / Unassigned,InChI=1S/HI.Na/h1H;/q;+1/p-1,FVAUCKIRQBBSSJ-UHFFFAOYSA-M
92,Sodium bromide,1550,3.190331698,7647-15-6,[Br-].[Na+],7,25,https://doi.org/10.1021/ic00263a030,inorganic halogen,Others / Unassigned,InChI=1S/BrH.Na/h1H;/q;+1/p-1,JHJLBTNAGRQEKS-UHFFFAOYSA-M
93,cyanide,1220000000,9.086359831,57-12-5,[C-]#N,7.47,25,https://doi.org/10.1021/ic00305a002,alkane,Aliphatic hydrocarbons,InChI=1S/CN/c1-2/q-1,XFXPMWWXUTWYJX-UHFFFAOYSA-N
94,Sodium nitrite,44000,4.643452676,7632-00-0,O=N[O-].[Na+],7,25,https://doi.org/10.1021/ic00340a010,"nitroso, nitramine",Nitrogen-containing organics,"InChI=1S/HNO2.Na/c2-1-3;/h(H,2,3);/q;+1/p-1",LPXPTNMVRIOKMN-UHFFFAOYSA-M
95,Sodium sulfite,760000000,8.880813592,7757-83-7,O=S([O-])[O-].[Na+].[Na+],7,25,https://doi.org/10.1021/es00051a021,sulfoxide,Sulfur-containing organics,"InChI=1S/2Na.H2O3S/c;;1-4(2)3/h;;(H2,1,2,3)/q2*+1;/p-2",GEHJYWRUCIMESM-UHFFFAOYSA-L
96,Microcystin-LR,33,1.51851394,101043-37-2,C=C1C(=O)NC(C)C(=O)NC(CC(C)C)C(=O)NC(C(=O)O)C(C)C(=O)NC(CCCN=C(N)N)C(=O)NC(C=CC(C)=CC(C)C(Cc2ccccc2)OC)C(C)C(=O)NC(C(=O)O)CCC(=O)N1C,8,20,https://doi.org/10.1016/j.cej.2015.10.111,amide,Nitrogen-containing organics,"InChI=1S/C49H74N10O12/c1-26(2)23-37-46(66)58-40(48(69)70)30(6)42(62)55-35(17-14-22-52-49(50)51)45(65)54-34(19-18-27(3)24-28(4)38(71-10)25-33-15-12-11-13-16-33)29(5)41(61)56-36(47(67)68)20-21-39(60)59(9)32(8)44(64)53-31(7)43(63)57-37/h11-13,15-16,18-19,24,26,28-31,34-38,40H,8,14,17,20-23,25H2,1-7,9-10H3,(H,53,64)(H,54,65)(H,55,62)(H,56,61)(H,57,63)(H,58,66)(H,67,68)(H,69,70)(H4,50,51,52)",ZYZCGGRZINLQBL-UHFFFAOYSA-N
97,Sulfamethoxazole,570,2.755874856,723-46-6,Cc1cc(NS(=O)(=O)c2ccc(N)cc2)no1,8,24,https://doi.org/10.1016/j.watres.2009.11.045,sulfoxide,Sulfur-containing organics,"InChI=1S/C10H11N3O3S/c1-7-6-10(12-16-7)13-17(14,15)9-4-2-8(11)3-5-9/h2-6H,11H2,1H3,(H,12,13)",JLKIGFTWXXRPMT-UHFFFAOYSA-N
98,Carbamazepine,35000,4.544068044,298-46-4,NC(=O)N1c2ccccc2C=Cc2ccccc21,8,24,https://doi.org/10.1016/j.watres.2009.11.045,urea,Nitrogen-containing organics,"InChI=1S/C15H12N2O/c16-15(18)17-13-7-3-1-5-11(13)9-10-12-6-2-4-8-14(12)17/h1-10H,(H2,16,18)",FFGPTBGBLSHEPO-UHFFFAOYSA-N
99,Atenolol,35000,4.544068044,29122-68-7,CC(C)NCC(O)COc1ccc(CC(N)=O)cc1,8,24,https://doi.org/10.1016/j.watres.2009.11.045,amide,Nitrogen-containing organics,"InChI=1S/C14H22N2O3/c1-10(2)16-8-12(17)9-19-13-5-3-11(4-6-13)7-14(15)18/h3-6,10,12,16-17H,7-9H2,1-2H3,(H2,15,18)",METKIMKYRPQLGS-UHFFFAOYSA-N
100,Ammonia,34000,4.531478917,7664-41-7,N,8,24,https://doi.org/10.1016/j.watres.2009.11.045,amine,Nitrogen-containing organics,InChI=1S/H3N/h1H3,QGZKDVFQNNGYKY-UHFFFAOYSA-N
101,Bromide,370,2.568201724,24959-67-9,[Br-],8,24,https://doi.org/10.1016/j.watres.2009.11.045,inorganic halogen,Others / Unassigned,InChI=1S/BrH/h1H/p-1,CPELXLSAUQHCOX-UHFFFAOYSA-M
102,17α-Ethinylestradiol,340,2.531478917,57-63-6,C#CC1(O)CCC2C3CCc4cc(O)ccc4C3CCC21C,8,24,https://doi.org/10.1016/j.watres.2009.11.045,phenol,Oxygenated organics,"InChI=1S/C20H24O2/c1-3-20(22)11-9-18-17-6-4-13-12-14(21)5-7-15(13)16(17)8-10-19(18,20)2/h1,5,7,12,16-18,21-22H,4,6,8-11H2,2H3",BFPYWIDHMRZLRN-UHFFFAOYSA-N
103,(methylthio)acetate,,8.777789036,4455-13-4,CSCC(=O)[O-],,,10.1021/acs.inorgchem.6b03182,"sulfide, disulfide",Sulfur-containing organics,"InChI=1S/C3H6O2S/c1-6-2-3(4)5/h2H2,1H3,(H,4,5)/p-1",HGTBAIVLETUVCG-UHFFFAOYSA-M
104,(N-methyl)-piperidine,,4.903089987,115217-20-4,CN1CCCCC1,,,doi.org/10.1016/j.watres.2012.06.006,amine,Nitrogen-containing organics,"InChI=1S/C6H13N/c1-7-5-3-2-4-6-7/h2-6H2,1H3",PAMIQIKDUOTOBW-UHFFFAOYSA-N
105,"1,3-di-o-tolylguanidie",,7.414973348,85138-58-5,Cc1ccccc1NC(=N)Nc1ccccc1C,,,10.1016/j.jhazmat.2019.121590,amine,Nitrogen-containing organics,"InChI=1S/C15H17N3/c1-11-7-3-5-9-13(11)17-15(16)18-14-10-6-4-8-12(14)2/h3-10H,1-2H3,(H3,16,17,18)",OPNUROKCUBTKLF-UHFFFAOYSA-N
106,"1,3-diphenylguanidie",,6.612783857,102-06-7,N=C(Nc1ccccc1)Nc1ccccc1,,,10.1016/j.jhazmat.2019.121590,amine,Nitrogen-containing organics,"InChI=1S/C13H13N3/c14-13(15-11-7-3-1-4-8-11)16-12-9-5-2-6-10-12/h1-10H,(H3,14,15,16)",OWRCNXZUPFZXOS-UHFFFAOYSA-N
107,17β-ethinylestradiol,,1.583983407,77538-56-8,C#C[C@]1(O)CC[C@H]2[C@@H]3CCc4cc(O)ccc4[C@H]3CC[C@@]21C,,,10.1021/es040006e,phenol,Oxygenated organics,"InChI=1S/C20H24O2/c1-3-20(22)11-9-18-17-6-4-13-12-14(21)5-7-15(13)16(17)8-10-19(18,20)2/h1,5,7,12,16-18,21-22H,4,6,8-11H2,2H3/t16-,17-,18+,19+,20+/m1/s1",BFPYWIDHMRZLRN-SLHNCBLASA-N
108,17β-ethinylestradiol,,5.599394502,77538-56-8,C#C[C@]1(O)CC[C@H]2[C@@H]3CCc4cc([O-])ccc4[C@H]3CC[C@@]21C,,,10.1021/es040006e,phenol,Oxygenated organics,"InChI=1S/C20H24O2/c1-3-20(22)11-9-18-17-6-4-13-12-14(21)5-7-15(13)16(17)8-10-19(18,20)2/h1,5,7,12,16-18,21-22H,4,6,8-11H2,2H3/p-1/t16-,17-,18+,19+,20+/m1/s1",BFPYWIDHMRZLRN-SLHNCBLASA-M
109,1-methyl-2-mercaptoimidazole,,7,497855-90-0,Cn1ccnc1S,,,10.1088/0960-1317/11/5/326,thiol,Sulfur-containing organics,"InChI=1S/C4H6N2S/c1-6-3-2-5-4(6)7/h2-3H,1H3,(H,5,7)",PMRYVIKBURPHAH-UHFFFAOYSA-N
110,"2,4,6-trichlorophenol",,1.108565024,88-06-2,Oc1c(Cl)cc(Cl)cc1Cl,,,10.1021/es010076a,halogenated,Halogenated organics,"InChI=1S/C6H3Cl3O/c7-3-1-4(8)6(10)5(9)2-3/h1-2,10H",LINPIYWFGCPVIE-UHFFFAOYSA-N
111,"2,4,6-trichlorophenolate",,1.10720997,89465-86-1,[O-]c1c(Cl)cc(Cl)cc1Cl,,,doi.org/10.1016/j.watres.2012.06.006,halogenated,Halogenated organics,"InChI=1S/C6H3Cl3O/c7-3-1-4(8)6(10)5(9)2-3/h1-2,10H/p-1",LINPIYWFGCPVIE-UHFFFAOYSA-M
112,"2,4-dibromophenolate",,2.477121255,59709-84-1,[O-]c1ccc(Br)cc1Br,,,doi.org/10.1016/j.watres.2012.06.006,halogenated,Halogenated organics,"InChI=1S/C6H4Br2O/c7-4-1-2-6(9)5(8)3-4/h1-3,9H/p-1",FAXWFCTVSHEODL-UHFFFAOYSA-M
113,"2,4-dichlorophenol",,2.481442629,1202864-83-2,Oc1ccc(Cl)cc1Cl,,,10.1021/es010076a,halogenated,Halogenated organics,"InChI=1S/C6H4Cl2O/c7-4-1-2-6(9)5(8)3-4/h1-3,9H",HFZWRUODUSTPEG-UHFFFAOYSA-N
114,"2,6-dibromophenolate",,2.176091259,59709-84-1,[O-]c1c(Br)cccc1Br,,,doi.org/10.1016/j.watres.2012.06.006,halogenated,Halogenated organics,"InChI=1S/C6H4Br2O/c7-4-2-1-3-5(8)6(4)9/h1-3,9H/p-1",SSIZLKDLDKIHEV-UHFFFAOYSA-M
115,"2,6-dichlorophenolate",,2.28780173,29726-01-0,[O-]c1c(Cl)cccc1Cl,,,doi.org/10.1016/j.watres.2012.06.006,halogenated,Halogenated organics,"InChI=1S/C6H4Cl2O/c7-4-2-1-3-5(8)6(4)9/h1-3,9H/p-1",HOLHYSJJBXSLMV-UHFFFAOYSA-M
116,2-amino-butyric acid,,7.77815125,1219803-65-2,CCC(N)C(=O)O,,,doi.org/10.1016/j.watres.2012.06.006,amine,Nitrogen-containing organics,"InChI=1S/C4H9NO2/c1-2-3(5)4(6)7/h3H,2,5H2,1H3,(H,6,7)",QWCKQJZIFLGMSD-UHFFFAOYSA-N
117,2-bromophenolate,,3.414973348,7003-65-8,[O-]c1ccccc1Br,,,doi.org/10.1016/j.watres.2012.06.006,halogenated,Halogenated organics,"InChI=1S/C6H5BrO/c7-5-3-1-2-4-6(5)8/h1-4,8H/p-1",VADKRMSMGWJZCF-UHFFFAOYSA-M
118,2-chlorophenol,,3.383815366,1235439-85-6,Oc1ccccc1Cl,,,10.1021/es010076a,halogenated,Halogenated organics,"InChI=1S/C6H5ClO/c7-5-3-1-2-4-6(5)8/h1-4,8H",ISPYQTSUDJAMAB-UHFFFAOYSA-N
119,3-(4-hydroxyphenyl) propionic acid,,1.602059991,1261841-49-9,O=C(O)CCc1ccc(O)cc1,7.3,,10.1021/tx0155451,phenol,Oxygenated organics,"InChI=1S/C9H10O3/c10-8-4-1-7(2-5-8)3-6-9(11)12/h1-2,4-5,10H,3,6H2,(H,11,12)",NMHMNPHRMNGLLB-UHFFFAOYSA-N
120,"3,3'-dithiodipropionic acid",,5.204119983,1119-62-6,O=C(O)CCSSCCC(=O)O,,,10.1021/tx0155451,"sulfide, disulfide",Sulfur-containing organics,"InChI=1S/C6H10O4S2/c7-5(8)1-3-11-12-4-2-6(9)10/h1-4H2,(H,7,8)(H,9,10)",YCLSOMLVSHPPFV-UHFFFAOYSA-N
121,3-amino isobutyric acid,,7.854306042,857809-61-1,CC(CN)C(=O)O,,,doi.org/10.1016/j.watres.2012.06.006,amine,Nitrogen-containing organics,"InChI=1S/C4H9NO2/c1-3(2-5)4(6)7/h3H,2,5H2,1H3,(H,6,7)",QCHPKSFMDHPSNR-UHFFFAOYSA-N
122,3-amino-butyric acid,,7.589949601,1219803-65-2,CC(N)CC(=O)O,,,doi.org/10.1016/j.watres.2012.06.006,amine,Nitrogen-containing organics,"InChI=1S/C4H9NO2/c1-3(5)2-4(6)7/h3H,2,5H2,1H3,(H,6,7)",OQEBBZSWEGYTPG-UHFFFAOYSA-N
123,"3-dimethylamino-8,9-benzo phenoxazine chloride, MB+",,2.096910013,478299-27-3,C[N+](C)=c1ccc2nc3c(ccc4ccccc43)oc-2c1,,,https://kinetics.nist.gov/solution/,heterocycle,Heterocycles,"InChI=1S/C18H15N2O/c1-20(2)13-8-9-15-17(11-13)21-16-10-7-12-5-3-4-6-14(12)18(16)19-15/h3-11H,1-2H3/q+1",BZAQMGZYZWMMRU-UHFFFAOYSA-N
124,3-hydroxy (resorcinol),,6.133538908,91782-46-6,Oc1cccc(O)c1,,,10.1021/es010076a,phenol,Oxygenated organics,"InChI=1S/C6H6O2/c7-5-2-1-3-6(8)4-5/h1-4,7-8H",GHMLBKRAJCXXBS-UHFFFAOYSA-N
125,"3-hydroxy-4,6-dichloro",,4.506505032,38730-66-4,Oc1cc(O)c(Cl)cc1Cl,,,10.1021/es010076a,halogenated,Halogenated organics,"InChI=1S/C6H4Cl2O2/c7-3-1-4(8)6(10)2-5(3)9/h1-2,9-10H",GRLQBYQELUWBIO-UHFFFAOYSA-N
126,"3-hydroxy-4,6-dichlorophenolate",,6.139046257,68957-70-0,[O-]c1cc(O)c(Cl)cc1Cl,,,doi.org/10.1016/j.watres.2012.06.006,halogenated,Halogenated organics,"InChI=1S/C6H4Cl2O2/c7-3-1-4(8)6(10)2-5(3)9/h1-2,9-10H/p-1",GRLQBYQELUWBIO-UHFFFAOYSA-M
127,3-hydroxy-4-chloro,,5.155336037,856086-91-4,Oc1ccc(Cl)c(O)c1,,,10.1021/es010076a,halogenated,Halogenated organics,"InChI=1S/C6H5ClO2/c7-5-2-1-4(8)3-6(5)9/h1-3,8-9H",JQVAPEJNIZULEK-UHFFFAOYSA-N
128,3-hydroxy-4-chlorophenolate,,5.155336037,85940-53-0,[O-]c1ccc(Cl)c(O)c1,,,doi.org/10.1016/j.watres.2012.06.006,halogenated,Halogenated organics,"InChI=1S/C6H5ClO2/c7-5-2-1-4(8)3-6(5)9/h1-3,8-9H/p-1",JQVAPEJNIZULEK-UHFFFAOYSA-M
129,3-hydroxy-5-methyl (resorcinol),,5.71432976,21269-88-5,Cc1cc(O)cc(O)c1,,,10.1021/es010076a,phenol,Oxygenated organics,"InChI=1S/C7H8O2/c1-5-2-6(8)4-7(9)3-5/h2-4,8-9H,1H3",OIPPWFOQEKKFEE-UHFFFAOYSA-N
130,3-hydroxyphenolate,,7.097118374,30008-10-7,[O-]c1cccc(O)c1,,,doi.org/10.1016/j.watres.2012.06.006,phenol,Oxygenated organics,"InChI=1S/C6H6O2/c7-5-2-1-3-6(8)4-5/h1-4,7-8H/p-1",GHMLBKRAJCXXBS-UHFFFAOYSA-M
131,"3-oxido-4,6-dichlorophenolate",,7.771587481,68957-70-0,[O-]c1cc([O-])c(Cl)cc1Cl,,,doi.org/10.1016/j.watres.2012.06.006,halogenated,Halogenated organics,"InChI=1S/C6H4Cl2O2/c7-3-1-4(8)6(10)2-5(3)9/h1-2,9-10H/p-2",GRLQBYQELUWBIO-UHFFFAOYSA-L
132,3-oxido-4-chloro,,7.804139432,154419-01-9,[O-]c1cc(O)ccc1Cl,,,10.1021/es010076a,halogenated,Halogenated organics,"InChI=1S/C6H5ClO2/c7-5-2-1-4(8)3-6(5)9/h1-3,8-9H/p-1",JQVAPEJNIZULEK-UHFFFAOYSA-M
133,3-oxido-4-chlorophenolate,,7.828015064,85940-53-0,[O-]c1ccc(Cl)c([O-])c1,,,doi.org/10.1016/j.watres.2012.06.006,halogenated,Halogenated organics,"InChI=1S/C6H5ClO2/c7-5-2-1-4(8)3-6(5)9/h1-3,8-9H/p-2",JQVAPEJNIZULEK-UHFFFAOYSA-L
134,3-oxido-5-methylphenolate,,8.62324929,93839-63-5,Cc1cc([O-])cc([O-])c1,,,doi.org/10.1016/j.watres.2012.06.006,phenol,Oxygenated organics,"InChI=1S/C7H8O2/c1-5-2-6(8)4-7(9)3-5/h2-4,8-9H,1H3/p-2",OIPPWFOQEKKFEE-UHFFFAOYSA-L
135,3-oxidophenolate,,8.06069784,1240526-29-7,[O-]c1cccc([O-])c1,,,doi.org/10.1016/j.watres.2012.06.006,phenol,Oxygenated organics,"InChI=1S/C6H6O2/c7-5-2-1-3-6(8)4-5/h1-4,7-8H/p-2",GHMLBKRAJCXXBS-UHFFFAOYSA-L
136,4-amino butyric acid,,7.878521796,1219803-65-2,NCCCC(=O)O,,,doi.org/10.1016/j.watres.2012.06.006,amine,Nitrogen-containing organics,"InChI=1S/C4H9NO2/c5-3-1-2-4(6)7/h1-3,5H2,(H,6,7)",BTCSSZJGUNDROE-UHFFFAOYSA-N
137,4-bromophenolate,,3.361727836,7003-65-8,[O-]c1ccc(Br)cc1,,,doi.org/10.1016/j.watres.2012.06.006,halogenated,Halogenated organics,"InChI=1S/C6H5BrO/c7-5-1-3-6(8)4-2-5/h1-4,8H/p-1",GZFGOTFRPZRKDS-UHFFFAOYSA-M
138,4-chlorophenol,,3.418073408,1235439-85-6,Oc1ccc(Cl)cc1,,,10.1021/es010076a,halogenated,Halogenated organics,"InChI=1S/C6H5ClO/c7-5-1-3-6(8)4-2-5/h1-4,8H",WXNZTHHGJRFXKQ-UHFFFAOYSA-N
139,4-chlorophenolate,,3.336459734,85940-53-0,[O-]c1ccc(Cl)cc1,,,doi.org/10.1016/j.watres.2012.06.006,halogenated,Halogenated organics,"InChI=1S/C6H5ClO/c7-5-1-3-6(8)4-2-5/h1-4,8H/p-1",WXNZTHHGJRFXKQ-UHFFFAOYSA-M
140,4-cyanophenol,,1.927370363,1025089-21-7,N#Cc1ccc(O)cc1,,,10.1021/es010076a,phenol,Oxygenated organics,"InChI=1S/C7H5NO/c8-5-6-1-3-7(9)4-2-6/h1-4,9H",CVNOWLNNPYYEOH-UHFFFAOYSA-N
141,4-imidazoleacetic acid,,5.079181246,90167-43-4,O=C(O)Cc1c[nH]cn1,7.3,,10.1021/tx0155451,carboxylic acid,Oxygenated organics,"InChI=1S/C5H6N2O2/c8-5(9)1-4-2-6-3-7-4/h2-3H,1H2,(H,6,7)(H,8,9)",PRJKNHOMHKJCEJ-UHFFFAOYSA-N
142,4-iodophenol,,3.303196057,1021325-54-1,Oc1ccc(I)cc1,,,10.1021/es010076a,halogenated,Halogenated organics,"InChI=1S/C6H5IO/c7-5-1-3-6(8)4-2-5/h1-4,8H",VSMDINRNYYEDRN-UHFFFAOYSA-N
143,4-methyl (p-cresol),,4.432969291,84989-04-8,Cc1ccc(O)cc1,,,10.1021/es010076a,phenol,Oxygenated organics,"InChI=1S/C7H8O/c1-6-2-4-7(8)5-3-6/h2-5,8H,1H3",IWDCLRJOBJJRNH-UHFFFAOYSA-N
144,4-methylphenolate,,4.432969291,93839-63-5,Cc1ccc([O-])cc1,,,doi.org/10.1016/j.watres.2012.06.006,phenol,Oxygenated organics,"InChI=1S/C7H8O/c1-6-2-4-7(8)5-3-6/h2-5,8H,1H3/p-1",IWDCLRJOBJJRNH-UHFFFAOYSA-M
145,4-n-nonylphenol,,0.117271296,84852-15-3,CCCCCCCCCc1ccc(O)cc1,,,10.1021/es040006e,phenol,Oxygenated organics,"InChI=1S/C15H24O/c1-2-3-4-5-6-7-8-9-14-10-12-15(16)13-11-14/h10-13,16H,2-9H2,1H3",IGFHQQFPSIBGKE-UHFFFAOYSA-N
146,4-n-nonylphenol,,4.875061263,84852-15-3,CCCCCCCCCc1ccc([O-])cc1,,,10.1021/es040006e,phenol,Oxygenated organics,"InChI=1S/C15H24O/c1-2-3-4-5-6-7-8-9-14-10-12-15(16)13-11-14/h10-13,16H,2-9H2,1H3/p-1",IGFHQQFPSIBGKE-UHFFFAOYSA-M
147,"7-amino-3-diethylamino-8,9-benzo phenoxazine chloride, NB+",,3.710963119,478299-27-3,CC[N+](CC)=c1ccc2nc3c(cc(N)c4ccccc43)oc-2c1,,,https://kinetics.nist.gov/solution/,heterocycle,Heterocycles,"InChI=1S/C20H19N3O/c1-3-23(4-2)13-9-10-17-18(11-13)24-19-12-16(21)14-7-5-6-8-15(14)20(19)22-17/h5-12,21H,3-4H2,1-2H3/p+1",YQSIDWSTCJNDPD-UHFFFAOYSA-O
148,Acetamidine,,2.113943352,144757-44-8,CC(=N)N,7.3,,10.1021/tx0155451,amine,Nitrogen-containing organics,"InChI=1S/C2H6N2/c1-2(3)4/h1H3,(H3,3,4)",OQLZINXFSUDMHM-UHFFFAOYSA-N
149,acetaminophen-dissociated,,3.84509804,462631-86-3,CC(=O)Nc1ccc([O-])cc1,,,doi.org/10.1016/j.watres.2012.06.006,phenol,Oxygenated organics,"InChI=1S/C8H9NO2/c1-6(10)9-7-2-4-8(11)5-3-7/h2-5,11H,1H3,(H,9,10)/p-1",RZVAJINKPMORJF-UHFFFAOYSA-M
150,Ala,,4.73239376,61043-68-3,CC(N)C(=O)O,7.3,,doi.org/10.1016/j.watres.2012.06.006,amine,Nitrogen-containing organics,"InChI=1S/C3H7NO2/c1-2(4)3(5)6/h2H,4H2,1H3,(H,5,6)",QNAYBMKLOCPYGJ-UHFFFAOYSA-N
151,Amoxicillin (AMX),,5.579783597,2088960-43-2,CC1(C)S[C@@H]2[C@H](NC(=O)C(N)c3ccc([O-])cc3)C(=O)N2[C@H]1C(=O)O,,,10.1016/j.cej.2013.02.024,"sulfide, disulfide",Sulfur-containing organics,"InChI=1S/C16H19N3O5S/c1-16(2)11(15(23)24)19-13(22)10(14(19)25-16)18-12(21)9(17)7-3-5-8(20)6-4-7/h3-6,9-11,14,20H,17H2,1-2H3,(H,18,21)(H,23,24)/p-1/t9?,10-,11+,14-/m1/s1",LSQZJLSUYDQPKJ-UWFZAAFLSA-M
152,Amoxicillin (AMX),,7.301029996,2088960-43-2,CC1(C)S[C@@H]2[C@H](NC(=O)C(N)c3ccc([O-])cc3)C(=O)N2[C@H]1C(=O)[O-],,,10.1016/j.cej.2013.02.024,"sulfide, disulfide",Sulfur-containing organics,"InChI=1S/C16H19N3O5S/c1-16(2)11(15(23)24)19-13(22)10(14(19)25-16)18-12(21)9(17)7-3-5-8(20)6-4-7/h3-6,9-11,14,20H,17H2,1-2H3,(H,18,21)(H,23,24)/p-2/t9?,10-,11+,14-/m1/s1",LSQZJLSUYDQPKJ-UWFZAAFLSA-L
153,Amoxicillin (AMX),,4.414973348,2088960-43-2,CC1(C)S[C@@H]2[C@H](NC(=O)C([NH3+])c3ccc(O)cc3)C(=O)N2[C@H]1C(=O)O,,,10.1016/j.cej.2013.02.024,"sulfide, disulfide",Sulfur-containing organics,"InChI=1S/C16H19N3O5S/c1-16(2)11(15(23)24)19-13(22)10(14(19)25-16)18-12(21)9(17)7-3-5-8(20)6-4-7/h3-6,9-11,14,20H,17H2,1-2H3,(H,18,21)(H,23,24)/p+1/t9?,10-,11+,14-/m1/s1",LSQZJLSUYDQPKJ-UWFZAAFLSA-O
154,Amoxicillin (AMX),,4.414973348,2088960-43-2,CC1(C)S[C@@H]2[C@H](NC(=O)C(N)c3ccc(O)cc3)C(=O)N2[C@H]1C(=O)O,,,10.1016/j.cej.2013.02.024,"sulfide, disulfide",Sulfur-containing organics,"InChI=1S/C16H19N3O5S/c1-16(2)11(15(23)24)19-13(22)10(14(19)25-16)18-12(21)9(17)7-3-5-8(20)6-4-7/h3-6,9-11,14,20H,17H2,1-2H3,(H,18,21)(H,23,24)/t9?,10-,11+,14-/m1/s1",LSQZJLSUYDQPKJ-UWFZAAFLSA-N
155,Atenolol,,-1.886056648,1202864-50-3,CC(C)NCC(O)COc1ccc(CC(N)=O)cc1,7,,10.1016/j.watres.2009.11.045,amide,Nitrogen-containing organics,"InChI=1S/C14H22N2O3/c1-10(2)16-8-12(17)9-19-13-5-3-11(4-6-13)7-14(15)18/h3-6,10,12,16-17H,7-9H2,1-2H3,(H2,15,18)",METKIMKYRPQLGS-UHFFFAOYSA-N
156,Atenolol,,4.544068044,1202864-50-3,CC(C)NCC(O)COc1ccc(CC(N)=O)cc1,,,10.1016/j.watres.2009.11.045,amide,Nitrogen-containing organics,"InChI=1S/C14H22N2O3/c1-10(2)16-8-12(17)9-19-13-5-3-11(4-6-13)7-14(15)18/h3-6,10,12,16-17H,7-9H2,1-2H3,(H2,15,18)",METKIMKYRPQLGS-UHFFFAOYSA-N
157,bromochloroacetamide,,1.460730839,62872-34-8,NC(=O)C(Cl)Br,,,10.1016/j.watres.2018.06.024,halogenated,Halogenated organics,"InChI=1S/C2H3BrClNO/c3-1(4)2(5)6/h1H,(H2,5,6)",GKRKWDWETUTQOT-UHFFFAOYSA-N
158,Bromochloroacetonitrile,,-1.045757491,83463-62-1,N#CC(Cl)Br,,,10.1016/j.watres.2018.06.024,halogenated,Halogenated organics,InChI=1S/C2HBrClN/c3-2(4)1-5/h2H,BMWPPNAUMLRKML-UHFFFAOYSA-N
159,bromodichloroacetamide,,2.074125374,98137-00-9,NC(=O)C(Cl)(Cl)Br,,,10.1016/j.watres.2018.06.024,halogenated,Halogenated organics,"InChI=1S/C2H2BrCl2NO/c3-2(4,5)1(6)7/h(H2,6,7)",BYGNVSUVJJULOS-UHFFFAOYSA-N
160,Bromodichloroacetonitrile,,0.577236408,60523-73-1,N#CC(Cl)(Cl)Br,,,10.1016/j.watres.2018.06.024,halogenated,Halogenated organics,"InChI=1S/C2BrCl2N/c3-2(4,5)1-6",XDJVVCPVQOCPJI-UHFFFAOYSA-N
161,bromoiodoacetamide,,1.09594384,62872-36-0,NC(=O)C(Br)I,,,10.1016/j.watres.2018.06.024,halogenated,Halogenated organics,"InChI=1S/C2H3BrINO/c3-1(4)2(5)6/h1H,(H2,5,6)",XQMKVQDLGURGON-UHFFFAOYSA-N
162,carbimazole,,6.84509804,22232-54-8,CCOC(=O)n1ccn(C)c1=S,,,doi.org/10.1016/j.watres.2012.06.006,sulfur-containing,Sulfur-containing organics,"InChI=1S/C7H10N2O2S/c1-3-11-7(10)9-5-4-8(2)6(9)12/h4-5H,3H2,1-2H3",CFOYWRHIYXMDOT-UHFFFAOYSA-N
163,carnosine,,5.204119983,9023-61-4,NCCC(=O)N[C@@H](Cc1cnc[nH]1)C(=O)O,7.4,,10.1021/acs.chemrestox.8b00363,imidazole,Heterocycles,"InChI=1S/C9H14N4O3/c10-2-1-8(14)13-7(9(15)16)3-6-4-11-5-12-6/h4-5,7H,1-3,10H2,(H,11,12)(H,13,14)(H,15,16)/t7-/m0/s1",CQOVPNPJLQNMDC-ZETCQYMHSA-N
164,carnosine,,5.079181246,9023-61-4,NCCC(=O)N[C@@H](Cc1cnc[nH]1)C(=O)O,7,,10.1021/acs.chemrestox.8b00363,imidazole,Heterocycles,"InChI=1S/C9H14N4O3/c10-2-1-8(14)13-7(9(15)16)3-6-4-11-5-12-6/h4-5,7H,1-3,10H2,(H,11,12)(H,13,14)(H,15,16)/t7-/m0/s1",CQOVPNPJLQNMDC-ZETCQYMHSA-N
165,carnosine,,5.255272505,9023-61-4,NCCC(=O)N[C@@H](Cc1cnc[nH]1)C(=O)O,8,,10.1021/acs.chemrestox.8b00363,imidazole,Heterocycles,"InChI=1S/C9H14N4O3/c10-2-1-8(14)13-7(9(15)16)3-6-4-11-5-12-6/h4-5,7H,1-3,10H2,(H,11,12)(H,13,14)(H,15,16)/t7-/m0/s1",CQOVPNPJLQNMDC-ZETCQYMHSA-N
166,catechin,,5.397940009,52891-13-1,Oc1cc(O)c2c(c1)O[C@H](c1ccc(O)c(O)c1)[C@@H](O)C2,,,10.1016/j.tiv.2012.04.010,phenol,Oxygenated organics,"InChI=1S/C15H14O6/c16-8-4-11(18)9-6-13(20)15(21-14(9)5-8)7-1-2-10(17)12(19)3-7/h1-5,13,15-20H,6H2/t13-,15+/m0/s1",PFTAWBLQPZVEMU-DZGCQCFKSA-N
167,chloroiodoacetamide,,1.160535223,62872-35-9,NC(=O)C(Cl)I,,,10.1016/j.watres.2018.06.024,halogenated,Halogenated organics,"InChI=1S/C2H3ClINO/c3-1(4)2(5)6/h1H,(H2,5,6)",UWWIMPAKBITDPS-UHFFFAOYSA-N
168,chlorotetracycline,,5.580924976,7301-38-4,C[NH+](C)[C@@H]1C([O-])=C(C(N)=O)C(=O)[C@@]2(O)C(O)=C3C(=O)c4c([O-])ccc(Cl)c4[C@@](C)(O)[C@H]3C[C@@H]12,,,10.1016/j.watres.2010.11.039,halogenated,Halogenated organics,"InChI=1S/C22H23ClN2O8/c1-21(32)7-6-8-15(25(2)3)17(28)13(20(24)31)19(30)22(8,33)18(29)11(7)16(27)12-10(26)5-4-9(23)14(12)21/h4-5,7-8,15,26,28-29,32-33H,6H2,1-3H3,(H2,24,31)/p-1/t7-,8-,15-,21-,22-/m0/s1",CYDMQBQPVICBEU-XRNKAMNCSA-M
169,chlorotetracycline,,7.238046103,7301-38-4,C[NH+](C)[C@@H]1C(O)=C(C(N)=O)C(=O)[C@@]2(O)C(O)=C3C(=O)c4c(O)ccc(Cl)c4[C@@](C)(O)[C@H]3C[C@@H]12,,,10.1016/j.watres.2010.11.039,halogenated,Halogenated organics,"InChI=1S/C22H23ClN2O8/c1-21(32)7-6-8-15(25(2)3)17(28)13(20(24)31)19(30)22(8,33)18(29)11(7)16(27)12-10(26)5-4-9(23)14(12)21/h4-5,7-8,15,26,28-29,32-33H,6H2,1-3H3,(H2,24,31)/p+1/t7-,8-,15-,21-,22-/m0/s1",CYDMQBQPVICBEU-XRNKAMNCSA-O
170,Ciprofloxacin,,5.880813592,93398-92-6,O=C(O)c1cn(C2CC2)c2cc(N3CCNCC3)c(F)cc2c1=O,7,,10.1016/j.chemosphere.2008.08.033,halogenated,Halogenated organics,"InChI=1S/C17H18FN3O3/c18-13-7-11-14(8-15(13)20-5-3-19-4-6-20)21(10-1-2-10)9-12(16(11)22)17(23)24/h7-10,19H,1-6H2,(H,23,24)",MYSWGUAQZAJSOK-UHFFFAOYSA-N
171,cysteine,,8.817741873,114507-35-6,N[C@@H](CS)C(=O)O,,,10.1016/j.freeradbiomed.2014.04.024,thiol,Sulfur-containing organics,"InChI=1S/C3H7NO2S/c4-2(1-7)3(5)6/h2,7H,1,4H2,(H,5,6)/t2-/m0/s1",XUJNEKJLAYXESH-REOHCLBHSA-N
172,dibromoacetamide,,1.356450803,598-70-9,NC(=O)C(Br)Br,,,10.1016/j.watres.2018.06.024,halogenated,Halogenated organics,"InChI=1S/C2H3Br2NO/c3-1(4)2(5)6/h1H,(H2,5,6)",YUIKPESWSMJSMP-UHFFFAOYSA-N
173,dibromoacetonitrile,,-1.36878178,3252-43-5,N#CC(Br)Br,,,10.1016/j.watres.2018.06.024,halogenated,Halogenated organics,InChI=1S/C2HBr2N/c3-2(4)1-5/h2H,NDSBDLSWTGLNQA-UHFFFAOYSA-N
174,dibromochloroacetamide,,2.125842576,855878-13-6,NC(=O)C(Cl)(Br)Br,,,10.1016/j.watres.2018.06.024,halogenated,Halogenated organics,"InChI=1S/C2H2Br2ClNO/c3-2(4,5)1(6)7/h(H2,6,7)",MBEDDIHHCDUVJV-UHFFFAOYSA-N
175,Diethyl selenodiglycolate,,7.84509804,609-09-6,CCOC(=O)COCC(=[Se])OCC,,,10.21577/0103-5053.20200009,ester,Oxygenated organics,"InChI=1S/C8H14O4Se/c1-3-11-7(9)5-10-6-8(13)12-4-2/h3-6H2,1-2H3",YVBFSIJCGCDMMG-UHFFFAOYSA-N
176,diethylethanolamine,,5.146128036,53404-34-5,CCN(CC)CCO,,,doi.org/10.1016/j.watres.2012.06.006,amine,Nitrogen-containing organics,"InChI=1S/C6H15NO/c1-3-7(4-2)5-6-8/h8H,3-6H2,1-2H3",BFSVOASYOCHEOV-UHFFFAOYSA-N
177,dimethylethanolamine,,4.477121255,287476-09-9,CN(C)CCO,,,doi.org/10.1016/j.watres.2012.06.006,amine,Nitrogen-containing organics,"InChI=1S/C4H11NO/c1-5(2)3-4-6/h6H,3-4H2,1-2H3",UEEJHVSXFDXPFK-UHFFFAOYSA-N
178,Dithiodiglycolic acid,,5.342422681,505-73-7,O=C([O-])C(O)SSC(O)C(=O)[O-],,,10.1021/acs.inorgchem.6b03182,"sulfide, disulfide",Sulfur-containing organics,"InChI=1S/C4H6O6S2/c5-1(6)3(9)11-12-4(10)2(7)8/h3-4,9-10H,(H,5,6)(H,7,8)/p-2",GFMVYXDDJXOAQL-UHFFFAOYSA-L
179,enrofloxacin,,2.707570176,1219795-24-0,CCN1CCN(c2cc3c(cc2F)c(=O)c(C(=O)O)cn3C2CC2)CC1,7,,10.1016/j.chemosphere.2008.08.033,halogenated,Halogenated organics,"InChI=1S/C19H22FN3O3/c1-2-21-5-7-22(8-6-21)17-10-16-13(9-15(17)20)18(24)14(19(25)26)11-23(16)12-3-4-12/h9-12H,2-8H2,1H3,(H,25,26)",SPFYMRJSYKOXGV-UHFFFAOYSA-N
180,epigallocatechin galate,,5.698970004,121958-00-7,O=C(O[C@@H]1Cc2c(O)cc(O)cc2O[C@@H]1c1cc(O)c(O)c(O)c1)c1cc(O)c(O)c(O)c1,,,10.1016/j.tiv.2012.04.010,phenol,Oxygenated organics,"InChI=1S/C22H18O11/c23-10-5-12(24)11-7-18(33-22(31)9-3-15(27)20(30)16(28)4-9)21(32-17(11)6-10)8-1-13(25)19(29)14(26)2-8/h1-6,18,21,23-30H,7H2/t18-,21-/m1/s1",WMBWREPUVVBILR-WIYYLYMNSA-N
181,estriol,,0.683047038,1417721-33-5,C[C@]12CC[C@@H]3c4ccc(O)cc4CC[C@H]3[C@@H]1C[C@@H](O)[C@@H]2O,,,10.1021/es040006e,phenol,Oxygenated organics,"InChI=1S/C18H24O3/c1-18-7-6-13-12-5-3-11(19)8-10(12)2-4-14(13)15(18)9-16(20)17(18)21/h3,5,8,13-17,19-21H,2,4,6-7,9H2,1H3/t13-,14-,15+,16-,17+,18+/m1/s1",PROQIPRRNZUXQM-ZXXIGWHRSA-N
182,estriol,,5.551449998,1417721-33-5,C[C@]12CC[C@@H]3c4ccc([O-])cc4CC[C@H]3[C@@H]1C[C@@H](O)[C@@H]2O,,,10.1021/es040006e,phenol,Oxygenated organics,"InChI=1S/C18H24O3/c1-18-7-6-13-12-5-3-11(19)8-10(12)2-4-14(13)15(18)9-16(20)17(18)21/h3,5,8,13-17,19-21H,2,4,6-7,9H2,1H3/p-1/t13-,14-,15+,16-,17+,18+/m1/s1",PROQIPRRNZUXQM-ZXXIGWHRSA-M
183,estrone,,0.572871602,53-16-7,C[C@]12CC[C@@H]3c4ccc(O)cc4CC[C@H]3[C@@H]1CCC2=O,,,10.1021/es040006e,phenol,Oxygenated organics,"InChI=1S/C18H22O2/c1-18-9-8-14-13-5-3-12(19)10-11(13)2-4-15(14)16(18)6-7-17(18)20/h3,5,10,14-16,19H,2,4,6-9H2,1H3/t14-,15-,16+,18+/m1/s1",DNXHEGUUPJUMQT-CBZIJGRNSA-N
184,Ethyl guanidine,,1.278753601,7762-35-8,CCNC(=N)N,7.3,,10.1021/tx0155451,amine,Nitrogen-containing organics,"InChI=1S/C3H9N3/c1-2-6-3(4)5/h2H2,1H3,(H4,4,5,6)",KEWLVUBYGUZFKX-UHFFFAOYSA-N
185,ethylamine,,8.29666519,4442-90-4,CCN,,,doi.org/10.1016/j.watres.2012.06.006,amine,Nitrogen-containing organics,"InChI=1S/C2H7N/c1-2-3/h2-3H2,1H3",QUSNBJAOOMFDIB-UHFFFAOYSA-N
186,ethyl-di-ethanolamine,,4.204119983,133827-62-0,CCN(CCO)CCO,,,doi.org/10.1016/j.watres.2012.06.006,amine,Nitrogen-containing organics,"InChI=1S/C6H15NO2/c1-2-7(3-5-8)4-6-9/h8-9H,2-6H2,1H3",AKNUHUCEWALCOI-UHFFFAOYSA-N
187,glutathione,,8.093421685,37256-48-7,N[C@@H](CCC(=O)N[C@@H](CS)C(=O)NCC(=O)O)C(=O)O,,,10.1016/j.freeradbiomed.2014.04.024,thiol,Sulfur-containing organics,"InChI=1S/C10H17N3O6S/c11-5(10(18)19)1-2-7(14)13-6(4-20)9(17)12-3-8(15)16/h5-6,20H,1-4,11H2,(H,12,17)(H,13,14)(H,15,16)(H,18,19)/t5-,6-/m0/s1",RWSXRVCMGQZWBV-WDSKDSINSA-N
188,Gly,,7.859738566,486449-24-5,NCC(=O)O,,,doi.org/10.1016/j.watres.2012.06.006,amine,Nitrogen-containing organics,"InChI=1S/C2H5NO2/c3-1-2(4)5/h1,3H2,(H,4,5)",DHMQDGOQFOQNFH-UHFFFAOYSA-N
189,Gly,,5,486449-24-5,NCC(=O)O,7.3,,doi.org/10.1016/j.watres.2012.06.006,amine,Nitrogen-containing organics,"InChI=1S/C2H5NO2/c3-1-2(4)5/h1,3H2,(H,4,5)",DHMQDGOQFOQNFH-UHFFFAOYSA-N
190,glycinamide,,6.633468456,888498-22-4,NCC(N)=O,,,doi.org/10.1016/j.watres.2012.06.006,amide,Nitrogen-containing organics,"InChI=1S/C2H6N2O/c3-1-2(4)5/h1,3H2,(H2,4,5)",BEBCJVAWIBVWNZ-UHFFFAOYSA-N
191,iso-butylamine,,8.195899652,78-81-9,CC(C)CN,,,doi.org/10.1016/j.watres.2012.06.006,amine,Nitrogen-containing organics,"InChI=1S/C4H11N/c1-4(2)3-5/h4H,3,5H2,1-2H3",KDSNLYIMUZNERS-UHFFFAOYSA-N
192,Isochlortetracycline,,4.037426498,89835-80-3,C[NH+](C)C1C([O-])=C(C(N)=O)C(=O)C2(O)C(=O)CC(C3(C)OC(=O)c4c([O-])ccc(Cl)c43)CC12,,,10.1016/j.watres.2010.11.039,halogenated,Halogenated organics,"InChI=1S/C22H23ClN2O8/c1-21(15-10(23)4-5-11(26)13(15)20(31)33-21)8-6-9-16(25(2)3)17(28)14(19(24)30)18(29)22(9,32)12(27)7-8/h4-5,8-9,16,26,28,32H,6-7H2,1-3H3,(H2,24,30)/p-1",GFSLIMZISCAANG-UHFFFAOYSA-M
193,Isochlortetracycline,,7.559906625,89835-80-3,C[NH+](C)C1C(O)=C(C(N)=O)C(=O)C2(O)C(=O)CC(C3(C)OC(=O)c4c(O)ccc(Cl)c43)CC12,,,10.1016/j.watres.2010.11.039,halogenated,Halogenated organics,"InChI=1S/C22H23ClN2O8/c1-21(15-10(23)4-5-11(26)13(15)20(31)33-21)8-6-9-16(25(2)3)17(28)14(19(24)30)18(29)22(9,32)12(27)7-8/h4-5,8-9,16,26,28,32H,6-7H2,1-3H3,(H2,24,30)/p+1",GFSLIMZISCAANG-UHFFFAOYSA-O
194,iso-propylamine,,8.274157849,1219798-50-1,CC(C)N,,,doi.org/10.1016/j.watres.2012.06.006,amine,Nitrogen-containing organics,"InChI=1S/C3H9N/c1-3(2)4/h3H,4H2,1-2H3",JJWLVOIRVHMVIS-UHFFFAOYSA-N
195,lornoxicam,,3.633468456,106820-59-1,CN1/C(=C(/O)Nc2ccccn2)C(=O)c2sc(Cl)cc2S1(=O)=O,,,10.1080/10715760310001659404,halogenated,Halogenated organics,"InChI=1S/C13H10ClN3O4S2/c1-17-10(13(19)16-9-4-2-3-5-15-9)11(18)12-7(23(17,20)21)6-8(14)22-12/h2-6,19H,1H3,(H,15,16)/b13-10+",OXROWJKCGCOJDO-JLHYYAGUSA-N
196,meloxicam,,4.230448921,1309936-00-2,Cc1cnc(N/C(O)=C2/C(=O)c3ccccc3S(=O)(=O)N2C)s1,,,10.1080/10715760310001659404,sulfoxide,Sulfur-containing organics,"InChI=1S/C14H13N3O4S2/c1-8-7-15-14(22-8)16-13(19)11-12(18)9-5-3-4-6-10(9)23(20,21)17(11)2/h3-7,19H,1-2H3,(H,15,16)/b13-11+",DWMREKMVXIFPFM-ACCUITESSA-N
197,methionine,,8.188288479,116155-75-0,CSCC[C@H](N)C(=O)O,,,10.1016/j.freeradbiomed.2014.04.024,"sulfide, disulfide",Sulfur-containing organics,"InChI=1S/C5H11NO2S/c1-9-3-2-4(6)5(7)8/h4H,2-3,6H2,1H3,(H,7,8)/t4-/m0/s1",FFEARJCKVFRZRR-BYPYZUCNSA-N
198,methylamine,,8.447158031,1449-70-3,CN,,,doi.org/10.1016/j.watres.2012.06.006,amine,Nitrogen-containing organics,"InChI=1S/CH5N/c1-2/h2H2,1H3",BAVYZALUXZFZLV-UHFFFAOYSA-N
199,methyl-di-ethanolamine,,3.806179974,133827-62-0,CN(CCO)CCO,,,doi.org/10.1016/j.watres.2012.06.006,amine,Nitrogen-containing organics,"InChI=1S/C5H13NO2/c1-6(2-4-7)3-5-8/h7-8H,2-5H2,1H3",CRVGTESFCCXCTH-UHFFFAOYSA-N
200,Metoprolol,,-1.853871964,959786-79-9,COCCc1ccc(OCC(O)CNC(C)C)cc1,7,,10.1016/j.chemosphere.2008.08.033,amine,Nitrogen-containing organics,"InChI=1S/C15H25NO3/c1-12(2)16-10-14(17)11-19-15-6-4-13(5-7-15)8-9-18-3/h4-7,12,14,16-17H,8-11H2,1-3H3",IUBSYMUCCVWXPE-UHFFFAOYSA-N
201,microcystin-LR,,2.079181246,138234-57-8,C=C1C(=O)N[C@H](C)C(=O)N[C@@H](CC(C)C)C(=O)N[C@@H](C(=O)O)[C@H](C)C(=O)N[C@@H](CCCN=C(N)N)C(=O)N[C@@H](/C=C/C(C)=C/[C@H](C)[C@H](Cc2ccccc2)OC)[C@H](C)C(=O)N[C@@H](C(=O)O)CCC(=O)N1C,,,10.1021/es5030355,amide,Nitrogen-containing organics,"InChI=1S/C49H74N10O12/c1-26(2)23-37-46(66)58-40(48(69)70)30(6)42(62)55-35(17-14-22-52-49(50)51)45(65)54-34(19-18-27(3)24-28(4)38(71-10)25-33-15-12-11-13-16-33)29(5)41(61)56-36(47(67)68)20-21-39(60)59(9)32(8)44(64)53-31(7)43(63)57-37/h11-13,15-16,18-19,24,26,28-31,34-38,40H,8,14,17,20-23,25H2,1-7,9-10H3,(H,53,64)(H,54,65)(H,55,62)(H,56,61)(H,57,63)(H,58,66)(H,67,68)(H,69,70)(H4,50,51,52)/b19-18+,27-24+/t28-,29-,30-,31+,34-,35-,36+,37-,38-,40+/m0/s1",ZYZCGGRZINLQBL-GWRQVWKTSA-N
202,Monochlorodimedon,,6.556302501,7298-89-7,CC1(C)CC(=O)C(Cl)C(=O)C1,7.3,,10.1021/tx0155451,halogenated,Halogenated organics,"InChI=1S/C8H11ClO2/c1-8(2)3-5(10)7(9)6(11)4-8/h7H,3-4H2,1-2H3",VOBIHUAWDXUCPH-UHFFFAOYSA-N
203,monoiodoacetamide,,0.605065501,144-48-9,NC(=O)CI,,,10.1016/j.watres.2018.06.024,halogenated,Halogenated organics,"InChI=1S/C2H4INO/c3-1-2(4)5/h1H2,(H2,4,5)",PGLTVOMIXTUURA-UHFFFAOYSA-N
204,"N,N-dimethylglycine",,4.698970004,74870-79-4,CN(C)CC(=O)O,,,doi.org/10.1016/j.watres.2012.06.006,amine,Nitrogen-containing organics,"InChI=1S/C4H9NO2/c1-5(2)3-4(6)7/h3H2,1-2H3,(H,6,7)",FFDGPVCHZBVARC-UHFFFAOYSA-N
205,N-acety-His,,4.903089987,411206-77-4,CC(=O)N[C@@H](Cc1c[nH]cn1)C(=O)O,7.3,,10.1021/tx0155451,imidazole,Heterocycles,"InChI=1S/C8H11N3O3/c1-5(12)11-7(8(13)14)2-6-3-9-4-10-6/h3-4,7H,2H2,1H3,(H,9,10)(H,11,12)(H,13,14)/t7-/m0/s1",KBOJOGQFRVVWBH-ZETCQYMHSA-N
206,N-acetyl- Arg-Ome,,1.505149978,113715-88-1,COC(=O)[C@H](CCCNC(=N)N)NC(C)=O,7.3,,10.1021/tx0155451,amide,Nitrogen-containing organics,"InChI=1S/C9H18N4O3/c1-6(14)13-7(8(15)16-2)4-3-5-12-9(10)11/h7H,3-5H2,1-2H3,(H,13,14)(H4,10,11,12)/t7-/m0/s1",SQTPLGZIJHJLSF-ZETCQYMHSA-N
207,N-acetylcystein,,7.462397998,126190-04-3,CC(=O)N[C@@H](CS)C(=O)O,,,10.1016/j.freeradbiomed.2014.04.024,thiol,Sulfur-containing organics,"InChI=1S/C5H9NO3S/c1-3(7)6-4(2-10)5(8)9/h4,10H,2H2,1H3,(H,6,7)(H,8,9)/t4-/m0/s1",PWKSKIMOESPYIA-BYPYZUCNSA-N
208,N-acetyl-Lys,,3.897627091,81483-91-2,CC(=O)NC(CCCCN)C(=O)O,7.3,,10.1021/tx0155451,amide,Nitrogen-containing organics,"InChI=1S/C8H16N2O3/c1-6(11)10-7(8(12)13)4-2-3-5-9/h7H,2-5,9H2,1H3,(H,10,11)(H,12,13)",VEYYWZRYIYDQJM-UHFFFAOYSA-N
209,N-acetyl-Trp,,3.892094603,219661-33-3,CC(=O)N[C@@H](Cc1c[nH]c2ccccc12)C(=O)O,7.3,,10.1021/tx0155451,amide,Nitrogen-containing organics,"InChI=1S/C13H14N2O3/c1-8(16)15-12(13(17)18)6-9-7-14-11-5-3-2-4-10(9)11/h2-5,7,12,14H,6H2,1H3,(H,15,16)(H,17,18)/t12-/m0/s1",DZTHIGRZJZPRDV-LBPRGKRZSA-N
210,N-acetyl-Tyr,,1.672097858,70529-66-7,CC(=O)N[C@@H](Cc1ccc(O)cc1)C(=O)O,7.3,,10.1021/tx0155451,phenol,Oxygenated organics,"InChI=1S/C11H13NO4/c1-7(13)12-10(11(15)16)6-8-2-4-9(14)5-3-8/h2-5,10,14H,6H2,1H3,(H,12,13)(H,15,16)/t10-/m0/s1",CAHKINHBCWCHCF-JTQLQIEISA-N
211,Nadolol,,-0.638272164,2434865-25-3,CC(C)(C)NCC(O)COc1cccc2c1C[C@H](O)[C@H](O)C2,7,,10.1016/j.chemosphere.2008.08.033,amine,Nitrogen-containing organics,"InChI=1S/C17H27NO4/c1-17(2,3)18-9-12(19)10-22-16-6-4-5-11-7-14(20)15(21)8-13(11)16/h4-6,12,14-15,18-21H,7-10H2,1-3H3/t12?,14-,15+/m1/s1",VWPOSFSPZNDTMJ-UCWKZMIHSA-N
212,n-butylamine,,8.212187604,1208080-07-2,CCCCN,,,doi.org/10.1016/j.watres.2012.06.006,amine,Nitrogen-containing organics,"InChI=1S/C4H11N/c1-2-3-4-5/h2-5H2,1H3",HQABUPZFAYXKJW-UHFFFAOYSA-N
213,N-Cl-b-alanine,,2.444044796,13215-35-5,O=C(O)CNCl,,,doi.org/10.1016/j.watres.2012.06.006,halogenated,Halogenated organics,"InChI=1S/C2H4ClNO2/c3-4-1-2(5)6/h4H,1H2,(H,5,6)",YKCPTPSKQFNDHL-UHFFFAOYSA-N
214,N-Cl-glycylglycine,,0.939519253,23273-91-8,O=C(O)CNC(=O)CNCl,,,doi.org/10.1016/j.watres.2012.06.006,halogenated,Halogenated organics,"InChI=1S/C4H7ClN2O3/c5-7-1-3(8)6-2-4(9)10/h7H,1-2H2,(H,6,8)(H,9,10)",ILKNHLINVXNMPC-UHFFFAOYSA-N
215,NH3,,6.477121255,19496-55-0,N,,,doi.org/10.1016/j.watres.2012.06.006,amine,Nitrogen-containing organics,InChI=1S/H3N/h1H3,QGZKDVFQNNGYKY-UHFFFAOYSA-N
216,nimesulide,,2.361727836,10932-22-6,CS(=O)(=O)Nc1ccc([N+](=O)[O-])cc1Oc1ccccc1,,,10.1080/10715760310001659404,sulfoxide,Sulfur-containing organics,"InChI=1S/C13H12N2O5S/c1-21(18,19)14-12-8-7-10(15(16)17)9-13(12)20-11-5-3-2-4-6-11/h2-9,14H,1H3",HYWYRSMBCFDLJT-UHFFFAOYSA-N
217,oxytetracycline,,6.686636269,8017-33-2,CN(C)[C@@H]1C([O-])=C(C(N)=O)C(=O)[C@@]2(O)C(O)=C3C(=O)c4c([O-])cccc4[C@@](C)(O)[C@H]3[C@H](O)[C@@H]12,,,10.1016/j.watres.2010.11.039,phenol,Oxygenated organics,"InChI=1S/C22H24N2O9/c1-21(32)7-5-4-6-8(25)9(7)15(26)10-12(21)17(28)13-14(24(2)3)16(27)11(20(23)31)19(30)22(13,33)18(10)29/h4-6,12-14,17,25,27-29,32-33H,1-3H3,(H2,23,31)/p-2/t12-,13-,14+,17+,21-,22+/m1/s1",IWVCMVBTMGNXQD-PXOLEDIWSA-L
218,oxytetracycline,,6.859138297,8017-33-2,C[NH+](C)[C@@H]1C([O-])=C(C(N)=O)C(=O)[C@@]2(O)C(O)=C3C(=O)c4c([O-])cccc4[C@@](C)(O)[C@H]3[C@H](O)[C@@H]12,,,10.1016/j.watres.2010.11.039,phenol,Oxygenated organics,"InChI=1S/C22H24N2O9/c1-21(32)7-5-4-6-8(25)9(7)15(26)10-12(21)17(28)13-14(24(2)3)16(27)11(20(23)31)19(30)22(13,33)18(10)29/h4-6,12-14,17,25,27-29,32-33H,1-3H3,(H2,23,31)/p-1/t12-,13-,14+,17+,21-,22+/m1/s1",IWVCMVBTMGNXQD-PXOLEDIWSA-M
219,oxytetracycline,,7.103803721,8017-33-2,C[NH+](C)[C@@H]1C(O)=C(C(N)=O)C(=O)[C@@]2(O)C(O)=C3C(=O)c4c(O)cccc4[C@@](C)(O)[C@H]3[C@H](O)[C@@H]12,,,10.1016/j.watres.2010.11.039,phenol,Oxygenated organics,"InChI=1S/C22H24N2O9/c1-21(32)7-5-4-6-8(25)9(7)15(26)10-12(21)17(28)13-14(24(2)3)16(27)11(20(23)31)19(30)22(13,33)18(10)29/h4-6,12-14,17,25,27-29,32-33H,1-3H3,(H2,23,31)/p+1/t12-,13-,14+,17+,21-,22+/m1/s1",IWVCMVBTMGNXQD-PXOLEDIWSA-O
220,para-aminobenzoic acid,,3.633468456,94348-92-2,Nc1ccc(C(=O)O)cc1,,,10.1080/10715760310001659404,carboxylic acid,Oxygenated organics,"InChI=1S/C7H7NO2/c8-6-3-1-5(2-4-6)7(9)10/h1-4H,8H2,(H,9,10)",ALYNCZNDIQEVRV-UHFFFAOYSA-N
221,Paracetamol,,2.176091259,58357-81-6,CC(=O)Nc1ccc(O)cc1,7,,10.1016/j.chemosphere.2008.08.033,phenol,Oxygenated organics,"InChI=1S/C8H9NO2/c1-6(10)9-7-2-4-8(11)5-3-7/h2-5,11H,1H3,(H,9,10)",RZVAJINKPMORJF-UHFFFAOYSA-N
222,phenolate,,4.340444115,31061-59-3,[O-]c1ccccc1,,,doi.org/10.1016/j.watres.2012.06.006,phenol,Oxygenated organics,"InChI=1S/C6H6O/c7-6-4-2-1-3-5-6/h1-5,7H/p-1",ISWSIDIOOBJBQZ-UHFFFAOYSA-M
223,phosphorul-ethanolamine,,4.255272505,133827-62-0,NCCOP(=O)([O-])O,,,10.1021/tx025670s,phosphorus,Phosphorus-containing organics,"InChI=1S/C2H8NO4P/c3-1-2-7-8(4,5)6/h1-3H2,(H2,4,5,6)/p-1",SUHOOTKUPISOBE-UHFFFAOYSA-M
224,phosphoryl-choline,,2.255272505,9028-67-5,C[N+](C)(C)CCOP(=O)([O-])O,,,10.1021/tx025670s,phosphorus,Phosphorus-containing organics,"InChI=1S/C5H14NO4P/c1-6(2,3)4-5-10-11(7,8)9/h4-5H2,1-3H3,(H-,7,8,9)",YHHSONZFOIEMCP-UHFFFAOYSA-N
225,phosphoryl-serine,,4.51851394,918794-13-5,NC(COP(=O)([O-])O)C(=O)O,,,10.1021/tx025670s,phosphorus,Phosphorus-containing organics,"InChI=1S/C3H8NO6P/c4-2(3(5)6)1-10-11(7,8)9/h2H,1,4H2,(H,5,6)(H2,7,8,9)/p-1",BZQFBWGGLXLEPQ-UHFFFAOYSA-M
226,Propionamide,,-1.387216143,10601-74-8,CCC(N)=O,7.3,,10.1021/tx0155451,amide,Nitrogen-containing organics,"InChI=1S/C3H7NO/c1-2-3(4)5/h2H2,1H3,(H2,4,5)",QLNJFJADRCOGBJ-UHFFFAOYSA-N
227,propylamine,,8.26245109,1219798-50-1,CCCN,,,doi.org/10.1016/j.watres.2012.06.006,amine,Nitrogen-containing organics,"InChI=1S/C3H9N/c1-2-3-4/h2-4H2,1H3",WGYKZJWCGVVSQN-UHFFFAOYSA-N
228,pyruvic acid,,0.336459734,74787-41-0,CC(=O)C(=O)O,,,doi.org/10.1016/j.watres.2012.06.006,carboxylic acid,Oxygenated organics,"InChI=1S/C3H4O3/c1-2(4)3(5)6/h1H3,(H,5,6)",LCTONWCANYUPML-UHFFFAOYSA-N
229,pyruvic ion,,0.336459734,74787-41-0,CC(=O)C(=O)[O-],,,10.1039/c4ra12789g,carboxylic acid,Oxygenated organics,"InChI=1S/C3H4O3/c1-2(4)3(5)6/h1H3,(H,5,6)/p-1",LCTONWCANYUPML-UHFFFAOYSA-M
230,quercetin,,5.146128036,832692-15-6,O=c1c(O)c(-c2ccc(O)c(O)c2)oc2cc(O)cc(O)c12,,,10.1016/j.tiv.2012.04.010,phenol,Oxygenated organics,"InChI=1S/C15H10O7/c16-7-4-10(19)12-11(5-7)22-15(14(21)13(12)20)6-1-2-8(17)9(18)3-6/h1-5,16-19,21H",REFJWTPEDVJJIY-UHFFFAOYSA-N
231,Ser,,5.230448921,944283-11-8,NC(CO)C(=O)O,7.3,,10.1021/tx0155451,amine,Nitrogen-containing organics,"InChI=1S/C3H7NO3/c4-2(1-5)3(6)7/h2,5H,1,4H2,(H,6,7)",MTCFGRXMJLQNBG-UHFFFAOYSA-N
232,Sulfamerazine,,-0.37675071,127-79-7,Cc1ccnc(NS(=O)(=O)c2ccc(N)cc2)n1,7,,10.1016/j.chemosphere.2008.08.033,sulfoxide,Sulfur-containing organics,"InChI=1S/C11H12N4O2S/c1-8-6-7-13-11(14-8)15-18(16,17)10-4-2-9(12)3-5-10/h2-7H,12H2,1H3,(H,13,14,15)",QPPBRPIAZZHUNT-UHFFFAOYSA-N
233,Sulfamethazine,,-0.102372909,53081-02-0,Cc1cc(C)nc(NS(=O)(=O)c2ccc(N)cc2)n1,7,,10.1016/j.chemosphere.2008.08.033,sulfoxide,Sulfur-containing organics,"InChI=1S/C12H14N4O2S/c1-8-7-9(2)15-12(14-8)16-19(17,18)11-5-3-10(13)4-6-11/h3-7H,13H2,1-2H3,(H,14,15,16)",ASWVTGNCAZCNNR-UHFFFAOYSA-N
234,Sulfamethizole,,-0.698970004,1334378-92-5,Cc1nnc(NS(=O)(=O)c2ccc(N)cc2)s1,7,,10.1016/j.chemosphere.2008.08.033,sulfoxide,Sulfur-containing organics,"InChI=1S/C9H10N4O2S2/c1-6-11-12-9(16-6)13-17(14,15)8-4-2-7(10)3-5-8/h2-5H,10H2,1H3,(H,12,13)",VACCAVUAMIDAGB-UHFFFAOYSA-N
235,sulfamethoxazole,,2.979997419,1346603-52-8,Cc1cc(NS(=O)(=O)c2ccc(N)cc2)no1,,,10.1016/j.watres.2009.11.045,sulfoxide,Sulfur-containing organics,"InChI=1S/C10H11N3O3S/c1-7-6-10(12-16-7)13-17(14,15)9-4-2-8(11)3-5-9/h2-6H,11H2,1H3,(H,12,13)",JLKIGFTWXXRPMT-UHFFFAOYSA-N
236,sulfamethoxazole,,-0.187086643,1346603-52-8,Cc1cc(NS(=O)(=O)c2ccc(N)cc2)no1,7,,10.1016/j.watres.2009.11.045,sulfoxide,Sulfur-containing organics,"InChI=1S/C10H11N3O3S/c1-7-6-10(12-16-7)13-17(14,15)9-4-2-8(11)3-5-9/h2-6H,11H2,1H3,(H,12,13)",JLKIGFTWXXRPMT-UHFFFAOYSA-N
237,Sulfathiazole,,0.276461804,1020719-89-4,Nc1ccc(S(=O)(=O)Nc2nccs2)cc1,7,,10.1016/j.chemosphere.2008.08.033,sulfoxide,Sulfur-containing organics,"InChI=1S/C9H9N3O2S2/c10-7-1-3-8(4-2-7)16(13,14)12-9-11-5-6-15-9/h1-6H,10H2,(H,11,12)",JNMRHUJNCSQMMB-UHFFFAOYSA-N
238,t-butylamine,,3.397940009,7337-45-3,CC(C)(C)N,7.3,,doi.org/10.1016/j.watres.2012.06.006,amine,Nitrogen-containing organics,"InChI=1S/C4H11N/c1-4(2,3)5/h5H2,1-3H3",YBRBMKDOPFTVDT-UHFFFAOYSA-N
239,t-butylamine,,7.7355989,7337-45-3,CC(C)(C)N,,,doi.org/10.1016/j.watres.2012.06.006,amine,Nitrogen-containing organics,"InChI=1S/C4H11N/c1-4(2,3)5/h5H2,1-3H3",YBRBMKDOPFTVDT-UHFFFAOYSA-N
240,tenoxicam,,3.602059991,2140327-41-7,CN1/C(=C(\O)Nc2ccccn2)C(=O)c2sccc2S1(=O)=O,,,10.1080/10715760310001659404,sulfoxide,Sulfur-containing organics,"InChI=1S/C13H11N3O4S2/c1-16-10(13(18)15-9-4-2-3-6-14-9)11(17)12-8(5-7-21-12)22(16,19)20/h2-7,18H,1H3,(H,14,15)/b13-10-",WZWYJBNHTWCXIM-RAXLEYEMSA-N
241,tetracycline,,7.049218023,84187-37-1,C[NH+](C)[C@@H]1C(O)=C(C(N)=O)C(=O)[C@@]2(O)C(O)=C3C(=O)c4c(O)cccc4[C@@](C)(O)C3CC12,,,10.1016/j.watres.2010.11.039,phenol,Oxygenated organics,"InChI=1S/C22H24N2O8/c1-21(31)8-5-4-6-11(25)12(8)16(26)13-9(21)7-10-15(24(2)3)17(27)14(20(23)30)19(29)22(10,32)18(13)28/h4-6,9-10,15,25,27-28,31-32H,7H2,1-3H3,(H2,23,30)/p+1/t9?,10?,15-,21+,22-/m0/s1",OFVLGDICTFRJMM-DXMYQVORSA-O
242,tetracycline,,6.451786436,84187-37-1,C[NH+](C)[C@@H]1C([O-])=C(C(N)=O)C(=O)[C@@]2(O)C(O)=C3C(=O)c4c([O-])cccc4[C@@](C)(O)C3CC12,,,10.1016/j.watres.2010.11.039,phenol,Oxygenated organics,"InChI=1S/C22H24N2O8/c1-21(31)8-5-4-6-11(25)12(8)16(26)13-9(21)7-10-15(24(2)3)17(27)14(20(23)30)19(29)22(10,32)18(13)28/h4-6,9-10,15,25,27-28,31-32H,7H2,1-3H3,(H2,23,30)/p-1/t9?,10?,15-,21+,22-/m0/s1",OFVLGDICTFRJMM-DXMYQVORSA-M
243,thioglycolate,,9.838849091,137754-72-4,O=C([O-])CS,,,10.1021/acs.inorgchem.6b03182,thiol,Sulfur-containing organics,"InChI=1S/C2H4O2S/c3-2(4)1-5/h5H,1H2,(H,3,4)/p-1",CWERGRDVMFNCDR-UHFFFAOYSA-M
244,thiourea,,9.517193892,883091-83-6,NC(N)=S,,,10.1021/acs.inorgchem.6b03182,sulfur-containing,Sulfur-containing organics,"InChI=1S/CH4N2S/c2-1(3)4/h(H4,2,3,4)",UMGDCJDMYOKAJW-UHFFFAOYSA-N
245,tribromoacetamide,,2.022336709,594-47-8,NC(=O)C(Br)(Br)Br,,,10.1016/j.watres.2018.06.024,halogenated,Halogenated organics,"InChI=1S/C2H2Br3NO/c3-2(4,5)1(6)7/h(H2,6,7)",ORCCSQMJUGMAQU-UHFFFAOYSA-N
246,trichloroacetamide,,2.199572355,73006-90-3,NC(=O)C(Cl)(Cl)Cl,,,10.1016/j.watres.2018.06.024,halogenated,Halogenated organics,"InChI=1S/C2H2Cl3NO/c3-2(4,5)1(6)7/h(H2,6,7)",UPQQXPKAYZYUKO-UHFFFAOYSA-N
247,trichloroacetonitrile,,1.035874257,545-06-2,N#CC(Cl)(Cl)Cl,,,10.1016/j.watres.2018.06.024,halogenated,Halogenated organics,"InChI=1S/C2Cl3N/c3-2(4,5)1-6",DRUIESSIVFYOMK-UHFFFAOYSA-N
248,triclosan phenolate-dissociated,,3.73239376,1020720-00-6,[O-]c1cc(Cl)ccc1Oc1ccc(Cl)cc1Cl,,,doi.org/10.1016/j.watres.2012.06.006,phenol,Oxygenated organics,"InChI=1S/C12H7Cl3O2/c13-7-1-3-11(9(15)5-7)17-12-4-2-8(14)6-10(12)16/h1-6,16H/p-1",XEFQLINVKFYRCS-UHFFFAOYSA-M
249,Trimethoprim,,1.763427994,304671-81-6,COc1cc(Cc2cnc(N)nc2N)cc(OC)c1OC,7,,10.1016/j.chemosphere.2008.08.033,amine,Nitrogen-containing organics,"InChI=1S/C14H18N4O3/c1-19-10-5-8(6-11(20-2)12(10)21-3)4-9-7-17-14(16)18-13(9)15/h5-7H,4H2,1-3H3,(H4,15,16,17,18)",IEDVJHCEMCRBQM-UHFFFAOYSA-N
250,Trimethylacetamide,,-2.096910013,199855-36-2,CCC(=O)N(C)C,7.3,,10.1021/tx0155451,amide,Nitrogen-containing organics,"InChI=1S/C5H11NO/c1-4-5(7)6(2)3/h4H2,1-3H3",MBHINSULENHCMF-UHFFFAOYSA-N
251,trimethylamine,,4.698970004,75-22-9,CN(C)C,,,doi.org/10.1016/j.watres.2012.06.006,amine,Nitrogen-containing organics,InChI=1S/C3H9N/c1-4(2)3/h1-3H3,GETQZCLCWQTVFV-UHFFFAOYSA-N
252,Trolox,,3.113943352,2314470-99-8,Cc1c(C)c2c(c(C)c1O)CCC(C)(C(=O)O)O2,,,10.1021/tx025670s,phenol,Oxygenated organics,"InChI=1S/C14H18O4/c1-7-8(2)12-10(9(3)11(7)15)5-6-14(4,18-12)13(16)17/h15H,5-6H2,1-4H3,(H,16,17)",GLEVLJDDWXEYCO-UHFFFAOYSA-N
253,Ubiquinol-0,,3.113943352,139047-33-9,COc1c(O)cc(C)c(O)c1OC,,,10.1021/tx025670s,phenol,Oxygenated organics,"InChI=1S/C9H12O4/c1-5-4-6(10)8(12-2)9(13-3)7(5)11/h4,10-11H,1-3H3",DSBZYDDWLLIJJS-UHFFFAOYSA-N
254,Val,,4.86923172,317335-37-8,CC(C)C(N)C(=O)O,,,doi.org/10.1016/j.watres.2012.06.006,amine,Nitrogen-containing organics,"InChI=1S/C5H11NO2/c1-3(2)4(6)5(7)8/h3-4H,6H2,1-2H3,(H,7,8)",KZSNJWFQEVHDMF-UHFFFAOYSA-N
255,α-ionone,,1.44870632,130015-00-8,CC(=O)/C=C/C1C(C)=CCCC1(C)C,7.51,,doi.org/10.1016/j.watres.2012.06.006,ketone,Oxygenated organics,"InChI=1S/C13H20O/c1-10-6-5-9-13(3,4)12(10)8-7-11(2)14/h6-8,12H,5,9H2,1-4H3/b8-7+",UZFLPKAIBPNNCA-BQYQJAHWSA-N
256,β-estradiol,,5.561101384,79037-37-9,C[C@]12CC[C@@H]3c4ccc([O-])cc4CC[C@H]3[C@@H]1CC[C@@H]2O,,,doi.org/10.1016/j.watres.2012.06.006,phenol,Oxygenated organics,"InChI=1S/C18H24O2/c1-18-9-8-14-13-5-3-12(19)10-11(13)2-4-15(14)16(18)6-7-17(18)20/h3,5,10,14-17,19-20H,2,4,6-9H2,1H3/p-1/t14-,15-,16+,17+,18+/m1/s1",VOXZDWNPVJITMN-ZBRFXRBCSA-M
257,β-ionone,,1.079181246,76739-82-7,CC(=O)/C=C/C1=C(C)CCCC1(C)C,7.29,,doi.org/10.1016/j.watres.2012.06.006,ketone,Oxygenated organics,"InChI=1S/C13H20O/c1-10-6-5-9-13(3,4)12(10)8-7-11(2)14/h7-8H,5-6,9H2,1-4H3/b8-7+",PSQYTAPXSHCGMF-BQYQJAHWSA-N
258,ε-aminocaproic acid,,3.672097858,1246819-49-7,NCCCCCC(=O)O,7.3,,doi.org/10.1016/j.watres.2012.06.006,carboxylic acid,Oxygenated organics,"InChI=1S/C6H13NO2/c7-5-3-1-2-4-6(8)9/h1-5,7H2,(H,8,9)",SLXKOJJOQWFEFD-UHFFFAOYSA-N
259,"2,4-dichlorophenolate",,2.481442629,89284-82-2,[O-]c1ccc(Cl)cc1Cl,,,doi.org/10.1016/j.watres.2012.06.006,halogenated,Halogenated organics,"InChI=1S/C6H4Cl2O/c7-4-1-2-6(9)5(8)3-4/h1-3,9H/p-1",HFZWRUODUSTPEG-UHFFFAOYSA-M
260,"2,6-dichlorophenol",,2.28780173,107931-00-0,Oc1c(Cl)cccc1Cl,,,10.1021/es010076a,halogenated,Halogenated organics,"InChI=1S/C6H4Cl2O/c7-4-2-1-3-5(8)6(4)9/h1-3,9H",HOLHYSJJBXSLMV-UHFFFAOYSA-N
261,2-amino hexanoic acid,,7.505149978,78121-46-7,CCCCC(N)C(=O)O,,,doi.org/10.1016/j.watres.2012.06.006,amine,Nitrogen-containing organics,"InChI=1S/C6H13NO2/c1-2-3-4-5(7)6(8)9/h5H,2-4,7H2,1H3,(H,8,9)",LRQKBLKVPFOOQJ-UHFFFAOYSA-N
262,2-chlorophenolate,,3.383815366,85940-53-0,[O-]c1ccccc1Cl,,,doi.org/10.1016/j.watres.2012.06.006,halogenated,Halogenated organics,"InChI=1S/C6H5ClO/c7-5-3-1-2-4-6(5)8/h1-4,8H/p-1",ISPYQTSUDJAMAB-UHFFFAOYSA-M
263,"3,3′-dithiodipropionate",,5.982271233,15441-06-2,O=C([O-])CCSSCCC(=O)[O-],,,doi.org/10.1016/j.watres.2012.06.006,"sulfide, disulfide",Sulfur-containing organics,"InChI=1S/C6H10O4S2/c7-5(8)1-3-11-12-4-2-6(9)10/h1-4H2,(H,7,8)(H,9,10)/p-2",YCLSOMLVSHPPFV-UHFFFAOYSA-L
264,3-hydroxy-5-methylphenolate,,7.668789525,93839-63-5,Cc1cc([O-])cc(O)c1,,,doi.org/10.1016/j.watres.2012.06.006,phenol,Oxygenated organics,"InChI=1S/C7H8O2/c1-5-2-6(8)4-7(9)3-5/h2-4,8-9H,1H3/p-1",OIPPWFOQEKKFEE-UHFFFAOYSA-M
265,3-indolepropionic acid,,4.176091259,2469257-98-3,O=C(O)CCc1c[nH]c2ccccc12,7.3,,10.1021/tx0155451,carboxylic acid,Oxygenated organics,"InChI=1S/C11H11NO2/c13-11(14)6-5-8-7-12-10-4-2-1-3-9(8)10/h1-4,7,12H,5-6H2,(H,13,14)",GOLXRNDWAUTYKT-UHFFFAOYSA-N
266,3-pentenoic acid,,0.939519253,41653-93-4,C/C=C/CC(=O)O,,,10.1021/tx025670s,carboxylic acid,Oxygenated organics,"InChI=1S/C5H8O2/c1-2-3-4-5(6)7/h2-3H,4H2,1H3,(H,6,7)/b3-2+",UIUWNILCHFBLEQ-NSCUHMNNSA-N
267,4-iodophenolate,,3.303196057,19524-05-1,[O-]c1ccc(I)cc1,,,doi.org/10.1016/j.watres.2012.06.006,halogenated,Halogenated organics,"InChI=1S/C6H5IO/c7-5-1-3-6(8)4-2-5/h1-4,8H/p-1",VSMDINRNYYEDRN-UHFFFAOYSA-M
268,Acetaminde,,-0.206054482,60-35-5,CC(N)=O,,,10.1016/j.watres.2018.06.024,amide,Nitrogen-containing organics,"InChI=1S/C2H5NO/c1-2(3)4/h1H3,(H2,3,4)",DLFVBJFMPXGRIB-UHFFFAOYSA-N
269,Ala,,7.674861141,61043-68-3,CC(N)C(=O)O,,,doi.org/10.1016/j.watres.2012.06.006,amine,Nitrogen-containing organics,"InChI=1S/C3H7NO2/c1-2(4)3(5)6/h2H,4H2,1H3,(H,5,6)",QNAYBMKLOCPYGJ-UHFFFAOYSA-N
270,Ascorbate,,6.77815125,37237-57-3,O=C1O[C@H]([C@@H](O)CO)C([O-])=C1O,,,10.1021/tx025670s,ester,Oxygenated organics,"InChI=1S/C6H8O6/c7-1-2(8)5-3(9)4(10)6(11)12-5/h2,5,7-10H,1H2/p-1/t2-,5+/m0/s1",CIWBSHSKHKDKBQ-JLAZNSOCSA-M
271,b-alanine,,7.949390007,14405-06-2,NCCC(=O)O,,,doi.org/10.1016/j.watres.2012.06.006,amine,Nitrogen-containing organics,"InChI=1S/C3H7NO2/c4-2-1-3(5)6/h1-2,4H2,(H,5,6)",UCMIRNVEIXFBKS-UHFFFAOYSA-N
272,bisphenolA-dissociated,,4.819543936,69011-34-3,CC(C)(c1ccc([O-])cc1)c1ccc([O-])cc1,,,doi.org/10.1016/j.watres.2012.06.006,phenol,Oxygenated organics,"InChI=1S/C15H16O2/c1-15(2,11-3-7-13(16)8-4-11)12-5-9-14(17)10-6-12/h3-10,16-17H,1-2H3/p-2",IISBACLAFKSPIT-UHFFFAOYSA-L
273,carcinine,,5.146128036,143885-59-0,NCCC(=O)NCCc1c[nH]cn1,7.4,,10.1021/acs.chemrestox.8b00363,imidazole,Heterocycles,"InChI=1S/C8H14N4O/c9-3-1-8(13)11-4-2-7-5-10-6-12-7/h5-6H,1-4,9H2,(H,10,12)(H,11,13)",ANRUJJLGVODXIK-UHFFFAOYSA-N
274,Methylammonium chloride,,2.505149978,593-51-1,CNCl,,,doi.org/10.1016/j.watres.2012.06.006,amine,Nitrogen-containing organics,"InChI=1S/CH4ClN/c1-3-2/h3H,1H3",QXJIABOUHLYVHP-UHFFFAOYSA-N
275,chlorotetracycline,,6.683947131,7301-38-4,CN(C)[C@@H]1C([O-])=C(C(N)=O)C(=O)[C@@]2(O)C(O)=C3C(=O)c4c([O-])ccc(Cl)c4[C@@](C)(O)[C@H]3C[C@@H]12,,,10.1016/j.watres.2010.11.039,halogenated,Halogenated organics,"InChI=1S/C22H23ClN2O8/c1-21(32)7-6-8-15(25(2)3)17(28)13(20(24)31)19(30)22(8,33)18(29)11(7)16(27)12-10(26)5-4-9(23)14(12)21/h4-5,7-8,15,26,28-29,32-33H,6H2,1-3H3,(H2,24,31)/p-2/t7-,8-,15-,21-,22-/m0/s1",CYDMQBQPVICBEU-XRNKAMNCSA-L
276,dehydro-β-ionone,,2.217483944,1203-08-3,CC(=O)/C=C/C1=C(C)C=CCC1(C)C,7.37,,doi.org/10.1016/j.watres.2012.06.006,ketone,Oxygenated organics,"InChI=1S/C13H18O/c1-10-6-5-9-13(3,4)12(10)8-7-11(2)14/h5-8H,9H2,1-4H3/b8-7+",UWWCASOGCPOGJP-BQYQJAHWSA-N
277,dichloroacetamide,,1.52648287,98137-00-9,NC(=O)C(Cl)Cl,,,10.1016/j.watres.2018.06.024,halogenated,Halogenated organics,"InChI=1S/C2H3Cl2NO/c3-1(4)2(5)6/h1H,(H2,5,6)",WCGGWVOVFQNRRS-UHFFFAOYSA-N
278,dichloroacetonitrile,,-0.720611929,3018-12-0,N#CC(Cl)Cl,,,10.1016/j.watres.2018.06.024,halogenated,Halogenated organics,InChI=1S/C2HCl2N/c3-2(4)1-5/h2H,STZZWJCGRKXEFF-UHFFFAOYSA-N
279,diiodoacetamide,,1.017728767,5875-23-0,NC(=O)C(I)I,,,10.1016/j.watres.2018.06.024,halogenated,Halogenated organics,"InChI=1S/C2H3I2NO/c3-1(4)2(5)6/h1H,(H2,5,6)",YFDNDAZSTPQDTM-UHFFFAOYSA-N
280,dithiodiglycolate,,5.342422681,68223-93-8,[O-]C(=S)COCC([O-])=S,,,10.1021/acs.inorgchem.6b03182,sulfur-containing,Sulfur-containing organics,"InChI=1S/C4H6O3S2/c5-3(8)1-7-2-4(6)9/h1-2H2,(H,5,8)(H,6,9)/p-2",XPRMLSQMZDFCCC-UHFFFAOYSA-L
281,estrone,,5.618048097,53-16-7,C[C@]12CC[C@@H]3c4ccc([O-])cc4CC[C@H]3[C@@H]1CCC2=O,,,10.1021/es040006e,phenol,Oxygenated organics,"InChI=1S/C18H22O2/c1-18-9-8-14-13-5-3-12(19)10-11(13)2-4-15(14)16(18)6-7-17(18)20/h3,5,10,14-16,19H,2,4,6-9H2,1H3/p-1/t14-,15-,16+,18+/m1/s1",DNXHEGUUPJUMQT-CBZIJGRNSA-M
282,Gemfibrozil,,-0.045757491,86837-66-3,Cc1ccc(C)c(OCCCC(C)(C)C(=O)O)c1,7,,10.1016/j.chemosphere.2008.08.033,carboxylic acid,Oxygenated organics,"InChI=1S/C15H22O3/c1-11-6-7-12(2)13(10-11)18-9-5-8-15(3,4)14(16)17/h6-7,10H,5,8-9H2,1-4H3,(H,16,17)",HEMJJKBWTPKOJG-UHFFFAOYSA-N
283,Hydroquinone,,1.653212514,56924-48-2,Oc1ccc(O)cc1,,,10.1021/tx025670s,phenol,Oxygenated organics,"InChI=1S/C6H6O2/c7-5-1-2-6(8)4-3-5/h1-4,7-8H",QIGBRXMKCJKVMJ-UHFFFAOYSA-N
284,Isobutyramide,,-2.522878745,1224439-42-2,CC(C)C(N)=O,7.3,,10.1021/tx0155451,amide,Nitrogen-containing organics,"InChI=1S/C4H9NO/c1-3(2)4(5)6/h3H,1-2H3,(H2,5,6)",WFKAJVHLWXSISD-UHFFFAOYSA-N
285,Isochlortetracycline,,6.584331224,89835-80-3,CN(C)C1C([O-])=C(C(N)=O)C(=O)C2(O)C(=O)CC(C3(C)OC(=O)c4c([O-])ccc(Cl)c43)CC12,,,10.1016/j.watres.2010.11.039,halogenated,Halogenated organics,"InChI=1S/C22H23ClN2O8/c1-21(15-10(23)4-5-11(26)13(15)20(31)33-21)8-6-9-16(25(2)3)17(28)14(19(24)30)18(29)22(9,32)12(27)7-8/h4-5,8-9,16,26,28,32H,6-7H2,1-3H3,(H2,24,30)/p-2",GFSLIMZISCAANG-UHFFFAOYSA-L
286,Isoprothiolane,,1.865103975,1715020-82-8,CC(C)OC(=O)C(C(=O)OC(C)C)=C1SCCS1,,,10.1016/j.chemosphere.2019.03.179,"sulfide, disulfide",Sulfur-containing organics,"InChI=1S/C12H18O4S2/c1-7(2)15-10(13)9(11(14)16-8(3)4)12-17-5-6-18-12/h7-8H,5-6H2,1-4H3",UFHLMYOGRXOCSL-UHFFFAOYSA-N
287,N-acetylmethionin,,8.230448921,1115-47-5,CSCC[C@H](NC(C)=O)C(=O)O,,,10.1016/j.freeradbiomed.2014.04.024,"sulfide, disulfide",Sulfur-containing organics,"InChI=1S/C7H13NO3S/c1-5(9)8-6(7(10)11)3-4-12-2/h6H,3-4H2,1-2H3,(H,8,9)(H,10,11)/t6-/m0/s1",XUYPXLNMDZIRQH-LURJTMIESA-N
288,Naproxen,,1.397940009,119166-66-4,COc1ccc2cc(C(C)C(=O)O)ccc2c1,7,,10.1016/j.chemosphere.2008.08.033,carboxylic acid,Oxygenated organics,"InChI=1S/C14H14O3/c1-9(14(15)16)10-3-4-12-8-13(17-2)6-5-11(12)7-10/h3-9H,1-2H3,(H,15,16)",CMWTZPSULFXXJA-UHFFFAOYSA-N
289,NH2Cl,,2.176091259,10599-90-3,NCl,,,doi.org/10.1016/j.watres.2012.06.006,inorganic halogen,Others / Unassigned,InChI=1S/ClH2N/c1-2/h2H2,QDHHCQZDFGDHMP-UHFFFAOYSA-N
290,piroxicam,,3.556302501,1261393-52-5,CN1/C(=C(/O)Nc2ccccn2)C(=O)c2ccccc2S1(=O)=O,,,10.1080/10715760310001659404,sulfoxide,Sulfur-containing organics,"InChI=1S/C15H13N3O4S/c1-18-13(15(20)17-12-8-4-5-9-16-12)14(19)10-6-2-3-7-11(10)23(18,21)22/h2-9,20H,1H3,(H,16,17)/b15-13+",LDJVNWFKNMYYNT-FYWRMAATSA-N
291,Propranolol,,1.785329835,127202-03-3,CC(C)NCC(O)COc1cccc2ccccc12,7,,10.1016/j.chemosphere.2008.08.033,amine,Nitrogen-containing organics,"InChI=1S/C16H21NO2/c1-12(2)17-10-14(18)11-19-16-9-5-7-13-6-3-4-8-15(13)16/h3-9,12,14,17-18H,10-11H2,1-2H3",AQHHHDLHHXJYJD-UHFFFAOYSA-N
292,sec-butylamine,,7.949390007,33966-50-6,CCC(C)N,,,doi.org/10.1016/j.watres.2012.06.006,amine,Nitrogen-containing organics,"InChI=1S/C4H11N/c1-3-4(2)5/h4H,3,5H2,1-2H3",BHRZNVHARXXAHW-UHFFFAOYSA-N
293,Sulfadimethoxine,,0.750508395,345936-70-1,COc1cc(NS(=O)(=O)c2ccc(N)cc2)nc(OC)n1,7,,10.1016/j.chemosphere.2008.08.033,sulfoxide,Sulfur-containing organics,"InChI=1S/C12H14N4O4S/c1-19-11-7-10(14-12(15-11)20-2)16-21(17,18)9-5-3-8(13)4-6-9/h3-7H,13H2,1-2H3,(H,14,15,16)",ZZORFUFYDOWNEF-UHFFFAOYSA-N
294,tetracycline,,6.004321374,84187-37-1,CN(C)[C@@H]1C([O-])=C(C(N)=O)C(=O)[C@@]2(O)C(O)=C3C(=O)c4c([O-])cccc4[C@@](C)(O)C3CC12,,,10.1016/j.watres.2010.11.039,phenol,Oxygenated organics,"InChI=1S/C22H24N2O8/c1-21(31)8-5-4-6-11(25)12(8)16(26)13-9(21)7-10-15(24(2)3)17(27)14(20(23)30)19(29)22(10,32)18(13)28/h4-6,9-10,15,25,27-28,31-32H,7H2,1-3H3,(H2,23,30)/p-2/t9?,10?,15-,21+,22-/m0/s1",OFVLGDICTFRJMM-DXMYQVORSA-L
295,Triclosan,,2.672097858,1020720-00-6,Oc1cc(Cl)ccc1Oc1ccc(Cl)cc1Cl,7,,10.1016/j.chemosphere.2008.08.033,halogenated,Halogenated organics,"InChI=1S/C12H7Cl3O2/c13-7-1-3-11(9(15)5-7)17-12-4-2-8(14)6-10(12)16/h1-6,16H",XEFQLINVKFYRCS-UHFFFAOYSA-N
296,tri-ethanolamine,,3.079181246,133827-62-0,OCCN(CCO)CCO,,,doi.org/10.1016/j.watres.2012.06.006,amine,Nitrogen-containing organics,"InChI=1S/C6H15NO3/c8-4-1-7(2-5-9)3-6-10/h8-10H,1-6H2",GSEJCLTVZPLZKY-UHFFFAOYSA-N
297,β-estradiol,,0.5774918,79037-37-9,C[C@]12CC[C@@H]3c4ccc(O)cc4CC[C@H]3[C@@H]1CC[C@@H]2O,,,doi.org/10.1016/j.watres.2012.06.006,phenol,Oxygenated organics,"InChI=1S/C18H24O2/c1-18-9-8-14-13-5-3-12(19)10-11(13)2-4-15(14)16(18)6-7-17(18)20/h3,5,10,14-17,19-20H,2,4,6-9H2,1H3/t14-,15-,16+,17+,18+/m1/s1",VOXZDWNPVJITMN-ZBRFXRBCSA-N
298,acrolein,2.7,0.43,1325559-16-7,C=CC=O,,,https://doi.org/10.1021/acs.est.0c07660,aldehyde,Oxygenated organics,"InChI=1S/C3H4O/c1-2-3-4/h2-3H,1H2",HGINCPLSRVDWNT-UHFFFAOYSA-N
299,crotonaldehyde,0.96,-0.02,15798-64-8,C/C=C/C=O,,,https://doi.org/10.1021/acs.est.0c07660,aldehyde,Oxygenated organics,"InChI=1S/C4H6O/c1-2-3-4-5/h2-4H,1H3/b3-2+",MLUCVPSAIODCQM-NSCUHMNNSA-N
300,trans-2-pentenal,0.54,-0.27,764-39-6,CC/C=C/C=O,,,https://doi.org/10.1021/acs.est.0c07660,aldehyde,Oxygenated organics,"InChI=1S/C5H8O/c1-2-3-4-5-6/h3-5H,2H2,1H3/b4-3+",DTCCTIQRPGSLPT-ONEGZZNKSA-N
301,trans-2-hexenal,0.47,-0.33,25166-87-4,CCC/C=C/C=O,,,https://doi.org/10.1021/acs.est.0c07660,aldehyde,Oxygenated organics,"InChI=1S/C6H10O/c1-2-3-4-5-6-7/h4-6H,2-3H2,1H3/b5-4+",MBDOYVRWFFCFHM-SNAWJCMRSA-N
302,tran-2-heptenal,0.46,-0.34,147416-08-8,CCCC/C=C/C=O,,,https://doi.org/10.1021/acs.est.0c07660,aldehyde,Oxygenated organics,"InChI=1S/C7H12O/c1-2-3-4-5-6-7-8/h5-7H,2-4H2,1H3/b6-5+",NDFKTBCGKNOHPJ-AATRIKPKSA-N
303,tiglic aldehyde,0.08,-1.12,497-03-0,C\C=C(/C)C=O,,,https://doi.org/10.1021/acs.est.0c07660,aldehyde,Oxygenated organics,"InChI=1S/C5H8O/c1-3-5(2)4-6/h3-4H,1-2H3/b5-3+",ACWQBUSCFPJUPN-HWKANZROSA-N
304,3-methyl crotonaldehyde,0.29,-0.54,15798-64-8,CC(C)=CC=O,,,https://doi.org/10.1021/acs.est.0c07660,aldehyde,Oxygenated organics,"InChI=1S/C5H8O/c1-5(2)3-4-6/h3-4H,1-2H3",SEPQTYODOKLVSB-UHFFFAOYSA-N
305,"tran,trans-2,4-hexadienal (DIEN-CHO)",0.08,-1.12,141812-70-6,C/C=C/C=C/C=O,,,https://doi.org/10.1016/j.watres.2020.116424,aldehyde,Oxygenated organics,"InChI=1S/C6H8O/c1-2-3-4-5-6-7/h2-6H,1H3/b3-2+,5-4+",BATOPAZDIZEVQF-MQQKCMAXSA-N
306,"2,4-hexadiEnal",0.15,-0.82,4488-47-5,CC=CC=CC=O,,,https://doi.org/10.1021/acs.est.0c07660,aldehyde,Oxygenated organics,"InChI=1S/C6H8O/c1-2-3-4-5-6-7/h2-6H,1H3",BATOPAZDIZEVQF-UHFFFAOYSA-N
307,methyl vinyl ketone,0.09,-1.05,24415-26-7,CC(=O)C=C,,,https://doi.org/10.1021/acs.est.0c07660,ketone,Oxygenated organics,"InChI=1S/C4H6O/c1-3-4(2)5/h3H,1H2,2H3",FUSUHKVFWTUUBE-UHFFFAOYSA-N
308,"tran,trans-2,4-hexadien-1-ol (Dien-OH)",14.44,1.16,82168-14-7,C/C=C/C=C/CO,,,https://doi.org/10.1016/j.watres.2020.116424,alcohol,Oxygenated organics,"InChI=1S/C6H10O/c1-2-3-4-5-6-7/h2-5,7H,6H2,1H3/b3-2+,5-4+",MEIRRNXMZYDVDW-MQQKCMAXSA-N
309,sorbic acid (Dien-COOH),3.04,0.48,110-44-1,C/C=C/C=C/C(O)=O,,,https://doi.org/10.1016/j.watres.2020.116424,carboxylic acid,Oxygenated organics,"InChI=1S/C6H8O2/c1-2-3-4-5-6(7)8/h2-5H,1H3,(H,7,8)/b3-2+,5-4+",WSWCOQWTEOXDQX-MQQKCMAXSA-N
310,3-pentenoic acid,8.7,0.94,41653-93-4,CC=CCC(O)=O,,,https://doi.org/10.1021/tx025670s,carboxylic acid,Oxygenated organics,"InChI=1S/C5H8O2/c1-2-3-4-5(6)7/h2-3H,4H2,1H3,(H,6,7)",UIUWNILCHFBLEQ-UHFFFAOYSA-N
311,methylcinnamate (MCA),0.01,-2.11,69772-36-7,COC(=O)C=Cc1ccccc1,,,https://doi.org/10.1016/j.watres.2020.116424,ester,Oxygenated organics,"InChI=1S/C10H10O2/c1-12-10(11)8-7-9-5-3-2-4-6-9/h2-8H,1H3",CCRCUPLGCSFEDV-UHFFFAOYSA-N
312,β-Cyclocitral,1.1,0.04,432-25-7,[H]C(=O)C1=C(C)CCCC1(C)C,,,https://doi.org/10.1016/j.jenvman.2019.03.032,aldehyde,Oxygenated organics,"InChI=1S/C10H16O/c1-8-5-4-6-10(2,3)9(8)7-11/h7H,4-6H2,1-3H3",MOQGCGNUWBPGTQ-UHFFFAOYSA-N
313,Anatoxin-a,0.71,-0.15,132014-75-6,CC(=O)C1=CCC[C@@H]2CC[C@H]1N2,,,https://doi.org/10.1016/j.watres.2007.07.025,amine,Nitrogen-containing organics,"InChI=1S/C10H15NO/c1-7(12)9-4-2-3-8-5-6-10(9)11-8/h4,8,10-11H,2-3,5-6H2,1H3/t8-,10-/m1/s1",SGNXVBOIDPPRJJ-PSASIEDQSA-N
314,β-Ionone,21.99,1.34,76739-82-7,O=C(C=CC1=C(CCCC1(C)C)C)C,,,https://doi.org/10.1016/j.jenvman.2019.03.032,ketone,Oxygenated organics,"InChI=1S/C13H20O/c1-10-6-5-9-13(3,4)12(10)8-7-11(2)14/h7-8H,5-6,9H2,1-4H3",PSQYTAPXSHCGMF-UHFFFAOYSA-N
315,acrylamide,0.12,-0.91,2319788-93-5,NC(=O)C=C,,,https://doi.org/10.1016/j.scitotenv.2017.11.095,amide,Nitrogen-containing organics,"InChI=1S/C3H5NO/c1-2-3(4)5/h2H,1H2,(H2,4,5)",HRPVXLWXLXDGHG-UHFFFAOYSA-N
316,antipyrine,6558,3.82,342821-66-3,CN1N(C(=O)C=C1C)c2ccccc2,,,https://doi.org/10.1016/j.watres.2013.02.047,heterocycle,Heterocycles,"InChI=1S/C11H12N2O/c1-9-8-11(14)13(12(9)2)10-6-4-3-5-7-10/h3-8H,1-2H3",VEQOALNAAJBPNY-UHFFFAOYSA-N
317,Acid Red 1,14.33,1.16,12234-99-0,[Na+].[Na+].CC(=O)Nc1cc(cc2C=C(\C(=N/Nc3ccccc3)C(=O)c12)[S]([O-])(=O)=O)[S]([O-])(=O)=O,,,https://kinetics.nist.gov/solution/,sulfoxide,Sulfur-containing organics,"InChI=1S/C18H15N3O8S2.2Na/c1-10(22)19-14-9-13(30(24,25)26)7-11-8-15(31(27,28)29)17(18(23)16(11)14)21-20-12-5-3-2-4-6-12;;/h2-9,20H,1H3,(H,19,22)(H,24,25,26)(H,27,28,29);;/q;2*+1/p-2/b21-17+;;",YCUAAHNYYJTUJO-PJPLBZAPSA-L
318,bromacil,110.02,2.04,8071-35-0,CCC(C)N1C(=O)NC(=C(Br)C1=O)C,,,https://doi.org/10.1016/j.seppur.2018.12.002,halogenated,Halogenated organics,"InChI=1S/C9H13BrN2O2/c1-4-5(2)12-8(13)7(10)6(3)11-9(12)14/h5H,4H2,1-3H3,(H,11,14)",CTSLUCNDVMMDHG-UHFFFAOYSA-N
319,Amitriptyline HCl,6.9,0.84,203645-63-0,[H+].[Cl-].CN(C)CCC=C1c2ccccc2CCc3ccccc13,,,https://doi.org/10.1002/jctb.4441,amine,Nitrogen-containing organics,"InChI=1S/C20H23N.ClH/c1-21(2)15-7-12-20-18-10-5-3-8-16(18)13-14-17-9-4-6-11-19(17)20;/h3-6,8-12H,7,13-15H2,1-2H3;1H",KFYRPLNVJVHZGT-UHFFFAOYSA-N
320,Nortriptyline HCl,0.4,-0.4,203784-52-5,CNCC/C=C1C2=CC=CC=C2CCC3=CC=CC=C\13.[H]Cl,,,https://doi.org/10.1080/01919512.2013.794107,amine,Nitrogen-containing organics,"InChI=1S/C19H21N.ClH/c1-20-14-6-11-19-17-9-4-2-7-15(17)12-13-16-8-3-5-10-18(16)19;/h2-5,7-11,20H,6,12-14H2,1H3;1H",SHAYBENGXDALFF-UHFFFAOYSA-N
321,tetracycline,1260000,6.1,84187-37-1,CN(C)[C@H]1[C@@H]2C[C@H]3C(=C(O)c4c(O)cccc4[C@@]3(C)O)C(=O)[C@]2(O)C(=O)\C(=C(N)/O)C1=O,,,https://doi.org/10.1016/j.watres.2010.11.039,phenol,Oxygenated organics,"InChI=1S/C22H24N2O8/c1-21(31)8-5-4-6-11(25)12(8)16(26)13-9(21)7-10-15(24(2)3)17(27)14(20(23)30)19(29)22(10,32)18(13)28/h4-6,9-10,15,25-26,30-32H,7,23H2,1-3H3/b20-14-/t9-,10-,15-,21+,22-/m0/s1",JYHCQVWYCGHXGP-BPPSBWQWSA-N
322,oxytetracycline,1240000,6.09,8017-33-2,O.O.CN(C)[C@H]1[C@@H]2[C@@H](O)[C@H]3C(=C(O)c4c(O)cccc4[C@@]3(C)O)C(=O)[C@]2(O)C(=O)\C(=C(N)/O)C1=O,,,https://doi.org/10.1016/j.watres.2010.11.039,phenol,Oxygenated organics,"InChI=1S/C22H24N2O9.2H2O/c1-21(32)7-5-4-6-8(25)9(7)15(26)10-12(21)17(28)13-14(24(2)3)16(27)11(20(23)31)19(30)22(13,33)18(10)29;;/h4-6,12-14,17,25-26,28,31-33H,23H2,1-3H3;2*1H2/b20-11-;;/t12-,13-,14+,17+,21-,22+;;/m1../s1",QRTMTZAUGTXZOA-ZGYDFYMOSA-N
323,chlorotetracycline,316000,5.5,7301-38-4,CN(C)[C@H]1[C@@H]2CC3C(=C(O)c4c(O)ccc(Cl)c4[C@@]3(C)O)C(=O)[C@]2(O)C(=O)\C(=C(N)/O)C1=O,,,https://doi.org/10.1016/j.watres.2010.11.039,halogenated,Halogenated organics,"InChI=1S/C22H23ClN2O8/c1-21(32)7-6-8-15(25(2)3)17(28)13(20(24)31)19(30)22(8,33)18(29)11(7)16(27)12-10(26)5-4-9(23)14(12)21/h4-5,7-8,15,26-27,31-33H,6,24H2,1-3H3/b20-13-/t7?,8-,15-,21-,22-/m0/s1",WKZUQOQLOHMCQC-AQLRPVJISA-N
324,N-methyl formamide,0.21,-0.67,28918-58-3,CNC=O,,,https://doi.org/10.1016/j.watres.2007.07.025,amide,Nitrogen-containing organics,"InChI=1S/C2H5NO/c1-3-2-4/h2H,1H3,(H,3,4)",ATHHXGZTWNVVOU-UHFFFAOYSA-N
325,N-methyl acetamide,0.02,-1.7,99854-78-1,CNC(C)=O,,,https://doi.org/10.1016/j.watres.2007.07.025,amide,Nitrogen-containing organics,"InChI=1S/C3H7NO/c1-3(5)4-2/h1-2H3,(H,4,5)",OHLUUHNLEMFGTQ-UHFFFAOYSA-N
326,N-methyl propanamide,0.03,-1.58,906650-79-1,CCC(=O)NC,,,https://doi.org/10.1016/j.watres.2007.07.025,amide,Nitrogen-containing organics,"InChI=1S/C4H9NO/c1-3-4(6)5-2/h3H2,1-2H3,(H,5,6)",QJQAMHYHNCADNR-UHFFFAOYSA-N
327,Urea,0.14,-0.85,594-05-8,NC(N)=O,,,https://doi.org/10.1021/es102423u,urea,Nitrogen-containing organics,"InChI=1S/CH4N2O/c2-1(3)4/h(H4,2,3,4)",XSQUKJJJFZCRTK-UHFFFAOYSA-N
328,"(N,N')-dimethylurea",0.83,-0.08,86290-98-4,CNC(=O)NC,,,https://doi.org/10.1016/j.watres.2007.07.025,urea,Nitrogen-containing organics,"InChI=1S/C3H8N2O/c1-4-3(6)5-2/h1-2H3,(H2,4,5,6)",MGJKQDOBUOMPEZ-UHFFFAOYSA-N
329,Propionamide,0.04,-1.39,10601-74-8,CCC(N)=O,,,https://doi.org/10.1016/j.watres.2007.07.025,amide,Nitrogen-containing organics,"InChI=1S/C3H7NO/c1-2-3(4)5/h2H2,1H3,(H2,4,5)",QLNJFJADRCOGBJ-UHFFFAOYSA-N
330,Isobutyramide,0.03,-1.48,1224439-42-2,CC(C)C(N)=O,,,https://doi.org/10.1016/j.watres.2007.07.025,amide,Nitrogen-containing organics,"InChI=1S/C4H9NO/c1-3(2)4(5)6/h3H,1-2H3,(H2,5,6)",WFKAJVHLWXSISD-UHFFFAOYSA-N
331,Trimethylacetamide,0.01,-2.1,199855-36-2,CC(C)(C)C(N)=O,,,https://doi.org/10.1016/j.watres.2007.07.025,amide,Nitrogen-containing organics,"InChI=1S/C5H11NO/c1-5(2,3)4(6)7/h1-3H3,(H2,6,7)",XIPFMBOWZXULIA-UHFFFAOYSA-N
332,"1,1-dimethylsemicarbazide",81,1.91,198139-81-0,CN(C)NC(N)=O,,,https://doi.org/10.1039/D0EW00299B,urea,Nitrogen-containing organics,"InChI=1S/C3H9N3O/c1-6(2)5-3(4)7/h1-2H3,(H3,4,5,7)",SVZFWZRCMLRFOM-UHFFFAOYSA-N
333,"4,4′-hexamethylenebis(1,1-dimethylsemicarbazide)",204,2.31,69938-76-7,CN(C)NC(=O)NCCCCCCNC(=O)NN(C)C,,,https://doi.org/10.1039/D0EW00299B,urea,Nitrogen-containing organics,"InChI=1S/C12H28N6O2/c1-17(2)15-11(19)13-9-7-5-6-8-10-14-12(20)16-18(3)4/h5-10H2,1-4H3,(H2,13,15,19)(H2,14,16,20)",VETHREXFBVHLJJ-UHFFFAOYSA-N
334,metribuzin,105.06,2.02,2140327-63-3,CSC1=NN=C(C(=O)N1N)C(C)(C)C,,,https://doi.org/10.1016/j.jtice.2017.07.005,"sulfide, disulfide",Sulfur-containing organics,"InChI=1S/C8H14N4OS/c1-8(2,3)5-6(13)12(9)7(14-4)11-10-5/h9H2,1-4H3",FOXFZRUHNHCZPX-UHFFFAOYSA-N
335,irbesartan,13.93,1.14,1079997-01-5,CCCCC1=NC2(CCCC2)C(=O)N1Cc3ccc(cc3)c4ccccc4c5n[nH]nn5,,,https://doi.org/10.1016/j.scitotenv.2018.08.082,amide,Nitrogen-containing organics,"InChI=1S/C25H28N6O/c1-2-3-10-22-26-25(15-6-7-16-25)24(32)31(22)17-18-11-13-19(14-12-18)20-8-4-5-9-21(20)23-27-29-30-28-23/h4-5,8-9,11-14H,2-3,6-7,10,15-17H2,1H3,(H,27,28,29,30)",YOSHYTLCDANDAN-UHFFFAOYSA-N
336,oxazepam,8.74,0.94,5163-21-3,OC1N=C(c2ccccc2)c3cc(Cl)ccc3NC1=O,,,https://doi.org/10.1016/j.cej.2018.08.082,halogenated,Halogenated organics,"InChI=1S/C15H11ClN2O2/c16-10-6-7-12-11(8-10)13(9-4-2-1-3-5-9)18-15(20)14(19)17-12/h1-8,15,20H,(H,17,19)",ADIMAYPTOBDMTL-UHFFFAOYSA-N
337,Cytidine-5'-monophosphate (CMP),66,1.82,63-37-6,NC1=NC(=O)N(C=C1)[C@@H]2O[C@H](CO[P](O)(O)=O)[C@@H](O)[C@H]2O,,,https://doi.org/10.1016/j.watres.2007.07.025,phosphorus,Phosphorus-containing organics,"InChI=1S/C9H14N3O8P/c10-5-1-2-12(9(15)11-5)8-7(14)6(13)4(20-8)3-19-21(16,17)18/h1-2,4,6-8,13-14H,3H2,(H2,10,11,15)(H2,16,17,18)/t4-,6-,7-,8-/m1/s1",IERHLVCPSMICTF-XVFCMESISA-N
338,Guanosine-5'- monophosphate (GMP),21000,4.32,85-32-5,NC1=Nc2n(cnc2C(=O)N1)[C@@H]3O[C@H](CO[P](O)(O)=O)[C@@H](O)[C@H]3O,,,https://doi.org/10.1016/j.watres.2007.07.025,phosphorus,Phosphorus-containing organics,"InChI=1S/C10H14N5O8P/c11-10-13-7-4(8(18)14-10)12-2-15(7)9-6(17)5(16)3(23-9)1-22-24(19,20)21/h2-3,5-6,9,16-17H,1H2,(H2,19,20,21)(H3,11,13,14,18)/t3-,5-,6-,9-/m1/s1",RQFCJASXJCIDSX-UUOKFMHZSA-N
339,Cylindrospermopsin,1265,3.1,221554-69-4,C[C@H]1[C@H](C[C@@H]2C[C@@H](NC3=NC[C@H]1N23)[C@H](O)C4=CC(=O)NC(=O)N4)O[S](O)(=O)=O,,,https://doi.org/10.1016/j.watres.2007.01.033,sulfoxide,Sulfur-containing organics,"InChI=1S/C15H21N5O7S/c1-6-10-5-16-14-17-8(13(22)9-4-12(21)19-15(23)18-9)2-7(20(10)14)3-11(6)27-28(24,25)26/h4,6-8,10-11,13,22H,2-3,5H2,1H3,(H,16,17)(H,24,25,26)(H2,18,19,21,23)/t6-,7+,8-,10-,11+,13+/m1/s1",LHJPHMKIGRLKDR-YUQKHPEDSA-N
340,chlorocreatinine,1.16,0.06,60-27-5,N=C(N(C1)C)N(Cl)C1=O,,,https://doi.org/10.1016/j.chemosphere.2017.12.014,halogenated,Halogenated organics,"InChI=1S/C4H6ClN3O/c1-7-2-3(9)8(5)4(7)6/h6H,2H2,1H3",KAKIXBURNLVEFT-UHFFFAOYSA-N
341,"N,N-diethyl-m-toluamide or DEET",0,-2.89,134-62-3,CCN(CC)C(=O)c1cccc(C)c1,,,https://doi.org/10.1080/01919512.2013.794107,amide,Nitrogen-containing organics,"InChI=1S/C12H17NO/c1-4-13(5-2)12(14)11-8-6-7-10(3)9-11/h6-9H,4-5H2,1-3H3",MMOXZBCLCQITDF-UHFFFAOYSA-N
342,benzanilide,0.02,-1.68,92850-67-4,O=C(Nc1ccccc1)c2ccccc2,,,https://kinetics.nist.gov/solution/,amide,Nitrogen-containing organics,"InChI=1S/C13H11NO/c15-13(11-7-3-1-4-8-11)14-12-9-5-2-6-10-12/h1-10H,(H,14,15)",ZVSKZLHKADLHSD-UHFFFAOYSA-N
343,phenylurea,0.76,-0.12,137636-01-2,NC(=O)Nc1ccccc1,,,https://doi.org/10.1016/j.jhazmat.2012.01.063,urea,Nitrogen-containing organics,"InChI=1S/C7H8N2O/c8-7(10)9-6-4-2-1-3-5-6/h1-5H,(H3,8,9,10)",LUBJCRLGQSPQNN-UHFFFAOYSA-N
344,isoproturon,0.35,-0.46,77591-43-6,CC(C)c1ccc(NC(=O)N(C)C)cc1,,,https://doi.org/10.1002/jctb.1660,urea,Nitrogen-containing organics,"InChI=1S/C12H18N2O/c1-9(2)10-5-7-11(8-6-10)13-12(15)14(3)4/h5-9H,1-4H3,(H,13,15)",PUIYMUZLKQOUOZ-UHFFFAOYSA-N
345,phenacetin,0.45,-0.35,60902-27-4,CCOc1ccc(NC(C)=O)cc1,,,https://doi.org/10.1016/j.watres.2010.05.012,amide,Nitrogen-containing organics,"InChI=1S/C10H13NO2/c1-3-13-10-6-4-9(5-7-10)11-8(2)12/h4-7H,3H2,1-2H3,(H,11,12)",CPJSUEIXXCENMM-UHFFFAOYSA-N
346,metoxuron,0.27,-0.57,2030182-41-1,COc1ccc(NC(=O)N(C)C)cc1Cl,,,https://doi.org/10.1016/j.jhazmat.2012.01.063,halogenated,Halogenated organics,"InChI=1S/C10H13ClN2O2/c1-13(2)10(14)12-7-4-5-9(15-3)8(11)6-7/h4-6H,1-3H3,(H,12,14)",DSRNRYQBBJQVCW-UHFFFAOYSA-N
347,"5,5-diphenylhydantoin",5.24,0.72,17199-74-5,O=C1NC(=O)C(N1)(c2ccccc2)c3ccccc3,,,https://doi.org/10.1007/s11356-017-9892-6,urea,Nitrogen-containing organics,"InChI=1S/C15H12N2O2/c18-13-15(17-14(19)16-13,11-7-3-1-4-8-11)12-9-5-2-6-10-12/h1-10H,(H2,16,17,18,19)",CXOFVDLJLONNDW-UHFFFAOYSA-N
348,Cyclo(Gly-Phe),30.11,1.48,250612-48-7,O=C(NC1)[C@@H](NC1=O)CC2=CC=CC=C2,,,https://kinetics.nist.gov/solution/,cyclo,Aliphatic hydrocarbons,"InChI=1S/C11H12N2O2/c14-10-7-12-11(15)9(13-10)6-8-4-2-1-3-5-8/h1-5,9H,6-7H2,(H,12,15)(H,13,14)/t9-/m0/s1",UZOJHXFWJFSFAI-VIFPVBQESA-N
349,Chlorimuron-ethyl,42.13,1.62,252557-66-7,CCOC(=O)c1ccccc1[S](=O)(=O)NC(=O)Nc2nc(Cl)cc(OC)n2,,,https://doi.org/10.1016/j.seppur.2018.04.049,halogenated,Halogenated organics,"InChI=1S/C15H15ClN4O6S/c1-3-26-13(21)9-6-4-5-7-10(9)27(23,24)20-15(22)19-14-17-11(16)8-12(18-14)25-2/h4-8H,3H2,1-2H3,(H2,17,18,19,20,22)",NSWAMPCUPHPTTC-UHFFFAOYSA-N
350,Oxcarbazepine,890,2.95,1261396-65-9,NC(=O)N1c2ccccc2CC(=O)c3ccccc13,,,https://doi.org/10.1016/j.watres.2010.11.038,urea,Nitrogen-containing organics,"InChI=1S/C15H12N2O2/c16-15(19)17-12-7-3-1-5-10(12)9-14(18)11-6-2-4-8-13(11)17/h1-8H,9H2,(H2,16,19)",CTRLABGOLIVAIY-UHFFFAOYSA-N
351,"3, 4-dichlorophenylurea",0.52,-0.28,5310-94-1,NC(=O)Nc1ccc(Cl)c(Cl)c1,,,https://doi.org/10.1016/j.jhazmat.2012.01.063,halogenated,Halogenated organics,"InChI=1S/C7H6Cl2N2O/c8-5-2-1-4(3-6(5)9)11-7(10)12/h1-3H,(H3,10,11,12)",CYESCLHCWJKRKM-UHFFFAOYSA-N
352,"3,4-dichloro-3′-N-methylphenylurea",0.39,-0.41,1040689-15-3,CNC(=O)Nc1ccc(Cl)c(Cl)c1,,,https://doi.org/10.1016/j.jhazmat.2012.01.063,halogenated,Halogenated organics,"InChI=1S/C8H8Cl2N2O/c1-11-8(13)12-5-2-3-6(9)7(10)4-5/h2-4H,1H3,(H2,11,12,13)",IDQHRQQSSQDLTR-UHFFFAOYSA-N
353,monuron,0.23,-0.64,217488-65-8,CN(C)C(=O)Nc1ccc(Cl)cc1,,,https://doi.org/10.1016/j.jhazmat.2012.01.063,halogenated,Halogenated organics,"InChI=1S/C9H11ClN2O/c1-12(2)9(13)11-8-5-3-7(10)4-6-8/h3-6H,1-2H3,(H,11,13)",BMLIZLVNXIYGCK-UHFFFAOYSA-N
354,chlortoluron,0.27,-0.57,37341-10-9,CN(C)C(=O)Nc1ccc(C)c(Cl)c1,,,https://doi.org/10.1016/j.chemosphere.2011.02.050,halogenated,Halogenated organics,"InChI=1S/C10H13ClN2O/c1-7-4-5-8(6-9(7)11)12-10(14)13(2)3/h4-6H,1-3H3,(H,12,14)",JXCGFZXSOMJFOA-UHFFFAOYSA-N
355,diuron,0.45,-0.35,15500-95-5,CN(C)C(=O)Nc1ccc(Cl)c(Cl)c1,,,https://doi.org/10.1002/jctb.1660,halogenated,Halogenated organics,"InChI=1S/C9H10Cl2N2O/c1-13(2)9(14)12-6-3-4-7(10)8(11)5-6/h3-5H,1-2H3,(H,12,14)",XMTQQYYKAHVGBJ-UHFFFAOYSA-N
356,Cyclo(Gly)2,25,1.4,23927-21-1,O=C1CNC(=O)CN1,,,https://doi.org/10.1016/j.watres.2007.07.025,cyclo,Aliphatic hydrocarbons,"InChI=1S/C4H6N2O2/c7-3-1-5-4(8)2-6-3/h1-2H2,(H,5,8)(H,6,7)",BXRNXXXXHLBUKK-UHFFFAOYSA-N
357,Cyclo(Ala)2,8.2,0.91,54300-25-3,C[C@H](N1)C(N[C@@H](C)C1=O)=O,,,https://doi.org/10.1016/j.watres.2007.07.025,cyclo,Aliphatic hydrocarbons,"InChI=1S/C6H10N2O2/c1-3-5(9)8-4(2)6(10)7-3/h3-4H,1-2H3,(H,7,10)(H,8,9)/t3-,4-/m0/s1",WWISPHBAYBECQZ-IMJSIDKUSA-N
358,Cyclo(Gly-Pro),11.1,1.05,37783-51-0,O=C1N2[C@@H](CCC2)C(NC1)=O,,,https://kinetics.nist.gov/solution/,cyclo,Aliphatic hydrocarbons,"InChI=1S/C7H10N2O2/c10-6-4-8-7(11)5-2-1-3-9(5)6/h5H,1-4H2,(H,8,11)/t5-/m0/s1",OWOHLURDBZHNGG-YFKPBYRVSA-N
359,Uridine-5'- monophosphate (UMP),5500,3.74,3387-36-8,O[C@H]1[C@@H](O)[C@@H](O[C@@H]1CO[P](O)(O)=O)N2C=CC(=O)NC2=O,,,https://doi.org/10.1016/j.watres.2007.07.025,phosphorus,Phosphorus-containing organics,"InChI=1S/C9H13N2O9P/c12-5-1-2-11(9(15)10-5)8-7(14)6(13)4(20-8)3-19-21(16,17)18/h1-2,4,6-8,13-14H,3H2,(H,10,12,15)(H2,16,17,18)/t4-,6-,7-,8-/m1/s1",DJJCXFVJDGTHFX-XVFCMESISA-N
360,Thymidine-5'- monophosphate (TMP),4300,3.63,55065-40-2,CC1=CN([C@H]2C[C@H](O)[C@@H](CO[P](O)(O)=O)O2)C(=O)NC1=O,,,https://doi.org/10.1016/j.watres.2007.07.025,phosphorus,Phosphorus-containing organics,"InChI=1S/C10H15N2O8P/c1-5-3-12(10(15)11-9(5)14)8-2-6(13)7(20-8)4-19-21(16,17)18/h3,6-8,13H,2,4H2,1H3,(H,11,14,15)(H2,16,17,18)/t6-,7+,8+/m0/s1",GYOZYWVXFNDGLU-XLPZGREQSA-N
361,Cyclo(Ser)2,16,1.2,65519-48-4,O=C(N[C@H]1CO)[C@@H](NC1=O)CO,,,https://doi.org/10.1016/j.watres.2007.07.025,cyclo,Aliphatic hydrocarbons,"InChI=1S/C6H10N2O4/c9-1-3-5(11)8-4(2-10)6(12)7-3/h3-4,9-10H,1-2H2,(H,7,12)(H,8,11)/t3-,4-/m0/s1",SUWGHSHLNOADHI-IMJSIDKUSA-N
362,MeNH2,45100,4.65,1217607-94-7,CN,,,https://doi.org/10.1016/j.watres.2007.07.025,amine,Nitrogen-containing organics,"InChI=1S/CH5N/c1-2/h2H2,1H3",BAVYZALUXZFZLV-UHFFFAOYSA-N
363,EtNH2,24000,4.38,41841-87-6,CCN,,,https://doi.org/10.1016/j.watres.2007.07.025,amine,Nitrogen-containing organics,"InChI=1S/C2H7N/c1-2-3/h2-3H2,1H3",QUSNBJAOOMFDIB-UHFFFAOYSA-N
364,PrNH2,39000,4.59,260363-35-7,CCCN,,,https://doi.org/10.1016/j.watres.2007.07.025,amine,Nitrogen-containing organics,"InChI=1S/C3H9N/c1-2-3-4/h2-4H2,1H3",WGYKZJWCGVVSQN-UHFFFAOYSA-N
365,BuNH2,33500,4.53,71361-15-4,CCCCN,,,https://doi.org/10.1016/j.watres.2007.07.025,amine,Nitrogen-containing organics,"InChI=1S/C4H11N/c1-2-3-4-5/h2-5H2,1H3",HQABUPZFAYXKJW-UHFFFAOYSA-N
366,IPrNH2,31000,4.49,75-31-0,CC(C)N,,,https://doi.org/10.1016/j.watres.2007.07.025,amine,Nitrogen-containing organics,"InChI=1S/C3H9N/c1-3(2)4/h3H,4H2,1-2H3",JJWLVOIRVHMVIS-UHFFFAOYSA-N
367,IBuNH2,30500,4.48,108-09-8,CC(C)CN,,,https://doi.org/10.1016/j.watres.2007.07.025,amine,Nitrogen-containing organics,"InChI=1S/C4H11N/c1-4(2)3-5/h4H,3,5H2,1-2H3",KDSNLYIMUZNERS-UHFFFAOYSA-N
368,Isobutylamine,15000,4.18,78-81-9,CCC(C)N,,,https://doi.org/10.1016/j.watres.2007.07.025,amine,Nitrogen-containing organics,"InChI=1S/C4H11N/c1-3-4(2)5/h4H,3,5H2,1-2H3",BHRZNVHARXXAHW-UHFFFAOYSA-N
369,tBuNH2,6850,3.84,75-64-9,CC(C)(C)N,,,https://doi.org/10.1016/j.watres.2007.07.025,amine,Nitrogen-containing organics,"InChI=1S/C4H11N/c1-4(2,3)5/h5H2,1-3H3",YBRBMKDOPFTVDT-UHFFFAOYSA-N
370,Me2NH,21766.67,4.34,15875-96-4,CNC,,,https://doi.org/10.1016/j.watres.2007.07.025,amine,Nitrogen-containing organics,"InChI=1S/C2H7N/c1-3-2/h3H,1-2H3",ROSDSFDQCJNGOL-UHFFFAOYSA-N
371,N-Methylethanamine,5400,3.73,624-78-2,CCNC,,,https://doi.org/10.1016/j.watres.2007.07.025,amine,Nitrogen-containing organics,"InChI=1S/C3H9N/c1-3-4-2/h4H,3H2,1-2H3",LIWAQLJGPBVORC-UHFFFAOYSA-N
372,Et2NH,4200,3.62,3226-94-6,CCNCC,,,https://doi.org/10.1016/j.watres.2007.07.025,amine,Nitrogen-containing organics,"InChI=1S/C4H11N/c1-3-5-4-2/h5H,3-4H2,1-2H3",HPNMFZURTQLUMO-UHFFFAOYSA-N
373,Pr2NH,3300,3.52,70237-41-1,CCCNCCC,,,https://doi.org/10.1016/j.watres.2007.07.025,amine,Nitrogen-containing organics,"InChI=1S/C6H15N/c1-3-5-7-6-4-2/h7H,3-6H2,1-2H3",WEHWNAOGRSTTBQ-UHFFFAOYSA-N
374,iPr2NH,405,2.61,819-79-4,CC(C)NC(C)C,,,https://doi.org/10.1016/j.watres.2007.07.025,amine,Nitrogen-containing organics,"InChI=1S/C6H15N/c1-5(2)7-6(3)4/h5-7H,1-4H3",UAOMVDZJSHZZME-UHFFFAOYSA-N
375,Diisobutylamine,6600,3.82,110-96-3,CC(C)CNCC(C)C,,,https://doi.org/10.1016/j.watres.2007.07.025,amine,Nitrogen-containing organics,"InChI=1S/C8H19N/c1-7(2)5-9-6-8(3)4/h7-9H,5-6H2,1-4H3",NJBCRXCAPCODGX-UHFFFAOYSA-N
376,Trimethylamine,69,1.84,75-22-9,CN(C)C,,,https://doi.org/10.1016/j.watres.2007.07.025,amine,Nitrogen-containing organics,InChI=1S/C3H9N/c1-4(2)3/h1-3H3,GETQZCLCWQTVFV-UHFFFAOYSA-N
377,(N-Me)-piperidine,52,1.72,41447-09-0,CN1CCCCC1,,,https://doi.org/10.1016/j.watres.2007.07.025,amine,Nitrogen-containing organics,"InChI=1S/C6H13N/c1-7-5-3-2-4-6-7/h2-6H2,1H3",PAMIQIKDUOTOBW-UHFFFAOYSA-N
378,ethyl guanidine,19,1.28,7762-35-8,CCNC(N)=N,,,https://doi.org/10.1016/j.watres.2007.07.025,amine,Nitrogen-containing organics,"InChI=1S/C3H9N3/c1-2-6-3(4)5/h2H2,1H3,(H4,4,5,6)",KEWLVUBYGUZFKX-UHFFFAOYSA-N
379,acetamidine,130,2.11,144757-44-8,CC(N)=N,,,https://doi.org/10.1016/j.watres.2007.07.025,amine,Nitrogen-containing organics,"InChI=1S/C2H6N2/c1-2(3)4/h1H3,(H3,3,4)",OQLZINXFSUDMHM-UHFFFAOYSA-N
380,dimethylhydrazine,400000,5.6,496924-23-3,CN(C)N,,,https://doi.org/10.1039/D0EW00299B,amine,Nitrogen-containing organics,"InChI=1S/C2H8N2/c1-4(2)3/h3H2,1-2H3",RHUYHJGZWVXEHW-UHFFFAOYSA-N
381,"3,3'-iminodipropionitrile",210000,5.32,143239-18-3,N#CCCNCCC#N,,,https://doi.org/10.1016/j.watres.2007.07.025,nitrile,Nitrogen-containing organics,"InChI=1S/C6H9N3/c7-3-1-5-9-6-2-4-8/h9H,1-2,5-6H2",SBAJRGRUGUQKAF-UHFFFAOYSA-N
382,ametryn,548.71,2.74,2731965-10-7,CCNc1nc(NC(C)C)nc(SC)n1,,,https://doi.org/10.1016/j.chemosphere.2011.02.050,"sulfide, disulfide",Sulfur-containing organics,"InChI=1S/C9H17N5S/c1-5-10-7-12-8(11-6(2)3)14-9(13-7)15-4/h6H,5H2,1-4H3,(H2,10,11,12,13,14)",RQVYBGPQFYCBGX-UHFFFAOYSA-N
383,prometryn,8327.78,3.92,1202864-57-0,CSc1nc(NC(C)C)nc(NC(C)C)n1,,,https://doi.org/10.1016/j.chemosphere.2021.130089,"sulfide, disulfide",Sulfur-containing organics,"InChI=1S/C10H19N5S/c1-6(2)11-8-13-9(12-7(3)4)15-10(14-8)16-5/h6-7H,1-5H3,(H2,11,12,13,14,15)",AAEVYOVXGOFMJO-UHFFFAOYSA-N
384,N-Chloromethylamine,245,2.39,4303-47-3,CNCl,,,https://doi.org/10.1016/j.watres.2007.07.025,halogenated,Halogenated organics,"InChI=1S/CH4ClN/c1-3-2/h3H,1H3",QXJIABOUHLYVHP-UHFFFAOYSA-N
385,"1,3-diphenylguanidine",2400,3.38,32514-47-9,N=C(Nc1ccccc1)Nc2ccccc2,,,https://doi.org/10.1016/j.jhazmat.2019.121590,amine,Nitrogen-containing organics,"InChI=1S/C13H13N3/c14-13(15-11-7-3-1-4-8-11)16-12-9-5-2-6-10-12/h1-10H,(H3,14,15,16)",OWRCNXZUPFZXOS-UHFFFAOYSA-N
386,"1,3-di-o-tolylguanidine",5599,3.75,97-39-2,Cc1ccccc1NC(=N)Nc2ccccc2C,,,https://doi.org/10.1016/j.jhazmat.2019.121590,amine,Nitrogen-containing organics,"InChI=1S/C15H17N3/c1-11-7-3-5-9-13(11)17-15(16)18-14-10-6-4-8-12(14)2/h3-10H,1-2H3,(H3,16,17,18)",OPNUROKCUBTKLF-UHFFFAOYSA-N
387,4-piperidine,16000,4.2,1147181-19-8,FC(F)(F)C1=CC(C2=NOC(C3CCNCC3)=N2)=CC=C1,,,https://doi.org/10.1016/j.watres.2007.07.025,halogenated,Halogenated organics,"InChI=1S/C14H14F3N3O/c15-14(16,17)11-3-1-2-10(8-11)12-19-13(21-20-12)9-4-6-18-7-5-9/h1-3,8-9,18H,4-7H2",FUFZNHHSSMCXCZ-UHFFFAOYSA-N
388,Atenolol,0.01,-1.89,1202864-50-3,CC(C)NCC(O)COc1ccc(CC(N)=O)cc1,,,https://kinetics.nist.gov/solution/,amide,Nitrogen-containing organics,"InChI=1S/C14H22N2O3/c1-10(2)16-8-12(17)9-19-13-5-3-11(4-6-13)7-14(15)18/h3-6,10,12,16-17H,7-9H2,1-2H3,(H2,15,18)",METKIMKYRPQLGS-UHFFFAOYSA-N
389,Nadolol,0.24,-0.62,2434865-25-3,CC(C)(C)NCC(O)COc1cccc2C[C@@H](O)[C@@H](O)Cc12,,,https://kinetics.nist.gov/solution/,amine,Nitrogen-containing organics,"InChI=1S/C17H27NO4/c1-17(2,3)18-9-12(19)10-22-16-6-4-5-11-7-14(20)15(21)8-13(11)16/h4-6,12,14-15,18-21H,7-10H2,1-3H3/t12?,14-,15+/m1/s1",VWPOSFSPZNDTMJ-UCWKZMIHSA-N
390,Metoprolol,0.01,-1.86,959786-79-9,COCCc1ccc(OCC(O)CNC(C)C)cc1,,,https://kinetics.nist.gov/solution/,amine,Nitrogen-containing organics,"InChI=1S/C15H25NO3/c1-12(2)16-10-14(17)11-19-15-6-4-13(5-7-15)8-9-18-3/h4-7,12,14,16-17H,8-11H2,1-3H3",IUBSYMUCCVWXPE-UHFFFAOYSA-N
391,Propranolol,6.31,0.8,127202-03-3,CC(C)NCC(O)COc1cccc2ccccc12,,,https://kinetics.nist.gov/solution/,amine,Nitrogen-containing organics,"InChI=1S/C16H21NO2/c1-12(2)17-10-14(18)11-19-16-9-5-7-13-6-3-4-8-15(13)16/h3-9,12,14,17-18H,10-11H2,1-2H3",AQHHHDLHHXJYJD-UHFFFAOYSA-N
392,Trimethoprim,58,1.76,304671-81-6,COc1cc(Cc2cnc(N)nc2N)cc(OC)c1OC,,,https://doi.org/10.1016/j.watres.2007.07.025,amine,Nitrogen-containing organics,"InChI=1S/C14H18N4O3/c1-19-10-5-8(6-11(20-2)12(10)21-3)4-9-7-17-14(16)18-13(9)15/h5-7H,4H2,1-3H3,(H4,15,16,17,18)",IEDVJHCEMCRBQM-UHFFFAOYSA-N
393,tramadol,3500,3.54,874008-35-2,[Cl-].COc1cccc(c1)[C@@]2(O)CCCC[C@@H]2CN(C)C.[H+],,,https://doi.org/10.1016/j.chemosphere.2015.06.034,amine,Nitrogen-containing organics,"InChI=1S/C16H25NO2.ClH/c1-17(2)12-14-7-4-5-10-16(14,18)13-8-6-9-15(11-13)19-3;/h6,8-9,11,14,18H,4-5,7,10,12H2,1-3H3;1H/t14-,16+;/m1./s1",PPKXEPBICJTCRU-XMZRARIVSA-N
394,Sulfamethoxazole,1800,3.26,1346603-52-8,Cc1onc(N[S](=O)(=O)c2ccc(N)cc2)c1,,,https://doi.org/10.1016/j.watres.2007.07.025,sulfoxide,Sulfur-containing organics,"InChI=1S/C10H11N3O3S/c1-7-6-10(12-16-7)13-17(14,15)9-4-2-8(11)3-5-9/h2-6H,11H2,1H3,(H,12,13)",JLKIGFTWXXRPMT-UHFFFAOYSA-N
395,Sulfamethizole,560,2.75,1334378-92-5,Cc1sc(N[S](=O)(=O)c2ccc(N)cc2)nn1,,,https://doi.org/10.1016/j.watres.2007.07.025,sulfoxide,Sulfur-containing organics,"InChI=1S/C9H10N4O2S2/c1-6-11-12-9(16-6)13-17(14,15)8-4-2-7(10)3-5-8/h2-5H,10H2,1H3,(H,12,13)",VACCAVUAMIDAGB-UHFFFAOYSA-N
396,Sulfamerazine,940,2.97,127-79-7,Cc1ccnc(N[S](=O)(=O)c2ccc(N)cc2)n1,,,https://doi.org/10.1016/j.watres.2007.07.025,sulfoxide,Sulfur-containing organics,"InChI=1S/C11H12N4O2S/c1-8-6-7-13-11(14-8)15-18(16,17)10-4-2-9(12)3-5-10/h2-7H,12H2,1H3,(H,13,14,15)",QPPBRPIAZZHUNT-UHFFFAOYSA-N
397,Sulfamethazine,1400,3.15,53081-02-0,Cc1cc(C)nc(N[S](=O)(=O)c2ccc(N)cc2)n1,,,https://doi.org/10.1016/j.watres.2007.07.025,sulfoxide,Sulfur-containing organics,"InChI=1S/C12H14N4O2S/c1-8-7-9(2)15-12(14-8)16-19(17,18)11-5-3-10(13)4-6-11/h3-7H,13H2,1-2H3,(H,14,15,16)",ASWVTGNCAZCNNR-UHFFFAOYSA-N
398,Sulfathiazole,3900,3.59,1020719-89-4,Nc1ccc(cc1)[S](=O)(=O)Nc2sccn2,,,https://doi.org/10.1016/j.watres.2007.07.025,sulfoxide,Sulfur-containing organics,"InChI=1S/C9H9N3O2S2/c10-7-1-3-8(4-2-7)16(13,14)12-9-11-5-6-15-9/h1-6H,10H2,(H,11,12)",JNMRHUJNCSQMMB-UHFFFAOYSA-N
399,Diethylethanolamine,160,2.2,53404-34-5,CCC(O)(CC)CN,,,https://doi.org/10.1016/j.watres.2007.07.025,amine,Nitrogen-containing organics,"InChI=1S/C6H15NO/c1-3-6(8,4-2)5-7/h8H,3-5,7H2,1-2H3",OFAPYHPFMXHSQJ-UHFFFAOYSA-N
400,Dimethylethanolamine,130,2.11,287476-09-9,CC(C)(O)CN,,,https://doi.org/10.1016/j.watres.2007.07.025,amine,Nitrogen-containing organics,"InChI=1S/C4H11NO/c1-4(2,6)3-5/h6H,3,5H2,1-2H3",LXQMHOKEXZETKB-UHFFFAOYSA-N
401,Methyldiethanolamine,150,2.18,53484-71-2,CN(CCO)CCO,,,https://doi.org/10.1016/j.watres.2007.07.025,amine,Nitrogen-containing organics,"InChI=1S/C5H13NO2/c1-6(2-4-7)3-5-8/h7-8H,2-5H2,1H3",CRVGTESFCCXCTH-UHFFFAOYSA-N
402,Ethyldiethanolamine,150,2.18,1170155-77-7,CCN(CCO)CCO,,,https://doi.org/10.1016/j.watres.2007.07.025,amine,Nitrogen-containing organics,"InChI=1S/C6H15NO2/c1-2-7(3-5-8)4-6-9/h8-9H,2-6H2,1H3",AKNUHUCEWALCOI-UHFFFAOYSA-N
403,Triethanolamine,88,1.94,68605-04-9,OCCN(CCO)CCO,,,https://doi.org/10.1016/j.watres.2007.07.025,amine,Nitrogen-containing organics,"InChI=1S/C6H15NO3/c8-4-1-7(2-5-9)3-6-10/h8-10H,1-6H2",GSEJCLTVZPLZKY-UHFFFAOYSA-N
404,Sulfadimethoxine,10315,4.01,345936-70-1,COc1cc(N[S](=O)(=O)c2ccc(N)cc2)nc(OC)n1,,,https://kinetics.nist.gov/solution/,sulfoxide,Sulfur-containing organics,"InChI=1S/C12H14N4O4S/c1-19-11-7-10(14-12(15-11)20-2)16-21(17,18)9-5-3-8(13)4-6-9/h3-7H,13H2,1-2H3,(H,14,15,16)",ZZORFUFYDOWNEF-UHFFFAOYSA-N
405,sulfamethoxypyridazine,520,2.72,1172846-03-5,COc1ccc(N[S](=O)(=O)c2ccc(N)cc2)nn1,,,https://doi.org/10.1002/jms.4191,sulfoxide,Sulfur-containing organics,"InChI=1S/C11H12N4O3S/c1-18-11-7-6-10(13-14-11)15-19(16,17)9-4-2-8(12)3-5-9/h2-7H,12H2,1H3,(H,13,15)",VLYWMPOKSSWJAL-UHFFFAOYSA-N
406,sotalol,0.72,-0.14,1246912-17-3,CC(C)NCC(O)c1ccc(N[S](C)(=O)=O)cc1,,,https://doi.org/10.1016/j.ecoenv.2017.07.020,sulfoxide,Sulfur-containing organics,"InChI=1S/C12H20N2O3S/c1-9(2)13-8-12(15)10-4-6-11(7-5-10)14-18(3,16)17/h4-7,9,12-15H,8H2,1-3H3",ZBMZVLHSJCTVON-UHFFFAOYSA-N
407,Methyl Orange,422.65,2.63,1326-49-4,[Na+].CN(C)c1ccc(cc1)N=Nc2ccc(cc2)[S]([O-])(=O)=O,,,https://kinetics.nist.gov/solution/,sulfoxide,Sulfur-containing organics,"InChI=1S/C14H15N3O3S.Na/c1-17(2)13-7-3-11(4-8-13)15-16-12-5-9-14(10-6-12)21(18,19)20;/h3-10H,1-2H3,(H,18,19,20);/q;+1/p-1",STZCRXQWRGQSJD-UHFFFAOYSA-M
408,Cimetidine,43.7,1.64,38603-74-6,CN=C(NCCSCc1nc[nH]c1C)NC#N,,,https://doi.org/10.1021/es070606o,"sulfide, disulfide",Sulfur-containing organics,"InChI=1S/C10H16N6S/c1-8-9(16-7-15-8)5-17-4-3-13-10(12-2)14-6-11/h7H,3-5H2,1-2H3,(H,15,16)(H2,12,13,14)",AQIXAKUUQRKLND-UHFFFAOYSA-N
409,3-Methylindole,5750,3.76,173345-59-0,Cc1c[nH]c2ccccc12,,,https://doi.org/10.1080/01919512.2013.794107,heterocycle,Heterocycles,"InChI=1S/C9H9N/c1-7-6-10-9-5-3-2-4-8(7)9/h2-6,10H,1H3",ZFRKQXVRDFCRJG-UHFFFAOYSA-N
410,Indole,19333.33,4.29,86691-38-5,[nH]1ccc2ccccc12,,,https://doi.org/10.1016/j.chemosphere.2021.131551,heterocycle,Heterocycles,"InChI=1S/C8H7N/c1-2-4-8-7(3-1)5-6-9-8/h1-6,9H",SIKJAQJRHWYJAI-UHFFFAOYSA-N
411,tembotrione,9690,3.99,912654-91-2,O=C(CCC1)C(C(C2=CC=C(S(C)(=O)=O)C(COCC(F)(F)F)=C2Cl)=O)C1=O,,,https://doi.org/10.1016/j.watres.2015.02.060,halogenated,Halogenated organics,"InChI=1S/C17H16ClF3O6S/c1-28(25,26)13-6-5-9(15(18)10(13)7-27-8-17(19,20)21)16(24)14-11(22)3-2-4-12(14)23/h5-6,14H,2-4,7-8H2,1H3",IUQAXCIUEPFPSF-UHFFFAOYSA-N
412,sulcotrione,9480,3.98,114680-61-4,C[S](=O)(=O)c1ccc(c(Cl)c1)C(=O)C2C(=O)CCCC2=O,,,https://doi.org/10.1016/j.watres.2015.02.060,halogenated,Halogenated organics,"InChI=1S/C14H13ClO5S/c1-21(19,20)8-5-6-9(10(15)7-8)14(18)13-11(16)3-2-4-12(13)17/h5-7,13H,2-4H2,1H3",PQTBTIFWAXVEPB-UHFFFAOYSA-N
413,17β-estradiol,110,2.04,1192354-74-7,OC(C=C1)=CC2=C1[C@@]3([H])CC[C@]4(C)[C@@H](O)CC[C@@]4([H])[C@]3([H])CC2,,,https://doi.org/10.1016/j.watres.2007.07.025,phenol,Oxygenated organics,"InChI=1S/C18H24O2/c1-18-9-8-14-13-5-3-12(19)10-11(13)2-4-15(14)16(18)6-7-17(18)20/h3,5,10,14-17,19-20H,2,4,6-9H2,1H3/t14-,15-,16+,17+,18+/m1/s1",VOXZDWNPVJITMN-ZBRFXRBCSA-N
414,Estriol,110,2.04,1417721-33-5,C[C@]12CC[C@H]3[C@@H](CCc4cc(O)ccc34)[C@@H]1C[C@@H](O)[C@@H]2O,,,https://doi.org/10.1016/j.watres.2007.07.025,phenol,Oxygenated organics,"InChI=1S/C18H24O3/c1-18-7-6-13-12-5-3-11(19)8-10(12)2-4-14(13)15(18)9-16(20)17(18)21/h3,5,8,13-17,19-21H,2,4,6-7,9H2,1H3/t13-,14-,15+,16-,17+,18+/m1/s1",PROQIPRRNZUXQM-ZXXIGWHRSA-N
415,17α-ethinylestradiol,110,2.04,51414-85-8,OC(C=C1)=CC2=C1[C@@]3([H])CC[C@]4(C)[C@@](C#C)(O)CC[C@@]4([H])[C@]3([H])CC2,,,https://doi.org/10.1016/j.watres.2007.07.025,phenol,Oxygenated organics,"InChI=1S/C20H24O2/c1-3-20(22)11-9-18-17-6-4-13-12-14(21)5-7-15(13)16(17)8-10-19(18,20)2/h1,5,7,12,16-18,21-22H,4,6,8-11H2,2H3/t16-,17-,18+,19+,20+/m1/s1",BFPYWIDHMRZLRN-SLHNCBLASA-N
416,Estrone,130,2.11,53-16-7,C[C@]12CC[C@H]3[C@@H](CCc4cc(O)ccc34)[C@@H]1CCC2=O,,,https://doi.org/10.1016/j.watres.2007.07.025,phenol,Oxygenated organics,"InChI=1S/C18H22O2/c1-18-9-8-14-13-5-3-12(19)10-11(13)2-4-15(14)16(18)6-7-17(18)20/h3,5,10,14-16,19H,2,4,6-9H2,1H3/t14-,15-,16+,18+/m1/s1",DNXHEGUUPJUMQT-CBZIJGRNSA-N
417,diazepam,0.42,-0.38,1216457-46-3,CN1C(=O)CN=C(c2ccccc2)c3cc(Cl)ccc13,,,https://doi.org/10.1016/j.cej.2018.08.082,halogenated,Halogenated organics,"InChI=1S/C16H13ClN2O/c1-19-14-8-7-12(17)9-13(14)16(18-10-15(19)20)11-5-3-2-4-6-11/h2-9H,10H2,1H3",AAOVKJBEBIDNHE-UHFFFAOYSA-N
418,nordazepam,0.18,-0.76,65891-80-7,Clc1ccc2NC(=O)CN=C(c3ccccc3)c2c1,,,https://doi.org/10.1016/j.cej.2018.08.082,halogenated,Halogenated organics,"InChI=1S/C15H11ClN2O/c16-11-6-7-13-12(8-11)15(17-9-14(19)18-13)10-4-2-1-3-5-10/h1-8H,9H2,(H,18,19)",AKPLHCDWDRPJGD-UHFFFAOYSA-N
419,Benzotriazole,0.2,-0.7,1185072-03-0,[nH]1nnc2ccccc12,,,https://doi.org/10.1080/01919512.2013.794107,heterocycle,Heterocycles,"InChI=1S/C6H5N3/c1-2-4-6-5(3-1)7-9-8-6/h1-4H,(H,7,8,9)",QRUDEWIWKLJBPS-UHFFFAOYSA-N
420,Flavone,13.1,1.12,138263-98-6,C1=CC=C(C=C1)C2=CC(=O)C3=CC=CC=C3O2,,,https://doi.org/10.1016/j.watres.2015.09.024,heterocycle,Heterocycles,InChI=1S/C15H10O2/c16-13-10-15(11-6-2-1-3-7-11)17-14-9-5-4-8-12(13)14/h1-10H,VHBFFQKBGNRLFZ-UHFFFAOYSA-N
421,anisole,0.02,-1.7,342-33-6,COc1ccccc1,,,https://doi.org/10.1016/j.watres.2007.07.025,ether,Oxygenated organics,"InChI=1S/C7H8O/c1-8-7-5-3-2-4-6-7/h2-6H,1H3",RDOXTESZEPMUJZ-UHFFFAOYSA-N
422,butylphenylether,0.03,-1.52,1126-79-0,CCCCOc1ccccc1,,,https://doi.org/10.1016/j.watres.2007.07.025,ether,Oxygenated organics,"InChI=1S/C10H14O/c1-2-3-9-11-10-7-5-4-6-8-10/h4-8H,2-3,9H2,1H3",YFNONBGXNFCTMM-UHFFFAOYSA-N
423,3-methylanisole,0.35,-0.46,117923-70-3,COc1cccc(C)c1,,,https://doi.org/10.1016/j.watres.2007.07.025,ether,Oxygenated organics,"InChI=1S/C8H10O/c1-7-4-3-5-8(6-7)9-2/h3-6H,1-2H3",OSIGJGFTADMDOB-UHFFFAOYSA-N
424,4-methylanisole,0.03,-1.52,117923-70-3,COc1ccc(C)cc1,,,https://doi.org/10.1016/j.watres.2007.07.025,ether,Oxygenated organics,"InChI=1S/C8H10O/c1-7-3-5-8(9-2)6-4-7/h3-6H,1-2H3",CHLICZRVGGXEOD-UHFFFAOYSA-N
425,1-methoxynaphtalene,2,0.3,32721-21-4,COc1cccc2ccccc12,,,https://doi.org/10.1016/j.watres.2007.07.025,ether,Oxygenated organics,"InChI=1S/C11H10O/c1-12-11-8-4-6-9-5-2-3-7-10(9)11/h2-8H,1H3",NQMUGNMMFTYOHK-UHFFFAOYSA-N
426,"Triclosan 5 chloro-2-(2,4- dichlorophenoxy)phenol)",470,2.67,502764-70-7,Oc1cc(Cl)ccc1Oc2ccc(Cl)cc2Cl,,,https://doi.org/10.1016/j.watres.2007.07.025,halogenated,Halogenated organics,"InChI=1S/C12H7Cl3O2/c13-7-1-3-11(9(15)5-7)17-12-4-2-8(14)6-10(12)16/h1-6,16H",XEFQLINVKFYRCS-UHFFFAOYSA-N
427,"5,6-dichloro-2-(2,4- dichlorophenoxy) phenol",360,2.56,63709-57-9,Oc1c(Cl)c(Cl)ccc1Oc2ccc(Cl)cc2Cl,,,https://doi.org/10.1016/j.watres.2007.07.025,halogenated,Halogenated organics,"InChI=1S/C12H6Cl4O2/c13-6-1-3-9(8(15)5-6)18-10-4-2-7(14)11(16)12(10)17/h1-5,17H",BKWHBKVTXLCASI-UHFFFAOYSA-N
428,"4,5-dichloro-2-(2,4- dichlorophenoxy) phenol",180,2.26,3380-44-7,Oc1cc(Cl)c(Cl)cc1Oc2ccc(Cl)cc2Cl,,,https://doi.org/10.1016/j.watres.2007.07.025,halogenated,Halogenated organics,"InChI=1S/C12H6Cl4O2/c13-6-1-2-11(9(16)3-6)18-12-5-8(15)7(14)4-10(12)17/h1-5,17H",MCNUFYGRHZLQGD-UHFFFAOYSA-N
429,"4,5,6-trichloro-2-(2,4- dichlorophenoxy) phenol",29,1.46,53555-01-4,Oc1c(Cl)c(Cl)c(Cl)cc1Oc2ccc(Cl)cc2Cl,,,https://doi.org/10.1016/j.watres.2007.07.025,halogenated,Halogenated organics,"InChI=1S/C12H5Cl5O2/c13-5-1-2-8(6(14)3-5)19-9-4-7(15)10(16)11(17)12(9)18/h1-4,18H",PVLWIBDPWVHDIN-UHFFFAOYSA-N
430,acebutolol,0.07,-1.13,2364559-55-5,CCCC(=O)Nc1ccc(OCC(O)CNC(C)C)c(c1)C(C)=O,,,https://doi.org/10.1007/s11356-015-5470-y,amide,Nitrogen-containing organics,"InChI=1S/C18H28N2O4/c1-5-6-18(23)20-14-7-8-17(16(9-14)13(4)21)24-11-15(22)10-19-12(2)3/h7-9,12,15,19,22H,5-6,10-11H2,1-4H3,(H,20,23)",GOEMGAFJFRBGGG-UHFFFAOYSA-N
431,1-phenoxy-2-propanol,0.01,-2,65488-98-4,CC(O)COc1ccccc1,,,https://doi.org/10.1016/j.watres.2007.07.025,alcohol,Oxygenated organics,"InChI=1S/C9H12O2/c1-8(10)7-11-9-5-3-2-4-6-9/h2-6,8,10H,7H2,1H3",IBLKWZIFZMJLFL-UHFFFAOYSA-N
432,ubiquinol-0,1300,3.11,139047-33-9,COc1c(O)cc(C)c(O)c1OC,,,https://doi.org/10.1021/tx025670s,phenol,Oxygenated organics,"InChI=1S/C9H12O4/c1-5-4-6(10)8(12-2)9(13-3)7(5)11/h4,10-11H,1-3H3",DSBZYDDWLLIJJS-UHFFFAOYSA-N
433,2-Phenoxyethanol,0.07,-1.15,56257-90-0,OCCOc1ccccc1,,,https://doi.org/10.1002/jctb.4441,alcohol,Oxygenated organics,"InChI=1S/C8H10O2/c9-6-7-10-8-4-2-1-3-5-8/h1-5,9H,6-7H2",QCDWFXQBSFUVSP-UHFFFAOYSA-N
434,Benzophenone-3,527,2.72,31766-07-1,COc1ccc(c(O)c1)C(=O)c2ccccc2,,,https://doi.org/10.1021/acs.est.5b03559,phenol,Oxygenated organics,"InChI=1S/C14H12O3/c1-17-11-7-8-12(13(15)9-11)14(16)10-5-3-2-4-6-10/h2-9,15H,1H3",DXGLGDHPHMLXJC-UHFFFAOYSA-N
435,Oxybenzone,342,2.53,131-57-7,COc1ccc(c(O)c1)C(=O)c2ccccc2,,,https://doi.org/10.1016/j.chemosphere.2016.03.116,phenol,Oxygenated organics,"InChI=1S/C14H12O3/c1-17-11-7-8-12(13(15)9-11)14(16)10-5-3-2-4-6-10/h2-9,15H,1H3",DXGLGDHPHMLXJC-UHFFFAOYSA-N
436,tetrabromobisphenol A,1509.27,3.18,1352876-39-1,CC(C)(c1ccc(O)cc1)c2c(Br)cc(OBr)c(Br)c2Br,,,https://kinetics.nist.gov/solution/,halogenated,Halogenated organics,"InChI=1S/C15H12Br4O2/c1-15(2,8-3-5-9(20)6-4-8)12-10(16)7-11(21-19)13(17)14(12)18/h3-7,20H,1-2H3",MDLXNTGRJQOADZ-UHFFFAOYSA-N
437,losartan,2.18,0.34,1350088-07-1,CCCCc1nc(Cl)c(CO)n1Cc2ccc(cc2)c3ccccc3c4n[nH]nn4,,,https://doi.org/10.1016/j.scitotenv.2018.08.082,halogenated,Halogenated organics,"InChI=1S/C22H23ClN6O/c1-2-3-8-20-24-21(23)19(14-30)29(20)13-15-9-11-16(12-10-15)17-6-4-5-7-18(17)22-25-27-28-26-22/h4-7,9-12,30H,2-3,8,13-14H2,1H3,(H,25,26,27,28)",PSIFNNKUMBGKDQ-UHFFFAOYSA-N
438,Acetaminophen,13,1.11,462631-86-3,CC(=O)Nc1ccc(O)cc1,,,https://doi.org/10.1016/j.watres.2007.07.025,phenol,Oxygenated organics,"InChI=1S/C8H9NO2/c1-6(10)9-7-2-4-8(11)5-3-7/h2-5,11H,1H3,(H,9,10)",RZVAJINKPMORJF-UHFFFAOYSA-N
439,chloramphenicol,16.2,1.21,56-75-7,OCC(NC(=O)C(Cl)Cl)C(O)c1ccc(cc1)[N+]([O-])=O,,,https://doi.org/10.1016/j.watres.2017.05.030,halogenated,Halogenated organics,"InChI=1S/C11H12Cl2N2O5/c12-10(13)11(18)14-8(5-16)9(17)6-1-3-7(4-2-6)15(19)20/h1-4,8-10,16-17H,5H2,(H,14,18)",WIIZWVCIJKGZOK-UHFFFAOYSA-N
440,ephedrine,12.37,1.09,73508-06-2,CN[C@@H](C)[C@H](O)c1ccccc1,,,https://doi.org/10.1016/j.scitotenv.2020.140146,amine,Nitrogen-containing organics,"InChI=1S/C10H15NO/c1-8(11-2)10(12)9-6-4-3-5-7-9/h3-8,10-12H,1-2H3/t8-,10-/m0/s1",KWGRBVOPPLSCSI-WPRPVWTQSA-N
441,3-aminophenol,55000,4.74,51-81-0,Nc1cccc(O)c1,,,https://doi.org/10.1080/09593330.2015.1025859,phenol,Oxygenated organics,"InChI=1S/C6H7NO/c7-5-2-1-3-6(8)4-5/h1-4,8H,7H2",CWLKGDAVCFYWJK-UHFFFAOYSA-N
442,Phenol,23,1.36,53379-77-4,Oc1ccccc1,,,https://doi.org/10.1016/j.watres.2007.07.025,phenol,Oxygenated organics,"InChI=1S/C6H6O/c7-6-4-2-1-3-5-6/h1-5,7H",ISWSIDIOOBJBQZ-UHFFFAOYSA-N
443,4-methylphenol,12,1.08,41701-84-2,Cc1ccc(O)cc1,,,https://doi.org/10.1016/j.watres.2007.07.025,phenol,Oxygenated organics,"InChI=1S/C7H8O/c1-6-2-4-7(8)5-3-6/h2-5,8H,1H3",IWDCLRJOBJJRNH-UHFFFAOYSA-N
444,4-iodophenol,10,1,1021325-54-1,Oc1ccc(I)cc1,,,https://doi.org/10.1016/j.watres.2007.07.025,halogenated,Halogenated organics,"InChI=1S/C6H5IO/c7-5-1-3-6(8)4-2-5/h1-4,8H",VSMDINRNYYEDRN-UHFFFAOYSA-N
445,resorcinol,4695.02,3.67,751455-55-7,Oc1cccc(O)c1,,,https://doi.org/10.1016/j.watres.2007.07.025,phenol,Oxygenated organics,"InChI=1S/C6H6O2/c7-5-2-1-3-6(8)4-5/h1-4,7-8H",GHMLBKRAJCXXBS-UHFFFAOYSA-N
446,orcinol,21669.9,4.34,889140-51-6,Cc1cc(O)cc(O)c1,,,https://doi.org/10.1016/j.watres.2007.07.025,phenol,Oxygenated organics,"InChI=1S/C7H8O2/c1-5-2-6(8)4-7(9)3-5/h2-4,8-9H,1H3",OIPPWFOQEKKFEE-UHFFFAOYSA-N
447,4-n-nonylphenol,13,1.11,84852-15-3,CCCCCCCCCc1ccc(O)cc1,,,https://doi.org/10.1016/j.watres.2007.07.025,phenol,Oxygenated organics,"InChI=1S/C15H24O/c1-2-3-4-5-6-7-8-9-14-10-12-15(16)13-11-14/h10-13,16H,2-9H2,1H3",IGFHQQFPSIBGKE-UHFFFAOYSA-N
448,Bisphenol A,62,1.79,68440-77-7,CC(C)(c1ccc(O)cc1)c2ccc(O)cc2,,,https://doi.org/10.1016/j.watres.2007.07.025,phenol,Oxygenated organics,"InChI=1S/C15H16O2/c1-15(2,11-3-7-13(16)8-4-11)12-5-9-14(17)10-6-12/h3-10,16-17H,1-2H3",IISBACLAFKSPIT-UHFFFAOYSA-N
449,bisphenol F,86.53,1.94,96141-20-7,Oc1ccccc1Cc2ccccc2O,,,https://doi.org/10.1016/j.watres.2015.04.014,phenol,Oxygenated organics,"InChI=1S/C13H12O2/c14-12-7-3-1-5-10(12)9-11-6-2-4-8-13(11)15/h1-8,14-15H,9H2",MQCPOLNSJCWPGT-UHFFFAOYSA-N
450,hydroquinone,21.6,1.33,56924-48-2,Oc1ccc(O)cc1,,,https://doi.org/10.1016/j.watres.2015.09.024,phenol,Oxygenated organics,"InChI=1S/C6H6O2/c7-5-1-2-6(8)4-3-5/h1-4,7-8H",QIGBRXMKCJKVMJ-UHFFFAOYSA-N
451,3-Methylphenol,533.33,2.73,41701-84-2,Cc1cccc(O)c1,,,https://doi.org/10.1016/j.chemosphere.2021.131551,phenol,Oxygenated organics,"InChI=1S/C7H8O/c1-6-3-2-4-7(8)5-6/h2-5,8H,1H3",RLSSMJSEOOYNOY-UHFFFAOYSA-N
452,4-cyanophenol,8,0.9,1025089-21-7,Oc1ccc(cc1)C#N,,,https://doi.org/10.1016/j.watres.2007.07.025,phenol,Oxygenated organics,"InChI=1S/C7H5NO/c8-5-6-1-3-7(9)4-2-6/h1-4,9H",CVNOWLNNPYYEOH-UHFFFAOYSA-N
453,Dinoseb,0.4,-0.4,6365-83-9,CCC(C)c1cc(cc(c1O)[N+]([O-])=O)[N+]([O-])=O,,,https://doi.org/10.1016/j.chemosphere.2013.08.035,phenol,Oxygenated organics,"InChI=1S/C10H12N2O5/c1-3-6(2)8-4-7(11(14)15)5-9(10(8)13)12(16)17/h4-6,13H,3H2,1-2H3",OWZPCEFYPSAJFR-UHFFFAOYSA-N
454,bisphenol S,120,2.08,847696-49-5,Oc1ccc(cc1)[S](=O)(=O)c2ccc(O)cc2,,,https://doi.org/10.1016/j.watres.2017.12.049,phenol,Oxygenated organics,"InChI=1S/C12H10O4S/c13-9-1-5-11(6-2-9)17(15,16)12-7-3-10(14)4-8-12/h1-8,13-14H",VPWNQTHUCYMVMZ-UHFFFAOYSA-N
455,Catechol,217.5,2.34,82869-32-7,C1=CC=C(C(=C1)O)O,,,https://doi.org/10.1016/j.watres.2015.09.024,phenol,Oxygenated organics,"InChI=1S/C6H6O2/c7-5-3-1-2-4-6(5)8/h1-4,7-8H",YCIMNLLNPGFGHC-UHFFFAOYSA-N
456,Gallic acid,1600,3.2,149-91-7,C1=C(C=C(C(=C1O)O)O)C(=O)O,,,https://doi.org/10.1016/j.watres.2015.09.024,phenol,Oxygenated organics,"InChI=1S/C7H6O5/c8-4-1-3(7(11)12)2-5(9)6(4)10/h1-2,8-10H,(H,11,12)",LNTHITQWFMADLM-UHFFFAOYSA-N
457,Phloroglucinol,1200000,6.08,1329497-24-6,C1=C(C=C(C=C1O)O)O,,,https://doi.org/10.1016/j.watres.2015.09.024,phenol,Oxygenated organics,"InChI=1S/C6H6O3/c7-4-1-5(8)3-6(9)2-4/h1-3,7-9H",QCDYQQDYXPDABM-UHFFFAOYSA-N
458,p-Hydroxybenzoic acid,15.9,1.2,15446-51-2,C1=CC(=CC=C1C(=O)O)O,,,https://doi.org/10.1016/j.watres.2015.09.024,phenol,Oxygenated organics,"InChI=1S/C7H6O3/c8-6-3-1-5(2-4-6)7(9)10/h1-4,8H,(H,9,10)",FJKROLUGYXJWQN-UHFFFAOYSA-N
459,Hesperetin,260000,5.41,250707-82-5,COC1=C(C=C(C=C1)C2CC(=O)C3=C(C=C(C=C3O2)O)O)O,,,https://doi.org/10.1016/j.watres.2015.09.024,phenol,Oxygenated organics,"InChI=1S/C16H14O6/c1-21-13-3-2-8(4-10(13)18)14-7-12(20)16-11(19)5-9(17)6-15(16)22-14/h2-6,14,17-19H,7H2,1H3",AIONOLUJZLIMTK-UHFFFAOYSA-N
460,4-chlorophenol,7.5,0.88,1235439-85-6,Oc1ccc(Cl)cc1,,,https://doi.org/10.1016/j.watres.2007.07.025,halogenated,Halogenated organics,"InChI=1S/C6H5ClO/c7-5-1-3-6(8)4-2-5/h1-4,8H",WXNZTHHGJRFXKQ-UHFFFAOYSA-N
461,2-chlorophenol,50,1.7,1235439-85-6,Oc1ccccc1Cl,,,https://doi.org/10.1016/j.watres.2007.07.025,halogenated,Halogenated organics,"InChI=1S/C6H5ClO/c7-5-3-1-2-4-6(5)8/h1-4,8H",ISPYQTSUDJAMAB-UHFFFAOYSA-N
462,"2,4-dichlorophenol",29,1.46,1202864-83-2,Oc1ccc(Cl)cc1Cl,,,https://doi.org/10.1016/j.watres.2007.07.025,halogenated,Halogenated organics,"InChI=1S/C6H4Cl2O/c7-4-1-2-6(9)5(8)3-4/h1-3,9H",HFZWRUODUSTPEG-UHFFFAOYSA-N
463,"2,6-dichlorophenol",78,1.89,107931-00-0,Oc1c(Cl)cccc1Cl,,,https://doi.org/10.1016/j.watres.2007.07.025,halogenated,Halogenated organics,"InChI=1S/C6H4Cl2O/c7-4-2-1-3-5(8)6(4)9/h1-3,9H",HOLHYSJJBXSLMV-UHFFFAOYSA-N
464,"2,4,6-trichlorophenol",9,0.95,88-06-2,Oc1c(Cl)cc(Cl)cc1Cl,,,https://doi.org/10.1016/j.watres.2007.07.025,halogenated,Halogenated organics,"InChI=1S/C6H3Cl3O/c7-3-1-4(8)6(10)5(9)2-3/h1-2,10H",LINPIYWFGCPVIE-UHFFFAOYSA-N
465,2-bromophenol,70,1.85,68541-56-0,Oc1ccccc1Br,,,https://doi.org/10.1016/j.watres.2007.07.025,halogenated,Halogenated organics,"InChI=1S/C6H5BrO/c7-5-3-1-2-4-6(5)8/h1-4,8H",VADKRMSMGWJZCF-UHFFFAOYSA-N
466,4-bromophenol,12,1.08,1323940-38-0,Oc1ccc(Br)cc1,,,https://doi.org/10.1016/j.watres.2007.07.025,halogenated,Halogenated organics,"InChI=1S/C6H5BrO/c7-5-1-3-6(8)4-2-5/h1-4,8H",GZFGOTFRPZRKDS-UHFFFAOYSA-N
467,"2,4-dibromophenol",33,1.52,2483736-16-7,Oc1ccc(Br)cc1Br,,,https://doi.org/10.1016/j.watres.2007.07.025,halogenated,Halogenated organics,"InChI=1S/C6H4Br2O/c7-4-1-2-6(9)5(8)3-4/h1-3,9H",FAXWFCTVSHEODL-UHFFFAOYSA-N
468,"2,6-dibromophenol",80,1.9,1219803-14-1,Oc1c(Br)cccc1Br,,,https://doi.org/10.1016/j.watres.2007.07.025,halogenated,Halogenated organics,"InChI=1S/C6H4Br2O/c7-4-2-1-3-5(8)6(4)9/h1-3,9H",SSIZLKDLDKIHEV-UHFFFAOYSA-N
469,4-chlororesorcinol,10354.71,4.02,953390-32-4,Oc1ccc(Cl)c(O)c1,,,https://doi.org/10.1016/j.watres.2007.07.025,halogenated,Halogenated organics,"InChI=1S/C6H5ClO2/c7-5-2-1-4(8)3-6(5)9/h1-3,8-9H",JQVAPEJNIZULEK-UHFFFAOYSA-N
470,"4,6-dichlororesorcinol",11682.59,4.07,198009-76-6,Oc1cc(O)c(Cl)cc1Cl,,,https://doi.org/10.1016/j.watres.2007.07.025,halogenated,Halogenated organics,"InChI=1S/C6H4Cl2O2/c7-3-1-4(8)6(10)2-5(3)9/h1-2,9-10H",GRLQBYQELUWBIO-UHFFFAOYSA-N
471,Chlorophene,28.4,1.45,120-32-1,Oc1ccc(Cl)cc1Cc2ccccc2,,,https://doi.org/10.1080/01919512.2013.794107,halogenated,Halogenated organics,"InChI=1S/C13H11ClO/c14-12-6-7-13(15)11(9-12)8-10-4-2-1-3-5-10/h1-7,9,15H,8H2",NCKMMSIFQUPKCK-UHFFFAOYSA-N
472,bisphenol AF,38.31,1.58,40216-08-8,Oc1ccc(cc1)C(c2ccc(O)cc2)(C(F)(F)F)C(F)(F)F,,,https://doi.org/10.1021/acsestwater.0c00186,phenol,Oxygenated organics,"InChI=1S/C15H10F6O2/c16-14(17,18)13(15(19,20)21,9-1-5-11(22)6-2-9)10-3-7-12(23)8-4-10/h1-8,22-23H",ZFVMWEVVKGLCIJ-UHFFFAOYSA-N
473,Triclosan,4535,3.66,1020720-00-6,OC1=CC(Cl)=CC=C1OC2=C(C=C(C=C2)Cl)Cl,,,https://doi.org/10.1016/j.watres.2006.05.031,halogenated,Halogenated organics,"InChI=1S/C12H7Cl3O2/c13-7-1-3-11(9(15)5-7)17-12-4-2-8(14)6-10(12)16/h1-6,16H",XEFQLINVKFYRCS-UHFFFAOYSA-N
474,levofloxacin,7,0.85,1797099-76-3,C[C@H]1COc2c(N3CCN(C)CC3)c(F)cc4C(=O)C(=CN1c24)C(O)=O,,,https://doi.org/10.3184/146867812X13440034591571,halogenated,Halogenated organics,"InChI=1S/C18H20FN3O4/c1-10-9-26-17-14-11(16(23)12(18(24)25)8-22(10)14)7-13(19)15(17)21-5-3-20(2)4-6-21/h7-8,10H,3-6,9H2,1-2H3,(H,24,25)/t10-/m0/s1",GSDSWSVVBLHKDQ-JTQLQIEISA-N
475,fleroxacin,1.54,0.19,79660-53-0,CN1CCN(CC1)c2c(F)cc3C(=O)C(=CN(CCF)c3c2F)C(O)=O,,,https://doi.org/10.1016/j.chemosphere.2021.131585,halogenated,Halogenated organics,"InChI=1S/C17H18F3N3O3/c1-21-4-6-22(7-5-21)15-12(19)8-10-14(13(15)20)23(3-2-18)9-11(16(10)24)17(25)26/h8-9H,2-7H2,1H3,(H,25,26)",XBJBPGROQZJDOJ-UHFFFAOYSA-N
476,norfloxacin,700000,5.85,1426313-01-0,CCN1C=C(C(O)=O)C(=O)c2cc(F)c(cc12)N3CCNCC3,,,https://doi.org/10.1016/j.chemosphere.2018.09.100,halogenated,Halogenated organics,"InChI=1S/C16H18FN3O3/c1-2-19-9-11(16(22)23)15(21)10-7-12(17)14(8-13(10)19)20-5-3-18-4-6-20/h7-9,18H,2-6H2,1H3,(H,22,23)",OGJPXUAPXNRGGI-UHFFFAOYSA-N
477,enoxacin,32.5,1.51,1329642-60-5,CCN1C=C(C(O)=O)C(=O)c2cc(F)c(nc12)N3CCNCC3,,,https://doi.org/10.1016/j.scitotenv.2019.04.275,halogenated,Halogenated organics,"InChI=1S/C15H17FN4O3/c1-2-19-8-10(15(22)23)12(21)9-7-11(16)14(18-13(9)19)20-5-3-17-4-6-20/h7-8,17H,2-6H2,1H3,(H,22,23)",IDYZIJYBMGIQMJ-UHFFFAOYSA-N
478,cinnamic acid (CA),0.5,-0.3,2734410-01-4,OC(=O)C=Cc1ccccc1,,,https://doi.org/10.1016/j.watres.2020.116424,carboxylic acid,Oxygenated organics,"InChI=1S/C9H8O2/c10-9(11)7-6-8-4-2-1-3-5-8/h1-7H,(H,10,11)",WBYWAXJHAXSJNI-UHFFFAOYSA-N
479,2-methylcinnamic acid (4-CH3CA),0.2,-0.7,195046-26-5,Cc1ccccc1C=CC(O)=O,,,https://doi.org/10.1016/j.watres.2020.116424,carboxylic acid,Oxygenated organics,"InChI=1S/C10H10O2/c1-8-4-2-3-5-9(8)6-7-10(11)12/h2-7H,1H3,(H,11,12)",RSWBWHPZXKLUEX-UHFFFAOYSA-N
480,α-methylcinnamic acid (α-CH3CA),0.5,-0.3,1895-97-2,CC(=Cc1ccccc1)C(O)=O,,,https://doi.org/10.1016/j.watres.2020.116424,carboxylic acid,Oxygenated organics,"InChI=1S/C10H10O2/c1-8(10(11)12)7-9-5-3-2-4-6-9/h2-7H,1H3,(H,11,12)",XNCRUNXWPDJHGV-UHFFFAOYSA-N
481,4-chloro-α-cyanocinnamic acid (4-Cl-α-CNCA),0.2,-0.7,339548-64-0,OC(=O)C(=Cc1ccc(Cl)cc1)C#N,,,https://doi.org/10.1016/j.watres.2020.116424,halogenated,Halogenated organics,"InChI=1S/C10H6ClNO2/c11-9-3-1-7(2-4-9)5-8(6-12)10(13)14/h1-5H,(H,13,14)",MXCRRKYUQNHWLJ-UHFFFAOYSA-N
482,4-chlorocinnamic acid (4-ClCA),0.08,-1.1,1262014-70-9,OC(=O)C=Cc1ccc(Cl)cc1,,,https://doi.org/10.1016/j.watres.2020.116424,halogenated,Halogenated organics,"InChI=1S/C9H7ClO2/c10-8-4-1-7(2-5-8)3-6-9(11)12/h1-6H,(H,11,12)",GXLIFJYFGMHYDY-UHFFFAOYSA-N
483,N-acetyl-Ala,0,-2.92,15962-47-7,O=C(O)[C@H](C)NC(C)=O,,,https://doi.org/10.1016/j.watres.2007.07.025,amide,Nitrogen-containing organics,"InChI=1S/C5H9NO3/c1-3(5(8)9)6-4(2)7/h3H,1-2H3,(H,6,7)(H,8,9)/t3-/m0/s1",KTHDTJVBEPMMGL-VKHMYHEASA-N
484,N-acetyl-(Ala)2,0.01,-2.1,15962-47-7,O=C(N[C@@H](C)C(O)=O)[C@H](C)NC(C)=O,,,https://doi.org/10.1016/j.watres.2007.07.025,amide,Nitrogen-containing organics,"InChI=1S/C8H14N2O4/c1-4(9-6(3)11)7(12)10-5(2)8(13)14/h4-5H,1-3H3,(H,9,11)(H,10,12)(H,13,14)/t4-,5-/m0/s1",MJZMSEWWBGCBFM-WHFBIAKZSA-N
485,N-acetyl-(Ala)3,0.02,-1.64,15962-47-7,O=C(N[C@@H](C)C(N[C@@H](C)C(O)=O)=O)[C@H](C)NC(C)=O,,,https://doi.org/10.1016/j.watres.2007.07.025,amide,Nitrogen-containing organics,"InChI=1S/C11H19N3O5/c1-5(12-8(4)15)9(16)13-6(2)10(17)14-7(3)11(18)19/h5-7H,1-4H3,(H,12,15)(H,13,16)(H,14,17)(H,18,19)/t5-,6-,7-/m0/s1",DRYOODAJROGPQO-ACZMJKKPSA-N
486,N-acetylglycine,0,-2.8,90170-48-2,CC(=O)NCC(O)=O,,,https://doi.org/10.1016/j.watres.2007.07.025,amide,Nitrogen-containing organics,"InChI=1S/C4H7NO3/c1-3(6)5-2-4(7)8/h2H2,1H3,(H,5,6)(H,7,8)",OKJIRPAQVSHGFK-UHFFFAOYSA-N
487,Cyclo(Asp)2,1.9,0.28,161552-03-0,O=C1N[C@@H](CC(O)=O)C(N[C@H]1CC(O)=O)=O,,,https://doi.org/10.1016/j.watres.2007.07.025,cyclo,Aliphatic hydrocarbons,"InChI=1S/C8H10N2O6/c11-5(12)1-3-7(15)10-4(2-6(13)14)8(16)9-3/h3-4H,1-2H2,(H,9,16)(H,10,15)(H,11,12)(H,13,14)/t3-,4-/m0/s1",NMAZZUSURHBTKP-IMJSIDKUSA-N
488,Cyclo(Asp-Gly),7.43,0.87,135432-37-0,O=C1NCC(N[C@H]1CC(O)=O)=O,,,https://kinetics.nist.gov/solution/,cyclo,Aliphatic hydrocarbons,"InChI=1S/C6H8N2O4/c9-4-2-7-6(12)3(8-4)1-5(10)11/h3H,1-2H2,(H,7,12)(H,8,9)(H,10,11)/t3-/m0/s1",STTIAONCINEOLF-VKHMYHEASA-N
489,glycyl-glycine,327500,5.52,50998-12-4,NCC(=O)NCC(O)=O,,,https://doi.org/10.1016/j.watres.2007.07.025,amide,Nitrogen-containing organics,"InChI=1S/C4H8N2O3/c5-1-3(7)6-2-4(8)9/h1-2,5H2,(H,6,7)(H,8,9)",YMAWOPBAYDPSLA-UHFFFAOYSA-N
490,Gly-Sar,250000,5.4,2313534-26-6,CN(CC(O)=O)C(=O)CN,,,https://doi.org/10.1016/j.watres.2007.07.025,amide,Nitrogen-containing organics,"InChI=1S/C5H10N2O3/c1-7(3-5(9)10)4(8)2-6/h2-3,6H2,1H3,(H,9,10)",VYAMLSCELQQRAE-UHFFFAOYSA-N
491,Gly-Ala,320000,5.51,143485-62-5,CC(NC(=O)CN)C(O)=O,,,https://doi.org/10.1016/j.watres.2007.07.025,amide,Nitrogen-containing organics,"InChI=1S/C5H10N2O3/c1-3(5(9)10)7-4(8)2-6/h3H,2,6H2,1H3,(H,7,8)(H,9,10)",VPZXBVLAVMBEQI-UHFFFAOYSA-N
492,Gly-Val,350000,5.54,64918-37-2,CC(C)C(NC(=O)CN)C(O)=O,,,https://doi.org/10.1016/j.watres.2007.07.025,amide,Nitrogen-containing organics,"InChI=1S/C7H14N2O3/c1-4(2)6(7(11)12)9-5(10)3-8/h4,6H,3,8H2,1-2H3,(H,9,10)(H,11,12)",STKYPAFSDFAEPH-UHFFFAOYSA-N
493,Gly-Ile,370000,5.57,853262-65-4,O=C(N[C@@H]([C@@H](C)CC)C(O)=O)CN,,,https://doi.org/10.1016/j.watres.2007.07.025,amide,Nitrogen-containing organics,"InChI=1S/C8H16N2O3/c1-3-5(2)7(8(12)13)10-6(11)4-9/h5,7H,3-4,9H2,1-2H3,(H,10,11)(H,12,13)/t5-,7-/m0/s1",KGVHCTWYMPWEGN-FSPLSTOPSA-N
494,Gly-Leu,340000,5.53,60254-83-3,CC(C)C[C@H](NC(=O)CN)C(O)=O,,,https://doi.org/10.1016/j.watres.2007.07.025,amide,Nitrogen-containing organics,"InChI=1S/C8H16N2O3/c1-5(2)3-6(8(12)13)10-7(11)4-9/h5-6H,3-4,9H2,1-2H3,(H,10,11)(H,12,13)/t6-/m0/s1",DKEXFJVMVGETOO-LURJTMIESA-N
495,Ala-Gly,340000,5.53,143485-62-5,CC(N)C(=O)NCC(O)=O,,,https://doi.org/10.1016/j.watres.2007.07.025,amide,Nitrogen-containing organics,"InChI=1S/C5H10N2O3/c1-3(6)5(10)7-2-4(8)9/h3H,2,6H2,1H3,(H,7,10)(H,8,9)",CXISPYVYMQWFLE-UHFFFAOYSA-N
496,Val-Gly,480000,5.68,64918-37-2,CC(C)[C@@H](N)C(=O)NCC(O)=O,,,https://doi.org/10.1016/j.watres.2007.07.025,amide,Nitrogen-containing organics,"InChI=1S/C7H14N2O3/c1-4(2)6(8)7(12)9-3-5(10)11/h4,6H,3,8H2,1-2H3,(H,9,12)(H,10,11)/t6-/m1/s1",IOUPEELXVYPCPG-ZCFIWIBFSA-N
497,Leu-Ala,610000,5.79,886462-83-5,CC(C)CC(N)C(=O)NC(C)C(O)=O,,,https://doi.org/10.1016/j.watres.2007.07.025,amide,Nitrogen-containing organics,"InChI=1S/C9H18N2O3/c1-5(2)4-7(10)8(12)11-6(3)9(13)14/h5-7H,4,10H2,1-3H3,(H,11,12)(H,13,14)",HSQGMTRYSIHDAC-UHFFFAOYSA-N
498,daminozide,66,1.82,2140327-55-3,CN(C)NC(=O)CCC(O)=O,,,https://doi.org/10.1039/D0EW00299B,amide,Nitrogen-containing organics,"InChI=1S/C6H12N2O3/c1-8(2)7-5(9)3-4-6(10)11/h3-4H2,1-2H3,(H,7,9)(H,10,11)",NOQGZXFMHARMLW-UHFFFAOYSA-N
499,Methotrexate,248.55,2.4,19590-50-2,CN(Cc1cnc2nc(N)nc(N)c2n1)c3ccc(cc3)C(=O)N[C@@H](CCC(O)=O)C(O)=O,,,https://doi.org/10.1016/j.jes.2016.06.024,amide,Nitrogen-containing organics,"InChI=1S/C20H22N8O5/c1-28(9-11-8-23-17-15(24-11)16(21)26-20(22)27-17)12-4-2-10(3-5-12)18(31)25-13(19(32)33)6-7-14(29)30/h2-5,8,13H,6-7,9H2,1H3,(H,25,31)(H,29,30)(H,32,33)(H4,21,22,23,26,27)/t13-/m0/s1",FBOZXECLQNJBKD-ZDUSSCGKSA-N
500,amoxicillin,119000,5.08,2088960-43-2,O.O.O.CC1(C)S[C@@H]2[C@H](NC(=O)[C@H](N)c3ccc(O)cc3)C(=O)N2[C@H]1C(O)=O,,,https://doi.org/10.1016/j.watres.2010.05.012,"sulfide, disulfide",Sulfur-containing organics,"InChI=1S/C16H19N3O5S.3H2O/c1-16(2)11(15(23)24)19-13(22)10(14(19)25-16)18-12(21)9(17)7-3-5-8(20)6-4-7;;;/h3-6,9-11,14,20H,17H2,1-2H3,(H,18,21)(H,23,24);3*1H2/t9-,10-,11+,14-;;;/m1.../s1",MQXQVCLAUDMCEF-CWLIKTDRSA-N
501,Gly-Pro,250000,5.4,25104-46-5,NCC(=O)N1CCCC1C(O)=O,,,https://doi.org/10.1016/j.watres.2007.07.025,amide,Nitrogen-containing organics,"InChI=1S/C7H12N2O3/c8-4-6(10)9-3-1-2-5(9)7(11)12/h5H,1-4,8H2,(H,11,12)",KZNQNBZMBZJQJO-UHFFFAOYSA-N
502,Pro-Gly,270000,5.43,25104-46-5,OC(=O)CNC(=O)C1CCCN1,,,https://doi.org/10.1016/j.watres.2007.07.025,amide,Nitrogen-containing organics,"InChI=1S/C7H12N2O3/c10-6(11)4-9-7(12)5-2-1-3-8-5/h5,8H,1-4H2,(H,9,12)(H,10,11)",RNKSNIBMTUYWSH-UHFFFAOYSA-N
503,glycine,104333.33,5.02,7299-33-4,NCC(O)=O,,,https://doi.org/10.1016/j.watres.2007.07.025,amine,Nitrogen-containing organics,"InChI=1S/C2H5NO2/c3-1-2(4)5/h1,3H2,(H,4,5)",DHMQDGOQFOQNFH-UHFFFAOYSA-N
504,alanine,49333.33,4.69,25191-17-7,C[C@H](N)C(O)=O,,,https://doi.org/10.1016/j.watres.2007.07.025,amine,Nitrogen-containing organics,"InChI=1S/C3H7NO2/c1-2(4)3(5)6/h2H,4H2,1H3,(H,5,6)/t2-/m0/s1",QNAYBMKLOCPYGJ-REOHCLBHSA-N
505,β-alanine,60000,4.78,201985-01-5,NCCC(O)=O,,,https://doi.org/10.1016/j.watres.2007.07.025,amine,Nitrogen-containing organics,"InChI=1S/C3H7NO2/c4-2-1-3(5)6/h1-2,4H2,(H,5,6)",UCMIRNVEIXFBKS-UHFFFAOYSA-N
506,Valine,74000,4.87,2144743-44-0,CC(C)[C@H](N)C(O)=O,,,https://doi.org/10.1016/j.watres.2007.07.025,amine,Nitrogen-containing organics,"InChI=1S/C5H11NO2/c1-3(2)4(6)5(7)8/h3-4H,6H2,1-2H3,(H,7,8)/t4-/m0/s1",KZSNJWFQEVHDMF-BYPYZUCNSA-N
507,2-amino butyric acid,72000,4.86,1219803-65-2,CCC(N)C(O)=O,,,https://doi.org/10.1016/j.watres.2007.07.025,amine,Nitrogen-containing organics,"InChI=1S/C4H9NO2/c1-2-3(5)4(6)7/h3H,2,5H2,1H3,(H,6,7)",QWCKQJZIFLGMSD-UHFFFAOYSA-N
508,3-aminobutyric acid,87000,4.94,20-79-1,CC(N)CC(O)=O,,,https://doi.org/10.1016/j.watres.2007.07.025,carboxylic acid,Oxygenated organics,"InChI=1S/C4H9NO2/c1-3(5)2-4(6)7/h3H,2,5H2,1H3,(H,6,7)",OQEBBZSWEGYTPG-UHFFFAOYSA-N
509,3-aminoisobutyric acid,160000,5.2,84796-61-2,CC(CN)C(O)=O,,,https://doi.org/10.1016/j.watres.2007.07.025,carboxylic acid,Oxygenated organics,"InChI=1S/C4H9NO2/c1-3(2-5)4(6)7/h3H,2,5H2,1H3,(H,6,7)",QCHPKSFMDHPSNR-UHFFFAOYSA-N
510,4-aminobutyric acid,47000,4.67,20-79-1,NCCCC(O)=O,,,https://doi.org/10.1016/j.watres.2007.07.025,carboxylic acid,Oxygenated organics,"InChI=1S/C4H9NO2/c5-3-1-2-4(6)7/h1-3,5H2,(H,6,7)",BTCSSZJGUNDROE-UHFFFAOYSA-N
511,2-amino hexanoic acid,37000,4.57,78121-46-7,CCCCC(N)C(O)=O,,,https://doi.org/10.1016/j.watres.2007.07.025,amine,Nitrogen-containing organics,"InChI=1S/C6H13NO2/c1-2-3-4-5(7)6(8)9/h5H,2-4,7H2,1H3,(H,8,9)",LRQKBLKVPFOOQJ-UHFFFAOYSA-N
512,ε-aminocaproic acid,4700,3.67,1246819-49-7,NCCCCCC(O)=O,,,https://doi.org/10.1016/j.watres.2007.07.025,carboxylic acid,Oxygenated organics,"InChI=1S/C6H13NO2/c7-5-3-1-2-4-6(8)9/h1-5,7H2,(H,8,9)",SLXKOJJOQWFEFD-UHFFFAOYSA-N
513,Sarcosine,53000,4.72,37228-65-2,CNCC(O)=O,,,https://doi.org/10.1016/j.watres.2007.07.025,amine,Nitrogen-containing organics,"InChI=1S/C3H7NO2/c1-4-2-3(5)6/h4H,2H2,1H3,(H,5,6)",FSYKKLYZXJSNPZ-UHFFFAOYSA-N
514,"(N,N)-di-Me-glycine",45,1.65,58489-51-3,CN(C)CC(O)=O,,,https://doi.org/10.1016/j.watres.2007.07.025,amine,Nitrogen-containing organics,"InChI=1S/C4H9NO2/c1-5(2)3-4(6)7/h3H2,1-2H3,(H,6,7)",FFDGPVCHZBVARC-UHFFFAOYSA-N
515,isoleucine,500000,5.7,28838-58-6,CC[C@H](C)[C@H](N)C(O)=O,,,https://kinetics.nist.gov/solution/,amine,Nitrogen-containing organics,"InChI=1S/C6H13NO2/c1-3-4(2)5(7)6(8)9/h4-5H,3,7H2,1-2H3,(H,8,9)/t4-,5-/m0/s1",AGPKZVBTJJNPAG-WHFBIAKZSA-N
516,leucine,31698,4.5,25248-98-0,CC(C)C[C@H](N)C(O)=O,,,https://kinetics.nist.gov/solution/,amine,Nitrogen-containing organics,"InChI=1S/C6H13NO2/c1-4(2)3-5(7)6(8)9/h4-5H,3,7H2,1-2H3,(H,8,9)/t5-/m0/s1",ROHFNLRQFUQHCH-YFKPBYRVSA-N
517,Serine,170000,5.23,83245-14-1,N[C@@H](CO)C(O)=O,,,https://doi.org/10.1016/j.watres.2007.07.025,amine,Nitrogen-containing organics,"InChI=1S/C3H7NO3/c4-2(1-5)3(6)7/h2,5H,1,4H2,(H,6,7)/t2-/m0/s1",MTCFGRXMJLQNBG-REOHCLBHSA-N
518,glyphosate,100000,5,1313261-72-1,OC(=O)CNC[P](O)(O)=O,,,https://doi.org/10.1016/j.watres.2006.03.028,phosphorus,Phosphorus-containing organics,"InChI=1S/C3H8NO5P/c5-3(6)1-4-2-10(7,8)9/h4H,1-2H2,(H,5,6)(H2,7,8,9)",XDDAORKBJWWYJS-UHFFFAOYSA-N
519,2-piperidine carboxylic acid,16000,4.2,251574-16-0,OC(=O)C1CCCCN1,,,https://doi.org/10.1016/j.watres.2007.07.025,carboxylic acid,Oxygenated organics,"InChI=1S/C6H11NO2/c8-6(9)5-3-1-2-4-7-5/h5,7H,1-4H2,(H,8,9)",HXEACLLIILLPRG-UHFFFAOYSA-N
520,3-piperidine carboxylic acid,19000,4.28,321970-54-1,OC(=O)C1CCCNC1,,,https://doi.org/10.1016/j.watres.2007.07.025,carboxylic acid,Oxygenated organics,"InChI=1S/C6H11NO2/c8-6(9)5-2-1-3-7-4-5/h5,7H,1-4H2,(H,8,9)",XJLSEXAGTJCILF-UHFFFAOYSA-N
521,proline,3500,3.54,96450-73-6,OC(=O)[C@@H]1CCCN1,,,https://doi.org/10.1016/j.watres.2007.07.025,amine,Nitrogen-containing organics,"InChI=1S/C5H9NO2/c7-5(8)4-2-1-3-6-4/h4,6H,1-3H2,(H,7,8)/t4-/m0/s1",ONIBWKKTOPOVIA-BYPYZUCNSA-N
522,anthranilic acid,30000,4.48,200126-77-8,Nc1ccccc1C(O)=O,,,https://doi.org/10.1016/j.watres.2007.07.025,carboxylic acid,Oxygenated organics,"InChI=1S/C7H7NO2/c8-6-4-2-1-3-5(6)7(9)10/h1-4H,8H2,(H,9,10)",RWZYAGGXGHYGMB-UHFFFAOYSA-N
523,mefenamic acid,8.2,0.91,1397200-83-7,Cc1cccc(Nc2ccccc2C(O)=O)c1C,,,https://doi.org/10.1039/C6EM00017G,carboxylic acid,Oxygenated organics,"InChI=1S/C15H15NO2/c1-10-6-5-9-13(11(10)2)16-14-8-4-3-7-12(14)15(17)18/h3-9,16H,1-2H3,(H,17,18)",HYYBABOKPJLUIN-UHFFFAOYSA-N
524,Ciprofloxacin,760000,5.88,93398-92-6,OC(=O)C1=CN(C2CC2)c3cc(N4CCNCC4)c(F)cc3C1=O,,,https://doi.org/10.1016/j.watres.2007.07.025,halogenated,Halogenated organics,"InChI=1S/C17H18FN3O3/c18-13-7-11-14(8-15(13)20-5-3-19-4-6-20)21(10-1-2-10)9-12(16(11)22)17(23)24/h7-10,19H,1-6H2,(H,23,24)",MYSWGUAQZAJSOK-UHFFFAOYSA-N
525,Enrofloxacin,510,2.71,1219795-24-0,CCN1CCN(CC1)c2cc3N(C=C(C(O)=O)C(=O)c3cc2F)C4CC4,,,https://doi.org/10.1016/j.watres.2007.07.025,halogenated,Halogenated organics,"InChI=1S/C19H22FN3O3/c1-2-21-5-7-22(8-6-21)17-10-16-13(9-15(17)20)18(24)14(19(25)26)11-23(16)12-3-4-12/h9-12H,2-8H2,1H3,(H,25,26)",SPFYMRJSYKOXGV-UHFFFAOYSA-N
526,tolfenamic acid,0.3,-0.52,1420043-61-3,Cc1c(Cl)cccc1Nc2ccccc2C(O)=O,,,https://doi.org/10.1007/s11696-022-02378-8,carboxylic acid,Oxygenated organics,"InChI=1S/C14H12ClNO2/c1-9-11(15)6-4-8-12(9)16-13-7-3-2-5-10(13)14(17)18/h2-8,16H,1H3,(H,17,18)",YEZNLOUZAIOMLT-UHFFFAOYSA-N
527,clofenamic acid,308.3,2.49,4295-55-0,OC(=O)c1ccccc1Nc2cccc(Cl)c2Cl,,,https://doi.org/10.1016/j.chemosphere.2017.02.045,carboxylic acid,Oxygenated organics,"InChI=1S/C13H9Cl2NO2/c14-9-5-3-7-11(12(9)15)16-10-6-2-1-4-8(10)13(17)18/h1-7,16H,(H,17,18)",JONFYSWOLCTYFK-UHFFFAOYSA-N
528,Indometacine,57,1.76,53-86-1,COc1ccc2n(c(C)c(CC(O)=O)c2c1)C(=O)c3ccc(Cl)cc3,,,https://doi.org/10.1016/j.watres.2007.07.025,halogenated,Halogenated organics,"InChI=1S/C19H16ClNO4/c1-11-15(10-18(22)23)16-9-14(25-2)7-8-17(16)21(11)19(24)12-3-5-13(20)6-4-12/h3-9H,10H2,1-2H3,(H,22,23)",CGIGDMFJXJATDK-UHFFFAOYSA-N
529,Gemfibrozil,0.9,-0.05,86837-66-3,Cc1ccc(C)c(OCCCC(C)(C)C(O)=O)c1,,,https://doi.org/10.1016/j.watres.2007.07.025,carboxylic acid,Oxygenated organics,"InChI=1S/C15H22O3/c1-11-6-7-12(2)13(10-11)18-9-5-8-15(3,4)14(16)17/h6-7,10H,5,8-9H2,1-4H3,(H,16,17)",HEMJJKBWTPKOJG-UHFFFAOYSA-N
530,Naproxen,2.5,0.4,119166-66-4,COc1ccc2cc(ccc2c1)C(C)C(O)=O,,,https://doi.org/10.1016/j.watres.2007.07.025,carboxylic acid,Oxygenated organics,"InChI=1S/C14H14O3/c1-9(14(15)16)10-3-4-12-8-13(17-2)6-5-11(12)7-10/h3-9H,1-2H3,(H,15,16)",CMWTZPSULFXXJA-UHFFFAOYSA-N
531,trotox,1300,3.11,94-81-5,Cc1cc(Cl)ccc1OCCCC(O)=O,,,https://doi.org/10.1021/tx025670s,halogenated,Halogenated organics,"InChI=1S/C11H13ClO3/c1-8-7-9(12)4-5-10(8)15-6-2-3-11(13)14/h4-5,7H,2-3,6H2,1H3,(H,13,14)",LLWADFLAOKUBDR-UHFFFAOYSA-N
532,Glutathione (GSH),10000000,7,50812-37-8,N[C@@H](CCC(=O)N[C@@H](CS)C(=O)NCC(O)=O)C(O)=O,,,https://doi.org/10.1016/j.watres.2007.07.025,thiol,Sulfur-containing organics,"InChI=1S/C10H17N3O6S/c11-5(10(18)19)1-2-7(14)13-6(4-20)9(17)12-3-8(15)16/h5-6,20H,1-4,11H2,(H,12,17)(H,13,14)(H,15,16)(H,18,19)/t5-,6-/m0/s1",RWSXRVCMGQZWBV-WDSKDSINSA-N
533,Cysteine,62000000,7.79,114507-35-6,N[C@@H](CS)C(O)=O,,,https://doi.org/10.1016/j.watres.2007.07.025,thiol,Sulfur-containing organics,"InChI=1S/C3H7NO2S/c4-2(1-7)3(5)6/h2,7H,1,4H2,(H,5,6)/t2-/m0/s1",XUJNEKJLAYXESH-REOHCLBHSA-N
534,Methionine,680000000,8.83,116155-75-0,CSCC[C@H](N)C(O)=O,,,https://doi.org/10.1016/j.watres.2007.07.025,"sulfide, disulfide",Sulfur-containing organics,"InChI=1S/C5H11NO2S/c1-9-3-2-4(6)5(7)8/h4H,2-3,6H2,1H3,(H,7,8)/t4-/m0/s1",FFEARJCKVFRZRR-BYPYZUCNSA-N
535,"3,3'-dithiobis-propionic aicd",160000,5.2,1609-40-1,OC(=O)CCSSCCC(O)=O,,,https://doi.org/10.1016/j.watres.2007.07.025,"sulfide, disulfide",Sulfur-containing organics,"InChI=1S/C6H10O4S2/c7-5(8)1-3-11-12-4-2-6(9)10/h1-4H2,(H,7,8)(H,9,10)",YCLSOMLVSHPPFV-UHFFFAOYSA-N
536,ascorbate,6000000,6.78,37237-57-3,OC[C@H](O)[C@H]1OC(=O)[C-](O)C1=O,,,https://doi.org/10.1021/tx025670s,ester,Oxygenated organics,"InChI=1S/C6H7O6/c7-1-2(8)5-3(9)4(10)6(11)12-5/h2,5,7-8,10H,1H2/q-1/t2-,5+/m0/s1",RUZSIBWKLPULMN-JLAZNSOCSA-N
537,inosine,96000,4.98,82252-19-5,OC[C@H]1O[C@H]([C@H](O)[C@@H]1O)n2cnc3c(O)ncnc23,,,https://doi.org/10.1016/j.watres.2007.07.025,imidazole,Heterocycles,"InChI=1S/C10H12N4O5/c15-1-4-6(16)7(17)10(19-4)14-3-13-5-8(14)11-2-12-9(5)18/h2-4,6-7,10,15-17H,1H2,(H,11,12,18)/t4-,6-,7-,10-/m1/s1",UGQMRVRMYYASKQ-KQYNXXCUSA-N
538,Monochlorodimedon,3600000,6.56,7298-89-7,CC1(C)CC(=O)C(Cl)C(=O)C1,,,https://doi.org/10.1016/j.watres.2007.07.025,halogenated,Halogenated organics,"InChI=1S/C8H11ClO2/c1-8(2)3-5(10)7(9)6(11)4-8/h7H,3-4H2,1-2H3",VOBIHUAWDXUCPH-UHFFFAOYSA-N
539,methomyl,28881,4.46,1398109-07-3,CNC(=O)O\N=C(/C)SC,,,https://doi.org/10.1002/etc.5620090501,"sulfide, disulfide",Sulfur-containing organics,"InChI=1S/C5H10N2O2S/c1-4(10-3)7-9-5(8)6-2/h1-3H3,(H,6,8)/b7-4+",UHXUZOCRWCRNSJ-QPJJXVBHSA-N
540,carbadox,14700,4.17,1185240-06-5,COC(=O)N=NC=C1C=[N+]([O-])c2ccccc2N1O,,,https://doi.org/10.1021/es060404c,amine,Nitrogen-containing organics,"InChI=1S/C11H10N4O4/c1-19-11(16)13-12-6-8-7-14(17)9-4-2-3-5-10(9)15(8)18/h2-7,18H,1H3",BPMVRAQIQQEBLN-UHFFFAOYSA-N
541,N-acetyl-Leu-OMe,0.02,-1.82,1135688-38-8,O=C(OC)[C@H](CC(C)C)NC(C)=O,,,https://doi.org/10.1016/j.watres.2007.07.025,amide,Nitrogen-containing organics,"InChI=1S/C9H17NO3/c1-6(2)5-8(9(12)13-4)10-7(3)11/h6,8H,5H2,1-4H3,(H,10,11)/t8-/m0/s1",IIGAKARAJMXVOZ-QMMMGPOBSA-N
542,N-acetyl-(Ala)2-OMe,0.06,-1.22,30802-26-7,O=C(N[C@@H](C)C(OC)=O)[C@H](C)NC(C)=O,,,https://doi.org/10.1016/j.watres.2007.07.025,amide,Nitrogen-containing organics,"InChI=1S/C9H16N2O4/c1-5(10-7(3)12)8(13)11-6(2)9(14)15-4/h5-6H,1-4H3,(H,10,12)(H,11,13)/t5-,6-/m0/s1",CXWPLQYKHLCSPO-WDSKDSINSA-N
543,N-acetyl-(Ala)3-OMe,0.11,-0.96,30802-26-7,O=C(N[C@@H](C)C(N[C@@H](C)C(OC)=O)=O)[C@H](C)NC(C)=O,,,https://doi.org/10.1016/j.watres.2007.07.025,amide,Nitrogen-containing organics,"InChI=1S/C12H21N3O5/c1-6(13-9(4)16)10(17)14-7(2)11(18)15-8(3)12(19)20-5/h6-8H,1-5H3,(H,13,16)(H,14,17)(H,15,18)/t6-,7-,8-/m0/s1",FKSWBCPVKXRWMC-FXQIFTODSA-N
544,Glycyl-Glycine ethyl ester,463333.33,5.67,92752-72-2,CCOC(=O)CNC(=O)CN,,,https://doi.org/10.1016/j.watres.2007.07.025,ester,Oxygenated organics,"InChI=1S/C6H12N2O3/c1-2-11-6(10)4-8-5(9)3-7/h2-4,7H2,1H3,(H,8,9)",LFAVEINQLWIXRA-UHFFFAOYSA-N
545,desoxycarbadox,2570,3.41,118828-84-5,COC(=O)N\N=C\c1cnc2ccccc2n1,,,https://doi.org/10.1016/j.watres.2006.04.039,amide,Nitrogen-containing organics,"InChI=1S/C11H10N4O2/c1-17-11(16)15-13-7-8-6-12-9-4-2-3-5-10(9)14-8/h2-7H,1H3,(H,15,16)/b13-7+",SOEMFPLGOUBPJQ-NTUHNPAUSA-N
546,bensulfuron-methyl,1487.55,3.17,1309928-44-6,COC(=O)c1ccccc1C[S](=O)(=O)NC(=O)Nc2nc(OC)cc(OC)n2,,,https://doi.org/10.1016/j.jtice.2015.02.029,sulfoxide,Sulfur-containing organics,"InChI=1S/C16H18N4O7S/c1-25-12-8-13(26-2)18-15(17-12)19-16(22)20-28(23,24)9-10-6-4-5-7-11(10)14(21)27-3/h4-8H,9H2,1-3H3,(H2,17,18,19,20,22)",XMQFTWRPUQYINF-UHFFFAOYSA-N
547,ronidazole,0.06,-1.25,7681-76-7,Cn1c(COC(N)=O)ncc1[N+]([O-])=O,,,https://doi.org/10.1016/j.watres.2014.07.041,imidazole,Heterocycles,"InChI=1S/C6H8N4O4/c1-9-4(3-14-6(7)11)8-2-5(9)10(12)13/h2H,3H2,1H3,(H2,7,11)",PQFRTXSWDXZRRS-UHFFFAOYSA-N
548,iso-chlorotetracycline,224000,5.35,7301-38-4,CN(C)[C@H]1[C@@H]2C[C@@H](CC(=O)[C@]2(O)C(=O)\C(=C(N)/O)C1=O)[C@]3(C)OC(=O)c4c(O)ccc(Cl)c34,,,https://doi.org/10.1016/j.watres.2010.11.039,halogenated,Halogenated organics,"InChI=1S/C22H23ClN2O8/c1-21(15-10(23)4-5-11(26)13(15)20(31)33-21)8-6-9-16(25(2)3)17(28)14(19(24)30)18(29)22(9,32)12(27)7-8/h4-5,8-9,16,26,30,32H,6-7,24H2,1-3H3/b19-14-/t8-,9-,16-,21-,22-/m0/s1",WHHSERXNOPRNLD-FIWYWWFUSA-N
549,Glycine methyl ester,43000,4.63,754970-50-8,COC(=O)CN,,,https://doi.org/10.1016/j.watres.2007.07.025,ester,Oxygenated organics,"InChI=1S/C3H7NO2/c1-6-3(5)2-4/h2,4H2,1H3",KQSSATDQUYCRGS-UHFFFAOYSA-N
550,Glycine ethyl ester,68000,4.83,221080-32-6,CCOC(=O)CN,,,https://doi.org/10.1016/j.watres.2007.07.025,ester,Oxygenated organics,"InChI=1S/C4H9NO2/c1-2-7-4(6)3-5/h2-3,5H2,1H3",NTNZTEQNFHNYBC-UHFFFAOYSA-N
551,phosphoryl-serine,33000,4.52,918794-13-5,OC[C@@]1(C(O2)=O)NP12=O,,,https://kinetics.nist.gov/solution/,phosphorus,Phosphorus-containing organics,"InChI=1S/C3H4NO4P/c5-1-3-2(6)8-9(3,7)4-3/h5H,1H2,(H,4,7)/t3-,9?/m1/s1",AOCKKVLWVGPVEC-ZMQIUWNVSA-N
552,Acid Orange II,23.48,1.37,633-96-5,O=C(O1)C2=C(C1(C(C=CC(O)=C3Br)=C3O4)C5=C4C(Br)=C(C=C5)O)C=CC=C2,,,https://kinetics.nist.gov/solution/,halogenated,Halogenated organics,"InChI=1S/C20H10Br2O5/c21-15-13(23)7-5-11-17(15)26-18-12(6-8-14(24)16(18)22)20(11)10-4-2-1-3-9(10)19(25)27-20/h1-8,23-24H",ZDTNHRWWURISAA-UHFFFAOYSA-N
553,Methyl salicylate,4.7,0.67,550-97-0,COC(=O)c1ccccc1O,,,https://doi.org/10.1002/jctb.4441,phenol,Oxygenated organics,"InChI=1S/C8H8O3/c1-11-8(10)6-4-2-3-5-7(6)9/h2-5,9H,1H3",OSWPMRLSEDHDFF-UHFFFAOYSA-N
554,methylparaben,63.8,1.8,222545-59-7,COC(=O)c1ccc(O)cc1,,,https://doi.org/10.1016/j.scitotenv.2018.03.330,phenol,Oxygenated organics,"InChI=1S/C8H8O3/c1-11-8(10)6-2-4-7(9)5-3-6/h2-5,9H,1H3",LXCFILQKKLGQFO-UHFFFAOYSA-N
555,cl-methylparaben,243,2.39,222545-59-7,COC(=O)c1ccc(O)c(Cl)c1,,,https://doi.org/10.1016/j.scitotenv.2018.03.330,halogenated,Halogenated organics,"InChI=1S/C8H7ClO3/c1-12-8(11)5-2-3-7(10)6(9)4-5/h2-4,10H,1H3",ZSBIMTDWIGWJPW-UHFFFAOYSA-N
556,Br-methylparaben,168,2.23,222545-59-7,COC(=O)c1ccc(O)c(Br)c1,,,https://doi.org/10.1016/j.scitotenv.2018.03.330,halogenated,Halogenated organics,"InChI=1S/C8H7BrO3/c1-12-8(11)5-2-3-7(10)6(9)4-5/h2-4,10H,1H3",RKUNSPWAQIUGEZ-UHFFFAOYSA-N
557,"Cl,Cl-methylparaben",1.3,0.11,1361497-78-0,COC(=O)c1cc(Cl)c(O)c(Cl)c1,,,https://doi.org/10.1016/j.scitotenv.2018.03.330,halogenated,Halogenated organics,"InChI=1S/C8H6Cl2O3/c1-13-8(12)4-2-5(9)7(11)6(10)3-4/h2-3,11H,1H3",UKMOOQFHBGTLAO-UHFFFAOYSA-N
558,"Br,Br-methylparaben",4.6,0.66,76901-11-6,COC(=O)c1cc(Br)c(O)c(Br)c1,,,https://doi.org/10.1016/j.scitotenv.2018.03.330,halogenated,Halogenated organics,"InChI=1S/C8H6Br2O3/c1-13-8(12)4-2-5(9)7(11)6(10)3-4/h2-3,11H,1H3",NVGJGYZKXBLIKY-UHFFFAOYSA-N
559,"Br,Cl-methylparaben",2.9,0.46,118548-20-2,COC(=O)c1cc(Cl)c(O)c(Br)c1,,,https://doi.org/10.1016/j.scitotenv.2018.03.330,halogenated,Halogenated organics,"InChI=1S/C8H6BrClO3/c1-13-8(12)4-2-5(9)7(11)6(10)3-4/h2-3,11H,1H3",VWBVKTLKVPLPTE-UHFFFAOYSA-N
560,Adenosine-5'-monophosphate (AMP),6.4,0.81,47287-36-5,Nc1ncnc2n(cnc12)[C@@H]3O[C@H](CO[P](O)(O)=O)[C@@H](O)[C@H]3O,,,https://doi.org/10.1016/j.watres.2007.07.025,phosphorus,Phosphorus-containing organics,"InChI=1S/C10H14N5O7P/c11-8-5-9(13-2-12-8)15(3-14-5)10-7(17)6(16)4(22-10)1-21-23(18,19)20/h2-4,6-7,10,16-17H,1H2,(H2,11,12,13)(H2,18,19,20)/t4-,6-,7-,10-/m1/s1",UDMBCSSLTHHNCD-KQYNXXCUSA-N
561,Chlorpyrifos,138.89,2.14,1794779-85-3,CCO[P](=S)(OCC)Oc1nc(Cl)c(Cl)cc1Cl,,,https://doi.org/10.1021/es0516615,halogenated,Halogenated organics,"InChI=1S/C9H11Cl3NO3PS/c1-3-14-17(18,15-4-2)16-9-7(11)5-6(10)8(12)13-9/h5H,3-4H2,1-2H3",SBPBAQFWLVIOKP-UHFFFAOYSA-N
562,dimethoate,650,2.81,1219794-81-6,CNC(=O)CS[P](=S)(OC)OC,,,https://doi.org/10.1016/j.chemosphere.2013.11.061,phosphorus,Phosphorus-containing organics,"InChI=1S/C5H12NO3PS2/c1-6-5(7)4-12-10(11,8-2)9-3/h4H2,1-3H3,(H,6,7)",MCWXGJITAZMZEV-UHFFFAOYSA-N
563,malathion,107.3,2.03,347841-48-9,CCOC(=O)CC(S[P](=S)(OC)OC)C(=O)OCC,,,https://doi.org/10.1016/j.cej.2019.123793,phosphorus,Phosphorus-containing organics,"InChI=1S/C10H19O6PS2/c1-5-15-9(11)7-8(10(12)16-6-2)19-17(18,13-3)14-4/h8H,5-7H2,1-4H3",JXSJBGJIGXNWCI-UHFFFAOYSA-N
564,diazinon,191.6,2.28,100155-47-3,CCO[P](=S)(OCC)Oc1cc(C)nc(n1)C(C)C,,,https://kinetics.nist.gov/solution/,phosphorus,Phosphorus-containing organics,"InChI=1S/C12H21N2O3PS/c1-6-15-18(19,16-7-2)17-11-8-10(5)13-12(14-11)9(3)4/h8-9H,6-7H2,1-5H3",FHIVAFMUCKRCQO-UHFFFAOYSA-N
565,glycinamide,370000,5.57,888498-22-4,NCC(N)=O,,,https://doi.org/10.1016/j.watres.2007.07.025,amide,Nitrogen-containing organics,"InChI=1S/C2H6N2O/c3-1-2(4)5/h1,3H2,(H2,4,5)",BEBCJVAWIBVWNZ-UHFFFAOYSA-N
566,hydrochlorothiazide,0.05,-1.3,151063-30-8,N[S](=O)(=O)c1cc2c(NCN[S]2(=O)=O)cc1Cl,,,https://doi.org/10.1016/j.watres.2007.07.025,halogenated,Halogenated organics,"InChI=1S/C7H8ClN3O4S2/c8-4-1-5-7(2-6(4)16(9,12)13)17(14,15)11-3-10-5/h1-2,10-11H,3H2,(H2,9,12,13)",JZUFKLXOESDKRF-UHFFFAOYSA-N
567,β-N-methylamino-l-alanine,7.08,0.85,741643-07-2,CNC[C@H](N)C(O)=O,,,https://doi.org/10.1016/j.scitotenv.2019.135513,amine,Nitrogen-containing organics,"InChI=1S/C4H10N2O2/c1-6-2-3(5)4(7)8/h3,6H,2,5H2,1H3,(H,7,8)/t3-/m0/s1",UJVHVMNGOZXSOZ-VKHMYHEASA-N
568,"2,4-diaminobutyric acid",8.05,0.91,60484-56-2,NCCC(N)C(O)=O,,,https://doi.org/10.1016/j.watres.2019.05.007,carboxylic acid,Oxygenated organics,"InChI=1S/C4H10N2O2/c5-2-1-3(6)4(7)8/h3H,1-2,5-6H2,(H,7,8)",OGNSCSPNOLGXSM-UHFFFAOYSA-N
569,chlorfenvinfos,0,-2.4,18708-86-6,CCO[P](=O)(OCC)OC(=C\Cl)/c1ccc(Cl)cc1Cl,,,https://kinetics.nist.gov/solution/,halogenated,Halogenated organics,"InChI=1S/C12H14Cl3O4P/c1-3-17-20(16,18-4-2)19-12(8-13)10-6-5-9(14)7-11(10)15/h5-8H,3-4H2,1-2H3/b12-8-",FSAVDKDHPDSCTO-WQLSENKSSA-N
570,phosphoryl-ethanolamine,18000,4.26,3036-18-8,NCCO[P](O)(O)=O,,,https://kinetics.nist.gov/solution/,phosphorus,Phosphorus-containing organics,"InChI=1S/C2H8NO4P/c3-1-2-7-8(4,5)6/h1-3H2,(H2,4,5,6)",SUHOOTKUPISOBE-UHFFFAOYSA-N
