No.,Chemical compound,Logk,Cas,Smiles,Ph,T,Ref,Chemical_class_27,Chemical_class_coarse,InChI,InChIKey
1,((perfluorooctyl)sulfonyl)glycinate,8.72427587,909405-47-6,O=C([O-])CNS(=O)(=O)C(F)(F)C(F)(F)C(F)(F)C(F)(F)C(F)(F)C(F)(F)C(F)(F)C(F)(F)F,,,https://doi.org/10.1021/acs.est.1c04772,"sulfide, disulfide",Sulfur-containing organics,"InChI=1S/C10H4F17NO4S/c11-3(12,5(15,16)7(19,20)9(23,24)25)4(13,14)6(17,18)8(21,22)10(26,27)33(31,32)28-1-2(29)30/h28H,1H2,(H,29,30)/p-1",AYLOUUCBACYHAB-UHFFFAOYSA-M
2,((perfluorooctyl)sulfonyl)glycinate,8.72,909405-47-6,O=C([O-])CNS(=O)(=O)C(F)(F)C(F)(F)C(F)(F)C(F)(F)C(F)(F)C(F)(F)C(F)(F)C(F)(F)F,7,25,https://doi.org/10.1021/acs.est.4c11950,"sulfide, disulfide",Sulfur-containing organics,"InChI=1S/C10H4F17NO4S/c11-3(12,5(15,16)7(19,20)9(23,24)25)4(13,14)6(17,18)8(21,22)10(26,27)33(31,32)28-1-2(29)30/h28H,1H2,(H,29,30)/p-1",AYLOUUCBACYHAB-UHFFFAOYSA-M
3,(1-methylethyl)-4-benzenesulfonic acid,9.9,2429952-20-3,CC(C)c1ccccc1S(=O)(=O)[O-].[Na+],7,25,NIST,"sulfide, disulfide",Sulfur-containing organics,"InChI=1S/C9H12O3S.Na/c1-7(2)8-5-3-4-6-9(8)13(10,11)12;/h3-7H,1-2H3,(H,10,11,12);/q;+1/p-1",GIPRGFRQMWSHAK-UHFFFAOYSA-M
4,"(2,2-dimethyl-3H-1-benzofuran-7-yl) N-methylcarbamate",9.505149978,73315-64-7,CNC(=O)Oc1cccc2CC(C)(C)Oc12,,,https://doi.org/10.1021/acs.est.1c04839,diol,Polyfunctional / highly functionalized,"InChI=1S/C12H15NO3/c1-12(2)7-8-5-4-6-9(10(8)16-12)15-11(14)13-3/h4-6H,7H2,1-3H3,(H,13,14)",DUEPRVBVGDRKAG-UHFFFAOYSA-N
5,"(2E)-nona-2,6-dienal",10.0211893,30551-17-8,CC/C=C/CC\C=C\C=O,,,https://doi.org/10.1021/acs.est.1c05082,alkane,Aliphatic hydrocarbons,"InChI=1S/C9H14O/c1-2-3-4-5-6-7-8-9-10/h3-4,7-9H,2,5-6H2,1H3/b4-3+,8-7+",HZYHMHHBBBSGHB-DYWGDJMRSA-N
6,"(2R,3R)-1,4-bis-sulfanylbutane-2,3-diol",10.17609126,136597-79-0,O[C@@H](CS)[C@@H](O)CS,,,https://doi.org/10.1021/acs.est.1c05550,"sulfide, disulfide",Sulfur-containing organics,"InChI=1S/C4H10O2S2/c5-3(1-7)4(6)2-8/h3-8H,1-2H2/t3-,4-/m0/s1",VHJLVAABSRFDPM-IMJSIDKUSA-N
7,"(2R,3S)-butane-2,3-diol",9.113943352,1320337-56-1,C[C@@H](O)[C@H](C)O,,,https://doi.org/10.1021/acs.est.1c05287,halogenated,Halogenated organics,"InChI=1S/C4H10O2/c1-3(5)4(2)6/h3-6H,1-2H3/t3-,4+",OWBTYPJTUOEWEK-ZXZARUISSA-N
8,"(2R,3S,4R,5R,8R,10R,11R,13S,14R)-11-[(2S,3R,4S,6R)-4-dimethylamino-3-hydroxy-6-methyloxan-2-yl]oxy-2-ethyl-3,4,10-trihydroxy-13-[(2R,4R,5S,6S)-5-hydroxy-4-methoxy-4,6-dimethyloxan-2-yl]oxy-3,5,6,8,10,12,14-heptamethyl-1-oxa-6-azacyclopentadecan-15-one",9.459392488,620169-47-3,CC[C@H]1OC(=O)[C@H](C)[C@@H](O[C@H]2C[C@@](C)(OC)[C@@H](O)[C@H](C)O2)C(C)[C@@H](O[C@@H]3O[C@H](C)C[C@@H]([C@H]3O)N(C)C)[C@](C)(O)C[C@@H](C)CN(C)[C@H](C)[C@@H](O)[C@]1(C)O,,,https://doi.org/10.1021/acs.est.1c04974,diol,Polyfunctional / highly functionalized,"InChI=1S/C38H72N2O12/c1-15-27-38(10,46)31(42)24(6)40(13)19-20(2)17-36(8,45)33(52-35-29(41)26(39(11)12)16-21(3)48-35)22(4)30(23(5)34(44)50-27)51-28-18-37(9,47-14)32(43)25(7)49-28/h20-33,35,41-43,45-46H,15-19H2,1-14H3/t20-,21-,22?,23-,24-,25+,26+,27-,28+,29-,30+,31-,32+,33-,35+,36-,37-,38-/m1/s1",MQTOSJVFKKJCRP-OHJWJPDZSA-N
9,"(2R,3S,4S,5R,6R)-2-(hydroxymethyl)-6-(phenylmethoxy)oxane-3,4,5-triol",10.62,1044856-96-3,OC[C@H]1O[C@@H](OCc2ccccc2)[C@H](O)[C@@H](O)[C@@H]1O,7,25,NIST,diol,Polyfunctional / highly functionalized,"InChI=1S/C13H18O6/c14-6-9-10(15)11(16)12(17)13(19-9)18-7-8-4-2-1-3-5-8/h1-5,9-17H,6-7H2/t9-,10-,11+,12-,13-/m1/s1",GKHCBYYBLTXYEV-UJPOAAIJSA-N
10,"(2R,3S,4S,5R,6S)-2-(hydroxymethyl)-6-(3-nitrophenoxy)oxane-3,4,5-triol",9.6,29857-05-4,O=[N+]([O-])c1cccc(O[C@@H]2O[C@H](CO)[C@@H](O)[C@H](O)[C@H]2O)c1,7,25,NIST,cyclo,Aromatic & PAHs,"InChI=1S/C12H15NO8/c14-5-8-9(15)10(16)11(17)12(21-8)20-7-3-1-2-6(4-7)13(18)19/h1-4,8-12,14-17H,5H2/t8-,9-,10+,11-,12-/m1/s1",VCCMGHVCRFMITI-RMPHRYRLSA-N
11,"(2R,3S,4S,5R,6S)-2-(hydroxymethyl)-6-(4-nitrophenoxy)oxane-3,4,5-triol",9.58,29857-05-4,O=[N+]([O-])c1ccc(O[C@@H]2O[C@H](CO)[C@@H](O)[C@H](O)[C@H]2O)cc1,7,25,NIST,cyclo,Aromatic & PAHs,"InChI=1S/C12H15NO8/c14-5-8-9(15)10(16)11(17)12(21-8)20-7-3-1-6(2-4-7)13(18)19/h1-4,8-12,14-17H,5H2/t8-,9-,10+,11-,12-/m1/s1",IFBHRQDFSNCLOZ-RMPHRYRLSA-N
12,(2S)-2-(3-aminopropanoylamino)-3-(3H-imidazol-4-yl)propanoic acid,9.954242509,7683-28-5,NCCC(=O)N[C@@H](Cc1[nH]cnc1)C(O)=O,,,https://doi.org/10.1021/acs.est.1c05088,halogenated,Halogenated organics,"InChI=1S/C9H14N4O3/c10-2-1-8(14)13-7(9(15)16)3-6-4-11-5-12-6/h4-5,7H,1-3,10H2,(H,11,12)(H,13,14)(H,15,16)/t7-/m0/s1",CQOVPNPJLQNMDC-ZETCQYMHSA-N
13,"(2S)-4-amino-N-[(1R,2S,3S,4R,5S)-5-amino-2-[(2S,3R,4S,5S,6R)-4-amino-3,5-dihydroxy-6-(hydroxymethyl)oxan-2-yl]oxy-4-[(2R,3R,4S,5S,6R)-6-(aminomethyl)-3,4,5-trihydroxyoxan-2-yl]oxy-3-hydroxycyclohexyl]-2-hydroxybutanamide",9.859738566,129865-03-8,NCC[C@H](O)C(=O)N[C@@H]1C[C@H](N)[C@@H](O[C@H]2O[C@H](CN)[C@@H](O)[C@H](O)[C@H]2O)[C@H](O)[C@H]1O[C@H]3O[C@H](CO)[C@@H](O)[C@H](N)[C@H]3O,,,https://doi.org/10.1021/acs.est.1c05672,diol,Polyfunctional / highly functionalized,"InChI=1S/C22H43N5O13/c23-2-1-8(29)20(36)27-7-3-6(25)18(39-22-16(34)15(33)13(31)9(4-24)37-22)17(35)19(7)40-21-14(32)11(26)12(30)10(5-28)38-21/h6-19,21-22,28-35H,1-5,23-26H2,(H,27,36)/t6-,7+,8-,9+,10+,11-,12+,13+,14+,15-,16+,17-,18+,19-,21+,22+/m0/s1",LKCWBDHBTVXHDL-RMDFUYIESA-N
14,"(2S,3S)-2,3-dihydroxybutanedioic acid",8.84509804,172152-22-6,O[C@@H]([C@H](O)C(O)=O)C(O)=O,,,https://doi.org/10.1021/acs.est.1c04536,diol,Polyfunctional / highly functionalized,"InChI=1S/C4H6O6/c5-1(3(7)8)2(6)4(9)10/h1-2,5-6H,(H,7,8)(H,9,10)/t1-,2-/m0/s1",FEWJPZIEWOKRBE-LWMBPPNESA-N
15,"(2S,3S,4S)-3-(carboxymethyl)-4-prop-1-en-2-ylpyrrolidine-2-carboxylic acid",9.390935107,75232-58-5,CC(=C)[C@H]1CN[C@@H]([C@H]1CC(O)=O)C(O)=O,,,https://doi.org/10.1021/acs.est.1c05113,alkane,Aliphatic hydrocarbons,"InChI=1S/C10H15NO4/c1-5(2)7-4-11-9(10(14)15)6(7)3-8(12)13/h6-7,9,11H,1,3-4H2,2H3,(H,12,13)(H,14,15)/t6-,7+,9-/m0/s1",VLSMHEGGTFMBBZ-OOZYFLPDSA-N
16,"(2S,3S,4S,5R)-2,3,4,5-tetrahydroxy-6-oxohexanoic acid",9.113943352,70984-16-6,O[C@@H](C=O)[C@@H](O)[C@H](O)[C@H](O)C(O)=O,,,https://doi.org/10.1021/acs.est.1c05353,halogenated,Halogenated organics,"InChI=1S/C6H10O7/c7-1-2(8)3(9)4(10)5(11)6(12)13/h1-5,8-11H,(H,12,13)/t2-,3+,4-,5-/m0/s1",IAJILQKETJEXLJ-QTBDOELSSA-N
17,"(2S,4R)-N-[(1R,2R)-2-hydroxy-1-[(2R,3R,4S,5R,6R)-3,4,5-trihydroxy-6-methylsulfanyloxan-2-yl]propyl]-1-methyl-4-propylpyrrolidine-2-carboxamide hydrate hydrochloride",9.92992956,93940-75-1,O.[Cl-].CCC[C@@H]1C[C@H](N(C)C1)C(=O)N[C@H]([C@@H](C)O)[C@H]2O[C@H](SC)[C@H](O)[C@@H](O)[C@H]2O.[H+],,,https://doi.org/10.1021/acs.est.1c05363,diol,Polyfunctional / highly functionalized,"InChI=1S/C18H34N2O6S.ClH.H2O/c1-5-6-10-7-11(20(3)8-10)17(25)19-12(9(2)21)16-14(23)13(22)15(24)18(26-16)27-4;;/h9-16,18,21-24H,5-8H2,1-4H3,(H,19,25);1H;1H2/t9-,10-,11+,12-,13+,14-,15-,16-,18-;;/m1../s1",LFZGYTBWUHCAKF-DCNJEFSFSA-N
18,"(2S,5R,6R)-3,3-dimethyl-7-oxo-6-[(2-phenylacetyl)amino]-4-thia-1-azabicyclo[3.2.0]heptane-2-carboxylic acid",9.899820502,20087-62-1,CC1(C)S[C@@H]2[C@H](NC(=O)Cc3ccccc3)C(=O)N2[C@H]1C(O)=O,,,https://doi.org/10.1021/acs.est.1c05526,"sulfide, disulfide",Sulfur-containing organics,"InChI=1S/C16H18N2O4S/c1-16(2)12(15(21)22)18-13(20)11(14(18)23-16)17-10(19)8-9-6-4-3-5-7-9/h3-7,11-12,14H,8H2,1-2H3,(H,17,19)(H,21,22)/t11-,12+,14-/m1/s1",JGSARLDLIJGVTE-MBNYWOFBSA-N
19,"(2S,5R,6R)-6-[[(2R)-2-amino-2-(4-hydroxyphenyl)acetyl]amino]-3,3-dimethyl-7-oxo-4-thia-1-azabicyclo[3.2.0]heptane-2-carboxylic acid trihydrate",9.840106094,525-91-7,O.O.O.CC1(C)S[C@@H]2[C@H](NC(=O)[C@H](N)c3ccc(O)cc3)C(=O)N2[C@H]1C(O)=O,,,https://doi.org/10.1021/acs.est.1c04897,diol,Polyfunctional / highly functionalized,"InChI=1S/C16H19N3O5S.3H2O/c1-16(2)11(15(23)24)19-13(22)10(14(19)25-16)18-12(21)9(17)7-3-5-8(20)6-4-7;;;/h3-6,9-11,14,20H,17H2,1-2H3,(H,18,21)(H,23,24);3*1H2/t9-,10-,11+,14-;;;/m1.../s1",MQXQVCLAUDMCEF-CWLIKTDRSA-N
20,"(2S,5R,6R)-6-amino-3,3-dimethyl-7-oxo-4-thia-1-azabicyclo[3.2.0]heptane-2-carboxylic acid",9.380211242,20087-62-1,CC1(C)S[C@@H]2[C@H](N)C(=O)N2[C@H]1C(O)=O,,,https://doi.org/10.1021/acs.est.1c04907,"sulfide, disulfide",Sulfur-containing organics,"InChI=1S/C8H12N2O3S/c1-8(2)4(7(12)13)10-5(11)3(9)6(10)14-8/h3-4,6H,9H2,1-2H3,(H,12,13)/t3-,4+,6-/m1/s1",NGHVIOIJCVXTGV-ALEPSDHESA-N
21,"(2Z,4S,4aR,5S,5aR,6R,12aS)-2-(amino-hydroxymethylidene)-4-dimethylamino-5,10,11,12a-tetrahydroxy-6-methyl-4a,5,5a,6-tetrahydro-4H-tetracene-1,3,12-trione dihydrate hydrochloride",9.880241776,83038-87-3,O.O.[Cl-].C[C@@H]1[C@H]2[C@H](O)[C@H]3[C@H](N(C)C)C(=O)C(=C(N)/O)/C(=O)[C@@]3(O)C(=O)C2=C(O)c4c(O)cccc14.[H+],,,https://doi.org/10.1021/acs.est.1c04884,diol,Polyfunctional / highly functionalized,"InChI=1S/C22H24N2O8.ClH.2H2O/c1-7-8-5-4-6-9(25)11(8)16(26)12-10(7)17(27)14-15(24(2)3)18(28)13(21(23)31)20(30)22(14,32)19(12)29;;;/h4-7,10,14-15,17,25-27,31-32H,23H2,1-3H3;1H;2*1H2/b21-13-;;;/t7-,10+,14+,15-,17-,22-;;;/m0.../s1",KWOLJWUETSQNHB-CFLUDCDHSA-N
22,"(2Z,4S,4aS,5aS,6S,12aS)-2-(amino-hydroxymethylidene)-4-dimethylamino-6,10,11,12a-tetrahydroxy-6-methyl-4,4a,5,5a-tetrahydrotetracene-1,3,12-trione",9.910090546,4572-56-9,CN(C)[C@H]1[C@@H]2C[C@H]3C(=C(O)c4c(O)cccc4[C@@]3(C)O)C(=O)[C@]2(O)C(=O)\C(=C(N)/O)C1=O,,,https://doi.org/10.1021/acs.est.1c05401,diol,Polyfunctional / highly functionalized,"InChI=1S/C22H24N2O8/c1-21(31)8-5-4-6-11(25)12(8)16(26)13-9(21)7-10-15(24(2)3)17(27)14(20(23)30)19(29)22(10,32)18(13)28/h4-6,9-10,15,25-26,30-32H,7,23H2,1-3H3/b20-14-/t9-,10-,15-,21+,22-/m0/s1",JYHCQVWYCGHXGP-BPPSBWQWSA-N
23,"(2Z,4S,4aS,5aS,6S,12aS)-2-(amino-hydroxymethylidene)-7-chloro-4-dimethylamino-6,10,11,12a-tetrahydroxy-6-methyl-4,4a,5,5a-tetrahydrotetracene-1,3,12-trione hydrochloride",9.720159303,4572-56-9,[Cl-].CN(C)[C@H]1[C@@H]2C[C@H]3C(=C(O)c4c(O)ccc(Cl)c4[C@@]3(C)O)C(=O)[C@]2(O)C(=O)\C(=C(N)/O)C1=O.[H+],,,https://doi.org/10.1021/acs.est.1c04996,diol,Polyfunctional / highly functionalized,"InChI=1S/C22H23ClN2O8.ClH/c1-21(32)7-6-8-15(25(2)3)17(28)13(20(24)31)19(30)22(8,33)18(29)11(7)16(27)12-10(26)5-4-9(23)14(12)21;/h4-5,7-8,15,26-27,31-33H,6,24H2,1-3H3;1H/b20-13-;/t7-,8-,15-,21-,22-;/m0./s1",RRXOSDMYCQSQHB-MRYPCDLHSA-N
24,"(3E)-3-[hydroxy-(pyridin-2-ylamino)methylidene]-2-methyl-1,1-dioxobenzo[e]thiazin-4-one",10.23044892,108586-76-1,CN1C(=C(/O)Nc2ccccn2)/C(=O)c3ccccc3[S]1(=O)=O,,,https://doi.org/10.1021/acs.est.1c04509,"sulfide, disulfide",Sulfur-containing organics,"InChI=1S/C15H13N3O4S/c1-18-13(15(20)17-12-8-4-5-9-16-12)14(19)10-6-2-3-7-11(10)23(18,21)22/h2-9,20H,1H3,(H,16,17)/b15-13+",LDJVNWFKNMYYNT-FYWRMAATSA-N
25,"(3R,4S,5S,6R,7R,9R,10E,11S,12R,13S,14R)-6-(4-dimethylamino-3-hydroxy-6-methyloxan-2-yl)oxy-14-ethyl-7,12,13-trihydroxy-4-(5-hydroxy-4-methoxy-4,6-dimethyloxan-2-yl)oxy-10-(2-methoxyethoxymethoxyimino)-3,5,7,9,11,13-hexamethyl-1-oxacyclotetradecan-2-one",9.729974286,118267-18-8,CC[C@H]1OC(=O)[C@H](C)[C@@H](OC2CC(C)(OC)C(O)C(C)O2)[C@H](C)[C@@H](OC3OC(C)CC(C3O)N(C)C)[C@](C)(O)C[C@@H](C)\C(=N/OCOCCOC)[C@H](C)[C@@H](O)[C@]1(C)O,,,https://doi.org/10.1021/acs.est.1c05632,diol,Polyfunctional / highly functionalized,"InChI=1S/C41H76N2O15/c1-15-29-41(10,49)34(45)24(4)31(42-53-21-52-17-16-50-13)22(2)19-39(8,48)36(58-38-32(44)28(43(11)12)18-23(3)54-38)25(5)33(26(6)37(47)56-29)57-30-20-40(9,51-14)35(46)27(7)55-30/h22-30,32-36,38,44-46,48-49H,15-21H2,1-14H3/b42-31+/t22-,23?,24+,25+,26-,27?,28?,29-,30?,32?,33+,34-,35?,36-,38?,39-,40?,41-/m1/s1",RXZBMPWDPOLZGW-KMAKEOJNSA-N
26,(4-Chloro-2-methylphenoxy)acetic acid,9.397940009,579-65-7,Cc1cc(Cl)ccc1OCC(=O)O,,,https://doi.org/10.1021/acs.est.1c04569,alcohol,Oxygenated organics,"InChI=1S/C9H9ClO3/c1-6-4-7(10)2-3-8(6)13-5-9(11)12/h2-4H,5H2,1H3,(H,11,12)",WHKUVVPPKQRRBV-UHFFFAOYSA-N
27,(4-chloro-2-methylphenoxy)acetic acid,9.4,579-65-7,Cc1cc(Cl)ccc1OCC(=O)O,7,25,https://doi.org/10.1021/acs.est.4c11950,alcohol,Oxygenated organics,"InChI=1S/C9H9ClO3/c1-6-4-7(10)2-3-8(6)13-5-9(11)12/h2-4H,5H2,1H3,(H,11,12)",WHKUVVPPKQRRBV-UHFFFAOYSA-N
28,"(4S,4aS,8aR)-4,8a-dimethyl-1,2,3,4,5,6,7,8-octahydronaphthalen-4a-ol",9.889861721,19700-21-1,C[C@H]1CCC[C@@]2(C)CCCC[C@]12O,,,https://doi.org/10.1021/acs.est.1c04671,halogenated,Halogenated organics,"InChI=1S/C12H22O/c1-10-6-5-8-11(2)7-3-4-9-12(10,11)13/h10,13H,3-9H2,1-2H3/t10-,11+,12-/m0/s1",JLPUXFOGCDVKGO-TUAOUCFPSA-N
29,"(5R)-5-[(1S)-1,2-dihydroxyethyl]-3-hydroxy-4-oxofuran-2-olate",9.808885867,58657-35-5,OC[C@H](O)[C@H]1OC(=O)[C-](O)C1=O,,,https://doi.org/10.1021/acs.est.1c05414,diol,Polyfunctional / highly functionalized,"InChI=1S/C6H7O6/c7-1-2(8)5-3(9)4(10)6(11)12-5/h2,5,7-8,10H,1H2/q-1/t2-,5+/m0/s1",RUZSIBWKLPULMN-JLAZNSOCSA-N
30,"(5R,8S,11R,12S,15S,18S,19S,22R)-15-[3-(diaminomethylideneamino)propyl]-18-[(1E,3E,5S,6S)-6-methoxy-3,5-dimethyl-7-phenylhepta-1,3-dienyl]-1,5,12,19-tetramethyl-2-methylidene-8-(2-methylpropyl)-3,6,9,13,16,20,25-heptaoxo-1,4,7,10,14,17,21-heptazacyclopentacosane-11,22-dicarboxylic acid",10.36172784,77238-39-2,CO[C@@H](Cc1ccccc1)[C@@H](C)/C=C(C)/C=C/[C@@H]2NC(=O)[C@H](CCCN=C(N)N)NC(=O)[C@@H](C)[C@@H](NC(=O)[C@H](CC(C)C)NC(=O)[C@@H](C)NC(=O)C(=C)N(C)C(=O)CC[C@@H](NC(=O)[C@H]2C)C(O)=O)C(O)=O,,,https://doi.org/10.1021/acs.est.1c05258,diol,Polyfunctional / highly functionalized,"InChI=1S/C49H74N10O12/c1-26(2)23-37-46(66)58-40(48(69)70)30(6)42(62)55-35(17-14-22-52-49(50)51)45(65)54-34(19-18-27(3)24-28(4)38(71-10)25-33-15-12-11-13-16-33)29(5)41(61)56-36(47(67)68)20-21-39(60)59(9)32(8)44(64)53-31(7)43(63)57-37/h11-13,15-16,18-19,24,26,28-31,34-38,40H,8,14,17,20-23,25H2,1-7,9-10H3,(H,53,64)(H,54,65)(H,55,62)(H,56,61)(H,57,63)(H,58,66)(H,67,68)(H,69,70)(H4,50,51,52)/b19-18+,27-24+/t28-,29-,30-,31+,34-,35-,36+,37-,38-,40+/m0/s1",ZYZCGGRZINLQBL-GWRQVWKTSA-N
31,"(6R,7R)-7-[[(2R)-2-amino-2-phenylacetyl]amino]-3-methyl-8-oxo-5-thia-1-azabicyclo[4.2.0]oct-2-ene-2-carboxylic acid hydrate hydrochloride",9.92992956,660847-27-8,O.[Cl-].CC1=C(N2[C@H](SC1)[C@H](NC(=O)[C@H](N)c3ccccc3)C2=O)C(O)=O.[H+],,,https://doi.org/10.1021/acs.est.1c04990,diol,Polyfunctional / highly functionalized,"InChI=1S/C16H17N3O4S.ClH.H2O/c1-8-7-24-15-11(14(21)19(15)12(8)16(22)23)18-13(20)10(17)9-5-3-2-4-6-9;;/h2-6,10-11,15H,7,17H2,1H3,(H,18,20)(H,22,23);1H;1H2/t10-,11-,15-;;/m1../s1",YHJDZIQOCSDIQU-OEDJVVDHSA-N
32,(7-dimethylaminophenothiazin-3-ylidene)-dimethylazanium chloride,10.07918125,85670-01-5,[Cl-].CN(C)c1ccc2nc3ccc(cc3[s+]c2c1)N(C)C,,,https://doi.org/10.1021/acs.est.1c05621,halogenated,Halogenated organics,"InChI=1S/C16H18N3S.ClH/c1-18(2)11-5-7-13-15(9-11)20-16-10-12(19(3)4)6-8-14(16)17-13;/h5-10H,1-4H3;1H/q+1;/p-1",CXKWCBBOMKCUKX-UHFFFAOYSA-M
33,"(8R,9S,13S,14S,17R)-17-ethynyl-13-methyl-7,8,9,11,12,14,15,16-octahydro-6H-cyclopenta[a]phenanthrene-3,17-diol",9.69019608,28426-34-8,C[C@]12CC[C@H]3[C@@H](CCc4cc(O)ccc34)[C@@H]1CC[C@@]2(O)C#C,,,https://doi.org/10.1021/acs.est.1c04419,halogenated,Halogenated organics,"InChI=1S/C20H24O2/c1-3-20(22)11-9-18-17-6-4-13-12-14(21)5-7-15(13)16(17)8-10-19(18,20)2/h1,5,7,12,16-18,21-22H,4,6,8-11H2,2H3/t16-,17-,18+,19+,20+/m1/s1",BFPYWIDHMRZLRN-SLHNCBLASA-N
34,"(8R,9S,13S,14S,17S)-13-methyl-6,7,8,9,11,12,14,15,16,17-decahydrocyclopenta[a]phenanthrene-3,17-diol",10.14921911,1323-51-9,C[C@]12CC[C@H]3[C@@H](CCc4cc(O)ccc34)[C@@H]1CC[C@@H]2O,,,https://doi.org/10.1021/acs.est.1c04585,halogenated,Halogenated organics,"InChI=1S/C18H24O2/c1-18-9-8-14-13-5-3-12(19)10-11(13)2-4-15(14)16(18)6-7-17(18)20/h3,5,10,14-17,19-20H,2,4,6-9H2,1H3/t14-,15-,16+,17+,18+/m1/s1",VOXZDWNPVJITMN-ZBRFXRBCSA-N
35,"(E)-1,2-diethoxyethene",9.361727836,26349-94-0,CCO\C=C\OCC,,,https://doi.org/10.1021/acs.est.1c05223,alcohol,Oxygenated organics,"InChI=1S/C6H12O2/c1-3-7-5-6-8-4-2/h5-6H,3-4H2,1-2H3/b6-5+",HDUOBOAWDSZFTJ-AATRIKPKSA-N
36,"(E)-N-[2-[[5-(dimethylaminomethyl)furan-2-yl]methylsulfanyl]ethyl]-N'-methyl-2-nitroethene-1,1-diamine hydrochloride",9.792391689,135017-03-7,[H+].[Cl-].CNC(/NCCSCc1oc(CN(C)C)cc1)=C\[N+]([O-])=O,,,https://doi.org/10.1021/acs.est.1c04415,halogenated,Halogenated organics,"InChI=1S/C13H22N4O3S.ClH/c1-14-13(9-17(18)19)15-6-7-21-10-12-5-4-11(20-12)8-16(2)3;/h4-5,9,14-15H,6-8,10H2,1-3H3;1H/b13-9+;",GGWBHVILAJZWKJ-KJEVSKRMSA-N
37,(E)-but-2-enal,9.763427994,2288716-06-1,C/C=C/C=O,,,https://doi.org/10.1021/acs.est.1c05451,halogenated,Halogenated organics,"InChI=1S/C4H6O/c1-2-3-4-5/h2-4H,1H3/b3-2+",MLUCVPSAIODCQM-NSCUHMNNSA-N
38,(Isobutane ) 2-methylpropane,9.662757832,75-28-5,CC(C)C,,,https://doi.org/10.1021/acsestengg.5c00135,alkane,Aliphatic hydrocarbons,"InChI=1S/C4H10/c1-4(2)3/h4H,1-3H3",NNPPMTNAJDCUHE-UHFFFAOYSA-N
39,"(Z)-1,2-Dichloroethene",9.579783597,156-59-2,Cl\C=C/Cl,,,https://doi.org/10.1021/acs.est.1c05674,halogenated,Halogenated organics,InChI=1S/C2H2Cl2/c3-1-2-4/h1-2H/b2-1-,KFUSEUYYWQURPO-UPHRSURJSA-N
40,"(Z)-3-(3,4-dihydroxyphenyl)prop-2-enoic acid",9.255272505,923267-65-6,OC(=O)\C=C/c1ccc(O)c(O)c1,,,https://doi.org/10.1021/acs.est.1c05608,alcohol,Oxygenated organics,"InChI=1S/C9H8O4/c10-7-3-1-6(5-8(7)11)2-4-9(12)13/h1-5,10-11H,(H,12,13)/b4-2-",QAIPRVGONGVQAS-RQOWECAXSA-N
41,"1,1'-Azobis(N,N-dimethylformide) (Diamide)",9.62324929,10465-78-8,CN(C)C(=O)N=NC(=O)N(C)C,,,https://doi.org/10.1021/acs.est.1c04545,halogenated,Halogenated organics,InChI=1S/C6H12N4O2/c1-9(2)5(11)7-8-6(12)10(3)4/h1-4H3,VLSDXINSOMDCBK-UHFFFAOYSA-N
42,"1,1'-azobis(N,N-dimethylformamide)",9.89,10465-78-8,CN(C)C(=O)N=NC(=O)N(C)C,7.1,25,NIST,halogenated,Halogenated organics,InChI=1S/C6H12N4O2/c1-9(2)5(11)7-8-6(12)10(3)4/h1-4H3,VLSDXINSOMDCBK-UHFFFAOYSA-N
43,"1,1'-azobis(N,N-dimethylformamide)",9.62,10465-78-8,CN(C)C(=O)N=NC(=O)N(C)C,7,25,NIST,halogenated,Halogenated organics,InChI=1S/C6H12N4O2/c1-9(2)5(11)7-8-6(12)10(3)4/h1-4H3,VLSDXINSOMDCBK-UHFFFAOYSA-N
44,"1,1'-dimethyl-4,4'-bipyridinium",8.4,56343-74-9,C[n+]1ccc(-c2cc[n+](C)cc2)cc1,7,25,NIST,halogenated,Halogenated organics,"InChI=1S/C12H14N2/c1-13-7-3-11(4-8-13)12-5-9-14(2)10-6-12/h3-10H,1-2H3/q+2",INFDPOAKFNIJBF-UHFFFAOYSA-N
45,"1,1'-tellurobisbenzene",10.11,1202-36-4,c1ccc([Te]c2ccccc2)cc1,7,25,NIST,benzene,Aromatic & PAHs,InChI=1S/C12H10Te/c1-3-7-11(8-4-1)13-12-9-5-2-6-10-12/h1-10H,XTCBHFKSTRGVMZ-UHFFFAOYSA-N
46,"1,1,1,2,2-pentachloroethane",7,76-01-7,ClC(Cl)C(Cl)(Cl)Cl,,,https://doi.org/10.1021/acs.est.1c05201,halogenated,Halogenated organics,"InChI=1S/C2HCl5/c3-1(4)2(5,6)7/h1H",BNIXVQGCZULYKV-UHFFFAOYSA-N
47,"1,1,1,2-TETRACHLOROETHANE",8.255272505,117164-18-8,ClCC(Cl)(Cl)Cl,,,https://doi.org/10.1021/acs.est.1c05048,halogenated,Halogenated organics,"InChI=1S/C2H2Cl4/c3-1-2(4,5)6/h1H2",QVLAWKAXOMEXPM-UHFFFAOYSA-N
48,"1,1,1,2-tetrachloroethane",8.23,117164-18-8,C(C(Cl)(Cl)Cl)Cl,7,25,https://doi.org/10.1021/acs.est.4c11950,alkane,Aliphatic hydrocarbons,"InChI=1S/C2H2Cl4/c3-1-2(4,5)6/h1H2",QVLAWKAXOMEXPM-UHFFFAOYSA-N
49,"1,1,1,2-tetrachloroethane",7.26,117164-18-8,C(C(Cl)(Cl)Cl)Cl,6,25,NIST,alkane,Aliphatic hydrocarbons,"InChI=1S/C2H2Cl4/c3-1-2(4,5)6/h1H2",QVLAWKAXOMEXPM-UHFFFAOYSA-N
50,"1,1,1-2-tetrachloro ethane",8.255272505,630-20-6,C(C(Cl)(Cl)Cl)Cl,,,https://doi.org/10.1021/acsestengg.5c00238,alkane,Aliphatic hydrocarbons,"InChI=1S/C2H2Cl4/c3-1-2(4,5)6/h1H2",QVLAWKAXOMEXPM-UHFFFAOYSA-N
51,"1,1,1-2-tetrachloro ethane",8.255272505,113230-57-2,ClC(Cl)C(Cl)Cl,,,https://doi.org/10.1021/acs.est.1c05046,halogenated,Halogenated organics,InChI=1S/C2H2Cl4/c3-1(4)2(5)6/h1-2H,QPFMBZIOSGYJDE-UHFFFAOYSA-N
52,"1,1,1-Trichloroethane",7.602059991,71-55-6,CC(Cl)(Cl)Cl,,,https://doi.org/10.1021/acs.est.1c05564,alkane,Aliphatic hydrocarbons,"InChI=1S/C2H3Cl3/c1-2(3,4)5/h1H3",UOCLXMDMGBRAIB-UHFFFAOYSA-N
53,"1,1,1-trichloro ethane",8,71-55-6,CC(Cl)(Cl)Cl,,,https://doi.org/10.1021/acsestengg.5c00240,alkane,Aliphatic hydrocarbons,"InChI=1S/C2H3Cl3/c1-2(3,4)5/h1H3",UOCLXMDMGBRAIB-UHFFFAOYSA-N
54,"1,1,1-trichloro-2-methyl-2-propanol",8.43,153355-48-7,CC(C)(O)C(Cl)(Cl)Cl,3,25,NIST,alkane,Aliphatic hydrocarbons,"InChI=1S/C4H7Cl3O/c1-3(2,8)4(5,6)7/h8H,1-2H3",OSASVXMJTNOKOY-UHFFFAOYSA-N
55,"1,1,1-trichloro-2-methylpropan-2-ol",8.42975228,78457-01-9,CC(C)(O)C(Cl)(Cl)Cl,,,https://doi.org/10.1021/acs.est.1c04915,alkane,Aliphatic hydrocarbons,"InChI=1S/C4H7Cl3O/c1-3(2,8)4(5,6)7/h8H,1-2H3",OSASVXMJTNOKOY-UHFFFAOYSA-N
56,"1,1,1-trichloroethane",8,71-55-6,CC(Cl)(Cl)Cl,6.7,25,https://doi.org/10.1021/acs.est.4c11950,alkane,Aliphatic hydrocarbons,"InChI=1S/C2H3Cl3/c1-2(3,4)5/h1H3",UOCLXMDMGBRAIB-UHFFFAOYSA-N
57,"1,1,1-trichloroethane",7.6,71-55-6,CC(Cl)(Cl)Cl,7,25,https://doi.org/10.1021/acs.est.4c11950,alkane,Aliphatic hydrocarbons,"InChI=1S/C2H3Cl3/c1-2(3,4)5/h1H3",UOCLXMDMGBRAIB-UHFFFAOYSA-N
58,"1,1,1-trichloropropan-2-one",7.51851394,62486-24-2,CC(=O)C(Cl)(Cl)Cl,,,https://doi.org/10.1021/acs.est.1c04706,alkane,Aliphatic hydrocarbons,"InChI=1S/C3H3Cl3O/c1-2(7)3(4,5)6/h1H3",SMZHKGXSEAGRTI-UHFFFAOYSA-N
59,"1,1,2,2-TETRABROMOETHANE",8.342422681,79-27-6,BrC(Br)C(Br)Br,,,https://doi.org/10.1021/acs.est.1c04382,halogenated,Halogenated organics,InChI=1S/C2H2Br4/c3-1(4)2(5)6/h1-2H,QXSZNDIIPUOQMB-UHFFFAOYSA-N
60,"1,1,2,2-Tetrachloroethene",9.301029996,163913-51-7,ClC(Cl)=C(Cl)Cl,,,https://doi.org/10.1021/acs.est.1c05535,halogenated,Halogenated organics,InChI=1S/C2Cl4/c3-1(4)2(5)6,CYTYCFOTNPOANT-UHFFFAOYSA-N
61,"1,1,2,2-tetra bromo ethane",8.342422681,79-27-6,C(C(Br)Br)(Br)Br,,,https://doi.org/10.1021/acsestengg.5c00237,halogenated,Halogenated organics,InChI=1S/C2H2Br4/c3-1(4)2(5)6/h1-2H,QXSZNDIIPUOQMB-UHFFFAOYSA-N
62,"1,1,2,2-tetrabromoethane",8.34,79-27-6,BrC(Br)C(Br)Br,7,25,NIST,halogenated,Halogenated organics,InChI=1S/C2H2Br4/c3-1(4)2(5)6/h1-2H,QXSZNDIIPUOQMB-UHFFFAOYSA-N
63,"1,1,2,2-tetrachloroethane",8.4,79-34-5,C(C(Cl)Cl)(Cl)Cl,7,25,https://doi.org/10.1021/acs.est.4c11950,alkane,Aliphatic hydrocarbons,InChI=1S/C2H2Cl4/c3-1(4)2(5)6/h1-2H,QPFMBZIOSGYJDE-UHFFFAOYSA-N
64,"1,1,2-TRICHLOROETHANE",8.11058971,171086-93-4,ClCC(Cl)Cl,,,https://doi.org/10.1021/acs.est.1c04452,halogenated,Halogenated organics,"InChI=1S/C2H3Cl3/c3-1-2(4)5/h2H,1H2",UBOXGVDOUJQMTN-UHFFFAOYSA-N
65,"1,1,2-trichloroethane",8.48,171086-93-4,C(C(Cl)Cl)Cl,2.8,24,https://doi.org/10.1021/acs.est.4c11950,alkane,Aliphatic hydrocarbons,"InChI=1S/C2H3Cl3/c3-1-2(4)5/h2H,1H2",UBOXGVDOUJQMTN-UHFFFAOYSA-N
66,"1,1,2-trichloroethane",8.04,171086-93-4,C(C(Cl)Cl)Cl,7,25,https://doi.org/10.1021/acs.est.4c11950,alkane,Aliphatic hydrocarbons,"InChI=1S/C2H3Cl3/c3-1-2(4)5/h2H,1H2",UBOXGVDOUJQMTN-UHFFFAOYSA-N
67,"1,1,2-trichloroethene",9.462397998,29406-20-0,ClC=C(Cl)Cl,,,https://doi.org/10.1021/acs.est.1c04488,halogenated,Halogenated organics,InChI=1S/C2HCl3/c3-1-2(4)5/h1H,XSTXAVWGXDQKEL-UHFFFAOYSA-N
68,"1,1,3,3-Tetramethylthiourea",9.903089987,2782-91-4,CN(C)C(=S)N(C)C,,,https://doi.org/10.1021/acs.est.1c04653,halogenated,Halogenated organics,InChI=1S/C5H12N2S/c1-6(2)5(8)7(3)4/h1-4H3,MNOILHPDHOHILI-UHFFFAOYSA-N
69,"1,1,3,3-Tetramethylurea",9.716003344,632-22-4,CN(C)C(=O)N(C)C,,,https://doi.org/10.1021/acs.est.1c05261,halogenated,Halogenated organics,InChI=1S/C5H12N2O/c1-6(2)5(8)7(3)4/h1-4H3,AVQQQNCBBIEMEU-UHFFFAOYSA-N
70,"1,1-2-trichloro ethane",8.041392685,79-00-5,C(C(Cl)Cl)Cl,,,https://doi.org/10.1021/acsestengg.5c00239,alkane,Aliphatic hydrocarbons,"InChI=1S/C2H3Cl3/c3-1-2(4)5/h2H,1H2",UBOXGVDOUJQMTN-UHFFFAOYSA-N
71,"1,1-DICHLOROETHANE",8.113943352,1300-21-6,CC(Cl)Cl,,,https://doi.org/10.1021/acs.est.1c04782,alkane,Aliphatic hydrocarbons,"InChI=1S/C2H4Cl2/c1-2(3)4/h2H,1H3",SCYULBFZEHDVBN-UHFFFAOYSA-N
72,"1,1-DIMETHOXYETHANE",9.342422681,114790-46-4,COC(C)OC,,,https://doi.org/10.1021/acs.est.1c04941,diol,Polyfunctional / highly functionalized,"InChI=1S/C4H10O2/c1-4(5-2)6-3/h4H,1-3H3",SPEUIVXLLWOEMJ-UHFFFAOYSA-N
73,"1,1-Dichloroethene",8.113943352,99402-86-5,ClC(Cl)=C,,,https://doi.org/10.1021/acs.est.1c04742,halogenated,Halogenated organics,InChI=1S/C2H2Cl2/c1-2(3)4/h1H2,LGXVIGDEPROXKC-UHFFFAOYSA-N
74,"1,1-Dichloroethylene",9.833147112,75-35-4,C=C(Cl)Cl,,,https://doi.org/10.1021/acs.est.1c05171,halogenated,Halogenated organics,InChI=1S/C2H2Cl2/c1-2(3)4/h1H2,LGXVIGDEPROXKC-UHFFFAOYSA-N
75,"1,1-Dimethyl-3-phenylurea",9.86923172,4482-55-7,CN(C)C(=O)Nc1ccccc1,,,https://doi.org/10.1021/acs.est.1c05148,benzene,Aromatic & PAHs,"InChI=1S/C9H12N2O/c1-11(2)9(12)10-8-6-4-3-5-7-8/h3-7H,1-2H3,(H,10,12)",XXOYNJXVWVNOOJ-UHFFFAOYSA-N
76,"1,1-Dimethylhydrazine",10.20411998,496924-23-3,CN(C)N,,,https://doi.org/10.1021/acs.est.1c05512,halogenated,Halogenated organics,"InChI=1S/C2H8N2/c1-4(2)3/h3H2,1-2H3",RHUYHJGZWVXEHW-UHFFFAOYSA-N
77,"1,1-dichloro ethane",8.113943352,75-34-3,CC(Cl)Cl,,,https://doi.org/10.1021/acsestengg.5c00234,alkane,Aliphatic hydrocarbons,"InChI=1S/C2H4Cl2/c1-2(3)4/h2H,1H3",SCYULBFZEHDVBN-UHFFFAOYSA-N
78,"1,1-dichloroethane",8.11,1300-21-6,CC(Cl)Cl,7,25,https://doi.org/10.1021/acs.est.4c11950,alkane,Aliphatic hydrocarbons,"InChI=1S/C2H4Cl2/c1-2(3)4/h2H,1H3",SCYULBFZEHDVBN-UHFFFAOYSA-N
79,"1,1-dichloropropan-2-one",7.944482672,26545-73-3,CC(=O)C(Cl)Cl,,,https://doi.org/10.1021/acs.est.1c05593,alkane,Aliphatic hydrocarbons,"InChI=1S/C3H4Cl2O/c1-2(6)3(4)5/h3H,1H3",CSVFWMMPUJDVKH-UHFFFAOYSA-N
80,"1,1-dimethoxyethane",9.34,114790-46-4,COC(C)OC,7,25,https://doi.org/10.1021/acs.est.4c11950,diol,Polyfunctional / highly functionalized,"InChI=1S/C4H10O2/c1-4(5-2)6-3/h4H,1-3H3",SPEUIVXLLWOEMJ-UHFFFAOYSA-N
81,"1,1-dimethoxyethane",9.342422681,534-15-6,CC(OC)OC,,,https://doi.org/10.1021/acsestengg.5c00169,alcohol,Oxygenated organics,"InChI=1S/C4H10O2/c1-4(5-2)6-3/h4H,1-3H3",SPEUIVXLLWOEMJ-UHFFFAOYSA-N
82,"1,1-dimethyl hydramine",10.2,1072-54-4,C(C)NN,9.7,25,https://doi.org/10.1021/acs.est.4c11950,halogenated,Halogenated organics,"InChI=1S/C2H8N2/c1-2-4-3/h4H,2-3H2,1H3",WHRIKZCFRVTHJH-UHFFFAOYSA-N
83,"1,1-dimethyl hydrazine",10.20411998,57-14-7,CN(C)N,,,https://doi.org/10.1021/acsestengg.5c00320,halogenated,Halogenated organics,"InChI=1S/C2H8N2/c1-4(2)3/h3H2,1-2H3",RHUYHJGZWVXEHW-UHFFFAOYSA-N
84,"1,1-dimethyl-3-(4-propan-2-ylphenyl)urea",9.899820502,136132-27-9,CC(C)c1ccc(NC(=O)N(C)C)cc1,,,https://doi.org/10.1021/acs.est.1c04427,cyclo,Aromatic & PAHs,"InChI=1S/C12H18N2O/c1-9(2)10-5-7-11(8-6-10)13-12(15)14(3)4/h5-9H,1-4H3,(H,13,15)",PUIYMUZLKQOUOZ-UHFFFAOYSA-N
85,"1,1-dimethylethyl-hydroperoxide",7.45,148599-90-0,CC(C)(C)OO,7,25,NIST,ester,Oxygenated organics,"InChI=1S/C4H10O2/c1-4(2,3)6-5/h5H,1-3H3",CIHOLLKRGTVIJN-UHFFFAOYSA-N
86,"1,1-dimethylethyl-hydroperoxide",7.9,148599-90-0,CC(C)(C)OO,7.4,25,NIST,ester,Oxygenated organics,"InChI=1S/C4H10O2/c1-4(2,3)6-5/h5H,1-3H3",CIHOLLKRGTVIJN-UHFFFAOYSA-N
87,"1,1-dimethylhydrazine",10.2,496924-23-3,CN(C)N,9.7,25,NIST,halogenated,Halogenated organics,"InChI=1S/C2H8N2/c1-4(2)3/h3H2,1-2H3",RHUYHJGZWVXEHW-UHFFFAOYSA-N
88,"1,1-dimethylhydrazinium ion",8.91,44251-49-2,C[NH+](C)N,3.5,25,NIST,halogenated,Halogenated organics,"InChI=1S/C2H8N2/c1-4(2)3/h3H2,1-2H3/p+1",RHUYHJGZWVXEHW-UHFFFAOYSA-O
89,"1,1-ethanediol",9.08,4991-30-4,CC(O)O,7,25,https://doi.org/10.1021/acs.est.4c11950,alkane,Aliphatic hydrocarbons,"InChI=1S/C2H6O2/c1-2(3)4/h2-4H,1H3",AZHSSKPUVBVXLK-UHFFFAOYSA-N
90,"1,1-ethanediol",9.079181246,4433-56-1,CC(O)O,,,https://doi.org/10.1021/acsestengg.5c00159,alkane,Aliphatic hydrocarbons,"InChI=1S/C2H6O2/c1-2(3)4/h2-4H,1H3",AZHSSKPUVBVXLK-UHFFFAOYSA-N
91,"1,10-Phenanthroline",9.84509804,90412-47-8,c1cnc2c(c1)ccc1cccnc12,,,https://doi.org/10.1021/acs.est.1c05332,cyclo,Aromatic & PAHs,InChI=1S/C12H8N2/c1-3-9-5-6-10-4-2-8-14-12(10)11(9)13-7-1/h1-8H,DGEZNRSVGBDHLK-UHFFFAOYSA-N
92,"1,10-Phenanthroline-5,6-dione",9.491361694,602331-25-9,O=C1C(=O)c2cccnc2-c2ncccc21,,,https://doi.org/10.1021/acs.est.1c05517,cyclo,Aromatic & PAHs,InChI=1S/C12H6N2O2/c15-11-7-3-1-5-13-9(7)10-8(12(11)16)4-2-6-14-10/h1-6H,KCALAFIVPCAXJI-UHFFFAOYSA-N
93,"1,10-phenanthroline-5,6-dione",9.49,602331-25-9,O=C1C(=O)c2cccnc2-c2ncccc21,7,25,https://doi.org/10.1021/acs.est.4c11950,cyclo,Aromatic & PAHs,InChI=1S/C12H6N2O2/c15-11-7-3-1-5-13-9(7)10-8(12(11)16)4-2-6-14-10/h1-6H,KCALAFIVPCAXJI-UHFFFAOYSA-N
94,"1,2,3,4,5,6-Hexachlorocyclohexane",8.759667845,8073-23-2,ClC1C(Cl)C(Cl)C(Cl)C(Cl)C1Cl,,,https://doi.org/10.1021/acs.est.1c05538,benzene,Aromatic & PAHs,InChI=1S/C6H6Cl6/c7-1-2(8)4(10)6(12)5(11)3(1)9/h1-6H,JLYXXMFPNIAWKQ-UHFFFAOYSA-N
95,"1,2,3,4,5,6-hexachlorobenzene",8.380211242,51568-42-4,Clc1c(Cl)c(Cl)c(Cl)c(Cl)c1Cl,,,https://doi.org/10.1021/acs.est.1c05374,benzene,Aromatic & PAHs,InChI=1S/C6Cl6/c7-1-2(8)4(10)6(12)5(11)3(1)9,CKAPSXZOOQJIBF-UHFFFAOYSA-N
96,"1,2,3,4,5,6-hexafluorobenzene",9.146128036,91711-70-5,Fc1c(F)c(F)c(F)c(F)c1F,,,https://doi.org/10.1021/acs.est.1c05461,benzene,Aromatic & PAHs,InChI=1S/C6F6/c7-1-2(8)4(10)6(12)5(11)3(1)9,ZQBFAOFFOQMSGJ-UHFFFAOYSA-N
97,"1,2,3,4,5,6-hexamethylbenzene",9.857332496,12088-11-8,Cc1c(C)c(C)c(C)c(C)c1C,,,https://doi.org/10.1021/acs.est.1c04465,benzene,Aromatic & PAHs,InChI=1S/C12H18/c1-7-8(2)10(4)12(6)11(5)9(7)3/h1-6H3,YUWFEBAXEOLKSG-UHFFFAOYSA-N
98,"1,2,3,4,5-Pentafluorobenzene",9.84509804,7231-34-7,Fc1cc(F)c(F)c(F)c1F,,,https://doi.org/10.1021/acs.est.1c04718,benzene,Aromatic & PAHs,InChI=1S/C6HF5/c7-2-1-3(8)5(10)6(11)4(2)9/h1H,WACNXHCZHTVBJM-UHFFFAOYSA-N
99,"1,2,3,4,5-Pentamethylbenzene",9.875061263,91345-58-3,Cc1cc(C)c(C)c(C)c1C,,,https://doi.org/10.1021/acs.est.1c05218,benzene,Aromatic & PAHs,"InChI=1S/C11H16/c1-7-6-8(2)10(4)11(5)9(7)3/h6H,1-5H3",BEZDDPMMPIDMGJ-UHFFFAOYSA-N
100,"1,2,3,4,5-pentadeuterio-6-nitrobenzene",9.49,2154-55-4,[2H]c1c([2H])c([2H])c([N+](=O)[O-])c([2H])c1[2H],7,25,NIST,cyclo,Aromatic & PAHs,"InChI=1S/C6H5NO2/c8-7(9)6-4-2-1-3-5-6/h1-5H/i1D,2D,3D,4D,5D",LQNUZADURLCDLV-RALIUCGRSA-N
101,"1,2,3,4,7,7-hexachloro-6,6-bis(chloromethyl)-5-methylidenebicyclo[2.2.1]heptane",8.667452953,17280-38-5,ClCC1(CCl)C(=C)C2(Cl)C(Cl)C(Cl)C1(Cl)C2(Cl)Cl,,,https://doi.org/10.1021/acs.est.1c04426,cyclo,Aromatic & PAHs,"InChI=1S/C10H8Cl8/c1-4-7(2-11,3-12)9(16)6(14)5(13)8(4,15)10(9,17)18/h5-6H,1-3H2",OEJNXTAZZBRGDN-UHFFFAOYSA-N
102,"1,2,3,4-TETRAMETHYLBENZENE",9.857332496,1108-34-5,Cc1ccc(C)c(C)c1C,,,https://doi.org/10.1021/acs.est.1c05208,benzene,Aromatic & PAHs,"InChI=1S/C10H14/c1-7-5-6-8(2)10(4)9(7)3/h5-6H,1-4H3",UOHMMEJUHBCKEE-UHFFFAOYSA-N
103,"1,2,3,4-Tetrafluorobenzene",9.903089987,551-62-2,Fc1ccc(F)c(F)c1F,,,https://doi.org/10.1021/acs.est.1c04918,benzene,Aromatic & PAHs,InChI=1S/C6H2F4/c7-3-1-2-4(8)6(10)5(3)9/h1-2H,SOZFIIXUNAKEJP-UHFFFAOYSA-N
104,"1,2,3,4-Tetrahydro-1-naphthol",9.84509804,529-33-9,OC1CCCc2ccccc21,,,https://doi.org/10.1021/acs.est.1c04417,alcohol,Oxygenated organics,"InChI=1S/C10H12O/c11-10-7-3-5-8-4-1-2-6-9(8)10/h1-2,4,6,10-11H,3,5,7H2",JAAJQSRLGAYGKZ-UHFFFAOYSA-N
105,"1,2,3,4-butanetetrol",9.18,73977-54-5,OCC(O)C(O)CO,7,25,NIST,alcohol,Oxygenated organics,"InChI=1S/C4H10O4/c5-1-3(7)4(8)2-6/h3-8H,1-2H2",UNXHWFMMPAWVPI-UHFFFAOYSA-N
106,"1,2,3,4-tetrafluoro benzene",9.903089987,551-62-2,C1=CC(=C(C(=C1F)F)F)F,,,https://doi.org/10.1021/acsestengg.5c00456,halogenated,Halogenated organics,InChI=1S/C6H2F4/c7-3-1-2-4(8)6(10)5(3)9/h1-2H,SOZFIIXUNAKEJP-UHFFFAOYSA-N
107,"1,2,3,4-tetrafluoro benzene",9.9,138947-26-9,Fc1ccc(F)c(F)c1F,7,25,https://doi.org/10.1021/acs.est.4c11950,benzene,Aromatic & PAHs,InChI=1S/C6H2F4/c7-3-1-2-4(8)6(10)5(3)9/h1-2H,SOZFIIXUNAKEJP-UHFFFAOYSA-N
108,"1,2,3,4-tetrahydro-1-naphthol",9.85,529-33-9,OC1CCCc2ccccc21,1.8,25,NIST,alcohol,Oxygenated organics,"InChI=1S/C10H12O/c11-10-7-3-5-8-4-1-2-6-9(8)10/h1-2,4,6,10-11H,3,5,7H2",JAAJQSRLGAYGKZ-UHFFFAOYSA-N
109,"1,2,3,4-tetramethyl benzene",9.857332496,488-23-3,CC1=C(C(=C(C=C1)C)C)C,,,https://doi.org/10.1021/acsestengg.5c00455,alkane,Aliphatic hydrocarbons,"InChI=1S/C10H14/c1-7-5-6-8(2)10(4)9(7)3/h5-6H,1-4H3",UOHMMEJUHBCKEE-UHFFFAOYSA-N
110,"1,2,3,4-tetramethylbenzen",9.86,142633-71-4,Cc1ccc(C)c(C)c1C,7,25,"Sehested et al., 1975",benzene,Aromatic & PAHs,"InChI=1S/C10H14/c1-7-5-6-8(2)10(4)9(7)3/h5-6H,1-4H3",UOHMMEJUHBCKEE-UHFFFAOYSA-N
111,"1,2,3,5-Tetramethylbenzene",9.851258349,1219795-11-5,Cc1cc(C)c(C)c(C)c1,,,https://doi.org/10.1021/acs.est.1c05504,benzene,Aromatic & PAHs,"InChI=1S/C10H14/c1-7-5-8(2)10(4)9(3)6-7/h5-6H,1-4H3",BFIMMTCNYPIMRN-UHFFFAOYSA-N
112,"1,2,3,5-tetramethyl benzene",9.851258349,527-53-7,CC1=CC(=C(C(=C1)C)C)C,,,https://doi.org/10.1021/acsestengg.5c00457,alkane,Aliphatic hydrocarbons,"InChI=1S/C10H14/c1-7-5-8(2)10(4)9(3)6-7/h5-6H,1-4H3",BFIMMTCNYPIMRN-UHFFFAOYSA-N
113,"1,2,3,5-tetramethylbenzen",9.85,634-89-9,Cc1cc(C)c(C)c(C)c1,7,25,https://doi.org/10.1021/acs.est.4c11950,benzene,Aromatic & PAHs,"InChI=1S/C10H14/c1-7-5-8(2)10(4)9(3)6-7/h5-6H,1-4H3",BFIMMTCNYPIMRN-UHFFFAOYSA-N
114,"1,2,3-Benztriazole",9.880813592,1082041-67-5,c1ccc2[nH]nnc2c1,,,https://doi.org/10.1021/acs.est.1c04956,cyclo,Aromatic & PAHs,"InChI=1S/C6H5N3/c1-2-4-6-5(3-1)7-9-8-6/h1-4H,(H,7,8,9)",QRUDEWIWKLJBPS-UHFFFAOYSA-N
115,"1,2,3-TRIFLUOROBENZENE",9.568201724,1489-53-8,Fc1cccc(F)c1F,,,https://doi.org/10.1021/acs.est.1c04537,benzene,Aromatic & PAHs,InChI=1S/C6H3F3/c7-4-2-1-3-5(8)6(4)9/h1-3H,AJKNNUJQFALRIK-UHFFFAOYSA-N
116,"1,2,3-Trimethoxybenzene",9.84509804,634-36-6,COc1cccc(OC)c1OC,,,https://doi.org/10.1021/acs.est.1c04822,diol,Polyfunctional / highly functionalized,"InChI=1S/C9H12O3/c1-10-7-5-4-6-8(11-2)9(7)12-3/h4-6H,1-3H3",CRUILBNAQILVHZ-UHFFFAOYSA-N
117,"1,2,3-Trimethylbenzene",9.84509804,57820-96-9,Cc1cccc(C)c1C,,,https://doi.org/10.1021/acs.est.1c04574,benzene,Aromatic & PAHs,"InChI=1S/C9H12/c1-7-5-4-6-8(2)9(7)3/h4-6H,1-3H3",FYGHSUNMUKGBRK-UHFFFAOYSA-N
118,"1,2,3-benztriazole",9.88,1082041-67-5,c1ccc2[nH]nnc2c1,7,25,https://doi.org/10.1021/acs.est.4c11950,cyclo,Aromatic & PAHs,"InChI=1S/C6H5N3/c1-2-4-6-5(3-1)7-9-8-6/h1-4H,(H,7,8,9)",QRUDEWIWKLJBPS-UHFFFAOYSA-N
119,"1,2,3-trichloro-4-methylbenzene",9.397940009,21472-86-6,Cc1ccc(Cl)c(Cl)c1Cl,,,https://doi.org/10.1021/acs.est.1c04377,benzene,Aromatic & PAHs,"InChI=1S/C7H5Cl3/c1-4-2-3-5(8)7(10)6(4)9/h2-3H,1H3",LHOGNQZQKDZOBP-UHFFFAOYSA-N
120,"1,2,3-trifluorobenzene",9.568201724,1489-53-8,C1=CC(=C(C(=C1)F)F)F,,,https://doi.org/10.1021/acsestengg.5c00469,halogenated,Halogenated organics,InChI=1S/C6H3F3/c7-4-2-1-3-5(8)6(4)9/h1-3H,AJKNNUJQFALRIK-UHFFFAOYSA-N
121,"1,2,3-trifluorobenzene",9.57,1489-53-8,Fc1cccc(F)c1F,7,25,https://doi.org/10.1021/acs.est.4c11950,benzene,Aromatic & PAHs,InChI=1S/C6H3F3/c7-4-2-1-3-5(8)6(4)9/h1-3H,AJKNNUJQFALRIK-UHFFFAOYSA-N
122,"1,2,3-trimethoxybenzene",9.84509804,634-36-6,COC1=C(C(=CC=C1)OC)OC,,,https://doi.org/10.1021/acsestengg.5c00437,diol,Polyfunctional / highly functionalized,"InChI=1S/C9H12O3/c1-10-7-5-4-6-8(11-2)9(7)12-3/h4-6H,1-3H3",CRUILBNAQILVHZ-UHFFFAOYSA-N
123,"1,2,3-trimethoxybenzene",9.85,634-36-6,COc1cccc(OC)c1OC,6.5,25,https://doi.org/10.1021/acs.est.4c11950,diol,Polyfunctional / highly functionalized,"InChI=1S/C9H12O3/c1-10-7-5-4-6-8(11-2)9(7)12-3/h4-6H,1-3H3",CRUILBNAQILVHZ-UHFFFAOYSA-N
124,"1,2,3-trimethyl benzene",9.84509804,526-73-8,CC1=C(C(=CC=C1)C)C,,,https://doi.org/10.1021/acsestengg.5c00448,alkane,Aliphatic hydrocarbons,"InChI=1S/C9H12/c1-7-5-4-6-8(2)9(7)3/h4-6H,1-3H3",FYGHSUNMUKGBRK-UHFFFAOYSA-N
125,"1,2,3-trimethyl benzene",9.85,2672-57-3,Cc1cccc(C)c1C,7,25,NIST,benzene,Aromatic & PAHs,"InChI=1S/C9H12/c1-7-5-4-6-8(2)9(7)3/h4-6H,1-3H3",FYGHSUNMUKGBRK-UHFFFAOYSA-N
126,"1,2,4,5-Tetramethoxybenzene",9.84509804,86489-89-6,COc1cc(OC)c(OC)cc1OC,,,https://doi.org/10.1021/acs.est.1c04811,diol,Polyfunctional / highly functionalized,"InChI=1S/C10H14O4/c1-11-7-5-9(13-3)10(14-4)6-8(7)12-2/h5-6H,1-4H3",JUVJUCAKSWHQEE-UHFFFAOYSA-N
127,"1,2,4,5-Tetramethylbenzene",9.84509804,68018-25-7,Cc1cc(C)c(C)cc1C,,,https://doi.org/10.1021/acs.est.1c04424,benzene,Aromatic & PAHs,"InChI=1S/C10H14/c1-7-5-9(3)10(4)6-8(7)2/h5-6H,1-4H3",SQNZJJAZBFDUTD-UHFFFAOYSA-N
128,"1,2,4,5-tetramethoxy benzene",9.85,54812-43-0,COc1cc(OC)c(OC)cc1OC,7,25,https://doi.org/10.1021/acs.est.4c11950,diol,Polyfunctional / highly functionalized,"InChI=1S/C10H14O4/c1-11-7-5-9(13-3)10(14-4)6-8(7)12-2/h5-6H,1-4H3",JUVJUCAKSWHQEE-UHFFFAOYSA-N
129,"1,2,4,5-tetramethoxy benzene",9.84509804,2441-46-5,COC1=CC(=C(C=C1OC)OC)OC,,,https://doi.org/10.1021/acsestengg.5c00459,diol,Polyfunctional / highly functionalized,"InChI=1S/C10H14O4/c1-11-7-5-9(13-3)10(14-4)6-8(7)12-2/h5-6H,1-4H3",JUVJUCAKSWHQEE-UHFFFAOYSA-N
130,"1,2,4,5-tetramethyl benzene",9.84509804,95-93-2,CC1=CC(=C(C=C1C)C)C,,,https://doi.org/10.1021/acsestengg.5c00458,alkane,Aliphatic hydrocarbons,"InChI=1S/C10H14/c1-7-5-9(3)10(4)6-8(7)2/h5-6H,1-4H3",SQNZJJAZBFDUTD-UHFFFAOYSA-N
131,"1,2,4,5-tetramethylbenzen",9.85,142633-71-4,Cc1cc(C)c(C)cc1C,7,25,https://doi.org/10.1021/acs.est.4c11950,benzene,Aromatic & PAHs,"InChI=1S/C10H14/c1-7-5-9(3)10(4)6-8(7)2/h5-6H,1-4H3",SQNZJJAZBFDUTD-UHFFFAOYSA-N
132,"1,2,4-Trifluorobenzene",9.591064607,367-23-7,Fc1ccc(F)c(F)c1,,,https://doi.org/10.1021/acs.est.1c04878,benzene,Aromatic & PAHs,InChI=1S/C6H3F3/c7-4-1-2-5(8)6(9)3-4/h1-3H,PEBWOGPSYUIOBP-UHFFFAOYSA-N
133,"1,2,4-Trimethoxybenzene",9.908485019,23149-34-0,COc1ccc(OC)c(OC)c1,,,https://doi.org/10.1021/acs.est.1c05475,alcohol,Oxygenated organics,"InChI=1S/C9H12O3/c1-10-7-4-5-8(11-2)9(6-7)12-3/h4-6H,1-3H3",AGIQIOSHSMJYJP-UHFFFAOYSA-N
134,"1,2,4-Trimethylbenzene",9.792391689,95-63-6,Cc1ccc(C)c(C)c1,,,https://doi.org/10.1021/acs.est.1c04425,benzene,Aromatic & PAHs,"InChI=1S/C9H12/c1-7-4-5-8(2)9(3)6-7/h4-6H,1-3H3",GWHJZXXIDMPWGX-UHFFFAOYSA-N
135,"1,2,4-trichlorobenzene",9.783188691,2199-72-6,Clc1ccc(Cl)c(Cl)c1,,,https://doi.org/10.1021/acs.est.1c04808,benzene,Aromatic & PAHs,InChI=1S/C6H3Cl3/c7-4-1-2-5(8)6(9)3-4/h1-3H,PBKONEOXTCPAFI-UHFFFAOYSA-N
136,"1,2,4-trifluorobenzene",9.591064607,367-23-7,C1=CC(=C(C=C1F)F)F,,,https://doi.org/10.1021/acsestengg.5c00470,halogenated,Halogenated organics,InChI=1S/C6H3F3/c7-4-1-2-5(8)6(9)3-4/h1-3H,PEBWOGPSYUIOBP-UHFFFAOYSA-N
137,"1,2,4-trifluorobenzene",9.59,367-23-7,Fc1ccc(F)c(F)c1,7,25,https://doi.org/10.1021/acs.est.4c11950,benzene,Aromatic & PAHs,InChI=1S/C6H3F3/c7-4-1-2-5(8)6(9)3-4/h1-3H,PEBWOGPSYUIOBP-UHFFFAOYSA-N
138,"1,2,4-trihydroxybenzene",9.93,533-73-3,Oc1ccc(O)c(O)c1,7,25,https://doi.org/10.1021/acs.est.4c11950,alcohol,Oxygenated organics,"InChI=1S/C6H6O3/c7-4-1-2-5(8)6(9)3-4/h1-3,7-9H",GGNQRNBDZQJCCN-UHFFFAOYSA-N
139,"1,2,4-trihydroxybenzene",9.934498451,533-73-3,C1=CC(=C(C=C1O)O)O,,,https://doi.org/10.1021/acsestengg.5c00464,halogenated,Halogenated organics,"InChI=1S/C6H6O3/c7-4-1-2-5(8)6(9)3-4/h1-3,7-9H",GGNQRNBDZQJCCN-UHFFFAOYSA-N
140,"1,2,4-trimethoxybenzene",9.79,23149-34-0,COc1ccc(OC)c(OC)c1,6.5,25,https://doi.org/10.1021/acs.est.4c11950,alcohol,Oxygenated organics,"InChI=1S/C9H12O3/c1-10-7-4-5-8(11-2)9(6-7)12-3/h4-6H,1-3H3",AGIQIOSHSMJYJP-UHFFFAOYSA-N
141,"1,2,4-trimethoxybenzene",9.792391689,135-77-3,COC1=CC(=C(C=C1)OC)OC,,,https://doi.org/10.1021/acsestengg.5c00438,diol,Polyfunctional / highly functionalized,"InChI=1S/C9H12O3/c1-10-7-4-5-8(11-2)9(6-7)12-3/h4-6H,1-3H3",AGIQIOSHSMJYJP-UHFFFAOYSA-N
142,"1,2,4-trimethyl benzene",9.792391689,95-63-6,CC1=CC(=C(C=C1)C)C,,,https://doi.org/10.1021/acsestengg.5c00449,alkane,Aliphatic hydrocarbons,"InChI=1S/C9H12/c1-7-4-5-8(2)9(3)6-7/h4-6H,1-3H3",GWHJZXXIDMPWGX-UHFFFAOYSA-N
143,"1,2,4-trimethyl-benzene",9.79,60368-03-8,Cc1ccc(C)c(C)c1,7,25,NIST,benzene,Aromatic & PAHs,"InChI=1S/C9H12/c1-7-4-5-8(2)9(3)6-7/h4-6H,1-3H3",GWHJZXXIDMPWGX-UHFFFAOYSA-N
144,"1,2-Dibromo-3-chloropropane",8.51054501,2483735-98-2,ClCC(Br)CBr,,,https://doi.org/10.1021/acs.est.1c05348,halogenated,Halogenated organics,"InChI=1S/C3H5Br2Cl/c4-1-3(5)2-6/h3H,1-2H2",WBEJYOJJBDISQU-UHFFFAOYSA-N
145,"1,2-Dibromobenzene",9.361727836,1643577-34-7,Brc1ccccc1Br,,,https://doi.org/10.1021/acs.est.1c04951,benzene,Aromatic & PAHs,InChI=1S/C6H4Br2/c7-5-3-1-2-4-6(5)8/h1-4H,WQONPSCCEXUXTQ-UHFFFAOYSA-N
146,"1,2-Dibromobenzene",9.361727836,583-53-9,C1=CC=C(C(=C1)Br)Br,,,https://doi.org/10.1021/acsestengg.5c00563,halogenated,Halogenated organics,InChI=1S/C6H4Br2/c7-5-3-1-2-4-6(5)8/h1-4H,WQONPSCCEXUXTQ-UHFFFAOYSA-N
147,"1,2-Dibromopropapne",8.826074803,61579-57-5,CC(Br)CBr,,,https://doi.org/10.1021/acs.est.1c04800,alkane,Aliphatic hydrocarbons,"InChI=1S/C3H6Br2/c1-3(5)2-4/h3H,2H2,1H3",XFNJYAKDBJUJAJ-UHFFFAOYSA-N
148,"1,2-Dichlorobenzene",9.397940009,1092840-89-5,Clc1ccccc1Cl,,,https://doi.org/10.1021/acs.est.1c04381,benzene,Aromatic & PAHs,InChI=1S/C6H4Cl2/c7-5-3-1-2-4-6(5)8/h1-4H,RFFLAFLAYFXFSW-UHFFFAOYSA-N
149,"1,2-Dichloroethene",9.698970004,52646-80-7,Cl\C=C\Cl,,,https://doi.org/10.1021/acs.est.1c04950,halogenated,Halogenated organics,InChI=1S/C2H2Cl2/c3-1-2-4/h1-2H/b2-1+,KFUSEUYYWQURPO-OWOJBTEDSA-N
150,"1,2-Dichloroethylene",9.579783597,540-59-0,ClC=CCl,,,https://doi.org/10.1021/acs.est.1c04920,halogenated,Halogenated organics,InChI=1S/C2H2Cl2/c3-1-2-4/h1-2H,KFUSEUYYWQURPO-UHFFFAOYSA-N
151,"1,2-Dichloropropane",8.579783597,82109-95-3,CC(Cl)CCl,,,https://doi.org/10.1021/acs.est.1c05162,alkane,Aliphatic hydrocarbons,"InChI=1S/C3H6Cl2/c1-3(5)2-4/h3H,2H2,1H3",KNKRKFALVUDBJE-UHFFFAOYSA-N
152,"1,2-Diethoxyethene",9.361727836,26349-94-0,CCOC=COCC,,,https://doi.org/10.1021/acs.est.1c05169,diol,Polyfunctional / highly functionalized,"InChI=1S/C6H12O2/c1-3-7-5-6-8-4-2/h5-6H,3-4H2,1-2H3",HDUOBOAWDSZFTJ-UHFFFAOYSA-N
153,"1,2-Difluorobenzene",9.875061263,2432848-73-0,Fc1ccccc1F,,,https://doi.org/10.1021/acs.est.1c05696,benzene,Aromatic & PAHs,InChI=1S/C6H4F2/c7-5-3-1-2-4-6(5)8/h1-4H,GOYDNIKZWGIXJT-UHFFFAOYSA-N
154,"1,2-Dimethoxybenzene",9.716003344,126840-15-1,COc1ccccc1OC,,,https://doi.org/10.1021/acs.est.1c04391,diol,Polyfunctional / highly functionalized,"InChI=1S/C8H10O2/c1-9-7-5-3-4-6-8(7)10-2/h3-6H,1-2H3",ABDKAPXRBAPSQN-UHFFFAOYSA-N
155,"1,2-Dimethoxyethane",9.204119983,18346-57-1,COCCOC,,,https://doi.org/10.1021/acs.est.1c05319,diol,Polyfunctional / highly functionalized,"InChI=1S/C4H10O2/c1-5-3-4-6-2/h3-4H2,1-2H3",XTHFKEDIFFGKHM-UHFFFAOYSA-N
156,"1,2-Dimethylbenzene",9.826074803,2649055-29-6,Cc1ccccc1C,,,https://doi.org/10.1021/acs.est.1c05155,benzene,Aromatic & PAHs,"InChI=1S/C8H10/c1-7-5-3-4-6-8(7)2/h3-6H,1-2H3",CTQNGGLPUBDAKN-UHFFFAOYSA-N
157,"1,2-Dimethylindole",10,40801-93-2,Cc1cc2ccccc2n1C,,,https://doi.org/10.1021/acs.est.1c05245,benzene,Aromatic & PAHs,"InChI=1S/C10H11N/c1-8-7-9-5-3-4-6-10(9)11(8)2/h3-7H,1-2H3",BJMUOUXGBFNLSN-UHFFFAOYSA-N
158,"1,2-benzenedicarboxylate ion",9.77,1234382-33-2,O=C([O-])c1ccccc1C(=O)[O-],9.2,25,NIST,benzene,Aromatic & PAHs,"InChI=1S/C8H6O4/c9-7(10)5-3-1-2-4-6(5)8(11)12/h1-4H,(H,9,10)(H,11,12)/p-2",XNGIFLGASWRNHJ-UHFFFAOYSA-L
159,"1,2-benzenediol",10.04,91201-66-0,Oc1ccccc1O,9,25,https://doi.org/10.1021/acs.est.4c11950,alcohol,Oxygenated organics,"InChI=1S/C6H6O2/c7-5-3-1-2-4-6(5)8/h1-4,7-8H",YCIMNLLNPGFGHC-UHFFFAOYSA-N
160,"1,2-benzenediol",10.04139269,120-80-9,C1=CC=C(C(=C1)O)O,,,https://doi.org/10.1021/acsestengg.5c00409,halogenated,Halogenated organics,"InChI=1S/C6H6O2/c7-5-3-1-2-4-6(5)8/h1-4,7-8H",YCIMNLLNPGFGHC-UHFFFAOYSA-N
161,"1,2-cyclohexylenedinitriloacetic acid",10.08,90199-97-6,O=C(O)CN(CC(=O)O)[C@H]1CCCC[C@@H]1N(CC(=O)O)CC(=O)O,0,25,NIST,diol,Polyfunctional / highly functionalized,"InChI=1S/C14H22N2O8/c17-11(18)5-15(6-12(19)20)9-3-1-2-4-10(9)16(7-13(21)22)8-14(23)24/h9-10H,1-8H2,(H,17,18)(H,19,20)(H,21,22)(H,23,24)/t9-,10-/m0/s1",FCKYPQBAHLOOJQ-UWVGGRQHSA-N
162,"1,2-di(furan-2-yl)-2-hydroxyethanone",10.11394335,2768-60-7,OC(c1occc1)C(=O)c2occc2,,,https://doi.org/10.1021/acs.est.1c05589,diol,Polyfunctional / highly functionalized,"InChI=1S/C10H8O4/c11-9(7-3-1-5-13-7)10(12)8-4-2-6-14-8/h1-6,9,11H",MIJRFWVFNKQQDK-UHFFFAOYSA-N
163,"1,2-dibromo ethane",8.414973348,106-93-4,C(CBr)Br,,,https://doi.org/10.1021/acsestengg.5c00233,halogenated,Halogenated organics,InChI=1S/C2H4Br2/c3-1-2-4/h1-2H2,PAAZPARNPHGIKF-UHFFFAOYSA-N
164,"1,2-dibromo-3-chloropropane",8.74,2483735-98-2,ClCC(Br)CBr,2.7,25,NIST,halogenated,Halogenated organics,"InChI=1S/C3H5Br2Cl/c4-1-3(5)2-6/h3H,1-2H2",WBEJYOJJBDISQU-UHFFFAOYSA-N
165,"1,2-dibromo-benzene",9.36,130996-04-2,Brc1ccccc1Br,7,25,NIST,benzene,Aromatic & PAHs,InChI=1S/C6H4Br2/c7-5-3-1-2-4-6(5)8/h1-4H,WQONPSCCEXUXTQ-UHFFFAOYSA-N
166,"1,2-dibromoethane",8.41,126266-42-0,C(CBr)Br,7,25,https://doi.org/10.1021/acs.est.4c11950,halogenated,Halogenated organics,InChI=1S/C2H4Br2/c3-1-2-4/h1-2H2,PAAZPARNPHGIKF-UHFFFAOYSA-N
167,"1,2-dibromoethyne",8.414973348,624-61-3,BrCCBr,,,https://doi.org/10.1021/acs.est.1c04429,halogenated,Halogenated organics,InChI=1S/C2H4Br2/c3-1-2-4/h1-2H2,PAAZPARNPHGIKF-UHFFFAOYSA-N
168,"1,2-dibromopropapne",8.83,61579-57-5,CC(Br)CBr,7,25,https://doi.org/10.1021/acs.est.4c11950,alkane,Aliphatic hydrocarbons,"InChI=1S/C3H6Br2/c1-3(5)2-4/h3H,2H2,1H3",XFNJYAKDBJUJAJ-UHFFFAOYSA-N
169,"1,2-dichloro ethane",8.301029996,107-06-2,C(CCl)Cl,,,https://doi.org/10.1021/acsestengg.5c00235,alkane,Aliphatic hydrocarbons,InChI=1S/C2H4Cl2/c3-1-2-4/h1-2H2,WSLDOOZREJYCGB-UHFFFAOYSA-N
170,"1,2-dichloro propane",8.602059991,78-87-5,CC(CCl)Cl,,,https://doi.org/10.1021/acsestengg.5c00244,alkane,Aliphatic hydrocarbons,"InChI=1S/C3H6Cl2/c1-3(5)2-4/h3H,2H2,1H3",KNKRKFALVUDBJE-UHFFFAOYSA-N
171,"1,2-dichloro-3-bromopropane",8.86,16141-13-2,ClCC(Cl)CBr,2.8,24,https://doi.org/10.1021/acs.est.4c11950,halogenated,Halogenated organics,"InChI=1S/C3H5BrCl2/c4-1-3(6)2-5/h3H,1-2H2",CSZDDLQVWPKXTC-UHFFFAOYSA-N
172,"1,2-dichloro-3-bromopropane",8.86332286,33037-07-9,C(C(CBr)Cl)Cl,,,https://doi.org/10.1021/acsestengg.5c00242,alkane,Aliphatic hydrocarbons,"InChI=1S/C3H5BrCl2/c4-1-3(6)2-5/h3H,1-2H2",CSZDDLQVWPKXTC-UHFFFAOYSA-N
173,"1,2-dichloro-4-methylbenzene",9.230448921,2160-24-9,Cc1ccc(Cl)c(Cl)c1,,,https://doi.org/10.1021/acs.est.1c04441,benzene,Aromatic & PAHs,"InChI=1S/C7H6Cl2/c1-5-2-3-6(8)7(9)4-5/h2-4H,1H3",WYUIWKFIFOJVKW-UHFFFAOYSA-N
174,"1,2-dichlorobenzene",9.51,1092840-89-5,Clc1ccccc1Cl,7,25,https://doi.org/10.1021/acs.est.4c11950,benzene,Aromatic & PAHs,InChI=1S/C6H4Cl2/c7-5-3-1-2-4-6(5)8/h1-4H,RFFLAFLAYFXFSW-UHFFFAOYSA-N
175,"1,2-dichlorobenzene",9.59,1092840-89-5,Clc1ccccc1Cl,3.5,25,https://doi.org/10.1021/acs.est.4c11950,benzene,Aromatic & PAHs,InChI=1S/C6H4Cl2/c7-5-3-1-2-4-6(5)8/h1-4H,RFFLAFLAYFXFSW-UHFFFAOYSA-N
176,"1,2-dichlorobenzene",9.602059991,95-50-1,C1=CC=C(C(=C1)Cl)Cl,,,https://doi.org/10.1021/acsestengg.5c00406,halogenated,Halogenated organics,InChI=1S/C6H4Cl2/c7-5-3-1-2-4-6(5)8/h1-4H,RFFLAFLAYFXFSW-UHFFFAOYSA-N
177,"1,2-dichloroethane",8.9,67924-06-5,C(CCl)Cl,6.5,25,https://doi.org/10.1021/acs.est.4c11950,alkane,Aliphatic hydrocarbons,InChI=1S/C2H4Cl2/c3-1-2-4/h1-2H2,WSLDOOZREJYCGB-UHFFFAOYSA-N
178,"1,2-dichloroethane",8.3,67924-06-5,C(CCl)Cl,7,25,https://doi.org/10.1021/acs.est.4c11950,alkane,Aliphatic hydrocarbons,InChI=1S/C2H4Cl2/c3-1-2-4/h1-2H2,WSLDOOZREJYCGB-UHFFFAOYSA-N
179,"1,2-dichloroethane",8.301029996,67924-06-5,ClCCCl,,,https://doi.org/10.1021/acs.est.1c04682,halogenated,Halogenated organics,InChI=1S/C2H4Cl2/c3-1-2-4/h1-2H2,WSLDOOZREJYCGB-UHFFFAOYSA-N
180,"1,2-dichloropropane",8.58,82109-95-3,CC(Cl)CCl,2.8,24,https://doi.org/10.1021/acs.est.4c11950,alkane,Aliphatic hydrocarbons,"InChI=1S/C3H6Cl2/c1-3(5)2-4/h3H,2H2,1H3",KNKRKFALVUDBJE-UHFFFAOYSA-N
181,"1,2-diethoxyethene",9.36,26349-94-0,CCOC=COCC,7,25,https://doi.org/10.1021/acs.est.4c11950,diol,Polyfunctional / highly functionalized,"InChI=1S/C6H12O2/c1-3-7-5-6-8-4-2/h5-6H,3-4H2,1-2H3",HDUOBOAWDSZFTJ-UHFFFAOYSA-N
182,"1,2-dimethoxybenzene",9.72,126840-15-1,COc1ccccc1OC,6.5,25,https://doi.org/10.1021/acs.est.4c11950,diol,Polyfunctional / highly functionalized,"InChI=1S/C8H10O2/c1-9-7-5-3-4-6-8(7)10-2/h3-6H,1-2H3",ABDKAPXRBAPSQN-UHFFFAOYSA-N
183,"1,2-dimethoxybenzene",9.716003344,91-16-7,COC1=CC=CC=C1OC,,,https://doi.org/10.1021/acsestengg.5c00424,diol,Polyfunctional / highly functionalized,"InChI=1S/C8H10O2/c1-9-7-5-3-4-6-8(7)10-2/h3-6H,1-2H3",ABDKAPXRBAPSQN-UHFFFAOYSA-N
184,"1,2-dimethylhydrazine",10.15,30260-66-3,CNNC,10,25,https://doi.org/10.1021/acs.est.4c11950,halogenated,Halogenated organics,"InChI=1S/C2H8N2/c1-3-4-2/h3-4H,1-2H3",DIIIISSCIXVANO-UHFFFAOYSA-N
185,"1,2-dimethylhydrazinium ion",8.86,44251-49-2,CN[NH2+]C,3.5,25,NIST,halogenated,Halogenated organics,"InChI=1S/C2H8N2/c1-3-4-2/h3-4H,1-2H3/p+1",DIIIISSCIXVANO-UHFFFAOYSA-O
186,"1,2-dimethylindole",10,40801-93-2,Cn1c(C)cc2ccccc12,9,25,https://doi.org/10.1021/acs.est.4c11950,halogenated,Halogenated organics,"InChI=1S/C10H11N/c1-8-7-9-5-3-4-6-10(9)11(8)2/h3-7H,1-2H3",BJMUOUXGBFNLSN-UHFFFAOYSA-N
187,"1,2-epoxybutane",8.89,30608-62-9,CCC1CO1,9,25,NIST,alkane,Aliphatic hydrocarbons,"InChI=1S/C4H8O/c1-2-4-3-5-4/h4H,2-3H2,1H3",RBACIKXCRWGCBB-UHFFFAOYSA-N
188,"1,2-epoxybutane",8.892094603,106-88-7,CCC1CO1,,,https://doi.org/10.1021/acsestengg.5c00349,alkane,Aliphatic hydrocarbons,"InChI=1S/C4H8O/c1-2-4-3-5-4/h4H,2-3H2,1H3",RBACIKXCRWGCBB-UHFFFAOYSA-N
189,"1,2-epoxypropane",8.397940009,75-56-9,CC1CO1,,,https://doi.org/10.1021/acsestengg.5c00350,alkane,Aliphatic hydrocarbons,"InChI=1S/C3H6O/c1-3-2-4-3/h3H,2H2,1H3",GOOHAUXETOMSMM-UHFFFAOYSA-N
190,"1,2-epoxypropane",8.4,5689-75-8,CC1CO1,9,25,NIST,alkane,Aliphatic hydrocarbons,"InChI=1S/C3H6O/c1-3-2-4-3/h3H,2H2,1H3",GOOHAUXETOMSMM-UHFFFAOYSA-N
191,"1,2-propanediol",9.23,4254-16-4,CC(O)CO,7,25,https://doi.org/10.1021/acs.est.4c11950,alkane,Aliphatic hydrocarbons,"InChI=1S/C3H8O2/c1-3(5)2-4/h3-5H,2H2,1H3",DNIAPMSPPWPWGF-UHFFFAOYSA-N
192,"1,2-propanediol(propylene glycol)",9.230448921,57-55-6,CC(CO)O,,,https://doi.org/10.1021/acsestengg.5c00160,alkane,Aliphatic hydrocarbons,"InChI=1S/C3H8O2/c1-3(5)2-4/h3-5H,2H2,1H3",DNIAPMSPPWPWGF-UHFFFAOYSA-N
193,"1,3,4-Trichlorotoluene",9.397940009,35-98-3,ClCc1ccc(Cl)c(Cl)c1,,,https://doi.org/10.1021/acs.est.1c04889,benzene,Aromatic & PAHs,"InChI=1S/C7H5Cl3/c8-4-5-1-2-6(9)7(10)3-5/h1-3H,4H2",YZIFVWOCPGPNHB-UHFFFAOYSA-N
194,"1,3,4-trichlorotoluene",9.4,35-98-3,ClCc1ccc(Cl)c(Cl)c1,7,25,https://doi.org/10.1021/acs.est.4c11950,benzene,Aromatic & PAHs,"InChI=1S/C7H5Cl3/c8-4-5-1-2-6(9)7(10)3-5/h1-3H,4H2",YZIFVWOCPGPNHB-UHFFFAOYSA-N
195,"1,3,5-Trichloro-2-methoxybenzene",9.710117365,1041509-93-6,COc1c(Cl)cc(Cl)cc1Cl,,,https://doi.org/10.1021/acs.est.1c04348,alcohol,Oxygenated organics,"InChI=1S/C7H5Cl3O/c1-11-7-5(9)2-4(8)3-6(7)10/h2-3H,1H3",WCVOGSZTONGSQY-UHFFFAOYSA-N
196,"1,3,5-Trifluorobenzene",9.612783857,1702924-02-4,Fc1cc(F)cc(F)c1,,,https://doi.org/10.1021/acs.est.1c04435,benzene,Aromatic & PAHs,InChI=1S/C6H3F3/c7-4-1-5(8)3-6(9)2-4/h1-3H,JXUKFFRPLNTYIV-UHFFFAOYSA-N
197,"1,3,5-Trimethoxybenzene",9.908485019,79173-14-1,COc1cc(OC)cc(OC)c1,,,https://doi.org/10.1021/acs.est.1c04819,alcohol,Oxygenated organics,"InChI=1S/C9H12O3/c1-10-7-4-8(11-2)6-9(5-7)12-3/h4-6H,1-3H3",LKUDPHPHKOZXCD-UHFFFAOYSA-N
198,"1,3,5-Trimethylbenzene",9.806179974,1274-07-3,Cc1cc(C)cc(C)c1,,,https://doi.org/10.1021/acs.est.1c04904,benzene,Aromatic & PAHs,"InChI=1S/C9H12/c1-7-4-8(2)6-9(3)5-7/h4-6H,1-3H3",AUHZEENZYGFFBQ-UHFFFAOYSA-N
199,"1,3,5-Trioxane",9.176091259,246875-75-2,C1OCOCO1,,,https://doi.org/10.1021/acs.est.1c04777,diol,Polyfunctional / highly functionalized,InChI=1S/C3H6O3/c1-4-2-6-3-5-1/h1-3H2,BGJSXRVXTHVRSN-UHFFFAOYSA-N
200,"1,3,5-triazine",9.53,10556-98-6,c1ncncn1,7,25,https://doi.org/10.1021/acs.est.4c11950,triazine,Heterocycles,InChI=1S/C3H3N3/c1-4-2-6-3-5-1/h1-3H,JIHQDMXYYFUGFV-UHFFFAOYSA-N
201,"1,3,5-tribromo-2-methoxybenzene",9.57054294,174913-78-1,COc1c(Br)cc(Br)cc1Br,,,https://doi.org/10.1021/acs.est.1c04984,alcohol,Oxygenated organics,"InChI=1S/C7H5Br3O/c1-11-7-5(9)2-4(8)3-6(7)10/h2-3H,1H3",YXTRCOAFNXQTKL-UHFFFAOYSA-N
202,"1,3,5-trifluorobenzene",9.612783857,372-38-3,C1=C(C=C(C=C1F)F)F,,,https://doi.org/10.1021/acsestengg.5c00468,halogenated,Halogenated organics,InChI=1S/C6H3F3/c7-4-1-5(8)3-6(9)2-4/h1-3H,JXUKFFRPLNTYIV-UHFFFAOYSA-N
203,"1,3,5-trifluorobenzene",9.61,1702924-02-4,Fc1cc(F)cc(F)c1,7,25,https://doi.org/10.1021/acs.est.4c11950,benzene,Aromatic & PAHs,InChI=1S/C6H3F3/c7-4-1-5(8)3-6(9)2-4/h1-3H,JXUKFFRPLNTYIV-UHFFFAOYSA-N
204,"1,3,5-trimethoxybenzene",9.908485019,621-23-8,COC1=CC(=CC(=C1)OC)OC,,,https://doi.org/10.1021/acsestengg.5c00439,diol,Polyfunctional / highly functionalized,"InChI=1S/C9H12O3/c1-10-7-4-8(11-2)6-9(5-7)12-3/h4-6H,1-3H3",LKUDPHPHKOZXCD-UHFFFAOYSA-N
205,"1,3,5-trimethoxybenzene",9.91,79173-14-1,COc1cc(OC)cc(OC)c1,6.5,25,https://doi.org/10.1021/acs.est.4c11950,alcohol,Oxygenated organics,"InChI=1S/C9H12O3/c1-10-7-4-8(11-2)6-9(5-7)12-3/h4-6H,1-3H3",LKUDPHPHKOZXCD-UHFFFAOYSA-N
206,"1,3,5-trimethyl benzene (mesithlene)",9.806179974,108-67-8,CC1=CC(=CC(=C1)C)C,,,https://doi.org/10.1021/acsestengg.5c00450,alkane,Aliphatic hydrocarbons,"InChI=1S/C9H12/c1-7-4-8(2)6-9(3)5-7/h4-6H,1-3H3",AUHZEENZYGFFBQ-UHFFFAOYSA-N
207,"1,3,5-trimethyl-benzene",9.81,22234-62-4,Cc1cc(C)cc(C)c1,7,25,NIST,benzene,Aromatic & PAHs,"InChI=1S/C9H12/c1-7-4-8(2)6-9(3)5-7/h4-6H,1-3H3",AUHZEENZYGFFBQ-UHFFFAOYSA-N
208,"1,3,5-trinitro-1,3,5-triazinane",9.041392685,21219-30-7,[O-][N+](=O)N1CN(CN(C1)[N+]([O-])=O)[N+]([O-])=O,,,https://doi.org/10.1021/acs.est.1c05279,diol,Polyfunctional / highly functionalized,InChI=1S/C3H6N6O6/c10-7(11)4-1-5(8(12)13)3-6(2-4)9(14)15/h1-3H2,XTFIVUDBNACUBN-UHFFFAOYSA-N
209,"1,3,5-trioxane",9.18,246875-75-2,C1OCOCO1,7,25,https://doi.org/10.1021/acs.est.4c11950,diol,Polyfunctional / highly functionalized,InChI=1S/C3H6O3/c1-4-2-6-3-5-1/h1-3H2,BGJSXRVXTHVRSN-UHFFFAOYSA-N
210,"1,3,5-trioxane",9.176091259,110-88-3,C1OCOCO1,,,https://doi.org/10.1021/acsestengg.5c00344,diol,Polyfunctional / highly functionalized,InChI=1S/C3H6O3/c1-4-2-6-3-5-1/h1-3H2,BGJSXRVXTHVRSN-UHFFFAOYSA-N
211,"1,3,7-trimethylpurine-2,6-dione",9.838849091,7234-45-9,Cn1cnc2N(C)C(=O)N(C)C(=O)c12,,,https://doi.org/10.1021/acs.est.1c04799,halogenated,Halogenated organics,"InChI=1S/C8H10N4O2/c1-10-4-9-6-5(10)7(13)12(3)8(14)11(6)2/h4H,1-3H3",RYYVLZVUVIJVGH-UHFFFAOYSA-N
212,"1,3-Cyclohexadiene",9.996073654,12108-25-7,C1=CCCC=C1,,,https://doi.org/10.1021/acs.est.1c04387,cyclo,Aromatic & PAHs,"InChI=1S/C6H8/c1-2-4-6-5-3-1/h1-4H,5-6H2",MGNZXYYWBUKAII-UHFFFAOYSA-N
213,"1,3-DIBROMOBENZENE",9.278753601,1616983-07-3,Brc1cccc(Br)c1,,,https://doi.org/10.1021/acs.est.1c05144,benzene,Aromatic & PAHs,InChI=1S/C6H4Br2/c7-5-2-1-3-6(8)4-5/h1-4H,JSRLURSZEMLAFO-UHFFFAOYSA-N
214,"1,3-DIOXOLANE",9.602059991,850348-64-0,C1COCO1,,,https://doi.org/10.1021/acs.est.1c04807,alcohol,Oxygenated organics,InChI=1S/C3H6O2/c1-2-5-3-4-1/h1-3H2,WNXJIVFYUVYPPR-UHFFFAOYSA-N
215,"1,3-Dibromobenzene",9.278753601,108-36-1,C1=CC(=CC(=C1)Br)Br,,,https://doi.org/10.1021/acsestengg.5c00564,halogenated,Halogenated organics,InChI=1S/C6H4Br2/c7-5-2-1-3-6(8)4-5/h1-4H,JSRLURSZEMLAFO-UHFFFAOYSA-N
216,"1,3-Dibromopropane",9.612783857,86318-33-4,BrCCCBr,,,https://doi.org/10.1021/acs.est.1c04795,halogenated,Halogenated organics,InChI=1S/C3H6Br2/c4-2-1-3-5/h1-3H2,VEFLKXRACNJHOV-UHFFFAOYSA-N
217,"1,3-Dichlorobenzene",9.342422681,541-73-1,Clc1cccc(Cl)c1,,,https://doi.org/10.1021/acs.est.1c05365,benzene,Aromatic & PAHs,InChI=1S/C6H4Cl2/c7-5-2-1-3-6(8)4-5/h1-4H,ZPQOPVIELGIULI-UHFFFAOYSA-N
218,"1,3-Dimethoxybenzene",9.857332496,27598-81-8,COc1cccc(OC)c1,,,https://doi.org/10.1021/acs.est.1c05076,alcohol,Oxygenated organics,"InChI=1S/C8H10O2/c1-9-7-4-3-5-8(6-7)10-2/h3-6H,1-2H3",DPZNOMCNRMUKPS-UHFFFAOYSA-N
219,"1,3-Dimethylbenzene",9.875061263,74724-33-7,Cc1cccc(C)c1,,,https://doi.org/10.1021/acs.est.1c04659,benzene,Aromatic & PAHs,"InChI=1S/C8H10/c1-7-4-3-5-8(2)6-7/h3-6H,1-2H3",IVSZLXZYQVIEFR-UHFFFAOYSA-N
220,"1,3-Dimethylindole",10.04139269,1227268-79-2,Cc1cn(C)c2ccccc12,,,https://doi.org/10.1021/acs.est.1c04554,cyclo,Aromatic & PAHs,"InChI=1S/C10H11N/c1-8-7-11(2)10-6-4-3-5-9(8)10/h3-7H,1-2H3",NAPPMSNSLWACIV-UHFFFAOYSA-N
221,"1,3-Dimethylthiourea",9.079181246,61805-96-7,CNC(=S)NC,,,https://doi.org/10.1021/acs.est.1c04341,halogenated,Halogenated organics,"InChI=1S/C3H8N2S/c1-4-3(6)5-2/h1-2H3,(H2,4,5,6)",VLCDUOXHFNUCKK-UHFFFAOYSA-N
222,"1,3-Dimethylurea",9.414973348,96-31-1,CNC(=O)NC,,,https://doi.org/10.1021/acs.est.1c04900,halogenated,Halogenated organics,"InChI=1S/C3H8N2O/c1-4-3(6)5-2/h1-2H3,(H2,4,5,6)",MGJKQDOBUOMPEZ-UHFFFAOYSA-N
223,"1,3-Dimethylxanthine",9.799340549,117490-40-1,Cn1c(=O)c2[nH]cnc2n(C)c1=O,,,https://doi.org/10.1021/acs.est.1c05381,cyclo,Aromatic & PAHs,"InChI=1S/C7H8N4O2/c1-10-5-4(8-3-9-5)6(12)11(2)7(10)13/h3H,1-2H3,(H,8,9)",ZFXYFBGIUFBOJW-UHFFFAOYSA-N
224,"1,3-Dinitrobenzene",9.041392685,20024-98-0,[O-][N+](=O)c1cccc(c1)[N+]([O-])=O,,,https://doi.org/10.1021/acs.est.1c04466,halogenated,Halogenated organics,InChI=1S/C6H4N2O4/c9-7(10)5-2-1-3-6(4-5)8(11)12/h1-4H,WDCYWAQPCXBPJA-UHFFFAOYSA-N
225,"1,3-butanediol",9.34,107-88-0,CC(O)CCO,7,25,https://doi.org/10.1021/acs.est.4c11950,alkane,Aliphatic hydrocarbons,"InChI=1S/C4H10O2/c1-4(6)2-3-5/h4-6H,2-3H2,1H3",PUPZLCDOIYMWBV-UHFFFAOYSA-N
226,"1,3-butanediol",9.342422681,107-88-0,CC(CCO)O,,,https://doi.org/10.1021/acsestengg.5c00162,alkane,Aliphatic hydrocarbons,"InChI=1S/C4H10O2/c1-4(6)2-3-5/h4-6H,2-3H2,1H3",PUPZLCDOIYMWBV-UHFFFAOYSA-N
227,"1,3-cyclohexadiene",10,12108-25-7,C1CC=CC=C1,7,25,https://doi.org/10.1021/acs.est.4c11950,cyclo,Aromatic & PAHs,"InChI=1S/C6H8/c1-2-4-6-5-3-1/h1-4H,5-6H2",MGNZXYYWBUKAII-UHFFFAOYSA-N
228,"1,3-dibromo-benzene",9.28,219926-41-7,Brc1cccc(Br)c1,7,25,NIST,benzene,Aromatic & PAHs,InChI=1S/C6H4Br2/c7-5-2-1-3-6(8)4-5/h1-4H,JSRLURSZEMLAFO-UHFFFAOYSA-N
229,"1,3-dibromopropane",9.612783857,109-64-8,C(CBr)CBr,,,https://doi.org/10.1021/acsestengg.5c00243,alkane,Aliphatic hydrocarbons,InChI=1S/C3H6Br2/c4-2-1-3-5/h1-3H2,VEFLKXRACNJHOV-UHFFFAOYSA-N
230,"1,3-dibromopropane",9.61,86318-33-4,BrCCCBr,0,25,https://doi.org/10.1021/acs.est.4c11950,halogenated,Halogenated organics,InChI=1S/C3H6Br2/c4-2-1-3-5/h1-3H2,VEFLKXRACNJHOV-UHFFFAOYSA-N
231,"1,3-dichlorobenzene",9.76,541-73-1,Clc1cccc(Cl)c1,3.5,25,NIST,benzene,Aromatic & PAHs,InChI=1S/C6H4Cl2/c7-5-2-1-3-6(8)4-5/h1-4H,ZPQOPVIELGIULI-UHFFFAOYSA-N
232,"1,3-dichlorobenzene",9.755874856,541-73-1,C1=CC(=CC(=C1)Cl)Cl,,,https://doi.org/10.1021/acsestengg.5c00407,halogenated,Halogenated organics,InChI=1S/C6H4Cl2/c7-5-2-1-3-6(8)4-5/h1-4H,ZPQOPVIELGIULI-UHFFFAOYSA-N
233,"1,3-dichlorobenzene",9.55,541-73-1,Clc1cccc(Cl)c1,7,25,NIST,benzene,Aromatic & PAHs,InChI=1S/C6H4Cl2/c7-5-2-1-3-6(8)4-5/h1-4H,ZPQOPVIELGIULI-UHFFFAOYSA-N
234,"1,3-dichlorobenzene",9.7,541-73-1,Clc1cccc(Cl)c1,8.7,25,NIST,benzene,Aromatic & PAHs,InChI=1S/C6H4Cl2/c7-5-2-1-3-6(8)4-5/h1-4H,ZPQOPVIELGIULI-UHFFFAOYSA-N
235,"1,3-dimethoxybenzene",9.86,27598-81-8,COc1cccc(OC)c1,6.5,25,https://doi.org/10.1021/acs.est.4c11950,alcohol,Oxygenated organics,"InChI=1S/C8H10O2/c1-9-7-4-3-5-8(6-7)10-2/h3-6H,1-2H3",DPZNOMCNRMUKPS-UHFFFAOYSA-N
236,"1,3-dimethoxybenzene",9.857332496,151-10-0,COC1=CC(=CC=C1)OC,,,https://doi.org/10.1021/acsestengg.5c00425,diol,Polyfunctional / highly functionalized,"InChI=1S/C8H10O2/c1-9-7-4-3-5-8(6-7)10-2/h3-6H,1-2H3",DPZNOMCNRMUKPS-UHFFFAOYSA-N
237,"1,3-dimethyl thiourea",9.079181246,534-13-4,CNC(=S)NC,,,https://doi.org/10.1021/acsestengg.5c00502,halogenated,Halogenated organics,"InChI=1S/C3H8N2S/c1-4-3(6)5-2/h1-2H3,(H2,4,5,6)",VLCDUOXHFNUCKK-UHFFFAOYSA-N
238,"1,3-dimethyl thiourea",9.08,72620-48-5,CNC(=S)NC,7,25,https://doi.org/10.1021/acs.est.4c11950,halogenated,Halogenated organics,"InChI=1S/C3H8N2S/c1-4-3(6)5-2/h1-2H3,(H2,4,5,6)",VLCDUOXHFNUCKK-UHFFFAOYSA-N
239,"1,3-dimethyl-7H-purine-2,6-dione",9.799340549,95646-60-9,CN1C(=O)N(C)c2nc[nH]c2C1=O,,,https://doi.org/10.1021/acs.est.1c04656,cyclo,Aromatic & PAHs,"InChI=1S/C7H8N4O2/c1-10-5-4(8-3-9-5)6(12)11(2)7(10)13/h3H,1-2H3,(H,8,9)",ZFXYFBGIUFBOJW-UHFFFAOYSA-N
240,"1,3-dimethylindole",10.04,1227268-79-2,Cn1cc(C)c2ccccc12,9,25,https://doi.org/10.1021/acs.est.4c11950,halogenated,Halogenated organics,"InChI=1S/C10H11N/c1-8-7-11(2)10-6-4-3-5-9(8)10/h3-7H,1-2H3",NAPPMSNSLWACIV-UHFFFAOYSA-N
241,"1,3-dimethyllumichrome",9.85,14684-48-1,Cc1cc2nc3c(=O)n(C)c(=O)n(C)c3nc2cc1C,7,25,NIST,cyclo,Aromatic & PAHs,"InChI=1S/C14H14N4O2/c1-7-5-9-10(6-8(7)2)16-12-11(15-9)13(19)18(4)14(20)17(12)3/h5-6H,1-4H3",YWHPEKPXGLQMJO-UHFFFAOYSA-N
242,"1,3-dimethylurea",9.41,96-31-1,CNC(=O)NC,7,25,https://doi.org/10.1021/acs.est.4c11950,halogenated,Halogenated organics,"InChI=1S/C3H8N2O/c1-4-3(6)5-2/h1-2H3,(H2,4,5,6)",MGJKQDOBUOMPEZ-UHFFFAOYSA-N
243,"1,3-dimethylurea",9.414973348,96-31-1,CNC(=O)NC,,,https://doi.org/10.1021/acsestengg.5c00503,halogenated,Halogenated organics,"InChI=1S/C3H8N2O/c1-4-3(6)5-2/h1-2H3,(H2,4,5,6)",MGJKQDOBUOMPEZ-UHFFFAOYSA-N
244,"1,3-dinitrobenzene",9.04,20024-98-0,O=[N+]([O-])c1cccc([N+](=O)[O-])c1,7,25,https://doi.org/10.1021/acs.est.4c11950,cyclo,Aromatic & PAHs,InChI=1S/C6H4N2O4/c9-7(10)5-2-1-3-6(4-5)8(11)12/h1-4H,WDCYWAQPCXBPJA-UHFFFAOYSA-N
245,"1,3-dioxolane",9.602059991,646-06-0,C1COCO1,,,https://doi.org/10.1021/acsestengg.5c00347,alcohol,Oxygenated organics,InChI=1S/C3H6O2/c1-2-5-3-4-1/h1-3H2,WNXJIVFYUVYPPR-UHFFFAOYSA-N
246,"1,3-dithiolane-2-thione",10.26,89019-65-8,S=C1SCCS1,7,25,https://doi.org/10.1021/acs.est.4c11950,"sulfide, disulfide",Sulfur-containing organics,InChI=1S/C3H4S3/c4-3-5-1-2-6-3/h1-2H2,XCWPBWWTGHQKDR-UHFFFAOYSA-N
247,"1,3-propanediol",9.397940009,504-63-2,C(CO)CO,,,https://doi.org/10.1021/acsestengg.5c00161,alkane,Aliphatic hydrocarbons,"InChI=1S/C3H8O2/c4-2-1-3-5/h4-5H,1-3H2",YPFDHNVEDLHUCE-UHFFFAOYSA-N
248,"1,3-propanediol",9.4,86318-32-3,OCCCO,9,25,https://doi.org/10.1021/acs.est.4c11950,alcohol,Oxygenated organics,"InChI=1S/C3H8O2/c4-2-1-3-5/h4-5H,1-3H2",YPFDHNVEDLHUCE-UHFFFAOYSA-N
249,"1,4,8,11-tetraazacyclotetradecanecadmium(II) ion",9.85,15158-11-9,C1CNCCNCCCNCCNC1.[Cd+2],7,25,NIST,cyclo,Aromatic & PAHs,"InChI=1S/C10H24N4.Cd/c1-3-11-7-9-13-5-2-6-14-10-8-12-4-1;/h11-14H,1-10H2;/q;+2",PVCKZNJRCKYOPM-UHFFFAOYSA-N
250,"1,4,8,11-tetraazacyclotetradecanezinc(II) ion",9.85,15158-11-9,C1CNCCNCCCNCCNC1.[Zn+2],7,25,NIST,cyclo,Aromatic & PAHs,"InChI=1S/C10H24N4.Zn/c1-3-11-7-9-13-5-2-6-14-10-8-12-4-1;/h11-14H,1-10H2;/q;+2",DUOOAKOSVLRCBW-UHFFFAOYSA-N
251,"1,4-Dibromobutane",9.812913357,1173019-27-6,BrCCCCBr,,,https://doi.org/10.1021/acs.est.1c04776,halogenated,Halogenated organics,InChI=1S/C4H8Br2/c5-3-1-2-4-6/h1-4H2,ULTHEAFYOOPTTB-UHFFFAOYSA-N
252,"1,4-Dichloro-2-nitrobenzene",9.079181246,1803714-82-0,[O-][N+](=O)c1cc(Cl)ccc1Cl,,,https://doi.org/10.1021/acs.est.1c05187,benzene,Aromatic & PAHs,InChI=1S/C6H3Cl2NO2/c7-4-1-2-5(8)6(3-4)9(10)11/h1-3H,RZKKOBGFCAHLCZ-UHFFFAOYSA-N
253,"1,4-Dichlorobenzene",9.73239376,201595-59-7,Clc1ccc(Cl)cc1,,,https://doi.org/10.1021/acs.est.1c05219,benzene,Aromatic & PAHs,InChI=1S/C6H4Cl2/c7-5-1-2-6(8)4-3-5/h1-4H,OCJBOOLMMGQPQU-UHFFFAOYSA-N
254,"1,4-Difluorobenzene",10,39422-94-1,Fc1ccc(F)cc1,,,https://doi.org/10.1021/acs.est.1c05057,benzene,Aromatic & PAHs,InChI=1S/C6H4F2/c7-5-1-2-6(8)4-3-5/h1-4H,QUGUFLJIAFISSW-UHFFFAOYSA-N
255,"1,4-Dimethoxybenzene",9.84509804,75626-18-5,COc1ccc(OC)cc1,,,https://doi.org/10.1021/acs.est.1c04434,alcohol,Oxygenated organics,"InChI=1S/C8H10O2/c1-9-7-3-5-8(10-2)6-4-7/h3-6H,1-2H3",OHBQPCCCRFSCAX-UHFFFAOYSA-N
256,"1,4-Dimethylbenzene",9.84509804,1214386-99-8,Cc1ccc(C)cc1,,,https://doi.org/10.1021/acs.est.1c04727,benzene,Aromatic & PAHs,"InChI=1S/C8H10/c1-7-3-5-8(2)6-4-7/h3-6H,1-2H3",URLKBWYHVLBVBO-UHFFFAOYSA-N
257,"1,4-Dioxane",9.397940009,123799-84-8,C1COCCO1,,,https://doi.org/10.1021/acs.est.1c05204,alcohol,Oxygenated organics,InChI=1S/C4H8O2/c1-2-6-4-3-5-1/h1-4H2,RYHBNJHYFVUHQT-UHFFFAOYSA-N
258,"1,4-Dithiane",10.25527251,66393-34-8,C1CSCCS1,,,https://doi.org/10.1021/acs.est.1c05049,"sulfide, disulfide",Sulfur-containing organics,InChI=1S/C4H8S2/c1-2-6-4-3-5-1/h1-4H2,LOZWAPSEEHRYPG-UHFFFAOYSA-N
259,"1,4-Pentadien-3-ol",10,89898-06-6,C=CC(O)C=C,,,https://doi.org/10.1021/acs.est.1c05398,halogenated,Halogenated organics,"InChI=1S/C5H8O/c1-3-5(6)4-2/h3-6H,1-2H2",ICMWSAALRSINTC-UHFFFAOYSA-N
260,"1,4-benzenedicarboxylate ion",9.52,245106-28-9,O=C([O-])c1ccc(C(=O)[O-])cc1,9,25,NIST,cyclo,Aromatic & PAHs,"InChI=1S/C8H6O4/c9-7(10)5-1-2-6(4-3-5)8(11)12/h1-4H,(H,9,10)(H,11,12)/p-2",KKEYFWRCBNTPAC-UHFFFAOYSA-L
261,"1,4-benzenediol",10.09,3900-96-7,Oc1ccc(O)cc1,7,25,https://doi.org/10.1021/acs.est.4c11950,alcohol,Oxygenated organics,"InChI=1S/C6H6O2/c7-5-1-2-6(8)4-3-5/h1-4,7-8H",QIGBRXMKCJKVMJ-UHFFFAOYSA-N
262,"1,4-benzoquinone",9.079181246,106-51-4,C1=CC(=O)C=CC1=O,,,https://doi.org/10.1021/acsestengg.5c00360,cyclo,Aromatic & PAHs,InChI=1S/C6H4O2/c7-5-1-2-6(8)4-3-5/h1-4H,AZQWKYJCGOJGHM-UHFFFAOYSA-N
263,"1,4-butanediol",9.51,1261398-94-0,OCCCCO,7,25,https://doi.org/10.1021/acs.est.4c11950,alcohol,Oxygenated organics,"InChI=1S/C4H10O2/c5-3-1-2-4-6/h5-6H,1-4H2",WERYXYBDKMZEQL-UHFFFAOYSA-N
264,"1,4-butanediol",9.505149978,110-63-4,C(CCO)CO,,,https://doi.org/10.1021/acsestengg.5c00163,alkane,Aliphatic hydrocarbons,"InChI=1S/C4H10O2/c5-3-1-2-4-6/h5-6H,1-4H2",WERYXYBDKMZEQL-UHFFFAOYSA-N
265,"1,4-cyclohexadiene",9.886490725,628-41-1,C1C=CCC=C1,,,https://doi.org/10.1021/acsestengg.5c00356,cyclo,Aromatic & PAHs,"InChI=1S/C6H8/c1-2-4-6-5-3-1/h1-2,5-6H,3-4H2",UVJHQYIOXKWHFD-UHFFFAOYSA-N
266,"1,4-cyclohexadiene",9.88592634,71786-20-4,C1=CCC=CC1,,,https://doi.org/10.1021/acs.est.1c04615,cyclo,Aromatic & PAHs,"InChI=1S/C6H8/c1-2-4-6-5-3-1/h1-2,5-6H,3-4H2",UVJHQYIOXKWHFD-UHFFFAOYSA-N
267,"1,4-cyclohexadiene",9.89,71786-20-4,C1C=CCC=C1,7,25,https://doi.org/10.1021/acs.est.4c11950,cyclo,Aromatic & PAHs,"InChI=1S/C6H8/c1-2-4-6-5-3-1/h1-2,5-6H,3-4H2",UVJHQYIOXKWHFD-UHFFFAOYSA-N
268,"1,4-diaminobutane",8.04,96839-26-8,NCCCCN,7.4,25,NIST,halogenated,Halogenated organics,InChI=1S/C4H12N2/c5-3-1-2-4-6/h1-6H2,KIDHWZJUCRJVML-UHFFFAOYSA-N
269,"1,4-diazabicyclo[2.2.2]octane",9.11,49563-87-3,C1CN2CCN1CC2,7.2,25,NIST,halogenated,Halogenated organics,InChI=1S/C6H12N2/c1-2-8-5-3-7(1)4-6-8/h1-6H2,IMNIMPAHZVJRPE-UHFFFAOYSA-N
270,"1,4-dibromobutane",9.81,1173019-27-6,BrCCCCBr,0,25,https://doi.org/10.1021/acs.est.4c11950,halogenated,Halogenated organics,InChI=1S/C4H8Br2/c5-3-1-2-4-6/h1-4H2,ULTHEAFYOOPTTB-UHFFFAOYSA-N
271,"1,4-dichlorobenzene",9.72,201595-59-7,Clc1ccc(Cl)cc1,3.5,25,https://doi.org/10.1021/acs.est.4c11950,benzene,Aromatic & PAHs,InChI=1S/C6H4Cl2/c7-5-1-2-6(8)4-3-5/h1-4H,OCJBOOLMMGQPQU-UHFFFAOYSA-N
272,"1,4-dichlorobenzene",9.73,201595-59-7,Clc1ccc(Cl)cc1,7,25,https://doi.org/10.1021/acs.est.4c11950,benzene,Aromatic & PAHs,InChI=1S/C6H4Cl2/c7-5-1-2-6(8)4-3-5/h1-4H,OCJBOOLMMGQPQU-UHFFFAOYSA-N
273,"1,4-dichlorobenzene",9.73239376,106-46-7,C1=CC(=CC=C1Cl)Cl,,,https://doi.org/10.1021/acsestengg.5c00408,halogenated,Halogenated organics,InChI=1S/C6H4Cl2/c7-5-1-2-6(8)4-3-5/h1-4H,OCJBOOLMMGQPQU-UHFFFAOYSA-N
274,"1,4-dicyanobenzene",8.892094603,623-26-7,C1=CC(=CC=C1C#N)C#N,,,https://doi.org/10.1021/acsestengg.5c00419,halogenated,Halogenated organics,InChI=1S/C8H4N2/c9-5-7-1-2-8(6-10)4-3-7/h1-4H,BHXFKXOIODIUJO-UHFFFAOYSA-N
275,"1,4-dicyanobenzene",8.89,2256760-63-9,N#Cc1ccc(cc1)C#N,7,25,https://doi.org/10.1021/acs.est.4c11950,halogenated,Halogenated organics,InChI=1S/C8H4N2/c9-5-7-1-2-8(6-10)4-3-7/h1-4H,BHXFKXOIODIUJO-UHFFFAOYSA-N
276,"1,4-dihydroxy-9,10-anthraquinone",10.11,40498-13-3,O=C1c2ccccc2C(=O)c2c(O)ccc(O)c21,11,25,NIST,benzene,Aromatic & PAHs,"InChI=1S/C14H8O4/c15-9-5-6-10(16)12-11(9)13(17)7-3-1-2-4-8(7)14(12)18/h1-6,15-16H",GUEIZVNYDFNHJU-UHFFFAOYSA-N
277,"1,4-dimethoxybenzene",9.85,75626-18-5,COc1ccc(OC)cc1,6.5,25,https://doi.org/10.1021/acs.est.4c11950,alcohol,Oxygenated organics,"InChI=1S/C8H10O2/c1-9-7-3-5-8(10-2)6-4-7/h3-6H,1-2H3",OHBQPCCCRFSCAX-UHFFFAOYSA-N
278,"1,4-dimethoxybenzene",9.84509804,150-78-7,COC1=CC=C(C=C1)OC,,,https://doi.org/10.1021/acsestengg.5c00426,diol,Polyfunctional / highly functionalized,"InChI=1S/C8H10O2/c1-9-7-3-5-8(10-2)6-4-7/h3-6H,1-2H3",OHBQPCCCRFSCAX-UHFFFAOYSA-N
279,"1,4-dioxane",9.45,123799-84-8,C1COCCO1,7,25,https://doi.org/10.1021/acs.est.4c11950,alcohol,Oxygenated organics,InChI=1S/C4H8O2/c1-2-6-4-3-5-1/h1-4H2,RYHBNJHYFVUHQT-UHFFFAOYSA-N
280,"1,4-dioxane",9.491361694,123-91-1,C1COCCO1,,,https://doi.org/10.1021/acsestengg.5c00342,alcohol,Oxygenated organics,InChI=1S/C4H8O2/c1-2-6-4-3-5-1/h1-4H2,RYHBNJHYFVUHQT-UHFFFAOYSA-N
281,"1,4-dioxolane",9.6,949090-01-1,C1COCO1,7,25,https://doi.org/10.1021/acs.est.4c11950,alcohol,Oxygenated organics,InChI=1S/C3H6O2/c1-2-5-3-4-1/h1-3H2,WNXJIVFYUVYPPR-UHFFFAOYSA-N
282,"1,4-dithiane",10.26,66393-34-8,C1CSCCS1,7,25,https://doi.org/10.1021/acs.est.4c11950,"sulfide, disulfide",Sulfur-containing organics,InChI=1S/C4H8S2/c1-2-6-4-3-5-1/h1-4H2,LOZWAPSEEHRYPG-UHFFFAOYSA-N
283,"1,4-dithiane",10.25527251,505-29-3,C1CSCCS1,,,https://doi.org/10.1021/acsestengg.5c00343,"sulfide, disulfide",Sulfur-containing organics,InChI=1S/C4H8S2/c1-2-6-4-3-5-1/h1-4H2,LOZWAPSEEHRYPG-UHFFFAOYSA-N
284,"1,4-pentadien-3-ol",10,89898-06-6,OC(C=C)C=C,7,25,https://doi.org/10.1021/acs.est.4c11950,alcohol,Oxygenated organics,"InChI=1S/C5H8O/c1-3-5(6)4-2/h3-6H,1-2H2",ICMWSAALRSINTC-UHFFFAOYSA-N
285,"1,5-Dibromopentane",9.92890769,36511-36-1,BrCCCCCBr,,,https://doi.org/10.1021/acs.est.1c05651,halogenated,Halogenated organics,InChI=1S/C5H10Br2/c6-4-2-1-3-5-7/h1-5H2,IBODDUNKEPPBKW-UHFFFAOYSA-N
286,"1,5-dibromopentane",9.93,36511-36-1,BrCCCCCBr,0,25,https://doi.org/10.1021/acs.est.4c11950,halogenated,Halogenated organics,InChI=1S/C5H10Br2/c6-4-2-1-3-5-7/h1-5H2,IBODDUNKEPPBKW-UHFFFAOYSA-N
287,"1,5-dihydroxy-9,10-anthraquinone monoanion",10.61,64809-73-0,O=C1c2cccc(O)c2C(=O)c2cccc(O)c21,11,25,NIST,benzene,Aromatic & PAHs,"InChI=1S/C14H8O4/c15-9-5-1-3-7-11(9)14(18)8-4-2-6-10(16)12(8)13(7)17/h1-6,15-16H",JPICKYUTICNNNJ-UHFFFAOYSA-N
288,"1,5-pentanediamine",8.46,176325-16-9,NCCCCCN,7.4,25,NIST,halogenated,Halogenated organics,InChI=1S/C5H14N2/c6-4-2-1-3-5-7/h1-7H2,VHRGRCVQAFMJIZ-UHFFFAOYSA-N
289,"1,5-pentanediol",9.556302501,111-29-5,C(CCO)CCO,,,https://doi.org/10.1021/acsestengg.5c00165,alkane,Aliphatic hydrocarbons,"InChI=1S/C5H12O2/c6-4-2-1-3-5-7/h6-7H,1-5H2",ALQSHHUCVQOPAS-UHFFFAOYSA-N
290,"1,5-pentanediol",9.56,21823-35-8,OCCCCCO,9,25,https://doi.org/10.1021/acs.est.4c11950,alcohol,Oxygenated organics,"InChI=1S/C5H12O2/c6-4-2-1-3-5-7/h6-7H,1-5H2",ALQSHHUCVQOPAS-UHFFFAOYSA-N
291,"1,6-Dibromohexane",10.23044892,62959-98-2,BrCCCCCCBr,,,https://doi.org/10.1021/acs.est.1c05271,halogenated,Halogenated organics,InChI=1S/C6H12Br2/c7-5-3-1-2-4-6-8/h1-6H2,SGRHVVLXEBNBDV-UHFFFAOYSA-N
292,"1,6-diazabicyclo[4.4.4]tetradecane",9.9,88928-65-8,C1CCN2CCCCN(C1)CCCC2,4,25,NIST,halogenated,Halogenated organics,InChI=1S/C12H24N2/c1-2-8-14-11-5-3-9-13(7-1)10-4-6-12-14/h1-12H2,YLHFEVRITKXXBJ-UHFFFAOYSA-N
293,"1,6-dibromohexane",10.23,62959-98-2,BrCCCCCCBr,0,25,https://doi.org/10.1021/acs.est.4c11950,halogenated,Halogenated organics,InChI=1S/C6H12Br2/c7-5-3-1-2-4-6-8/h1-6H2,SGRHVVLXEBNBDV-UHFFFAOYSA-N
294,"1,6-hexanediol",9.67,68937-29-1,OCCCCCCO,9,25,https://doi.org/10.1021/acs.est.4c11950,alcohol,Oxygenated organics,"InChI=1S/C6H14O2/c7-5-3-1-2-4-6-8/h7-8H,1-6H2",XXMIOPMDWAUFGU-UHFFFAOYSA-N
295,"1,6-hexanediol",9.672097858,629-11-8,C(CCCO)CCO,,,https://doi.org/10.1021/acsestengg.5c00167,alkane,Aliphatic hydrocarbons,"InChI=1S/C6H14O2/c7-5-3-1-2-4-6-8/h7-8H,1-6H2",XXMIOPMDWAUFGU-UHFFFAOYSA-N
296,"1,7-alpha-Ethinylestradiol",9.69019608,77538-56-8,C#C[C@]1(O)CC[C@H]2[C@@H]3CCc4cc(O)ccc4[C@H]3CC[C@@]21C,,,https://doi.org/10.1021/acs.est.1c04629,halogenated,Halogenated organics,"InChI=1S/C20H24O2/c1-3-20(22)11-9-18-17-6-4-13-12-14(21)5-7-15(13)16(17)8-10-19(18,20)2/h1,5,7,12,16-18,21-22H,4,6,8-11H2,2H3/t16-,17-,18+,19+,20+/m1/s1",BFPYWIDHMRZLRN-SLHNCBLASA-N
297,"1,7-alpha-ethinylestradiol",9.69,77538-56-8,C#C[C@]1(O)CC[C@H]2[C@@H]3CCc4cc(O)ccc4[C@H]3CC[C@@]21C,7,25,10.1016/j.chemosphere.2015.05.034,halogenated,Halogenated organics,"InChI=1S/C20H24O2/c1-3-20(22)11-9-18-17-6-4-13-12-14(21)5-7-15(13)16(17)8-10-19(18,20)2/h1,5,7,12,16-18,21-22H,4,6,8-11H2,2H3/t16-,17-,18+,19+,20+/m1/s1",BFPYWIDHMRZLRN-SLHNCBLASA-N
298,"1,7-beta-Estradiol",10.14921911,9032-76-2,C[C@]12CC[C@@H]3c4ccc(O)cc4CC[C@H]3[C@@H]1CC[C@@H]2O,,,https://doi.org/10.1021/acs.est.1c05010,halogenated,Halogenated organics,"InChI=1S/C18H24O2/c1-18-9-8-14-13-5-3-12(19)10-11(13)2-4-15(14)16(18)6-7-17(18)20/h3,5,10,14-17,19-20H,2,4,6-9H2,1H3/t14-,15-,16+,17+,18+/m1/s1",VOXZDWNPVJITMN-ZBRFXRBCSA-N
299,"1,7-beta-estradiol",10.15,9032-76-2,C[C@]12CC[C@@H]3c4ccc(O)cc4CC[C@H]3[C@@H]1CC[C@@H]2O,7,25,https://doi.org/10.1021/acs.est.4c11950,halogenated,Halogenated organics,"InChI=1S/C18H24O2/c1-18-9-8-14-13-5-3-12(19)10-11(13)2-4-15(14)16(18)6-7-17(18)20/h3,5,10,14-17,19-20H,2,4,6-9H2,1H3/t14-,15-,16+,17+,18+/m1/s1",VOXZDWNPVJITMN-ZBRFXRBCSA-N
300,"1,8-dihydroxy-9,10-anthraquinone monoanion",10.32,72036-12-5,O=C1c2cccc(O)c2C(=O)c2c(O)cccc21,11,25,NIST,benzene,Aromatic & PAHs,"InChI=1S/C14H8O4/c15-9-5-1-3-7-11(9)14(18)12-8(13(7)17)4-2-6-10(12)16/h1-6,15-16H",QBPFLULOKWLNNW-UHFFFAOYSA-N
301,"1-(2,3,4,5,6-pentafluorophenyl)ethanone",9.176091259,29107-98-0,CC(=O)c1c(F)c(F)c(F)c(F)c1F,,,https://doi.org/10.1021/acs.est.1c04705,benzene,Aromatic & PAHs,InChI=1S/C8H3F5O/c1-2(14)3-4(9)6(11)8(13)7(12)5(3)10/h1H3,FBGHCYZBCMDEOX-UHFFFAOYSA-N
302,"1-(2,4-Dihydroxyphenyl)ethanone",10.47712125,215868-43-2,CC(=O)c1ccc(O)cc1O,,,https://doi.org/10.1021/acs.est.1c05087,benzene,Aromatic & PAHs,"InChI=1S/C8H8O3/c1-5(9)7-3-2-6(10)4-8(7)11/h2-4,10-11H,1H3",SULYEHHGGXARJS-UHFFFAOYSA-N
303,"1-(2,5-Dihydroxyphenyl)ethanone",9.903089987,90110-31-9,CC(=O)c1cc(O)ccc1O,,,https://doi.org/10.1021/acs.est.1c04327,benzene,Aromatic & PAHs,"InChI=1S/C8H8O3/c1-5(9)7-4-6(10)2-3-8(7)11/h2-4,10-11H,1H3",WLDWSGZHNBANIO-UHFFFAOYSA-N
304,1-(2-Hydroxy-3-methoxypropyl)-2-nitroimidazole,9.851258349,143346-40-1,COCC(O)Cn1ccnc1[N+](=O)[O-],,,https://doi.org/10.1021/acs.est.1c04804,alcohol,Oxygenated organics,"InChI=1S/C7H11N3O4/c1-14-5-6(11)4-9-3-2-8-7(9)10(12)13/h2-3,6,11H,4-5H2,1H3",OBBCSXFCDPPXOL-UHFFFAOYSA-N
305,1-(2-Hydroxyethyl)-2-methyl-5-nitromidazole,9.740362689,439084-20-5,Cc1ncc([N+](=O)[O-])n1CCO,,,https://doi.org/10.1021/acs.est.1c04508,alkane,Aliphatic hydrocarbons,"InChI=1S/C6H9N3O3/c1-5-7-4-6(9(11)12)8(5)2-3-10/h4,10H,2-3H2,1H3",VAOCPAMSLUNLGC-UHFFFAOYSA-N
306,1-(2-amino-5-hydroxyphenyl)ethan-1-one,9.91,1380010-99-0,CC(=O)c1cc(O)ccc1N,7,25,https://doi.org/10.1021/acs.est.4c11950,benzene,Aromatic & PAHs,"InChI=1S/C8H9NO2/c1-5(10)7-4-6(11)2-3-8(7)9/h2-4,11H,9H2,1H3",UAYRCOSFOXJQAB-UHFFFAOYSA-N
307,1-(2-amino-5-hydroxyphenyl)ethan-1-one,9.908485019,1380010-99-0,CC(=O)c1cc(O)ccc1N,,,https://doi.org/10.1021/acs.est.1c04751,benzene,Aromatic & PAHs,"InChI=1S/C8H9NO2/c1-5(10)7-4-6(11)2-3-8(7)9/h2-4,11H,9H2,1H3",UAYRCOSFOXJQAB-UHFFFAOYSA-N
308,1-(2-hydroxyethyl)-2-methyl-5-nitroimidazolenickel(II),9.61,1323137-60-5,O=[N+]([O-])c1cnc(CO)n1CCO,7,25,NIST,halogenated,Halogenated organics,"InChI=1S/C6H9N3O4/c10-2-1-8-5(4-11)7-3-6(8)9(12)13/h3,10-11H,1-2,4H2",AEHPOYAOLCAMIU-UHFFFAOYSA-N
309,1-(2-hydroxyethyl)-2-methyl-5-nitromidazole,9.74,439084-20-5,Cc1ncc([N+](=O)[O-])n1CCO,7,25,https://doi.org/10.1021/acs.est.4c11950,alkane,Aliphatic hydrocarbons,"InChI=1S/C6H9N3O3/c1-5-7-4-6(9(11)12)8(5)2-3-10/h4,10H,2-3H2,1H3",VAOCPAMSLUNLGC-UHFFFAOYSA-N
310,"1-(3,4-dihydroxyphenyl)ethanone",10,721875-94-1,CC(=O)c1ccc(O)c(O)c1,,,https://doi.org/10.1021/acs.est.1c04333,benzene,Aromatic & PAHs,"InChI=1S/C8H8O3/c1-5(9)6-2-3-7(10)8(11)4-6/h2-4,10-11H,1H3",UCQUAMAQHHEXGD-UHFFFAOYSA-N
311,"1-(3-diethylamino)propylamino-5,11-dimethyl-9-hydroxypyrido[4,3-b]carbazole",9.6,72238-05-2,CCN(CC)CCCNc1nccc2c(C)c3[nH]c4ccc(O)cc4c3c(C)c12,7,25,NIST,cyclo,Aromatic & PAHs,"InChI=1S/C24H30N4O/c1-5-28(6-2)13-7-11-25-24-22-16(4)21-19-14-17(29)8-9-20(19)27-23(21)15(3)18(22)10-12-26-24/h8-10,12,14,27,29H,5-7,11,13H2,1-4H3,(H,25,26)",CPRASSMXAHKLHY-UHFFFAOYSA-N
312,"1-(3-diethylamino)propylamino-5,11-dimethyl-9-methoxypyrido[4,3-b]carbazole",9.65,74861-72-6,CCN(CC)CCCNc1nccc2c(C)c3[nH]c4ccc(OC)cc4c3c(C)c12.O=C(O)/C=C\C(=O)O.O=C(O)/C=C\C(=O)O,7,25,NIST,diol,Polyfunctional / highly functionalized,"InChI=1S/C25H32N4O.2C4H4O4/c1-6-29(7-2)14-8-12-26-25-23-17(4)22-20-15-18(30-5)9-10-21(20)28-24(22)16(3)19(23)11-13-27-25;2*5-3(6)1-2-4(7)8/h9-11,13,15,28H,6-8,12,14H2,1-5H3,(H,26,27);2*1-2H,(H,5,6)(H,7,8)/b;2*2-1-",WGWHHUGEYVPMGY-SPIKMXEPSA-N
313,"1-(3-diethylamino)propylamino-5,6,11-trimethyl-9-hydroxypyrido[4,3-b]carbazole",9.6,111674-76-1,CCN(CC)CCCNc1nccc2c(C)c3c(c(C)c12)c1cc(O)ccc1n3C,7,25,NIST,benzene,Aromatic & PAHs,"InChI=1S/C25H32N4O/c1-6-29(7-2)14-8-12-26-25-23-17(4)22-20-15-18(30)9-10-21(20)28(5)24(22)16(3)19(23)11-13-27-25/h9-11,13,15,30H,6-8,12,14H2,1-5H3,(H,26,27)",WSMYEMDZCLVLJH-UHFFFAOYSA-N
314,1-(4-nitrophenyl)ethanone,9.51851394,110944-98-4,CC(=O)c1ccc(cc1)[N+]([O-])=O,,,https://doi.org/10.1021/acs.est.1c04971,alkane,Aliphatic hydrocarbons,"InChI=1S/C8H7NO3/c1-6(10)7-2-4-8(5-3-7)9(11)12/h2-5H,1H3",YQYGPGKTNQNXMH-UHFFFAOYSA-N
315,"1-(dihydrogen phosphate)-1,2,3-Propanetriol",9.69,17670-05-2,O=P(O)(O)OCC(O)CO,7,25,NIST,diol,Polyfunctional / highly functionalized,"InChI=1S/C3H9O6P/c4-1-3(5)2-9-10(6,7)8/h3-5H,1-2H2,(H2,6,7,8)",AWUCVROLDVIAJX-UHFFFAOYSA-N
316,"1-(dihydrogen phosphate)-1,2,3-Propanetriol",9.78,17670-05-2,O=P(O)(O)OCC(O)CO,4,25,NIST,diol,Polyfunctional / highly functionalized,"InChI=1S/C3H9O6P/c4-1-3(5)2-9-10(6,7)8/h3-5H,1-2H2,(H2,6,7,8)",AWUCVROLDVIAJX-UHFFFAOYSA-N
317,1-(ethoxy-methylphosphoryl)oxyethane,8.77815125,32288-17-8,CCO[P](C)(=O)OCC,,,https://doi.org/10.1021/acs.est.1c04485,alcohol,Oxygenated organics,"InChI=1S/C5H13O3P/c1-4-7-9(3,6)8-5-2/h4-5H2,1-3H3",NYYLZXREFNYPKB-UHFFFAOYSA-N
318,1-(p-Bromophenyl)ethanol,9.785329835,14703-92-5,CC(O)c1ccc(Br)cc1,,,https://doi.org/10.1021/acs.est.1c04338,benzene,Aromatic & PAHs,"InChI=1S/C8H9BrO/c1-6(10)7-2-4-8(9)5-3-7/h2-6,10H,1H3",XTDTYSBVMBQIBT-UHFFFAOYSA-N
319,1-(p-Cyanophenyl)ethanol,9.397940009,33232-88-1,CC(O)c1ccc(C#N)cc1,,,https://doi.org/10.1021/acs.est.1c04905,benzene,Aromatic & PAHs,"InChI=1S/C9H9NO/c1-7(11)9-4-2-8(6-10)3-5-9/h2-5,7,11H,1H3",XGAVOODMMBMCKV-UHFFFAOYSA-N
320,1-(p-Ethylphenyl)ethanol,10.11394335,688763-11-3,CCc1ccc(C(C)O)cc1,,,https://doi.org/10.1021/acs.est.1c05601,cyclo,Aromatic & PAHs,"InChI=1S/C10H14O/c1-3-9-4-6-10(7-5-9)8(2)11/h4-8,11H,3H2,1-2H3",HZFBZEOPUXCNHK-UHFFFAOYSA-N
321,1-(p-bromophenyl)ethanol,9.79,14703-92-5,CC(O)c1ccc(Br)cc1,1.8,25,https://doi.org/10.1021/acs.est.4c11950,benzene,Aromatic & PAHs,"InChI=1S/C8H9BrO/c1-6(10)7-2-4-8(9)5-3-7/h2-6,10H,1H3",XTDTYSBVMBQIBT-UHFFFAOYSA-N
322,1-(p-ethylphenyl)ethanol,10.11,688763-11-3,CCC1=CC=C(C=C1)C(C)O,1.8,25,https://doi.org/10.1021/acs.est.4c11950,alkane,Aliphatic hydrocarbons,"InChI=1S/C10H14O/c1-3-9-4-6-10(7-5-9)8(2)11/h4-8,11H,3H2,1-2H3",HZFBZEOPUXCNHK-UHFFFAOYSA-N
323,"1-BROMO-2,3-DICHLOROPROPANE",8.86332286,33037-07-9,ClCC(Cl)CBr,,,https://doi.org/10.1021/acs.est.1c05437,halogenated,Halogenated organics,"InChI=1S/C3H5BrCl2/c4-1-3(6)2-5/h3H,1-2H2",CSZDDLQVWPKXTC-UHFFFAOYSA-N
324,1-Bromo-2-chlorobenzene,9.301029996,1208077-22-8,Clc1ccccc1Br,,,https://doi.org/10.1021/acs.est.1c04837,benzene,Aromatic & PAHs,InChI=1S/C6H4BrCl/c7-5-3-1-2-4-6(5)8/h1-4H,QBELEDRHMPMKHP-UHFFFAOYSA-N
325,1-Bromo-2-chlorobenzene,9.301029996,694-80-4,C1=CC=C(C(=C1)Cl)Br,,,https://doi.org/10.1021/acsestengg.5c00554,halogenated,Halogenated organics,InChI=1S/C6H4BrCl/c7-5-3-1-2-4-6(5)8/h1-4H,QBELEDRHMPMKHP-UHFFFAOYSA-N
326,1-Bromo-2-methylbenzene,9.230448921,1700550-43-1,Cc1ccccc1Br,,,https://doi.org/10.1021/acs.est.1c05442,benzene,Aromatic & PAHs,"InChI=1S/C7H7Br/c1-6-4-2-3-5-7(6)8/h2-5H,1H3",QSSXJPIWXQTSIX-UHFFFAOYSA-N
327,1-Bromo-3-chloropropane,9.301029996,1173018-46-6,ClCCCBr,,,https://doi.org/10.1021/acs.est.1c05462,halogenated,Halogenated organics,InChI=1S/C3H6BrCl/c4-2-1-3-5/h1-3H2,MFESCIUQSIBMSM-UHFFFAOYSA-N
328,1-Bromo-3-methylbenzene,9.69019608,1369833-16-8,Cc1cccc(Br)c1,,,https://doi.org/10.1021/acs.est.1c05612,benzene,Aromatic & PAHs,"InChI=1S/C7H7Br/c1-6-3-2-4-7(8)5-6/h2-5H,1H3",WJIFKOVZNJTSGO-UHFFFAOYSA-N
329,1-Bromo-4-methylbenzene,9.462397998,1700550-43-1,Cc1ccc(Br)cc1,,,https://doi.org/10.1021/acs.est.1c05142,benzene,Aromatic & PAHs,"InChI=1S/C7H7Br/c1-6-2-4-7(8)5-3-6/h2-5H,1H3",ZBTMRBYMKUEVEU-UHFFFAOYSA-N
330,1-Bromobutane,8.176091259,1219805-80-7,CCCCBr,,,https://doi.org/10.1021/acs.est.1c05384,alkane,Aliphatic hydrocarbons,"InChI=1S/C4H9Br/c1-2-3-4-5/h2-4H2,1H3",MPPPKRYCTPRNTB-UHFFFAOYSA-N
331,1-Bromopentane,8.079181246,130321-66-3,CCCCCBr,,,https://doi.org/10.1021/acs.est.1c04628,alkane,Aliphatic hydrocarbons,"InChI=1S/C5H11Br/c1-2-3-4-5-6/h2-5H2,1H3",YZWKKMVJZFACSU-UHFFFAOYSA-N
332,1-Bromopropane,8.230448921,106-94-5,CCCBr,,,https://doi.org/10.1021/acs.est.1c04785,alkane,Aliphatic hydrocarbons,"InChI=1S/C3H7Br/c1-2-3-4/h2-3H2,1H3",CYNYIHKIEHGYOZ-UHFFFAOYSA-N
333,1-CHLORO-3-METHOXYBENZENE,9.968482949,1261808-32-5,COc1cccc(Cl)c1,,,https://doi.org/10.1021/acs.est.1c05036,alcohol,Oxygenated organics,"InChI=1S/C7H7ClO/c1-9-7-4-2-3-6(8)5-7/h2-5H,1H3",YUKILTJWFRTXGB-UHFFFAOYSA-N
334,1-CHLOROPROPANE,9.397940009,1173018-46-6,CCCCl,,,https://doi.org/10.1021/acs.est.1c05300,alkane,Aliphatic hydrocarbons,"InChI=1S/C3H7Cl/c1-2-3-4/h2-3H2,1H3",SNMVRZFUUCLYTO-UHFFFAOYSA-N
335,"1-Chloro-2,4-dinitrobenzene",8.910090546,882513-65-7,O=[N+]([O-])c1ccc(Cl)c([N+](=O)[O-])c1,,,https://doi.org/10.1021/acs.est.1c05425,cyclo,Aromatic & PAHs,InChI=1S/C6H3ClN2O4/c7-5-2-1-4(8(10)11)3-6(5)9(12)13/h1-3H,VYZAHLCBVHPDDF-UHFFFAOYSA-N
336,1-Chloro-2-(chloromethyl)benzene,9.612783857,640296-73-7,ClCc1ccccc1Cl,,,https://doi.org/10.1021/acs.est.1c05634,benzene,Aromatic & PAHs,"InChI=1S/C7H6Cl2/c8-5-6-3-1-2-4-7(6)9/h1-4H,5H2",BASMANVIUSSIIM-UHFFFAOYSA-N
337,1-Chloro-2-methylbenzene,9.812913357,357292-37-6,Cc1ccccc1Cl,,,https://doi.org/10.1021/acs.est.1c05117,benzene,Aromatic & PAHs,"InChI=1S/C7H7Cl/c1-6-4-2-3-5-7(6)8/h2-5H,1H3",IBSQPLPBRSHTTG-UHFFFAOYSA-N
338,1-Chloro-3-fluoro-2-methylbenzene,9.62324929,2379321-88-5,Cc1c(F)cccc1Cl,,,https://doi.org/10.1021/acs.est.1c05328,benzene,Aromatic & PAHs,"InChI=1S/C7H6ClF/c1-5-6(8)3-2-4-7(5)9/h2-4H,1H3",FNPVYRJTBXHIPB-UHFFFAOYSA-N
339,1-Chloro-3-fluorobenzene,9.681241237,208186-78-1,Fc1cccc(Cl)c1,,,https://doi.org/10.1021/acs.est.1c04486,benzene,Aromatic & PAHs,InChI=1S/C6H4ClF/c7-5-2-1-3-6(8)4-5/h1-4H,VZHJIJZEOCBKRA-UHFFFAOYSA-N
340,1-Chloro-3-iodopropane,9.672097858,1909309-69-8,ClCCCI,,,https://doi.org/10.1021/acs.est.1c04762,halogenated,Halogenated organics,InChI=1S/C3H6ClI/c4-2-1-3-5/h1-3H2,SFOYQZYQTQDRIY-UHFFFAOYSA-N
341,1-Chloro-3-methylbenzene,9.544068044,344612-25-5,Cc1cccc(Cl)c1,,,https://doi.org/10.1021/acs.est.1c04825,benzene,Aromatic & PAHs,"InChI=1S/C7H7Cl/c1-6-3-2-4-7(8)5-6/h2-5H,1H3",OSOUNOBYRMOXQQ-UHFFFAOYSA-N
342,1-Chloro-4-methylbenzene,9.740362689,357292-37-6,Cc1ccc(Cl)cc1,,,https://doi.org/10.1021/acs.est.1c04472,benzene,Aromatic & PAHs,"InChI=1S/C7H7Cl/c1-6-2-4-7(8)5-3-6/h2-5H,1H3",NPDACUSDTOMAMK-UHFFFAOYSA-N
343,1-Chloro-4-nitrobenzene,9.113943352,1221424-66-3,[O-][N+](=O)c1ccc(Cl)cc1,,,https://doi.org/10.1021/acs.est.1c05282,benzene,Aromatic & PAHs,InChI=1S/C6H4ClNO2/c7-5-1-3-6(4-2-5)8(9)10/h1-4H,CZGCEKJOLUNIFY-UHFFFAOYSA-N
344,1-Chlorobutane,9.531478917,1219803-72-1,CCCCCl,,,https://doi.org/10.1021/acs.est.1c04894,alkane,Aliphatic hydrocarbons,"InChI=1S/C4H9Cl/c1-2-3-4-5/h2-4H2,1H3",VFWCMGCRMGJXDK-UHFFFAOYSA-N
345,1-ETHOXY-2-(2-ETHOXYETHOXY)ETHANE,9.505149978,215181-72-9,CCOCCOCCOCC,,,https://doi.org/10.1021/acs.est.1c05355,diol,Polyfunctional / highly functionalized,"InChI=1S/C8H18O3/c1-3-9-5-7-11-8-6-10-4-2/h3-8H2,1-2H3",RRQYJINTUHWNHW-UHFFFAOYSA-N
346,1-Ethyl-2-pyrrolidinone,9.414973348,199851-83-7,CCN1CCCC1=O,,,https://doi.org/10.1021/acs.est.1c05055,alkane,Aliphatic hydrocarbons,"InChI=1S/C6H11NO/c1-2-7-5-3-4-6(7)8/h2-5H2,1H3",ZFPGARUNNKGOBB-UHFFFAOYSA-N
347,"1-Methyl-2,4-dinitrobenzene",9.149219113,957758-21-3,Cc1ccc(cc1[N+]([O-])=O)[N+]([O-])=O,,,https://doi.org/10.1021/acs.est.1c05379,alkane,Aliphatic hydrocarbons,"InChI=1S/C7H6N2O4/c1-5-2-3-6(8(10)11)4-7(5)9(12)13/h2-4H,1H3",RMBFBMJGBANMMK-UHFFFAOYSA-N
348,1-Methyl-2-pyrrolidinone,9.414973348,321572-55-8,CN1CCCC1=O,,,https://doi.org/10.1021/acs.est.1c05536,halogenated,Halogenated organics,"InChI=1S/C5H9NO/c1-6-4-2-3-5(6)7/h2-4H2,1H3",SECXISVLQFMRJM-UHFFFAOYSA-N
349,1-Methyl-3-nitrobenzene,9.910090546,142509-31-7,Cc1cccc(c1)[N+]([O-])=O,,,https://doi.org/10.1021/acs.est.1c04468,alkane,Aliphatic hydrocarbons,"InChI=1S/C7H7NO2/c1-6-3-2-4-7(5-6)8(9)10/h2-5H,1H3",QZYHIOPPLUPUJF-UHFFFAOYSA-N
350,1-Methylimidazole,9.908485019,37067-97-3,Cn1ccnc1,,,https://doi.org/10.1021/acs.est.1c05603,halogenated,Halogenated organics,"InChI=1S/C4H6N2/c1-6-3-2-5-4-6/h2-4H,1H3",MCTWTZJPVLRJOU-UHFFFAOYSA-N
351,1-Methylindole,10.13033377,173345-59-0,Cn1ccc2ccccc12,,,https://doi.org/10.1021/acs.est.1c05313,halogenated,Halogenated organics,"InChI=1S/C9H9N/c1-10-7-6-8-4-2-3-5-9(8)10/h2-7H,1H3",BLRHMMGNCXNXJL-UHFFFAOYSA-N
352,1-Naphthol,10.11394335,90-15-3,C1=CC=C2C(=C1)C=CC=C2O,,,https://doi.org/10.1021/acsestengg.5c00571,cyclo,Aromatic & PAHs,"InChI=1S/C10H8O/c11-10-7-3-5-8-4-1-2-6-9(8)10/h1-7,11H",KJCVRFUGPWSIIH-UHFFFAOYSA-N
353,1-Nitropropane,8.397940009,108-03-2,CCC[N+]([O-])=O,,,https://doi.org/10.1021/acs.est.1c04820,alkane,Aliphatic hydrocarbons,"InChI=1S/C3H7NO2/c1-2-3-4(5)6/h2-3H2,1H3",JSZOAYXJRCEYSX-UHFFFAOYSA-N
354,1-Nitrosopiperidine,9.474216264,99389-11-4,O=NN1CCCCC1,,,https://doi.org/10.1021/acs.est.1c04803,pyridine,Heterocycles,InChI=1S/C5H10N2O/c8-6-7-4-2-1-3-5-7/h1-5H2,UWSDONTXWQOZFN-UHFFFAOYSA-N
355,1-Nitrosopyrrolidine,9.243038049,57371-40-1,O=NN1CCCC1,,,https://doi.org/10.1021/acs.est.1c04711,halogenated,Halogenated organics,InChI=1S/C4H8N2O/c7-5-6-3-1-2-4-6/h1-4H2,WNYADZVDBIBLJJ-UHFFFAOYSA-N
356,1-Octanol,9.886490725,111-87-5,CCCCCCCCO,,,https://doi.org/10.1021/acsestengg.5c00547,alkane,Aliphatic hydrocarbons,"InChI=1S/C8H18O/c1-2-3-4-5-6-7-8-9/h9H,2-8H2,1H3",KBPLFHHGFOOTCA-UHFFFAOYSA-N
357,1-Pentanol,9.591064607,71-41-0,CCCCCO,,,https://doi.org/10.1021/acsestengg.5c00545,alkane,Aliphatic hydrocarbons,"InChI=1S/C5H12O/c1-2-3-4-5-6/h6H,2-5H2,1H3",AMQJEAYHLZJPGS-UHFFFAOYSA-N
358,1-Penten-3-one,9.670245853,96546-66-6,C=CC(=O)CC,,,https://doi.org/10.1021/acs.est.1c04860,halogenated,Halogenated organics,"InChI=1S/C5H8O/c1-3-5(6)4-2/h3H,1,4H2,2H3",JLIDVCMBCGBIEY-UHFFFAOYSA-N
359,1-Phenyl-3-butanol,10.30103,4426-63-5,CC(O)CCc1ccccc1,,,https://doi.org/10.1021/acs.est.1c05585,benzene,Aromatic & PAHs,"InChI=1S/C10H14O/c1-9(11)7-8-10-5-3-2-4-6-10/h2-6,9,11H,7-8H2,1H3",GDWRKZLROIFUML-UHFFFAOYSA-N
360,1-Phenylethanone,9.812913357,68527-49-1,CC(=O)c1ccccc1,,,https://doi.org/10.1021/acs.est.1c04635,benzene,Aromatic & PAHs,"InChI=1S/C8H8O/c1-7(9)8-5-3-2-4-6-8/h2-6H,1H3",KWOLFJPFCHCOCG-UHFFFAOYSA-N
361,1-Phenylpropan-1-ol,10,102439-90-7,CCC(O)c1ccccc1,,,https://doi.org/10.1021/acs.est.1c05280,benzene,Aromatic & PAHs,"InChI=1S/C9H12O/c1-2-9(10)8-6-4-3-5-7-8/h3-7,9-10H,2H2,1H3",DYUQAZSOFZSPHD-UHFFFAOYSA-N
362,1-Phenylpropan-2-ol,10.32221929,102439-90-7,CC(O)Cc1ccccc1,,,https://doi.org/10.1021/acs.est.1c05474,benzene,Aromatic & PAHs,"InChI=1S/C9H12O/c1-8(10)7-9-5-3-2-4-6-9/h2-6,8,10H,7H2,1H3",WYTRYIUQUDTGSX-UHFFFAOYSA-N
363,"1-[(5-nitrofuran-2-yl)methylideneamino]imidazolidine-2,4-dione",9.968482949,1749-92-4,[O-][N+](=O)c1oc(cc1)/C=N/N2CC(=O)NC2=O,,,https://doi.org/10.1021/acs.est.1c05039,diol,Polyfunctional / highly functionalized,"InChI=1S/C8H6N4O5/c13-6-4-11(8(14)10-6)9-3-5-1-2-7(17-5)12(15)16/h1-3H,4H2,(H,10,13,14)/b9-3+",NXFQHRVNIOXGAQ-YCRREMRBSA-N
364,1-[4-(2-methoxyethyl)phenoxy]-3-(propan-2-ylamino)propan-2-ol,9.859738566,51170-01-5,COCCc1ccc(OCC(O)CNC(C)C)cc1,,,https://doi.org/10.1021/acs.est.1c04845,alcohol,Oxygenated organics,"InChI=1S/C15H25NO3/c1-12(2)16-10-14(17)11-19-15-6-4-13(5-7-15)8-9-18-3/h4-7,12,14,16-17H,8-11H2,1-3H3",IUBSYMUCCVWXPE-UHFFFAOYSA-N
365,"1-amino-4-anilino-9,10-anthraquinone-2-sulfonate ion",10.04,26687-58-1,CCN=C1C=CC(C(c2ccc(NCC)c(C)c2)c2ccc(S(=O)(=O)[O-])cc2S(=O)(=O)O)C=C1C.[Na+],7,25,NIST,"sulfide, disulfide",Sulfur-containing organics,"InChI=1S/C25H30N2O6S2.Na/c1-5-26-22-11-7-18(13-16(22)3)25(19-8-12-23(27-6-2)17(4)14-19)21-10-9-20(34(28,29)30)15-24(21)35(31,32)33;/h7-15,18,25,27H,5-6H2,1-4H3,(H,28,29,30)(H,31,32,33);/q;+1/p-1",VULXHBYNAGMUEJ-UHFFFAOYSA-M
366,"1-amino-4-anilino-9,10-anthraquinone-2-sulfonate ion",10,26687-58-1,CCN=C1C=CC(C(c2ccc(NCC)c(C)c2)c2ccc(S(=O)(=O)[O-])cc2S(=O)(=O)O)C=C1C.[Na+],5,25,NIST,"sulfide, disulfide",Sulfur-containing organics,"InChI=1S/C25H30N2O6S2.Na/c1-5-26-22-11-7-18(13-16(22)3)25(19-8-12-23(27-6-2)17(4)14-19)21-10-9-20(34(28,29)30)15-24(21)35(31,32)33;/h7-15,18,25,27H,5-6H2,1-4H3,(H,28,29,30)(H,31,32,33);/q;+1/p-1",VULXHBYNAGMUEJ-UHFFFAOYSA-M
367,1-aminonaphthalene-4-sulfonate ion,9.86,27931-06-2,Nc1ccc(S(=O)(=O)[O-])c2ccccc12,7,25,NIST,cyclo,Aromatic & PAHs,"InChI=1S/C10H9NO3S/c11-9-5-6-10(15(12,13)14)8-4-2-1-3-7(8)9/h1-6H,11H2,(H,12,13,14)/p-1",NRZRRZAVMCAKEP-UHFFFAOYSA-M
368,1-bromo-2-chlorobenzene,9.3,1208077-22-8,Clc1ccccc1Br,7,25,NIST,benzene,Aromatic & PAHs,InChI=1S/C6H4BrCl/c7-5-3-1-2-4-6(5)8/h1-4H,QBELEDRHMPMKHP-UHFFFAOYSA-N
369,1-bromo-2-chloroethane,9.65,1219795-52-4,ClCCBr,0,25,https://doi.org/10.1021/acs.est.4c11950,halogenated,Halogenated organics,InChI=1S/C2H4BrCl/c3-1-2-4/h1-2H2,IBYHHJPAARCAIE-UHFFFAOYSA-N
370,1-bromo-2-chloroethyne,9.653212514,25604-70-0,ClCCBr,,,https://doi.org/10.1021/acs.est.1c05285,halogenated,Halogenated organics,InChI=1S/C2H4BrCl/c3-1-2-4/h1-2H2,IBYHHJPAARCAIE-UHFFFAOYSA-N
371,1-bromo-3-chloropropane,9.3,1173018-46-6,ClCCCBr,0,25,https://doi.org/10.1021/acs.est.4c11950,halogenated,Halogenated organics,InChI=1S/C3H6BrCl/c4-2-1-3-5/h1-3H2,MFESCIUQSIBMSM-UHFFFAOYSA-N
372,1-bromobutane,8.18,1219805-80-7,CCCCBr,7,25,https://doi.org/10.1021/acs.est.4c11950,alkane,Aliphatic hydrocarbons,"InChI=1S/C4H9Br/c1-2-3-4-5/h2-4H2,1H3",MPPPKRYCTPRNTB-UHFFFAOYSA-N
373,1-bromopentane,8.08,130321-66-3,CCCCCBr,7,25,https://doi.org/10.1021/acs.est.4c11950,alkane,Aliphatic hydrocarbons,"InChI=1S/C5H11Br/c1-2-3-4-5-6/h2-5H2,1H3",YZWKKMVJZFACSU-UHFFFAOYSA-N
374,1-bromopropane,8.23,106-94-5,CCCBr,7,25,https://doi.org/10.1021/acs.est.4c11950,alkane,Aliphatic hydrocarbons,"InChI=1S/C3H7Br/c1-2-3-4/h2-3H2,1H3",CYNYIHKIEHGYOZ-UHFFFAOYSA-N
375,1-butanol,9.61,31061-75-3,CCCCO,5.8,25,https://doi.org/10.1021/acs.est.4c11950,alkane,Aliphatic hydrocarbons,"InChI=1S/C4H10O/c1-2-3-4-5/h5H,2-4H2,1H3",LRHPLDYGYMQRHN-UHFFFAOYSA-N
376,1-butanol,9.62324929,71-36-3,CCCCO,,,https://doi.org/10.1021/acsestengg.5c00147,alkane,Aliphatic hydrocarbons,"InChI=1S/C4H10O/c1-2-3-4-5/h5H,2-4H2,1H3",LRHPLDYGYMQRHN-UHFFFAOYSA-N
377,1-butanol,9.6,31061-75-3,CCCCO,7,25,https://doi.org/10.1021/acs.est.4c11950,alkane,Aliphatic hydrocarbons,"InChI=1S/C4H10O/c1-2-3-4-5/h5H,2-4H2,1H3",LRHPLDYGYMQRHN-UHFFFAOYSA-N
378,1-butene,9.84509804,61788-35-0,C=CCC,,,https://doi.org/10.1021/acs.est.1c04676,halogenated,Halogenated organics,"InChI=1S/C4H8/c1-3-4-2/h3H,1,4H2,2H3",VXNZUUAINFGPBY-UHFFFAOYSA-N
379,1-butene,9.84509804,106-98-9,CCC=C,,,https://doi.org/10.1021/acsestengg.5c00353,alkane,Aliphatic hydrocarbons,"InChI=1S/C4H8/c1-3-4-2/h3H,1,4H2,2H3",VXNZUUAINFGPBY-UHFFFAOYSA-N
380,1-butene,9.85,61788-35-0,CCC=C,7,25,https://doi.org/10.1021/acs.est.4c11950,alkane,Aliphatic hydrocarbons,"InChI=1S/C4H8/c1-3-4-2/h3H,1,4H2,2H3",VXNZUUAINFGPBY-UHFFFAOYSA-N
381,1-butene-3-one,9.929418926,78-94-4,CC(=O)C=C,,,https://doi.org/10.1021/acsestengg.5c00357,alkane,Aliphatic hydrocarbons,"InChI=1S/C4H6O/c1-3-4(2)5/h3H,1H2,2H3",FUSUHKVFWTUUBE-UHFFFAOYSA-N
382,1-butene-3-one,8.93,61788-35-0,CC(=O)C=C,7,25,https://doi.org/10.1021/acs.est.4c11950,alkane,Aliphatic hydrocarbons,"InChI=1S/C4H6O/c1-3-4(2)5/h3H,1H2,2H3",FUSUHKVFWTUUBE-UHFFFAOYSA-N
383,1-butene-3-one,9.92890769,61788-35-0,C=CC(C)=O,,,https://doi.org/10.1021/acs.est.1c05006,halogenated,Halogenated organics,"InChI=1S/C4H6O/c1-3-4(2)5/h3H,1H2,2H3",FUSUHKVFWTUUBE-UHFFFAOYSA-N
384,1-butylsulfinylbutane,9.903089987,13153-04-3,CCCC[S](=O)CCCC,,,https://doi.org/10.1021/acs.est.1c04414,"sulfide, disulfide",Sulfur-containing organics,"InChI=1S/C8H18OS/c1-3-5-7-10(9)8-6-4-2/h3-8H2,1-2H3",LOWMYOWHQMKBTM-UHFFFAOYSA-N
385,1-chloro butane,9.531478917,109-69-3,CCCCCl,,,https://doi.org/10.1021/acsestengg.5c00245,alkane,Aliphatic hydrocarbons,"InChI=1S/C4H9Cl/c1-2-3-4-5/h2-4H2,1H3",VFWCMGCRMGJXDK-UHFFFAOYSA-N
386,"1-chloro-2,4-dinitrobenzene",8.910090546,882513-65-7,[O-][N+](=O)c1ccc(Cl)c(c1)[N+]([O-])=O,,,https://doi.org/10.1021/acs.est.1c04616,halogenated,Halogenated organics,InChI=1S/C6H3ClN2O4/c7-5-2-1-4(8(10)11)3-6(5)9(12)13/h1-3H,VYZAHLCBVHPDDF-UHFFFAOYSA-N
387,"1-chloro-2,4-dinitrobenzene",8.91,882513-65-7,O=[N+]([O-])c1ccc(Cl)c([N+](=O)[O-])c1,7,25,https://doi.org/10.1021/acs.est.4c11950,cyclo,Aromatic & PAHs,InChI=1S/C6H3ClN2O4/c7-5-2-1-4(8(10)11)3-6(5)9(12)13/h1-3H,VYZAHLCBVHPDDF-UHFFFAOYSA-N
388,1-chloro-2-iodo-propane,9.67,106730-26-1,CC(I)CCl,7,25,https://doi.org/10.1021/acs.est.4c11950,alkane,Aliphatic hydrocarbons,"InChI=1S/C3H6ClI/c1-3(5)2-4/h3H,2H2,1H3",HIIXIJLSJDDFPI-UHFFFAOYSA-N
389,1-chloro-3-fluorobenzene,9.51,208186-78-1,Fc1cccc(Cl)c1,0,25,NIST,benzene,Aromatic & PAHs,InChI=1S/C6H4ClF/c7-5-2-1-3-6(8)4-5/h1-4H,VZHJIJZEOCBKRA-UHFFFAOYSA-N
390,1-chloro-3-iodopropane,10.34,1909309-69-8,ClCCCI,3.5,25,NIST,halogenated,Halogenated organics,InChI=1S/C3H6ClI/c4-2-1-3-5/h1-3H2,SFOYQZYQTQDRIY-UHFFFAOYSA-N
391,1-chloro-3-iodopropane,9.67,1909309-69-8,ClCCCI,6,25,NIST,halogenated,Halogenated organics,InChI=1S/C3H6ClI/c4-2-1-3-5/h1-3H2,SFOYQZYQTQDRIY-UHFFFAOYSA-N
392,1-chloro-4-nitrobenzene,9.113943352,1221424-66-3,O=[N+]([O-])c1ccc(Cl)cc1,,,https://doi.org/10.1021/acs.est.1c04891,benzene,Aromatic & PAHs,InChI=1S/C6H4ClNO2/c7-5-1-3-6(4-2-5)8(9)10/h1-4H,CZGCEKJOLUNIFY-UHFFFAOYSA-N
393,1-chloro-4-nitrobenzene,9.11,1221424-66-3,[O-][N+](=O)c1ccc(Cl)cc1,7.5,25,https://doi.org/10.1021/acs.est.4c11950,benzene,Aromatic & PAHs,InChI=1S/C6H4ClNO2/c7-5-1-3-6(4-2-5)8(9)10/h1-4H,CZGCEKJOLUNIFY-UHFFFAOYSA-N
394,1-chloro-4-nitrobenzene,9.113943352,100-00-5,C1=CC(=CC=C1[N+](=O)[O-])Cl,,,https://doi.org/10.1021/acsestengg.5c00428,halogenated,Halogenated organics,InChI=1S/C6H4ClNO2/c7-5-1-3-6(4-2-5)8(9)10/h1-4H,CZGCEKJOLUNIFY-UHFFFAOYSA-N
395,1-chlorobutane,9.53,1219803-72-1,CCCCCl,7,30,https://doi.org/10.1021/acs.est.4c11950,alkane,Aliphatic hydrocarbons,"InChI=1S/C4H9Cl/c1-2-3-4-5/h2-4H2,1H3",VFWCMGCRMGJXDK-UHFFFAOYSA-N
396,1-chloropropan-2-one,8.227886705,1266969-20-3,CC(=O)CCl,,,https://doi.org/10.1021/acs.est.1c04549,alkane,Aliphatic hydrocarbons,"InChI=1S/C3H5ClO/c1-3(5)2-4/h2H2,1H3",BULLHNJGPPOUOX-UHFFFAOYSA-N
397,1-chloropropane,9.397940009,540-54-5,CCCCl,,,https://doi.org/10.1021/acsestengg.5c00241,alkane,Aliphatic hydrocarbons,"InChI=1S/C3H7Cl/c1-2-3-4/h2-3H2,1H3",SNMVRZFUUCLYTO-UHFFFAOYSA-N
398,1-chloropropane,9.4,1173018-46-6,CCCCl,8,25,https://doi.org/10.1021/acs.est.4c11950,alkane,Aliphatic hydrocarbons,"InChI=1S/C3H7Cl/c1-2-3-4/h2-3H2,1H3",SNMVRZFUUCLYTO-UHFFFAOYSA-N
399,1-cyclopropyl-6-fluoro-4-oxo-7-piperazin-1-ylquinoline-3-carboxylic acid,9.609594409,192934-52-4,OC(=O)C1=CN(C2CC2)c3cc(N4CCNCC4)c(F)cc3C1=O,,,https://doi.org/10.1021/acs.est.1c04433,alcohol,Oxygenated organics,"InChI=1S/C17H18FN3O3/c18-13-7-11-14(8-15(13)20-5-3-19-4-6-20)21(10-1-2-10)9-12(16(11)22)17(23)24/h7-10,19H,1-6H2,(H,23,24)",MYSWGUAQZAJSOK-UHFFFAOYSA-N
400,"1-cyclopropyl-6-fluoro-7-[(1S,4S)-3-methyl-3,6-diazabicyclo[2.2.1]heptan-6-yl]-4-oxoquinoline-3-carboxylic acid",9.790285164,1217683-55-0,CN1C[C@@H]2C[C@H]1CN2c3cc4N(C=C(C(O)=O)C(=O)c4cc3F)C5CC5,,,https://doi.org/10.1021/acs.est.1c04738,cyclo,Aromatic & PAHs,"InChI=1S/C19H20FN3O3/c1-21-7-12-4-11(21)8-22(12)17-6-16-13(5-15(17)20)18(24)14(19(25)26)9-23(16)10-2-3-10/h5-6,9-12H,2-4,7-8H2,1H3,(H,25,26)/t11-,12-/m0/s1",QMLVECGLEOSESV-RYUDHWBXSA-N
401,1-cyclopropyl-7-(4-ethylpiperazin-1-yl)-6-fluoro-4-oxoquinoline-3-carboxylic acid,9.899820502,93107-33-6,CCN1CCN(CC1)c2cc3N(C=C(C(O)=O)C(=O)c3cc2F)C4CC4,,,https://doi.org/10.1021/acs.est.1c04372,cyclo,Aromatic & PAHs,"InChI=1S/C19H22FN3O3/c1-2-21-5-7-22(8-6-21)17-10-16-13(9-15(17)20)18(24)14(19(25)26)11-23(16)12-3-4-12/h9-12H,2-8H2,1H3,(H,25,26)",SPFYMRJSYKOXGV-UHFFFAOYSA-N
402,"1-cyclopropyl-7-[(3S,5R)-3,5-dimethylpiperazin-1-yl]-5,6,8-trifluoro-4-oxoquinoline-3-carboxylic acid",9.840106094,119354-10-8,C[C@@H]1CN(C[C@H](C)N1)c2c(F)c(F)c3C(=O)C(=CN(C4CC4)c3c2F)C(O)=O,,,https://doi.org/10.1021/acs.est.1c04964,cyclo,Aromatic & PAHs,"InChI=1S/C19H20F3N3O3/c1-8-5-24(6-9(2)23-8)17-14(21)13(20)12-16(15(17)22)25(10-3-4-10)7-11(18(12)26)19(27)28/h7-10,23H,3-6H2,1-2H3,(H,27,28)/t8-,9+",QIPQASLPWJVQMH-DTORHVGOSA-N
403,1-ethyl-2-pyrrolidinone,9.41,199851-83-7,CCN1CCCC1=O,7,25,https://doi.org/10.1021/acs.est.4c11950,alkane,Aliphatic hydrocarbons,"InChI=1S/C6H11NO/c1-2-7-5-3-4-6(7)8/h2-5H2,1H3",ZFPGARUNNKGOBB-UHFFFAOYSA-N
404,"1-ethyl-6,8-difluoro-7-(3-methylpiperazin-1-yl)-4-oxoquinoline-3-carboxylic acid",9.910090546,98079-83-5,CCN1C=C(C(O)=O)C(=O)c2cc(F)c(N3CCNC(C)C3)c(F)c12,,,https://doi.org/10.1021/acs.est.1c05067,alkane,Aliphatic hydrocarbons,"InChI=1S/C17H19F2N3O3/c1-3-21-8-11(17(24)25)16(23)10-6-12(18)15(13(19)14(10)21)22-5-4-20-9(2)7-22/h6,8-9,20H,3-5,7H2,1-2H3,(H,24,25)",ZEKZLJVOYLTDKK-UHFFFAOYSA-N
405,1-ethyl-6-fluoro-4-oxo-7-piperazin-1-ylquinoline-3-carboxylic acid,9.820201459,85181-48-2,CCN1C=C(C(O)=O)C(=O)c2cc(F)c(cc12)N3CCNCC3,,,https://doi.org/10.1021/acs.est.1c04896,alkane,Aliphatic hydrocarbons,"InChI=1S/C16H18FN3O3/c1-2-19-9-11(16(22)23)15(21)10-7-12(17)14(8-13(10)19)20-5-3-18-4-6-20/h7-9,18H,2-6H2,1H3,(H,22,23)",OGJPXUAPXNRGGI-UHFFFAOYSA-N
406,1-ethylsulfinylethane,9.812913357,58841-53-5,CC[S](=O)CC,,,https://doi.org/10.1021/acs.est.1c04329,"sulfide, disulfide",Sulfur-containing organics,"InChI=1S/C4H10OS/c1-3-6(5)4-2/h3-4H2,1-2H3",CCAFPWNGIUBUSD-UHFFFAOYSA-N
407,1-furan-2-ylethanone,9.653212514,851371-60-3,CC(=O)c1occc1,,,https://doi.org/10.1021/acs.est.1c04453,alcohol,Oxygenated organics,"InChI=1S/C6H6O2/c1-5(7)6-3-2-4-8-6/h2-4H,1H3",IEMMBWWQXVXBEU-UHFFFAOYSA-N
408,1-heptanol,9.87,77504-68-8,CCCCCCCO,2,25,https://doi.org/10.1021/acs.est.4c11950,alkane,Aliphatic hydrocarbons,"InChI=1S/C7H16O/c1-2-3-4-5-6-7-8/h8H,2-7H2,1H3",BBMCTIGTTCKYKF-UHFFFAOYSA-N
409,1-heptanol,9.86923172,111-70-6,CCCCCCCO,,,https://doi.org/10.1021/acsestengg.5c00150,alkane,Aliphatic hydrocarbons,"InChI=1S/C7H16O/c1-2-3-4-5-6-7-8/h8H,2-7H2,1H3",BBMCTIGTTCKYKF-UHFFFAOYSA-N
410,1-hexadecyl-pyridinium,9.67,1691-44-7,CCCCCCCCCCCCCCCC[n+]1ccccc1,7,25,NIST,alkane,Aliphatic hydrocarbons,"InChI=1S/C21H38N/c1-2-3-4-5-6-7-8-9-10-11-12-13-14-16-19-22-20-17-15-18-21-22/h15,17-18,20-21H,2-14,16,19H2,1H3/q+1",NEUSVAOJNUQRTM-UHFFFAOYSA-N
411,1-hexanol,9.85,51755-66-9,CCCCCCO,2,25,https://doi.org/10.1021/acs.est.4c11950,alkane,Aliphatic hydrocarbons,"InChI=1S/C6H14O/c1-2-3-4-5-6-7/h7H,2-6H2,1H3",ZSIAUFGUXNUGDI-UHFFFAOYSA-N
412,1-hexanol,9.84509804,111-27-3,CCCCCCO,,,https://doi.org/10.1021/acsestengg.5c00149,alkane,Aliphatic hydrocarbons,"InChI=1S/C6H14O/c1-2-3-4-5-6-7/h7H,2-6H2,1H3",ZSIAUFGUXNUGDI-UHFFFAOYSA-N
413,"1-hydroxy-2,2,6,6-tetramethyl-4-piperidinone",9.61,244169-29-7,CC1(C)CC(=O)CC(C)(C)N1[O],10.5,25,NIST,alkane,Aliphatic hydrocarbons,"InChI=1S/C9H16NO2/c1-8(2)5-7(11)6-9(3,4)10(8)12/h5-6H2,1-4H3",WSGDRFHJFJRSFY-UHFFFAOYSA-N
414,"1-hydroxy-2,2,6,6-tetramethyl-4-piperidinone",9.58,244169-29-7,CC1(C)CC(=O)CC(C)(C)N1[O],7,25,NIST,alkane,Aliphatic hydrocarbons,"InChI=1S/C9H16NO2/c1-8(2)5-7(11)6-9(3,4)10(8)12/h5-6H2,1-4H3",WSGDRFHJFJRSFY-UHFFFAOYSA-N
415,"1-hydroxy-2,4-hexadiene",9.99,5194-50-3,C/C=C/C=C/CO,7,25,NIST,halogenated,Halogenated organics,"InChI=1S/C6H10O/c1-2-3-4-5-6-7/h2-5,7H,6H2,1H3/b3-2+,5-4+",MEIRRNXMZYDVDW-MQQKCMAXSA-N
416,1-methoxy-2-methyl-1-phenylpropane,9.87,2138206-40-1,COC(C(C)C)c1ccccc1,1.8,25,https://doi.org/10.1021/acs.est.4c11950,alcohol,Oxygenated organics,"InChI=1S/C11H16O/c1-9(2)11(12-3)10-7-5-4-6-8-10/h4-9,11H,1-3H3",WXPXTXLMFMGGKJ-UHFFFAOYSA-N
417,"1-methoxy-3,5-dinitrobenzene",9.716003344,99758-83-5,COc1cc(cc(c1)[N+]([O-])=O)[N+]([O-])=O,,,https://doi.org/10.1021/acs.est.1c04645,diol,Polyfunctional / highly functionalized,"InChI=1S/C7H6N2O5/c1-14-7-3-5(8(10)11)2-6(4-7)9(12)13/h2-4H,1H3",OTMLGCBMOMNGCV-UHFFFAOYSA-N
418,"1-methoxy-4-[2,2,2-trichloro-1-(4-methoxyphenyl)ethyl]benzene",9.589949601,61698-79-1,COc1ccc(cc1)C(c2ccc(OC)cc2)C(Cl)(Cl)Cl,,,https://doi.org/10.1021/acs.est.1c05194,alcohol,Oxygenated organics,"InChI=1S/C16H15Cl3O2/c1-20-13-7-3-11(4-8-13)15(16(17,18)19)12-5-9-14(21-2)10-6-12/h3-10,15H,1-2H3",IAKOZHOLGAGEJT-UHFFFAOYSA-N
419,1-methyl imidazole,9.908485019,616-47-7,CN1C=CN=C1,,,https://doi.org/10.1021/acsestengg.5c00511,halogenated,Halogenated organics,"InChI=1S/C4H6N2/c1-6-3-2-5-4-6/h2-4H,1H3",MCTWTZJPVLRJOU-UHFFFAOYSA-N
420,1-methyl-2-pyrrolidinone,9.41,321572-55-8,CN1CCCC1=O,7,25,https://doi.org/10.1021/acs.est.4c11950,halogenated,Halogenated organics,"InChI=1S/C5H9NO/c1-6-4-2-3-5(6)7/h2-4H2,1H3",SECXISVLQFMRJM-UHFFFAOYSA-N
421,1-methyl-imidazolium,9.7,63082-15-5,C[NH+]1C=CN=C1,5.4,25,NIST,halogenated,Halogenated organics,"InChI=1S/C4H6N2/c1-6-3-2-5-4-6/h2-4H,1H3/p+1",MCTWTZJPVLRJOU-UHFFFAOYSA-O
422,1-methylimidazole,9.91,37067-97-3,Cn1ccnc1,9.4,25,https://doi.org/10.1021/acs.est.4c11950,halogenated,Halogenated organics,"InChI=1S/C4H6N2/c1-6-3-2-5-4-6/h2-4H,1H3",MCTWTZJPVLRJOU-UHFFFAOYSA-N
423,1-methylindole,10.08,173345-59-0,Cn1ccc2ccccc12,8.5,25,https://doi.org/10.1021/acs.est.4c11950,halogenated,Halogenated organics,"InChI=1S/C9H9N/c1-10-7-6-8-4-2-3-5-9(8)10/h2-7H,1H3",BLRHMMGNCXNXJL-UHFFFAOYSA-N
424,1-methylindole,10.18,173345-59-0,Cn1ccc2ccccc12,9,25,https://doi.org/10.1021/acs.est.4c11950,halogenated,Halogenated organics,"InChI=1S/C9H9N/c1-10-7-6-8-4-2-3-5-9(8)10/h2-7H,1H3",BLRHMMGNCXNXJL-UHFFFAOYSA-N
425,1-methyllumichrome,9.85,581814-43-9,Cc1cc2nc3c(=O)[nH]c(=O)n(C)c3nc2cc1C,7,25,NIST,cyclo,Aromatic & PAHs,"InChI=1S/C13H12N4O2/c1-6-4-8-9(5-7(6)2)15-11-10(14-8)12(18)16-13(19)17(11)3/h4-5H,1-3H3,(H,16,18,19)",JMJYJUDFYYXGBX-UHFFFAOYSA-N
426,1-naphthalen-1-yloxy-3-(propan-2-ylamino)propan-2-ol,10.02938378,2172495-51-9,CC(C)NCC(O)COc1cccc2ccccc12,,,https://doi.org/10.1021/acs.est.1c05023,alcohol,Oxygenated organics,"InChI=1S/C16H21NO2/c1-12(2)17-10-14(18)11-19-16-9-5-7-13-6-3-4-8-15(13)16/h3-9,12,14,17-18H,10-11H2,1-2H3",AQHHHDLHHXJYJD-UHFFFAOYSA-N
427,1-naphthoate ion,9.9,304671-81-6,O=C([O-])c1cccc2ccccc12,9,25,NIST,cyclo,Aromatic & PAHs,"InChI=1S/C11H8O2/c12-11(13)10-7-3-5-8-4-1-2-6-9(8)10/h1-7H,(H,12,13)/p-1",LNETULKMXZVUST-UHFFFAOYSA-M
428,1-naphthol,10.11,19481-11-9,Oc1cccc2ccccc12,5,25,NIST,alcohol,Oxygenated organics,"InChI=1S/C10H8O/c11-10-7-3-5-8-4-1-2-6-9(8)10/h1-7,11H",KJCVRFUGPWSIIH-UHFFFAOYSA-N
429,1-naphthylacetate ion,9.94,725218-44-0,O=C([O-])Cc1cccc2ccccc12,7,25,NIST,cyclo,Aromatic & PAHs,"InChI=1S/C12H10O2/c13-12(14)8-10-6-3-5-9-4-1-2-7-11(9)10/h1-7H,8H2,(H,13,14)/p-1",PRPINYUDVPFIRX-UHFFFAOYSA-M
430,1-nitropropane,8.397940009,108-03-2,CCC[N+](=O)[O-],,,https://doi.org/10.1021/acsestengg.5c00278,alkane,Aliphatic hydrocarbons,"InChI=1S/C3H7NO2/c1-2-3-4(5)6/h2-3H2,1H3",JSZOAYXJRCEYSX-UHFFFAOYSA-N
431,1-nitropropane,8.4,108-03-2,CCC[N+]([O-])=O,7,25,https://doi.org/10.1021/acs.est.4c11950,alkane,Aliphatic hydrocarbons,"InChI=1S/C3H7NO2/c1-2-3-4(5)6/h2-3H2,1H3",JSZOAYXJRCEYSX-UHFFFAOYSA-N
432,1-nitropropane,8.397940009,108-03-2,CCC[N+](=O)[O-],,,https://doi.org/10.1021/acs.est.1c05620,alkane,Aliphatic hydrocarbons,"InChI=1S/C3H7NO2/c1-2-3-4(5)6/h2-3H2,1H3",JSZOAYXJRCEYSX-UHFFFAOYSA-N
433,1-nitrosoazepane,9.638489257,2624139-18-8,O=NN1CCCCCC1,,,https://doi.org/10.1021/acs.est.1c05357,halogenated,Halogenated organics,InChI=1S/C6H12N2O/c9-7-8-5-3-1-2-4-6-8/h1-6H2,UZMVSVHUTOAPTD-UHFFFAOYSA-N
434,1-pentanol,9.59,13403-73-1,CCCCCO,7,25,https://doi.org/10.1021/acs.est.4c11950,alkane,Aliphatic hydrocarbons,"InChI=1S/C5H12O/c1-2-3-4-5-6/h6H,2-5H2,1H3",AMQJEAYHLZJPGS-UHFFFAOYSA-N
435,1-penten-3-one,9.67,96546-66-6,C=CC(=O)CC,7,25,https://doi.org/10.1021/acs.est.4c11950,halogenated,Halogenated organics,"InChI=1S/C5H8O/c1-3-5(6)4-2/h3H,1,4H2,2H3",JLIDVCMBCGBIEY-UHFFFAOYSA-N
436,1-phenyl-1-propanol,10,1335-12-2,CCC(O)c1ccccc1,1.8,25,https://doi.org/10.1021/acs.est.4c11950,benzene,Aromatic & PAHs,"InChI=1S/C9H12O/c1-2-9(10)8-6-4-3-5-7-8/h3-7,9-10H,2H2,1H3",DYUQAZSOFZSPHD-UHFFFAOYSA-N
437,1-phenyl-1-propanol,10,93-54-9,CCC(C1=CC=CC=C1)O,,,https://doi.org/10.1021/acsestengg.5c00398,alkane,Aliphatic hydrocarbons,"InChI=1S/C9H12O/c1-2-9(10)8-6-4-3-5-7-8/h3-7,9-10H,2H2,1H3",DYUQAZSOFZSPHD-UHFFFAOYSA-N
438,1-phenyl-2-propanol,10.32221929,14898-87-4,CC(CC1=CC=CC=C1)O,,,https://doi.org/10.1021/acsestengg.5c00399,alkane,Aliphatic hydrocarbons,"InChI=1S/C9H12O/c1-8(10)7-9-5-3-2-4-6-9/h2-6,8,10H,7H2,1H3",WYTRYIUQUDTGSX-UHFFFAOYSA-N
439,1-phenyl-2-propanol,10.32,1335-12-2,CC(O)Cc1ccccc1,1.8,25,https://doi.org/10.1021/acs.est.4c11950,benzene,Aromatic & PAHs,"InChI=1S/C9H12O/c1-8(10)7-9-5-3-2-4-6-9/h2-6,8,10H,7H2,1H3",WYTRYIUQUDTGSX-UHFFFAOYSA-N
440,1-phenyl-2-thiourea,9.58,59084-10-5,NC(=S)Nc1ccccc1,9,25,NIST,benzene,Aromatic & PAHs,"InChI=1S/C7H8N2S/c8-7(10)9-6-4-2-1-3-5-6/h1-5H,(H3,8,9,10)",FULZLIGZKMKICU-UHFFFAOYSA-N
441,1-phenyl-2-thiourea,9.41,59084-10-5,NC(=S)Nc1ccccc1,0,25,NIST,benzene,Aromatic & PAHs,"InChI=1S/C7H8N2S/c8-7(10)9-6-4-2-1-3-5-6/h1-5H,(H3,8,9,10)",FULZLIGZKMKICU-UHFFFAOYSA-N
442,1-phenyl-3-butanol,10.3,4426-63-5,CC(O)CCc1ccccc1,1.8,25,https://doi.org/10.1021/acs.est.4c11950,benzene,Aromatic & PAHs,"InChI=1S/C10H14O/c1-9(11)7-8-10-5-3-2-4-6-10/h2-6,9,11H,7-8H2,1H3",GDWRKZLROIFUML-UHFFFAOYSA-N
443,1-phenylethanol-1-d,10.04,1321-27-3,[2H]C(C)(O)c1ccccc1,1.8,25,NIST,benzene,Aromatic & PAHs,"InChI=1S/C8H10O/c1-7(9)8-5-3-2-4-6-8/h2-7,9H,1H3/i7D",WAPNOHKVXSQRPX-WHRKIXHSSA-N
444,1-propanol,9.52,61844-01-7,CCCO,6,25,https://doi.org/10.1021/acs.est.4c11950,alkane,Aliphatic hydrocarbons,"InChI=1S/C3H8O/c1-2-3-4/h4H,2-3H2,1H3",BDERNNFJNOPAEC-UHFFFAOYSA-N
445,1-propanol,9.45,61844-01-7,CCCO,1.5,3,https://doi.org/10.1021/acs.est.4c11950,alkane,Aliphatic hydrocarbons,"InChI=1S/C3H8O/c1-2-3-4/h4H,2-3H2,1H3",BDERNNFJNOPAEC-UHFFFAOYSA-N
446,1-propanol,9.43,61844-01-7,CCCO,1.5,25,https://doi.org/10.1021/acs.est.4c11950,alkane,Aliphatic hydrocarbons,"InChI=1S/C3H8O/c1-2-3-4/h4H,2-3H2,1H3",BDERNNFJNOPAEC-UHFFFAOYSA-N
447,1-propanol,9.62,61844-01-7,CCCO,6,45,https://doi.org/10.1021/acs.est.4c11950,alkane,Aliphatic hydrocarbons,"InChI=1S/C3H8O/c1-2-3-4/h4H,2-3H2,1H3",BDERNNFJNOPAEC-UHFFFAOYSA-N
448,1-propanol,9.58,61844-01-7,CCCO,1.5,40,https://doi.org/10.1021/acs.est.4c11950,alkane,Aliphatic hydrocarbons,"InChI=1S/C3H8O/c1-2-3-4/h4H,2-3H2,1H3",BDERNNFJNOPAEC-UHFFFAOYSA-N
449,1-propanol,9.62,61844-01-7,CCCO,1.5,56,https://doi.org/10.1021/acs.est.4c11950,alkane,Aliphatic hydrocarbons,"InChI=1S/C3H8O/c1-2-3-4/h4H,2-3H2,1H3",BDERNNFJNOPAEC-UHFFFAOYSA-N
450,1-propanol,9.51,61844-01-7,CCCO,6,35,https://doi.org/10.1021/acs.est.4c11950,alkane,Aliphatic hydrocarbons,"InChI=1S/C3H8O/c1-2-3-4/h4H,2-3H2,1H3",BDERNNFJNOPAEC-UHFFFAOYSA-N
451,1-propanol,9.64,61844-01-7,CCCO,6,65,https://doi.org/10.1021/acs.est.4c11950,alkane,Aliphatic hydrocarbons,"InChI=1S/C3H8O/c1-2-3-4/h4H,2-3H2,1H3",BDERNNFJNOPAEC-UHFFFAOYSA-N
452,1-propanol,9.46,61844-01-7,CCCO,10.7,25,https://doi.org/10.1021/acs.est.4c11950,alkane,Aliphatic hydrocarbons,"InChI=1S/C3H8O/c1-2-3-4/h4H,2-3H2,1H3",BDERNNFJNOPAEC-UHFFFAOYSA-N
453,1-propanol,9.4,61844-01-7,CCCO,7,25,https://doi.org/10.1021/acs.est.4c11950,alkane,Aliphatic hydrocarbons,"InChI=1S/C3H8O/c1-2-3-4/h4H,2-3H2,1H3",BDERNNFJNOPAEC-UHFFFAOYSA-N
454,1-propanol,9.63,61844-01-7,CCCO,6,55,https://doi.org/10.1021/acs.est.4c11950,alkane,Aliphatic hydrocarbons,"InChI=1S/C3H8O/c1-2-3-4/h4H,2-3H2,1H3",BDERNNFJNOPAEC-UHFFFAOYSA-N
455,1-propanol,9.505149978,71-23-8,CCCO,,,https://doi.org/10.1021/acsestengg.5c00146,alkane,Aliphatic hydrocarbons,"InChI=1S/C3H8O/c1-2-3-4/h4H,2-3H2,1H3",BDERNNFJNOPAEC-UHFFFAOYSA-N
456,1-propylsulfinylpropane,9.799340549,40211-39-0,CCC[S](=O)CCC,,,https://doi.org/10.1021/acs.est.1c05646,"sulfide, disulfide",Sulfur-containing organics,"InChI=1S/C6H14OS/c1-3-5-8(7)6-4-2/h3-6H2,1-2H3",BQCCJWMQESHLIT-UHFFFAOYSA-N
457,1-pyrenebutanoic acid,10.11,63397-94-4,O=C(O)CCCc1ccc2ccc3cccc4ccc1c2c34,7,25,NIST,cyclo,Aromatic & PAHs,"InChI=1S/C20H16O2/c21-18(22)6-2-3-13-7-8-16-10-9-14-4-1-5-15-11-12-17(13)20(16)19(14)15/h1,4-5,7-12H,2-3,6H2,(H,21,22)",QXYRRCOJHNZVDJ-UHFFFAOYSA-N
458,potassium maleate,9.77815125,10237-70-4,OC(=O)\C=C/C(O)=O,,,https://doi.org/10.1021/acs.est.1c05029,alcohol,Oxygenated organics,"InChI=1S/C4H4O4/c5-3(6)1-2-4(7)8/h1-2H,(H,5,6)(H,7,8)/b2-1-",VZCYOOQTPOCHFL-UPHRSURJSA-N
459,Marbofloxacin,9.959994838,115550-35-1,CN1CCN(CC1)c2c(F)cc3C(=O)C(=CN4N(C)COc2c34)C(O)=O,,,https://doi.org/10.1021/acs.est.1c04793,alcohol,Oxygenated organics,"InChI=1S/C17H19FN4O4/c1-19-3-5-21(6-4-19)14-12(18)7-10-13-16(14)26-9-20(2)22(13)8-11(15(10)23)17(24)25/h7-8H,3-6,9H2,1-2H3,(H,24,25)",BPFYOAJNDMUVBL-UHFFFAOYSA-N
460,Levofloxacin hydrate,9.880241776,138199-71-0,O.C[C@H]1COc2c(N3CCN(C)CC3)c(F)cc4C(=O)C(=CN1c24)C(O)=O.C[C@H]5COc6c(N7CCN(C)CC7)c(F)cc8C(=O)C(=CN5c68)C(O)=O,,,https://doi.org/10.1021/acs.est.1c04499,diol,Polyfunctional / highly functionalized,"InChI=1S/2C18H20FN3O4.H2O/c2*1-10-9-26-17-14-11(16(23)12(18(24)25)8-22(10)14)7-13(19)15(17)21-5-3-20(2)4-6-21;/h2*7-8,10H,3-6,9H2,1-2H3,(H,24,25);1H2/t2*10-;/m00./s1",SUIQUYDRLGGZOL-RCWTXCDDSA-N
461,,9.920123326,143984-63-8,CC1CCc2cc(F)cc3C(=O)C(=CN1c23)C(O)=O,,,https://doi.org/10.1021/acs.est.1c04395,alkane,Aliphatic hydrocarbons,"InChI=1S/C14H12FNO3/c1-7-2-3-8-4-9(15)5-10-12(8)16(7)6-11(13(10)17)14(18)19/h4-7H,2-3H2,1H3,(H,18,19)",DPSPPJIUMHPXMA-UHFFFAOYSA-N
462,methyloxirane,8.397940009,16033-71-9,CC1CO1,,,https://doi.org/10.1021/acs.est.1c04769,alkane,Aliphatic hydrocarbons,"InChI=1S/C3H6O/c1-3-2-4-3/h3H,2H2,1H3",GOOHAUXETOMSMM-UHFFFAOYSA-N
463,18-crown-6,9.71,17455-13-9,C1COCCOCCOCCOCCOCCO1,6.7,25,NIST,diol,Polyfunctional / highly functionalized,InChI=1S/C12H24O6/c1-2-14-5-6-16-9-10-18-12-11-17-8-7-15-4-3-13-1/h1-12H2,XEZNGIUYQVAUSS-UHFFFAOYSA-N
464,18-crown-6,10.2,17455-13-9,C1COCCOCCOCCOCCOCCO1,6.5,25,NIST,diol,Polyfunctional / highly functionalized,InChI=1S/C12H24O6/c1-2-14-5-6-16-9-10-18-12-11-17-8-7-15-4-3-13-1/h1-12H2,XEZNGIUYQVAUSS-UHFFFAOYSA-N
465,1H-Imidazole,9.716003344,717908-74-2,[nH]1ccnc1,,,https://doi.org/10.1021/acs.est.1c04767,halogenated,Halogenated organics,"InChI=1S/C3H4N2/c1-2-5-3-4-1/h1-3H,(H,4,5)",RAXXELZNTBOGNW-UHFFFAOYSA-N
466,1H-Indole,10.50514998,887593-71-7,[nH]1ccc2ccccc12,,,https://doi.org/10.1021/acs.est.1c04944,halogenated,Halogenated organics,"InChI=1S/C8H7N/c1-2-4-8-7(3-1)5-6-9-8/h1-6,9H",SIKJAQJRHWYJAI-UHFFFAOYSA-N
467,1H-pyridin-2-one,9.812913357,1282672-41-6,O=C1NC=CC=C1,,,https://doi.org/10.1021/acs.est.1c04609,cyclo,Aromatic & PAHs,"InChI=1S/C5H5NO/c7-5-3-1-2-4-6-5/h1-4H,(H,6,7)",UBQKCCHYAOITMY-UHFFFAOYSA-N
468,1H-pyridin-4-one,10.04139269,1282672-41-6,O=C1C=CNC=C1,,,https://doi.org/10.1021/acs.est.1c05471,cyclo,Aromatic & PAHs,"InChI=1S/C5H5NO/c7-5-1-3-6-4-2-5/h1-4H,(H,6,7)",GCNTZFIIOFTKIY-UHFFFAOYSA-N
469,"2',3'-O-Isopropylideneuridine",9.672097858,14671-65-9,CC1(C)O[C@@H]2[C@@H](CO)O[C@@H](n3ccc(=O)[nH]c3=O)[C@@H]2O1,,,https://doi.org/10.1021/acs.est.1c05329,diol,Polyfunctional / highly functionalized,"InChI=1S/C12H16N2O6/c1-12(2)19-8-6(5-15)18-10(9(8)20-12)14-4-3-7(16)13-11(14)17/h3-4,6,8-10,15H,5H2,1-2H3,(H,13,16,17)/t6-,8-,9-,10-/m1/s1",GFDUSNQQMOENLR-PEBGCTIMSA-N
470,"2',3'-O-isopropylideneuridine",9.67,14671-65-9,CC1(C)O[C@@H]2[C@@H](CO)O[C@@H](n3ccc(=O)[nH]c3=O)[C@@H]2O1,7,25,https://doi.org/10.1021/acs.est.4c11950,diol,Polyfunctional / highly functionalized,"InChI=1S/C12H16N2O6/c1-12(2)19-8-6(5-15)18-10(9(8)20-12)14-4-3-7(16)13-11(14)17/h3-4,6,8-10,15H,5H2,1-2H3,(H,13,16,17)/t6-,8-,9-,10-/m1/s1",GFDUSNQQMOENLR-PEBGCTIMSA-N
471,2'-Deoxyadenosine,9.662757832,29836-02-0,Nc1ncnc2c1ncn2[C@H]1C[C@H](O)[C@@H](CO)O1,,,https://doi.org/10.1021/acs.est.1c05429,cyclo,Aromatic & PAHs,"InChI=1S/C10H13N5O3/c11-9-8-10(13-3-12-9)15(4-14-8)7-1-5(17)6(2-16)18-7/h3-7,16-17H,1-2H2,(H2,11,12,13)/t5-,6+,7+/m0/s1",OLXZPDWKRNYJJZ-RRKCRQDMSA-N
472,2'-Deoxyadenosine-5'-monophosphate,9.544068044,151151-31-4,Nc1ncnc2c1ncn2[C@H]1C[C@H](O)[C@@H](COP(=O)(O)O)O1,,,https://doi.org/10.1021/acs.est.1c05021,cyclo,Aromatic & PAHs,"InChI=1S/C10H14N5O6P/c11-9-8-10(13-3-12-9)15(4-14-8)7-1-5(16)6(21-7)2-20-22(17,18)19/h3-7,16H,1-2H2,(H2,11,12,13)(H2,17,18,19)/t5-,6+,7+/m0/s1",KHWCHTKSEGGWEX-RRKCRQDMSA-N
473,2'-Deoxycytidine,9.77815125,9039-45-6,Nc1ccn([C@H]2C[C@H](O)[C@@H](CO)O2)c(=O)n1,,,https://doi.org/10.1021/acs.est.1c05027,halogenated,Halogenated organics,"InChI=1S/C9H13N3O4/c10-7-1-2-12(9(15)11-7)8-3-5(14)6(4-13)16-8/h1-2,5-6,8,13-14H,3-4H2,(H2,10,11,15)/t5-,6+,8+/m0/s1",CKTSBUTUHBMZGZ-SHYZEUOFSA-N
474,2'-Deoxycytidine-5'-monophosphate,9.69019608,25609-92-1,Nc1ccn([C@H]2C[C@H](O)[C@@H](COP(=O)(O)O)O2)c(=O)n1,,,https://doi.org/10.1021/acs.est.1c04965,halogenated,Halogenated organics,"InChI=1S/C9H14N3O7P/c10-7-1-2-12(9(14)11-7)8-3-5(13)6(19-8)4-18-20(15,16)17/h1-2,5-6,8,13H,3-4H2,(H2,10,11,14)(H2,15,16,17)/t5-,6+,8+/m0/s1",NCMVOABPESMRCP-SHYZEUOFSA-N
475,2'-deoxyadenosine,9.66,29836-02-0,Nc1ncnc2c1ncn2[C@H]1C[C@H](O)[C@@H](CO)O1,7,25,NIST,cyclo,Aromatic & PAHs,"InChI=1S/C10H13N5O3/c11-9-8-10(13-3-12-9)15(4-14-8)7-1-5(17)6(2-16)18-7/h3-7,16-17H,1-2H2,(H2,11,12,13)/t5-,6+,7+/m0/s1",OLXZPDWKRNYJJZ-RRKCRQDMSA-N
476,2'-deoxycytidine,9.78,9039-45-6,Nc1ccn(C2CC(O)C(CO)O2)c(=O)n1,7,25,NIST,halogenated,Halogenated organics,"InChI=1S/C9H13N3O4/c10-7-1-2-12(9(15)11-7)8-3-5(14)6(4-13)16-8/h1-2,5-6,8,13-14H,3-4H2,(H2,10,11,15)",CKTSBUTUHBMZGZ-UHFFFAOYSA-N
477,2'-deoxycytidine-5'-monophosphate,9.69,25609-92-1,Nc1ccnc(=O)[nH]1,7.5,25,NIST,halogenated,Halogenated organics,"InChI=1S/C4H5N3O/c5-3-1-2-6-4(8)7-3/h1-2H,(H3,5,6,7,8)",OPTASPLRGRRNAP-UHFFFAOYSA-N
478,2'-deoxyguanosine 5'-monophosphate,9.83,312693-67-7,Nc1nc(=O)c2ncn(C3CC(O)C(COP(=O)(O)O)O3)c2[nH]1,7,25,NIST,cyclo,Aromatic & PAHs,"InChI=1S/C10H14N5O7P/c11-10-13-8-7(9(17)14-10)12-3-15(8)6-1-4(16)5(22-6)2-21-23(18,19)20/h3-6,16H,1-2H2,(H2,18,19,20)(H3,11,13,14,17)",LTFMZDNNPPEQNG-UHFFFAOYSA-N
479,2'-deoxyguanosine 5'-monophosphate,9.66,312693-67-7,Nc1nc(=O)c2ncn(C3CC(O)C(COP(=O)(O)O)O3)c2[nH]1,2,25,NIST,cyclo,Aromatic & PAHs,"InChI=1S/C10H14N5O7P/c11-10-13-8-7(9(17)14-10)12-3-15(8)6-1-4(16)5(22-6)2-21-23(18,19)20/h3-6,16H,1-2H2,(H2,18,19,20)(H3,11,13,14,17)",LTFMZDNNPPEQNG-UHFFFAOYSA-N
480,"2,2'-Bithiophene",10.20411998,176693-29-1,c1csc(-c2cccs2)c1,,,https://doi.org/10.1021/acs.est.1c05068,"sulfide, disulfide",Sulfur-containing organics,InChI=1S/C8H6S2/c1-3-7(9-5-1)8-4-2-6-10-8/h1-6H,OHZAHWOAMVVGEL-UHFFFAOYSA-N
481,"2,2'-azinobis[3-ethyl-2,3-dihydro-6-benzothiazolesulfonic acid",10.08,122883-07-2,CCn1c(=NN=c2sc3cc(S(=O)(=O)O)ccc3n2CC)sc2cc(S(=O)(=O)O)ccc21,6,25,NIST,"sulfide, disulfide",Sulfur-containing organics,"InChI=1S/C18H18N4O6S4/c1-3-21-13-7-5-11(31(23,24)25)9-15(13)29-17(21)19-20-18-22(4-2)14-8-6-12(32(26,27)28)10-16(14)30-18/h5-10H,3-4H2,1-2H3,(H,23,24,25)(H,26,27,28)",ZTOJFFHGPLIVKC-UHFFFAOYSA-N
482,"2,2'-biphenyldicarboxylate ion",9.85,198488-07-2,O=C([O-])c1ccccc1-c1ccccc1C(=O)[O-],9,25,NIST,benzene,Aromatic & PAHs,"InChI=1S/C14H10O4/c15-13(16)11-7-3-1-5-9(11)10-6-2-4-8-12(10)14(17)18/h1-8H,(H,15,16)(H,17,18)/p-2",GWZCCUDJHOGOSO-UHFFFAOYSA-L
483,"2,2'-bipyridine",9.3,100137-02-8,C1=CC=NC(=C1)C2=CC=CC=N2,2.7,25,NIST,halogenated,Halogenated organics,InChI=1S/C10H8N2/c1-3-7-11-9(5-1)10-6-2-4-8-12-10/h1-8H,ROFVEXUMMXZLPA-UHFFFAOYSA-N
484,"2,2'-bipyridine",9.792391689,366-18-7,C1=CC=NC(=C1)C2=CC=CC=N2,,,https://doi.org/10.1021/acsestengg.5c00489,halogenated,Halogenated organics,InChI=1S/C10H8N2/c1-3-7-11-9(5-1)10-6-2-4-8-12-10/h1-8H,ROFVEXUMMXZLPA-UHFFFAOYSA-N
485,"2,2'-bipyridine",9.791690649,100137-02-8,c1ccc(-c2ccccn2)nc1,,,https://doi.org/10.1021/acs.est.1c05196,cyclo,Aromatic & PAHs,InChI=1S/C10H8N2/c1-3-7-11-9(5-1)10-6-2-4-8-12-10/h1-8H,ROFVEXUMMXZLPA-UHFFFAOYSA-N
486,"2,2'-bipyridine",9.79,100137-02-8,C1=CC=NC(=C1)C2=CC=CC=N2,9.3,25,https://doi.org/10.1021/acs.est.4c11950,halogenated,Halogenated organics,InChI=1S/C10H8N2/c1-3-7-11-9(5-1)10-6-2-4-8-12-10/h1-8H,ROFVEXUMMXZLPA-UHFFFAOYSA-N
487,"2,2'-bipyridinedichloropalladium(II)",10.04,168922-04-1,Cl[Pd]Cl.c1ccc(-c2ccccn2)nc1,7,25,NIST,cyclo,Aromatic & PAHs,InChI=1S/C10H8N2.2ClH.Pd/c1-3-7-11-9(5-1)10-6-2-4-8-12-10;;;/h1-8H;2*1H;/q;;;+2/p-2,MUNARLQNCCGPQU-UHFFFAOYSA-L
488,"2,2'-bithiophene",10.2,176693-29-1,s1cccc1c2sccc2,7,25,https://doi.org/10.1021/acs.est.4c11950,"sulfide, disulfide",Sulfur-containing organics,InChI=1S/C8H6S2/c1-3-7(9-5-1)8-4-2-6-10-8/h1-6H,OHZAHWOAMVVGEL-UHFFFAOYSA-N
489,"2,2'-dithiobis(ethylamine)",10.23,7739-00-6,NCCSSCCN,1,25,NIST,"sulfide, disulfide",Sulfur-containing organics,InChI=1S/C4H12N2S2/c5-1-3-7-8-4-2-6/h1-6H2,APQPRKLAWCIJEK-UHFFFAOYSA-N
490,"2,2'-oxydiethanol",9.32,161308-30-1,OCCOCCO,9,25,NIST,diol,Polyfunctional / highly functionalized,"InChI=1S/C4H10O3/c5-1-3-7-4-2-6/h5-6H,1-4H2",MTHSVFCYNBDYFN-UHFFFAOYSA-N
491,"2,2'-thiodiethanol",10.3,111-48-8,OCCSCCO,6,25,https://doi.org/10.1021/acs.est.4c11950,"sulfide, disulfide",Sulfur-containing organics,"InChI=1S/C4H10O2S/c5-1-3-7-4-2-6/h5-6H,1-4H2",YODZTKMDCQEPHD-UHFFFAOYSA-N
492,"2,2'-thiodiethanol",9.91,111-48-8,OCCSCCO,7,25,https://doi.org/10.1021/acs.est.4c11950,"sulfide, disulfide",Sulfur-containing organics,"InChI=1S/C4H10O2S/c5-1-3-7-4-2-6/h5-6H,1-4H2",YODZTKMDCQEPHD-UHFFFAOYSA-N
493,"2,2'-thiodiethanol",10.30103,111-48-8,C(CSCCO)O,,,https://doi.org/10.1021/acsestengg.5c00261,halogenated,Halogenated organics,"InChI=1S/C4H10O2S/c5-1-3-7-4-2-6/h5-6H,1-4H2",YODZTKMDCQEPHD-UHFFFAOYSA-N
494,"2,2,2-TRIFLUOROETHANOL",8.361727836,132248-58-9,OCC(F)(F)F,,,https://doi.org/10.1021/acs.est.1c04373,alcohol,Oxygenated organics,"InChI=1S/C2H3F3O/c3-2(4,5)1-6/h6H,1H2",RHQDFWAXVIIEBN-UHFFFAOYSA-N
495,"2,2,2-Trichloro-1,1-bis(4-chlorophenyl)ethanol",9.57054294,105481-52-5,OC(c1ccc(Cl)cc1)(c2ccc(Cl)cc2)C(Cl)(Cl)Cl,,,https://doi.org/10.1021/acs.est.1c05111,alcohol,Oxygenated organics,"InChI=1S/C14H9Cl5O/c15-11-5-1-9(2-6-11)13(20,14(17,18)19)10-3-7-12(16)8-4-10/h1-8,20H",UOAMTSKGCBMZTC-UHFFFAOYSA-N
496,"2,2,2-Trichloroethane-1,1-diol",9.322219295,24298-56-4,OC(O)C(Cl)(Cl)Cl,,,https://doi.org/10.1021/acs.est.1c05573,alcohol,Oxygenated organics,"InChI=1S/C2H3Cl3O2/c3-2(4,5)1(6)7/h1,6-7H",RNFNDJAIBTYOQL-UHFFFAOYSA-N
497,"2,2,2-Trichloroethanol",8.62324929,115-20-8,OCC(Cl)(Cl)Cl,,,https://doi.org/10.1021/acs.est.1c04851,alcohol,Oxygenated organics,"InChI=1S/C2H3Cl3O/c3-2(4,5)1-6/h6H,1H2",KPWDGTGXUYRARH-UHFFFAOYSA-N
498,"2,2,2-trichloro ethanol",8.62324929,115-20-8,C(C(Cl)(Cl)Cl)O,,,https://doi.org/10.1021/acsestengg.5c00248,alkane,Aliphatic hydrocarbons,"InChI=1S/C2H3Cl3O/c3-2(4,5)1-6/h6H,1H2",KPWDGTGXUYRARH-UHFFFAOYSA-N
499,"2,2,2-trichloroacetate",7.77815125,1219956-76-9,[O-]C(=O)C(Cl)(Cl)Cl,,,https://doi.org/10.1021/acs.est.1c05122,halogenated,Halogenated organics,"InChI=1S/C2HCl3O2/c3-2(4,5)1(6)7/h(H,6,7)/p-1",YNJBWRMUSHSURL-UHFFFAOYSA-M
500,"2,2,2-trichloroethanol",8.62,115-20-8,OCC(Cl)(Cl)Cl,2,25,https://doi.org/10.1021/acs.est.4c11950,alcohol,Oxygenated organics,"InChI=1S/C2H3Cl3O/c3-2(4,5)1-6/h6H,1H2",KPWDGTGXUYRARH-UHFFFAOYSA-N
501,"2,2,2-trifluoro ethanol",8.361727836,75-89-8,C(C(F)(F)F)O,,,https://doi.org/10.1021/acsestengg.5c00249,halogenated,Halogenated organics,"InChI=1S/C2H3F3O/c3-2(4,5)1-6/h6H,1H2",RHQDFWAXVIIEBN-UHFFFAOYSA-N
502,"2,2,2-trifluoroethanol",8.36,132248-58-9,OCC(F)(F)F,2,25,https://doi.org/10.1021/acs.est.4c11950,alcohol,Oxygenated organics,"InChI=1S/C2H3F3O/c3-2(4,5)1-6/h6H,1H2",RHQDFWAXVIIEBN-UHFFFAOYSA-N
503,"2,2,4-Trimethylpentane",9.785329835,63742-37-0,CC(C)CC(C)(C)C,,,https://doi.org/10.1021/acs.est.1c05001,alkane,Aliphatic hydrocarbons,"InChI=1S/C8H18/c1-7(2)6-8(3,4)5/h7H,6H2,1-5H3",NHTMVDHEPJAVLT-UHFFFAOYSA-N
504,"2,2,4-trimethylpentane",9.785329835,540-84-1,CC(C)CC(C)(C)C,,,https://doi.org/10.1021/acsestengg.5c00143,alkane,Aliphatic hydrocarbons,"InChI=1S/C8H18/c1-7(2)6-8(3,4)5/h7H,6H2,1-5H3",NHTMVDHEPJAVLT-UHFFFAOYSA-N
505,"2,2,4-trimethylpentane",9.79,63742-37-0,CC(C)CC(C)(C)C,2,25,https://doi.org/10.1021/acs.est.4c11950,alkane,Aliphatic hydrocarbons,"InChI=1S/C8H18/c1-7(2)6-8(3,4)5/h7H,6H2,1-5H3",NHTMVDHEPJAVLT-UHFFFAOYSA-N
506,"2,2,6,6-Tetramethylpiperidine脗聽N-oxyl",9.531478917,7031-93-8,CC1(C)CCCC(C)(C)N1[O],,,https://doi.org/10.1021/acs.est.1c05673,alkane,Aliphatic hydrocarbons,"InChI=1S/C9H18NO/c1-8(2)6-5-7-9(3,4)10(8)11/h5-7H2,1-4H3",QYTDEUPAUMOIOP-UHFFFAOYSA-N
507,"2,2,6,6-tetramethylpiperidine聽N-oxyl",9.53,7031-93-8,CC1(C)CCCC(C)(C)N1[O],7,25,https://doi.org/10.1021/acs.est.4c11950,alkane,Aliphatic hydrocarbons,"InChI=1S/C9H18NO/c1-8(2)6-5-7-9(3,4)10(8)11/h5-7H2,1-4H3",QYTDEUPAUMOIOP-UHFFFAOYSA-N
508,"2,2-Bis(hydroxymethyl)-2,2',2''-nitrilotriethanol",9.477121255,68134-30-5,OCCN(CCO)C(CO)(CO)CO,,,https://doi.org/10.1021/acs.est.1c04760,alcohol,Oxygenated organics,"InChI=1S/C8H19NO5/c10-3-1-9(2-4-11)8(5-12,6-13)7-14/h10-14H,1-7H2",OWMVSZAMULFTJU-UHFFFAOYSA-N
509,"2,2-DICHLORO-1,1,1-TRIFLUOROETHANE",7.113943352,164383-26-0,FC(F)(F)C(Cl)Cl,,,https://doi.org/10.1021/acs.est.1c04757,halogenated,Halogenated organics,"InChI=1S/C2HCl2F3/c3-1(4)2(5,6)7/h1H",OHMHBGPWCHTMQE-UHFFFAOYSA-N
510,"2,2-Dichloro-1,1-difluoro-1-methoxyethane",7.919078092,461-57-4,COC(F)(F)C(Cl)Cl,,,https://doi.org/10.1021/acs.est.1c05306,alcohol,Oxygenated organics,"InChI=1S/C3H4Cl2F2O/c1-8-3(6,7)2(4)5/h2H,1H3",RFKMCNOHBTXSMU-UHFFFAOYSA-N
511,"2,2-Dichloropropanoic acid",7.859738566,52048-93-8,CC(Cl)(Cl)C(O)=O,,,https://doi.org/10.1021/acs.est.1c05644,alkane,Aliphatic hydrocarbons,"InChI=1S/C3H4Cl2O2/c1-3(4,5)2(6)7/h1H3,(H,6,7)",NDUPDOJHUQKPAG-UHFFFAOYSA-N
512,"2,2-Dimethyl-1,3-dioxolane",9.322219295,19358-05-5,CC1(C)OCCO1,,,https://doi.org/10.1021/acs.est.1c05176,alcohol,Oxygenated organics,"InChI=1S/C5H10O2/c1-5(2)6-3-4-7-5/h3-4H2,1-2H3",SIJBDWPVNAYVGY-UHFFFAOYSA-N
513,"2,2-Dimethyl-1-phenyl-1-propanol",9.996073654,23243-51-8,CC(C)(C)C(O)c1ccccc1,,,https://doi.org/10.1021/acs.est.1c04349,benzene,Aromatic & PAHs,"InChI=1S/C11H16O/c1-11(2,3)10(12)9-7-5-4-6-8-9/h4-8,10,12H,1-3H3",YBVRFTBNIZWMSK-UHFFFAOYSA-N
514,"2,2-Dimethylpropanoic acid",8.812913357,1267669-89-5,CC(C)(C)C(O)=O,,,https://doi.org/10.1021/acs.est.1c04590,alkane,Aliphatic hydrocarbons,"InChI=1S/C5H10O2/c1-5(2,3)4(6)7/h1-3H3,(H,6,7)",IUGYQRQAERSCNH-UHFFFAOYSA-N
515,"2,2-bis(hydroxymethyl)-2,2,2-nitrilotriethanol",9.48,6976-37-0,C(CO)N(CCO)C(CO)(CO)CO,7,25,https://doi.org/10.1021/acs.est.4c11950,halogenated,Halogenated organics,"InChI=1S/C8H19NO5/c10-3-1-9(2-4-11)8(5-12,6-13)7-14/h10-14H,1-7H2",OWMVSZAMULFTJU-UHFFFAOYSA-N
516,"2,2-dichloro-1,1,1-trifluoro ethane",7.113943352,306-83-2,C(C(F)(F)F)(Cl)Cl,,,https://doi.org/10.1021/acsestengg.5c00253,halogenated,Halogenated organics,"InChI=1S/C2HCl2F3/c3-1(4)2(5,6)7/h1H",OHMHBGPWCHTMQE-UHFFFAOYSA-N
517,"2,2-dichloro-1,1,1-trifluoroethane",7.11,164383-26-0,FC(F)(F)C(Cl)Cl,7,25,https://doi.org/10.1021/acs.est.4c11950,halogenated,Halogenated organics,"InChI=1S/C2HCl2F3/c3-1(4)2(5,6)7/h1H",OHMHBGPWCHTMQE-UHFFFAOYSA-N
518,"2,2-dichloroacetate",8,1173022-90-6,[O-]C(=O)C(Cl)Cl,,,https://doi.org/10.1021/acs.est.1c05625,halogenated,Halogenated organics,"InChI=1S/C2H2Cl2O2/c3-1(4)2(5)6/h1H,(H,5,6)/p-1",JXTHNDFMNIQAHM-UHFFFAOYSA-M
519,"2,2-difluoroacetate",7.041392685,1365808-08-7,[O-]C(=O)C(F)F,,,https://doi.org/10.1021/acs.est.1c05330,halogenated,Halogenated organics,"InChI=1S/C2H2F2O2/c3-1(4)2(5)6/h1H,(H,5,6)/p-1",PBWZKZYHONABLN-UHFFFAOYSA-M
520,"2,2-dimethyl-1,3-dioxolane",9.32,19358-05-5,CC1(C)OCCO1,7,25,https://doi.org/10.1021/acs.est.4c11950,alcohol,Oxygenated organics,"InChI=1S/C5H10O2/c1-5(2)6-3-4-7-5/h3-4H2,1-2H3",SIJBDWPVNAYVGY-UHFFFAOYSA-N
521,"2,2-dimethyl-1-phenyl-1-propanol",10,23243-51-8,CC(C)(C)C(O)c1ccccc1,1.8,25,https://doi.org/10.1021/acs.est.4c11950,benzene,Aromatic & PAHs,"InChI=1S/C11H16O/c1-11(2,3)10(12)9-7-5-4-6-8-9/h4-8,10,12H,1-3H3",YBVRFTBNIZWMSK-UHFFFAOYSA-N
522,"2,2-dimethyl-1-propanol",9.72,23243-51-8,CC(C)(C)CO,2,25,https://doi.org/10.1021/acs.est.4c11950,alkane,Aliphatic hydrocarbons,"InChI=1S/C5H12O/c1-5(2,3)4-6/h6H,4H2,1-3H3",KPSSIOMAKSHJJG-UHFFFAOYSA-N
523,"2,2-dimethyl-1-propanol",9.716003344,75-84-3,CC(C)(C)CO,,,https://doi.org/10.1021/acsestengg.5c00154,alkane,Aliphatic hydrocarbons,"InChI=1S/C5H12O/c1-5(2,3)4-6/h6H,4H2,1-3H3",KPSSIOMAKSHJJG-UHFFFAOYSA-N
524,"2,2-dimethylpropan-1-ol",9.716003344,1267550-78-6,CC(C)(C)CO,,,https://doi.org/10.1021/acs.est.1c05677,alkane,Aliphatic hydrocarbons,"InChI=1S/C5H12O/c1-5(2,3)4-6/h6H,4H2,1-3H3",KPSSIOMAKSHJJG-UHFFFAOYSA-N
525,"2,2-dimethylpropanamide",9.176091259,310874-35-2,CC(C)(C)C(N)=O,,,https://doi.org/10.1021/acs.est.1c04412,alkane,Aliphatic hydrocarbons,"InChI=1S/C5H11NO/c1-5(2,3)4(6)7/h1-3H3,(H2,6,7)",XIPFMBOWZXULIA-UHFFFAOYSA-N
526,"2,3,4,5,6-PENTAFLUOROANILINE",9.982271233,26672-01-5,Nc1c(F)c(F)c(F)c(F)c1F,,,https://doi.org/10.1021/acs.est.1c05206,benzene,Aromatic & PAHs,InChI=1S/C6H2F5N/c7-1-2(8)4(10)6(12)5(11)3(1)9/h12H2,NOXLGCOSAFGMDV-UHFFFAOYSA-N
527,"2,3,4,5,6-Pentafluorobenzaldehyde",9.301029996,653-37-2,Fc1c(F)c(F)c(C=O)c(F)c1F,,,https://doi.org/10.1021/acs.est.1c04870,benzene,Aromatic & PAHs,InChI=1S/C7HF5O/c8-3-2(1-13)4(9)6(11)7(12)5(3)10/h1H,QJXCFMJTJYCLFG-UHFFFAOYSA-N
528,"2,3,4,5,6-Pentafluorobenzoic acid",9.041392685,15989-99-8,OC(=O)c1c(F)c(F)c(F)c(F)c1F,,,https://doi.org/10.1021/acs.est.1c04875,alcohol,Oxygenated organics,"InChI=1S/C7HF5O2/c8-2-1(7(13)14)3(9)5(11)6(12)4(2)10/h(H,13,14)",YZERDTREOUSUHF-UHFFFAOYSA-N
529,"2,3,4,5,6-Pentafluorophenol",9.977723605,96157-57-2,Oc1c(F)c(F)c(F)c(F)c1F,,,https://doi.org/10.1021/acs.est.1c05431,alcohol,Oxygenated organics,InChI=1S/C6HF5O/c7-1-2(8)4(10)6(12)5(11)3(1)9/h12H,XBNGYFFABRKICK-UHFFFAOYSA-N
530,"2,3,4,5,6-pentadeuteriopyridine",9.43,886361-16-6,[2H]c1nc([2H])c([2H])c([2H])c1[2H],7,25,NIST,cyclo,Aromatic & PAHs,"InChI=1S/C5H5N/c1-2-4-6-5-3-1/h1-5H/i1D,2D,3D,4D,5D",JUJWROOIHBZHMG-RALIUCGRSA-N
531,"2,3,4,6-Tetrachlorophenol",9.565847819,1246820-81-4,Oc1c(Cl)cc(Cl)c(Cl)c1Cl,,,https://doi.org/10.1021/acs.est.1c04577,alcohol,Oxygenated organics,"InChI=1S/C6H2Cl4O/c7-2-1-3(8)6(11)5(10)4(2)9/h1,11H",VGVRPFIJEJYOFN-UHFFFAOYSA-N
532,"2,3,4-Trichlorotoluene",9.397940009,7359-72-0,CC1=C(C(=C(C=C1)Cl)Cl)Cl,,,https://doi.org/10.1021/acsestengg.5c00569,alkane,Aliphatic hydrocarbons,"InChI=1S/C7H5Cl3/c1-4-2-3-5(8)7(10)6(4)9/h2-3H,1H3",LHOGNQZQKDZOBP-UHFFFAOYSA-N
533,"2,3,4-trichlorotoluene",9.4,7359-72-0,Cc1ccc(Cl)c(Cl)c1Cl,7,25,https://doi.org/10.1021/acs.est.4c11950,benzene,Aromatic & PAHs,"InChI=1S/C7H5Cl3/c1-4-2-3-5(8)7(10)6(4)9/h2-3H,1H3",LHOGNQZQKDZOBP-UHFFFAOYSA-N
534,"2,3,4-trihydroxybenzoate ion",10.28,482321-92-6,O=C(O)c1ccc(O)c(O)c1O,3,25,NIST,benzene,Aromatic & PAHs,"InChI=1S/C7H6O5/c8-4-2-1-3(7(11)12)5(9)6(4)10/h1-2,8-10H,(H,11,12)",BRRSNXCXLSVPFC-UHFFFAOYSA-N
535,"2,3,4-trimethoxybenzoate ion",10,6395-18-2,O=C(O)c1ccc(O)c(O)c1O,7,25,NIST,benzene,Aromatic & PAHs,"InChI=1S/C7H6O5/c8-4-2-1-3(7(11)12)5(9)6(4)10/h1-2,8-10H,(H,11,12)",BRRSNXCXLSVPFC-UHFFFAOYSA-N
536,"2,3,5,6-tetrafluorobenzene-1,4-diol",9.491361694,141868-20-4,Oc1c(F)c(F)c(O)c(F)c1F,,,https://doi.org/10.1021/acs.est.1c05359,alcohol,Oxygenated organics,InChI=1S/C6H2F4O2/c7-1-2(8)6(12)4(10)3(9)5(1)11/h11-12H,ZSDAMBJDFDRLSS-UHFFFAOYSA-N
537,"2,3,5,6-tetrafluorocyclohexa-2,5-diene-1,4-dione",9.591064607,104830-40-2,FC1=C(F)C(=O)C(=C(F)C1=O)F,,,https://doi.org/10.1021/acs.est.1c05358,cyclo,Aromatic & PAHs,InChI=1S/C6F4O2/c7-1-2(8)6(12)4(10)3(9)5(1)11,JKLYZOGJWVAIQS-UHFFFAOYSA-N
538,"2,3,5-Triiodobenzoic acid",9.989894564,17274-12-3,OC(=O)c1cc(I)cc(I)c1I,,,https://doi.org/10.1021/acs.est.1c05403,alcohol,Oxygenated organics,"InChI=1S/C7H3I3O2/c8-3-1-4(7(11)12)6(10)5(9)2-3/h1-2H,(H,11,12)",ZMZGFLUUZLELNE-UHFFFAOYSA-N
539,"2,3,5-Triphenyltetrazolium",9.851258349,298-96-4,c1ccc(C2=NN(c3ccccc3)N(c3ccccc3)[NH2+]2)cc1,,,https://doi.org/10.1021/acs.est.1c05345,cyclo,Aromatic & PAHs,"InChI=1S/C19H16N4/c1-4-10-16(11-5-1)19-20-22(17-12-6-2-7-13-17)23(21-19)18-14-8-3-9-15-18/h1-15H,(H,20,21)/p+1",QOIRFXTZHVPXLR-UHFFFAOYSA-O
540,"2,3,5-triiodobenzoic acid",9.99,17274-12-3,O=C(O)c1cc(I)cc(I)c1I,7,25,https://doi.org/10.1021/acs.est.4c11950,benzene,Aromatic & PAHs,"InChI=1S/C7H3I3O2/c8-3-1-4(7(11)12)6(10)5(9)2-3/h1-2H,(H,11,12)",ZMZGFLUUZLELNE-UHFFFAOYSA-N
541,"2,3,5-triphenyltetrazolium",9.85,298-96-4,c1ccc(C2=NN(c3ccccc3)N(c3ccccc3)[NH2+]2)cc1,7,25,https://doi.org/10.1021/acs.est.4c11950,cyclo,Aromatic & PAHs,"InChI=1S/C19H16N4/c1-4-10-16(11-5-1)19-20-22(17-12-6-2-7-13-17)23(21-19)18-14-8-3-9-15-18/h1-15H,(H,20,21)/p+1",QOIRFXTZHVPXLR-UHFFFAOYSA-O
542,"2,3,5-triphenyltetrazolium",9.85,298-96-4,[Cl-].c1ccc(-c2nn(-c3ccccc3)[n+](-c3ccccc3)n2)cc1,6.9,25,NIST,cyclo,Aromatic & PAHs,InChI=1S/C19H15N4.ClH/c1-4-10-16(11-5-1)19-20-22(17-12-6-2-7-13-17)23(21-19)18-14-8-3-9-15-18;/h1-15H;1H/q+1;/p-1,PKDBCJSWQUOKDO-UHFFFAOYSA-M
543,"2,3-Di-O-methyl-L-ascorbic acid",9.62,169613-81-4,COC1=C(OC)C(C(O)CO)OC1=O,6.7,25,NIST,diol,Polyfunctional / highly functionalized,"InChI=1S/C8H12O6/c1-12-6-5(4(10)3-9)14-8(11)7(6)13-2/h4-5,9-10H,3H2,1-2H3",PLFZSHMRIUGRDH-UHFFFAOYSA-N
544,"2,3-Dihydro-5-hydroxy-1,4-phthalazinedione",10.07918125,169526-62-9,O=c1[nH][nH]c(=O)c2c(O)cccc12,,,https://doi.org/10.1021/acs.est.1c04654,cyclo,Aromatic & PAHs,"InChI=1S/C8H6N2O3/c11-5-3-1-2-4-6(5)8(13)10-9-7(4)12/h1-3,11H,(H,9,12)(H,10,13)",ZBUBTIDFWFQVLJ-UHFFFAOYSA-N
545,"2,3-Dihydroxy-2-propenal",9.996073654,52126-82-6,O=CC(O)=CO,,,https://doi.org/10.1021/acs.est.1c04358,halogenated,Halogenated organics,"InChI=1S/C3H4O3/c4-1-3(6)2-5/h1-2,4,6H",NGSULTPMGQCSHK-UHFFFAOYSA-N
546,"2,3-Dihydroxybenzoic acid",8.767897616,2680770-15-2,OC(=O)c1cccc(O)c1O,,,https://doi.org/10.1021/acs.est.1c04568,alcohol,Oxygenated organics,"InChI=1S/C7H6O4/c8-5-3-1-2-4(6(5)9)7(10)11/h1-3,8-9H,(H,10,11)",GLDQAMYCGOIJDV-UHFFFAOYSA-N
547,"2,3-Dimethoxyphenol",10.30103,2763780-26-1,COc1cccc(O)c1OC,,,https://doi.org/10.1021/acs.est.1c05511,diol,Polyfunctional / highly functionalized,"InChI=1S/C8H10O3/c1-10-7-5-3-4-6(9)8(7)11-2/h3-5,9H,1-2H3",QSZCGGBDNYTQHH-UHFFFAOYSA-N
548,"2,3-Dimethyl-1-phenyl-3-pyrazolin-5-one",10.07918125,5702-70-5,Cc1cc(=O)n(-c2ccccc2)n1C,,,https://doi.org/10.1021/acs.est.1c05179,alkane,Aliphatic hydrocarbons,"InChI=1S/C11H12N2O/c1-9-8-11(14)13(12(9)2)10-6-4-3-5-7-10/h3-8H,1-2H3",VEQOALNAAJBPNY-UHFFFAOYSA-N
549,"2,3-Dimethyl-1H-indole",10.11394335,105909-15-7,Cc1[nH]c2ccccc2c1C,,,https://doi.org/10.1021/acs.est.1c05214,benzene,Aromatic & PAHs,"InChI=1S/C10H11N/c1-7-8(2)11-10-6-4-3-5-9(7)10/h3-6,11H,1-2H3",PYFVEIDRTLBMHG-UHFFFAOYSA-N
550,"2,3-Dimethyl-4-dimethylamino-1-phenyl-3-pyrazolin-5-one",10.39794001,5702-70-5,Cc1c(N(C)C)c(=O)n(-c2ccccc2)n1C,,,https://doi.org/10.1021/acs.est.1c05540,alkane,Aliphatic hydrocarbons,"InChI=1S/C13H17N3O/c1-10-12(14(2)3)13(17)16(15(10)4)11-8-6-5-7-9-11/h5-9H,1-4H3",RMMXTBMQSGEXHJ-UHFFFAOYSA-N
551,"2,3-Dimethylphenol",10.30103,10247-85-5,Cc1cccc(O)c1C,,,https://doi.org/10.1021/acs.est.1c05698,benzene,Aromatic & PAHs,"InChI=1S/C8H10O/c1-6-4-3-5-8(9)7(6)2/h3-5,9H,1-2H3",QWBBPBRQALCEIZ-UHFFFAOYSA-N
552,"2,3-Dimethylphenol",10.30103,526-75-0,CC1=C(C(=CC=C1)O)C,,,https://doi.org/10.1021/acsestengg.5c00540,alkane,Aliphatic hydrocarbons,"InChI=1S/C8H10O/c1-6-4-3-5-8(9)7(6)2/h3-5,9H,1-2H3",QWBBPBRQALCEIZ-UHFFFAOYSA-N
553,"2,3-butanediol",9.11,6982-25-8,CC(O)C(C)O,7,25,https://doi.org/10.1021/acs.est.4c11950,alkane,Aliphatic hydrocarbons,"InChI=1S/C4H10O2/c1-3(5)4(2)6/h3-6H,1-2H3",OWBTYPJTUOEWEK-UHFFFAOYSA-N
554,"2,3-butanediol",9.113943352,6982-25-8,CC(O)C(C)O,,,https://doi.org/10.1021/acs.est.1c05611,alkane,Aliphatic hydrocarbons,"InChI=1S/C4H10O2/c1-3(5)4(2)6/h3-6H,1-2H3",OWBTYPJTUOEWEK-UHFFFAOYSA-N
555,"2,3-butanediol(2,3-Butylene glycol)",9.113943352,513-85-9,CC(C(C)O)O,,,https://doi.org/10.1021/acsestengg.5c00164,alkane,Aliphatic hydrocarbons,"InChI=1S/C4H10O2/c1-3(5)4(2)6/h3-6H,1-2H3",OWBTYPJTUOEWEK-UHFFFAOYSA-N
556,"2,3-butanedione",8.45,431-03-8,CC(=O)C(C)=O,7,25,https://doi.org/10.1021/acs.est.4c11950,alkane,Aliphatic hydrocarbons,InChI=1S/C4H6O2/c1-3(5)4(2)6/h1-2H3,QSJXEFYPDANLFS-UHFFFAOYSA-N
557,"2,3-butanedione",8.447158031,431-03-8,CC(=O)C(=O)C,,,https://doi.org/10.1021/acsestengg.5c00184,alkane,Aliphatic hydrocarbons,InChI=1S/C4H6O2/c1-3(5)4(2)6/h1-2H3,QSJXEFYPDANLFS-UHFFFAOYSA-N
558,"2,3-dihydro-5-hydroxy-1,4-phthalazinedione",10.08,169526-62-9,O=c1[nH][nH]c(=O)c2c(O)cccc12,11,25,NIST,cyclo,Aromatic & PAHs,"InChI=1S/C8H6N2O3/c11-5-3-1-2-4-6(5)8(13)10-9-7(4)12/h1-3,11H,(H,9,12)(H,10,13)",ZBUBTIDFWFQVLJ-UHFFFAOYSA-N
559,"2,3-dihydro-5-methyl-1,4-phthalazinedione",9.95,1340493-41-5,Cc1cccc2c(=O)[nH][nH]c(=O)c12,11,25,NIST,cyclo,Aromatic & PAHs,"InChI=1S/C9H8N2O2/c1-5-3-2-4-6-7(5)9(13)11-10-8(6)12/h2-4H,1H3,(H,10,12)(H,11,13)",CHGUZNPEZHKETC-UHFFFAOYSA-N
560,"2,3-dihydro-5-nitro-1,4-phthalazinedione",10.48,169479-86-1,O=c1[nH][nH]c(=O)c2c([N+](=O)[O-])cccc12,11,25,NIST,cyclo,Aromatic & PAHs,"InChI=1S/C8H5N3O4/c12-7-4-2-1-3-5(11(14)15)6(4)8(13)10-9-7/h1-3H,(H,9,12)(H,10,13)",YVOBBFQJMOGQOU-UHFFFAOYSA-N
561,"2,3-dihydroxy-2-propenal",10,52126-82-6,O=C/C(O)=C/O,3,25,NIST,halogenated,Halogenated organics,"InChI=1S/C3H4O3/c4-1-3(6)2-5/h1-2,4,6H/b3-1-",NGSULTPMGQCSHK-IWQZZHSRSA-N
562,"2,3-dihydroxy-toluene",10.2,120038-36-0,Cc1cccc(O)c1O,2,25,NIST,benzene,Aromatic & PAHs,"InChI=1S/C7H8O2/c1-5-3-2-4-6(8)7(5)9/h2-4,8-9H,1H3",PGSWEKYNAOWQDF-UHFFFAOYSA-N
563,"2,3-dihydroxybenzoate ion",10,490-80-2,O=C(O)c1cccc(O)c1[O-],3,25,NIST,benzene,Aromatic & PAHs,"InChI=1S/C7H6O4/c8-5-3-1-2-4(6(5)9)7(10)11/h1-3,8-9H,(H,10,11)/p-1",GLDQAMYCGOIJDV-UHFFFAOYSA-M
564,"2,3-dimethoxybenzoate ion",10,128823-83-6,COc1cccc(C(=O)[O-])c1OC,7,25,NIST,diol,Polyfunctional / highly functionalized,"InChI=1S/C9H10O4/c1-12-7-5-3-4-6(9(10)11)8(7)13-2/h3-5H,1-2H3,(H,10,11)/p-1",FODBVCSYJKNBLO-UHFFFAOYSA-M
565,"2,3-dimethoxyphenol",10.30103,5150-42-5,COC1=CC=CC(=C1OC)O,,,https://doi.org/10.1021/acsestengg.5c00440,alcohol,Oxygenated organics,"InChI=1S/C8H10O3/c1-10-7-5-3-4-6(9)8(7)11-2/h3-5,9H,1-2H3",QSZCGGBDNYTQHH-UHFFFAOYSA-N
566,"2,3-dimethoxyphenol",10.3,2763780-26-1,COc1cccc(O)c1OC,7,25,https://doi.org/10.1021/acs.est.4c11950,diol,Polyfunctional / highly functionalized,"InChI=1S/C8H10O3/c1-10-7-5-3-4-6(9)8(7)11-2/h3-5,9H,1-2H3",QSZCGGBDNYTQHH-UHFFFAOYSA-N
567,"2,3-dimethyl-2,3-butanediol",8.74,583034-87-1,CC(C)(O)C(C)(C)O,9,25,NIST,alkane,Aliphatic hydrocarbons,"InChI=1S/C6H14O2/c1-5(2,7)6(3,4)8/h7-8H,1-4H3",IVDFJHOHABJVEH-UHFFFAOYSA-N
568,"2,3-dimethylindole",10.11,41601-98-3,Cc1[nH]c2ccccc2c1C,9,25,https://doi.org/10.1021/acs.est.4c11950,benzene,Aromatic & PAHs,"InChI=1S/C10H11N/c1-7-8(2)11-10-6-4-3-5-9(7)10/h3-6,11H,1-2H3",PYFVEIDRTLBMHG-UHFFFAOYSA-N
569,"2,3-dimethylphenol",10.3,10247-85-5,Cc1cccc(O)c1C,7,25,https://doi.org/10.1021/acs.est.4c11950,benzene,Aromatic & PAHs,"InChI=1S/C8H10O/c1-6-4-3-5-8(9)7(6)2/h3-5,9H,1-2H3",QWBBPBRQALCEIZ-UHFFFAOYSA-N
570,"2,3-epoxypropanol",8.672097858,556-52-5,C1C(O1)CO,,,https://doi.org/10.1021/acsestengg.5c00351,halogenated,Halogenated organics,"InChI=1S/C3H6O2/c4-1-3-2-5-3/h3-4H,1-2H2",CTKINSOISVBQLD-UHFFFAOYSA-N
571,"2,3-epoxypropanol",8.67,556-52-5,OCC1CO1,9,25,NIST,alcohol,Oxygenated organics,"InChI=1S/C3H6O2/c4-1-3-2-5-3/h3-4H,1-2H2",CTKINSOISVBQLD-UHFFFAOYSA-N
572,"2,4,5-Trichlorophenol",10.07918125,93951-82-7,Oc1cc(Cl)c(Cl)cc1Cl,,,https://doi.org/10.1021/acs.est.1c04815,alcohol,Oxygenated organics,"InChI=1S/C6H3Cl3O/c7-3-1-5(9)6(10)2-4(3)8/h1-2,10H",LHJGJYXLEPZJPM-UHFFFAOYSA-N
573,"2,4,5-trichlorophenol",10.07918125,95-95-4,C1=C(C(=CC(=C1Cl)Cl)Cl)O,,,https://doi.org/10.1021/acsestengg.5c00460,halogenated,Halogenated organics,"InChI=1S/C6H3Cl3O/c7-3-1-5(9)6(10)2-4(3)8/h1-2,10H",LHJGJYXLEPZJPM-UHFFFAOYSA-N
574,"2,4,5-trichlorophenol",10.08,93951-82-7,Oc1cc(Cl)c(Cl)cc1Cl,3,25,https://doi.org/10.1021/acs.est.4c11950,alcohol,Oxygenated organics,"InChI=1S/C6H3Cl3O/c7-3-1-5(9)6(10)2-4(3)8/h1-2,10H",LHJGJYXLEPZJPM-UHFFFAOYSA-N
575,"2,4,5-trimethoxybenzoate ion",9.85,836669-76-2,COc1cc(OC)c(C(=O)[O-])cc1OC,7,25,NIST,diol,Polyfunctional / highly functionalized,"InChI=1S/C10H12O5/c1-13-7-5-9(15-3)8(14-2)4-6(7)10(11)12/h4-5H,1-3H3,(H,11,12)/p-1",KVZUCOGWKYOPID-UHFFFAOYSA-M
576,"2,4,6-Trichlorophenol",9.762678564,88-06-2,Oc1c(Cl)cc(Cl)cc1Cl,,,https://doi.org/10.1021/acs.est.1c04529,alcohol,Oxygenated organics,"InChI=1S/C6H3Cl3O/c7-3-1-4(8)6(10)5(9)2-3/h1-2,10H",LINPIYWFGCPVIE-UHFFFAOYSA-N
577,"2,4,6-Trimethoxy-1,3,5-triazine",8.31386722,877-89-4,COc1nc(OC)nc(OC)n1,,,https://doi.org/10.1021/acs.est.1c04699,triazine,Heterocycles,InChI=1S/C6H9N3O3/c1-10-4-7-5(11-2)9-6(8-4)12-3/h1-3H3,DFUGJTBMQKRCPI-UHFFFAOYSA-N
578,"2,4,6-Trimethyl-1,3,5-trioxane",9.342422681,67970-10-9,CC1OC(C)OC(C)O1,,,https://doi.org/10.1021/acs.est.1c05361,diol,Polyfunctional / highly functionalized,"InChI=1S/C6H12O3/c1-4-7-5(2)9-6(3)8-4/h4-6H,1-3H3",SQYNKIJPMDEDEG-UHFFFAOYSA-N
579,"2,4,6-Trimethyl-3-hydroxypyridine",9.397940009,1123-65-5,Cc1cc(C)c(O)c(C)n1,,,https://doi.org/10.1021/acs.est.1c04642,alkane,Aliphatic hydrocarbons,"InChI=1S/C8H11NO/c1-5-4-6(2)9-7(3)8(5)10/h4,10H,1-3H3",GWDFAODRANMDFE-UHFFFAOYSA-N
580,"2,4,6-Trimethylpyridine",9.397940009,1219805-54-5,Cc1cc(C)nc(C)c1,,,https://doi.org/10.1021/acs.est.1c05598,cyclo,Aromatic & PAHs,"InChI=1S/C8H11N/c1-6-4-7(2)9-8(3)5-6/h4-5H,1-3H3",BWZVCCNYKMEVEX-UHFFFAOYSA-N
581,"2,4,6-Trimethylpyridinium",9.301029996,59229-09-3,Cc1cc(C)[nH+]c(C)c1,,,https://doi.org/10.1021/acs.est.1c05519,cyclo,Aromatic & PAHs,"InChI=1S/C8H11N/c1-6-4-7(2)9-8(3)5-6/h4-5H,1-3H3/p+1",BWZVCCNYKMEVEX-UHFFFAOYSA-O
582,"2,4,6-tribromoanisole",9.57,1219795-33-1,COc1c(Br)cc(Br)cc1Br,7,25,https://doi.org/10.1021/acs.est.4c11950,alcohol,Oxygenated organics,"InChI=1S/C7H5Br3O/c1-11-7-5(9)2-4(8)3-6(7)10/h2-3H,1H3",YXTRCOAFNXQTKL-UHFFFAOYSA-N
583,"2,4,6-trichloroanisole",9.71,352439-08-8,COc1c(Cl)cc(Cl)cc1Cl,7,25,https://doi.org/10.1021/acs.est.4c11950,alcohol,Oxygenated organics,"InChI=1S/C7H5Cl3O/c1-11-7-5(9)2-4(8)3-6(7)10/h2-3H,1H3",WCVOGSZTONGSQY-UHFFFAOYSA-N
584,"2,4,6-trichlorophenol",10.08,88-06-2,Oc1c(Cl)cc(Cl)cc1Cl,3,25,NIST,alcohol,Oxygenated organics,"InChI=1S/C6H3Cl3O/c7-3-1-4(8)6(10)5(9)2-3/h1-2,10H",LINPIYWFGCPVIE-UHFFFAOYSA-N
585,"2,4,6-trihydroxy-5-nitro-pyrimidine",9.93,857200-56-7,O=[N+]([O-])c1c(O)nc(O)nc1O,5.9,25,NIST,cyclo,Aromatic & PAHs,"InChI=1S/C4H3N3O5/c8-2-1(7(11)12)3(9)6-4(10)5-2/h(H3,5,6,8,9,10)",UNCCPGQUTWLKQR-UHFFFAOYSA-N
586,"2,4,6-trihydroxybenzoate ion",10.68,5214-30-2,O=C(O)c1c(O)cc(O)cc1O,3,25,NIST,benzene,Aromatic & PAHs,"InChI=1S/C7H6O5/c8-3-1-4(9)6(7(11)12)5(10)2-3/h1-2,8-10H,(H,11,12)",IBHWREHFNDMRPR-UHFFFAOYSA-N
587,"2,4,6-trimethoxy-1,3,5-triazine",8.31,877-89-4,COc1nc(OC)nc(OC)n1,7,25,https://doi.org/10.1021/acs.est.4c11950,triazine,Heterocycles,InChI=1S/C6H9N3O3/c1-10-4-7-5(11-2)9-6(8-4)12-3/h1-3H3,DFUGJTBMQKRCPI-UHFFFAOYSA-N
588,"2,4,6-trimethoxy-1,3,5-triazine",8.31386722,877-89-4,COC1=NC(=NC(=N1)OC)OC,,,https://doi.org/10.1021/acsestengg.5c00521,diol,Polyfunctional / highly functionalized,InChI=1S/C6H9N3O3/c1-10-4-7-5(11-2)9-6(8-4)12-3/h1-3H3,DFUGJTBMQKRCPI-UHFFFAOYSA-N
589,"2,4,6-trimethoxybenzoate ion",10.08,86342-86-1,COc1cc(OC)c(C(=O)[O-])c(OC)c1,7,25,NIST,alcohol,Oxygenated organics,"InChI=1S/C10H12O5/c1-13-6-4-7(14-2)9(10(11)12)8(5-6)15-3/h4-5H,1-3H3,(H,11,12)/p-1",JATAKEDDMQNPOQ-UHFFFAOYSA-M
590,"2,4,6-trimethyl pyridine",9.397940009,108-75-8,CC1=CC(=NC(=C1)C)C,,,https://doi.org/10.1021/acsestengg.5c00494,alkane,Aliphatic hydrocarbons,"InChI=1S/C8H11N/c1-6-4-7(2)9-8(3)5-6/h4-5H,1-3H3",BWZVCCNYKMEVEX-UHFFFAOYSA-N
591,"2,4,6-trimethyl-1,3,5-trioxane",9.34,67970-10-9,CC1OC(C)OC(C)O1,7,25,https://doi.org/10.1021/acs.est.4c11950,diol,Polyfunctional / highly functionalized,"InChI=1S/C6H12O3/c1-4-7-5(2)9-6(3)8-4/h4-6H,1-3H3",SQYNKIJPMDEDEG-UHFFFAOYSA-N
592,"2,4,6-trimethyl-3-hydroxypyridine",9.4,1123-65-5,Cc1cc(C)c(O)c(C)n1,6.5,25,https://doi.org/10.1021/acs.est.4c11950,alkane,Aliphatic hydrocarbons,"InChI=1S/C8H11NO/c1-5-4-6(2)9-7(3)8(5)10/h4,10H,1-3H3",GWDFAODRANMDFE-UHFFFAOYSA-N
593,"2,4,6-trimethylpyridine",9.4,1219805-54-5,Cc1cc(C)nc(C)c1,6.5,25,https://doi.org/10.1021/acs.est.4c11950,cyclo,Aromatic & PAHs,"InChI=1S/C8H11N/c1-6-4-7(2)9-8(3)5-6/h4-5H,1-3H3",BWZVCCNYKMEVEX-UHFFFAOYSA-N
594,"2,4,6-trimethylpyridine",9.81,1219805-54-5,Cc1cc(C)nc(C)c1,10,25,https://doi.org/10.1021/acs.est.4c11950,cyclo,Aromatic & PAHs,"InChI=1S/C8H11N/c1-6-4-7(2)9-8(3)5-6/h4-5H,1-3H3",BWZVCCNYKMEVEX-UHFFFAOYSA-N
595,"2,4,6-trimethylpyridinium",9.3,59229-09-3,Cc1cc(C)[nH+]c(C)c1,7,25,https://doi.org/10.1021/acs.est.4c11950,cyclo,Aromatic & PAHs,"InChI=1S/C8H11N/c1-6-4-7(2)9-8(3)5-6/h4-5H,1-3H3/p+1",BWZVCCNYKMEVEX-UHFFFAOYSA-O
596,"2,4-Dichlorophenol",9.790285164,1202864-83-2,Oc1ccc(Cl)cc1Cl,,,https://doi.org/10.1021/acs.est.1c04679,alcohol,Oxygenated organics,"InChI=1S/C6H4Cl2O/c7-4-1-2-6(9)5(8)3-4/h1-3,9H",HFZWRUODUSTPEG-UHFFFAOYSA-N
597,"2,4-Dihydroxybenzoic acid",9.336459734,286435-20-9,OC(=O)c1ccc(O)cc1O,,,https://doi.org/10.1021/acs.est.1c04953,alcohol,Oxygenated organics,"InChI=1S/C7H6O4/c8-4-1-2-5(7(10)11)6(9)3-4/h1-3,8-9H,(H,10,11)",UIAFKZKHHVMJGS-UHFFFAOYSA-N
598,"2,4-Dimethylpyridine",9.491361694,108-47-4,CC1=CC(=NC=C1)C,,,https://doi.org/10.1021/acsestengg.5c00567,alkane,Aliphatic hydrocarbons,"InChI=1S/C7H9N/c1-6-3-4-8-7(2)5-6/h3-5H,1-2H3",JYYNAJVZFGKDEQ-UHFFFAOYSA-N
599,"2,4-Dimethylpyridine",9.491361694,1805305-68-3,Cc1ccnc(C)c1,,,https://doi.org/10.1021/acs.est.1c05273,cyclo,Aromatic & PAHs,"InChI=1S/C7H9N/c1-6-3-4-8-7(2)5-6/h3-5H,1-2H3",JYYNAJVZFGKDEQ-UHFFFAOYSA-N
600,"2,4-Dinitrophenol",9.359835482,844696-11-3,Oc1ccc(cc1[N+]([O-])=O)[N+]([O-])=O,,,https://doi.org/10.1021/acs.est.1c04594,diol,Polyfunctional / highly functionalized,"InChI=1S/C6H4N2O5/c9-6-2-1-4(7(10)11)3-5(6)8(12)13/h1-3,9H",UFBJCMHMOXMLKC-UHFFFAOYSA-N
601,"2,4-Dinitrotoluene",9.149219113,136833-29-9,Cc1ccc([N+](=O)[O-])cc1[N+](=O)[O-],,,https://doi.org/10.1021/acs.est.1c05440,cyclo,Aromatic & PAHs,"InChI=1S/C7H6N2O4/c1-5-2-3-6(8(10)11)4-7(5)9(12)13/h2-4H,1H3",RMBFBMJGBANMMK-UHFFFAOYSA-N
602,"2,4-Hexadien-1-ol",9.990782692,65395-94-0,CC=CC=CCO,,,https://doi.org/10.1021/acs.est.1c05069,alkane,Aliphatic hydrocarbons,"InChI=1S/C6H10O/c1-2-3-4-5-6-7/h2-5,7H,6H2,1H3",MEIRRNXMZYDVDW-UHFFFAOYSA-N
603,"2,4-dichlorophenol",9.85,1202864-83-2,C1=CC(=C(C=C1Cl)Cl)O,7,22,https://doi.org/10.1021/acs.est.4c11950,halogenated,Halogenated organics,"InChI=1S/C6H4Cl2O/c7-4-1-2-6(9)5(8)3-4/h1-3,9H",HFZWRUODUSTPEG-UHFFFAOYSA-N
604,"2,4-dichlorophenol",9.851258349,120-83-2,C1=CC(=C(C=C1Cl)Cl)O,,,https://doi.org/10.1021/acsestengg.5c00463,halogenated,Halogenated organics,"InChI=1S/C6H4Cl2O/c7-4-1-2-6(9)5(8)3-4/h1-3,9H",HFZWRUODUSTPEG-UHFFFAOYSA-N
605,"2,4-dichlorophenoxy-acetic acid",9.820201459,89685-78-9,O=C(O)COc1ccc(Cl)cc1Cl,,,https://doi.org/10.1021/acs.est.1c04821,alcohol,Oxygenated organics,"InChI=1S/C8H6Cl2O3/c9-5-1-2-7(6(10)3-5)13-4-8(11)12/h1-3H,4H2,(H,11,12)",OVSKIKFHRZPJSS-UHFFFAOYSA-N
606,"2,4-dichlorophenoxyacetic acid",9.82,18584-79-7,OC(=O)COc1ccc(Cl)cc1Cl,7,25,https://doi.org/10.1021/acs.est.4c11950,diol,Polyfunctional / highly functionalized,"InChI=1S/C8H6Cl2O3/c9-5-1-2-7(6(10)3-5)13-4-8(11)12/h1-3H,4H2,(H,11,12)",OVSKIKFHRZPJSS-UHFFFAOYSA-N
607,"2,4-dichlorophenoxyacetic acid",9.819543936,94-75-7,C1=CC(=C(C=C1Cl)Cl)OCC(=O)O,,,https://doi.org/10.1021/acsestengg.5c00461,alcohol,Oxygenated organics,"InChI=1S/C8H6Cl2O3/c9-5-1-2-7(6(10)3-5)13-4-8(11)12/h1-3H,4H2,(H,11,12)",OVSKIKFHRZPJSS-UHFFFAOYSA-N
608,"2,4-dihydroxyacetophenone",10.47712125,89-84-9,CC(=O)C1=C(C=C(C=C1)O)O,,,https://doi.org/10.1021/acsestengg.5c00433,alkane,Aliphatic hydrocarbons,"InChI=1S/C8H8O3/c1-5(9)7-3-2-6(10)4-8(7)11/h2-4,10-11H,1H3",SULYEHHGGXARJS-UHFFFAOYSA-N
609,"2,4-dihydroxyacetophenone",10.48,105503-14-8,CC(=O)c1ccc(O)cc1O,7,25,https://doi.org/10.1021/acs.est.4c11950,benzene,Aromatic & PAHs,"InChI=1S/C8H8O3/c1-5(9)7-3-2-6(10)4-8(7)11/h2-4,10-11H,1H3",SULYEHHGGXARJS-UHFFFAOYSA-N
610,"2,4-dihydroxybenzoate ion",10.2,37622-50-7,O=C([O-])c1ccc(O)cc1O,3,25,NIST,benzene,Aromatic & PAHs,"InChI=1S/C7H6O4/c8-4-1-2-5(7(10)11)6(9)3-4/h1-3,8-9H,(H,10,11)/p-1",UIAFKZKHHVMJGS-UHFFFAOYSA-M
611,"2,4-dimethoxybenzoate ion",10,1242001-26-8,COc1ccc(C(=O)[O-])c(OC)c1,7,25,NIST,alcohol,Oxygenated organics,"InChI=1S/C9H10O4/c1-12-6-3-4-7(9(10)11)8(5-6)13-2/h3-5H,1-2H3,(H,10,11)/p-1",GPVDHNVGGIAOQT-UHFFFAOYSA-M
612,"2,4-dimethoxyphenol",10.41497335,13330-65-9,COC1=CC(=C(C=C1)O)OC,,,https://doi.org/10.1021/acsestengg.5c00441,diol,Polyfunctional / highly functionalized,"InChI=1S/C8H10O3/c1-10-6-3-4-7(9)8(5-6)11-2/h3-5,9H,1-2H3",MNVMYTVDDOXZLS-UHFFFAOYSA-N
613,"2,4-dimethoxyphenol",10.41497335,18113-25-2,COc1ccc(O)c(OC)c1,,,https://doi.org/10.1021/acs.est.1c04714,alcohol,Oxygenated organics,"InChI=1S/C8H10O3/c1-10-6-3-4-7(9)8(5-6)11-2/h3-5,9H,1-2H3",MNVMYTVDDOXZLS-UHFFFAOYSA-N
614,"2,4-dimethoxyphenol",10.41,18113-25-2,COc1ccc(O)c(OC)c1,7,25,https://doi.org/10.1021/acs.est.4c11950,alcohol,Oxygenated organics,"InChI=1S/C8H10O3/c1-10-6-3-4-7(9)8(5-6)11-2/h3-5,9H,1-2H3",MNVMYTVDDOXZLS-UHFFFAOYSA-N
615,"2,4-dimethyl pyridine",9.49,30433-79-5,Cc1ccnc(C)c1,9,25,https://doi.org/10.1021/acs.est.4c11950,cyclo,Aromatic & PAHs,"InChI=1S/C7H9N/c1-6-3-4-8-7(2)5-6/h3-5H,1-2H3",JYYNAJVZFGKDEQ-UHFFFAOYSA-N
616,"2,4-dinitrophenol",9.36,844696-11-3,O=[N+]([O-])c1ccc(O)c([N+](=O)[O-])c1,7,25,https://doi.org/10.1021/acs.est.4c11950,cyclo,Aromatic & PAHs,"InChI=1S/C6H4N2O5/c9-6-2-1-4(7(10)11)3-5(6)8(12)13/h1-3,9H",UFBJCMHMOXMLKC-UHFFFAOYSA-N
617,"2,4-dinitrotoluene",9.15,136833-29-9,Cc1ccc([N+](=O)[O-])cc1[N+](=O)[O-],7,25,https://doi.org/10.1021/acs.est.4c11950,cyclo,Aromatic & PAHs,"InChI=1S/C7H6N2O4/c1-5-2-3-6(8(10)11)4-7(5)9(12)13/h2-4H,1H3",RMBFBMJGBANMMK-UHFFFAOYSA-N
618,"2,4-dioxopyrimidine-5-carboxylate ion",9.6,88468-97-7,O=C([O-])c1c[nH]c(=O)[nH]c1=O,7,25,NIST,cyclo,Aromatic & PAHs,"InChI=1S/C5H4N2O4/c8-3-2(4(9)10)1-6-5(11)7-3/h1H,(H,9,10)(H2,6,7,8,11)/p-1",ZXYAAVBXHKCJJB-UHFFFAOYSA-M
619,"2,4-pentanediol",9.361727836,625-69-4,CC(CC(C)O)O,,,https://doi.org/10.1021/acsestengg.5c00166,alkane,Aliphatic hydrocarbons,"InChI=1S/C5H12O2/c1-4(6)3-5(2)7/h4-7H,3H2,1-2H3",GTCCGKPBSJZVRZ-UHFFFAOYSA-N
620,"2,4-pentanediol",9.36,36402-52-5,CC(O)CC(C)O,7,25,https://doi.org/10.1021/acs.est.4c11950,alkane,Aliphatic hydrocarbons,"InChI=1S/C5H12O2/c1-4(6)3-5(2)7/h4-7H,3H2,1-2H3",GTCCGKPBSJZVRZ-UHFFFAOYSA-N
621,"2,4-pentanedione",10,2367607-54-1,CC(=O)CC(=O)C,6.4,25,https://doi.org/10.1021/acs.est.4c11950,alkane,Aliphatic hydrocarbons,"InChI=1S/C5H8O2/c1-4(6)3-5(2)7/h3H2,1-2H3",YRKCREAYFQTBPV-UHFFFAOYSA-N
622,"2,4-pentanedione anion",9.87,2367607-54-1,CC(=O)/C=C(/C)[O-],10,25,NIST,alkane,Aliphatic hydrocarbons,"InChI=1S/C5H8O2/c1-4(6)3-5(2)7/h3,6H,1-2H3/p-1/b4-3-",POILWHVDKZOXJZ-ARJAWSKDSA-M
623,"2,5-Dihydroxybenzoic acid",10.13672057,90-79-9,OC(=O)c1cc(O)ccc1O,,,https://doi.org/10.1021/acs.est.1c04695,alcohol,Oxygenated organics,"InChI=1S/C7H6O4/c8-4-1-2-6(9)5(3-4)7(10)11/h1-3,8-9H,(H,10,11)",WXTMDXOMEHJXQO-UHFFFAOYSA-N
624,"2,5-Dimethyl-3-hexyne-2,5-diol",9.51851394,865649-88-3,CC(C)(O)C#CC(C)(C)O,,,https://doi.org/10.1021/acs.est.1c05396,alkane,Aliphatic hydrocarbons,"InChI=1S/C8H14O2/c1-7(2,9)5-6-8(3,4)10/h9-10H,1-4H3",IHJUECRFYCQBMW-UHFFFAOYSA-N
625,"2,5-Dimethylthiophene",9.85672889,1343418-75-6,Cc1ccc(C)s1,,,https://doi.org/10.1021/acs.est.1c04887,"sulfide, disulfide",Sulfur-containing organics,"InChI=1S/C6H8S/c1-5-3-4-6(2)7-5/h3-4H,1-2H3",GWQOOADXMVQEFT-UHFFFAOYSA-N
626,"2,5-diaminopentanoic acid",8.15,207734-73-4,NCCCC(N)C(=O)O,6.7,25,NIST,halogenated,Halogenated organics,"InChI=1S/C5H12N2O2/c6-3-1-2-4(7)5(8)9/h4H,1-3,6-7H2,(H,8,9)",AHLPHDHHMVZTML-UHFFFAOYSA-N
627,"2,5-diaminopentanoic acid",7.88,207734-73-4,NCCCC(N)C(=O)O,7.4,25,NIST,halogenated,Halogenated organics,"InChI=1S/C5H12N2O2/c6-3-1-2-4(7)5(8)9/h4H,1-3,6-7H2,(H,8,9)",AHLPHDHHMVZTML-UHFFFAOYSA-N
628,"2,5-diaminopentanoic acid",8.3,207734-73-4,NCCCC(N)C(=O)O,2,25,NIST,halogenated,Halogenated organics,"InChI=1S/C5H12N2O2/c6-3-1-2-4(7)5(8)9/h4H,1-3,6-7H2,(H,8,9)",AHLPHDHHMVZTML-UHFFFAOYSA-N
629,"2,5-dichlorobenzene-1,4-diol",10.32221929,30522-84-0,Oc1cc(Cl)c(O)cc1Cl,,,https://doi.org/10.1021/acs.est.1c04952,alcohol,Oxygenated organics,"InChI=1S/C6H4Cl2O2/c7-3-1-5(9)4(8)2-6(3)10/h1-2,9-10H",AYNPIRVEWMUJDE-UHFFFAOYSA-N
630,"2,5-dichlorohydroquinone",10.32221929,824-69-1,C1=C(C(=CC(=C1Cl)O)Cl)O,,,https://doi.org/10.1021/acsestengg.5c00466,halogenated,Halogenated organics,"InChI=1S/C6H4Cl2O2/c7-3-1-5(9)4(8)2-6(3)10/h1-2,9-10H",AYNPIRVEWMUJDE-UHFFFAOYSA-N
631,"2,5-dichlorohydroquinone",10.32,24118-25-0,Oc1cc(Cl)c(O)cc1Cl,0,25,"Al-Suhyban and Hughes, 1988",alcohol,Oxygenated organics,"InChI=1S/C6H4Cl2O2/c7-3-1-5(9)4(8)2-6(3)10/h1-2,9-10H",AYNPIRVEWMUJDE-UHFFFAOYSA-N
632,"2,5-dihydroxyacetophenone",9.903089987,490-78-8,CC(=O)C1=C(C=CC(=C1)O)O,,,https://doi.org/10.1021/acsestengg.5c00434,alkane,Aliphatic hydrocarbons,"InChI=1S/C8H8O3/c1-5(9)7-4-6(10)2-3-8(7)11/h2-4,10-11H,1H3",WLDWSGZHNBANIO-UHFFFAOYSA-N
633,"2,5-dihydroxyacetophenone",9.9,490-78-8,CC(=O)c1cc(O)ccc1O,7,25,https://doi.org/10.1021/acs.est.4c11950,benzene,Aromatic & PAHs,"InChI=1S/C8H8O3/c1-5(9)7-4-6(10)2-3-8(7)11/h2-4,10-11H,1H3",WLDWSGZHNBANIO-UHFFFAOYSA-N
634,"2,5-dihydroxybenzoate ion",10.23,490-80-2,O=C([O-])c1cc(O)ccc1O,3,25,NIST,benzene,Aromatic & PAHs,"InChI=1S/C7H6O4/c8-4-1-2-6(9)5(3-4)7(10)11/h1-3,8-9H,(H,10,11)/p-1",WXTMDXOMEHJXQO-UHFFFAOYSA-M
635,"2,5-dimethyl-3-hexyne-2,5-diol",9.52,865649-88-3,CC(C)(O)C#CC(C)(C)O,1,25,https://doi.org/10.1021/acs.est.4c11950,alkane,Aliphatic hydrocarbons,"InChI=1S/C8H14O2/c1-7(2,9)5-6-8(3,4)10/h9-10H,1-4H3",IHJUECRFYCQBMW-UHFFFAOYSA-N
636,"2,5-dimethylthiophene",9.86,1343418-75-6,CC1=CC=C(S1)C,7,25,https://doi.org/10.1021/acs.est.4c11950,alkane,Aliphatic hydrocarbons,"InChI=1S/C6H8S/c1-5-3-4-6(2)7-5/h3-4H,1-2H3",GWQOOADXMVQEFT-UHFFFAOYSA-N
637,"2,6,6-Trimethylcyclohexene-1-carbaldehyde",9.869818208,432-25-7,CC1=C(C=O)C(C)(C)CCC1,,,https://doi.org/10.1021/acs.est.1c04931,cyclo,Aromatic & PAHs,"InChI=1S/C10H16O/c1-8-5-4-6-10(2,3)9(8)7-11/h7H,4-6H2,1-3H3",MOQGCGNUWBPGTQ-UHFFFAOYSA-N
638,"2,6-Di-tert-butyl-4-methylphenol",9.51054501,1219805-92-1,Cc1cc(C(C)(C)C)c(O)c(C(C)(C)C)c1,,,https://doi.org/10.1021/acs.est.1c04961,cyclo,Aromatic & PAHs,"InChI=1S/C15H24O/c1-10-8-11(14(2,3)4)13(16)12(9-10)15(5,6)7/h8-9,16H,1-7H3",NLZUEZXRPGMBCV-UHFFFAOYSA-N
639,"2,6-Dimethoxyphenol",10.41497335,91-10-1,COC1=C(C(=CC=C1)OC)O,,,https://doi.org/10.1021/acsestengg.5c00566,diol,Polyfunctional / highly functionalized,"InChI=1S/C8H10O3/c1-10-6-4-3-5-7(11-2)8(6)9/h3-5,9H,1-2H3",KLIDCXVFHGNTTM-UHFFFAOYSA-N
640,"2,6-Dimethoxyphenol",10.41497335,70654-71-6,COc1cccc(OC)c1O,,,https://doi.org/10.1021/acs.est.1c05426,alcohol,Oxygenated organics,"InChI=1S/C8H10O3/c1-10-6-4-3-5-7(11-2)8(6)9/h3-5,9H,1-2H3",KLIDCXVFHGNTTM-UHFFFAOYSA-N
641,"2,6-Dimethylphenol",10.41497335,576-26-1,CC1=C(C(=CC=C1)C)O,,,https://doi.org/10.1021/acsestengg.5c00539,alkane,Aliphatic hydrocarbons,"InChI=1S/C8H10O/c1-6-4-3-5-7(2)8(6)9/h3-5,9H,1-2H3",NXXYKOUNUYWIHA-UHFFFAOYSA-N
642,"2,6-Dimethylphenol",10.41497335,74571-82-7,Cc1cccc(C)c1O,,,https://doi.org/10.1021/acs.est.1c04810,benzene,Aromatic & PAHs,"InChI=1S/C8H10O/c1-6-4-3-5-7(2)8(6)9/h3-5,9H,1-2H3",NXXYKOUNUYWIHA-UHFFFAOYSA-N
643,"2,6-Dimethylpyridine",9.477121255,855643-34-4,Cc1cccc(C)n1,,,https://doi.org/10.1021/acs.est.1c04850,alkane,Aliphatic hydrocarbons,"InChI=1S/C7H9N/c1-6-4-3-5-7(2)8-6/h3-5H,1-2H3",OISVCGZHLKNMSJ-UHFFFAOYSA-N
644,"2,6-Dinitrotoluene",9.178976947,153919-64-3,Cc1c([N+](=O)[O-])cccc1[N+](=O)[O-],,,https://doi.org/10.1021/acs.est.1c04591,cyclo,Aromatic & PAHs,"InChI=1S/C7H6N2O4/c1-5-6(8(10)11)3-2-4-7(5)9(12)13/h2-4H,1H3",XTRDKALNCIHHNI-UHFFFAOYSA-N
645,"2,6-Nonadienal",10.0211893,17587-33-6,CC/C=C/CC/C=C/C=O,,,https://doi.org/10.1021/acs.est.1c05684,alkane,Aliphatic hydrocarbons,"InChI=1S/C9H14O/c1-2-3-4-5-6-7-8-9-10/h3-4,7-9H,2,5-6H2,1H3/b4-3+,8-7+",HZYHMHHBBBSGHB-DYWGDJMRSA-N
646,"2,6-di-tert-butyl-4-methylphenol",9.51,1219805-92-1,Cc1cc(C(C)(C)C)c(O)c(C(C)(C)C)c1,7,25,https://doi.org/10.1021/acs.est.4c11950,cyclo,Aromatic & PAHs,"InChI=1S/C15H24O/c1-10-8-11(14(2,3)4)13(16)12(9-10)15(5,6)7/h8-9,16H,1-7H3",NLZUEZXRPGMBCV-UHFFFAOYSA-N
647,"2,6-dichloro-4-[-(4-hydroxyphenyl)imino]-2,5-cyclohexadien-1-one",10.83,62444-74-0,O=C1C=CC(=Nc2cc(Cl)c(O)c(Cl)c2)C=C1,7,25,NIST,cyclo,Aromatic & PAHs,"InChI=1S/C12H7Cl2NO2/c13-10-5-8(6-11(14)12(10)17)15-7-1-3-9(16)4-2-7/h1-6,17H",FBWADIKARMIWNM-UHFFFAOYSA-N
648,"2,6-dichloroindophenol",10.83,1266615-56-8,O=C1C(Cl)=CC(=Nc2ccc(O)cc2)C=C1Cl,7,25,https://doi.org/10.1021/acs.est.4c11950,cyclo,Aromatic & PAHs,"InChI=1S/C12H7Cl2NO2/c13-10-5-8(6-11(14)12(10)17)15-7-1-3-9(16)4-2-7/h1-6,16H",CCBICDLNWJRFPO-UHFFFAOYSA-N
649,"2,6-dihydroxybenzoate ion",10,921758-98-7,O=C([O-])c1c(O)cccc1O,3,25,NIST,benzene,Aromatic & PAHs,"InChI=1S/C7H6O4/c8-4-2-1-3-5(9)6(4)7(10)11/h1-3,8-9H,(H,10,11)/p-1",AKEUNCKRJATALU-UHFFFAOYSA-M
650,"2,6-dimethoxybenzoate ion",9.82,34328-54-6,COc1cccc(OC)c1C(=O)[O-],7,25,NIST,alcohol,Oxygenated organics,"InChI=1S/C9H10O4/c1-12-6-4-3-5-7(13-2)8(6)9(10)11/h3-5H,1-2H3,(H,10,11)/p-1",MBIZFBDREVRUHY-UHFFFAOYSA-M
651,"2,6-dimethoxyphenol",10.41,70654-71-6,COc1cccc(OC)c1O,7,25,https://doi.org/10.1021/acs.est.4c11950,alcohol,Oxygenated organics,"InChI=1S/C8H10O3/c1-10-6-4-3-5-7(11-2)8(6)9/h3-5,9H,1-2H3",KLIDCXVFHGNTTM-UHFFFAOYSA-N
652,"2,6-dimethyl pyridine",9.48,24994-61-4,Cc1cccc(C)n1,9,25,https://doi.org/10.1021/acs.est.4c11950,alkane,Aliphatic hydrocarbons,"InChI=1S/C7H9N/c1-6-4-3-5-7(2)8-6/h3-5H,1-2H3",OISVCGZHLKNMSJ-UHFFFAOYSA-N
653,"2,6-dimethyl pyridine",9.477121255,108-48-5,CC1=NC(=CC=C1)C,,,https://doi.org/10.1021/acsestengg.5c00492,alkane,Aliphatic hydrocarbons,"InChI=1S/C7H9N/c1-6-4-3-5-7(2)8-6/h3-5H,1-2H3",OISVCGZHLKNMSJ-UHFFFAOYSA-N
654,"2,6-dimethyl pyridine",9.86,24994-61-4,Cc1cccc(C)n1,10,25,https://doi.org/10.1021/acs.est.4c11950,alkane,Aliphatic hydrocarbons,"InChI=1S/C7H9N/c1-6-4-3-5-7(2)8-6/h3-5H,1-2H3",OISVCGZHLKNMSJ-UHFFFAOYSA-N
655,"2,6-dimethylphenol",10.42,74571-82-7,Cc1cccc(C)c1O,7,25,https://doi.org/10.1021/acs.est.4c11950,benzene,Aromatic & PAHs,"InChI=1S/C8H10O/c1-6-4-3-5-7(2)8(6)9/h3-5,9H,1-2H3",NXXYKOUNUYWIHA-UHFFFAOYSA-N
656,"2,6-dimethylpyridinium",8.9,87117-15-5,Cc1cccc(C)[nH+]1,7,25,NIST,alkane,Aliphatic hydrocarbons,"InChI=1S/C7H9N/c1-6-4-3-5-7(2)8-6/h3-5H,1-2H3/p+1",OISVCGZHLKNMSJ-UHFFFAOYSA-O
657,"2,6-dinitro-N,N-dipropyl-4-(trifluoromethyl)aniline",9.11058971,36462-40-5,CCCN(CCC)c1c(cc(cc1[N+]([O-])=O)C(F)(F)F)[N+]([O-])=O,,,https://doi.org/10.1021/acs.est.1c05482,alkane,Aliphatic hydrocarbons,"InChI=1S/C13H16F3N3O4/c1-3-5-17(6-4-2)12-10(18(20)21)7-9(13(14,15)16)8-11(12)19(22)23/h7-8H,3-6H2,1-2H3",ZSDSQXJSNMTJDA-UHFFFAOYSA-N
658,"2,6-dinitrotoluene",9.18,153919-64-3,Cc1c([N+](=O)[O-])cccc1[N+](=O)[O-],7,25,Zhong et al.,cyclo,Aromatic & PAHs,"InChI=1S/C7H6N2O4/c1-5-6(8(10)11)3-2-4-7(5)9(12)13/h2-4H,1H3",XTRDKALNCIHHNI-UHFFFAOYSA-N
659,"2,6-ditert-butyl-4-methylphenol",9.51054501,56108-39-5,Cc1cc(c(O)c(c1)C(C)(C)C)C(C)(C)C,,,https://doi.org/10.1021/acs.est.1c04608,alkane,Aliphatic hydrocarbons,"InChI=1S/C15H24O/c1-10-8-11(14(2,3)4)13(16)12(9-10)15(5,6)7/h8-9,16H,1-7H3",NLZUEZXRPGMBCV-UHFFFAOYSA-N
660,"2,6-nonadienal",10.02,17587-33-6,CC/C=C/CC/C=C/C=O,7,25,Zhong et al.,alkane,Aliphatic hydrocarbons,"InChI=1S/C9H14O/c1-2-3-4-5-6-7-8-9-10/h3-4,7-9H,2,5-6H2,1H3/b4-3+,8-7+",HZYHMHHBBBSGHB-DYWGDJMRSA-N
661,"2,6-pyridinedicarboxulic acid",8.7,100379-00-8,C1=CN=C(C=C1C(=O)O)C(=O)O,7,25,https://doi.org/10.1021/acs.est.4c11950,halogenated,Halogenated organics,"InChI=1S/C7H5NO4/c9-6(10)4-1-2-8-5(3-4)7(11)12/h1-3H,(H,9,10)(H,11,12)",MJIVRKPEXXHNJT-UHFFFAOYSA-N
662,"2,6-pyridinedicarboxyate dianion",9.32,35345-27-8,O=C([O-])c1cccc(C(=O)[O-])n1,10,25,NIST,halogenated,Halogenated organics,"InChI=1S/C7H5NO4/c9-6(10)4-2-1-3-5(8-4)7(11)12/h1-3H,(H,9,10)(H,11,12)/p-2",WJJMNDUMQPNECX-UHFFFAOYSA-L
663,2-(1-Naphthyl)acetic acid,10,37059-68-0,OC(=O)Cc1cccc2ccccc12,,,https://doi.org/10.1021/acs.est.1c04478,alcohol,Oxygenated organics,"InChI=1S/C12H10O2/c13-12(14)8-10-6-3-5-9-4-1-2-7-11(9)10/h1-7H,8H2,(H,13,14)",PRPINYUDVPFIRX-UHFFFAOYSA-N
664,"2-(2,4,5-trichlorophenoxy)acetic acid",9.568201724,16898-30-9,O=C(O)COc1cc(Cl)c(Cl)cc1Cl,,,https://doi.org/10.1021/acs.est.1c04454,alcohol,Oxygenated organics,"InChI=1S/C8H5Cl3O3/c9-4-1-6(11)7(2-5(4)10)14-3-8(12)13/h1-2H,3H2,(H,12,13)",SMYMJHWAQXWPDB-UHFFFAOYSA-N
665,"2-(2,4,5-trichlorophenoxy)acetic acid",9.57,16898-30-9,O=C(O)COc1cc(Cl)c(Cl)cc1Cl,7,25,https://doi.org/10.1021/acs.est.4c11950,alcohol,Oxygenated organics,"InChI=1S/C8H5Cl3O3/c9-4-1-6(11)7(2-5(4)10)14-3-8(12)13/h1-2H,3H2,(H,12,13)",SMYMJHWAQXWPDB-UHFFFAOYSA-N
666,2-(2-Hydroxyethoxy)ethanol,9.322219295,82187-69-7,OCCOCCO,,,https://doi.org/10.1021/acs.est.1c05015,diol,Polyfunctional / highly functionalized,"InChI=1S/C4H10O3/c5-1-3-7-4-2-6/h5-6H,1-4H2",MTHSVFCYNBDYFN-UHFFFAOYSA-N
667,2-(2-hydroxyethylsulfanyl)ethanol,10.30103,67674-61-7,OCCSCCO,,,https://doi.org/10.1021/acs.est.1c04708,"sulfide, disulfide",Sulfur-containing organics,"InChI=1S/C4H10O2S/c5-1-3-7-4-2-6/h5-6H,1-4H2",YODZTKMDCQEPHD-UHFFFAOYSA-N
668,2-(2-hydroxyethylsulfinyl)ethanol,9.72427587,76305-83-4,OCC[S](=O)CCO,,,https://doi.org/10.1021/acs.est.1c04531,"sulfide, disulfide",Sulfur-containing organics,"InChI=1S/C4H10O3S/c5-1-3-8(7)4-2-6/h5-6H,1-4H2",XHKPPUVICXLDRJ-UHFFFAOYSA-N
669,2-(2-methyl-5-nitroimidazol-1-yl)ethanol,9.83,65020-31-7,Cc1ncc([N+](=O)[O-])n1CCO.Cc1ncc([N+](=O)[O-])n1CCO.[Cl-].[Cl-].[Pt+2],7,25,NIST,diol,Polyfunctional / highly functionalized,"InChI=1S/2C6H9N3O3.2ClH.Pt/c2*1-5-7-4-6(9(11)12)8(5)2-3-10;;;/h2*4,10H,2-3H2,1H3;2*1H;/q;;;;+2/p-2",DUKLEUQMJMOVIY-UHFFFAOYSA-L
670,"2-(3,4-DIHYDROXYPHENYL)ACETIC ACID",8.418301291,27320-20-3,OC(=O)Cc1ccc(O)c(O)c1,,,https://doi.org/10.1021/acs.est.1c04401,alcohol,Oxygenated organics,"InChI=1S/C8H8O4/c9-6-2-1-5(3-7(6)10)4-8(11)12/h1-3,9-10H,4H2,(H,11,12)",CFFZDZCDUFSOFZ-UHFFFAOYSA-N
671,"2-(3,4-dihydroxyphenyl)-3,5,7-trihydroxychromen-4-one",10.17609126,7255-55-2,Oc1cc(O)c2C(=O)C(=C(Oc2c1)c3ccc(O)c(O)c3)O,,,https://doi.org/10.1021/acs.est.1c04347,alcohol,Oxygenated organics,"InChI=1S/C15H10O7/c16-7-4-10(19)12-11(5-7)22-15(14(21)13(12)20)6-1-2-8(17)9(18)3-6/h1-5,16-19,21H",REFJWTPEDVJJIY-UHFFFAOYSA-N
672,2-(4-Chlorophenoxy)-2-methylpropanoic acid,9.720159303,24159-09-9,CC(C)(Oc1ccc(Cl)cc1)C(O)=O,,,https://doi.org/10.1021/acs.est.1c04641,alkane,Aliphatic hydrocarbons,"InChI=1S/C10H11ClO3/c1-10(2,9(12)13)14-8-5-3-7(11)4-6-8/h3-6H,1-2H3,(H,12,13)",TXCGAZHTZHNUAI-UHFFFAOYSA-N
673,2-(6-methoxynaphthalen-2-yl)propanoic acid,9.880241776,1890718-69-0,COc1ccc2cc(ccc2c1)C(C)C(O)=O,,,https://doi.org/10.1021/acs.est.1c04580,alcohol,Oxygenated organics,"InChI=1S/C14H14O3/c1-9(14(15)16)10-3-4-12-8-13(17-2)6-5-11(12)7-10/h3-9H,1-2H3,(H,15,16)",CMWTZPSULFXXJA-UHFFFAOYSA-N
674,"2-(Chloromethyl)-1,3-dioxolane",9.544068044,7166-45-2,ClCC1OCCO1,,,https://doi.org/10.1021/acs.est.1c04943,alcohol,Oxygenated organics,"InChI=1S/C4H7ClO2/c5-3-4-6-1-2-7-4/h4H,1-3H2",IKZOMJGRWIOEDP-UHFFFAOYSA-N
675,2-(N-morpholinocarbonyl)-5-nitrothiophene,9.49,1445322-59-7,O=C(c1ccc([N+](=O)[O-])s1)N1CCOCC1,7,25,NIST,diol,Polyfunctional / highly functionalized,"InChI=1S/C9H10N2O4S/c12-9(10-3-5-15-6-4-10)7-1-2-8(16-7)11(13)14/h1-2H,3-6H2",RKBSEAKDMUAGLJ-UHFFFAOYSA-N
676,2-(bis(2-hydroxyethynyl)amino)ethynol,9.903089987,823813-77-0,OCCN(CCO)CCO,,,https://doi.org/10.1021/acs.est.1c05591,alcohol,Oxygenated organics,"InChI=1S/C6H15NO3/c8-4-1-7(2-5-9)3-6-10/h8-10H,1-6H2",GSEJCLTVZPLZKY-UHFFFAOYSA-N
677,2-(bis(carboxymethyl)amino)acetic acid,9.322219295,75022-75-2,OC(=O)CN(CC(O)=O)CC(O)=O,,,https://doi.org/10.1021/acs.est.1c04637,diol,Polyfunctional / highly functionalized,"InChI=1S/C6H9NO6/c8-4(9)1-7(2-5(10)11)3-6(12)13/h1-3H2,(H,8,9)(H,10,11)(H,12,13)",MGFYIUFZLHCRTH-UHFFFAOYSA-N
678,2-(carboxymethylamino)acetic acid,7.69019608,6951-96-8,OC(=O)CNCC(O)=O,,,https://doi.org/10.1021/acs.est.1c05539,alcohol,Oxygenated organics,"InChI=1S/C4H7NO4/c6-3(7)1-5-2-4(8)9/h5H,1-2H2,(H,6,7)(H,8,9)",NBZBKCUXIYYUSX-UHFFFAOYSA-N
679,2-(carboxymethylsulfanyl)acetic acid,9.77815125,6944-64-5,OC(=O)CSCC(O)=O,,,https://doi.org/10.1021/acs.est.1c04754,"sulfide, disulfide",Sulfur-containing organics,"InChI=1S/C4H6O4S/c5-3(6)1-9-2-4(7)8/h1-2H2,(H,5,6)(H,7,8)",UVZICZIVKIMRNE-UHFFFAOYSA-N
680,"2-(chloromethyl)-1,3-dioxolane",9.54,7166-45-2,ClCC1OCCO1,7,25,https://doi.org/10.1021/acs.est.4c11950,alcohol,Oxygenated organics,"InChI=1S/C4H7ClO2/c5-3-4-6-1-2-7-4/h4H,1-3H2",IKZOMJGRWIOEDP-UHFFFAOYSA-N
681,"2-(dihydrogen phosphate)-1,2,3-propanetriol",9.42,17670-05-2,O=P(O)(O)OC(CO)CO,7,25,NIST,diol,Polyfunctional / highly functionalized,"InChI=1S/C3H9O6P/c4-1-3(2-5)9-10(6,7)8/h3-5H,1-2H2,(H2,6,7,8)",DHCLVCXQIBBOPH-UHFFFAOYSA-N
682,2-(dihydroxyamino)phenol,9.770115295,29788-27-0,Oc1ccccc1[N+]([O-])=O,,,https://doi.org/10.1021/acs.est.1c04665,alcohol,Oxygenated organics,"InChI=1S/C6H5NO3/c8-6-4-2-1-3-5(6)7(9)10/h1-4,8H",IQUPABOKLQSFBK-UHFFFAOYSA-N
683,2-(dimethylaminomethyl)-indole(gramine),10.48,87-52-5,CN(C)CC1=CNC2=CC=CC=C21,9,25,https://doi.org/10.1021/acs.est.4c11950,cyclo,Aromatic & PAHs,"InChI=1S/C11H14N2/c1-13(2)8-9-7-12-11-6-4-3-5-10(9)11/h3-7,12H,8H2,1-2H3",OCDGBSUVYYVKQZ-UHFFFAOYSA-N
684,"2-(hydroxymethyl)-6-(phenoxy)oxane-3,4,5-triol",9.64,1173203-37-6,OCC1OC(Oc2ccccc2)C(O)C(O)C1O,6.8,25,NIST,diol,Polyfunctional / highly functionalized,"InChI=1S/C12H16O6/c13-6-8-9(14)10(15)11(16)12(18-8)17-7-4-2-1-3-5-7/h1-5,8-16H,6H2",NEZJDVYDSZTRFS-UHFFFAOYSA-N
685,"2-(hydroxymethyl)-6-(phenoxy)oxane-3,4,5-triol",9.74,1173203-37-6,OCC1OC(Oc2ccccc2)C(O)C(O)C1O,7,25,NIST,diol,Polyfunctional / highly functionalized,"InChI=1S/C12H16O6/c13-6-8-9(14)10(15)11(16)12(18-8)17-7-4-2-1-3-5-7/h1-5,8-16H,6H2",NEZJDVYDSZTRFS-UHFFFAOYSA-N
686,"2-(p-nitrophenyl)-3,5-diphenyltetrazolium",10,20829-03-2,O=[N+]([O-])c1ccc(N2[NH2+]C(c3ccccc3)=NN2c2ccccc2)cc1,6.9,25,NIST,benzene,Aromatic & PAHs,"InChI=1S/C19H15N5O2/c25-24(26)18-13-11-17(12-14-18)23-21-19(15-7-3-1-4-8-15)20-22(23)16-9-5-2-6-10-16/h1-14H,(H,20,21)/p+1",QRFBRSGBKNLCPB-UHFFFAOYSA-O
687,2-(phenoxy)acetic acid,10,27529-82-4,OC(=O)COc1ccccc1,,,https://doi.org/10.1021/acs.est.1c05627,diol,Polyfunctional / highly functionalized,"InChI=1S/C8H8O3/c9-8(10)6-11-7-4-2-1-3-5-7/h1-5H,6H2,(H,9,10)",LCPDWSOZIOUXRV-UHFFFAOYSA-N
688,2-Acetamido-2-deoxy-D-galactopyranose,9.204119983,1980008-50-1,CC(=O)N[C@H]1C(O)O[C@H](CO)[C@H](O)[C@@H]1O,,,https://doi.org/10.1021/acs.est.1c04532,alkane,Aliphatic hydrocarbons,"InChI=1S/C8H15NO6/c1-3(11)9-5-7(13)6(12)4(2-10)15-8(5)14/h4-8,10,12-14H,2H2,1H3,(H,9,11)/t4-,5-,6+,7-,8?/m1/s1",OVRNDRQMDRJTHS-KEWYIRBNSA-N
689,2-Acetamido-2-deoxy-α-D-glucopyranose,9.491361694,93060-86-7,CC(=O)N[C@H]1[C@@H](O)O[C@H](CO)[C@@H](O)[C@@H]1O,,,https://doi.org/10.1021/acs.est.1c05534,alkane,Aliphatic hydrocarbons,"InChI=1S/C8H15NO6/c1-3(11)9-5-7(13)6(12)4(2-10)15-8(5)14/h4-8,10,12-14H,2H2,1H3,(H,9,11)/t4-,5-,6-,7-,8+/m1/s1",OVRNDRQMDRJTHS-PVFLNQBWSA-N
690,"2-Amino-2-(hydroxymethyl)propane-1,3-diol",9.176091259,175683-21-3,NC(CO)(CO)CO,,,https://doi.org/10.1021/acs.est.1c04606,halogenated,Halogenated organics,"InChI=1S/C4H11NO3/c5-4(1-6,2-7)3-8/h6-8H,1-3,5H2",LENZDBCJOHFCAS-UHFFFAOYSA-N
691,2-Amino-4-hydroxy-6-methylpyrimidine,9.77815125,1240600-77-4,Cc1cc(O)nc(N)n1,,,https://doi.org/10.1021/acs.est.1c05221,alkane,Aliphatic hydrocarbons,"InChI=1S/C5H7N3O/c1-3-2-4(9)8-5(6)7-3/h2H,1H3,(H3,6,7,8,9)",KWXIPEYKZKIAKR-UHFFFAOYSA-N
692,2-Amino-4-hydroxy-6-methylpyrimidine,9.78,1240600-77-4,Cc1cc(O)nc(N)n1,7,25,https://doi.org/10.1021/acs.est.4c11950,alkane,Aliphatic hydrocarbons,"InChI=1S/C5H7N3O/c1-3-2-4(9)8-5(6)7-3/h2H,1H3,(H3,6,7,8,9)",KWXIPEYKZKIAKR-UHFFFAOYSA-N
693,2-Aminoacetamide,9.447158031,1314937-98-8,NCC(N)=O,,,https://doi.org/10.1021/acs.est.1c04798,halogenated,Halogenated organics,"InChI=1S/C2H6N2O/c3-1-2(4)5/h1,3H2,(H2,4,5)",BEBCJVAWIBVWNZ-UHFFFAOYSA-N
694,2-Aminobutyric acid,8.72427587,20-79-1,CCC(N)C(=O)O,,,https://doi.org/10.1021/acs.est.1c05151,alkane,Aliphatic hydrocarbons,"InChI=1S/C4H9NO2/c1-2-3(5)4(6)7/h3H,2,5H2,1H3,(H,6,7)",QWCKQJZIFLGMSD-UHFFFAOYSA-N
695,2-Aminopyridine,9.924279286,504-29-0,C1=CC=NC(=C1)N,,,https://doi.org/10.1021/acsestengg.5c00478,halogenated,Halogenated organics,"InChI=1S/C5H6N2/c6-5-3-1-2-4-7-5/h1-4H,(H2,6,7)",ICSNLGPSRYBMBD-UHFFFAOYSA-N
696,"2-BROMO-2-CHLORO-1,1,1-TRIFLUOROETHANE",7.113943352,754-19-8,FC(F)(F)C(Cl)Br,,,https://doi.org/10.1021/acs.est.1c05457,halogenated,Halogenated organics,"InChI=1S/C2HBrClF3/c3-1(4)2(5,6)7/h1H",BCQZXOMGPXTTIC-UHFFFAOYSA-N
697,2-Bromo-2-methylpropane,8.342422681,344299-42-9,CC(C)(C)Br,,,https://doi.org/10.1021/acs.est.1c05034,alkane,Aliphatic hydrocarbons,"InChI=1S/C4H9Br/c1-4(2,3)5/h1-3H3",RKSOPLXZQNSWAS-UHFFFAOYSA-N
698,2-Bromobutane,8.176091259,1219805-80-7,CCC(C)Br,,,https://doi.org/10.1021/acs.est.1c04720,alkane,Aliphatic hydrocarbons,"InChI=1S/C4H9Br/c1-3-4(2)5/h4H,3H2,1-2H3",UPSXAPQYNGXVBF-UHFFFAOYSA-N
699,2-Bromoethanol,8.540329475,1216889-96-1,OCCBr,,,https://doi.org/10.1021/acs.est.1c04741,alcohol,Oxygenated organics,"InChI=1S/C2H5BrO/c3-1-2-4/h4H,1-2H2",LDLCZOVUSADOIV-UHFFFAOYSA-N
700,2-Bromopyridine,9.380211242,1179533-59-5,Brc1ccccn1,,,https://doi.org/10.1021/acs.est.1c04330,halogenated,Halogenated organics,InChI=1S/C5H4BrN/c6-5-3-1-2-4-7-5/h1-4H,IMRWILPUOVGIMU-UHFFFAOYSA-N
701,2-Bromotoluene,9.230448921,95-46-5,CC1=CC=CC=C1Br,,,https://doi.org/10.1021/acsestengg.5c00555,cyclo,Aromatic & PAHs,"InChI=1S/C7H7Br/c1-6-4-2-3-5-7(6)8/h2-5H,1H3",QSSXJPIWXQTSIX-UHFFFAOYSA-N
702,"2-Butyne-1,4-diol",9.204119983,54339-95-6,OCC#CCO,,,https://doi.org/10.1021/acs.est.1c05402,alcohol,Oxygenated organics,"InChI=1S/C4H6O2/c5-3-1-2-4-6/h5-6H,3-4H2",DLDJFQGPPSQZKI-UHFFFAOYSA-N
703,2-CHLOROETHANOL,8.977723605,59826-67-4,OCCCl,,,https://doi.org/10.1021/acs.est.1c04717,alcohol,Oxygenated organics,"InChI=1S/C2H5ClO/c3-1-2-4/h4H,1-2H2",SZIFAVKTNFCBPC-UHFFFAOYSA-N
704,"2-Chloro-1,1,2-trifluoro-1-(difluoromethoxy)ethane",6.978180517,,FC(F)OC(F)(F)C(F)Cl,,,https://doi.org/10.1021/acs.est.1c05557,alcohol,Oxygenated organics,"InChI=1S/C3H2ClF5O/c4-1(5)3(8,9)10-2(6)7/h1-2H",JPGQOUSTVILISH-UHFFFAOYSA-N
705,"2-Chloro-1,1-dimethoxyethane",9.176091259,114790-46-4,COC(CCl)OC,,,https://doi.org/10.1021/acs.est.1c04906,diol,Polyfunctional / highly functionalized,"InChI=1S/C4H9ClO2/c1-6-4(3-5)7-2/h4H,3H2,1-2H3",CRZJPEIBPQWDGJ-UHFFFAOYSA-N
706,"2-Chloro-2-(difluoromethoxy)-1,1,1-trifluoroethane",7.380211242,21937-47-3,FC(F)OC(Cl)C(F)(F)F,,,https://doi.org/10.1021/acs.est.1c05236,alcohol,Oxygenated organics,"InChI=1S/C3H2ClF5O/c4-1(3(7,8)9)10-2(5)6/h1-2H",PIWKPBJCKXDKJR-UHFFFAOYSA-N
707,2-Chloro-N-(ethoxymethyl)-N-(2-ethyl-6-methylphenyl)acetamide,9.800029359,34256-82-1,CCOCN(C(=O)CCl)c1c(C)cccc1CC,,,https://doi.org/10.1021/acs.est.1c05524,alcohol,Oxygenated organics,"InChI=1S/C14H20ClNO2/c1-4-12-8-6-7-11(3)14(12)16(10-18-5-2)13(17)9-15/h6-8H,4-5,9-10H2,1-3H3",VTNQPKFIQCLBDU-UHFFFAOYSA-N
708,2-Chlorobenzyl chloride (2-Dichlorotoluene),9.612783857,611-19-8,C1=CC=C(C(=C1)CCl)Cl,,,https://doi.org/10.1021/acsestengg.5c00559,halogenated,Halogenated organics,"InChI=1S/C7H6Cl2/c8-5-6-3-1-2-4-7(6)9/h1-4H,5H2",BASMANVIUSSIIM-UHFFFAOYSA-N
709,2-Chlorophenol,10.00432137,1235439-85-6,Oc1ccccc1Cl,,,https://doi.org/10.1021/acs.est.1c05198,alcohol,Oxygenated organics,"InChI=1S/C6H5ClO/c7-5-3-1-2-4-6(5)8/h1-4,8H",ISPYQTSUDJAMAB-UHFFFAOYSA-N
710,2-Chloropyridine,9.255272505,29154-12-9,Clc1ccccn1,,,https://doi.org/10.1021/acs.est.1c05267,halogenated,Halogenated organics,InChI=1S/C5H4ClN/c6-5-3-1-2-4-7-5/h1-4H,OKDGRDCXVWSXDC-UHFFFAOYSA-N
711,2-Chlorotoluene,9.812913357,95-49-8,CC1=CC=CC=C1Cl,,,https://doi.org/10.1021/acsestengg.5c00560,cyclo,Aromatic & PAHs,"InChI=1S/C7H7Cl/c1-6-4-2-3-5-7(6)8/h2-5H,1H3",IBSQPLPBRSHTTG-UHFFFAOYSA-N
712,2-Deoxy-D-galactosamine,9.079181246,1772-03-8,N[C@H]1C(O)O[C@H](CO)[C@H](O)[C@@H]1O,,,https://doi.org/10.1021/acs.est.1c04346,halogenated,Halogenated organics,"InChI=1S/C6H13NO5/c7-3-5(10)4(9)2(1-8)12-6(3)11/h2-6,8-11H,1,7H2/t2-,3-,4+,5-,6?/m1/s1",MSWZFWKMSRAUBD-GASJEMHNSA-N
713,2-Deoxy-D-glucose,9.447158031,56883-39-7,O=CC[C@@H](O)[C@H](O)[C@H](O)CO,,,https://doi.org/10.1021/acs.est.1c04739,halogenated,Halogenated organics,"InChI=1S/C6H12O5/c7-2-1-4(9)6(11)5(10)3-8/h2,4-6,8-11H,1,3H2/t4-,5-,6+/m1/s1",VRYALKFFQXWPIH-PBXRRBTRSA-N
714,2-Deoxy-D-ribose,9.361727836,533-67-5,O=CC[C@H](O)[C@H](O)CO,,,https://doi.org/10.1021/acs.est.1c05660,halogenated,Halogenated organics,"InChI=1S/C5H10O4/c6-2-1-4(8)5(9)3-7/h2,4-5,7-9H,1,3H2/t4-,5+/m0/s1",ASJSAQIRZKANQN-CRCLSJGQSA-N
715,2-Ethoxy-2-methylpropane,9.257678575,2137807-42-0,CCOC(C)(C)C,,,https://doi.org/10.1021/acs.est.1c04688,alcohol,Oxygenated organics,"InChI=1S/C6H14O/c1-5-7-6(2,3)4/h5H2,1-4H3",NUMQCACRALPSHD-UHFFFAOYSA-N
716,2-Ethoxyethanol,9.230448921,1219805-07-8,CCOCCO,,,https://doi.org/10.1021/acs.est.1c04440,alcohol,Oxygenated organics,"InChI=1S/C4H10O2/c1-2-6-4-3-5/h5H,2-4H2,1H3",ZNQVEEAIQZEUHB-UHFFFAOYSA-N
717,2-Ethyloxirane,8.892094603,59915-64-9,CCC1CO1,,,https://doi.org/10.1021/acs.est.1c05104,alkane,Aliphatic hydrocarbons,"InChI=1S/C4H8O/c1-2-4-3-5-4/h4H,2-3H2,1H3",RBACIKXCRWGCBB-UHFFFAOYSA-N
718,2-GluA,9.6,489-91-8,O=C1C(O[C@H]2O[C@H](CO)[C@@H](O)[C@H](O)[C@H]2O)=C(O)O[C@@H]1[C@@H](O)CO,7,25,NIST,diol,Polyfunctional / highly functionalized,"InChI=1S/C12H18O11/c13-1-3(15)9-8(19)10(11(20)22-9)23-12-7(18)6(17)5(16)4(2-14)21-12/h3-7,9,12-18,20H,1-2H2/t3-,4+,5+,6-,7+,9+,12+/m0/s1",YEERNPPBIMJBHH-DCWMUDTNSA-N
719,2-Hydroxyacetic acid,8.73239376,152298-57-2,OCC(O)=O,,,https://doi.org/10.1021/acs.est.1c04421,alcohol,Oxygenated organics,"InChI=1S/C2H4O3/c3-1-2(4)5/h3H,1H2,(H,4,5)",AEMRFAOFKBGASW-UHFFFAOYSA-N
720,2-Hydroxybutanedioic acid,8.913813852,72720-95-7,OC(CC(O)=O)C(O)=O,,,https://doi.org/10.1021/acs.est.1c05031,diol,Polyfunctional / highly functionalized,"InChI=1S/C4H6O5/c5-2(4(8)9)1-3(6)7/h2,5H,1H2,(H,6,7)(H,8,9)",BJEPYKJPYRNKOW-UHFFFAOYSA-N
721,2-Hydroxybutanoic acid,9.113943352,117068-64-1,CCC(O)C(O)=O,,,https://doi.org/10.1021/acs.est.1c05183,alkane,Aliphatic hydrocarbons,"InChI=1S/C4H8O3/c1-2-3(5)4(6)7/h3,5H,2H2,1H3,(H,6,7)",AFENDNXGAFYKQO-UHFFFAOYSA-N
722,2-Hydroxyethyl acetate,8.959041392,61551-63-1,CC(=O)OCCO,,,https://doi.org/10.1021/acs.est.1c04978,alcohol,Oxygenated organics,"InChI=1S/C4H8O3/c1-4(6)7-3-2-5/h5H,2-3H2,1H3",HXDLWJWIAHWIKI-UHFFFAOYSA-N
723,2-Hydroxyethylethylenediaminetriacetic acid,10.04139269,150-39-0,O=C(O)CN(CCO)CCN(CC(=O)O)CC(=O)O,,,https://doi.org/10.1021/acs.est.1c05604,diol,Polyfunctional / highly functionalized,"InChI=1S/C10H18N2O7/c13-4-3-11(5-8(14)15)1-2-12(6-9(16)17)7-10(18)19/h13H,1-7H2,(H,14,15)(H,16,17)(H,18,19)",URDCARMUOSMFFI-UHFFFAOYSA-N
724,2-Hydroxypropanedioic acid,8.230448921,659743-45-0,OC(C(O)=O)C(O)=O,,,https://doi.org/10.1021/acs.est.1c05607,diol,Polyfunctional / highly functionalized,"InChI=1S/C3H4O5/c4-1(2(5)6)3(7)8/h1,4H,(H,5,6)(H,7,8)",ROBFUDYVXSDBQM-UHFFFAOYSA-N
725,2-Hydroxypurine,9.698970004,332875-28-2,Oc1ncc2[nH]cnc2n1,,,https://doi.org/10.1021/acs.est.1c04735,alcohol,Oxygenated organics,"InChI=1S/C5H4N4O/c10-5-6-1-3-4(9-5)8-2-7-3/h1-2H,(H2,6,7,8,9,10)",CRIZPXKICGBNKG-UHFFFAOYSA-N
726,"2-Iodo-3,5-dinitrothiophene",9.322219295,54728-27-7,O=[N+]([O-])c1cc([N+](=O)[O-])c(I)s1,,,https://doi.org/10.1021/acs.est.1c05338,"sulfide, disulfide",Sulfur-containing organics,InChI=1S/C4HIN2O4S/c5-4-2(6(8)9)1-3(12-4)7(10)11/h1H,IIEHVPJUARYTAU-UHFFFAOYSA-N
727,2-Mercapto-1-methylimidazole,10.04139269,60964-49-0,Cn1ccnc1S,,,https://doi.org/10.1021/acs.est.1c04806,"sulfide, disulfide",Sulfur-containing organics,"InChI=1S/C4H6N2S/c1-6-3-2-5-4(6)7/h2-3H,1H3,(H,5,7)",PMRYVIKBURPHAH-UHFFFAOYSA-N
728,2-Mercaptobenzimidazole,9.903089987,83514-03-8,Sc1nc2ccccc2[nH]1,,,https://doi.org/10.1021/acs.est.1c04829,"sulfide, disulfide",Sulfur-containing organics,"InChI=1S/C7H6N2S/c10-7-8-5-3-1-2-4-6(5)9-7/h1-4H,(H2,8,9,10)",YHMYGUUIMTVXNW-UHFFFAOYSA-N
729,2-Mercaptopropionylglycine,9.672097858,1953-02-2,CC(S)C(=O)NCC(=O)O,,,https://doi.org/10.1021/acs.est.1c04835,alkane,Aliphatic hydrocarbons,"InChI=1S/C5H9NO3S/c1-3(10)5(9)6-2-4(7)8/h3,10H,2H2,1H3,(H,6,9)(H,7,8)",YTGJWQPHMWSCST-UHFFFAOYSA-N
730,2-Methoxy-2-methyl-1-propanol,8.924279286,22665-67-4,CC(C)(CO)OC,,,https://doi.org/10.1021/acsestengg.5c00180,alcohol,Oxygenated organics,"InChI=1S/C5H12O2/c1-5(2,4-6)7-3/h6H,4H2,1-3H3",VMPUAIZSESMILD-UHFFFAOYSA-N
731,2-Methoxy-2-methyl-1-propanol,8.923761961,3587-64-2,COC(C)(C)CO,,,https://doi.org/10.1021/acs.est.1c05605,alcohol,Oxygenated organics,"InChI=1S/C5H12O2/c1-5(2,4-6)7-3/h6H,4H2,1-3H3",VMPUAIZSESMILD-UHFFFAOYSA-N
732,2-Methoxy-2-methylbutane,9.374748346,1936595-18-4,CCC(C)(C)OC,,,https://doi.org/10.1021/acs.est.1c05205,alcohol,Oxygenated organics,"InChI=1S/C6H14O/c1-5-6(2,3)7-4/h5H2,1-4H3",HVZJRWJGKQPSFL-UHFFFAOYSA-N
733,2-Methoxy-2-methylpropane,9.222716471,1248944-55-9,COC(C)(C)C,,,https://doi.org/10.1021/acs.est.1c05336,alcohol,Oxygenated organics,"InChI=1S/C5H12O/c1-5(2,3)6-4/h1-4H3",BZLVMXJERCGZMT-UHFFFAOYSA-N
734,2-Methoxy-4-propenylphenol,10.51851394,6380-21-8,CC=Cc1ccc(O)c(OC)c1,,,https://doi.org/10.1021/acs.est.1c05063,benzene,Aromatic & PAHs,"InChI=1S/C10H12O2/c1-3-4-8-5-6-9(11)10(7-8)12-2/h3-7,11H,1-2H3",BJIOGJUNALELMI-UHFFFAOYSA-N
735,2-Methoxyethanol,9.113943352,129918-15-6,COCCO,,,https://doi.org/10.1021/acs.est.1c05074,alcohol,Oxygenated organics,"InChI=1S/C3H8O2/c1-5-3-2-4/h4H,2-3H2,1H3",XNWFRZJHXBZDAG-UHFFFAOYSA-N
736,2-Methoxyphenol,10.30103,5238-37-9,COc1ccccc1O,,,https://doi.org/10.1021/acs.est.1c05141,alcohol,Oxygenated organics,"InChI=1S/C7H8O2/c1-9-7-5-3-2-4-6(7)8/h2-5,8H,1H3",LHGVFZTZFXWLCP-UHFFFAOYSA-N
737,"2-Methyl-1,3,5-trinitrobenzene",8.633468456,39111-22-3,Cc1c(cc(cc1[N+]([O-])=O)[N+]([O-])=O)[N+]([O-])=O,,,https://doi.org/10.1021/acs.est.1c05114,diol,Polyfunctional / highly functionalized,"InChI=1S/C7H5N3O6/c1-4-6(9(13)14)2-5(8(11)12)3-7(4)10(15)16/h2-3H,1H3",SPSSULHKWOKEEL-UHFFFAOYSA-N
738,"2-Methyl-1,3-dinitrobenzene",9.178976947,20024-98-0,Cc1c(cccc1[N+]([O-])=O)[N+]([O-])=O,,,https://doi.org/10.1021/acs.est.1c04685,alkane,Aliphatic hydrocarbons,"InChI=1S/C7H6N2O4/c1-5-6(8(10)11)3-2-4-7(5)9(12)13/h2-4H,1H3",XTRDKALNCIHHNI-UHFFFAOYSA-N
739,"2-Methyl-1,3-dioxolane",9.544068044,85079-89-6,CC1OCCO1,,,https://doi.org/10.1021/acs.est.1c04432,alcohol,Oxygenated organics,"InChI=1S/C4H8O2/c1-4-5-2-3-6-4/h4H,2-3H2,1H3",HTWIZMNMTWYQRN-UHFFFAOYSA-N
740,"2-Methyl-1,4-naphthoquinone",9.740362689,130-15-4,CC1=CC(=O)c2ccccc2C1=O,,,https://doi.org/10.1021/acs.est.1c05059,benzene,Aromatic & PAHs,"InChI=1S/C11H8O2/c1-7-6-10(12)8-4-2-3-5-9(8)11(7)13/h2-6H,1H3",MJVAVZPDRWSRRC-UHFFFAOYSA-N
741,2-Methyl-1-phenyl-2-propanol,10.23044892,100520-89-6,CC(C)(O)Cc1ccccc1,,,https://doi.org/10.1021/acs.est.1c05000,benzene,Aromatic & PAHs,"InChI=1S/C10H14O/c1-10(2,11)8-9-6-4-3-5-7-9/h3-7,11H,8H2,1-2H3",RIWRBSMFKVOJMN-UHFFFAOYSA-N
742,2-Methyl-1-phenylpropan-1-ol,9.977723605,102439-90-7,CC(C)C(O)c1ccccc1,,,https://doi.org/10.1021/acs.est.1c04587,benzene,Aromatic & PAHs,"InChI=1S/C10H14O/c1-8(2)10(11)9-6-4-3-5-7-9/h3-8,10-11H,1-2H3",GMDYDZMQHRTHJA-UHFFFAOYSA-N
743,2-Methyl-1H-indole,10.53147892,27323-28-0,Cc1[nH]c2ccccc2c1,,,https://doi.org/10.1021/acs.est.1c05522,benzene,Aromatic & PAHs,"InChI=1S/C9H9N/c1-7-6-8-4-2-3-5-9(8)10-7/h2-6,10H,1H3",BHNHHSOHWZKFOX-UHFFFAOYSA-N
744,2-Methyl-2-nitrosopropane,9.397940009,927-78-6,CC(C)(C)N=O,,,https://doi.org/10.1021/acs.est.1c05488,alkane,Aliphatic hydrocarbons,"InChI=1S/C4H9NO/c1-4(2,3)5-6/h1-3H3",LUQZKEZPFQRRRK-UHFFFAOYSA-N
745,2-Methyl-4-phenylbutan-2-ol,9.770852012,1155915-78-8,CC(C)(O)CCc1ccccc1,,,https://doi.org/10.1021/acs.est.1c04756,benzene,Aromatic & PAHs,"InChI=1S/C11H16O/c1-11(2,12)9-8-10-6-4-3-5-7-10/h3-7,12H,8-9H2,1-2H3",YXVSKJDFNJFXAJ-UHFFFAOYSA-N
746,2-Methylbutan-2-ol,9.278753601,1803581-82-9,CCC(C)(C)O,,,https://doi.org/10.1021/acs.est.1c05624,alkane,Aliphatic hydrocarbons,"InChI=1S/C5H12O/c1-4-5(2,3)6/h6H,4H2,1-3H3",MSXVEPNJUHWQHW-UHFFFAOYSA-N
747,2-Methylbutane,9.716003344,89980-46-1,CCC(C)C,,,https://doi.org/10.1021/acs.est.1c05047,alkane,Aliphatic hydrocarbons,"InChI=1S/C5H12/c1-4-5(2)3/h5H,4H2,1-3H3",QWTDNUCVQCZILF-UHFFFAOYSA-N
748,2-Methylfuran,10.2787536,534-22-5,Cc1occc1,,,https://doi.org/10.1021/acs.est.1c05334,alcohol,Oxygenated organics,"InChI=1S/C5H6O/c1-5-3-2-4-6-5/h2-4H,1H3",VQKFNUFAXTZWDK-UHFFFAOYSA-N
749,2-Methylindole,10.53147892,138380-84-4,Cc1cc2ccccc2[nH]1,,,https://doi.org/10.1021/acs.est.1c04852,benzene,Aromatic & PAHs,"InChI=1S/C9H9N/c1-7-6-8-4-2-3-5-9(8)10-7/h2-6,10H,1H3",BHNHHSOHWZKFOX-UHFFFAOYSA-N
750,2-Methylisoborneol,9.633468456,2371-42-8,CC1(O)CC2CCC1(C)C2(C)C,,,https://doi.org/10.1021/acs.est.1c04975,cyclo,Aromatic & PAHs,"InChI=1S/C11H20O/c1-9(2)8-5-6-10(9,3)11(4,12)7-8/h8,12H,5-7H2,1-4H3",LFYXNXGVLGKVCJ-UHFFFAOYSA-N
751,2-Methylphenol,10.00432137,41701-84-2,Cc1ccccc1O,,,https://doi.org/10.1021/acs.est.1c04749,benzene,Aromatic & PAHs,"InChI=1S/C7H8O/c1-6-4-2-3-5-7(6)8/h2-5,8H,1H3",QWVGKYWNOKOFNN-UHFFFAOYSA-N
752,2-Methylpropan-1-ol,9.515873844,1598477-00-9,CC(C)CO,,,https://doi.org/10.1021/acs.est.1c04886,alkane,Aliphatic hydrocarbons,"InChI=1S/C4H10O/c1-4(2)3-5/h4-5H,3H2,1-2H3",ZXEKIIBDNHEJCQ-UHFFFAOYSA-N
753,2-Methylpropan-2-ol,8.681241237,119330-21-1,CC(C)(C)O,,,https://doi.org/10.1021/acs.est.1c04871,alkane,Aliphatic hydrocarbons,"InChI=1S/C4H10O/c1-4(2,3)5/h5H,1-3H3",DKGAVHZHDRPRBM-UHFFFAOYSA-N
754,2-Methylpropanal,9.462397998,4303-51-9,CC(C)C=O,,,https://doi.org/10.1021/acs.est.1c04507,alkane,Aliphatic hydrocarbons,"InChI=1S/C4H8O/c1-4(2)3-5/h3-4H,1-2H3",AMIMRNSIRUDHCM-UHFFFAOYSA-N
755,2-Methylpropanamide,9.204119983,1628184-71-3,CC(C)C(N)=O,,,https://doi.org/10.1021/acs.est.1c04538,alkane,Aliphatic hydrocarbons,"InChI=1S/C4H9NO/c1-3(2)4(5)6/h3H,1-2H3,(H2,5,6)",WFKAJVHLWXSISD-UHFFFAOYSA-N
756,2-Methylpropane,9.662757832,63750-13-0,CC(C)C,,,https://doi.org/10.1021/acs.est.1c05565,alkane,Aliphatic hydrocarbons,"InChI=1S/C4H10/c1-4(2)3/h4H,1-3H3",NNPPMTNAJDCUHE-UHFFFAOYSA-N
757,2-Methylpropene,9.73239376,63750-13-0,C=C(C)C,,,https://doi.org/10.1021/acs.est.1c05368,halogenated,Halogenated organics,"InChI=1S/C4H8/c1-4(2)3/h1H2,2-3H3",VQTUBCCKSQIDNK-UHFFFAOYSA-N
758,2-Methylpyridine,9.397940009,916979-10-7,Cc1ccccn1,,,https://doi.org/10.1021/acs.est.1c05435,alkane,Aliphatic hydrocarbons,"InChI=1S/C6H7N/c1-6-4-2-3-5-7-6/h2-5H,1H3",BSKHPKMHTQYZBB-UHFFFAOYSA-N
759,2-Methylthiophene,9.505149978,554-14-3,Cc1cccs1,,,https://doi.org/10.1021/acs.est.1c04750,"sulfide, disulfide",Sulfur-containing organics,"InChI=1S/C5H6S/c1-5-3-2-4-6-5/h2-4H,1H3",XQQBUAPQHNYYRS-UHFFFAOYSA-N
760,2-Naphthol,10.11394335,135-19-3,C1=CC=C2C=C(C=CC2=C1)O,,,https://doi.org/10.1021/acsestengg.5c00572,halogenated,Halogenated organics,"InChI=1S/C10H8O/c11-10-6-5-8-3-1-2-4-9(8)7-10/h1-7,11H",JWAZRIHNYRIHIV-UHFFFAOYSA-N
761,2-Nitrophenol,9.770115295,93951-79-2,O=[N+]([O-])c1ccccc1O,,,https://doi.org/10.1021/acs.est.1c05506,benzene,Aromatic & PAHs,"InChI=1S/C6H5NO3/c8-6-4-2-1-3-5(6)7(9)10/h1-4,8H",IQUPABOKLQSFBK-UHFFFAOYSA-N
762,2-O-Methyl-L-ascorbic acid,9.431363764,15042-01-0,COC1=C(O)[C@@H]([C@@H](O)CO)OC1=O,,,https://doi.org/10.1021/acs.est.1c05372,diol,Polyfunctional / highly functionalized,"InChI=1S/C7H10O6/c1-12-6-4(10)5(3(9)2-8)13-7(6)11/h3,5,8-10H,2H2,1H3/t3-,5+/m0/s1",JBXPKMHATRSERD-WVZVXSGGSA-N
763,2-O-methyl-L-ascorbic acid,9.43,15042-01-0,COC1=C(O)OC(C(O)CO)C1=O,7,25,NIST,diol,Polyfunctional / highly functionalized,"InChI=1S/C7H10O6/c1-12-6-4(10)5(3(9)2-8)13-7(6)11/h3,5,8-9,11H,2H2,1H3",RMHBODZVODTFAH-UHFFFAOYSA-N
764,2-Oxopropanal,8.72427587,854778-21-5,CC(=O)C=O,,,https://doi.org/10.1021/acs.est.1c05516,alkane,Aliphatic hydrocarbons,"InChI=1S/C3H4O2/c1-3(5)2-4/h2H,1H3",AIJULSRZWUXGPQ-UHFFFAOYSA-N
765,2-PHENYLETHANOL,10.04139269,1321-27-3,OCCc1ccccc1,,,https://doi.org/10.1021/acs.est.1c04413,alcohol,Oxygenated organics,"InChI=1S/C8H10O/c9-7-6-8-4-2-1-3-5-8/h1-5,9H,6-7H2",WRMNZCZEMHIOCP-UHFFFAOYSA-N
766,2-Phenyl-2-propanol,9.662757832,1335-12-2,CC(C)(O)c1ccccc1,,,https://doi.org/10.1021/acs.est.1c04753,benzene,Aromatic & PAHs,"InChI=1S/C9H12O/c1-9(2,10)8-6-4-3-5-7-8/h3-7,10H,1-2H3",BDCFWIDZNLCTMF-UHFFFAOYSA-N
767,2-Pyrrolidinone,9.342422681,3195-95-7,O=C1CCCN1,,,https://doi.org/10.1021/acs.est.1c04607,halogenated,Halogenated organics,"InChI=1S/C4H7NO/c6-4-2-1-3-5-4/h1-3H2,(H,5,6)",HNJBEVLQSNELDL-UHFFFAOYSA-N
768,2-[(2-Aminoacetyl)amino]acetic acid;hydron;chloride,8.34,5452-15-3,NCC(=O)NCC(=O)O.[Cl-].[H+],5.8,25,NIST,halogenated,Halogenated organics,"InChI=1S/C4H8N2O3.ClH/c5-1-3(7)6-2-4(8)9;/h1-2,5H2,(H,6,7)(H,8,9);1H",YHBAZQDEMYQPJL-UHFFFAOYSA-N
769,2-[(2-Aminoacetyl)amino]acetic acid;hydron;chloride,8.41,5452-15-3,NCC(=O)NCC(=O)O.[Cl-].[H+],7,25,NIST,halogenated,Halogenated organics,"InChI=1S/C4H8N2O3.ClH/c5-1-3(7)6-2-4(8)9;/h1-2,5H2,(H,6,7)(H,8,9);1H",YHBAZQDEMYQPJL-UHFFFAOYSA-N
770,2-[(3-Aminopropyl)amino]ethanethiol,9.923761961,89141-54-8,NCCCNCCS,,,https://doi.org/10.1021/acs.est.1c05032,"sulfide, disulfide",Sulfur-containing organics,"InChI=1S/C5H14N2S/c6-2-1-3-7-4-5-8/h7-8H,1-6H2",YHPLKWQJMAYFCN-UHFFFAOYSA-N
771,2-[(3-aminopropyl)amino]ethanethiol,9.92,89141-54-8,NCCCNCCS,7,25,NIST,"sulfide, disulfide",Sulfur-containing organics,"InChI=1S/C5H14N2S/c6-2-1-3-7-4-5-8/h7-8H,1-6H2",YHPLKWQJMAYFCN-UHFFFAOYSA-N
772,"2-[(4R,5S,6S,7R,9R,11E,13E,15R,16R)-6-[(2R,3R,4R,5S,6R)-5-[(2S,4R,5S,6S)-4,5-dihydroxy-4,6-dimethyloxan-2-yl]oxy-4-dimethylamino-3-hydroxy-6-methyloxan-2-yl]oxy-16-ethyl-4-hydroxy-15-[[(2R,3R,4R,5R,6R)-5-hydroxy-3,4-dimethoxy-6-methyloxan-2-yl]oxymethyl]-5,9,13-trimethyl-2,10-dioxo-1-oxacyclohexadeca-11,13-dien-7-yl]acetaldehyde",9.910090546,108769-82-0,CC[C@H]1OC(=O)C[C@@H](O)[C@H](C)[C@@H](O[C@@H]2O[C@H](C)[C@@H](O[C@H]3C[C@@](C)(O)[C@@H](O)[C@H](C)O3)[C@@H]([C@H]2O)N(C)C)[C@@H](CC=O)C[C@@H](C)C(=O)\C=C\C(=C\[C@@H]1CO[C@@H]4O[C@H](C)[C@@H](O)[C@@H](OC)[C@H]4OC)C,,,https://doi.org/10.1021/acs.est.1c05468,diol,Polyfunctional / highly functionalized,"InChI=1S/C46H77NO17/c1-13-33-30(22-58-45-42(57-12)41(56-11)37(52)26(5)60-45)18-23(2)14-15-31(49)24(3)19-29(16-17-48)39(25(4)32(50)20-34(51)62-33)64-44-38(53)36(47(9)10)40(27(6)61-44)63-35-21-46(8,55)43(54)28(7)59-35/h14-15,17-18,24-30,32-33,35-45,50,52-55H,13,16,19-22H2,1-12H3/b15-14+,23-18+/t24-,25+,26-,27-,28+,29+,30-,32-,33-,35+,36-,37-,38-,39-,40-,41-,42-,43+,44+,45-,46-/m1/s1",WBPYTXDJUQJLPQ-VMXQISHHSA-N
773,"2-[2-[(2,6-dichlorophenyl)amino]phenyl]acetic acid",9.969881644,15307-86-5,OC(=O)Cc1ccccc1Nc2c(Cl)cccc2Cl,,,https://doi.org/10.1021/acs.est.1c05642,alcohol,Oxygenated organics,"InChI=1S/C14H11Cl2NO2/c15-10-5-3-6-11(16)14(10)17-12-7-2-1-4-9(12)8-13(18)19/h1-7,17H,8H2,(H,18,19)",DCOPUUMXTXDBNB-UHFFFAOYSA-N
774,"2-[3,4-dihydroxy-5-(hydroxymethyl)oxolan-2-yl]-1,2,4-triazine-3,5-dione",9.857332496,95089-10-4,OCC1OC(C(O)C1O)N2N=CC(=O)NC2=O,,,https://doi.org/10.1021/acs.est.1c04567,diol,Polyfunctional / highly functionalized,"InChI=1S/C8H11N3O6/c12-2-3-5(14)6(15)7(17-3)11-8(16)10-4(13)1-9-11/h1,3,5-7,12,14-15H,2H2,(H,10,13,16)",WYXSYVWAUAUWLD-UHFFFAOYSA-N
775,2-[4-(2-methylpropyl)phenyl]propanoic acid,9.780317312,64451-76-9,CC(C)Cc1ccc(cc1)C(C)C(O)=O,,,https://doi.org/10.1021/acs.est.1c05195,alkane,Aliphatic hydrocarbons,"InChI=1S/C13H18O2/c1-9(2)8-11-4-6-12(7-5-11)10(3)13(14)15/h4-7,9-10H,8H2,1-3H3,(H,14,15)",HEFNNWSXXWATRW-UHFFFAOYSA-N
776,2-[4-[2-[(4-chlorobenzoyl)amino]ethyl]phenoxy]-2-methylpropanoic acid,9.899820502,61024-31-5,CC(C)(Oc1ccc(CCNC(=O)c2ccc(Cl)cc2)cc1)C(O)=O,,,https://doi.org/10.1021/acs.est.1c04430,benzene,Aromatic & PAHs,"InChI=1S/C19H20ClNO4/c1-19(2,18(23)24)25-16-9-3-13(4-10-16)11-12-21-17(22)14-5-7-15(20)8-6-14/h3-10H,11-12H2,1-2H3,(H,21,22)(H,23,24)",IIBYAHWJQTYFKB-UHFFFAOYSA-N
777,2-[4-[2-hydroxy-3-(propan-2-ylamino)propoxy]phenyl]acetamide,9.850033258,68373-10-4,CC(C)NCC(O)COc1ccc(CC(N)=O)cc1,,,https://doi.org/10.1021/acs.est.1c04539,alcohol,Oxygenated organics,"InChI=1S/C14H22N2O3/c1-10(2)16-8-12(17)9-19-13-5-3-11(4-6-13)7-14(15)18/h3-6,10,12,16-17H,7-9H2,1-2H3,(H2,15,18)",METKIMKYRPQLGS-UHFFFAOYSA-N
778,"2-[[2-(bis(2-hydroxyethyl)amino)-4,8-di(piperidin-1-yl)pyrimido[6,5-e]pyrimidin-6-yl]-(2-hydroxyethyl)amino]ethanol",10.07918125,103638-43-3,OCCN(CCO)c1nc(N2CCCCC2)c3nc(nc(N4CCCCC4)c3n1)N(CCO)CCO,,,https://doi.org/10.1021/acs.est.1c04459,alcohol,Oxygenated organics,"InChI=1S/C24H40N8O4/c33-15-11-31(12-16-34)23-26-20-19(21(27-23)29-7-3-1-4-8-29)25-24(32(13-17-35)14-18-36)28-22(20)30-9-5-2-6-10-30/h33-36H,1-18H2",IZEKFCXSFNUWAM-UHFFFAOYSA-N
779,2-[carboxymethyl-(2-oxido-2-oxoethyl)amino]acetate,9.41,7229-23-4,N.O=C([O-])CN(CC(=O)[O-])CC(=O)O.[Cu+2],7,25,NIST,diol,Polyfunctional / highly functionalized,"InChI=1S/C6H9NO6.Cu.H3N/c8-4(9)1-7(2-5(10)11)3-6(12)13;;/h1-3H2,(H,8,9)(H,10,11)(H,12,13);;1H3/q;+2;/p-2",FGPPWEIFSBLQOV-UHFFFAOYSA-L
780,2-acetamido-2-deoxy-D-galactopyranose,9.2,1980008-50-1,CC(=O)N[C@H]1C(O)O[C@H](CO)[C@H](O)[C@@H]1O,7,25,https://doi.org/10.1021/acs.est.4c11950,alkane,Aliphatic hydrocarbons,"InChI=1S/C8H15NO6/c1-3(11)9-5-7(13)6(12)4(2-10)15-8(5)14/h4-8,10,12-14H,2H2,1H3,(H,9,11)/t4-,5-,6+,7-,8?/m1/s1",OVRNDRQMDRJTHS-KEWYIRBNSA-N
781,2-acetamido-2-deoxy-D-glucopyranose,9.49,93060-86-7,CC(=O)N[C@H]1[C@@H](O)O[C@H](CO)[C@@H](O)[C@@H]1O,7,25,https://doi.org/10.1021/acs.est.4c11950,alkane,Aliphatic hydrocarbons,"InChI=1S/C8H15NO6/c1-3(11)9-5-7(13)6(12)4(2-10)15-8(5)14/h4-8,10,12-14H,2H2,1H3,(H,9,11)/t4-,5-,6-,7-,8+/m1/s1",OVRNDRQMDRJTHS-PVFLNQBWSA-N
782,2-acetyl furan,9.653212514,89793-50-0,CC(=O)c1ccco1,,,https://doi.org/10.1021/acs.est.1c04613,alkane,Aliphatic hydrocarbons,"InChI=1S/C6H6O2/c1-5(7)6-3-2-4-8-6/h2-4H,1H3",IEMMBWWQXVXBEU-UHFFFAOYSA-N
783,2-acetyl furan,9.653212514,1192-62-7,CC(=O)C1=CC=CO1,,,https://doi.org/10.1021/acsestengg.5c00516,alkane,Aliphatic hydrocarbons,"InChI=1S/C6H6O2/c1-5(7)6-3-2-4-8-6/h2-4H,1H3",IEMMBWWQXVXBEU-UHFFFAOYSA-N
784,2-acetyl furan,9.65,89793-50-0,CC(=O)c1occc1,9,25,https://doi.org/10.1021/acs.est.4c11950,alcohol,Oxygenated organics,"InChI=1S/C6H6O2/c1-5(7)6-3-2-4-8-6/h2-4H,1H3",IEMMBWWQXVXBEU-UHFFFAOYSA-N
785,"2-amino-2-(hydroxymethyl)propane-1,3-diol",9.18,175683-21-3,NC(CO)(CO)CO,8,25,NIST,halogenated,Halogenated organics,"InChI=1S/C4H11NO3/c5-4(1-6,2-7)3-8/h6-8H,1-3,5H2",LENZDBCJOHFCAS-UHFFFAOYSA-N
786,"2-amino-3,7-dihydropurin-6-one",9.963787827,8039-79-0,NC1=NC(=O)c2[nH]cnc2N1,,,https://doi.org/10.1021/acs.est.1c04789,cyclo,Aromatic & PAHs,"InChI=1S/C5H5N5O/c6-5-9-3-2(4(11)10-5)7-1-8-3/h1H,(H4,6,7,8,9,10,11)",UYTPUPDQBNUYGX-UHFFFAOYSA-N
787,2-amino-4-hydroxy-6-methylpyrimidine,9.78,1240600-77-4,Cc1cc(=O)nc(N)[nH]1,7,25,NIST,alkane,Aliphatic hydrocarbons,"InChI=1S/C5H7N3O/c1-3-2-4(9)8-5(6)7-3/h2H,1H3,(H3,6,7,8,9)",KWXIPEYKZKIAKR-UHFFFAOYSA-N
788,2-aminoacetamid,9.447158031,598-41-4,C(C(=O)N)N,,,https://doi.org/10.1021/acsestengg.5c00299,halogenated,Halogenated organics,"InChI=1S/C2H6N2O/c3-1-2(4)5/h1,3H2,(H2,4,5)",BEBCJVAWIBVWNZ-UHFFFAOYSA-N
789,2-aminobenzoate ion,10.04,2906-33-4,Nc1ccccc1C(=O)[O-],6.2,25,NIST,benzene,Aromatic & PAHs,"InChI=1S/C7H7NO2/c8-6-4-2-1-3-5(6)7(9)10/h1-4H,8H2,(H,9,10)/p-1",RWZYAGGXGHYGMB-UHFFFAOYSA-M
790,2-aminobutyric acid,8.72,20-79-1,CCC(N)C(=O)O,6.7,25,NIST,alkane,Aliphatic hydrocarbons,"InChI=1S/C4H9NO2/c1-2-3(5)4(6)7/h3H,2,5H2,1H3,(H,6,7)",QWCKQJZIFLGMSD-UHFFFAOYSA-N
791,2-aminobutyric acid,8.65,20-79-1,CCC(N)C(=O)O,2,25,NIST,alkane,Aliphatic hydrocarbons,"InChI=1S/C4H9NO2/c1-2-3(5)4(6)7/h3H,2,5H2,1H3,(H,6,7)",QWCKQJZIFLGMSD-UHFFFAOYSA-N
792,2-aminoethanesulfinic acid,10.08,300-84-5,NCCS(=O)[O-],7,25,NIST,"sulfide, disulfide",Sulfur-containing organics,"InChI=1S/C2H7NO2S/c3-1-2-6(4)5/h1-3H2,(H,4,5)/p-1",VVIUBCNYACGLLV-UHFFFAOYSA-M
793,2-aminoethanesulfonic acid,7.58,1219794-63-4,NCCS(=O)(=O)O,7.4,25,NIST,"sulfide, disulfide",Sulfur-containing organics,"InChI=1S/C2H7NO3S/c3-1-2-7(4,5)6/h1-3H2,(H,4,5,6)",XOAAWQZATWQOTB-UHFFFAOYSA-N
794,2-aminoethanesulfonic acid,6.98,1219794-63-4,NCCS(=O)(=O)O,7,25,NIST,"sulfide, disulfide",Sulfur-containing organics,"InChI=1S/C2H7NO3S/c3-1-2-7(4,5)6/h1-3H2,(H,4,5,6)",XOAAWQZATWQOTB-UHFFFAOYSA-N
795,2-aminohexanoic acid,9.4,775551-50-3,CCCCC(N)C(=O)O,6.7,25,NIST,alkane,Aliphatic hydrocarbons,"InChI=1S/C6H13NO2/c1-2-3-4-5(7)6(8)9/h5H,2-4,7H2,1H3,(H,8,9)",LRQKBLKVPFOOQJ-UHFFFAOYSA-N
796,2-aminohexanoic acid,9.54,775551-50-3,CCCCC(N)C(=O)O,2.2,25,NIST,alkane,Aliphatic hydrocarbons,"InChI=1S/C6H13NO2/c1-2-3-4-5(7)6(8)9/h5H,2-4,7H2,1H3,(H,8,9)",LRQKBLKVPFOOQJ-UHFFFAOYSA-N
797,2-aminopentanoic acid,9.26,27493-23-8,CCCC(N)C(=O)O,2,25,NIST,alkane,Aliphatic hydrocarbons,"InChI=1S/C5H11NO2/c1-2-3-4(6)5(7)8/h4H,2-3,6H2,1H3,(H,7,8)",SNDPXSYFESPGGJ-UHFFFAOYSA-N
798,2-aminopentanoic acid,9.2,27493-23-8,CCCC(N)C(=O)O,6.7,25,NIST,alkane,Aliphatic hydrocarbons,"InChI=1S/C5H11NO2/c1-2-3-4(6)5(7)8/h4H,2-3,6H2,1H3,(H,7,8)",SNDPXSYFESPGGJ-UHFFFAOYSA-N
799,2-aminopurine,9.48,2138217-05-5,Nc1ncc2[nH]cnc2n1,7,25,https://doi.org/10.1021/acs.est.4c11950,cyclo,Aromatic & PAHs,"InChI=1S/C5H5N5/c6-5-7-1-3-4(10-5)9-2-8-3/h1-2H,(H3,6,7,8,9,10)",MWBWWFOAEOYUST-UHFFFAOYSA-N
800,2-aminopyrimidine,8.6,1888307-94-5,Nc1ncccn1,7,25,https://doi.org/10.1021/acs.est.4c11950,halogenated,Halogenated organics,"InChI=1S/C4H5N3/c5-4-6-2-1-3-7-4/h1-3H,(H2,5,6,7)",LJXQPZWIHJMPQQ-UHFFFAOYSA-N
801,2-bromo ethanol,8.544068044,540-51-2,C(CBr)O,,,https://doi.org/10.1021/acsestengg.5c00246,halogenated,Halogenated organics,"InChI=1S/C2H5BrO/c3-1-2-4/h4H,1-2H2",LDLCZOVUSADOIV-UHFFFAOYSA-N
802,2-bromobutane,8.18,1219805-80-7,CCC(C)Br,7,25,https://doi.org/10.1021/acs.est.4c11950,alkane,Aliphatic hydrocarbons,"InChI=1S/C4H9Br/c1-3-4(2)5/h4H,3H2,1-2H3",UPSXAPQYNGXVBF-UHFFFAOYSA-N
803,2-bromoethanol,8.9,1216889-96-1,OCCBr,8.5,25,NIST,alcohol,Oxygenated organics,"InChI=1S/C2H5BrO/c3-1-2-4/h4H,1-2H2",LDLCZOVUSADOIV-UHFFFAOYSA-N
804,2-bromoethanol,8.54,1216889-96-1,OCCBr,2.8,24,https://doi.org/10.1021/acs.est.4c11950,alcohol,Oxygenated organics,"InChI=1S/C2H5BrO/c3-1-2-4/h4H,1-2H2",LDLCZOVUSADOIV-UHFFFAOYSA-N
805,2-bromopropionate ion,8.36,1398066-14-2,CC(Br)C(=O)[O-],8.5,25,NIST,alkane,Aliphatic hydrocarbons,"InChI=1S/C3H5BrO2/c1-2(4)3(5)6/h2H,1H3,(H,5,6)/p-1",MONMFXREYOKQTI-UHFFFAOYSA-M
806,2-bromopyridine,9.380211242,109-04-6,C1=CC=NC(=C1)Br,,,https://doi.org/10.1021/acsestengg.5c00480,halogenated,Halogenated organics,InChI=1S/C5H4BrN/c6-5-3-1-2-4-7-5/h1-4H,IMRWILPUOVGIMU-UHFFFAOYSA-N
807,2-bromopyridine,9.38,1179533-59-5,Brc1ccccn1,9,25,https://doi.org/10.1021/acs.est.4c11950,halogenated,Halogenated organics,InChI=1S/C5H4BrN/c6-5-3-1-2-4-7-5/h1-4H,IMRWILPUOVGIMU-UHFFFAOYSA-N
808,2-bromotoluene,9.23,1219805-60-3,Cc1ccccc1Br,7,25,NIST,benzene,Aromatic & PAHs,"InChI=1S/C7H7Br/c1-6-4-2-3-5-7(6)8/h2-5H,1H3",QSSXJPIWXQTSIX-UHFFFAOYSA-N
809,2-butanol,9.49,14898-79-4,CCC(C)O,7,25,https://doi.org/10.1021/acs.est.4c11950,alkane,Aliphatic hydrocarbons,"InChI=1S/C4H10O/c1-3-4(2)5/h4-5H,3H2,1-2H3",BTANRVKWQNVYAZ-UHFFFAOYSA-N
810,2-butanol,9.54,14898-79-4,CCC(C)O,5.8,25,https://doi.org/10.1021/acs.est.4c11950,alkane,Aliphatic hydrocarbons,"InChI=1S/C4H10O/c1-3-4(2)5/h4-5H,3H2,1-2H3",BTANRVKWQNVYAZ-UHFFFAOYSA-N
811,2-butanol,9.544068044,78-92-2,CCC(C)O,,,https://doi.org/10.1021/acsestengg.5c00156,alkane,Aliphatic hydrocarbons,"InChI=1S/C4H10O/c1-3-4(2)5/h4-5H,3H2,1-2H3",BTANRVKWQNVYAZ-UHFFFAOYSA-N
812,2-butanone,8.908485019,78-93-3,CCC(=O)C,,,https://doi.org/10.1021/acsestengg.5c00185,alkane,Aliphatic hydrocarbons,"InChI=1S/C4H8O/c1-3-4(2)5/h3H2,1-2H3",ZWEHNKRNPOVVGH-UHFFFAOYSA-N
813,2-butanone,8.91,101258-83-7,CCC(C)=O,1.5,25,https://doi.org/10.1021/acs.est.4c11950,alkane,Aliphatic hydrocarbons,"InChI=1S/C4H8O/c1-3-4(2)5/h3H2,1-2H3",ZWEHNKRNPOVVGH-UHFFFAOYSA-N
814,2-butanone,8.82,101258-83-7,CCC(C)=O,5.2,25,https://doi.org/10.1021/acs.est.4c11950,alkane,Aliphatic hydrocarbons,"InChI=1S/C4H8O/c1-3-4(2)5/h3H2,1-2H3",ZWEHNKRNPOVVGH-UHFFFAOYSA-N
815,2-butanone,9.01,101258-83-7,CCC(C)=O,1.5,45,https://doi.org/10.1021/acs.est.4c11950,alkane,Aliphatic hydrocarbons,"InChI=1S/C4H8O/c1-3-4(2)5/h3H2,1-2H3",ZWEHNKRNPOVVGH-UHFFFAOYSA-N
816,2-butanone,8.72,101258-83-7,CCC(C)=O,1.5,3,https://doi.org/10.1021/acs.est.4c11950,alkane,Aliphatic hydrocarbons,"InChI=1S/C4H8O/c1-3-4(2)5/h3H2,1-2H3",ZWEHNKRNPOVVGH-UHFFFAOYSA-N
817,2-butanone,8.87,101258-83-7,CCC(C)=O,1.5,15,https://doi.org/10.1021/acs.est.4c11950,alkane,Aliphatic hydrocarbons,"InChI=1S/C4H8O/c1-3-4(2)5/h3H2,1-2H3",ZWEHNKRNPOVVGH-UHFFFAOYSA-N
818,2-butanone,9.01,101258-83-7,CCC(C)=O,1.5,55,https://doi.org/10.1021/acs.est.4c11950,alkane,Aliphatic hydrocarbons,"InChI=1S/C4H8O/c1-3-4(2)5/h3H2,1-2H3",ZWEHNKRNPOVVGH-UHFFFAOYSA-N
819,2-butanone,9.18,101258-83-7,CCC(C)=O,7,25,https://doi.org/10.1021/acs.est.4c11950,alkane,Aliphatic hydrocarbons,"InChI=1S/C4H8O/c1-3-4(2)5/h3H2,1-2H3",ZWEHNKRNPOVVGH-UHFFFAOYSA-N
820,2-butenal,9.76,70520-16-0,C/C=C/C=O,7,25,NIST,halogenated,Halogenated organics,"InChI=1S/C4H6O/c1-2-3-4-5/h2-4H,1H3/b3-2+",MLUCVPSAIODCQM-NSCUHMNNSA-N
821,2-butenoate ion,9.7,19089-92-0,CC=CC(=O)[O-],7,25,NIST,alkane,Aliphatic hydrocarbons,"InChI=1S/C4H6O2/c1-2-3-4(5)6/h2-3H,1H3,(H,5,6)/p-1",LDHQCZJRKDOVOX-UHFFFAOYSA-M
822,"2-butyne-1,4-diol",9.2,54339-95-6,OCC#CCO,0.6,25,NIST,alcohol,Oxygenated organics,"InChI=1S/C4H6O2/c5-3-1-2-4-6/h5-6H,3-4H2",DLDJFQGPPSQZKI-UHFFFAOYSA-N
823,2-chloro ethanol,8.977723605,107-07-3,C(CCl)O,,,https://doi.org/10.1021/acsestengg.5c00247,halogenated,Halogenated organics,"InChI=1S/C2H5ClO/c3-1-2-4/h4H,1-2H2",SZIFAVKTNFCBPC-UHFFFAOYSA-N
824,"2-chloro-1,1-dimethoxyethane",9.18,114790-46-4,COC(CCl)OC,7,25,https://doi.org/10.1021/acs.est.4c11950,diol,Polyfunctional / highly functionalized,"InChI=1S/C4H9ClO2/c1-6-4(3-5)7-2/h4H,3H2,1-2H3",CRZJPEIBPQWDGJ-UHFFFAOYSA-N
825,"2-chloro-4,6-diamino-s-triazine",7.7,3397-62-4,Nc1nc(N)nc(Cl)n1,7.5,22,https://doi.org/10.1021/acs.est.4c11950,triazine,Heterocycles,"InChI=1S/C3H4ClN5/c4-1-7-2(5)9-3(6)8-1/h(H4,5,6,7,8,9)",FVFVNNKYKYZTJU-UHFFFAOYSA-N
826,2-chloro-6-fluorotoluene,9.62,1805030-51-6,Cc1c(F)cccc1Cl,7,25,https://doi.org/10.1021/acs.est.4c11950,benzene,Aromatic & PAHs,"InChI=1S/C7H6ClF/c1-5-6(8)3-2-4-7(5)9/h2-4H,1H3",FNPVYRJTBXHIPB-UHFFFAOYSA-N
827,2-chloro-N-(2-ethyl-6-methylphenyl)-N-(1-methoxypropan-2-yl)acetamide,9.829946696,51218-45-2,CCc1cccc(C)c1N(C(C)COC)C(=O)CCl,,,https://doi.org/10.1021/acs.est.1c05650,alcohol,Oxygenated organics,"InChI=1S/C15H22ClNO2/c1-5-13-8-6-7-11(2)15(13)17(14(18)9-16)12(3)10-19-4/h6-8,12H,5,9-10H2,1-4H3",WVQBLGZPHOPPFO-UHFFFAOYSA-N
828,2-chloro-N-phenyl-N-propan-2-ylacetamide,9.6599162,1171453-82-9,CC(C)N(C(=O)CCl)c1ccccc1,,,https://doi.org/10.1021/acs.est.1c05653,benzene,Aromatic & PAHs,"InChI=1S/C11H14ClNO/c1-9(2)13(11(14)8-12)10-6-4-3-5-7-10/h3-7,9H,8H2,1-2H3",MFOUDYKPLGXPGO-UHFFFAOYSA-N
829,2-chloro-propionate ion,8.4,20741-13-3,CC(Cl)C(=O)[O-],8.5,25,NIST,alkane,Aliphatic hydrocarbons,"InChI=1S/C3H5ClO2/c1-2(4)3(5)6/h2H,1H3,(H,5,6)/p-1",GAWAYYRQGQZKCR-UHFFFAOYSA-M
830,2-chloroacetic acid,7.633468456,4015-58-1,OC(=O)CCl,,,https://doi.org/10.1021/acs.est.1c05203,alcohol,Oxygenated organics,"InChI=1S/C2H3ClO2/c3-1-2(4)5/h1H2,(H,4,5)",FOCAUTSVDIKZOP-UHFFFAOYSA-N
831,2-chlorobenzoate ion,9.77,16887-60-8,O=C([O-])c1ccccc1Cl,7,25,NIST,benzene,Aromatic & PAHs,"InChI=1S/C7H5ClO2/c8-6-4-2-1-3-5(6)7(9)10/h1-4H,(H,9,10)/p-1",IKCLCGXPQILATA-UHFFFAOYSA-M
832,2-chloroethanol,8.98,59826-67-4,OCCCl,8.5,25,https://doi.org/10.1021/acs.est.4c11950,alcohol,Oxygenated organics,"InChI=1S/C2H5ClO/c3-1-2-4/h4H,1-2H2",SZIFAVKTNFCBPC-UHFFFAOYSA-N
833,2-chlorophenol,10.07918125,95-57-8,C1=CC=C(C(=C1)O)Cl,,,https://doi.org/10.1021/acsestengg.5c00411,halogenated,Halogenated organics,"InChI=1S/C6H5ClO/c7-5-3-1-2-4-6(5)8/h1-4,8H",ISPYQTSUDJAMAB-UHFFFAOYSA-N
834,2-chlorophenol,10.08,1235439-85-6,Oc1ccccc1Cl,7,25,https://doi.org/10.1021/acs.est.4c11950,alcohol,Oxygenated organics,"InChI=1S/C6H5ClO/c7-5-3-1-2-4-6(5)8/h1-4,8H",ISPYQTSUDJAMAB-UHFFFAOYSA-N
835,2-chloropyridine,9.255272505,109-09-1,C1=CC=NC(=C1)Cl,,,https://doi.org/10.1021/acsestengg.5c00482,halogenated,Halogenated organics,InChI=1S/C5H4ClN/c6-5-3-1-2-4-7-5/h1-4H,OKDGRDCXVWSXDC-UHFFFAOYSA-N
836,2-chloropyridine,9.26,29154-12-9,Clc1ccccn1,9,25,https://doi.org/10.1021/acs.est.4c11950,halogenated,Halogenated organics,InChI=1S/C5H4ClN/c6-5-3-1-2-4-7-5/h1-4H,OKDGRDCXVWSXDC-UHFFFAOYSA-N
837,2-chlorotoluene,9.81,25168-05-2,Cc1ccccc1Cl,7,25,https://doi.org/10.1021/acs.est.4c11950,benzene,Aromatic & PAHs,"InChI=1S/C7H7Cl/c1-6-4-2-3-5-7(6)8/h2-5H,1H3",IBSQPLPBRSHTTG-UHFFFAOYSA-N
838,2-deoxy-2-sulfonamino-D-glucose,9.32,56883-39-7,O=C[C@H](NS(=O)(=O)O)[C@@H](O)[C@H](O)[C@H](O)CO,6.5,25,NIST,diol,Polyfunctional / highly functionalized,"InChI=1S/C6H13NO8S/c8-1-3(7-16(13,14)15)5(11)6(12)4(10)2-9/h1,3-7,9-12H,2H2,(H,13,14,15)/t3-,4+,5+,6+/m0/s1",KZWHEHSUEBTKJM-SLPGGIOYSA-N
839,2-deoxy-2-sulfonamino-D-glucose,9.32,56883-39-7,O=C[C@H](NS(=O)(=O)O)[C@@H](O)[C@H](O)[C@H](O)CO,7,25,NIST,diol,Polyfunctional / highly functionalized,"InChI=1S/C6H13NO8S/c8-1-3(7-16(13,14)15)5(11)6(12)4(10)2-9/h1,3-7,9-12H,2H2,(H,13,14,15)/t3-,4+,5+,6+/m0/s1",KZWHEHSUEBTKJM-SLPGGIOYSA-N
840,2-deoxy-D-galactosamine,9.08,1772-03-8,N[C@H]1C(O)O[C@H](CO)[C@H](O)[C@@H]1O,7,25,https://doi.org/10.1021/acs.est.4c11950,halogenated,Halogenated organics,"InChI=1S/C6H13NO5/c7-3-5(10)4(9)2(1-8)12-6(3)11/h2-6,8-11H,1,7H2/t2-,3-,4+,5-,6?/m1/s1",MSWZFWKMSRAUBD-GASJEMHNSA-N
841,2-deoxy-D-glucose,9.45,56883-39-7,O=CC[C@@H](O)[C@H](O)[C@H](O)CO,7,25,https://doi.org/10.1021/acs.est.4c11950,halogenated,Halogenated organics,"InChI=1S/C6H12O5/c7-2-1-4(9)6(11)5(10)3-8/h2,4-6,8-11H,1,3H2/t4-,5-,6+/m1/s1",VRYALKFFQXWPIH-PBXRRBTRSA-N
842,2-deoxy-D-ribose,9.36,533-67-5,O=CC[C@H](O)[C@H](O)CO,7,25,https://doi.org/10.1021/acs.est.4c11950,halogenated,Halogenated organics,"InChI=1S/C5H10O4/c6-2-1-4(8)5(9)3-7/h2,4-5,7-9H,1,3H2/t4-,5+/m0/s1",ASJSAQIRZKANQN-CRCLSJGQSA-N
843,2-dichlorotoluene,9.61,1219798-57-8,ClCc1ccccc1Cl,7,25,https://doi.org/10.1021/acs.est.4c11950,benzene,Aromatic & PAHs,"InChI=1S/C7H6Cl2/c8-5-6-3-1-2-4-7(6)9/h1-4H,5H2",BASMANVIUSSIIM-UHFFFAOYSA-N
844,2-ethoxyethanol,9.230448921,110-80-5,CCOCCO,,,https://doi.org/10.1021/acsestengg.5c00182,alcohol,Oxygenated organics,"InChI=1S/C4H10O2/c1-2-6-4-3-5/h5H,2-4H2,1H3",ZNQVEEAIQZEUHB-UHFFFAOYSA-N
845,2-ethoxyethanol,9.23,1219805-07-8,CCOCCO,9,25,NIST,alcohol,Oxygenated organics,"InChI=1S/C4H10O2/c1-2-6-4-3-5/h5H,2-4H2,1H3",ZNQVEEAIQZEUHB-UHFFFAOYSA-N
846,2-fluoroacetate,8.079181246,371-46-0,[O-]C(=O)CF,,,https://doi.org/10.1021/acs.est.1c05060,halogenated,Halogenated organics,"InChI=1S/C2H3FO2/c3-1-2(4)5/h1H2,(H,4,5)/p-1",QEWYKACRFQMRMB-UHFFFAOYSA-M
847,2-furaldehyde,9.89,130493-22-0,O=Cc1occc1,9,25,https://doi.org/10.1021/acs.est.4c11950,alcohol,Oxygenated organics,InChI=1S/C5H4O2/c6-4-5-2-1-3-7-5/h1-4H,HYBBIBNJHNGZAN-UHFFFAOYSA-N
848,2-furancarboxamide,9.740362689,609-38-1,C1=COC(=C1)C(=O)N,,,https://doi.org/10.1021/acsestengg.5c00517,alcohol,Oxygenated organics,"InChI=1S/C5H5NO2/c6-5(7)4-2-1-3-8-4/h1-3H,(H2,6,7)",TVFIYRKPCACCNL-UHFFFAOYSA-N
849,2-furancarboxamide,9.74,89149-72-4,NC(=O)c1occc1,9,25,https://doi.org/10.1021/acs.est.4c11950,alcohol,Oxygenated organics,"InChI=1S/C5H5NO2/c6-5(7)4-2-1-3-8-4/h1-3H,(H2,6,7)",TVFIYRKPCACCNL-UHFFFAOYSA-N
850,2-furancarboxamide,9.740362689,89149-72-4,NC(=O)c1ccco1,,,https://doi.org/10.1021/acs.est.1c04721,halogenated,Halogenated organics,"InChI=1S/C5H5NO2/c6-5(7)4-2-1-3-8-4/h1-3H,(H2,6,7)",TVFIYRKPCACCNL-UHFFFAOYSA-N
851,2-furfuryl alcohol,10.18,29953-17-1,CC1(O)CC=CO1,7,25,https://doi.org/10.1021/acs.est.4c11950,alkane,Aliphatic hydrocarbons,"InChI=1S/C5H8O2/c1-5(6)3-2-4-7-5/h2,4,6H,3H2,1H3",CKISTVZVBFBSQM-UHFFFAOYSA-N
852,2-furoate ion,10.08,1334-76-5,O=C([O-])c1ccco1,9,25,NIST,halogenated,Halogenated organics,"InChI=1S/C5H4O3/c6-5(7)4-2-1-3-8-4/h1-3H,(H,6,7)/p-1",SMNDYUVBFMFKNZ-UHFFFAOYSA-M
853,2-hydroxy-2-methylpropanal,9.477121255,1525606-70-5,CC(C)(O)C=O,,,https://doi.org/10.1021/acs.est.1c04942,alkane,Aliphatic hydrocarbons,"InChI=1S/C4H8O2/c1-4(2,6)3-5/h3,6H,1-2H3",HNVAGBIANFAIIL-UHFFFAOYSA-N
854,2-hydroxy-5-methoxybenzoate ion,10.26,10268-66-3,COc1ccc(O)c(C(=O)[O-])c1,7,25,NIST,alcohol,Oxygenated organics,"InChI=1S/C8H8O4/c1-12-5-2-3-7(9)6(4-5)8(10)11/h2-4,9H,1H3,(H,10,11)/p-1",IZZIWIAOVZOBLF-UHFFFAOYSA-M
855,2-hydroxyacetamide,9.041392685,1249562-34-2,NC(=O)CO,,,https://doi.org/10.1021/acs.est.1c05583,halogenated,Halogenated organics,"InChI=1S/C2H5NO2/c3-2(5)1-4/h4H,1H2,(H2,3,5)",TZGPACAKMCUCKX-UHFFFAOYSA-N
856,2-hydroxybenzoate ion,10.19,63-36-5,O=C([O-])c1ccccc1O,7,25,NIST,benzene,Aromatic & PAHs,"InChI=1S/C7H6O3/c8-6-4-2-1-3-5(6)7(9)10/h1-4,8H,(H,9,10)/p-1",YGSDEFSMJLZEOE-UHFFFAOYSA-M
857,2-hydroxybutyric acid,9.113943352,600-15-7,CCC(C(=O)O)O,,,https://doi.org/10.1021/acsestengg.5c00213,alkane,Aliphatic hydrocarbons,"InChI=1S/C4H8O3/c1-2-3(5)4(6)7/h3,5H,2H2,1H3,(H,6,7)",AFENDNXGAFYKQO-UHFFFAOYSA-N
858,2-hydroxybutyric acid,9.11,20016-85-7,CCC(O)C(O)=O,1,25,https://doi.org/10.1021/acs.est.4c11950,alkane,Aliphatic hydrocarbons,"InChI=1S/C4H8O3/c1-2-3(5)4(6)7/h3,5H,2H2,1H3,(H,6,7)",AFENDNXGAFYKQO-UHFFFAOYSA-N
859,2-hydroxybutyric acid,9.113943352,20016-85-7,CCC(O)C(=O)O,,,https://doi.org/10.1021/acs.est.1c05291,alkane,Aliphatic hydrocarbons,"InChI=1S/C4H8O3/c1-2-3(5)4(6)7/h3,5H,2H2,1H3,(H,6,7)",AFENDNXGAFYKQO-UHFFFAOYSA-N
860,2-hydroxyethyl acetate,8.959041392,542-59-6,CC(=O)OCCO,,,https://doi.org/10.1021/acsestengg.5c00203,alcohol,Oxygenated organics,"InChI=1S/C4H8O3/c1-4(6)7-3-2-5/h5H,2-3H2,1H3",HXDLWJWIAHWIKI-UHFFFAOYSA-N
861,2-hydroxyethyl acetate,8.96,61551-63-1,CC(=O)OCCO,7,20,https://doi.org/10.1021/acs.est.4c11950,alcohol,Oxygenated organics,"InChI=1S/C4H8O3/c1-4(6)7-3-2-5/h5H,2-3H2,1H3",HXDLWJWIAHWIKI-UHFFFAOYSA-N
862,2-hydroxyethyl acrylate,10.04,302916-43-4,OCCOC(=O)C=C,7,25,https://doi.org/10.1021/acs.est.4c11950,diol,Polyfunctional / highly functionalized,"InChI=1S/C5H8O3/c1-2-5(7)8-4-3-6/h2,6H,1,3-4H2",OMIGHNLMNHATMP-UHFFFAOYSA-N
863,2-hydroxyethyl acrylate,10.04139269,302916-43-4,C=CC(=O)OCCO,,,https://doi.org/10.1021/acs.est.1c05399,alcohol,Oxygenated organics,"InChI=1S/C5H8O3/c1-2-5(7)8-4-3-6/h2,6H,1,3-4H2",OMIGHNLMNHATMP-UHFFFAOYSA-N
864,2-hydroxyethyl acrylate,10.04139269,818-61-1,C=CC(=O)OCCO,,,https://doi.org/10.1021/acsestengg.5c00367,alcohol,Oxygenated organics,"InChI=1S/C5H8O3/c1-2-5(7)8-4-3-6/h2,6H,1,3-4H2",OMIGHNLMNHATMP-UHFFFAOYSA-N
865,2-hydroxyethyl prop-2-enoate,10.04139269,68527-36-6,OCCOC(=O)C=C,,,https://doi.org/10.1021/acs.est.1c05342,diol,Polyfunctional / highly functionalized,"InChI=1S/C5H8O3/c1-2-5(7)8-4-3-6/h2,6H,1,3-4H2",OMIGHNLMNHATMP-UHFFFAOYSA-N
866,2-hydroxyethylethylenediaminetriacetic acid,10.04,150-39-0,O=C(O)CN(CCO)CCN(CC(=O)O)CC(=O)O,7,25,https://doi.org/10.1021/acs.est.4c11950,diol,Polyfunctional / highly functionalized,"InChI=1S/C10H18N2O7/c13-4-3-11(5-8(14)15)1-2-12(6-9(16)17)7-10(18)19/h13H,1-7H2,(H,14,15)(H,16,17)(H,18,19)",URDCARMUOSMFFI-UHFFFAOYSA-N
867,2-hydroxyketoprofen anion,10.23,14337-03-2,CC(C(=O)O)c1cccc(C(=O)c2cccc(O)c2)c1,7.2,25,NIST,benzene,Aromatic & PAHs,"InChI=1S/C16H14O4/c1-10(16(19)20)11-4-2-5-12(8-11)15(18)13-6-3-7-14(17)9-13/h2-10,17H,1H3,(H,19,20)",RHJXPGJIYUQAGM-UHFFFAOYSA-N
868,"2-hydroxypropane-1,2,3-tricarboxylic acid",7.698970004,89410-51-5,OC(=O)CC(O)(CC(O)=O)C(O)=O,,,https://doi.org/10.1021/acs.est.1c05675,diol,Polyfunctional / highly functionalized,"InChI=1S/C6H8O7/c7-3(8)1-6(13,5(11)12)2-4(9)10/h13H,1-2H2,(H,7,8)(H,9,10)(H,11,12)",KRKNYBCHXYNGOX-UHFFFAOYSA-N
869,2-hydroxypropanoic acid,8.633468456,125248-15-9,CC(O)C(O)=O,,,https://doi.org/10.1021/acs.est.1c05518,alkane,Aliphatic hydrocarbons,"InChI=1S/C3H6O3/c1-2(4)3(5)6/h2,4H,1H3,(H,5,6)",JVTAAEKCZFNVCJ-UHFFFAOYSA-N
870,2-hydroxypropionamide,9.113943352,65144-02-7,CC(C(=O)N)O,,,https://doi.org/10.1021/acsestengg.5c00287,alkane,Aliphatic hydrocarbons,"InChI=1S/C3H7NO2/c1-2(5)3(4)6/h2,5H,1H3,(H2,4,6)",SXQFCVDSOLSHOQ-UHFFFAOYSA-N
871,2-hydroxypropionamide,9.11,2651-43-6,CC(O)C(N)=O,4.5,25,https://doi.org/10.1021/acs.est.4c11950,alkane,Aliphatic hydrocarbons,"InChI=1S/C3H7NO2/c1-2(5)3(4)6/h2,5H,1H3,(H2,4,6)",SXQFCVDSOLSHOQ-UHFFFAOYSA-N
872,2-hydroxypropionamide,9.113943352,2651-43-6,CC(O)C(N)=O,,,https://doi.org/10.1021/acs.est.1c04729,alkane,Aliphatic hydrocarbons,"InChI=1S/C3H7NO2/c1-2(5)3(4)6/h2,5H,1H3,(H2,4,6)",SXQFCVDSOLSHOQ-UHFFFAOYSA-N
873,2-hydroxypurine,9.7,332875-28-2,Oc1ncc2[nH]cnc2n1,7,25,https://doi.org/10.1021/acs.est.4c11950,alcohol,Oxygenated organics,"InChI=1S/C5H4N4O/c10-5-6-1-3-4(9-5)8-2-7-3/h1-2H,(H2,6,7,8,9,10)",CRIZPXKICGBNKG-UHFFFAOYSA-N
874,"2-iodo-3,5-dinitrothiophene",9.32,54728-27-7,[O-][N+](=O)c1sc(I)c(c1)[N+]([O-])=O,7,25,https://doi.org/10.1021/acs.est.4c11950,"sulfide, disulfide",Sulfur-containing organics,InChI=1S/C4HIN2O4S/c5-4-2(6(8)9)1-3(12-4)7(10)11/h1H,IIEHVPJUARYTAU-UHFFFAOYSA-N
875,2-iodobenzoate ion,9.65,5377-71-9,O=C([O-])c1ccccc1I,9,25,NIST,benzene,Aromatic & PAHs,"InChI=1S/C7H5IO2/c8-6-4-2-1-3-5(6)7(9)10/h1-4H,(H,9,10)/p-1",CJNZAXGUTKBIHP-UHFFFAOYSA-M
876,2-isopropyl-3-methoxypyrazine,9.69,93905-03-4,COc1nccnc1C(C)C,7,25,https://doi.org/10.1021/acs.est.4c11950,alcohol,Oxygenated organics,"InChI=1S/C8H12N2O/c1-6(2)7-8(11-3)10-5-4-9-7/h4-6H,1-3H3",NTOPKICPEQUPPH-UHFFFAOYSA-N
877,2-mercapto-1-methylimidazole,10.04,60964-49-0,Cn1cc[nH]c1=S,7.5,25,NIST,"sulfide, disulfide",Sulfur-containing organics,"InChI=1S/C4H6N2S/c1-6-3-2-5-4(6)7/h2-3H,1H3,(H,5,7)",PMRYVIKBURPHAH-UHFFFAOYSA-N
878,2-mercapto-1-methylimidazole,10.15,60964-49-0,Cn1cc[nH]c1=S,7,25,NIST,"sulfide, disulfide",Sulfur-containing organics,"InChI=1S/C4H6N2S/c1-6-3-2-5-4(6)7/h2-3H,1H3,(H,5,7)",PMRYVIKBURPHAH-UHFFFAOYSA-N
879,2-mercapto-1-methylimidazole,10.04,60964-49-0,Cn1ccnc1S,7,25,https://doi.org/10.1021/acs.est.4c11950,"sulfide, disulfide",Sulfur-containing organics,"InChI=1S/C4H6N2S/c1-6-3-2-5-4(6)7/h2-3H,1H3,(H,5,7)",PMRYVIKBURPHAH-UHFFFAOYSA-N
880,2-mercaptobenzimidazole,9.9,83514-03-8,S=c1[nH]c2ccccc2[nH]1,7,25,NIST,"sulfide, disulfide",Sulfur-containing organics,"InChI=1S/C7H6N2S/c10-7-8-5-3-1-2-4-6(5)9-7/h1-4H,(H2,8,9,10)",YHMYGUUIMTVXNW-UHFFFAOYSA-N
881,2-mercaptobenzimidazole,9.32,83514-03-8,S=c1[nH]c2ccccc2[nH]1,0,25,NIST,"sulfide, disulfide",Sulfur-containing organics,"InChI=1S/C7H6N2S/c10-7-8-5-3-1-2-4-6(5)9-7/h1-4H,(H2,8,9,10)",YHMYGUUIMTVXNW-UHFFFAOYSA-N
882,2-mercaptobenzimidazole,9.9,83514-03-8,Sc1nc2ccccc2[nH]1,7,25,https://doi.org/10.1021/acs.est.4c11950,"sulfide, disulfide",Sulfur-containing organics,"InChI=1S/C7H6N2S/c10-7-8-5-3-1-2-4-6(5)9-7/h1-4H,(H2,8,9,10)",YHMYGUUIMTVXNW-UHFFFAOYSA-N
883,2-mercaptoethanol,9.83,114355-50-9,OCCS,6.5,25,NIST,"sulfide, disulfide",Sulfur-containing organics,"InChI=1S/C2H6OS/c3-1-2-4/h3-4H,1-2H2",DGVVWUTYPXICAM-UHFFFAOYSA-N
884,2-mercaptoethanol,9.6,114355-50-9,OCCS,11,25,NIST,"sulfide, disulfide",Sulfur-containing organics,"InChI=1S/C2H6OS/c3-1-2-4/h3-4H,1-2H2",DGVVWUTYPXICAM-UHFFFAOYSA-N
885,2-mercaptoethylammonium,10.2,98650-04-5,[NH3+]CCS,1.4,25,NIST,"sulfide, disulfide",Sulfur-containing organics,"InChI=1S/C2H7NS/c3-1-2-4/h4H,1-3H2/p+1",UFULAYFCSOUIOV-UHFFFAOYSA-O
886,2-mercaptoethylammonium,10.04,98650-04-5,[NH3+]CCS,7,25,NIST,"sulfide, disulfide",Sulfur-containing organics,"InChI=1S/C2H7NS/c3-1-2-4/h4H,1-3H2/p+1",UFULAYFCSOUIOV-UHFFFAOYSA-O
887,2-mercaptopropionylglycine,9.67,1953-02-2,CC(S)C(=O)NCC(=O)O,7.4,25,NIST,alkane,Aliphatic hydrocarbons,"InChI=1S/C5H9NO3S/c1-3(10)5(9)6-2-4(7)8/h3,10H,2H2,1H3,(H,6,9)(H,7,8)",YTGJWQPHMWSCST-UHFFFAOYSA-N
888,2-mercaptopropionylglycine,9.91,1953-02-2,CC(S)C(=O)NCC(=O)O,3.9,25,NIST,alkane,Aliphatic hydrocarbons,"InChI=1S/C5H9NO3S/c1-3(10)5(9)6-2-4(7)8/h3,10H,2H2,1H3,(H,6,9)(H,7,8)",YTGJWQPHMWSCST-UHFFFAOYSA-N
889,2-mercaptopurine,9.64,82677-93-8,Sc1ncc2[nH]cnc2n1,7,25,https://doi.org/10.1021/acs.est.4c11950,"sulfide, disulfide",Sulfur-containing organics,"InChI=1S/C5H4N4S/c10-5-6-1-3-4(9-5)8-2-7-3/h1-2H,(H2,6,7,8,9,10)",HDBQZGJWHMCXIL-UHFFFAOYSA-N
890,2-methoxy-2-methyl-1-propanol,8.92,3587-64-2,COC(C)(C)CO,7,25,https://doi.org/10.1021/acs.est.4c11950,alcohol,Oxygenated organics,"InChI=1S/C5H12O2/c1-5(2,4-6)7-3/h6H,4H2,1-3H3",VMPUAIZSESMILD-UHFFFAOYSA-N
891,2-methoxy-2-methylpropanal,9.6,89181-25-9,CC(C)(C=O)OC,7,25,https://doi.org/10.1021/acs.est.4c11950,alcohol,Oxygenated organics,"InChI=1S/C5H10O2/c1-5(2,4-6)7-3/h4H,1-3H3",HSCUZOQCNBPBST-UHFFFAOYSA-N
892,2-methoxy-2-methylpropanal,9.600972896,89181-25-9,COC(C)(C)C=O,,,https://doi.org/10.1021/acs.est.1c04408,alcohol,Oxygenated organics,"InChI=1S/C5H10O2/c1-5(2,4-6)7-3/h4H,1-3H3",HSCUZOQCNBPBST-UHFFFAOYSA-N
893,2-methoxy-2-methylpropanoic acid,8.888179494,2060036-85-1,COC(C)(C)C(=O)O,,,https://doi.org/10.1021/acs.est.1c04655,alcohol,Oxygenated organics,"InChI=1S/C5H10O3/c1-5(2,8-3)4(6)7/h1-3H3,(H,6,7)",BKBZFJRHYSCZQA-UHFFFAOYSA-N
894,2-methoxy-2-methylpropanoic acid,8.888179494,13836-62-9,CC(C)(C(=O)O)OC,,,https://doi.org/10.1021/acsestengg.5c00210,alcohol,Oxygenated organics,"InChI=1S/C5H10O3/c1-5(2,8-3)4(6)7/h1-3H3,(H,6,7)",BKBZFJRHYSCZQA-UHFFFAOYSA-N
895,2-methoxy-2-methylpropanoic acid,8.89,2060036-85-1,CC(C)(C(=O)O)OC,7,25,https://doi.org/10.1021/acs.est.4c11950,alcohol,Oxygenated organics,"InChI=1S/C5H10O3/c1-5(2,8-3)4(6)7/h1-3H3,(H,6,7)",BKBZFJRHYSCZQA-UHFFFAOYSA-N
896,2-methoxy-3-propan-2-ylpyrazine,9.69019608,128600-00-0,COc1nccnc1C(C)C,,,https://doi.org/10.1021/acs.est.1c05657,alcohol,Oxygenated organics,"InChI=1S/C8H12N2O/c1-6(2)7-8(11-3)10-5-4-9-7/h4-6H,1-3H3",NTOPKICPEQUPPH-UHFFFAOYSA-N
897,2-methoxy-4-propenyl-phenol,10.61,55334-55-9,C/C=C/c1ccc(O)c(OC)c1,7,25,NIST,benzene,Aromatic & PAHs,"InChI=1S/C10H12O2/c1-3-4-8-5-6-9(11)10(7-8)12-2/h3-7,11H,1-2H3/b4-3+",BJIOGJUNALELMI-ONEGZZNKSA-N
898,2-methoxy-4-propenylphenol,10.52,6380-21-8,CC=Cc1ccc(O)c(OC)c1,7,25,https://doi.org/10.1021/acs.est.4c11950,benzene,Aromatic & PAHs,"InChI=1S/C10H12O2/c1-3-4-8-5-6-9(11)10(7-8)12-2/h3-7,11H,1-2H3",BJIOGJUNALELMI-UHFFFAOYSA-N
899,2-methoxy-ethanol,9.11,105567-77-9,COCCO,9,25,NIST,alcohol,Oxygenated organics,"InChI=1S/C3H8O2/c1-5-3-2-4/h4H,2-3H2,1H3",XNWFRZJHXBZDAG-UHFFFAOYSA-N
900,2-methoxybenzoate ion,9.73,12439-76-8,COc1ccccc1C(=O)[O-],7,25,NIST,alcohol,Oxygenated organics,"InChI=1S/C8H8O3/c1-11-7-5-3-2-4-6(7)8(9)10/h2-5H,1H3,(H,9,10)/p-1",ILUJQPXNXACGAN-UHFFFAOYSA-M
901,2-methoxyethanol,9.113943352,109-86-4,COCCO,,,https://doi.org/10.1021/acsestengg.5c00181,alcohol,Oxygenated organics,"InChI=1S/C3H8O2/c1-5-3-2-4/h4H,2-3H2,1H3",XNWFRZJHXBZDAG-UHFFFAOYSA-N
902,2-methoxyphenol,10.30103,90-05-1,COC1=CC=CC=C1O,,,https://doi.org/10.1021/acsestengg.5c00414,alcohol,Oxygenated organics,"InChI=1S/C7H8O2/c1-9-7-5-3-2-4-6(7)8/h2-5,8H,1H3",LHGVFZTZFXWLCP-UHFFFAOYSA-N
903,2-methoxyphenol,10.3,5238-37-9,COC1=CC=CC=C1O,7,25,https://doi.org/10.1021/acs.est.4c11950,alcohol,Oxygenated organics,"InChI=1S/C7H8O2/c1-9-7-5-3-2-4-6(7)8/h2-5,8H,1H3",LHGVFZTZFXWLCP-UHFFFAOYSA-N
904,2-methyl furan,10.28,16361-14-1,Cc1occc1,9,25,https://doi.org/10.1021/acs.est.4c11950,alcohol,Oxygenated organics,"InChI=1S/C5H6O/c1-5-3-2-4-6-5/h2-4H,1H3",VQKFNUFAXTZWDK-UHFFFAOYSA-N
905,2-methyl pyridine,9.397940009,109-06-8,CC1=CC=CC=N1,,,https://doi.org/10.1021/acsestengg.5c00476,alkane,Aliphatic hydrocarbons,"InChI=1S/C6H7N/c1-6-4-2-3-5-7-6/h2-5H,1H3",BSKHPKMHTQYZBB-UHFFFAOYSA-N
906,2-methyl pyridine,9.4,102548-26-5,Cc1ccccn1,9,25,https://doi.org/10.1021/acs.est.4c11950,alkane,Aliphatic hydrocarbons,"InChI=1S/C6H7N/c1-6-4-2-3-5-7-6/h2-5H,1H3",BSKHPKMHTQYZBB-UHFFFAOYSA-N
907,"2-methyl-1,3-dioxalane",9.544068044,497-26-7,CC1OCCO1,,,https://doi.org/10.1021/acsestengg.5c00346,alcohol,Oxygenated organics,"InChI=1S/C4H8O2/c1-4-5-2-3-6-4/h4H,2-3H2,1H3",HTWIZMNMTWYQRN-UHFFFAOYSA-N
908,"2-methyl-1,3-dioxolane",9.54,85079-89-6,CC1OCCO1,7,25,https://doi.org/10.1021/acs.est.4c11950,alcohol,Oxygenated organics,"InChI=1S/C4H8O2/c1-4-5-2-3-6-4/h4H,2-3H2,1H3",HTWIZMNMTWYQRN-UHFFFAOYSA-N
909,"2-methyl-1,4-naphthoquinone",9.74,130-15-4,CC1=CC(=O)c2ccccc2C1=O,7,25,https://doi.org/10.1021/acs.est.4c11950,benzene,Aromatic & PAHs,"InChI=1S/C11H8O2/c1-7-6-10(12)8-4-2-3-5-9(8)11(7)13/h2-6H,1H3",MJVAVZPDRWSRRC-UHFFFAOYSA-N
910,2-methyl-1-phenyl-1-propanol,9.977723605,611-69-8,CC(C)C(C1=CC=CC=C1)O,,,https://doi.org/10.1021/acsestengg.5c00396,alkane,Aliphatic hydrocarbons,"InChI=1S/C10H14O/c1-8(2)10(11)9-6-4-3-5-7-9/h3-8,10-11H,1-2H3",GMDYDZMQHRTHJA-UHFFFAOYSA-N
911,2-methyl-1-phenyl-1-propanol,9.98,1572-95-8,CC(C)C(O)c1ccccc1,1.8,25,https://doi.org/10.1021/acs.est.4c11950,benzene,Aromatic & PAHs,"InChI=1S/C10H14O/c1-8(2)10(11)9-6-4-3-5-7-9/h3-8,10-11H,1-2H3",GMDYDZMQHRTHJA-UHFFFAOYSA-N
912,2-methyl-1-phenyl-2-propanol,10.23,100520-89-6,CC(C)(O)Cc1ccccc1,1.8,25,NIST,benzene,Aromatic & PAHs,"InChI=1S/C10H14O/c1-10(2,11)8-9-6-4-3-5-7-9/h3-7,11H,8H2,1-2H3",RIWRBSMFKVOJMN-UHFFFAOYSA-N
913,2-methyl-1-propanol,9.51851394,78-83-1,CC(C)CO,,,https://doi.org/10.1021/acsestengg.5c00152,alkane,Aliphatic hydrocarbons,"InChI=1S/C4H10O/c1-4(2)3-5/h4-5H,3H2,1-2H3",ZXEKIIBDNHEJCQ-UHFFFAOYSA-N
914,2-methyl-1-propanol,9.52,56282-27-0,CC(C)CO,7,25,https://doi.org/10.1021/acs.est.4c11950,alkane,Aliphatic hydrocarbons,"InChI=1S/C4H10O/c1-4(2)3-5/h4-5H,3H2,1-2H3",ZXEKIIBDNHEJCQ-UHFFFAOYSA-N
915,2-methyl-2-bromopropane,8.34,220505-11-3,CC(C)(C)Br,7,25,https://doi.org/10.1021/acs.est.4c11950,alkane,Aliphatic hydrocarbons,"InChI=1S/C4H9Br/c1-4(2,3)5/h1-3H3",RKSOPLXZQNSWAS-UHFFFAOYSA-N
916,2-methyl-2-butanol,9.278753601,75-85-4,CCC(C)(C)O,,,https://doi.org/10.1021/acsestengg.5c00153,alkane,Aliphatic hydrocarbons,"InChI=1S/C5H12O/c1-4-5(2,3)6/h6H,4H2,1-3H3",MSXVEPNJUHWQHW-UHFFFAOYSA-N
917,2-methyl-2-butanol,9.28,144365-95-7,CCC(C)(C)O,9,25,https://doi.org/10.1021/acs.est.4c11950,alkane,Aliphatic hydrocarbons,"InChI=1S/C5H12O/c1-4-5(2,3)6/h6H,4H2,1-3H3",MSXVEPNJUHWQHW-UHFFFAOYSA-N
918,2-methyl-2-nitroso-propane,9.26,44396-41-0,CC(C)(C)N=O,7,25,Zhong et al.,alkane,Aliphatic hydrocarbons,"InChI=1S/C4H9NO/c1-4(2,3)5-6/h1-3H3",LUQZKEZPFQRRRK-UHFFFAOYSA-N
919,2-methyl-2-nitroso-propane,9.44,44396-41-0,CC(C)(C)N=O,9.2,25,NIST,alkane,Aliphatic hydrocarbons,"InChI=1S/C4H9NO/c1-4(2,3)5-6/h1-3H3",LUQZKEZPFQRRRK-UHFFFAOYSA-N
920,"2-methyl-3,5-dinitroaniline",9.204119983,618-87-1,Cc1c(N)cc(cc1[N+]([O-])=O)[N+]([O-])=O,,,https://doi.org/10.1021/acs.est.1c04694,alkane,Aliphatic hydrocarbons,"InChI=1S/C7H7N3O4/c1-4-6(8)2-5(9(11)12)3-7(4)10(13)14/h2-3H,8H2,1H3",IEEJAAUSLQCGJH-UHFFFAOYSA-N
921,2-methyl-4-nitro-benzenesulfonic acid,9.2,811811-39-9,Cc1cc([N+](=O)[O-])ccc1S(=O)(=O)O,7,25,NIST,"sulfide, disulfide",Sulfur-containing organics,"InChI=1S/C7H7NO5S/c1-5-4-6(8(9)10)2-3-7(5)14(11,12)13/h2-4H,1H3,(H,11,12,13)",XCSZUHHAYFILGO-UHFFFAOYSA-N
922,2-methyl-4-phenyl-2-butanol,9.77,877308-84-4,CC(C)(O)CCc1ccccc1,1.8,25,https://doi.org/10.1021/acs.est.4c11950,benzene,Aromatic & PAHs,"InChI=1S/C11H16O/c1-11(2,12)9-8-10-6-4-3-5-7-10/h3-7,12H,8-9H2,1-2H3",YXVSKJDFNJFXAJ-UHFFFAOYSA-N
923,2-methyl-4-phenyl-2-butanol,9.770852012,103-05-9,CC(C)(CCC1=CC=CC=C1)O,,,https://doi.org/10.1021/acsestengg.5c00395,alkane,Aliphatic hydrocarbons,"InChI=1S/C11H16O/c1-11(2,12)9-8-10-6-4-3-5-7-10/h3-7,12H,8-9H2,1-2H3",YXVSKJDFNJFXAJ-UHFFFAOYSA-N
924,2-methyl-N-(2-pyridylmethylene)-2-propanamine-N-oxyl,9.98,57625-08-8,CC(C)(C)[N+]([O-])=Cc1ccccn1,7,25,NIST,alkane,Aliphatic hydrocarbons,"InChI=1S/C10H14N2O/c1-10(2,3)12(13)8-9-6-4-5-7-11-9/h4-8H,1-3H3",ZWGJANDKRQQAAL-UHFFFAOYSA-N
925,2-methyl-N-(3-pyridylmethylene)-2-propanamine-N-oxyl,9.66,57625-08-8,CC(C)(C)[N+]([O-])=Cc1cccnc1,7,25,NIST,cyclo,Aromatic & PAHs,"InChI=1S/C10H14N2O/c1-10(2,3)12(13)8-9-5-4-6-11-7-9/h4-8H,1-3H3",DVGXGOTVCRSYCP-UHFFFAOYSA-N
926,2-methyl-N-(4-pyridylmethylene)-2-propanamineN-oxyl,9.92,57625-08-8,CC(C)(C)[N+]([O-])=Cc1ccncc1,7,25,NIST,cyclo,Aromatic & PAHs,"InChI=1S/C10H14N2O/c1-10(2,3)12(13)8-9-4-6-11-7-5-9/h4-8H,1-3H3",VXCROGKUVZSNPB-UHFFFAOYSA-N
927,2-methyl-N-[4-nitrophenyl)methylene]-2-propanamine N-oxyl,9.87,115262-06-1,CC(C)(C)[N+]([O-])=Cc1ccc([N+](=O)[O-])cc1,7,25,NIST,cyclo,Aromatic & PAHs,"InChI=1S/C11H14N2O3/c1-11(2,3)12(14)8-9-4-6-10(7-5-9)13(15)16/h4-8H,1-3H3",PITQLPMGJWCDRA-UHFFFAOYSA-N
928,2-methyl-butanoic acid,9.34,1365969-07-8,CCC(C)C(=O)O,9,25,NIST,alkane,Aliphatic hydrocarbons,"InChI=1S/C5H10O2/c1-3-4(2)5(6)7/h4H,3H2,1-2H3,(H,6,7)",WLAMNBDJUVNPJU-UHFFFAOYSA-N
929,2-methyl-butanoic acid,7.95,1365969-07-8,CCC(C)C(=O)O,7,25,https://doi.org/10.1021/acs.est.4c11950,alkane,Aliphatic hydrocarbons,"InChI=1S/C5H10O2/c1-3-4(2)5(6)7/h4H,3H2,1-2H3,(H,6,7)",WLAMNBDJUVNPJU-UHFFFAOYSA-N
930,2-methylbutane,9.716003344,78-78-4,CCC(C)C,,,https://doi.org/10.1021/acsestengg.5c00141,alkane,Aliphatic hydrocarbons,"InChI=1S/C5H12/c1-4-5(2)3/h5H,4H2,1-3H3",QWTDNUCVQCZILF-UHFFFAOYSA-N
931,2-methylbutane,9.72,89980-46-1,CCC(C)C,2,25,https://doi.org/10.1021/acs.est.4c11950,alkane,Aliphatic hydrocarbons,"InChI=1S/C5H12/c1-4-5(2)3/h5H,4H2,1-3H3",QWTDNUCVQCZILF-UHFFFAOYSA-N
932,2-methylfuran,10.2787536,534-22-5,CC1=CC=CO1,,,https://doi.org/10.1021/acsestengg.5c00495,alkane,Aliphatic hydrocarbons,"InChI=1S/C5H6O/c1-5-3-2-4-6-5/h2-4H,1H3",VQKFNUFAXTZWDK-UHFFFAOYSA-N
933,2-methylfuran,10.2787536,534-22-5,Cc1ccco1,,,https://doi.org/10.1021/acs.est.1c05120,alkane,Aliphatic hydrocarbons,"InChI=1S/C5H6O/c1-5-3-2-4-6-5/h2-4H,1H3",VQKFNUFAXTZWDK-UHFFFAOYSA-N
934,2-methylindole,10.53,138380-84-4,Cc1[nH]c2ccccc2c1,9,25,https://doi.org/10.1021/acs.est.4c11950,benzene,Aromatic & PAHs,"InChI=1S/C9H9N/c1-7-6-8-4-2-3-5-9(8)10-7/h2-6,10H,1H3",BHNHHSOHWZKFOX-UHFFFAOYSA-N
935,2-methylisoborneol,9.63,2371-42-8,CC1(O)CC2CCC1(C)C2(C)C,7,25,https://doi.org/10.1021/acs.est.4c11950,cyclo,Aromatic & PAHs,"InChI=1S/C11H20O/c1-9(2)8-5-6-10(9,3)11(4,12)7-8/h8,12H,5-7H2,1-4H3",LFYXNXGVLGKVCJ-UHFFFAOYSA-N
936,2-methylprop-1-ene,9.73239376,67970-11-0,CC(C)=C,,,https://doi.org/10.1021/acs.est.1c05349,alkane,Aliphatic hydrocarbons,"InChI=1S/C4H8/c1-4(2)3/h1H2,2-3H3",VQTUBCCKSQIDNK-UHFFFAOYSA-N
937,2-methylprop-2-enamide,10.11394335,40893-50-3,CC(=C)C(N)=O,,,https://doi.org/10.1021/acs.est.1c04766,alkane,Aliphatic hydrocarbons,"InChI=1S/C4H7NO/c1-3(2)4(5)6/h1H2,2H3,(H2,5,6)",FQPSGWSUVKBHSU-UHFFFAOYSA-N
938,2-methylprop-2-enenitrile,10.05690485,67953-86-0,CC(=C)C#N,,,https://doi.org/10.1021/acs.est.1c04602,alkane,Aliphatic hydrocarbons,"InChI=1S/C4H5N/c1-4(2)3-5/h1H2,2H3",GYCMBHHDWRMZGG-UHFFFAOYSA-N
939,2-methylprop-2-enoic acid,10.19589965,63310-02-1,CC(=C)C(O)=O,,,https://doi.org/10.1021/acs.est.1c04462,alkane,Aliphatic hydrocarbons,"InChI=1S/C4H6O2/c1-3(2)4(5)6/h1H2,2H3,(H,5,6)",CERQOIWHTDAKMF-UHFFFAOYSA-N
940,2-methylpropan-2-amine,9.77815125,1803608-40-3,CC(C)(C)N,,,https://doi.org/10.1021/acs.est.1c05207,alkane,Aliphatic hydrocarbons,"InChI=1S/C4H11N/c1-4(2,3)5/h5H2,1-3H3",YBRBMKDOPFTVDT-UHFFFAOYSA-N
941,2-methylpropane,9.66,188605-43-8,CC(C)C,2,25,https://doi.org/10.1021/acs.est.4c11950,alkane,Aliphatic hydrocarbons,"InChI=1S/C4H10/c1-4(2)3/h4H,1-3H3",NNPPMTNAJDCUHE-UHFFFAOYSA-N
942,2-methylpropionamide,9.204119983,563-83-7,CC(C)C(=O)N,,,https://doi.org/10.1021/acsestengg.5c00288,alkane,Aliphatic hydrocarbons,"InChI=1S/C4H9NO/c1-3(2)4(5)6/h3H,1-2H3,(H2,5,6)",WFKAJVHLWXSISD-UHFFFAOYSA-N
943,2-methylpropionamide,9.2,74002-19-0,CC(C)C(N)=O,5.5,25,https://doi.org/10.1021/acs.est.4c11950,alkane,Aliphatic hydrocarbons,"InChI=1S/C4H9NO/c1-3(2)4(5)6/h3H,1-2H3,(H2,5,6)",WFKAJVHLWXSISD-UHFFFAOYSA-N
944,2-methylsulfanylethanol,9.897627091,62157-90-8,CSCCO,,,https://doi.org/10.1021/acs.est.1c05020,"sulfide, disulfide",Sulfur-containing organics,"InChI=1S/C3H8OS/c1-5-3-2-4/h4H,2-3H2,1H3",WBBPRCNXBQTYLF-UHFFFAOYSA-N
945,2-methylthio-ethanol,9.9,137247-06-4,CSCCO,7,25,"Schoeneich and Bobrowski, 1993","sulfide, disulfide",Sulfur-containing organics,"InChI=1S/C3H8OS/c1-5-3-2-4/h4H,2-3H2,1H3",WBBPRCNXBQTYLF-UHFFFAOYSA-N
946,2-methylthio-ethanol,9.897627091,5271-38-5,CSCCO,,,https://doi.org/10.1021/acsestengg.5c00259,"sulfide, disulfide",Sulfur-containing organics,"InChI=1S/C3H8OS/c1-5-3-2-4/h4H,2-3H2,1H3",WBBPRCNXBQTYLF-UHFFFAOYSA-N
947,2-methylthiophene,9.51,554-14-3,Cc1sccc1,11,25,https://doi.org/10.1021/acs.est.4c11950,"sulfide, disulfide",Sulfur-containing organics,"InChI=1S/C5H6S/c1-5-3-2-4-6-5/h2-4H,1H3",XQQBUAPQHNYYRS-UHFFFAOYSA-N
948,2-naphthoate ion,9.88,304671-81-6,O=C([O-])c1ccc2ccccc2c1,9.2,25,NIST,benzene,Aromatic & PAHs,"InChI=1S/C11H8O2/c12-11(13)10-6-5-8-3-1-2-4-9(8)7-10/h1-7H,(H,12,13)/p-1",UOBYKYZJUGYBDK-UHFFFAOYSA-M
949,2-naphthol,10.08,18228-15-4,Oc1ccc2ccccc2c1,5,25,NIST,alcohol,Oxygenated organics,"InChI=1S/C10H8O/c11-10-6-5-8-3-1-2-4-9(8)7-10/h1-7,11H",JWAZRIHNYRIHIV-UHFFFAOYSA-N
950,2-nitrophenol,9.77,93951-79-2,O=[N+]([O-])c1ccccc1O,7,25,https://doi.org/10.1021/acs.est.4c11950,benzene,Aromatic & PAHs,"InChI=1S/C6H5NO3/c8-6-4-2-1-3-5(6)7(9)10/h1-4,8H",IQUPABOKLQSFBK-UHFFFAOYSA-N
951,2-nitrophenoxide ion,9.96,14609-74-6,O=[N+]([O-])c1ccccc1[O-],9,25,NIST,benzene,Aromatic & PAHs,"InChI=1S/C6H5NO3/c8-6-4-2-1-3-5(6)7(9)10/h1-4,8H/p-1",IQUPABOKLQSFBK-UHFFFAOYSA-M
952,2-nitropropane,7.903089987,108-03-2,CC(C)[N+]([O-])=O,,,https://doi.org/10.1021/acs.est.1c04630,alkane,Aliphatic hydrocarbons,"InChI=1S/C3H7NO2/c1-3(2)4(5)6/h3H,1-2H3",FGLBSLMDCBOPQK-UHFFFAOYSA-N
953,2-nitropropane,7.9,108-03-2,CC(C)[N+]([O-])=O,7,25,https://doi.org/10.1021/acs.est.4c11950,alkane,Aliphatic hydrocarbons,"InChI=1S/C3H7NO2/c1-3(2)4(5)6/h3H,1-2H3",FGLBSLMDCBOPQK-UHFFFAOYSA-N
954,2-nitropropane,7.903089987,79-46-9,CC(C)[N+](=O)[O-],,,https://doi.org/10.1021/acsestengg.5c00279,alkane,Aliphatic hydrocarbons,"InChI=1S/C3H7NO2/c1-3(2)4(5)6/h3H,1-2H3",FGLBSLMDCBOPQK-UHFFFAOYSA-N
955,2-pentanone,9.28,865-66-7,CCCC(C)=O,7,25,https://doi.org/10.1021/acs.est.4c11950,alkane,Aliphatic hydrocarbons,"InChI=1S/C5H10O/c1-3-4-5(2)6/h3-4H2,1-2H3",XNLICIUVMPYHGG-UHFFFAOYSA-N
956,2-pentanone,9.278753601,107-87-9,CCCC(=O)C,,,https://doi.org/10.1021/acsestengg.5c00187,alkane,Aliphatic hydrocarbons,"InChI=1S/C5H10O/c1-3-4-5(2)6/h3-4H2,1-2H3",XNLICIUVMPYHGG-UHFFFAOYSA-N
957,2-phenyl-2-propanol,9.66,1335-12-2,CC(C)(O)c1ccccc1,1.8,25,https://doi.org/10.1021/acs.est.4c11950,benzene,Aromatic & PAHs,"InChI=1S/C9H12O/c1-9(2,10)8-6-4-3-5-7-8/h3-7,10H,1-2H3",BDCFWIDZNLCTMF-UHFFFAOYSA-N
958,2-phenylfuran,10.20411998,17113-33-6,C1=CC=C(C=C1)C2=CC=CO2,,,https://doi.org/10.1021/acsestengg.5c00518,halogenated,Halogenated organics,InChI=1S/C10H8O/c1-2-5-9(6-3-1)10-7-4-8-11-10/h1-8H,GCXNJAXHHFZVIM-UHFFFAOYSA-N
959,2-phenylfuran,10.2,1211915-92-2,c1ccc(-c2ccco2)cc1,9,25,NIST,benzene,Aromatic & PAHs,InChI=1S/C10H8O/c1-2-5-9(6-3-1)10-7-4-8-11-10/h1-8H,GCXNJAXHHFZVIM-UHFFFAOYSA-N
960,2-phenylfuran,10.20411998,1211915-92-2,c1ccc(-c2ccco2)cc1,,,https://doi.org/10.1021/acs.est.1c04737,benzene,Aromatic & PAHs,InChI=1S/C10H8O/c1-2-5-9(6-3-1)10-7-4-8-11-10/h1-8H,GCXNJAXHHFZVIM-UHFFFAOYSA-N
961,2-propan-2-yloxypropane,9.396199347,87025-34-1,CC(C)OC(C)C,,,https://doi.org/10.1021/acs.est.1c05664,alcohol,Oxygenated organics,"InChI=1S/C6H14O/c1-5(2)7-6(3)4/h5-6H,1-4H3",ZAFNJMIOTHYJRJ-UHFFFAOYSA-N
962,2-propan-2-ylsulfinylpropane,9.832508913,2211-89-4,CC(C)[S](=O)C(C)C,,,https://doi.org/10.1021/acs.est.1c04702,"sulfide, disulfide",Sulfur-containing organics,"InChI=1S/C6H14OS/c1-5(2)8(7)6(3)4/h5-6H,1-4H3",WFJXYIUAMJAURQ-UHFFFAOYSA-N
963,2-propanol,9.28,72207-93-3,CC(C)O,1.5,25,https://doi.org/10.1021/acs.est.4c11950,alkane,Aliphatic hydrocarbons,"InChI=1S/C3H8O/c1-3(2)4/h3-4H,1-2H3",KFZMGEQAYNKOFK-UHFFFAOYSA-N
964,2-propanol,9.28,72207-93-3,CC(C)O,7,25,https://doi.org/10.1021/acs.est.4c11950,alkane,Aliphatic hydrocarbons,"InChI=1S/C3H8O/c1-3(2)4/h3-4H,1-2H3",KFZMGEQAYNKOFK-UHFFFAOYSA-N
965,2-propanol,9.278753601,67-63-0,CC(C)O,,,https://doi.org/10.1021/acsestengg.5c00151,alkane,Aliphatic hydrocarbons,"InChI=1S/C3H8O/c1-3(2)4/h3-4H,1-2H3",KFZMGEQAYNKOFK-UHFFFAOYSA-N
966,2-propanol,9.61,72207-93-3,CC(C)O,5.8,25,https://doi.org/10.1021/acs.est.4c11950,alkane,Aliphatic hydrocarbons,"InChI=1S/C3H8O/c1-3(2)4/h3-4H,1-2H3",KFZMGEQAYNKOFK-UHFFFAOYSA-N
967,2-propanol,9.36,72207-93-3,CC(C)O,7,19,https://doi.org/10.1021/acs.est.4c11950,alkane,Aliphatic hydrocarbons,"InChI=1S/C3H8O/c1-3(2)4/h3-4H,1-2H3",KFZMGEQAYNKOFK-UHFFFAOYSA-N
968,2-propanol,9.2,72207-93-3,CC(C)O,7.5,25,https://doi.org/10.1021/acs.est.4c11950,alkane,Aliphatic hydrocarbons,"InChI=1S/C3H8O/c1-3(2)4/h3-4H,1-2H3",KFZMGEQAYNKOFK-UHFFFAOYSA-N
969,2-propanol,9.28,72207-93-3,CC(C)O,6,25,https://doi.org/10.1021/acs.est.4c11950,alkane,Aliphatic hydrocarbons,"InChI=1S/C3H8O/c1-3(2)4/h3-4H,1-2H3",KFZMGEQAYNKOFK-UHFFFAOYSA-N
970,"2-propen-2,3-diol-1-one",10.2,639084-68-7,O=CC(O)=CO,9.7,25,NIST,halogenated,Halogenated organics,"InChI=1S/C3H4O3/c4-1-3(6)2-5/h1-2,4,6H",NGSULTPMGQCSHK-UHFFFAOYSA-N
971,2-pyridin-2-ylpyridine,9.792391689,102877-76-9,c1ccc(nc1)c2ccccn2,,,https://doi.org/10.1021/acs.est.1c04556,halogenated,Halogenated organics,InChI=1S/C10H8N2/c1-3-7-11-9(5-1)10-6-2-4-8-12-10/h1-8H,ROFVEXUMMXZLPA-UHFFFAOYSA-N
972,2-pyridine amine,9.92,1249070-30-1,Nc1ccccn1,9,25,https://doi.org/10.1021/acs.est.4c11950,halogenated,Halogenated organics,"InChI=1S/C5H6N2/c6-5-3-1-2-4-7-5/h1-4H,(H2,6,7)",ICSNLGPSRYBMBD-UHFFFAOYSA-N
973,2-pyridine carboxylic acid,8.3,1431470-17-5,OC(=O)c1ccccn1,3.8,25,https://doi.org/10.1021/acs.est.4c11950,alcohol,Oxygenated organics,"InChI=1S/C6H5NO2/c8-6(9)5-3-1-2-4-7-5/h1-4H,(H,8,9)",SIOXPEMLGUPBBT-UHFFFAOYSA-N
974,2-pyridinecarboxylate ion,9.43,12439-76-8,O=C([O-])c1ccccn1,10,25,NIST,halogenated,Halogenated organics,"InChI=1S/C6H5NO2/c8-6(9)5-3-1-2-4-7-5/h1-4H,(H,8,9)/p-1",SIOXPEMLGUPBBT-UHFFFAOYSA-M
975,2-pyridinecarboxylate ion,9.25,12439-76-8,O=C([O-])c1ccccn1,9,25,NIST,halogenated,Halogenated organics,"InChI=1S/C6H5NO2/c8-6(9)5-3-1-2-4-7-5/h1-4H,(H,8,9)/p-1",SIOXPEMLGUPBBT-UHFFFAOYSA-M
976,2-pyridone,9.81,102368-13-8,O=C1NC=CC=C1,6.5,25,https://doi.org/10.1021/acs.est.4c11950,cyclo,Aromatic & PAHs,"InChI=1S/C5H5NO/c7-5-3-1-2-4-6-5/h1-4H,(H,6,7)",UBQKCCHYAOITMY-UHFFFAOYSA-N
977,2-pyridone,10.04,102368-13-8,O=C1NC=CC=C1,6.8,25,https://doi.org/10.1021/acs.est.4c11950,cyclo,Aromatic & PAHs,"InChI=1S/C5H5NO/c7-5-3-1-2-4-6-5/h1-4H,(H,6,7)",UBQKCCHYAOITMY-UHFFFAOYSA-N
978,2-pyridone,9.812913357,102368-13-8,O=c1cccc[nH]1,,,https://doi.org/10.1021/acs.est.1c05165,halogenated,Halogenated organics,"InChI=1S/C5H5NO/c7-5-3-1-2-4-6-5/h1-4H,(H,6,7)",UBQKCCHYAOITMY-UHFFFAOYSA-N
979,2-pyridone,9.812913357,142-08-5,C1=CC(=O)NC=C1,,,https://doi.org/10.1021/acsestengg.5c00485,cyclo,Aromatic & PAHs,"InChI=1S/C5H5NO/c7-5-3-1-2-4-6-5/h1-4H,(H,6,7)",UBQKCCHYAOITMY-UHFFFAOYSA-N
980,2-pyrrolidinone,9.34,3195-95-7,O=C1CCCN1,7,25,https://doi.org/10.1021/acs.est.4c11950,halogenated,Halogenated organics,"InChI=1S/C4H7NO/c6-4-2-1-3-5-4/h1-3H2,(H,5,6)",HNJBEVLQSNELDL-UHFFFAOYSA-N
981,2-sulfanylacetic acid,9.079181246,84371-00-6,OC(=O)CS,,,https://doi.org/10.1021/acs.est.1c04928,"sulfide, disulfide",Sulfur-containing organics,"InChI=1S/C2H4O2S/c3-2(4)1-5/h5H,1H2,(H,3,4)",CWERGRDVMFNCDR-UHFFFAOYSA-N
982,2-sulfanylethanol,9.832508913,96727-40-1,OCCS,,,https://doi.org/10.1021/acs.est.1c04779,"sulfide, disulfide",Sulfur-containing organics,"InChI=1S/C2H6OS/c3-1-2-4/h3-4H,1-2H2",DGVVWUTYPXICAM-UHFFFAOYSA-N
983,2-tert-Butyl-4-methoxyphenol,9.869818208,401615-86-9,COc1ccc(O)c(c1)C(C)(C)C,,,https://doi.org/10.1021/acs.est.1c04542,alcohol,Oxygenated organics,"InChI=1S/C11H16O2/c1-11(2,3)9-7-8(13-4)5-6-10(9)12/h5-7,12H,1-4H3",MRBKEAMVRSLQPH-UHFFFAOYSA-N
984,2-tert-Butylphenol,10.2787536,101672-74-6,CC(C)(C)c1ccccc1O,,,https://doi.org/10.1021/acs.est.1c05465,benzene,Aromatic & PAHs,"InChI=1S/C10H14O/c1-10(2,3)8-6-4-5-7-9(8)11/h4-7,11H,1-3H3",WJQOZHYUIDYNHM-UHFFFAOYSA-N
985,"2-tert-butylbenzene-1,4-diol",9.799340549,67969-77-1,CC(C)(C)c1cc(O)ccc1O,,,https://doi.org/10.1021/acs.est.1c04501,benzene,Aromatic & PAHs,"InChI=1S/C10H14O2/c1-10(2,3)8-6-7(11)4-5-9(8)12/h4-6,11-12H,1-3H3",BGNXCDMCOKJUMV-UHFFFAOYSA-N
986,"2-thioxo-2,3-dihydropyrimidin-4(1H)-one",9.98,2098045-24-8,O=c1cc[nH]c(=S)[nH]1,7,25,https://doi.org/10.1021/acs.est.4c11950,halogenated,Halogenated organics,"InChI=1S/C4H4N2OS/c7-3-1-2-5-4(8)6-3/h1-2H,(H2,5,6,7,8)",ZEMGGZBWXRYJHK-UHFFFAOYSA-N
987,"2-thioxo-2,3-dihydropyrimidin-4(1H)-one",9.982271233,2098045-24-8,O=c1cc[nH]c(=S)[nH]1,,,https://doi.org/10.1021/acs.est.1c04818,halogenated,Halogenated organics,"InChI=1S/C4H4N2OS/c7-3-1-2-5-4(8)6-3/h1-2H,(H2,5,6,7,8)",ZEMGGZBWXRYJHK-UHFFFAOYSA-N
988,2-toluenesulfonate ion,9.51,60711-74-2,Cc1ccccc1S(=O)(=O)[O-],7,25,NIST,"sulfide, disulfide",Sulfur-containing organics,"InChI=1S/C7H8O3S/c1-6-4-2-3-5-7(6)11(8,9)10/h2-5H,1H3,(H,8,9,10)/p-1",LBLYYCQCTBFVLH-UHFFFAOYSA-M
989,2H-Benzotriazole,9.880813592,15284-70-5,[nH]1nc2ccccc2n1,,,https://doi.org/10.1021/acs.est.1c04879,benzene,Aromatic & PAHs,"InChI=1S/C6H5N3/c1-2-4-6-5(3-1)7-9-8-6/h1-4H,(H,7,8,9)",QRUDEWIWKLJBPS-UHFFFAOYSA-N
990,3'-Uridine monophosphate,9.826074803,133628-72-5,O=c1ccn([C@@H]2O[C@H](CO)[C@@H](OP(=O)(O)O)[C@H]2O)c(=O)[nH]1,,,https://doi.org/10.1021/acs.est.1c04527,diol,Polyfunctional / highly functionalized,"InChI=1S/C9H13N2O9P/c12-3-4-7(20-21(16,17)18)6(14)8(19-4)11-2-1-5(13)10-9(11)15/h1-2,4,6-8,12,14H,3H2,(H,10,13,15)(H2,16,17,18)/t4-,6-,7-,8-/m1/s1",FOGRQMPFHUHIGU-XVFCMESISA-N
991,3'-deoxythymidine 5'-monophosphate,9.76,128506-29-6,Cc1cn([C@H]2CC[C@@H](COP(=O)(O)O)O2)c(=O)[nH]c1=O,7,25,NIST,diol,Polyfunctional / highly functionalized,"InChI=1S/C10H15N2O7P/c1-6-4-12(10(14)11-9(6)13)8-3-2-7(19-8)5-18-20(15,16)17/h4,7-8H,2-3,5H2,1H3,(H,11,13,14)(H2,15,16,17)/t7-,8+/m0/s1",WVNRRNJFRREKAR-JGVFFNPUSA-N
992,3'-uridine monophosphate,9.83,133628-72-5,O=c1ccn([C@@H]2O[C@H](CO)[C@@H](OP(=O)(O)O)[C@H]2O)c(=O)[nH]1,7,25,NIST,diol,Polyfunctional / highly functionalized,"InChI=1S/C9H13N2O9P/c12-3-4-7(20-21(16,17)18)6(14)8(19-4)11-2-1-5(13)10-9(11)15/h1-2,4,6-8,12,14H,3H2,(H,10,13,15)(H2,16,17,18)/t4-,6-,7-,8-/m1/s1",FOGRQMPFHUHIGU-XVFCMESISA-N
993,"3,3'-Thiodipropanol",10.14612804,10595-09-2,OCCCSCCCO,,,https://doi.org/10.1021/acs.est.1c04620,"sulfide, disulfide",Sulfur-containing organics,"InChI=1S/C6H14O2S/c7-3-1-5-9-6-2-4-8/h7-8H,1-6H2",QRQVZZMTKYXEKC-UHFFFAOYSA-N
994,"3,3'-thiodipropanol",10.15,10595-09-2,C(CO)CSCCCO,6,23,https://doi.org/10.1021/acs.est.4c11950,"sulfide, disulfide",Sulfur-containing organics,"InChI=1S/C6H14O2S/c7-3-1-5-9-6-2-4-8/h7-8H,1-6H2",QRQVZZMTKYXEKC-UHFFFAOYSA-N
995,"3,3-Dimethylacrylic acid",9.953759692,21386-86-7,CC(C)=CC(=O)O,,,https://doi.org/10.1021/acs.est.1c04379,alkane,Aliphatic hydrocarbons,"InChI=1S/C5H8O2/c1-4(2)3-5(6)7/h3H,1-2H3,(H,6,7)",YYPNJNDODFVZLE-UHFFFAOYSA-N
996,"3,3-dimethyl-5-oxopyrazolidine-2-carboxaldehyde",10,374895-87-1,CC1(C)CC(=O)NN1C=O,7,25,NIST,alkane,Aliphatic hydrocarbons,"InChI=1S/C6H10N2O2/c1-6(2)3-5(10)7-8(6)4-9/h4H,3H2,1-2H3,(H,7,10)",CFVMLFPTFXLLIF-UHFFFAOYSA-N
997,"3,3-dimethyl-butanoic acid",9.23,1461707-51-6,CC(C)(C)CC(=O)O,9,25,NIST,alkane,Aliphatic hydrocarbons,"InChI=1S/C6H12O2/c1-6(2,3)4-5(7)8/h4H2,1-3H3,(H,7,8)",MLMQPDHYNJCQAO-UHFFFAOYSA-N
998,"3,3-dimethylacrylic acid",9.95,21386-86-7,CC(C)=CC(=O)O,3.7,25,NIST,alkane,Aliphatic hydrocarbons,"InChI=1S/C5H8O2/c1-4(2)3-5(6)7/h3H,1-2H3,(H,6,7)",YYPNJNDODFVZLE-UHFFFAOYSA-N
999,"3,4,5,6-tetrachlorobenzene-1,2-diol",9.895422546,54162-26-4,Oc1c(O)c(Cl)c(Cl)c(Cl)c1Cl,,,https://doi.org/10.1021/acs.est.1c04774,alcohol,Oxygenated organics,InChI=1S/C6H2Cl4O2/c7-1-2(8)4(10)6(12)5(11)3(1)9/h11-12H,RRBMVWQICIXSEO-UHFFFAOYSA-N
1000,"3,4,5-Trimethoxybenzoic acid",9.093421685,1185297-87-3,COc1cc(cc(OC)c1OC)C(O)=O,,,https://doi.org/10.1021/acs.est.1c05093,diol,Polyfunctional / highly functionalized,"InChI=1S/C10H12O5/c1-13-7-4-6(10(11)12)5-8(14-2)9(7)15-3/h4-5H,1-3H3,(H,11,12)",SJSOFNCYXJUNBT-UHFFFAOYSA-N
1001,"3,4,5-trimethoxybenzoate ion",10.11,446299-37-2,COc1cc(C(=O)[O-])cc(OC)c1OC,7,25,NIST,diol,Polyfunctional / highly functionalized,"InChI=1S/C10H12O5/c1-13-7-4-6(10(11)12)5-8(14-2)9(7)15-3/h4-5H,1-3H3,(H,11,12)/p-1",SJSOFNCYXJUNBT-UHFFFAOYSA-M
1002,"3,4-Dichlorotoluene",9.230448921,95-75-0,CC1=CC(=C(C=C1)Cl)Cl,,,https://doi.org/10.1021/acsestengg.5c00565,alkane,Aliphatic hydrocarbons,"InChI=1S/C7H6Cl2/c1-5-2-3-6(8)7(9)4-5/h2-4H,1H3",WYUIWKFIFOJVKW-UHFFFAOYSA-N
1003,"3,4-Dihydroxybenzaldehyde",9.919078092,1386948-25-9,Oc1ccc(C=O)cc1O,,,https://doi.org/10.1021/acs.est.1c05343,alcohol,Oxygenated organics,"InChI=1S/C7H6O3/c8-4-5-1-2-6(9)7(10)3-5/h1-4,9-10H",IBGBGRVKPALMCQ-UHFFFAOYSA-N
1004,"3,4-Dihydroxybenzoic acid",8.826074803,1273328-02-1,OC(=O)c1ccc(O)c(O)c1,,,https://doi.org/10.1021/acs.est.1c05320,alcohol,Oxygenated organics,"InChI=1S/C7H6O4/c8-5-2-1-4(7(10)11)3-6(5)9/h1-3,8-9H,(H,10,11)",YQUVCSBJEUQKSH-UHFFFAOYSA-N
1005,"3,4-Dihydroxytoluene",10.20411998,1251900-91-0,Cc1ccc(O)c(O)c1,,,https://doi.org/10.1021/acs.est.1c04724,benzene,Aromatic & PAHs,"InChI=1S/C7H8O2/c1-5-2-3-6(8)7(9)4-5/h2-4,8-9H,1H3",ZBCATMYQYDCTIZ-UHFFFAOYSA-N
1006,"3,4-Dimethoxybenzoic acid",9.344392274,19930-70-2,COc1ccc(cc1OC)C(O)=O,,,https://doi.org/10.1021/acs.est.1c05026,alcohol,Oxygenated organics,"InChI=1S/C9H10O4/c1-12-7-4-3-6(9(10)11)5-8(7)13-2/h3-5H,1-2H3,(H,10,11)",DAUAQNGYDSHRET-UHFFFAOYSA-N
1007,"3,4-dichlorotoluene",9.23,1219795-29-5,Cc1ccc(Cl)c(Cl)c1,7,25,https://doi.org/10.1021/acs.est.4c11950,benzene,Aromatic & PAHs,"InChI=1S/C7H6Cl2/c1-5-2-3-6(8)7(9)4-5/h2-4H,1H3",WYUIWKFIFOJVKW-UHFFFAOYSA-N
1008,"3,4-dihydro-6-acetoxy-N,N,2,5,7,8-hexamethyl-1-benzopyran-2-ethanaminium",9.51,122005-20-3,CC(=O)Oc1c(C)c(C)c2c(c1C)CCC(C)(CC[NH+](C)C)O2,7.4,25,NIST,alcohol,Oxygenated organics,"InChI=1S/C19H29NO3/c1-12-13(2)18-16(14(3)17(12)22-15(4)21)8-9-19(5,23-18)10-11-20(6)7/h8-11H2,1-7H3/p+1",DNRCGFUTOSMVEM-UHFFFAOYSA-O
1009,"3,4-dihydro-6-acetoxy-N,N,N,2,5,7,8-heptamethyl-1-benzopyran-2-ethanaminium",9.93,146832-01-1,CC(=O)Oc1c(C)c(C)c2c(c1C)CCC(C)(CC[N+](C)(C)C)O2,7.4,25,NIST,alcohol,Oxygenated organics,"InChI=1S/C20H32NO3/c1-13-14(2)19-17(15(3)18(13)23-16(4)22)9-10-20(5,24-19)11-12-21(6,7)8/h9-12H2,1-8H3/q+1",PUJGAVIVUXDQII-UHFFFAOYSA-N
1010,"3,4-dihydro-6-hydroxy-N,N,2,5,7,8-hexamethyl-1-benzopyran-2-ethanaminium",9.85,146832-01-1,Cc1c(C)c2c(c(C)c1O)CCC(C)(CC[NH+](C)C)O2,7.4,25,NIST,cyclo,Aromatic & PAHs,"InChI=1S/C17H27NO2/c1-11-12(2)16-14(13(3)15(11)19)7-8-17(4,20-16)9-10-18(5)6/h19H,7-10H2,1-6H3/p+1",DYNIOWJSSKCSFL-UHFFFAOYSA-O
1011,"3,4-dihydro-6-hydroxy-N,N,N,2,5,7,8-heptamethyl-1-benzopyran-2-ethanaminium",10.08,146832-01-1,Cc1c(C)c2c(c(C)c1O)CCC(C)(CC[N+](C)(C)C)O2,7.4,25,NIST,cyclo,Aromatic & PAHs,"InChI=1S/C18H29NO2/c1-12-13(2)17-15(14(3)16(12)20)8-9-18(4,21-17)10-11-19(5,6)7/h8-11H2,1-7H3/p+1",CYFUJFPQQKYUKZ-UHFFFAOYSA-O
1012,"3,4-dihydrocoumarin",9.56,244108-49-4,O=C1CCc2ccccc2O1,7.4,25,NIST,benzene,Aromatic & PAHs,"InChI=1S/C9H8O2/c10-9-6-5-7-3-1-2-4-8(7)11-9/h1-4H,5-6H2",VMUXSMXIQBNMGZ-UHFFFAOYSA-N
1013,"3,4-dihydroxyacetophenone",10,28604-78-6,CC(=O)c1ccc(O)c(O)c1,7,25,NIST,benzene,Aromatic & PAHs,"InChI=1S/C8H8O3/c1-5(9)6-2-3-7(10)8(11)4-6/h2-4,10-11H,1H3",UCQUAMAQHHEXGD-UHFFFAOYSA-N
1014,"3,4-dihydroxyacetophenone",10,1197-09-7,CC(=O)C1=CC(=C(C=C1)O)O,,,https://doi.org/10.1021/acsestengg.5c00435,alkane,Aliphatic hydrocarbons,"InChI=1S/C8H8O3/c1-5(9)6-2-3-7(10)8(11)4-6/h2-4,10-11H,1H3",UCQUAMAQHHEXGD-UHFFFAOYSA-N
1015,"3,4-dihydroxybenzaldehyde",9.92,1386948-25-9,O=Cc1ccc(O)c(O)c1,7,25,NIST,benzene,Aromatic & PAHs,"InChI=1S/C7H6O3/c8-4-5-1-2-6(9)7(10)3-5/h1-4,9-10H",IBGBGRVKPALMCQ-UHFFFAOYSA-N
1016,"3,4-dihydroxybenzaldehyde",9.919078092,139-85-5,C1=CC(=C(C=C1C=O)O)O,,,https://doi.org/10.1021/acsestengg.5c00432,halogenated,Halogenated organics,"InChI=1S/C7H6O3/c8-4-5-1-2-6(9)7(10)3-5/h1-4,9-10H",IBGBGRVKPALMCQ-UHFFFAOYSA-N
1017,"3,4-dihydroxybenzaldehyde",9.919078092,1386948-25-9,O=Cc1ccc(O)c(O)c1,,,https://doi.org/10.1021/acs.est.1c05424,benzene,Aromatic & PAHs,"InChI=1S/C7H6O3/c8-4-5-1-2-6(9)7(10)3-5/h1-4,9-10H",IBGBGRVKPALMCQ-UHFFFAOYSA-N
1018,"3,4-dihydroxyphenethylamine",9.77,21581-41-9,NCCc1ccc(O)c(O)c1,4.7,25,NIST,benzene,Aromatic & PAHs,"InChI=1S/C8H11NO2/c9-4-3-6-1-2-7(10)8(11)5-6/h1-2,5,10-11H,3-4,9H2",VYFYYTLLBUKUHU-UHFFFAOYSA-N
1019,"3,4-dihydroxytoluene",10.57,1251900-91-0,Cc1ccc(O)c(O)c1,6.9,25,NIST,benzene,Aromatic & PAHs,"InChI=1S/C7H8O2/c1-5-2-3-6(8)7(9)4-5/h2-4,8-9H,1H3",ZBCATMYQYDCTIZ-UHFFFAOYSA-N
1020,"3,4-dimethoxybenzoate ion",10.08,878935-56-9,COc1ccc(C(=O)[O-])cc1OC,7,25,NIST,diol,Polyfunctional / highly functionalized,"InChI=1S/C9H10O4/c1-12-7-4-3-6(9(10)11)5-8(7)13-2/h3-5H,1-2H3,(H,10,11)/p-1",DAUAQNGYDSHRET-UHFFFAOYSA-M
1021,"3,4-dimethylaniline chloride",9.792391689,1215545-22-4,[Cl].Cc1ccc(N)cc1C,,,https://doi.org/10.1021/acs.est.1c04707,benzene,Aromatic & PAHs,"InChI=1S/C8H11N.Cl/c1-6-3-4-8(9)5-7(6)2;/h3-5H,9H2,1-2H3;",PCMKQBPGYLLPIU-UHFFFAOYSA-N
1022,"3,4-dimethylbenzenesulfonate ion",9.84,597562-48-6,Cc1ccc(S(=O)(=O)[O-])cc1C,7,25,NIST,cyclo,Aromatic & PAHs,"InChI=1S/C8H10O3S/c1-6-3-4-8(5-7(6)2)12(9,10)11/h3-5H,1-2H3,(H,9,10,11)/p-1",WYCOJIVDCGJKDB-UHFFFAOYSA-M
1023,"3,5,7-trihydroxy-2-[2-(4-hydroxy-3-methoxyphenyl)-3-(hydroxymethyl)-2,3-dihydro-1,4-benzodioxin-7-yl]chroman-4-one",10.25527251,72581-71-6,COc1cc(ccc1O)C2Oc3cc(ccc3OC2CO)C4Oc5cc(O)cc(O)c5C(=O)C4O,,,https://doi.org/10.1021/acs.est.1c05498,diol,Polyfunctional / highly functionalized,"InChI=1S/C25H22O10/c1-32-17-6-11(2-4-14(17)28)24-20(10-26)33-16-5-3-12(7-18(16)34-24)25-23(31)22(30)21-15(29)8-13(27)9-19(21)35-25/h2-9,20,23-29,31H,10H2,1H3",SEBFKMXJBCUCAI-UHFFFAOYSA-N
1024,"3,5-Dimethoxyphenol",10.30103,18113-24-1,COc1cc(O)cc(OC)c1,,,https://doi.org/10.1021/acs.est.1c05124,alcohol,Oxygenated organics,"InChI=1S/C8H10O3/c1-10-7-3-6(9)4-8(5-7)11-2/h3-5,9H,1-2H3",XQDNFAMOIPNVES-UHFFFAOYSA-N
1025,"3,5-Dimethylphenol",10.3,1192812-51-3,Cc1cc(C)cc(O)c1,7,25,Zhong et al.,benzene,Aromatic & PAHs,"InChI=1S/C8H10O/c1-6-3-7(2)5-8(9)4-6/h3-5,9H,1-2H3",TUAMRELNJMMDMT-UHFFFAOYSA-N
1026,"3,5-Dimethylphenol",10.30103,1192812-51-3,Cc1cc(C)cc(O)c1,,,https://doi.org/10.1021/acs.est.1c04902,benzene,Aromatic & PAHs,"InChI=1S/C8H10O/c1-6-3-7(2)5-8(9)4-6/h3-5,9H,1-2H3",TUAMRELNJMMDMT-UHFFFAOYSA-N
1027,"3,5-Dimethylphenol",10.30103,108-68-9,CC1=CC(=CC(=C1)O)C,,,https://doi.org/10.1021/acsestengg.5c00541,alkane,Aliphatic hydrocarbons,"InChI=1S/C8H10O/c1-6-3-7(2)5-8(9)4-6/h3-5,9H,1-2H3",TUAMRELNJMMDMT-UHFFFAOYSA-N
1028,"3,5-Dimethylpyridine",9.903089987,1804445-64-4,Cc1cncc(C)c1,,,https://doi.org/10.1021/acs.est.1c05080,cyclo,Aromatic & PAHs,"InChI=1S/C7H9N/c1-6-3-7(2)5-8-4-6/h3-5H,1-2H3",HWWYDZCSSYKIAD-UHFFFAOYSA-N
1029,"3,5-Dimethylpyridinium",9.230448921,31382-90-8,Cc1c[nH+]cc(C)c1,,,https://doi.org/10.1021/acs.est.1c04473,cyclo,Aromatic & PAHs,"InChI=1S/C7H9N/c1-6-3-7(2)5-8-4-6/h3-5H,1-2H3/p+1",HWWYDZCSSYKIAD-UHFFFAOYSA-O
1030,"3,5-dibromo-4-nitrosobenzenesulfonate ion",9.91,698999-49-4,O=Nc1c(Br)cc(S(=O)(=O)[O-])cc1Br,7,25,NIST,cyclo,Aromatic & PAHs,"InChI=1S/C6H3Br2NO4S/c7-4-1-3(14(11,12)13)2-5(8)6(4)9-10/h1-2H,(H,11,12,13)/p-1",NTFXNXQDQBCQSU-UHFFFAOYSA-M
1031,"3,5-dibromo-4-nitrosobenzenesulfonate ion",9.6,698999-49-4,O=Nc1c(Br)cc(S(=O)(=O)[O-])cc1Br,8.3,25,NIST,cyclo,Aromatic & PAHs,"InChI=1S/C6H3Br2NO4S/c7-4-1-3(14(11,12)13)2-5(8)6(4)9-10/h1-2H,(H,11,12,13)/p-1",NTFXNXQDQBCQSU-UHFFFAOYSA-M
1032,"3,5-dimethoxybenzoate ion",9.85,287115-69-9,COc1cc(OC)cc(C(=O)[O-])c1,7,25,NIST,alcohol,Oxygenated organics,"InChI=1S/C9H10O4/c1-12-7-3-6(9(10)11)4-8(5-7)13-2/h3-5H,1-2H3,(H,10,11)/p-1",IWPZKOJSYQZABD-UHFFFAOYSA-M
1033,"3,5-dimethoxyphenol",10.3,18113-24-1,COc1cc(O)cc(OC)c1,7,25,https://doi.org/10.1021/acs.est.4c11950,alcohol,Oxygenated organics,"InChI=1S/C8H10O3/c1-10-7-3-6(9)4-8(5-7)11-2/h3-5,9H,1-2H3",XQDNFAMOIPNVES-UHFFFAOYSA-N
1034,"3,5-dimethoxyphenol",10.30103,500-99-2,COC1=CC(=CC(=C1)O)OC,,,https://doi.org/10.1021/acsestengg.5c00442,diol,Polyfunctional / highly functionalized,"InChI=1S/C8H10O3/c1-10-7-3-6(9)4-8(5-7)11-2/h3-5,9H,1-2H3",XQDNFAMOIPNVES-UHFFFAOYSA-N
1035,"3,5-dimethyl pyridine",9.9,445373-10-4,Cc1cncc(C)c1,10,25,https://doi.org/10.1021/acs.est.4c11950,cyclo,Aromatic & PAHs,"InChI=1S/C7H9N/c1-6-3-7(2)5-8-4-6/h3-5H,1-2H3",HWWYDZCSSYKIAD-UHFFFAOYSA-N
1036,"3,5-dimethyl pyridine",9.57,445373-10-4,Cc1cncc(C)c1,7,25,https://doi.org/10.1021/acs.est.4c11950,cyclo,Aromatic & PAHs,"InChI=1S/C7H9N/c1-6-3-7(2)5-8-4-6/h3-5H,1-2H3",HWWYDZCSSYKIAD-UHFFFAOYSA-N
1037,"3,5-dimethyl pyridine",9.903089987,591-22-0,CC1=CC(=CN=C1)C,,,https://doi.org/10.1021/acsestengg.5c00493,alkane,Aliphatic hydrocarbons,"InChI=1S/C7H9N/c1-6-3-7(2)5-8-4-6/h3-5H,1-2H3",HWWYDZCSSYKIAD-UHFFFAOYSA-N
1038,"3,5-dimethylpyridinium",9.23,31382-90-8,Cc1c[nH+]cc(C)c1,7,25,https://doi.org/10.1021/acs.est.4c11950,cyclo,Aromatic & PAHs,"InChI=1S/C7H9N/c1-6-3-7(2)5-8-4-6/h3-5H,1-2H3/p+1",HWWYDZCSSYKIAD-UHFFFAOYSA-O
1039,"3,5-dinitroanisole",9.716003344,5327-44-6,COC1=CC(=CC(=C1)[N+](=O)[O-])[N+](=O)[O-],,,https://doi.org/10.1021/acsestengg.5c00436,diol,Polyfunctional / highly functionalized,"InChI=1S/C7H6N2O5/c1-14-7-3-5(8(10)11)2-6(4-7)9(12)13/h2-4H,1H3",OTMLGCBMOMNGCV-UHFFFAOYSA-N
1040,"3,5-dinitroanisole",9.6,344-78-5,COc1cc(cc(c1)[N+]([O-])=O)[N+]([O-])=O,7,25,https://doi.org/10.1021/acs.est.4c11950,diol,Polyfunctional / highly functionalized,"InChI=1S/C7H6N2O5/c1-14-7-3-5(8(10)11)2-6(4-7)9(12)13/h2-4H,1H3",OTMLGCBMOMNGCV-UHFFFAOYSA-N
1041,"3,5-pyridinedicarboxyate ion",9.04,52122-13-1,O=C([O-])c1cncc(C(=O)[O-])c1,10,25,NIST,cyclo,Aromatic & PAHs,"InChI=1S/C7H5NO4/c9-6(10)4-1-5(7(11)12)3-8-2-4/h1-3H,(H,9,10)(H,11,12)/p-2",MPFLRYZEEAQMLQ-UHFFFAOYSA-L
1042,"3,6-Diamino-2,7-dimethyl-9-phenylacridine",10.14612804,477-74-7,Cc1cc2c(-c3ccccc3)c3cc(C)c(N)cc3nc2cc1N,,,https://doi.org/10.1021/acs.est.1c04726,benzene,Aromatic & PAHs,"InChI=1S/C21H19N3/c1-12-8-15-19(10-17(12)22)24-20-11-18(23)13(2)9-16(20)21(15)14-6-4-3-5-7-14/h3-11H,22-23H2,1-2H3",AFYNWNWCDBFAJL-UHFFFAOYSA-N
1043,"3,6-Diaminoacridine (Proflavine)",10,1811-28-5,Nc1ccc2cc3ccc(N)cc3nc2c1,,,https://doi.org/10.1021/acs.est.1c05035,benzene,Aromatic & PAHs,"InChI=1S/C13H11N3/c14-10-3-1-8-5-9-2-4-11(15)7-13(9)16-12(8)6-10/h1-7H,14-15H2",WDVSHHCDHLJJJR-UHFFFAOYSA-N
1044,"3,6-Dichloro-2-methoxybenzoic acid",9.540329475,2300-66-5,COc1c(Cl)ccc(Cl)c1C(O)=O,,,https://doi.org/10.1021/acs.est.1c05044,alcohol,Oxygenated organics,"InChI=1S/C8H6Cl2O3/c1-13-7-5(10)3-2-4(9)6(7)8(11)12/h2-3H,1H3,(H,11,12)",IWEDIXLBFLAXBO-UHFFFAOYSA-N
1045,"3,6-diaminoacridine",10,7459-75-8,Nc1ccc2cc3ccc(N)cc3nc2c1,7,25,NIST,benzene,Aromatic & PAHs,"InChI=1S/C13H11N3/c14-10-3-1-8-5-9-2-4-11(15)7-13(9)16-12(8)6-10/h1-7H,14-15H2",WDVSHHCDHLJJJR-UHFFFAOYSA-N
1046,"3,6-pyridinedicarboxulic acid",8,170621-89-3,O=C(O)c1cncc(C(=O)O)c1,1,25,NIST,cyclo,Aromatic & PAHs,"InChI=1S/C7H5NO4/c9-6(10)4-1-5(7(11)12)3-8-2-4/h1-3H,(H,9,10)(H,11,12)",MPFLRYZEEAQMLQ-UHFFFAOYSA-N
1047,"3,7-Dimethyl-1-(5-oxohexyl)xanthine",9.88592634,1185878-98-1,CC(=O)CCCCn1c(=O)c2c(ncn2C)n(C)c1=O,,,https://doi.org/10.1021/acs.est.1c04826,alkane,Aliphatic hydrocarbons,"InChI=1S/C13H18N4O3/c1-9(18)6-4-5-7-17-12(19)10-11(14-8-15(10)2)16(3)13(17)20/h8H,4-7H2,1-3H3",BYPFEZZEUUWMEJ-UHFFFAOYSA-N
1048,"3,7-Dimethylxanthine",9.762678564,117490-40-1,Cn1cnc2c1c(=O)[nH]c(=O)n2C,,,https://doi.org/10.1021/acs.est.1c05233,halogenated,Halogenated organics,"InChI=1S/C7H8N4O2/c1-10-3-8-5-4(10)6(12)9-7(13)11(5)2/h3H,1-2H3,(H,9,12,13)",YAPQBXQYLJRXSA-UHFFFAOYSA-N
1049,"3,7-dihydropurine-2,6-dione",9.716003344,61080-61-3,O=C1NC(=O)c2[nH]cnc2N1,,,https://doi.org/10.1021/acs.est.1c05362,cyclo,Aromatic & PAHs,"InChI=1S/C5H4N4O2/c10-4-2-3(7-1-6-2)8-5(11)9-4/h1H,(H3,6,7,8,9,10,11)",LRFVTYWOQMYALW-UHFFFAOYSA-N
1050,"3,7-dimethyl-1-(5-oxohexyl)xanthine",9.89,1185878-98-1,CC(=O)CCCCn1c(=O)c2c(ncn2C)n(C)c1=O,7.4,25,NIST,alkane,Aliphatic hydrocarbons,"InChI=1S/C13H18N4O3/c1-9(18)6-4-5-7-17-12(19)10-11(14-8-15(10)2)16(3)13(17)20/h8H,4-7H2,1-3H3",BYPFEZZEUUWMEJ-UHFFFAOYSA-N
1051,"3,7-dimethylpurine-2,6-dione",9.763427994,94135-53-2,Cn1cnc2N(C)C(=O)NC(=O)c12,,,https://doi.org/10.1021/acs.est.1c04363,halogenated,Halogenated organics,"InChI=1S/C7H8N4O2/c1-10-3-8-5-4(10)6(12)9-7(13)11(5)2/h3H,1-2H3,(H,9,12,13)",YAPQBXQYLJRXSA-UHFFFAOYSA-N
1052,"3,7-dimethylxanthine",9.76,117490-40-1,Cn1cnc2N(C)C(=O)NC(=O)c12,7,25,https://doi.org/10.1021/acs.est.4c11950,halogenated,Halogenated organics,"InChI=1S/C7H8N4O2/c1-10-3-8-5-4(10)6(12)9-7(13)11(5)2/h3H,1-2H3,(H,9,12,13)",YAPQBXQYLJRXSA-UHFFFAOYSA-N
1053,"3-(3,4-Dichlorophenyl)-1,1-dimethylurea",9.869818208,330-54-1,CN(C)C(=O)Nc1ccc(Cl)c(Cl)c1,,,https://doi.org/10.1021/acs.est.1c05177,benzene,Aromatic & PAHs,"InChI=1S/C9H10Cl2N2O/c1-13(2)9(14)12-6-3-4-7(10)8(11)5-6/h3-5H,1-2H3,(H,12,14)",XMTQQYYKAHVGBJ-UHFFFAOYSA-N
1054,"3-(3,4-Dichlorophenyl)-1-methoxy-1-methylurea",9.810232518,67647-27-2,CON(C)C(=O)Nc1ccc(Cl)c(Cl)c1,,,https://doi.org/10.1021/acs.est.1c05505,amide,Nitrogen-containing organics,"InChI=1S/C9H10Cl2N2O2/c1-13(15-2)9(14)12-6-3-4-7(10)8(11)5-6/h3-5H,1-2H3,(H,12,14)",XKJMBINCVNINCA-UHFFFAOYSA-N
1055,"3-(3-chloro-4-methylphenyl)-1,1-dimethylurea",9.840106094,15441-91-5,CN(C)C(=O)Nc1ccc(C)c(Cl)c1,,,https://doi.org/10.1021/acs.est.1c04827,benzene,Aromatic & PAHs,"InChI=1S/C10H13ClN2O/c1-7-4-5-8(6-9(7)11)12-10(14)13(2)3/h4-6H,1-3H3,(H,12,14)",JXCGFZXSOMJFOA-UHFFFAOYSA-N
1056,3-(4-hydroxyphenyl)-2-propenoic acid,9.95,61013-25-0,O=C(O)/C=C/c1ccc(O)cc1,7.4,25,NIST,benzene,Aromatic & PAHs,"InChI=1S/C9H8O3/c10-8-4-1-7(2-5-8)3-6-9(11)12/h1-6,10H,(H,11,12)/b6-3+",NGSWKAQJJWESNS-ZZXKWVIFSA-N
1057,3-(4-hydroxyphenyl)prop-2-enoic acid,9.403120521,851288-83-0,OC(=O)/C=C/c1ccc(O)cc1,,,https://doi.org/10.1021/acs.est.1c05043,alcohol,Oxygenated organics,"InChI=1S/C9H8O3/c10-8-4-1-7(2-5-8)3-6-9(11)12/h1-6,10H,(H,11,12)/b6-3+",NGSWKAQJJWESNS-ZZXKWVIFSA-N
1058,3-Acetamidobenzoic acid,9.729974286,2680788-43-4,CC(=O)Nc1cccc(C(=O)O)c1,,,https://doi.org/10.1021/acs.est.1c04680,cyclo,Aromatic & PAHs,"InChI=1S/C9H9NO3/c1-6(11)10-8-4-2-3-7(5-8)9(12)13/h2-5H,1H3,(H,10,11)(H,12,13)",RGDPZMQZWZMONQ-UHFFFAOYSA-N
1059,3-Bromopyridine,9.041392685,1241752-28-2,Brc1cccnc1,,,https://doi.org/10.1021/acs.est.1c05595,cyclo,Aromatic & PAHs,InChI=1S/C5H4BrN/c6-5-2-1-3-7-4-5/h1-4H,NYPYPOZNGOXYSU-UHFFFAOYSA-N
1060,3-Bromotoluene,9.69019608,591-17-3,CC1=CC(=CC=C1)Br,,,https://doi.org/10.1021/acsestengg.5c00556,alkane,Aliphatic hydrocarbons,"InChI=1S/C7H7Br/c1-6-3-2-4-7(8)5-6/h2-5H,1H3",WJIFKOVZNJTSGO-UHFFFAOYSA-N
1061,3-Chloroanisole (1-chloro-3-methoxy-benzen),9.968482949,2845-89-8,COC1=CC(=CC=C1)Cl,,,https://doi.org/10.1021/acsestengg.5c00558,alcohol,Oxygenated organics,"InChI=1S/C7H7ClO/c1-9-7-4-2-3-6(8)5-7/h2-5H,1H3",YUKILTJWFRTXGB-UHFFFAOYSA-N
1062,3-Chlorobenzotrifluoride脗,9.301029996,1240526-29-7,FC(F)(F)c1cccc(Cl)c1,,,https://doi.org/10.1021/acs.est.1c05327,benzene,Aromatic & PAHs,"InChI=1S/C7H4ClF3/c8-6-3-1-2-5(4-6)7(9,10)11/h1-4H",YTCGOUNVIAWCMG-UHFFFAOYSA-N
1063,3-Chlorophenol,9.857332496,1214728-66-1,Oc1cccc(Cl)c1,,,https://doi.org/10.1021/acs.est.1c05364,alcohol,Oxygenated organics,"InChI=1S/C6H5ClO/c7-5-2-1-3-6(8)4-5/h1-4,8H",HORNXRXVQWOLPJ-UHFFFAOYSA-N
1064,3-Chlorotoluene,9.544068044,108-41-8,CC1=CC(=CC=C1)Cl,,,https://doi.org/10.1021/acsestengg.5c00561,alkane,Aliphatic hydrocarbons,"InChI=1S/C7H7Cl/c1-6-3-2-4-7(8)5-6/h2-5H,1H3",OSOUNOBYRMOXQQ-UHFFFAOYSA-N
1065,3-Ethylpentane,9.770852012,128399-47-3,CCC(CC)CC,,,https://doi.org/10.1021/acs.est.1c05586,alkane,Aliphatic hydrocarbons,"InChI=1S/C7H16/c1-4-7(5-2)6-3/h7H,4-6H2,1-3H3",AORMDLNPRGXHHL-UHFFFAOYSA-N
1066,3-Hexen-1-ol,9.869818208,139164-92-4,CCC=CCCO,,,https://doi.org/10.1021/acs.est.1c04995,alkane,Aliphatic hydrocarbons,"InChI=1S/C6H12O/c1-2-3-4-5-6-7/h3-4,7H,2,5-6H2,1H3",UFLHIIWVXFIJGU-UHFFFAOYSA-N
1067,3-Hydroxykynurenine,10.07918125,32342-57-7,Nc1c(O)cccc1C(=O)CC(N)C(=O)O,,,https://doi.org/10.1021/acs.est.1c05637,benzene,Aromatic & PAHs,"InChI=1S/C10H12N2O4/c11-6(10(15)16)4-8(14)5-2-1-3-7(13)9(5)12/h1-3,6,13H,4,11-12H2,(H,15,16)",VCKPUUFAIGNJHC-UHFFFAOYSA-N
1068,3-Methoxyphenol,10.50514998,1781571-37-6,COc1cccc(O)c1,,,https://doi.org/10.1021/acs.est.1c05571,alcohol,Oxygenated organics,"InChI=1S/C7H8O2/c1-9-7-4-2-3-6(8)5-7/h2-5,8H,1H3",ASHGTJPOSUFTGB-UHFFFAOYSA-N
1069,3-Methyl-1H-indole,10.51851394,118481-31-5,Cc1c[nH]c2ccccc12,,,https://doi.org/10.1021/acs.est.1c04924,cyclo,Aromatic & PAHs,"InChI=1S/C9H9N/c1-7-6-10-9-5-3-2-4-8(7)9/h2-6,10H,1H3",ZFRKQXVRDFCRJG-UHFFFAOYSA-N
1070,3-Methylbutan-1-ol,9.579783597,1864061-18-6,CC(C)CCO,,,https://doi.org/10.1021/acs.est.1c05226,alkane,Aliphatic hydrocarbons,"InChI=1S/C5H12O/c1-5(2)3-4-6/h5-6H,3-4H2,1-2H3",PHTQWCKDNZKARW-UHFFFAOYSA-N
1071,3-Methylbutanoic acid,9.146128036,1178202-86-2,CC(C)CC(O)=O,,,https://doi.org/10.1021/acs.est.1c04504,alkane,Aliphatic hydrocarbons,"InChI=1S/C5H10O2/c1-4(2)3-5(6)7/h4H,3H2,1-2H3,(H,6,7)",GWYFCOCPABKNJV-UHFFFAOYSA-N
1072,3-Methylpyridine,9.380211242,889944-78-9,Cc1cccnc1,,,https://doi.org/10.1021/acs.est.1c05380,cyclo,Aromatic & PAHs,"InChI=1S/C6H7N/c1-6-3-2-4-7-5-6/h2-5H,1H3",ITQTTZVARXURQS-UHFFFAOYSA-N
1073,3-Methylpyridine-N-oxide,9.62324929,162046-68-6,Cc1ccc[n+]([O-])c1,,,https://doi.org/10.1021/acs.est.1c04624,cyclo,Aromatic & PAHs,"InChI=1S/C6H7NO/c1-6-3-2-4-7(8)5-6/h2-5H,1H3",DMGGLIWGZFZLIY-UHFFFAOYSA-N
1074,3-Methylthiophene,9.505149978,2098012-24-7,Cc1ccsc1,,,https://doi.org/10.1021/acs.est.1c05323,"sulfide, disulfide",Sulfur-containing organics,"InChI=1S/C5H6S/c1-5-2-3-6-4-5/h2-4H,1H3",QENGPZGAWFQWCZ-UHFFFAOYSA-N
1075,3-Methyluridine,9.748188027,80541-15-7,Cn1c(=O)ccn([C@@H]2O[C@H](CO)[C@@H](O)[C@H]2O)c1=O,,,https://doi.org/10.1021/acs.est.1c05631,halogenated,Halogenated organics,"InChI=1S/C10H14N2O6/c1-11-6(14)2-3-12(10(11)17)9-8(16)7(15)5(4-13)18-9/h2-3,5,7-9,13,15-16H,4H2,1H3/t5-,7-,8-,9-/m1/s1",UTQUILVPBZEHTK-ZOQUXTDFSA-N
1076,3-Nitro-2-(4-nitrophenoxy)thiophene,9.113943352,33786-84-4,O=[N+]([O-])c1ccc(Oc2sccc2[N+](=O)[O-])cc1,,,https://doi.org/10.1021/acs.est.1c05293,cyclo,Aromatic & PAHs,InChI=1S/C10H6N2O5S/c13-11(14)7-1-3-8(4-2-7)17-10-9(12(15)16)5-6-18-10/h1-6H,YQSPBLRVXDPYMT-UHFFFAOYSA-N
1077,3-Nitrophenol,9.699837726,1394969-99-3,Oc1cccc(c1)[N+]([O-])=O,,,https://doi.org/10.1021/acs.est.1c04649,alcohol,Oxygenated organics,"InChI=1S/C6H5NO3/c8-6-3-1-2-5(4-6)7(9)10/h1-4,8H",RTZZCYNQPHTPPL-UHFFFAOYSA-N
1078,3-Nitrotoluene,9.910090546,1805462-05-8,Cc1cccc([N+](=O)[O-])c1,,,https://doi.org/10.1021/acs.est.1c05022,cyclo,Aromatic & PAHs,"InChI=1S/C7H7NO2/c1-6-3-2-4-7(5-6)8(9)10/h2-5H,1H3",QZYHIOPPLUPUJF-UHFFFAOYSA-N
1079,3-O-Methyl-L-ascorbic acid,10.47712125,15042-01-0,COC1=C(O)C(=O)O[C@@H]1[C@@H](O)CO,,,https://doi.org/10.1021/acs.est.1c04553,diol,Polyfunctional / highly functionalized,"InChI=1S/C7H10O6/c1-12-6-4(10)7(11)13-5(6)3(9)2-8/h3,5,8-10H,2H2,1H3/t3-,5+/m0/s1",HFSCYDMAVALOIA-WVZVXSGGSA-N
1080,3-O-methyl-L-ascorbate ion,9.68,187991-39-5,COC1=C([O-])C(=O)O[C@@H]1[C@@H](O)CO,7,25,NIST,diol,Polyfunctional / highly functionalized,"InChI=1S/C7H10O6/c1-12-6-4(10)7(11)13-5(6)3(9)2-8/h3,5,8-10H,2H2,1H3/p-1/t3-,5+/m0/s1",HFSCYDMAVALOIA-WVZVXSGGSA-M
1081,3-O-methyl-L-ascorbic acid,10.48,15042-01-0,COC1=C(O)C(=O)OC1[C@@H](O)CO,7.7,25,NIST,diol,Polyfunctional / highly functionalized,"InChI=1S/C7H10O6/c1-12-6-4(10)7(11)13-5(6)3(9)2-8/h3,5,8-10H,2H2,1H3/t3-,5?/m0/s1",HFSCYDMAVALOIA-WWLRPLJCSA-N
1082,3-POBN,9.67,20634-12-2,CC(C)(C)[N+]([O-])=Cc1ccc[n+]([O-])c1,7,25,NIST,cyclo,Aromatic & PAHs,"InChI=1S/C10H14N2O2/c1-10(2,3)12(14)8-9-5-4-6-11(13)7-9/h4-8H,1-3H3",NNWLXUYFIYCAIH-UHFFFAOYSA-N
1083,3-Pentanol,9.322219295,584-02-1,CCC(CC)O,,,https://doi.org/10.1021/acsestengg.5c00546,alkane,Aliphatic hydrocarbons,"InChI=1S/C5H12O/c1-3-5(6)4-2/h5-6H,3-4H2,1-2H3",AQIXEPGDORPWBJ-UHFFFAOYSA-N
1084,3-acetamidobenzoic acid,9.73,2680788-43-4,CC(=O)Nc1cccc(C(=O)O)c1,7,25,https://doi.org/10.1021/acs.est.4c11950,cyclo,Aromatic & PAHs,"InChI=1S/C9H9NO3/c1-6(11)10-8-4-2-3-7(5-8)9(12)13/h2-5H,1H3,(H,10,11)(H,12,13)",RGDPZMQZWZMONQ-UHFFFAOYSA-N
1085,3-aminobenzoate ion,9.94,2906-33-4,Nc1cccc(C(=O)[O-])c1,7,25,NIST,cyclo,Aromatic & PAHs,"InChI=1S/C7H7NO2/c8-6-3-1-2-5(4-6)7(9)10/h1-4H,8H2,(H,9,10)/p-1",XFDUHJPVQKIXHO-UHFFFAOYSA-M
1086,3-aminobutyric acid,7.97,20-79-1,CC(N)CC(=O)O,2,25,NIST,alkane,Aliphatic hydrocarbons,"InChI=1S/C4H9NO2/c1-3(5)2-4(6)7/h3H,2,5H2,1H3,(H,6,7)",OQEBBZSWEGYTPG-UHFFFAOYSA-N
1087,"3-bromo-2,4-furandione",9.89,89964-71-6,O=C1COC(=O)C1Br,7,25,NIST,alcohol,Oxygenated organics,"InChI=1S/C4H3BrO3/c5-3-2(6)1-8-4(3)7/h3H,1H2",NQUQLVPYLYIBBR-UHFFFAOYSA-N
1088,"3-bromo-2,6-dioxopyrimidine-4-carboxylate ion",9.65,73-97-2,O=C([O-])c1cc(=O)[nH]c(=O)n1Br,7,25,NIST,halogenated,Halogenated organics,"InChI=1S/C5H3BrN2O4/c6-8-2(4(10)11)1-3(9)7-5(8)12/h1H,(H,10,11)(H,7,9,12)/p-1",PRXGIXHCCSZPLQ-UHFFFAOYSA-M
1089,3-bromopropionate ion,8.36,1219803-82-3,O=C([O-])CCBr,8.5,25,NIST,halogenated,Halogenated organics,"InChI=1S/C3H5BrO2/c4-2-1-3(5)6/h1-2H2,(H,5,6)/p-1",DHXNZYCXMFBMHE-UHFFFAOYSA-M
1090,3-bromopyridine,9.041392685,626-55-1,C1=CC(=CN=C1)Br,,,https://doi.org/10.1021/acsestengg.5c00481,halogenated,Halogenated organics,InChI=1S/C5H4BrN/c6-5-2-1-3-7-4-5/h1-4H,NYPYPOZNGOXYSU-UHFFFAOYSA-N
1091,3-bromopyridine,9.04,1241752-28-2,Brc1cccnc1,9,25,https://doi.org/10.1021/acs.est.4c11950,cyclo,Aromatic & PAHs,InChI=1S/C5H4BrN/c6-5-2-1-3-7-4-5/h1-4H,NYPYPOZNGOXYSU-UHFFFAOYSA-N
1092,3-bromotoluene,9.69,1219805-60-3,Cc1cccc(Br)c1,7,25,https://doi.org/10.1021/acs.est.4c11950,benzene,Aromatic & PAHs,"InChI=1S/C7H7Br/c1-6-3-2-4-7(8)5-6/h2-5H,1H3",WJIFKOVZNJTSGO-UHFFFAOYSA-N
1093,"3-carboxamido-2,2,5,5-tetramethyl-3-pyrrolin-1-yloxy",9.73,3229-73-0,CC1(C)C=C(C(N)=O)C(C)(C)N1O,7,25,NIST,alkane,Aliphatic hydrocarbons,"InChI=1S/C9H16N2O2/c1-8(2)5-6(7(10)12)9(3,4)11(8)13/h5,13H,1-4H3,(H2,10,12)",GMXOTWPDUBXCMS-UHFFFAOYSA-N
1094,"3-carboxamido-2,2,5,5-tetramethylpyrrolidin-1-yloxy",9.57,1020718-52-8,CC1(C)CC(C(N)=O)C(C)(C)N1[O],7,25,NIST,alkane,Aliphatic hydrocarbons,"InChI=1S/C9H17N2O2/c1-8(2)5-6(7(10)12)9(3,4)11(8)13/h6H,5H2,1-4H3,(H2,10,12)",XNNPAWRINYCIHL-UHFFFAOYSA-N
1095,3-chloroanisole,9.97,1219804-86-0,COc1cccc(Cl)c1,7,25,https://doi.org/10.1021/acs.est.4c11950,alcohol,Oxygenated organics,"InChI=1S/C7H7ClO/c1-9-7-4-2-3-6(8)5-7/h2-5H,1H3",YUKILTJWFRTXGB-UHFFFAOYSA-N
1096,3-chlorobenzoate ion,9.72,16887-60-8,O=C([O-])c1cccc(Cl)c1,7,25,NIST,benzene,Aromatic & PAHs,"InChI=1S/C7H5ClO2/c8-6-3-1-2-5(4-6)7(9)10/h1-4H,(H,9,10)/p-1",LULAYUGMBFYYEX-UHFFFAOYSA-M
1097,3-chlorobenzotrifluoride,9.3,1443348-20-6,FC(F)(F)c1cccc(Cl)c1,7,25,https://doi.org/10.1021/acs.est.4c11950,benzene,Aromatic & PAHs,"InChI=1S/C7H4ClF3/c8-6-3-1-2-5(4-6)7(9,10)11/h1-4H",YTCGOUNVIAWCMG-UHFFFAOYSA-N
1098,3-chlorophenol,9.86,1214728-66-1,Oc1cccc(Cl)c1,9,25,https://doi.org/10.1021/acs.est.4c11950,alcohol,Oxygenated organics,"InChI=1S/C6H5ClO/c7-5-2-1-3-6(8)4-5/h1-4,8H",HORNXRXVQWOLPJ-UHFFFAOYSA-N
1099,3-chlorophenol,9.857332496,108-43-0,C1=CC(=CC(=C1)Cl)O,,,https://doi.org/10.1021/acsestengg.5c00412,halogenated,Halogenated organics,"InChI=1S/C6H5ClO/c7-5-2-1-3-6(8)4-5/h1-4,8H",HORNXRXVQWOLPJ-UHFFFAOYSA-N
1100,3-chloropropionate ion,8.51,62108-66-1,O=C([O-])CCCl,8.5,25,NIST,halogenated,Halogenated organics,"InChI=1S/C3H5ClO2/c4-2-1-3(5)6/h1-2H2,(H,5,6)/p-1",QEYMMOKECZBKAC-UHFFFAOYSA-M
1101,3-chlorotoluene,9.54,25168-05-2,Cc1cccc(Cl)c1,7,25,https://doi.org/10.1021/acs.est.4c11950,benzene,Aromatic & PAHs,"InChI=1S/C7H7Cl/c1-6-3-2-4-7(8)5-6/h2-5H,1H3",OSOUNOBYRMOXQQ-UHFFFAOYSA-N
1102,"3-cyano-1-[2-[[2-(diaminomethylideneamino)-1,3-thiazol-4-yl]methylsulfanyl]ethyl]-2-methylguanidine",10,69012-16-4,CN=C(NCCSCc1csc(N=C(N)N)n1)NC#N,,,https://doi.org/10.1021/acs.est.1c05493,halogenated,Halogenated organics,"InChI=1S/C10H16N8S2/c1-14-9(16-6-11)15-2-3-19-4-7-5-20-10(17-7)18-8(12)13/h5H,2-4H2,1H3,(H2,14,15,16)(H4,12,13,17,18)",YDDXVAXDYKBWDX-UHFFFAOYSA-N
1103,3-cyanopyridine,8.88,1858889-44-7,N#Cc1cccnc1,9,25,Schevchuck 1969,cyclo,Aromatic & PAHs,"InChI=1S/C6H4N2/c7-4-6-2-1-3-8-5-6/h1-3,5H",GZPHSAQLYPIAIN-UHFFFAOYSA-N
1104,3-cyanopyridine,8.875061263,100-54-9,C1=CC(=CN=C1)C#N,,,https://doi.org/10.1021/acsestengg.5c00484,halogenated,Halogenated organics,"InChI=1S/C6H4N2/c7-4-6-2-1-3-8-5-6/h1-3,5H",GZPHSAQLYPIAIN-UHFFFAOYSA-N
1105,"3-cyclohexyl-6-dimethylamino-1-methyl-1,3,5-triazine-2,4-dione",8.959041392,51235-04-2,CN(C)C1=NC(=O)N(C2CCCCC2)C(=O)N1C,,,https://doi.org/10.1021/acs.est.1c05383,halogenated,Halogenated organics,"InChI=1S/C12H20N4O2/c1-14(2)10-13-11(17)16(12(18)15(10)3)9-7-5-4-6-8-9/h9H,4-8H2,1-3H3",CAWXEEYDBZRFPE-UHFFFAOYSA-N
1106,3-ethylpentane,9.770852012,617-78-7,CCC(CC)CC,,,https://doi.org/10.1021/acsestengg.5c00142,alkane,Aliphatic hydrocarbons,"InChI=1S/C7H16/c1-4-7(5-2)6-3/h7H,4-6H2,1-3H3",AORMDLNPRGXHHL-UHFFFAOYSA-N
1107,3-ethylpentane,9.77,128399-47-3,CCC(CC)CC,2,25,https://doi.org/10.1021/acs.est.4c11950,alkane,Aliphatic hydrocarbons,"InChI=1S/C7H16/c1-4-7(5-2)6-3/h7H,4-6H2,1-3H3",AORMDLNPRGXHHL-UHFFFAOYSA-N
1108,3-hexen-1-ol,9.87,139164-92-4,CCC=CCCO,7,25,https://doi.org/10.1021/acs.est.4c11950,alkane,Aliphatic hydrocarbons,"InChI=1S/C6H12O/c1-2-3-4-5-6-7/h3-4,7H,2,5-6H2,1H3",UFLHIIWVXFIJGU-UHFFFAOYSA-N
1109,"3-hexene-1,6-dioate ion",9.11,67077-43-4,O=C([O-])CC=CCC(=O)[O-],7,25,NIST,halogenated,Halogenated organics,"InChI=1S/C6H8O4/c7-5(8)3-1-2-4-6(9)10/h1-2H,3-4H2,(H,7,8)(H,9,10)/p-2",YHGNXQAFNHCBTK-UHFFFAOYSA-L
1110,3-hydroxy pyridine,9.53,1261938-02-6,Oc1cccnc1,2,25,NIST,alcohol,Oxygenated organics,"InChI=1S/C5H5NO/c7-5-2-1-3-6-4-5/h1-4,7H",GRFNBEZIAWKNCO-UHFFFAOYSA-N
1111,3-hydroxy pyridine,9.83,1261938-02-6,Oc1cccnc1,6.5,25,NIST,alcohol,Oxygenated organics,"InChI=1S/C5H5NO/c7-5-2-1-3-6-4-5/h1-4,7H",GRFNBEZIAWKNCO-UHFFFAOYSA-N
1112,3-hydroxy pyridine,9.73,1261938-02-6,Oc1cccnc1,9,25,https://doi.org/10.1021/acs.est.4c11950,alcohol,Oxygenated organics,"InChI=1S/C5H5NO/c7-5-2-1-3-6-4-5/h1-4,7H",GRFNBEZIAWKNCO-UHFFFAOYSA-N
1113,3-hydroxy pyridine,9.95,1261938-02-6,Oc1cccnc1,7,25,https://doi.org/10.1021/acs.est.4c11950,alcohol,Oxygenated organics,"InChI=1S/C5H5NO/c7-5-2-1-3-6-4-5/h1-4,7H",GRFNBEZIAWKNCO-UHFFFAOYSA-N
1114,"3-hydroxy-13-methyl-12,14,15,16-tetrahydro-11H-cyclopenta[a]phenanthren-17-one",10.23044892,56588-12-6,CC12CCc3c(ccc4cc(O)ccc34)C1CCC2=O,,,https://doi.org/10.1021/acs.est.1c05161,cyclo,Aromatic & PAHs,"InChI=1S/C18H18O2/c1-18-9-8-14-13-5-3-12(19)10-11(13)2-4-15(14)16(18)6-7-17(18)20/h2-5,10,16,19H,6-9H2,1H3",PDRGHUMCVRDZLQ-UHFFFAOYSA-N
1115,3-hydroxy-2-butanone,9.46,780699-27-6,CC(C(=O)C)O,5.1,25,https://doi.org/10.1021/acs.est.4c11950,alkane,Aliphatic hydrocarbons,"InChI=1S/C4H8O2/c1-3(5)4(2)6/h3,5H,1-2H3",ROWKJAVDOGWPAT-UHFFFAOYSA-N
1116,3-hydroxy-2-butanone,9.462397998,513-86-0,CC(C(=O)C)O,,,https://doi.org/10.1021/acsestengg.5c00189,alkane,Aliphatic hydrocarbons,"InChI=1S/C4H8O2/c1-3(5)4(2)6/h3,5H,1-2H3",ROWKJAVDOGWPAT-UHFFFAOYSA-N
1117,3-hydroxy-2-butanone,8.93,780699-27-6,CC(C(=O)C)O,2,25,https://doi.org/10.1021/acs.est.4c11950,alkane,Aliphatic hydrocarbons,"InChI=1S/C4H8O2/c1-3(5)4(2)6/h3,5H,1-2H3",ROWKJAVDOGWPAT-UHFFFAOYSA-N
1118,3-hydroxy-2-butanone,9.462397998,780699-27-6,CC(=O)C(C)O,,,https://doi.org/10.1021/acs.est.1c05193,alkane,Aliphatic hydrocarbons,"InChI=1S/C4H8O2/c1-3(5)4(2)6/h3,5H,1-2H3",ROWKJAVDOGWPAT-UHFFFAOYSA-N
1119,3-hydroxybutan-2-one,9.462397998,1315052-42-6,CC(O)C(C)=O,,,https://doi.org/10.1021/acs.est.1c04883,alkane,Aliphatic hydrocarbons,"InChI=1S/C4H8O2/c1-3(5)4(2)6/h3,5H,1-2H3",ROWKJAVDOGWPAT-UHFFFAOYSA-N
1120,3-hydroxykynurenine,10.08,32342-57-7,Nc1c(O)cccc1C(=O)CC(N)C(=O)O,7.4,25,NIST,benzene,Aromatic & PAHs,"InChI=1S/C10H12N2O4/c11-6(10(15)16)4-8(14)5-2-1-3-7(13)9(5)12/h1-3,6,13H,4,11-12H2,(H,15,16)",VCKPUUFAIGNJHC-UHFFFAOYSA-N
1121,3-iodobenzoate ion,9.46,5377-71-9,O=C([O-])c1cccc(I)c1,9,25,NIST,benzene,Aromatic & PAHs,"InChI=1S/C7H5IO2/c8-6-3-1-2-5(4-6)7(9)10/h1-4H,(H,9,10)/p-1",KVBWBCRPWVKFQT-UHFFFAOYSA-M
1122,3-iodopropionate ion,8.36,6414-69-3,O=C([O-])CCI,7,25,NIST,halogenated,Halogenated organics,"InChI=1S/C3H5IO2/c4-2-1-3(5)6/h1-2H2,(H,5,6)/p-1",KMRNTNDWADEIIX-UHFFFAOYSA-M
1123,3-methoxybenzoate ion,9.82,18472-30-5,COc1cccc(C(=O)[O-])c1,7,25,NIST,alcohol,Oxygenated organics,"InChI=1S/C8H8O3/c1-11-7-4-2-3-6(5-7)8(9)10/h2-5H,1H3,(H,9,10)/p-1",XHQZJYCNDZAGLW-UHFFFAOYSA-M
1124,3-methoxyphenol,10.51,1781571-37-6,COC1=CC=CC(=C1)O,7,25,https://doi.org/10.1021/acs.est.4c11950,alcohol,Oxygenated organics,"InChI=1S/C7H8O2/c1-9-7-4-2-3-6(8)5-7/h2-5,8H,1H3",ASHGTJPOSUFTGB-UHFFFAOYSA-N
1125,3-methoxyphenol,10.50514998,150-19-6,COC1=CC=CC(=C1)O,,,https://doi.org/10.1021/acsestengg.5c00415,alcohol,Oxygenated organics,"InChI=1S/C7H8O2/c1-9-7-4-2-3-6(8)5-7/h2-5,8H,1H3",ASHGTJPOSUFTGB-UHFFFAOYSA-N
1126,3-methyl pyridine,9.38,102206-72-4,Cc1cccnc1,9,25,https://doi.org/10.1021/acs.est.4c11950,cyclo,Aromatic & PAHs,"InChI=1S/C6H7N/c1-6-3-2-4-7-5-6/h2-5H,1H3",ITQTTZVARXURQS-UHFFFAOYSA-N
1127,3-methyl pyridine,9.78,102206-72-4,Cc1cccnc1,10,25,https://doi.org/10.1021/acs.est.4c11950,cyclo,Aromatic & PAHs,"InChI=1S/C6H7N/c1-6-3-2-4-7-5-6/h2-5H,1H3",ITQTTZVARXURQS-UHFFFAOYSA-N
1128,3-methyl pyridine,9.380211242,108-99-6,CC1=CN=CC=C1,,,https://doi.org/10.1021/acsestengg.5c00477,cyclo,Aromatic & PAHs,"InChI=1S/C6H7N/c1-6-3-2-4-7-5-6/h2-5H,1H3",ITQTTZVARXURQS-UHFFFAOYSA-N
1129,3-methyl-1-butanol,9.58,742001-53-2,CC(C)CCO,7,25,https://doi.org/10.1021/acs.est.4c11950,alkane,Aliphatic hydrocarbons,"InChI=1S/C5H12O/c1-5(2)3-4-6/h5-6H,3-4H2,1-2H3",PHTQWCKDNZKARW-UHFFFAOYSA-N
1130,3-methyl-1-butanol,9.579783597,123-51-3,CC(C)CCO,,,https://doi.org/10.1021/acsestengg.5c00155,alkane,Aliphatic hydrocarbons,"InChI=1S/C5H12O/c1-5(2)3-4-6/h5-6H,3-4H2,1-2H3",PHTQWCKDNZKARW-UHFFFAOYSA-N
1131,3-methyl-1-oxyl-pyridine,9.62,76893-27-1,CC1=CC=C[NH+2]([O-])[CH-]1,7,25,NIST,alkane,Aliphatic hydrocarbons,,
1132,3-methyl-2-butenoate ion,9.77,19089-92-0,CC(C)=CC(=O)[O-],9.2,25,NIST,alkane,Aliphatic hydrocarbons,"InChI=1S/C5H8O2/c1-4(2)3-5(6)7/h3H,1-2H3,(H,6,7)/p-1",YYPNJNDODFVZLE-UHFFFAOYSA-M
1133,3-methyl-2-butenoate ion,9.18,19089-92-0,CC(C)=CC(=O)[O-],12,25,NIST,alkane,Aliphatic hydrocarbons,"InChI=1S/C5H8O2/c1-4(2)3-5(6)7/h3H,1-2H3,(H,6,7)/p-1",YYPNJNDODFVZLE-UHFFFAOYSA-M
1134,"3-methyl-3-nitro-1,5,9,13-tetraazacyclohexadecanecopper(II) ion",10,126221-98-5,CC1([N+](=O)[O-])CNCCCNCCCNCCCNC1.[Cu+2],7,25,NIST,cyclo,Aromatic & PAHs,"InChI=1S/C13H29N5O2.Cu/c1-13(18(19)20)11-16-9-3-7-14-5-2-6-15-8-4-10-17-12-13;/h14-17H,2-12H2,1H3;/q;+2",LTPQCSVFYQBEJW-UHFFFAOYSA-N
1135,3-methyl-4-(2'-hydrazinocarbonylethyl)-2-pyrazolin-5-one,10.04,13615-29-7,CC1=NNC(=O)C1CCC(=O)NN,7,25,NIST,cyclo,Aromatic & PAHs,"InChI=1S/C7H12N4O2/c1-4-5(7(13)11-10-4)2-3-6(12)9-8/h5H,2-3,8H2,1H3,(H,9,12)(H,11,13)",VBGJEBWJNPXDRF-UHFFFAOYSA-N
1136,3-methylbutyric acid,9.146128036,600-07-7,CC(C)CC(=O)O,,,https://doi.org/10.1021/acs.est.1c05423,alkane,Aliphatic hydrocarbons,"InChI=1S/C5H10O2/c1-4(2)3-5(6)7/h4H,3H2,1-2H3,(H,6,7)",GWYFCOCPABKNJV-UHFFFAOYSA-N
1137,3-methylbutyric acid,9.146128036,503-74-2,CC(C)CC(=O)O,,,https://doi.org/10.1021/acsestengg.5c00208,alkane,Aliphatic hydrocarbons,"InChI=1S/C5H10O2/c1-4(2)3-5(6)7/h4H,3H2,1-2H3,(H,6,7)",GWYFCOCPABKNJV-UHFFFAOYSA-N
1138,3-methylindole,10.52,173345-59-0,Cc1c[nH]c2ccccc12,9,25,https://doi.org/10.1021/acs.est.4c11950,cyclo,Aromatic & PAHs,"InChI=1S/C9H9N/c1-7-6-10-9-5-3-2-4-8(7)9/h2-6,10H,1H3",ZFRKQXVRDFCRJG-UHFFFAOYSA-N
1139,3-methylpyridine-N-oxide,9.62,162046-68-6,Cc1ccc[n+]([O-])c1,7,25,https://doi.org/10.1021/acs.est.4c11950,cyclo,Aromatic & PAHs,"InChI=1S/C6H7NO/c1-6-3-2-4-7(8)5-6/h2-5H,1H3",DMGGLIWGZFZLIY-UHFFFAOYSA-N
1140,3-methylpyridinium,8.51,1015420-87-7,Cc1ccc[nH+]c1,7,25,https://doi.org/10.1021/acs.est.4c11950,cyclo,Aromatic & PAHs,"InChI=1S/C6H7N/c1-6-3-2-4-7-5-6/h2-5H,1H3/p+1",ITQTTZVARXURQS-UHFFFAOYSA-O
1141,3-methylsulfanylpropanal,9.913813852,13382-53-1,CSCCC=O,,,https://doi.org/10.1021/acs.est.1c04494,"sulfide, disulfide",Sulfur-containing organics,"InChI=1S/C4H8OS/c1-6-4-2-3-5/h3H,2,4H2,1H3",CLUWOWRTHNNBBU-UHFFFAOYSA-N
1142,3-methyltetraacetylriboflavin,9.9,69447-57-0,CC(=O)OCC(OC(C)=O)C(OC(C)=O)C(Cn1c2nc(=O)n(C)c(=O)c-2nc2cc(C)c(C)cc21)OC(C)=O,10,25,NIST,diol,Polyfunctional / highly functionalized,"InChI=1S/C26H30N4O10/c1-12-8-18-19(9-13(12)2)30(24-22(27-18)25(35)29(7)26(36)28-24)10-20(38-15(4)32)23(40-17(6)34)21(39-16(5)33)11-37-14(3)31/h8-9,20-21,23H,10-11H2,1-7H3",RKGNEWRFTMKDTD-UHFFFAOYSA-N
1143,3-methylthiophene,9.51,2098012-24-7,Cc1cscc1,11,25,https://doi.org/10.1021/acs.est.4c11950,"sulfide, disulfide",Sulfur-containing organics,"InChI=1S/C5H6S/c1-5-2-3-6-4-5/h2-4H,1H3",QENGPZGAWFQWCZ-UHFFFAOYSA-N
1144,3-methyluridine,9.75,80541-15-7,Cn1c(=O)ccn(C2OC(CO)C(O)C2O)c1=O,7,25,NIST,halogenated,Halogenated organics,"InChI=1S/C10H14N2O6/c1-11-6(14)2-3-12(10(11)17)9-8(16)7(15)5(4-13)18-9/h2-3,5,7-9,13,15-16H,4H2,1H3",UTQUILVPBZEHTK-UHFFFAOYSA-N
1145,3-nitro-2-(4-nitrophenoxy)thiophene,9.11,33786-84-4,[O-][N+](=O)c1ccc(Oc2sccc2[N+]([O-])=O)cc1,7,25,https://doi.org/10.1021/acs.est.4c11950,cyclo,Aromatic & PAHs,InChI=1S/C10H6N2O5S/c13-11(14)7-1-3-8(4-2-7)17-10-9(12(15)16)5-6-18-10/h1-6H,YQSPBLRVXDPYMT-UHFFFAOYSA-N
1146,3-nitrophenol,9.7,1394969-99-3,O=[N+]([O-])c1cccc(O)c1,7,25,https://doi.org/10.1021/acs.est.4c11950,benzene,Aromatic & PAHs,"InChI=1S/C6H5NO3/c8-6-3-1-2-5(4-6)7(9)10/h1-4,8H",RTZZCYNQPHTPPL-UHFFFAOYSA-N
1147,3-nitrophenoxide ion,9.85,14609-74-6,O=[N+]([O-])c1cccc([O-])c1,9,25,NIST,benzene,Aromatic & PAHs,"InChI=1S/C6H5NO3/c8-6-3-1-2-5(4-6)7(9)10/h1-4,8H/p-1",RTZZCYNQPHTPPL-UHFFFAOYSA-M
1148,3-nitrotoluene,9.91,1805462-05-8,Cc1cccc([N+](=O)[O-])c1,7,25,Zhong et al.,cyclo,Aromatic & PAHs,"InChI=1S/C7H7NO2/c1-6-3-2-4-7(5-6)8(9)10/h2-5H,1H3",QZYHIOPPLUPUJF-UHFFFAOYSA-N
1149,3-pentanol,9.32,13403-73-1,CCC(O)CC,1.8,25,https://doi.org/10.1021/acs.est.4c11950,alkane,Aliphatic hydrocarbons,"InChI=1S/C5H12O/c1-3-5(6)4-2/h5-6H,3-4H2,1-2H3",AQIXEPGDORPWBJ-UHFFFAOYSA-N
1150,3-pentanone,9.15,887122-65-8,CCC(=O)CC,7,25,https://doi.org/10.1021/acs.est.4c11950,alkane,Aliphatic hydrocarbons,"InChI=1S/C5H10O/c1-3-5(6)4-2/h3-4H2,1-2H3",FDPIMTJIUBPUKL-UHFFFAOYSA-N
1151,3-pentanone,9.146128036,96-22-0,CCC(=O)CC,,,https://doi.org/10.1021/acsestengg.5c00188,alkane,Aliphatic hydrocarbons,"InChI=1S/C5H10O/c1-3-5(6)4-2/h3-4H2,1-2H3",FDPIMTJIUBPUKL-UHFFFAOYSA-N
1152,3-pyridinecarboxyamide,9.15,85726-26-7,NC(=O)Cc1cccnc1,7,25,https://doi.org/10.1021/acs.est.4c11950,cyclo,Aromatic & PAHs,"InChI=1S/C7H8N2O/c8-7(10)4-6-2-1-3-9-5-6/h1-3,5H,4H2,(H2,8,10)",YDHIMEXEGOCNHU-UHFFFAOYSA-N
1153,3-pyridinecarboxyamide,9.146128036,85726-26-7,NC(=O)Cc1cccnc1,,,https://doi.org/10.1021/acs.est.1c04764,cyclo,Aromatic & PAHs,"InChI=1S/C7H8N2O/c8-7(10)4-6-2-1-3-9-5-6/h1-3,5H,4H2,(H2,8,10)",YDHIMEXEGOCNHU-UHFFFAOYSA-N
1154,3-pyridinecarboxyamide,9.146128036,98-92-0,C1=CC(=CN=C1)C(=O)N,,,https://doi.org/10.1021/acsestengg.5c00491,halogenated,Halogenated organics,"InChI=1S/C6H6N2O/c7-6(9)5-2-1-3-8-4-5/h1-4H,(H2,7,9)",DFPAKSUCGFBDDF-UHFFFAOYSA-N
1155,3-pyridinecarboxylate ion N-oxide,9.36,12590-99-7,O=C([O-])c1ccc[n+]([O-])c1,7,25,NIST,cyclo,Aromatic & PAHs,"InChI=1S/C6H5NO3/c8-6(9)5-2-1-3-7(10)4-5/h1-4H,(H,8,9)/p-1",FJCFFCXMEXZEIM-UHFFFAOYSA-M
1156,3-pyridinol,9.73239376,109-00-2,C1=CC(=CN=C1)O,,,https://doi.org/10.1021/acsestengg.5c00486,halogenated,Halogenated organics,"InChI=1S/C5H5NO/c7-5-2-1-3-6-4-5/h1-4,7H",GRFNBEZIAWKNCO-UHFFFAOYSA-N
1157,"3-tert-butyl-5-chloro-6-methyl-1H-pyrimidine-2,4-dione",9.869818208,663194-14-7,CC1=C(Cl)C(=O)N(C(=O)N1)C(C)(C)C,,,https://doi.org/10.1021/acs.est.1c05263,alkane,Aliphatic hydrocarbons,"InChI=1S/C9H13ClN2O2/c1-5-6(10)7(13)12(8(14)11-5)9(2,3)4/h1-4H3,(H,11,14)",NBQCNZYJJMBDKY-UHFFFAOYSA-N
1158,3-toluenesulfonate ion,9.71,60711-74-2,Cc1ccc(S(=O)(=O)[O-])cc1,7,25,NIST,cyclo,Aromatic & PAHs,"InChI=1S/C7H8O3S/c1-6-2-4-7(5-3-6)11(8,9)10/h2-5H,1H3,(H,8,9,10)/p-1",JOXIMZWYDAKGHI-UHFFFAOYSA-M
1159,,9.903089987,355120-85-3,S=C=S,,,https://doi.org/10.1021/acs.est.1c05412,"sulfide, disulfide",Sulfur-containing organics,InChI=1S/CS2/c2-1-3,QGJOPFRUJISHPQ-UHFFFAOYSA-N
1160,,9.944482672,39400-80-1,ClC1CC2C(C1Cl)C3(Cl)C(=C(Cl)C2(Cl)C3(Cl)Cl)Cl,,,https://doi.org/10.1021/acs.est.1c05160,cyclo,Aromatic & PAHs,"InChI=1S/C10H6Cl8/c11-3-1-2-4(5(3)12)9(16)7(14)6(13)8(2,15)10(9,17)18/h2-5H,1H2",BIWJNBZANLAXMG-UHFFFAOYSA-N
1161,"4,4'-biphenyldicarboxylate ion",9.92,34430-08-5,O=C([O-])c1ccc(-c2ccc(C(=O)[O-])cc2)cc1,9,25,NIST,cyclo,Aromatic & PAHs,"InChI=1S/C14H10O4/c15-13(16)11-5-1-9(2-6-11)10-3-7-12(8-4-10)14(17)18/h1-8H,(H,15,16)(H,17,18)/p-2",NEQFBGHQPUXOFH-UHFFFAOYSA-L
1162,"4,4'-bipyridine",9.72427587,553-26-4,C1=CN=CC=C1C2=CC=NC=C2,,,https://doi.org/10.1021/acsestengg.5c00488,cyclo,Aromatic & PAHs,InChI=1S/C10H8N2/c1-5-11-6-2-9(1)10-3-7-12-8-4-10/h1-8H,MWVTWFVJZLCBMC-UHFFFAOYSA-N
1163,"4,4'-bipyridine",9.72427587,35268-49-6,c1cc(-c2ccncc2)ccn1,,,https://doi.org/10.1021/acs.est.1c05417,halogenated,Halogenated organics,InChI=1S/C10H8N2/c1-5-11-6-2-9(1)10-3-7-12-8-4-10/h1-8H,MWVTWFVJZLCBMC-UHFFFAOYSA-N
1164,"4,4'-bipyridine",9.72,35268-49-6,c1cc(ccn1)c2ccncc2,9.3,25,https://doi.org/10.1021/acs.est.4c11950,cyclo,Aromatic & PAHs,InChI=1S/C10H8N2/c1-5-11-6-2-9(1)10-3-7-12-8-4-10/h1-8H,MWVTWFVJZLCBMC-UHFFFAOYSA-N
1165,"4,4'-tellurobisbenzenamine",10.04,6461-99-0,Nc1ccc([Te]c2ccc(N)cc2)cc1,7,25,NIST,cyclo,Aromatic & PAHs,"InChI=1S/C12H12N2Te/c13-9-1-5-11(6-2-9)15-12-7-3-10(14)4-8-12/h1-8H,13-14H2",NKJFFZNZIDPRGB-UHFFFAOYSA-N
1166,"4,5,7-Trihydroxyflavanone",9.176091259,896419-16-2,O=C1CC(c2ccc(O)cc2)Oc2cc(O)cc(O)c21,,,https://doi.org/10.1021/acs.est.1c05580,alcohol,Oxygenated organics,"InChI=1S/C15H12O5/c16-9-3-1-8(2-4-9)13-7-12(19)15-11(18)5-10(17)6-14(15)20-13/h1-6,13,16-18H,7H2",FTVWIRXFELQLPI-UHFFFAOYSA-N
1167,"4,5,7-trihydroxyflavanone",9.18,896419-16-2,O=C1CC(c2ccc(O)cc2)Oc2cc(O)cc(O)c21,7,25,https://doi.org/10.1021/acs.est.4c11950,alcohol,Oxygenated organics,"InChI=1S/C15H12O5/c16-9-3-1-8(2-4-9)13-7-12(19)15-11(18)5-10(17)6-14(15)20-13/h1-6,13,16-18H,7H2",FTVWIRXFELQLPI-UHFFFAOYSA-N
1168,"4,5-bis(hydroxymethyl)-2-methylpyridin-3-ol",9.799340549,1142-43-4,Cc1ncc(CO)c(CO)c1O,,,https://doi.org/10.1021/acs.est.1c05415,cyclo,Aromatic & PAHs,"InChI=1S/C8H11NO3/c1-5-8(12)7(4-11)6(3-10)2-9-5/h2,10-12H,3-4H2,1H3",LXNHXLLTXMVWPM-UHFFFAOYSA-N
1169,"4,5-dihydroxy-1,3-benzenedisulfonate ion",9,22713-46-8,O=S(=O)([O-])c1cc(O)c(O)c(S(=O)(=O)[O-])c1,7,25,NIST,"sulfide, disulfide",Sulfur-containing organics,"InChI=1S/C6H6O8S2/c7-4-1-3(15(9,10)11)2-5(6(4)8)16(12,13)14/h1-2,7-8H,(H,9,10,11)(H,12,13,14)/p-2",XXAXVMUWHZHZMJ-UHFFFAOYSA-L
1170,"4,6-Dihydroxy-2-methylpyrimidine",9.86923172,1598222-27-5,Cc1nc(O)cc(O)n1,,,https://doi.org/10.1021/acs.est.1c05127,alkane,Aliphatic hydrocarbons,"InChI=1S/C5H6N2O2/c1-3-6-4(8)2-5(9)7-3/h2H,1H3,(H2,6,7,8,9)",BPSGVKFIQZZFNH-UHFFFAOYSA-N
1171,"4,6-Dihydroxy-5-methylpyrimidine",9.62324929,55477-35-5,Cc1c(O)ncnc1O,,,https://doi.org/10.1021/acs.est.1c04684,cyclo,Aromatic & PAHs,"InChI=1S/C5H6N2O2/c1-3-4(8)6-2-7-5(3)9/h2H,1H3,(H2,6,7,8,9)",OREVOAMPEBWISR-UHFFFAOYSA-N
1172,"4,6-Dihydroxypyrimidine",9.755874856,15726-40-6,Oc1cc(O)ncn1,,,https://doi.org/10.1021/acs.est.1c05202,alcohol,Oxygenated organics,"InChI=1S/C4H4N2O2/c7-3-1-4(8)6-2-5-3/h1-2H,(H2,5,6,7,8)",DUFGYCAXVIUXIP-UHFFFAOYSA-N
1173,"4,6-dihydroxy-2-methylpyrimidine",10.08,1598222-27-5,CC1=NC(=CC(=O)N1)O聽,7.7,25,NIST,alkane,Aliphatic hydrocarbons,"InChI=1S/C5H6N2O2/c1-3-6-4(8)2-5(9)7-3/h2H,1H3,(H2,6,7,8,9)",BPSGVKFIQZZFNH-UHFFFAOYSA-N
1174,"4,6-dihydroxy-2-methylpyrimidine",9.87,1598222-27-5,CC1=NC(=CC(=O)N1)O聽,3.7,25,NIST,alkane,Aliphatic hydrocarbons,"InChI=1S/C5H6N2O2/c1-3-6-4(8)2-5(9)7-3/h2H,1H3,(H2,6,7,8,9)",BPSGVKFIQZZFNH-UHFFFAOYSA-N
1175,"4,6-dihydroxy-5-methylpyrimidine",9.62,55477-35-5,Cc1c(O)nc[nH]c1=O,4.3,25,NIST,cyclo,Aromatic & PAHs,"InChI=1S/C5H6N2O2/c1-3-4(8)6-2-7-5(3)9/h2H,1H3,(H2,6,7,8,9)",OREVOAMPEBWISR-UHFFFAOYSA-N
1176,"4,6-dihydroxy-5-methylpyrimidine",9.94,55477-35-5,Cc1c(O)nc[nH]c1=O,7.5,25,NIST,cyclo,Aromatic & PAHs,"InChI=1S/C5H6N2O2/c1-3-4(8)6-2-7-5(3)9/h2H,1H3,(H2,6,7,8,9)",OREVOAMPEBWISR-UHFFFAOYSA-N
1177,"4,6-dihydroxypyrimidine",9.76,15726-40-6,O=c1cc(O)nc[nH]1,4,25,NIST,halogenated,Halogenated organics,"InChI=1S/C4H4N2O2/c7-3-1-4(8)6-2-5-3/h1-2H,(H2,5,6,7,8)",DUFGYCAXVIUXIP-UHFFFAOYSA-N
1178,"4,6-dihydroxypyrimidine",9.76,15726-40-6,Oc1cc(O)ncn1,7,25,https://doi.org/10.1021/acs.est.4c11950,alcohol,Oxygenated organics,"InChI=1S/C4H4N2O2/c7-3-1-4(8)6-2-5-3/h1-2H,(H2,5,6,7,8)",DUFGYCAXVIUXIP-UHFFFAOYSA-N
1179,"4,6-dihydroxypyrimidine",9.9,15726-40-6,O=c1cc(O)nc[nH]1,9.2,25,NIST,halogenated,Halogenated organics,"InChI=1S/C4H4N2O2/c7-3-1-4(8)6-2-5-3/h1-2H,(H2,5,6,7,8)",DUFGYCAXVIUXIP-UHFFFAOYSA-N
1180,"4,7,13,16,21,24-Hexaoxa-1,10-diazabicyclo[8.8.8]hexacosane",9.77,64066-14-4,C1COCCN2CCOCCOCCN(CCO1)CCOCCOCC2,7,25,https://doi.org/10.1021/acs.est.4c11950,diol,Polyfunctional / highly functionalized,InChI=1S/C18H36N2O6/c1-7-21-13-14-24-10-4-20-5-11-25-17-15-22-8-2-19(1)3-9-23-16-18-26-12-6-20/h1-18H2,AUFVJZSDSXXFOI-UHFFFAOYSA-N
1181,"4,7,13,16,21,24-Hexaoxa-1,10-diazabicyclo[8.8.8]hexacosane",9.770852012,64066-14-4,C1COCCN2CCOCCOCCN(CCO1)CCOCCOCC2,,,https://doi.org/10.1021/acs.est.1c04775,diol,Polyfunctional / highly functionalized,InChI=1S/C18H36N2O6/c1-7-21-13-14-24-10-4-20-5-11-25-17-15-22-8-2-19(1)3-9-23-16-18-26-12-6-20/h1-18H2,AUFVJZSDSXXFOI-UHFFFAOYSA-N
1182,"4,7,13,16,21-Pentaoxa-1,10-diazabicyclo[8.8.5]tricosane",9.71,62751-48-8,C1COCCN2CCOCCOCCN(CCO1)CCOCC2,7,25,https://doi.org/10.1021/acs.est.4c11950,diol,Polyfunctional / highly functionalized,InChI=1S/C16H32N2O5/c1-7-19-8-2-18-5-11-22-15-13-20-9-3-17(1)4-10-21-14-16-23-12-6-18/h1-16H2,HDLXPNDSLDLJHF-UHFFFAOYSA-N
1183,"4,7,13,16,21-Pentaoxa-1,10-diazabicyclo[8.8.5]tricosane",9.7084209,62751-48-8,C1COCCN2CCOCCOCCN(CCO1)CCOCC2,,,https://doi.org/10.1021/acs.est.1c04639,diol,Polyfunctional / highly functionalized,InChI=1S/C16H32N2O5/c1-7-19-8-2-18-5-11-22-15-13-20-9-3-17(1)4-10-21-14-16-23-12-6-18/h1-16H2,HDLXPNDSLDLJHF-UHFFFAOYSA-N
1184,"4-(1,1-dimethylethyl)-1,2-dihydroxybenzene",9.89,334974-04-8,CC(C)(C)c1ccc(O)c(O)c1,10.5,25,NIST,benzene,Aromatic & PAHs,"InChI=1S/C10H14O2/c1-10(2,3)7-4-5-8(11)9(12)6-7/h4-6,11-12H,1-3H3",XESZUVZBAMCAEJ-UHFFFAOYSA-N
1185,"4-(1,1-dimethylethyl)-1,2-dihydroxybenzene",9.88,334974-04-8,CC(C)(C)c1ccc(O)c(O)c1,7,25,NIST,benzene,Aromatic & PAHs,"InChI=1S/C10H14O2/c1-10(2,3)7-4-5-8(11)9(12)6-7/h4-6,11-12H,1-3H3",XESZUVZBAMCAEJ-UHFFFAOYSA-N
1186,"4-(1,2-Dihydroxyethyl)-1,2-benzenediol",10.20411998,64998-12-5,OCC(O)c1ccc(O)c(O)c1,,,https://doi.org/10.1021/acs.est.1c05191,alcohol,Oxygenated organics,"InChI=1S/C8H10O4/c9-4-8(12)5-1-2-6(10)7(11)3-5/h1-3,8-12H,4H2",MTVWFVDWRVYDOR-UHFFFAOYSA-N
1187,"4-(1,2-dihydroxyethyl)-1,2-benzenediol",10.2,64998-12-5,OCC(O)c1ccc(O)c(O)c1,7,25,NIST,alcohol,Oxygenated organics,"InChI=1S/C8H10O4/c9-4-8(12)5-1-2-6(10)7(11)3-5/h1-3,8-12H,4H2",MTVWFVDWRVYDOR-UHFFFAOYSA-N
1188,4-(1-hydroxyethyl)-benzonitrile,9.4,182964-49-4,CC(O)c1ccc(C#N)cc1,1.8,25,NIST,benzene,Aromatic & PAHs,"InChI=1S/C9H9NO/c1-7(11)9-4-2-8(6-10)3-5-9/h2-5,7,11H,1H3",XGAVOODMMBMCKV-UHFFFAOYSA-N
1189,"4-(2,6,6-trimethyl-1-cyclohexenyl)but-3-en-2-one",9.889861721,67529-94-6,CC(=O)/C=C/C1=C(C)CCCC1(C)C,,,https://doi.org/10.1021/acs.est.1c04869,cyclo,Aromatic & PAHs,"InChI=1S/C13H20O/c1-10-6-5-9-13(3,4)12(10)8-7-11(2)14/h7-8H,5-6,9H2,1-4H3/b8-7+",PSQYTAPXSHCGMF-BQYQJAHWSA-N
1190,4-(4-aminophenyl)aniline,10.17609126,68389-46-8,Nc1ccc(cc1)c2ccc(N)cc2,,,https://doi.org/10.1021/acs.est.1c05689,benzene,Aromatic & PAHs,"InChI=1S/C12H12N2/c13-11-5-1-9(2-6-11)10-3-7-12(14)8-4-10/h1-8H,13-14H2",HFACYLZERDEVSX-UHFFFAOYSA-N
1191,4-(N-methylpyridinium)-tert-butylnitrone,9.04,168021-77-0,C[n+]1ccc(C=[N+]([O-])C(C)(C)C)cc1,6,25,NIST,halogenated,Halogenated organics,"InChI=1S/C11H17N2O/c1-11(2,3)13(14)9-10-5-7-12(4)8-6-10/h5-9H,1-4H3/q+1",JQSDWPHTGSTTMX-UHFFFAOYSA-N
1192,"4-(ethylamino)-6-[(1-methylethyl)amino]-1,3,5-triazine-2-one",9.41,20776-86-7,CCNc1nc(=O)nc(NC(C)C)[nH]1,7,25,NIST,alkane,Aliphatic hydrocarbons,"InChI=1S/C8H15N5O/c1-4-9-6-11-7(10-5(2)3)13-8(14)12-6/h5H,4H2,1-3H3,(H3,9,10,11,12,13,14)",NFMIMWNQWAWNDW-UHFFFAOYSA-N
1193,"4-Amino-3,5,6-trichloro-2-pyridinecarboxylic acid",9.531478917,26449-73-0,Nc1c(Cl)c(Cl)nc(C(=O)O)c1Cl,,,https://doi.org/10.1021/acs.est.1c05115,cyclo,Aromatic & PAHs,"InChI=1S/C6H3Cl3N2O2/c7-1-3(10)2(8)5(9)11-4(1)6(12)13/h(H2,10,11)(H,12,13)",NQQVFXUMIDALNH-UHFFFAOYSA-N
1194,"4-Amino-N-(5-methyl-1,3,4-thiadiazol-2-yl)benzenesulfonamide",9.899820502,51484-73-2,Cc1sc(N[S](=O)(=O)c2ccc(N)cc2)nn1,,,https://doi.org/10.1021/acs.est.1c05138,"sulfide, disulfide",Sulfur-containing organics,"InChI=1S/C9H10N4O2S2/c1-6-11-12-9(16-6)13-17(14,15)8-4-2-7(10)3-5-8/h2-5H,10H2,1H3,(H,12,13)",VACCAVUAMIDAGB-UHFFFAOYSA-N
1195,4-Aminobutyric acid,8.643452676,20-79-1,NCCCC(=O)O,,,https://doi.org/10.1021/acs.est.1c05222,halogenated,Halogenated organics,"InChI=1S/C4H9NO2/c5-3-1-2-4(6)7/h1-3,5H2,(H,6,7)",BTCSSZJGUNDROE-UHFFFAOYSA-N
1196,4-Aminopyridine,9.698970004,504-24-5,C1=CN=CC=C1N,,,https://doi.org/10.1021/acsestengg.5c00479,cyclo,Aromatic & PAHs,"InChI=1S/C5H6N2/c6-5-1-3-7-4-2-5/h1-4H,(H2,6,7)",NUKYPUAOHBNCPY-UHFFFAOYSA-N
1197,4-Bromotoluene,9.462397998,106-38-7,CC1=CC=C(C=C1)Br,,,https://doi.org/10.1021/acsestengg.5c00557,alkane,Aliphatic hydrocarbons,"InChI=1S/C7H7Br/c1-6-2-4-7(8)5-3-6/h2-5H,1H3",ZBTMRBYMKUEVEU-UHFFFAOYSA-N
1198,4-CHLOROPYRIDINE,9.491361694,29154-12-9,Clc1ccncc1,,,https://doi.org/10.1021/acs.est.1c04673,cyclo,Aromatic & PAHs,InChI=1S/C5H4ClN/c6-5-1-3-7-4-2-5/h1-4H,PVMNPAUTCMBOMO-UHFFFAOYSA-N
1199,4-Chloro-2-methoxyphenol,9.804139432,1881328-66-0,COc1cc(Cl)ccc1O,,,https://doi.org/10.1021/acs.est.1c04437,alcohol,Oxygenated organics,"InChI=1S/C7H7ClO2/c1-10-7-4-5(8)2-3-6(7)9/h2-4,9H,1H3",FVZQMMMRFNURSH-UHFFFAOYSA-N
1200,"4-Chloro-3,5-dinitrobenzoic acid",8.519827994,2350179-01-8,OC(=O)c1cc(c(Cl)c(c1)[N+]([O-])=O)[N+]([O-])=O,,,https://doi.org/10.1021/acs.est.1c05448,diol,Polyfunctional / highly functionalized,"InChI=1S/C7H3ClN2O6/c8-6-4(9(13)14)1-3(7(11)12)2-5(6)10(15)16/h1-2H,(H,11,12)",PCTFIHOVQYYAMH-UHFFFAOYSA-N
1201,4-Chlorobenzoic acid,9.698970004,85577-25-9,O=C(O)c1ccc(Cl)cc1,,,https://doi.org/10.1021/acs.est.1c05523,benzene,Aromatic & PAHs,"InChI=1S/C7H5ClO2/c8-6-3-1-5(2-4-6)7(9)10/h1-4H,(H,9,10)",XRHGYUZYPHTUJZ-UHFFFAOYSA-N
1202,4-Chlorocatechol,9.84509804,2138-22-9,C1=CC(=C(C=C1Cl)O)O,,,https://doi.org/10.1021/acsestengg.5c00430,halogenated,Halogenated organics,"InChI=1S/C6H5ClO2/c7-4-1-2-5(8)6(9)3-4/h1-3,8-9H",WWOBYPKUYODHDG-UHFFFAOYSA-N
1203,4-Chlorophenol,9.968482949,1235439-85-6,Oc1ccc(Cl)cc1,,,https://doi.org/10.1021/acs.est.1c04890,alcohol,Oxygenated organics,"InChI=1S/C6H5ClO/c7-5-1-3-6(8)4-2-5/h1-4,8H",WXNZTHHGJRFXKQ-UHFFFAOYSA-N
1204,4-Chlorotoluene,9.740362689,106-43-4,CC1=CC=C(C=C1)Cl,,,https://doi.org/10.1021/acsestengg.5c00562,alkane,Aliphatic hydrocarbons,"InChI=1S/C7H7Cl/c1-6-2-4-7(8)5-3-6/h2-5H,1H3",NPDACUSDTOMAMK-UHFFFAOYSA-N
1205,4-Fluorobenzonitrile,9.544068044,1208078-40-3,Fc1ccc(cc1)C#N,,,https://doi.org/10.1021/acs.est.1c05658,halogenated,Halogenated organics,InChI=1S/C7H4FN/c8-7-3-1-6(5-9)2-4-7/h1-4H,AEKVBBNGWBBYLL-UHFFFAOYSA-N
1206,"4-Hydroxy-3,5-dimethoxybenzoic acid",9.238046103,14910-15-7,COc1cc(cc(OC)c1O)C(O)=O,,,https://doi.org/10.1021/acs.est.1c05692,diol,Polyfunctional / highly functionalized,"InChI=1S/C9H10O5/c1-13-6-3-5(9(11)12)4-7(14-2)8(6)10/h3-4,10H,1-2H3,(H,11,12)",JMSVCTWVEWCHDZ-UHFFFAOYSA-N
1207,4-Hydroxy-3-methoxybenzoic acid,9.167317335,1784962-35-1,COc1cc(ccc1O)C(O)=O,,,https://doi.org/10.1021/acs.est.1c04824,alcohol,Oxygenated organics,"InChI=1S/C8H8O4/c1-12-7-4-5(8(10)11)2-3-6(7)9/h2-4,9H,1H3,(H,10,11)",WKOLLVMJNQIZCI-UHFFFAOYSA-N
1208,4-Hydroxybenzoic acid,9.86332286,73486-75-6,OC(=O)c1ccc(O)cc1,,,https://doi.org/10.1021/acs.est.1c04867,alcohol,Oxygenated organics,"InChI=1S/C7H6O3/c8-6-3-1-5(2-4-6)7(9)10/h1-4,8H,(H,9,10)",FJKROLUGYXJWQN-UHFFFAOYSA-N
1209,4-Hydroxycinnamic acid,9.953759692,1379415-40-3,O=C(O)C=Cc1ccc(O)cc1,,,https://doi.org/10.1021/acs.est.1c05458,benzene,Aromatic & PAHs,"InChI=1S/C9H8O3/c10-8-4-1-7(2-5-8)3-6-9(11)12/h1-6,10H,(H,11,12)",NGSWKAQJJWESNS-UHFFFAOYSA-N
1210,4-Methoxyphenol,10.41497335,126840-02-6,COc1ccc(O)cc1,,,https://doi.org/10.1021/acs.est.1c05230,alcohol,Oxygenated organics,"InChI=1S/C7H8O2/c1-9-7-4-2-6(8)3-5-7/h2-5,8H,1H3",NWVVVBRKAWDGAB-UHFFFAOYSA-N
1211,4-Methylbenzonitrile,10.07918125,1251380-62-7,Cc1ccc(cc1)C#N,,,https://doi.org/10.1021/acs.est.1c04692,alkane,Aliphatic hydrocarbons,"InChI=1S/C8H7N/c1-7-2-4-8(6-9)5-3-7/h2-5H,1H3",VCZNNAKNUVJVGX-UHFFFAOYSA-N
1212,4-Methylpentan-2-one,9.322219295,1369147-17-0,CC(C)CC(C)=O,,,https://doi.org/10.1021/acs.est.1c05166,alkane,Aliphatic hydrocarbons,"InChI=1S/C6H12O/c1-5(2)4-6(3)7/h5H,4H2,1-3H3",NTIZESTWPVYFNL-UHFFFAOYSA-N
1213,4-Methylphenol,10.04532298,41701-84-2,Cc1ccc(O)cc1,,,https://doi.org/10.1021/acs.est.1c04925,benzene,Aromatic & PAHs,"InChI=1S/C7H8O/c1-6-2-4-7(8)5-3-6/h2-5,8H,1H3",IWDCLRJOBJJRNH-UHFFFAOYSA-N
1214,4-Methylpyridine-N-oxide,9.447158031,103922-05-0,Cc1cc[n+]([O-])cc1,,,https://doi.org/10.1021/acs.est.1c04885,cyclo,Aromatic & PAHs,"InChI=1S/C6H7NO/c1-6-2-4-7(8)5-3-6/h2-5H,1H3",IWYYIZOHWPCALJ-UHFFFAOYSA-N
1215,4-Nitroaniline,10.14612804,29757-24-2,Nc1ccc(cc1)[N+]([O-])=O,,,https://doi.org/10.1021/acs.est.1c04418,halogenated,Halogenated organics,"InChI=1S/C6H6N2O2/c7-5-1-3-6(4-2-5)8(9)10/h1-4H,7H2",TYMLOMAKGOJONV-UHFFFAOYSA-N
1216,4-Nitrophenol,9.790285164,93951-79-2,Oc1ccc(cc1)[N+]([O-])=O,,,https://doi.org/10.1021/acs.est.1c05123,alcohol,Oxygenated organics,"InChI=1S/C6H5NO3/c8-6-3-1-5(2-4-6)7(9)10/h1-4,8H",BTJIUGUIPKRLHP-UHFFFAOYSA-N
1217,4-Nitrotoluene,9.92992956,1276197-16-0,Cc1ccc([N+](=O)[O-])cc1,,,https://doi.org/10.1021/acs.est.1c05209,cyclo,Aromatic & PAHs,"InChI=1S/C7H7NO2/c1-6-2-4-7(5-3-6)8(9)10/h2-5H,1H3",ZPTVNYMJQHSSEA-UHFFFAOYSA-N
1218,4-POBN,9.57,20634-12-2,CC(C)(C)[N+]([O-])=Cc1cc[n+]([O-])cc1,7,25,NIST,cyclo,Aromatic & PAHs,"InChI=1S/C10H14N2O2/c1-10(2,3)12(14)8-9-4-6-11(13)7-5-9/h4-8H,1-3H3",RNRMWTCECDHNQU-UHFFFAOYSA-N
1219,4-[2-(4-hydroxyphenyl)propan-2-yl]phenol,9.840106094,78163-91-4,CC(C)(c1ccc(O)cc1)c2ccc(O)cc2,,,https://doi.org/10.1021/acs.est.1c05200,benzene,Aromatic & PAHs,"InChI=1S/C15H16O2/c1-15(2,11-3-7-13(16)8-4-11)12-5-9-14(17)10-6-12/h3-10,16-17H,1-2H3",IISBACLAFKSPIT-UHFFFAOYSA-N
1220,"4-[3-(2-hydroxyphenoxy)-1,2-dihydroxypropyl]-1,2-benzenediol",10.23,548475-98-5,Oc1ccc(C(O)C(O)COc2ccccc2O)cc1O,7,25,NIST,diol,Polyfunctional / highly functionalized,"InChI=1S/C15H16O6/c16-10-6-5-9(7-12(10)18)15(20)13(19)8-21-14-4-2-1-3-11(14)17/h1-7,13,15-20H,8H2",PBEPMHFIOUNKNJ-UHFFFAOYSA-N
1221,4-[[(2-Aminoethyl)thio]methyl]-5-methylimidazole,10.07918125,78949-89-0,Cc1[nH]cnc1CSCCN,,,https://doi.org/10.1021/acs.est.1c04438,"sulfide, disulfide",Sulfur-containing organics,"InChI=1S/C7H13N3S/c1-6-7(10-5-9-6)4-11-3-2-8/h5H,2-4,8H2,1H3,(H,9,10)",JEOZNMMOIBLWLV-UHFFFAOYSA-N
1222,4-[[(2-aminoethyl)thio]methyl]-5-methylimidazole,10.08,78949-89-0,Cc1[nH]cnc1CSCCN,7.4,25,NIST,"sulfide, disulfide",Sulfur-containing organics,"InChI=1S/C7H13N3S/c1-6-7(10-5-9-6)4-11-3-2-8/h5H,2-4,8H2,1H3,(H,9,10)",JEOZNMMOIBLWLV-UHFFFAOYSA-N
1223,"4-amino-1,2-oxazolidin-3-one",9.954242509,2171792-38-2,NC1CONC1=O,,,https://doi.org/10.1021/acs.est.1c04716,amide,Nitrogen-containing organics,"InChI=1S/C3H6N2O2/c4-2-1-7-5-3(2)6/h2H,1,4H2,(H,5,6)",DYDCUQKUCUHJBH-UHFFFAOYSA-N
1224,"4-amino-N-(4,6-dimethylpyrimidin-2-yl)benzenesulfonamide",9.920123326,873389-79-8,Cc1cc(C)nc(N[S](=O)(=O)c2ccc(N)cc2)n1,,,https://doi.org/10.1021/acs.est.1c05265,benzene,Aromatic & PAHs,"InChI=1S/C12H14N4O2S/c1-8-7-9(2)15-12(14-8)16-19(17,18)11-5-3-10(13)4-6-11/h3-7H,13H2,1-2H3,(H,14,15,16)",ASWVTGNCAZCNNR-UHFFFAOYSA-N
1225,4-amino-N-(4-methylpyrimidin-2-yl)benzenesulfonamide,9.889861721,8015-41-6,Cc1ccnc(N[S](=O)(=O)c2ccc(N)cc2)n1,,,https://doi.org/10.1021/acs.est.1c04380,benzene,Aromatic & PAHs,"InChI=1S/C11H12N4O2S/c1-8-6-7-13-11(14-8)15-18(16,17)10-4-2-9(12)3-5-10/h2-7H,12H2,1H3,(H,13,14,15)",QPPBRPIAZZHUNT-UHFFFAOYSA-N
1226,"4-amino-N-(5-methyl-1,2-oxazol-3-yl)benzenesulfonamide",9.92992956,34245-10-8,Cc1onc(N[S](=O)(=O)c2ccc(N)cc2)c1,,,https://doi.org/10.1021/acs.est.1c04374,benzene,Aromatic & PAHs,"InChI=1S/C10H11N3O3S/c1-7-6-10(12-16-7)13-17(14,15)9-4-2-8(11)3-5-9/h2-6H,11H2,1H3,(H,12,13)",JLKIGFTWXXRPMT-UHFFFAOYSA-N
1227,4-amino-benzenesulfonate ion,9.46,3198-32-1,Nc1ccc(S(=O)(=O)[O-])cc1,7,25,NIST,cyclo,Aromatic & PAHs,"InChI=1S/C6H7NO3S/c7-5-1-3-6(4-2-5)11(8,9)10/h1-4H,7H2,(H,8,9,10)/p-1",HVBSAKJJOYLTQU-UHFFFAOYSA-M
1228,4-amino-benzenesulfonate ion,9.91,3198-32-1,Nc1ccc(S(=O)(=O)[O-])cc1,10,25,NIST,cyclo,Aromatic & PAHs,"InChI=1S/C6H7NO3S/c7-5-1-3-6(4-2-5)11(8,9)10/h1-4H,7H2,(H,8,9,10)/p-1",HVBSAKJJOYLTQU-UHFFFAOYSA-M
1229,4-aminobenzenesulfonic acid,9.46,70892-58-9,Nc1ccc(S(=O)(=O)O)cc1,7,25,https://doi.org/10.1021/acs.est.4c11950,cyclo,Aromatic & PAHs,"InChI=1S/C6H7NO3S/c7-5-1-3-6(4-2-5)11(8,9)10/h1-4H,7H2,(H,8,9,10)",HVBSAKJJOYLTQU-UHFFFAOYSA-N
1230,4-aminobenzenesulfonic acid,9.462397998,70892-58-9,Nc1ccc(S(=O)(=O)O)cc1,,,https://doi.org/10.1021/acs.est.1c04450,cyclo,Aromatic & PAHs,"InChI=1S/C6H7NO3S/c7-5-1-3-6(4-2-5)11(8,9)10/h1-4H,7H2,(H,8,9,10)",HVBSAKJJOYLTQU-UHFFFAOYSA-N
1231,4-aminobenzoate,10.08278537,292601-63-9,Nc1ccc(cc1)C([O-])=O,,,https://doi.org/10.1021/acs.est.1c04981,halogenated,Halogenated organics,"InChI=1S/C7H7NO2/c8-6-3-1-5(2-4-6)7(9)10/h1-4H,8H2,(H,9,10)/p-1",ALYNCZNDIQEVRV-UHFFFAOYSA-M
1232,4-aminobenzoate ion,9.91,2906-33-4,Nc1ccc(C(=O)[O-])cc1,9,25,NIST,cyclo,Aromatic & PAHs,"InChI=1S/C7H7NO2/c8-6-3-1-5(2-4-6)7(9)10/h1-4H,8H2,(H,9,10)/p-1",ALYNCZNDIQEVRV-UHFFFAOYSA-M
1233,4-aminobenzoate ion,10.2,2906-33-4,Nc1ccc(C(=O)[O-])cc1,7,25,NIST,cyclo,Aromatic & PAHs,"InChI=1S/C7H7NO2/c8-6-3-1-5(2-4-6)7(9)10/h1-4H,8H2,(H,9,10)/p-1",ALYNCZNDIQEVRV-UHFFFAOYSA-M
1234,4-aminobutyric acid,8.64,20-79-1,NCCCC(=O)O,6.7,25,NIST,halogenated,Halogenated organics,"InChI=1S/C4H9NO2/c5-3-1-2-4(6)7/h1-3,5H2,(H,6,7)",BTCSSZJGUNDROE-UHFFFAOYSA-N
1235,4-aminobutyric acid,8.41,20-79-1,NCCCC(=O)O,2,25,NIST,halogenated,Halogenated organics,"InChI=1S/C4H9NO2/c5-3-1-2-4(6)7/h1-3,5H2,(H,6,7)",BTCSSZJGUNDROE-UHFFFAOYSA-N
1236,4-bromo-toluene,9.46,1806517-70-3,Cc1ccc(Br)cc1,7,25,NIST,benzene,Aromatic & PAHs,"InChI=1S/C7H7Br/c1-6-2-4-7(8)5-3-6/h2-5H,1H3",ZBTMRBYMKUEVEU-UHFFFAOYSA-N
1237,4-bromobenzoate ion,9.51,16887-61-9,O=C([O-])c1ccc(Br)cc1,9,25,NIST,benzene,Aromatic & PAHs,"InChI=1S/C7H5BrO2/c8-6-3-1-5(2-4-6)7(9)10/h1-4H,(H,9,10)/p-1",TUXYZHVUPGXXQG-UHFFFAOYSA-M
1238,4-bromophenoxide ion,9.76,14609-76-8,[O-]c1ccc(Br)cc1,10.5,25,NIST,benzene,Aromatic & PAHs,"InChI=1S/C6H5BrO/c7-5-1-3-6(8)4-2-5/h1-4,8H/p-1",GZFGOTFRPZRKDS-UHFFFAOYSA-M
1239,"4-chloro-3,5-dinitrobenzoic acid",8.52,2350179-01-8,O=C(O)c1cc([N+](=O)[O-])c(Cl)c([N+](=O)[O-])c1,7,25,https://doi.org/10.1021/acs.est.4c11950,diol,Polyfunctional / highly functionalized,"InChI=1S/C7H3ClN2O6/c8-6-4(9(13)14)1-3(7(11)12)2-5(6)10(15)16/h1-2H,(H,11,12)",PCTFIHOVQYYAMH-UHFFFAOYSA-N
1240,"4-chlorobenzene-1,2-diol",9.84509804,1679348-17-4,Oc1ccc(Cl)cc1O,,,https://doi.org/10.1021/acs.est.1c04955,alcohol,Oxygenated organics,"InChI=1S/C6H5ClO2/c7-4-1-2-5(8)6(9)3-4/h1-3,8-9H",WWOBYPKUYODHDG-UHFFFAOYSA-N
1241,4-chlorobenzenesulfonic acid,8.3,27886-58-4,O=S(=O)(O)c1ccc(Cl)cc1,7,25,https://doi.org/10.1021/acs.est.4c11950,"sulfide, disulfide",Sulfur-containing organics,"InChI=1S/C6H5ClO3S/c7-5-1-3-6(4-2-5)11(8,9)10/h1-4H,(H,8,9,10)",RJWBTWIBUIGANW-UHFFFAOYSA-N
1242,4-chlorobenzenesulfonic acid,8.301029996,27886-58-4,O=S(=O)(O)c1ccc(Cl)cc1,,,https://doi.org/10.1021/acs.est.1c04877,"sulfide, disulfide",Sulfur-containing organics,"InChI=1S/C6H5ClO3S/c7-5-1-3-6(4-2-5)11(8,9)10/h1-4H,(H,8,9,10)",RJWBTWIBUIGANW-UHFFFAOYSA-N
1243,4-chlorobenzoate ion,9.7,16887-60-8,O=C([O-])c1ccc(Cl)cc1,7,25,NIST,benzene,Aromatic & PAHs,"InChI=1S/C7H5ClO2/c8-6-3-1-5(2-4-6)7(9)10/h1-4H,(H,9,10)/p-1",XRHGYUZYPHTUJZ-UHFFFAOYSA-M
1244,4-chlorobenzoic acid,9.7,85577-25-9,O=C(O)c1ccc(Cl)cc1,7,25,https://doi.org/10.1021/acs.est.4c11950,benzene,Aromatic & PAHs,"InChI=1S/C7H5ClO2/c8-6-3-1-5(2-4-6)7(9)10/h1-4H,(H,9,10)",XRHGYUZYPHTUJZ-UHFFFAOYSA-N
1245,4-chlorocatechol,9.85,201740-93-4,C1=CC(=C(C=C1Cl)O)O,6,25,https://doi.org/10.1021/acs.est.4c11950,halogenated,Halogenated organics,"InChI=1S/C6H5ClO2/c7-4-1-2-5(8)6(9)3-4/h1-3,8-9H",WWOBYPKUYODHDG-UHFFFAOYSA-N
1246,4-chlorophenol,9.88,1235439-85-6,Oc1ccc(Cl)cc1,9,25,NIST,alcohol,Oxygenated organics,"InChI=1S/C6H5ClO/c7-5-1-3-6(8)4-2-5/h1-4,8H",WXNZTHHGJRFXKQ-UHFFFAOYSA-N
1247,4-chlorophenol,9.97,1235439-85-6,Oc1ccc(Cl)cc1,6,25,https://doi.org/10.1021/acs.est.4c11950,alcohol,Oxygenated organics,"InChI=1S/C6H5ClO/c7-5-1-3-6(8)4-2-5/h1-4,8H",WXNZTHHGJRFXKQ-UHFFFAOYSA-N
1248,4-chlorophenol,9.968482949,106-48-9,C1=CC(=CC=C1O)Cl,,,https://doi.org/10.1021/acsestengg.5c00413,halogenated,Halogenated organics,"InChI=1S/C6H5ClO/c7-5-1-3-6(8)4-2-5/h1-4,8H",WXNZTHHGJRFXKQ-UHFFFAOYSA-N
1249,4-chlorophenoxide ion,9.66,3046-27-3,[O-]c1ccc(Cl)cc1,10.5,25,NIST,benzene,Aromatic & PAHs,"InChI=1S/C6H5ClO/c7-5-1-3-6(8)4-2-5/h1-4,8H/p-1",WXNZTHHGJRFXKQ-UHFFFAOYSA-M
1250,4-chlorophenyl beta-D-glucopyranoside,9.7,74983-66-7,OC[C@H]1OC(Oc2ccc(Cl)cc2)[C@H](O)[C@@H](O)[C@@H]1O,7,25,NIST,diol,Polyfunctional / highly functionalized,"InChI=1S/C12H15ClO6/c13-6-1-3-7(4-2-6)18-12-11(17)10(16)9(15)8(5-14)19-12/h1-4,8-12,14-17H,5H2/t8-,9-,10+,11-,12?/m1/s1",VTNZLQTUEWINQW-OZRWLHRGSA-N
1251,4-chloropyridine,9.49,29154-12-9,Clc1ccncc1,9,25,https://doi.org/10.1021/acs.est.4c11950,cyclo,Aromatic & PAHs,InChI=1S/C5H4ClN/c6-5-1-3-7-4-2-5/h1-4H,PVMNPAUTCMBOMO-UHFFFAOYSA-N
1252,4-chloropyridine,9.491361694,626-61-9,C1=CN=CC=C1Cl,,,https://doi.org/10.1021/acsestengg.5c00483,cyclo,Aromatic & PAHs,InChI=1S/C5H4ClN/c6-5-1-3-7-4-2-5/h1-4H,PVMNPAUTCMBOMO-UHFFFAOYSA-N
1253,4-chlorotoluene,9.74,25168-05-2,Cc1ccc(Cl)cc1,7,25,https://doi.org/10.1021/acs.est.4c11950,benzene,Aromatic & PAHs,"InChI=1S/C7H7Cl/c1-6-2-4-7(8)5-3-6/h2-5H,1H3",NPDACUSDTOMAMK-UHFFFAOYSA-N
1254,4-ethyl-5-hydroxy-2-methylpyridine,9.15,1805068-69-2,CCc1cc(C)ncc1O,6.5,25,https://doi.org/10.1021/acs.est.4c11950,cyclo,Aromatic & PAHs,"InChI=1S/C8H11NO/c1-3-7-4-6(2)9-5-8(7)10/h4-5,10H,3H2,1-2H3",JBZXTIQVLQLXAP-UHFFFAOYSA-N
1255,4-fluorobenzoate ion,9.56,16426-56-5,O=C([O-])c1ccc(F)cc1,9,25,NIST,benzene,Aromatic & PAHs,"InChI=1S/C7H5FO2/c8-6-3-1-5(2-4-6)7(9)10/h1-4H,(H,9,10)/p-1",BBYDXOIZLAWGSL-UHFFFAOYSA-M
1256,4-fluorophenoxide ion,9.94,32376-32-2,[O-]c1ccc(F)cc1,10.5,25,NIST,benzene,Aromatic & PAHs,"InChI=1S/C6H5FO/c7-5-1-3-6(8)4-2-5/h1-4,8H/p-1",RHMPLDJJXGPMEX-UHFFFAOYSA-M
1257,4-hydroxy-1-pyrrolidinecarboxylic acid,8.51,99520-87-3,O=C(O)C1CC(O)CN1,6.8,25,NIST,halogenated,Halogenated organics,"InChI=1S/C5H9NO3/c7-3-1-4(5(8)9)6-2-3/h3-4,6-7H,1-2H2,(H,8,9)",PMMYEEVYMWASQN-UHFFFAOYSA-N
1258,4-hydroxy-2-pyrrolidinecarboxylic acid,8.62,133955-86-9,O=C(O)C1CC(O)CN1,2,25,NIST,halogenated,Halogenated organics,"InChI=1S/C5H9NO3/c7-3-1-4(5(8)9)6-2-3/h3-4,6-7H,1-2H2,(H,8,9)",PMMYEEVYMWASQN-UHFFFAOYSA-N
1259,4-hydroxy-3-methoxybenzoate ion,10.15,12168-64-8,COc1cc(C(=O)[O-])ccc1O,7,25,NIST,diol,Polyfunctional / highly functionalized,"InChI=1S/C8H8O4/c1-12-7-4-5(8(10)11)2-3-6(7)9/h2-4,9H,1H3,(H,10,11)/p-1",WKOLLVMJNQIZCI-UHFFFAOYSA-M
1260,4-hydroxybenzaldehyde,10,298704-22-0,O=Cc1ccc(O)cc1,9,25,NIST,benzene,Aromatic & PAHs,"InChI=1S/C7H6O2/c8-5-6-1-3-7(9)4-2-6/h1-5,9H",RGHHSNMVTDWUBI-UHFFFAOYSA-N
1261,4-hydroxybenzenesulfonic acid,9.6,2060026-75-5,O=S(=O)(O)c1ccc(O)cc1,7,25,https://doi.org/10.1021/acs.est.4c11950,"sulfide, disulfide",Sulfur-containing organics,"InChI=1S/C6H6O4S/c7-5-1-3-6(4-2-5)11(8,9)10/h1-4,7H,(H,8,9,10)",FEPBITJSIHRMRT-UHFFFAOYSA-N
1262,4-hydroxybenzenesulfonic acid,9.602059991,2060026-75-5,O=S(=O)(O)c1ccc(O)cc1,,,https://doi.org/10.1021/acs.est.1c05366,"sulfide, disulfide",Sulfur-containing organics,"InChI=1S/C6H6O4S/c7-5-1-3-6(4-2-5)11(8,9)10/h1-4,7H,(H,8,9,10)",FEPBITJSIHRMRT-UHFFFAOYSA-N
1263,4-hydroxybenzoate,9.884795364,134214-78-1,Oc1ccc(cc1)C([O-])=O,,,https://doi.org/10.1021/acs.est.1c05452,alcohol,Oxygenated organics,"InChI=1S/C7H6O3/c8-6-3-1-5(2-4-6)7(9)10/h1-4,8H,(H,9,10)/p-1",FJKROLUGYXJWQN-UHFFFAOYSA-M
1264,4-hydroxybenzoate ion,9.9,456-23-5,O=C([O-])c1ccc(O)cc1,9,25,NIST,benzene,Aromatic & PAHs,"InChI=1S/C7H6O3/c8-6-3-1-5(2-4-6)7(9)10/h1-4,8H,(H,9,10)/p-1",FJKROLUGYXJWQN-UHFFFAOYSA-M
1265,4-hydroxybenzoate ion,9.87,456-23-5,O=C([O-])c1ccc(O)cc1,7,25,NIST,benzene,Aromatic & PAHs,"InChI=1S/C7H6O3/c8-6-3-1-5(2-4-6)7(9)10/h1-4,8H,(H,9,10)/p-1",FJKROLUGYXJWQN-UHFFFAOYSA-M
1266,4-hydroxybenzothiazole,9.76,1261846-29-0,Oc1cccc2scnc12,7,25,NIST,"sulfide, disulfide",Sulfur-containing organics,"InChI=1S/C7H5NOS/c9-5-2-1-3-6-7(5)8-4-10-6/h1-4,9H",NZFKDDMHHUEVPI-UHFFFAOYSA-N
1267,4-hydroxycinnamate ion,9.91,77848-85-2,O=C([O-])C=Cc1ccc(O)cc1,6,25,NIST,benzene,Aromatic & PAHs,"InChI=1S/C9H8O3/c10-8-4-1-7(2-5-8)3-6-9(11)12/h1-6,10H,(H,11,12)/p-1",NGSWKAQJJWESNS-UHFFFAOYSA-M
1268,4-iodobenzoate ion,9.4,5377-71-9,O=C([O-])c1ccc(I)cc1,9,25,NIST,benzene,Aromatic & PAHs,"InChI=1S/C7H5IO2/c8-6-3-1-5(2-4-6)7(9)10/h1-4H,(H,9,10)/p-1",GHICCUXQJBDNRN-UHFFFAOYSA-M
1269,4-methoxybenzoate ion,9.86,14609-76-8,COc1ccc(C(=O)[O-])cc1,7,25,NIST,alcohol,Oxygenated organics,"InChI=1S/C8H8O3/c1-11-7-4-2-6(3-5-7)8(9)10/h2-5H,1H3,(H,9,10)/p-1",ZEYHEAKUIGZSGI-UHFFFAOYSA-M
1270,4-methoxyphenol,10.41,126840-02-6,COC1=CC=C(C=C1)O,7,25,https://doi.org/10.1021/acs.est.4c11950,alcohol,Oxygenated organics,"InChI=1S/C7H8O2/c1-9-7-4-2-6(8)3-5-7/h2-5,8H,1H3",NWVVVBRKAWDGAB-UHFFFAOYSA-N
1271,4-methoxyphenol,10.41497335,150-76-5,COC1=CC=C(C=C1)O,,,https://doi.org/10.1021/acsestengg.5c00416,alcohol,Oxygenated organics,"InChI=1S/C7H8O2/c1-9-7-4-2-6(8)3-5-7/h2-5,8H,1H3",NWVVVBRKAWDGAB-UHFFFAOYSA-N
1272,4-methyl phenol,10.08,160590-46-5,Cc1ccc(O)cc1,5.5,25,https://doi.org/10.1021/acs.est.4c11950,benzene,Aromatic & PAHs,"InChI=1S/C7H8O/c1-6-2-4-7(8)5-3-6/h2-5,8H,1H3",IWDCLRJOBJJRNH-UHFFFAOYSA-N
1273,"4-methyl-3,5-dinitroaniline",9.278753601,618-87-1,Cc1c(cc(N)cc1[N+]([O-])=O)[N+]([O-])=O,,,https://doi.org/10.1021/acs.est.1c04584,cyclo,Aromatic & PAHs,"InChI=1S/C7H7N3O4/c1-4-6(9(11)12)2-5(8)3-7(4)10(13)14/h2-3H,8H2,1H3",KQRJATLINVYHEZ-UHFFFAOYSA-N
1274,4-methylbenzenesulfonic acid,8.91,2243710-70-3,Cc1ccc(S(=O)(=O)O)cc1,7,25,https://doi.org/10.1021/acs.est.4c11950,cyclo,Aromatic & PAHs,"InChI=1S/C7H8O3S/c1-6-2-4-7(5-3-6)11(8,9)10/h2-5H,1H3,(H,8,9,10)",JOXIMZWYDAKGHI-UHFFFAOYSA-N
1275,4-methylbenzenesulfonic acid,8.913813852,2243710-70-3,Cc1ccc(S(=O)(=O)O)cc1,,,https://doi.org/10.1021/acs.est.1c04939,cyclo,Aromatic & PAHs,"InChI=1S/C7H8O3S/c1-6-2-4-7(5-3-6)11(8,9)10/h2-5H,1H3,(H,8,9,10)",JOXIMZWYDAKGHI-UHFFFAOYSA-N
1276,4-methylbenzoate ion,9.9,14609-76-8,Cc1ccc(C(=O)[O-])cc1,9,25,NIST,cyclo,Aromatic & PAHs,"InChI=1S/C8H8O2/c1-6-2-4-7(5-3-6)8(9)10/h2-5H,1H3,(H,9,10)/p-1",LPNBBFKOUUSUDB-UHFFFAOYSA-M
1277,4-methylpyridine-N-oxide,9.45,103922-05-0,Cc1cc[n+]([O-])cc1,7,25,https://doi.org/10.1021/acs.est.4c11950,cyclo,Aromatic & PAHs,"InChI=1S/C6H7NO/c1-6-2-4-7(8)5-3-6/h2-5H,1H3",IWYYIZOHWPCALJ-UHFFFAOYSA-N
1278,4-nitro-2-thiophenecarboxylate ion,9.57,219919-57-0,O=C([O-])c1cc([N+](=O)[O-])cs1,7,25,NIST,"sulfide, disulfide",Sulfur-containing organics,"InChI=1S/C5H3NO4S/c7-5(8)4-1-3(2-11-4)6(9)10/h1-2H,(H,7,8)/p-1",SZHKHACZQDMGGI-UHFFFAOYSA-M
1279,4-nitroacetophenone,9.51851394,16884-10-9,CC(=O)c1ccc([N+](=O)[O-])cc1,,,https://doi.org/10.1021/acs.est.1c05005,cyclo,Aromatic & PAHs,"InChI=1S/C8H7NO3/c1-6(10)7-2-4-8(5-3-7)9(11)12/h2-5H,1H3",YQYGPGKTNQNXMH-UHFFFAOYSA-N
1280,4-nitroacetophenone,9.51851394,100-19-6,CC(=O)C1=CC=C(C=C1)[N+](=O)[O-],,,https://doi.org/10.1021/acsestengg.5c00429,alkane,Aliphatic hydrocarbons,"InChI=1S/C8H7NO3/c1-6(10)7-2-4-8(5-3-7)9(11)12/h2-5H,1H3",YQYGPGKTNQNXMH-UHFFFAOYSA-N
1281,4-nitroacetophenone,9.52,16884-10-9,CC(=O)C1=CC=C(C=C1)[N+](=O)[O-],6.5,25,https://doi.org/10.1021/acs.est.4c11950,alkane,Aliphatic hydrocarbons,"InChI=1S/C8H7NO3/c1-6(10)7-2-4-8(5-3-7)9(11)12/h2-5H,1H3",YQYGPGKTNQNXMH-UHFFFAOYSA-N
1282,4-nitroacetophenone,9.45,16884-10-9,CC(=O)C1=CC=C(C=C1)[N+](=O)[O-],6.6,25,NIST,alkane,Aliphatic hydrocarbons,"InChI=1S/C8H7NO3/c1-6(10)7-2-4-8(5-3-7)9(11)12/h2-5H,1H3",YQYGPGKTNQNXMH-UHFFFAOYSA-N
1283,4-nitrobenzoate ion,9.41,14609-76-8,O=C([O-])c1ccc([N+](=O)[O-])cc1,7,25,NIST,cyclo,Aromatic & PAHs,"InChI=1S/C7H5NO4/c9-7(10)5-1-3-6(4-2-5)8(11)12/h1-4H,(H,9,10)/p-1",OTLNPYWUJOZPPA-UHFFFAOYSA-M
1284,4-nitrophenol,9.579783597,93951-79-2,O=[N+]([O-])c1ccc(O)cc1,,,https://doi.org/10.1021/acs.est.1c04710,benzene,Aromatic & PAHs,"InChI=1S/C6H5NO3/c8-6-3-1-5(2-4-6)7(9)10/h1-4,8H",BTJIUGUIPKRLHP-UHFFFAOYSA-N
1285,4-nitrophenol,9.58,93951-79-2,Oc1ccc(cc1)[N+]([O-])=O,7,25,https://doi.org/10.1021/acs.est.4c11950,alcohol,Oxygenated organics,"InChI=1S/C6H5NO3/c8-6-3-1-5(2-4-6)7(9)10/h1-4,8H",BTJIUGUIPKRLHP-UHFFFAOYSA-N
1286,4-nitrophenol,9.579783597,100-02-7,C1=CC(=CC=C1[N+](=O)[O-])O,,,https://doi.org/10.1021/acsestengg.5c00417,halogenated,Halogenated organics,"InChI=1S/C6H5NO3/c8-6-3-1-5(2-4-6)7(9)10/h1-4,8H",BTJIUGUIPKRLHP-UHFFFAOYSA-N
1287,4-nitrophenoxide ion,9.88,14609-74-6,O=[N+]([O-])c1ccc([O-])cc1,9,25,NIST,benzene,Aromatic & PAHs,"InChI=1S/C6H5NO3/c8-6-3-1-5(2-4-6)7(9)10/h1-4,8H/p-1",BTJIUGUIPKRLHP-UHFFFAOYSA-M
1288,4-nitrotoluene,9.93,1276197-16-0,Cc1ccc([N+](=O)[O-])cc1,7,25,https://doi.org/10.1021/acs.est.4c11950,cyclo,Aromatic & PAHs,"InChI=1S/C7H7NO2/c1-6-2-4-7(5-3-6)8(9)10/h2-5H,1H3",ZPTVNYMJQHSSEA-UHFFFAOYSA-N
1289,4-phenoxybenzoate ion,9.85,1346567-64-3,O=C([O-])c1ccc(Oc2ccccc2)cc1,7,25,NIST,benzene,Aromatic & PAHs,"InChI=1S/C13H10O3/c14-13(15)10-6-8-12(9-7-10)16-11-4-2-1-3-5-11/h1-9H,(H,14,15)/p-1",RYAQFHLUEMJOMF-UHFFFAOYSA-M
1290,4-pyridin-4-ylpyridine,9.72427587,102877-76-9,c1cc(ccn1)c2ccncc2,,,https://doi.org/10.1021/acs.est.1c05307,cyclo,Aromatic & PAHs,InChI=1S/C10H8N2/c1-5-11-6-2-9(1)10-3-7-12-8-4-10/h1-8H,MWVTWFVJZLCBMC-UHFFFAOYSA-N
1291,4-pyridine amine,9.7,1259524-93-0,Nc1ccncc1,9,25,https://doi.org/10.1021/acs.est.4c11950,cyclo,Aromatic & PAHs,"InChI=1S/C5H6N2/c6-5-1-3-7-4-2-5/h1-4H,(H2,6,7)",NUKYPUAOHBNCPY-UHFFFAOYSA-N
1292,4-pyridinecarboxamide,9.204119983,1453-82-3,C1=CN=CC=C1C(=O)N,,,https://doi.org/10.1021/acsestengg.5c00490,cyclo,Aromatic & PAHs,"InChI=1S/C6H6N2O/c7-6(9)5-1-3-8-4-2-5/h1-4H,(H2,7,9)",VFQXVTODMYMSMJ-UHFFFAOYSA-N
1293,4-pyridinecarboxamide,7.9,118966-06-6,NC(=O)c1ccncc1,1,25,NIST,cyclo,Aromatic & PAHs,"InChI=1S/C6H6N2O/c7-6(9)5-1-3-8-4-2-5/h1-4H,(H2,7,9)",VFQXVTODMYMSMJ-UHFFFAOYSA-N
1294,4-pyridinecarboxamide,9.2,118966-06-6,NC(=O)c1ccncc1,5.9,25,NIST,cyclo,Aromatic & PAHs,"InChI=1S/C6H6N2O/c7-6(9)5-1-3-8-4-2-5/h1-4H,(H2,7,9)",VFQXVTODMYMSMJ-UHFFFAOYSA-N
1295,4-pyridinecarboxylate ion N-oxide,9.3,12590-99-7,O=C([O-])c1cc[n+]([O-])cc1,7,25,NIST,cyclo,Aromatic & PAHs,"InChI=1S/C6H5NO3/c8-6(9)5-1-3-7(10)4-2-5/h1-4H,(H,8,9)/p-1",QCWTWMJMLSKQCJ-UHFFFAOYSA-M
1296,4-pyridinecarboxylic acid,7.78,37832-54-5,OC(=O)c1ccncc1,1,25,https://doi.org/10.1021/acs.est.4c11950,alcohol,Oxygenated organics,"InChI=1S/C6H5NO2/c8-6(9)5-1-3-7-4-2-5/h1-4H,(H,8,9)",TWBYWOBDOCUKOW-UHFFFAOYSA-N
1297,4-pyridinol,10.04,317840-74-7,Oc1ccncc1,6.8,25,https://doi.org/10.1021/acs.est.4c11950,alcohol,Oxygenated organics,"InChI=1S/C5H5NO/c7-5-1-3-6-4-2-5/h1-4H,(H,6,7)",GCNTZFIIOFTKIY-UHFFFAOYSA-N
1298,4-pyridinol,10.04139269,317840-74-7,Oc1ccncc1,,,https://doi.org/10.1021/acs.est.1c05492,alcohol,Oxygenated organics,"InChI=1S/C5H5NO/c7-5-1-3-6-4-2-5/h1-4H,(H,6,7)",GCNTZFIIOFTKIY-UHFFFAOYSA-N
1299,4-pyridinol,8.68,317840-74-7,Oc1ccncc1,1,25,NIST,alcohol,Oxygenated organics,"InChI=1S/C5H5NO/c7-5-1-3-6-4-2-5/h1-4H,(H,6,7)",GCNTZFIIOFTKIY-UHFFFAOYSA-N
1300,4-pyridinol,10.04139269,626-64-2,C1=CNC=CC1=O,,,https://doi.org/10.1021/acsestengg.5c00487,cyclo,Aromatic & PAHs,"InChI=1S/C5H5NO/c7-5-1-3-6-4-2-5/h1-4H,(H,6,7)",GCNTZFIIOFTKIY-UHFFFAOYSA-N
1301,4-pyridone,9.72,102368-13-8,O=C1CC=NC=C1,6.5,25,https://doi.org/10.1021/acs.est.4c11950,cyclo,Aromatic & PAHs,"InChI=1S/C5H5NO/c7-5-1-3-6-4-2-5/h1,3-4H,2H2",MPOYBFYHRQBZPM-UHFFFAOYSA-N
1302,"4-tert-Butyl-1,2-dihydroxybenzene",9.880813592,334974-04-8,CC(C)(C)c1ccc(O)c(O)c1,,,https://doi.org/10.1021/acs.est.1c05369,benzene,Aromatic & PAHs,"InChI=1S/C10H14O2/c1-10(2,3)7-4-5-8(11)9(12)6-7/h4-6,11-12H,1-3H3",XESZUVZBAMCAEJ-UHFFFAOYSA-N
1303,4-tert-Butylphenol,10.2787536,98-54-4,CC(C)(C)C1=CC=C(C=C1)O,,,https://doi.org/10.1021/acsestengg.5c00538,alkane,Aliphatic hydrocarbons,"InChI=1S/C10H14O/c1-10(2,3)8-4-6-9(11)7-5-8/h4-7,11H,1-3H3",QHPQWRBYOIRBIT-UHFFFAOYSA-N
1304,4-tert-Butylphenol,10.2787536,51390-14-8,CC(C)(C)c1ccc(O)cc1,,,https://doi.org/10.1021/acs.est.1c04963,benzene,Aromatic & PAHs,"InChI=1S/C10H14O/c1-10(2,3)8-4-6-9(11)7-5-8/h4-7,11H,1-3H3",QHPQWRBYOIRBIT-UHFFFAOYSA-N
1305,4-tert-butylphenol,10.28,51390-14-8,CC(C)(C)c1ccc(O)cc1,9,25,NIST,benzene,Aromatic & PAHs,"InChI=1S/C10H14O/c1-10(2,3)8-4-6-9(11)7-5-8/h4-7,11H,1-3H3",QHPQWRBYOIRBIT-UHFFFAOYSA-N
1306,4-tolunitrile,10.07918125,104-85-8,CC1=CC=C(C=C1)C#N,,,https://doi.org/10.1021/acsestengg.5c00418,alkane,Aliphatic hydrocarbons,"InChI=1S/C8H7N/c1-7-2-4-8(6-9)5-3-7/h2-5H,1H3",VCZNNAKNUVJVGX-UHFFFAOYSA-N
1307,4-tolunitrile,10.08,1138681-69-2,Cc1ccc(cc1)C#N,7,25,https://doi.org/10.1021/acs.est.4c11950,alkane,Aliphatic hydrocarbons,"InChI=1S/C8H7N/c1-7-2-4-8(6-9)5-3-7/h2-5H,1H3",VCZNNAKNUVJVGX-UHFFFAOYSA-N
1308,"5,10,15,20-tetrakis(4-sulfonatophenyl)-porphine zinc(II)",10.18,56047-87-1,O=S(=O)([O-])c1ccc(-c2c3nc(c(-c4ccc(S(=O)(=O)[O-])cc4)c4ccc([n-]4)c(-c4ccc(S(=O)(=O)[O-])cc4)c4nc(c(-c5ccc(S(=O)(=O)[O-])cc5)c5ccc2[n-]5)C=C4)C=C3)cc1.[Zn+2],9.2,25,NIST,diol,Polyfunctional / highly functionalized,"InChI=1S/C44H28N4O12S4.Zn/c49-61(50,51)29-9-1-25(2-10-29)41-33-17-19-35(45-33)42(26-3-11-30(12-4-26)62(52,53)54)37-21-23-39(47-37)44(28-7-15-32(16-8-28)64(58,59)60)40-24-22-38(48-40)43(36-20-18-34(41)46-36)27-5-13-31(14-6-27)63(55,56)57;/h1-24H,(H,49,50,51)(H,52,53,54)(H,55,56,57)(H,58,59,60);/q-2;+2/p-4",UNJMTFRCJLYPCK-UHFFFAOYSA-J
1309,"5,10,15,20-tetrakis(4-sulfonatophenyl)-porphine zinc(II)",10,56047-87-1,O=S(=O)([O-])c1ccc(-c2c3nc(c(-c4ccc(S(=O)(=O)[O-])cc4)c4ccc([n-]4)c(-c4ccc(S(=O)(=O)[O-])cc4)c4nc(c(-c5ccc(S(=O)(=O)[O-])cc5)c5ccc2[n-]5)C=C4)C=C3)cc1.[Zn+2],7,25,NIST,diol,Polyfunctional / highly functionalized,"InChI=1S/C44H28N4O12S4.Zn/c49-61(50,51)29-9-1-25(2-10-29)41-33-17-19-35(45-33)42(26-3-11-30(12-4-26)62(52,53)54)37-21-23-39(47-37)44(28-7-15-32(16-8-28)64(58,59)60)40-24-22-38(48-40)43(36-20-18-34(41)46-36)27-5-13-31(14-6-27)63(55,56)57;/h1-24H,(H,49,50,51)(H,52,53,54)(H,55,56,57)(H,58,59,60);/q-2;+2/p-4",UNJMTFRCJLYPCK-UHFFFAOYSA-J
1310,"5,10,15,20-tetrakis(4-sulfonatophenyl)porphinatozincate(II) ion",10,67595-97-5,O=S(=O)([O-])c1ccc(-c2c3nc(c(-c4ccc(S(=O)(=O)[O-])cc4)c4ccc([nH]4)c(-c4ccc(S(=O)(=O)[O-])cc4)c4nc(c(-c5ccc(S(=O)(=O)[O-])cc5)c5ccc2[nH]5)C=C4)C=C3)cc1.[Zn+2],7,25,NIST,diol,Polyfunctional / highly functionalized,"InChI=1S/C44H30N4O12S4.Zn/c49-61(50,51)29-9-1-25(2-10-29)41-33-17-19-35(45-33)42(26-3-11-30(12-4-26)62(52,53)54)37-21-23-39(47-37)44(28-7-15-32(16-8-28)64(58,59)60)40-24-22-38(48-40)43(36-20-18-34(41)46-36)27-5-13-31(14-6-27)63(55,56)57;/h1-24,45,48H,(H,49,50,51)(H,52,53,54)(H,55,56,57)(H,58,59,60);/q;+2/p-4",PRJPMMFDBCYMPW-UHFFFAOYSA-J
1311,"5,6-Dihydrouracil",9.079181246,334473-41-5,O=C1CCNC(=O)N1,,,https://doi.org/10.1021/acs.est.1c05101,halogenated,Halogenated organics,"InChI=1S/C4H6N2O2/c7-3-1-2-5-4(8)6-3/h1-2H2,(H2,5,6,7,8)",OIVLITBTBDPEFK-UHFFFAOYSA-N
1312,"5,6-dihydrothymine",9,98140-01-3,CC1CNC(=O)NC1=O,7,25,NIST,cyclo,Aromatic & PAHs,"InChI=1S/C5H8N2O2/c1-3-2-6-5(9)7-4(3)8/h3H,2H2,1H3,(H2,6,7,8,9)",NBAKTGXDIBVZOO-UHFFFAOYSA-N
1313,"5,6-dihydrouracil",9.08,334473-41-5,O=C1CCNC(=O)N1,7,25,NIST,halogenated,Halogenated organics,"InChI=1S/C4H6N2O2/c7-3-1-2-5-4(8)6-3/h1-2H2,(H2,5,6,7,8)",OIVLITBTBDPEFK-UHFFFAOYSA-N
1314,"5,7,7,12,12,14-hexamethyl-1,4,8,11-tetraazacyclotetradeca-4,14-diene-Cobalt(II)",9.47,81001-74-3,CC1=NCCN=C(C)CC(C)(C)NCCNC(C)(C)C1.[Co+2],7,25,NIST,cyclo,Aromatic & PAHs,"InChI=1S/C16H32N4.Co/c1-13-11-15(3,4)19-9-10-20-16(5,6)12-14(2)18-8-7-17-13;/h19-20H,7-12H2,1-6H3;/q;+2",GPGLLJVMHDWEKW-UHFFFAOYSA-N
1315,"5,7,7,12,14,14-hexamethyl-1,4,8,11-tetraazacyclotetradeca-4,11-diene",9.6,56013-65-1,CC1=NCCNC(C)(C)CC(C)=NCCNC(C)(C)C1,7,25,NIST,cyclo,Aromatic & PAHs,"InChI=1S/C16H32N4/c1-13-11-15(3,4)19-10-8-18-14(2)12-16(5,6)20-9-7-17-13/h19-20H,7-12H2,1-6H3",GCDVVDACUSFVPY-UHFFFAOYSA-N
1316,"5,7-Dihydroxy-4-methylcoumarin",9.69019608,2107-76-8,Cc1cc(=O)oc2cc(O)cc(O)c12,,,https://doi.org/10.1021/acs.est.1c05680,alcohol,Oxygenated organics,"InChI=1S/C10H8O4/c1-5-2-9(13)14-8-4-6(11)3-7(12)10(5)8/h2-4,11-12H,1H3",QNVWGEJMXOQQPM-UHFFFAOYSA-N
1317,"5,7-Dihydroxytrimethoxyflavone",9.079181246,1075701-69-7,COc1c(O)c(OC)c2oc(-c3ccccc3)c(OC)c(=O)c2c1O,,,https://doi.org/10.1021/acs.est.1c04744,diol,Polyfunctional / highly functionalized,"InChI=1S/C18H16O7/c1-22-16-11(19)10-12(20)17(23-2)14(9-7-5-4-6-8-9)25-15(10)18(24-3)13(16)21/h4-8,19,21H,1-3H3",IAAZHANNYDYGRX-UHFFFAOYSA-N
1318,"5,7-dihydroxy-4-methylcoumarin",9.69,2107-76-8,Cc1cc(=O)oc2cc(O)cc(O)c12,7.4,25,NIST,alcohol,Oxygenated organics,"InChI=1S/C10H8O4/c1-5-2-9(13)14-8-4-6(11)3-7(12)10(5)8/h2-4,11-12H,1H3",QNVWGEJMXOQQPM-UHFFFAOYSA-N
1319,"5,7-dihydroxytrimethoxyflavone",9.08,1075701-69-7,COc1c(O)c(OC)c2oc(-c3ccccc3)c(OC)c(=O)c2c1O,7,25,https://doi.org/10.1021/acs.est.4c11950,diol,Polyfunctional / highly functionalized,"InChI=1S/C18H16O7/c1-22-16-11(19)10-12(20)17(23-2)14(9-7-5-4-6-8-9)25-15(10)18(24-3)13(16)21/h4-8,19,21H,1-3H3",IAAZHANNYDYGRX-UHFFFAOYSA-N
1320,"5,8-Dihydroxy-1,4-naphthoquinone",9.531478917,15012-53-0,O=C1C=CC(=O)c2c(O)ccc(O)c21,,,https://doi.org/10.1021/acs.est.1c04805,benzene,Aromatic & PAHs,"InChI=1S/C10H6O4/c11-5-1-2-6(12)10-8(14)4-3-7(13)9(5)10/h1-4,11-12H",RQNVIKXOOKXAJQ-UHFFFAOYSA-N
1321,"5,8-dihydroxy-1,4-naphthoquinone",9.53,15012-53-0,O=C1C=CC(=O)c2c(O)ccc(O)c21,5.3,25,NIST,benzene,Aromatic & PAHs,"InChI=1S/C10H6O4/c11-5-1-2-6(12)10-8(14)4-3-7(13)9(5)10/h1-4,11-12H",RQNVIKXOOKXAJQ-UHFFFAOYSA-N
1322,"5,8-dihydroxy-1,4-naphthoquinone",9.83,15012-53-0,O=C1C=CC(=O)c2c(O)ccc(O)c21,9.2,25,NIST,benzene,Aromatic & PAHs,"InChI=1S/C10H6O4/c11-5-1-2-6(12)10-8(14)4-3-7(13)9(5)10/h1-4,11-12H",RQNVIKXOOKXAJQ-UHFFFAOYSA-N
1323,"5-(2,5-Dimethylphenoxy)-2,2-dimethylpentanoic acid",9.850033258,80373-12-2,Cc1ccc(C)c(OCCCC(C)(C)C(O)=O)c1,,,https://doi.org/10.1021/acs.est.1c04691,cyclo,Aromatic & PAHs,"InChI=1S/C15H22O3/c1-11-6-7-12(2)13(10-11)18-9-5-8-15(3,4)14(16)17/h6-7,10H,5,8-9H2,1-4H3,(H,16,17)",HEMJJKBWTPKOJG-UHFFFAOYSA-N
1324,"5-(2-chloroacetamido)-2,3-dihydro-1,4-phthalazinedione",10,1340493-41-5,O=C(CCl)Nc1cccc2c(=O)[nH][nH]c(=O)c12,11,25,NIST,cyclo,Aromatic & PAHs,"InChI=1S/C10H8ClN3O3/c11-4-7(15)12-6-3-1-2-5-8(6)10(17)14-13-9(5)16/h1-3H,4H2,(H,12,15)(H,13,16)(H,14,17)",UKGKUKOFLTTYQT-UHFFFAOYSA-N
1325,"5-(acetyl-(2,3-dihydroxypropyl)amino)-N,N'-bis(2,3-dihydroxypropyl)-2,4,6-triiodobenzene-1,3-dicarboxamide",9.51054501,74411-74-8,CC(=O)N(CC(O)CO)c1c(I)c(C(=O)NCC(O)CO)c(I)c(C(=O)NCC(O)CO)c1I,,,https://doi.org/10.1021/acs.est.1c05463,diol,Polyfunctional / highly functionalized,"InChI=1S/C19H26I3N3O9/c1-8(29)25(4-11(32)7-28)17-15(21)12(18(33)23-2-9(30)5-26)14(20)13(16(17)22)19(34)24-3-10(31)6-27/h9-11,26-28,30-32H,2-7H2,1H3,(H,23,33)(H,24,34)",NTHXOOBQLCIOLC-UHFFFAOYSA-N
1326,5-Aminoindole,10.51851394,1352398-14-1,Nc1ccc2[nH]ccc2c1,,,https://doi.org/10.1021/acs.est.1c04484,cyclo,Aromatic & PAHs,"InChI=1S/C8H8N2/c9-7-1-2-8-6(5-7)3-4-10-8/h1-5,10H,9H2",ZCBIFHNDZBSCEP-UHFFFAOYSA-N
1327,5-Azacytidine,9.431363764,2470972-18-8,Nc1ncn([C@@H]2O[C@H](CO)[C@@H](O)[C@H]2O)c(=O)n1,,,https://doi.org/10.1021/acs.est.1c04732,halogenated,Halogenated organics,"InChI=1S/C8H12N4O5/c9-7-10-2-12(8(16)11-7)6-5(15)4(14)3(1-13)17-6/h2-6,13-15H,1H2,(H2,9,11,16)/t3-,4-,5-,6-/m1/s1",NMUSYJAQQFHJEW-KVTDHHQDSA-N
1328,5-Azacytosine,9.322219295,2306050-23-5,Nc1nc[nH]c(=O)n1,,,https://doi.org/10.1021/acs.est.1c04369,halogenated,Halogenated organics,"InChI=1S/C3H4N4O/c4-2-5-1-6-3(8)7-2/h1H,(H3,4,5,6,7,8)",MFEFTTYGMZOIKO-UHFFFAOYSA-N
1329,5-Azauracil脗,9.84509804,188257-42-3,O=c1nc[nH]c(=O)[nH]1,,,https://doi.org/10.1021/acs.est.1c04778,halogenated,Halogenated organics,"InChI=1S/C3H3N3O2/c7-2-4-1-5-3(8)6-2/h1H,(H2,4,5,6,7,8)",GEWRKGDRYZIFNP-UHFFFAOYSA-N
1330,5-Bromoindole,10.20411998,171513-35-2,Brc1ccc2[nH]ccc2c1,,,https://doi.org/10.1021/acs.est.1c05064,cyclo,Aromatic & PAHs,"InChI=1S/C8H6BrN/c9-7-1-2-8-6(5-7)3-4-10-8/h1-5,10H",VXWVFZFZYXOBTA-UHFFFAOYSA-N
1331,5-Bromouracil,9.716003344,78097-11-7,O=c1[nH]cc(Br)c(=O)[nH]1,,,https://doi.org/10.1021/acs.est.1c04456,halogenated,Halogenated organics,"InChI=1S/C4H3BrN2O2/c5-2-1-6-4(9)7-3(2)8/h1H,(H2,6,7,8,9)",LQLQRFGHAALLLE-UHFFFAOYSA-N
1332,"5-CHLORO-2-(2,4-DICHLOROPHENOXY)PHENOL",9.780317312,88032-08-0,Oc1cc(Cl)ccc1Oc2ccc(Cl)cc2Cl,,,https://doi.org/10.1021/acs.est.1c05553,diol,Polyfunctional / highly functionalized,"InChI=1S/C12H7Cl3O2/c13-7-1-3-11(9(15)5-7)17-12-4-2-8(14)6-10(12)16/h1-6,16H",XEFQLINVKFYRCS-UHFFFAOYSA-N
1333,5-Chloroindole,10.30103,74339-46-1,Clc1ccc2[nH]ccc2c1,,,https://doi.org/10.1021/acs.est.1c04910,cyclo,Aromatic & PAHs,"InChI=1S/C8H6ClN/c9-7-1-2-8-6(5-7)3-4-10-8/h1-5,10H",MYTGFBZJLDLWQG-UHFFFAOYSA-N
1334,5-Chlorouracil,9.740362689,1185171-08-7,O=c1[nH]cc(Cl)c(=O)[nH]1,,,https://doi.org/10.1021/acs.est.1c05602,halogenated,Halogenated organics,"InChI=1S/C4H3ClN2O2/c5-2-1-6-4(9)7-3(2)8/h1H,(H2,6,7,8,9)",ZFTBZKVVGZNMJR-UHFFFAOYSA-N
1335,5-Cyanoindole,10.04139269,473918-44-4,N#Cc1ccc2[nH]ccc2c1,,,https://doi.org/10.1021/acs.est.1c04342,cyclo,Aromatic & PAHs,"InChI=1S/C9H6N2/c10-6-7-1-2-9-8(5-7)3-4-11-9/h1-5,11H",YHYLDEVWYOFIJK-UHFFFAOYSA-N
1336,5-Fluorouracil,9.716003344,1189423-58-2,O=c1[nH]cc(F)c(=O)[nH]1,,,https://doi.org/10.1021/acs.est.1c05503,halogenated,Halogenated organics,"InChI=1S/C4H3FN2O2/c5-2-1-6-4(9)7-3(2)8/h1H,(H2,6,7,8,9)",GHASVSINZRGABV-UHFFFAOYSA-N
1337,5-Hydroxyindole,10.23044892,916979-23-2,Oc1ccc2[nH]ccc2c1,,,https://doi.org/10.1021/acs.est.1c04618,alcohol,Oxygenated organics,"InChI=1S/C8H7NO/c10-7-1-2-8-6(5-7)3-4-9-8/h1-5,9-10H",LMIQERWZRIFWNZ-UHFFFAOYSA-N
1338,5-Methoxyindole,10.17609126,1227572-59-9,COc1ccc2[nH]ccc2c1,,,https://doi.org/10.1021/acs.est.1c04787,alcohol,Oxygenated organics,"InChI=1S/C9H9NO/c1-11-8-2-3-9-7(6-8)4-5-10-9/h2-6,10H,1H3",DWAQDRSOVMLGRQ-UHFFFAOYSA-N
1339,5-Methylcytosine,9.77815125,18492-10-9,Cc1c[nH]c(=O)nc1N,,,https://doi.org/10.1021/acs.est.1c04922,cyclo,Aromatic & PAHs,"InChI=1S/C5H7N3O/c1-3-2-7-5(9)8-4(3)6/h2H,1H3,(H3,6,7,8,9)",LRSASMSXMSNRBT-UHFFFAOYSA-N
1340,5-Methylfuran-2-carbaldehyde,9.857332496,1118786-97-2,Cc1oc(C=O)cc1,,,https://doi.org/10.1021/acs.est.1c04828,alcohol,Oxygenated organics,"InChI=1S/C6H6O2/c1-5-2-3-6(4-7)8-5/h2-4H,1H3",OUDFNZMQXZILJD-UHFFFAOYSA-N
1341,5-Methylindole,10.23044892,2097800-48-9,Cc1ccc2[nH]ccc2c1,,,https://doi.org/10.1021/acs.est.1c05508,cyclo,Aromatic & PAHs,"InChI=1S/C9H9N/c1-7-2-3-9-8(6-7)4-5-10-9/h2-6,10H,1H3",YPKBCLZFIYBSHK-UHFFFAOYSA-N
1342,5-Nitro-2-furaldehyde semicarbazone,10.04139269,5346-35-0,NC(=O)NN=Cc1ccc([N+](=O)[O-])o1,,,https://doi.org/10.1021/acs.est.1c05090,halogenated,Halogenated organics,"InChI=1S/C6H6N4O4/c7-6(11)9-8-3-4-1-2-5(14-4)10(12)13/h1-3H,(H3,7,9,11)",IAIWVQXQOWNYOU-UHFFFAOYSA-N
1343,5-Nitro-6-methyluracil,9.72427587,60484-35-7,Cc1[nH]c(=O)[nH]c(=O)c1[N+](=O)[O-],,,https://doi.org/10.1021/acs.est.1c04895,cyclo,Aromatic & PAHs,"InChI=1S/C5H5N3O4/c1-2-3(8(11)12)4(9)7-5(10)6-2/h1H3,(H2,6,7,9,10)",LIVYMRJSNFHYEN-UHFFFAOYSA-N
1344,5-Nitrofuran-2-carboxylic acid,9.72427587,2229006-37-3,OC(=O)c1oc(cc1)[N+]([O-])=O,,,https://doi.org/10.1021/acs.est.1c05542,diol,Polyfunctional / highly functionalized,"InChI=1S/C5H3NO5/c7-5(8)3-1-2-4(11-3)6(9)10/h1-2H,(H,7,8)",IODMEDPPCXSFLD-UHFFFAOYSA-N
1345,5-Nitroindole,10,191421-10-0,O=[N+]([O-])c1ccc2[nH]ccc2c1,,,https://doi.org/10.1021/acs.est.1c05407,cyclo,Aromatic & PAHs,"InChI=1S/C8H6N2O2/c11-10(12)7-1-2-8-6(5-7)3-4-9-8/h1-5,9H",OZFPSOBLQZPIAV-UHFFFAOYSA-N
1346,5-Nitrouracil,9.73239376,221343-92-6,O=c1[nH]cc([N+](=O)[O-])c(=O)[nH]1,,,https://doi.org/10.1021/acs.est.1c04582,halogenated,Halogenated organics,"InChI=1S/C4H3N3O4/c8-3-2(7(10)11)1-5-4(9)6-3/h1H,(H2,5,6,8,9)",TUARVSWVPPVUGS-UHFFFAOYSA-N
1347,5-Phenylfurfural,9.770852012,63191-69-5,O=Cc1ccc(-c2ccccc2)o1,,,https://doi.org/10.1021/acs.est.1c05264,halogenated,Halogenated organics,InChI=1S/C11H8O2/c12-8-10-6-7-11(13-10)9-4-2-1-3-5-9/h1-8H,BMJHNNPEPBZULA-UHFFFAOYSA-N
1348,"5-[(3,4,5-trimethoxyphenyl)methyl]pyrimidine-2,4-diamine",9.920123326,92520-42-8,COc1cc(Cc2cnc(N)nc2N)cc(OC)c1OC,,,https://doi.org/10.1021/acs.est.1c05231,diol,Polyfunctional / highly functionalized,"InChI=1S/C14H18N4O3/c1-19-10-5-8(6-11(20-2)12(10)21-3)4-9-7-17-14(16)18-13(9)15/h5-7H,4H2,1-3H3,(H4,15,16,17,18)",IEDVJHCEMCRBQM-UHFFFAOYSA-N
1349,"5-amino-6-hydroxy-2-mercapto-4-(2,5-dimethylpyrrol-1-yl)pyrimidine",9.84,956384-69-3,Cc1ccc(C)n1-c1nc(S)nc(O)c1N,7,25,NIST,cyclo,Aromatic & PAHs,"InChI=1S/C10H12N4OS/c1-5-3-4-6(2)14(5)8-7(11)9(15)13-10(16)12-8/h3-4H,11H2,1-2H3,(H2,12,13,15,16)",VCQDKUIFKUCMDS-UHFFFAOYSA-N
1350,5-aminoindole,10.52,1352398-14-1,Nc1ccc2[nH]ccc2c1,9,25,https://doi.org/10.1021/acs.est.4c11950,cyclo,Aromatic & PAHs,"InChI=1S/C8H8N2/c9-7-1-2-8-6(5-7)3-4-10-8/h1-5,10H,9H2",ZCBIFHNDZBSCEP-UHFFFAOYSA-N
1351,5-azacytidine,9.43,2470972-18-8,Nc1ncn([C@@H]2O[C@H](CO)[C@@H](O)[C@H]2O)c(=O)n1,8,25,NIST,halogenated,Halogenated organics,"InChI=1S/C8H12N4O5/c9-7-10-2-12(8(16)11-7)6-5(15)4(14)3(1-13)17-6/h2-6,13-15H,1H2,(H2,9,11,16)/t3-,4-,5-,6-/m1/s1",NMUSYJAQQFHJEW-KVTDHHQDSA-N
1352,5-azacytosine,9.32,2306050-23-5,NC1=NC(=O)NC=N1,8,25,https://doi.org/10.1021/acs.est.4c11950,halogenated,Halogenated organics,"InChI=1S/C3H4N4O/c4-2-5-1-6-3(8)7-2/h1H,(H3,4,5,6,7,8)",MFEFTTYGMZOIKO-UHFFFAOYSA-N
1353,5-azauracil,9.85,13455-42-0,O=C1NC=NC(=O)N1,8,25,https://doi.org/10.1021/acs.est.4c11950,halogenated,Halogenated organics,"InChI=1S/C3H3N3O2/c7-2-4-1-5-3(8)6-2/h1H,(H2,4,5,6,7,8)",GEWRKGDRYZIFNP-UHFFFAOYSA-N
1354,5-bromofuran-2-carbaldehyde,9.591064607,164513-46-6,Brc1oc(C=O)cc1,,,https://doi.org/10.1021/acs.est.1c04344,alcohol,Oxygenated organics,InChI=1S/C5H3BrO2/c6-5-2-1-4(3-7)8-5/h1-3H,WJTFHWXMITZNHS-UHFFFAOYSA-N
1355,5-bromofurfural,9.59,83953-42-8,Brc1oc(C=O)cc1,9,25,https://doi.org/10.1021/acs.est.4c11950,alcohol,Oxygenated organics,InChI=1S/C5H3BrO2/c6-5-2-1-4(3-7)8-5/h1-3H,WJTFHWXMITZNHS-UHFFFAOYSA-N
1356,5-bromofurfural,9.591064607,1899-24-7,C1=C(OC(=C1)Br)C=O,,,https://doi.org/10.1021/acsestengg.5c00519,halogenated,Halogenated organics,InChI=1S/C5H3BrO2/c6-5-2-1-4(3-7)8-5/h1-3H,WJTFHWXMITZNHS-UHFFFAOYSA-N
1357,5-bromofurfural,9.591064607,83953-42-8,O=Cc1ccc(Br)o1,,,https://doi.org/10.1021/acs.est.1c05445,halogenated,Halogenated organics,InChI=1S/C5H3BrO2/c6-5-2-1-4(3-7)8-5/h1-3H,WJTFHWXMITZNHS-UHFFFAOYSA-N
1358,5-bromoindole,10.2,171513-35-2,Brc1ccc2[nH]ccc2c1,9,25,https://doi.org/10.1021/acs.est.4c11950,cyclo,Aromatic & PAHs,"InChI=1S/C8H6BrN/c9-7-1-2-8-6(5-7)3-4-10-8/h1-5,10H",VXWVFZFZYXOBTA-UHFFFAOYSA-N
1359,5-bromouracil,9.76,78097-11-7,O=c1[nH]cc(Br)c(=O)[nH]1,11,25,NIST,halogenated,Halogenated organics,"InChI=1S/C4H3BrN2O2/c5-2-1-6-4(9)7-3(2)8/h1H,(H2,6,7,8,9)",LQLQRFGHAALLLE-UHFFFAOYSA-N
1360,5-bromouracil,9.67,78097-11-7,O=c1[nH]cc(Br)c(=O)[nH]1,7,25,NIST,halogenated,Halogenated organics,"InChI=1S/C4H3BrN2O2/c5-2-1-6-4(9)7-3(2)8/h1H,(H2,6,7,8,9)",LQLQRFGHAALLLE-UHFFFAOYSA-N
1361,5-chloroindole,10.3,74339-46-1,Clc1ccc2[nH]ccc2c1,9,25,https://doi.org/10.1021/acs.est.4c11950,cyclo,Aromatic & PAHs,"InChI=1S/C8H6ClN/c9-7-1-2-8-6(5-7)3-4-10-8/h1-5,10H",MYTGFBZJLDLWQG-UHFFFAOYSA-N
1362,5-chlorouracil,9.74,1185171-08-7,ClC1=CNC(=O)NC1=O,7,25,https://doi.org/10.1021/acs.est.4c11950,cyclo,Aromatic & PAHs,"InChI=1S/C4H3ClN2O2/c5-2-1-6-4(9)7-3(2)8/h1H,(H2,6,7,8,9)",ZFTBZKVVGZNMJR-UHFFFAOYSA-N
1363,5-chlorouracil,9.76,1185171-08-7,ClC1=CNC(=O)NC1=O,11,25,https://doi.org/10.1021/acs.est.4c11950,cyclo,Aromatic & PAHs,"InChI=1S/C4H3ClN2O2/c5-2-1-6-4(9)7-3(2)8/h1H,(H2,6,7,8,9)",ZFTBZKVVGZNMJR-UHFFFAOYSA-N
1364,5-cyanoindole,10.04,473918-44-4,N#Cc1ccc2[nH]ccc2c1,9,25,https://doi.org/10.1021/acs.est.4c11950,cyclo,Aromatic & PAHs,"InChI=1S/C9H6N2/c10-6-7-1-2-9-8(5-7)3-4-11-9/h1-5,11H",YHYLDEVWYOFIJK-UHFFFAOYSA-N
1365,5-fluorouracil,9.78,1189423-58-2,FC1=CNC(=O)NC1=O,11,25,https://doi.org/10.1021/acs.est.4c11950,cyclo,Aromatic & PAHs,"InChI=1S/C4H3FN2O2/c5-2-1-6-4(9)7-3(2)8/h1H,(H2,6,7,8,9)",GHASVSINZRGABV-UHFFFAOYSA-N
1366,5-fluorouracil,9.74,1189423-58-2,FC1=CNC(=O)NC1=O,7,25,https://doi.org/10.1021/acs.est.4c11950,cyclo,Aromatic & PAHs,"InChI=1S/C4H3FN2O2/c5-2-1-6-4(9)7-3(2)8/h1H,(H2,6,7,8,9)",GHASVSINZRGABV-UHFFFAOYSA-N
1367,5-formylfuroate ion,9.58,18472-30-5,O=Cc1ccc(C(=O)[O-])o1,9,25,NIST,diol,Polyfunctional / highly functionalized,"InChI=1S/C6H4O4/c7-3-4-1-2-5(10-4)6(8)9/h1-3H,(H,8,9)/p-1",SHNRXUWGUKDPMA-UHFFFAOYSA-M
1368,5-hydroxyindole,10.22,916979-23-2,Oc1ccc2[nH]ccc2c1,7,25,https://doi.org/10.1021/acs.est.4c11950,alcohol,Oxygenated organics,"InChI=1S/C8H7NO/c10-7-1-2-8-6(5-7)3-4-9-8/h1-5,9-10H",LMIQERWZRIFWNZ-UHFFFAOYSA-N
1369,5-hydroxyindole,10.23,916979-23-2,Oc1ccc2[nH]ccc2c1,9,25,https://doi.org/10.1021/acs.est.4c11950,alcohol,Oxygenated organics,"InChI=1S/C8H7NO/c10-7-1-2-8-6(5-7)3-4-9-8/h1-5,9-10H",LMIQERWZRIFWNZ-UHFFFAOYSA-N
1370,5-hydroxymethylfurfural,9.76,25376-49-2,C1=C(OC(=C1)C=O)CO,9,25,https://doi.org/10.1021/acs.est.4c11950,halogenated,Halogenated organics,"InChI=1S/C6H6O3/c7-3-5-1-2-6(4-8)9-5/h1-3,8H,4H2",NOEGNKMFWQHSLB-UHFFFAOYSA-N
1371,5-hydroxymethylfurfuryl,9.762678564,66473-26-5,O=Cc1ccc(CO)o1,,,https://doi.org/10.1021/acs.est.1c05025,halogenated,Halogenated organics,"InChI=1S/C6H6O3/c7-3-5-1-2-6(4-8)9-5/h1-3,8H,4H2",NOEGNKMFWQHSLB-UHFFFAOYSA-N
1372,5-hydroxymethylfurfuryl,9.763427994,1883-75-6,C1=C(OC(=C1)CO)CO,,,https://doi.org/10.1021/acsestengg.5c00499,halogenated,Halogenated organics,"InChI=1S/C6H8O3/c7-3-5-1-2-6(4-8)9-5/h1-2,7-8H,3-4H2",DSLRVRBSNLHVBH-UHFFFAOYSA-N
1373,5-hydroxytryptamine,10.23,66521-40-2,NCCc1c[nH]c2ccc(O)cc12,7,25,https://doi.org/10.1021/acs.est.4c11950,cyclo,Aromatic & PAHs,"InChI=1S/C10H12N2O/c11-4-3-7-6-12-10-2-1-8(13)5-9(7)10/h1-2,5-6,12-13H,3-4,11H2",QZAYGJVTTNCVMB-UHFFFAOYSA-N
1374,5-methoxyindole,10.18,1227572-59-9,COc1ccc2[nH]ccc2c1,9,25,https://doi.org/10.1021/acs.est.4c11950,alcohol,Oxygenated organics,"InChI=1S/C9H9NO/c1-11-8-2-3-9-7(6-8)4-5-10-9/h2-6,10H,1H3",DWAQDRSOVMLGRQ-UHFFFAOYSA-N
1375,5-methoxyindole,10.14,1227572-59-9,COc1ccc2[nH]ccc2c1,7,25,https://doi.org/10.1021/acs.est.4c11950,alcohol,Oxygenated organics,"InChI=1S/C9H9NO/c1-11-8-2-3-9-7(6-8)4-5-10-9/h2-6,10H,1H3",DWAQDRSOVMLGRQ-UHFFFAOYSA-N
1376,5-methoxytryptamine,10.36,66521-35-5,COc1ccc2[nH]cc(CCN)c2c1,7,25,https://doi.org/10.1021/acs.est.4c11950,alcohol,Oxygenated organics,"InChI=1S/C11H14N2O/c1-14-9-2-3-11-10(6-9)8(4-5-12)7-13-11/h2-3,6-7,13H,4-5,12H2,1H3",JTEJPPKMYBDEMY-UHFFFAOYSA-N
1377,5-methylcytosine,9.78,18492-10-9,CC1=CNC(=O)N=C1N,7,25,https://doi.org/10.1021/acs.est.4c11950,cyclo,Aromatic & PAHs,"InChI=1S/C5H7N3O/c1-3-2-7-5(9)8-4(3)6/h2H,1H3,(H3,6,7,8,9)",LRSASMSXMSNRBT-UHFFFAOYSA-N
1378,5-methylfurfural,9.85672889,620-02-0,Cc1ccc(C=O)o1,,,https://doi.org/10.1021/acs.est.1c04987,alkane,Aliphatic hydrocarbons,"InChI=1S/C6H6O2/c1-5-2-3-6(4-7)8-5/h2-4H,1H3",OUDFNZMQXZILJD-UHFFFAOYSA-N
1379,5-methylfurfural,9.857332496,620-02-0,CC1=CC=C(O1)C=O,,,https://doi.org/10.1021/acsestengg.5c00498,alkane,Aliphatic hydrocarbons,"InChI=1S/C6H6O2/c1-5-2-3-6(4-7)8-5/h2-4H,1H3",OUDFNZMQXZILJD-UHFFFAOYSA-N
1380,5-methylfurfural,9.86,620-02-0,Cc1oc(C=O)cc1,9,25,https://doi.org/10.1021/acs.est.4c11950,alcohol,Oxygenated organics,"InChI=1S/C6H6O2/c1-5-2-3-6(4-7)8-5/h2-4H,1H3",OUDFNZMQXZILJD-UHFFFAOYSA-N
1381,5-methylindole,10.23,2097800-48-9,Cc1ccc2[nH]ccc2c1,9,25,https://doi.org/10.1021/acs.est.4c11950,cyclo,Aromatic & PAHs,"InChI=1S/C9H9N/c1-7-2-3-9-8(6-7)4-5-10-9/h2-6,10H,1H3",YPKBCLZFIYBSHK-UHFFFAOYSA-N
1382,"5-nitro-2,6-dioxo-1,2,3,4-tetrahydropyrimidine-4-carboxylate ion",9.76,143269-82-3,O=C1NC(=O)C([N+](=O)[O-])C(C(=O)[O-])N1,5.9,25,NIST,diol,Polyfunctional / highly functionalized,"InChI=1S/C5H5N3O6/c9-3-2(8(13)14)1(4(10)11)6-5(12)7-3/h1-2H,(H,10,11)(H2,6,7,9,12)/p-1",SEDWUBYNOPCBAL-UHFFFAOYSA-M
1383,5-nitro-2-furaldehyde,9.740362689,698-63-5,C1=C(OC(=C1)[N+](=O)[O-])C=O,,,https://doi.org/10.1021/acsestengg.5c00500,halogenated,Halogenated organics,InChI=1S/C5H3NO4/c7-3-4-1-2-5(10-4)6(8)9/h1-3H,SXINBFXPADXIEY-UHFFFAOYSA-N
1384,5-nitro-2-furaldehyde,9.740362689,24632-60-8,O=Cc1ccc([N+](=O)[O-])o1,,,https://doi.org/10.1021/acs.est.1c04834,diol,Polyfunctional / highly functionalized,InChI=1S/C5H3NO4/c7-3-4-1-2-5(10-4)6(8)9/h1-3H,SXINBFXPADXIEY-UHFFFAOYSA-N
1385,5-nitro-2-furaldehyde,9.74,24632-60-8,O=Cc1ccc([N+](=O)[O-])o1,7,25,NIST,diol,Polyfunctional / highly functionalized,InChI=1S/C5H3NO4/c7-3-4-1-2-5(10-4)6(8)9/h1-3H,SXINBFXPADXIEY-UHFFFAOYSA-N
1386,5-nitro-2-furoate ion,9.72,20001-41-6,O=C([O-])c1ccc([N+](=O)[O-])o1,7,25,NIST,diol,Polyfunctional / highly functionalized,"InChI=1S/C5H3NO5/c7-5(8)3-1-2-4(11-3)6(9)10/h1-2H,(H,7,8)/p-1",IODMEDPPCXSFLD-UHFFFAOYSA-M
1387,5-nitro-2-thiophenecarboxylate ion,9.43,873435-46-2,O=C([O-])c1ccc([N+](=O)[O-])s1,7,25,NIST,"sulfide, disulfide",Sulfur-containing organics,"InChI=1S/C5H3NO4S/c7-5(8)3-1-2-4(11-3)6(9)10/h1-2H,(H,7,8)/p-1",UNEPVPOHGXLUIR-UHFFFAOYSA-M
1388,5-nitro-6-methyluracil,9.72,60484-35-7,CC1=C(C(=O)NC(=O)N1)[N+]([O-])=O,5.9,25,https://doi.org/10.1021/acs.est.4c11950,alkane,Aliphatic hydrocarbons,"InChI=1S/C5H5N3O4/c1-2-3(8(11)12)4(9)7-5(10)6-2/h1H3,(H2,6,7,9,10)",LIVYMRJSNFHYEN-UHFFFAOYSA-N
1389,5-nitrofuran-2-carbaldehyde,9.740362689,92799-03-6,[O-][N+](=O)c1oc(C=O)cc1,,,https://doi.org/10.1021/acs.est.1c04474,alcohol,Oxygenated organics,InChI=1S/C5H3NO4/c7-3-4-1-2-5(10-4)6(8)9/h1-3H,SXINBFXPADXIEY-UHFFFAOYSA-N
1390,5-nitrofuroic acid,9.72,858795-54-7,O=C(O)c1ccc([N+](=O)[O-])o1,7,25,https://doi.org/10.1021/acs.est.4c11950,diol,Polyfunctional / highly functionalized,"InChI=1S/C5H3NO5/c7-5(8)3-1-2-4(11-3)6(9)10/h1-2H,(H,7,8)",IODMEDPPCXSFLD-UHFFFAOYSA-N
1391,5-nitrofuroic acid,9.72427587,645-12-5,C1=C(OC(=C1)[N+](=O)[O-])C(=O)O,,,https://doi.org/10.1021/acsestengg.5c00514,halogenated,Halogenated organics,"InChI=1S/C5H3NO5/c7-5(8)3-1-2-4(11-3)6(9)10/h1-2H,(H,7,8)",IODMEDPPCXSFLD-UHFFFAOYSA-N
1392,5-nitrofuroic acid,9.72427587,858795-54-7,O=C(O)c1ccc([N+](=O)[O-])o1,,,https://doi.org/10.1021/acs.est.1c05145,diol,Polyfunctional / highly functionalized,"InChI=1S/C5H3NO5/c7-5(8)3-1-2-4(11-3)6(9)10/h1-2H,(H,7,8)",IODMEDPPCXSFLD-UHFFFAOYSA-N
1393,5-nitroindole,10,191421-10-0,[O-][N+](=O)c1ccc2[nH]ccc2c1,9,25,https://doi.org/10.1021/acs.est.4c11950,cyclo,Aromatic & PAHs,"InChI=1S/C8H6N2O2/c11-10(12)7-1-2-8-6(5-7)3-4-9-8/h1-5,9H",OZFPSOBLQZPIAV-UHFFFAOYSA-N
1394,5-nitrouracil,9.83,221343-92-6,[O-][N+](=O)C1=CNC(=O)NC1=O,5.9,25,https://doi.org/10.1021/acs.est.4c11950,cyclo,Aromatic & PAHs,"InChI=1S/C4H3N3O4/c8-3-2(7(10)11)1-5-4(9)6-3/h1H,(H2,5,6,8,9)",TUARVSWVPPVUGS-UHFFFAOYSA-N
1395,5-phenylfurfural,9.77,63191-69-5,O=Cc1oc(cc1)c2ccccc2,9,25,https://doi.org/10.1021/acs.est.4c11950,alcohol,Oxygenated organics,InChI=1S/C11H8O2/c12-8-10-6-7-11(13-10)9-4-2-1-3-5-9/h1-8H,BMJHNNPEPBZULA-UHFFFAOYSA-N
1396,"6,6'-methylenebis[1,2-dihydro-2,2-dimethyl-4-(sulfonatomethyl)quinoline]",9.7,77228-64-9,CC1(C)C=C(CS(=O)(=O)[O-])c2cc(Cc3ccc4c(c3)C(CS(=O)(=O)[O-])=CC(C)(C)N4)ccc2N1,10.2,25,NIST,cyclo,Aromatic & PAHs,"InChI=1S/C25H30N2O6S2/c1-24(2)12-18(14-34(28,29)30)20-10-16(5-7-22(20)26-24)9-17-6-8-23-21(11-17)19(15-35(31,32)33)13-25(3,4)27-23/h5-8,10-13,26-27H,9,14-15H2,1-4H3,(H,28,29,30)(H,31,32,33)/p-2",QGIHIJVOMXWTKE-UHFFFAOYSA-L
1397,6-Aminophenalenone,10.11394335,55077-97-9,Nc1ccc2c3c(cccc13)C(=O)C=C2,,,https://doi.org/10.1021/acs.est.1c05301,cyclo,Aromatic & PAHs,"InChI=1S/C13H9NO/c14-11-6-4-8-5-7-12(15)10-3-1-2-9(11)13(8)10/h1-7H,14H2",LNWQVXDBQBAGHD-UHFFFAOYSA-N
1398,6-Azacytosine,9.653212514,2306050-23-5,Nc1cn[nH]c(=O)n1,,,https://doi.org/10.1021/acs.est.1c05515,halogenated,Halogenated organics,"InChI=1S/C3H4N4O/c4-2-1-5-7-3(8)6-2/h1H,(H3,4,6,7,8)",SVXNJCYYMRMXNM-UHFFFAOYSA-N
1399,6-Azathymine,9.447158031,932-53-6,Cc1n[nH]c(=O)[nH]c1=O,,,https://doi.org/10.1021/acs.est.1c05126,cyclo,Aromatic & PAHs,"InChI=1S/C4H5N3O2/c1-2-3(8)5-4(9)7-6-2/h1H3,(H2,5,7,8,9)",XZWMZFQOHTWGQE-UHFFFAOYSA-N
1400,6-Azauracil,9.653212514,13455-42-0,O=c1cn[nH]c(=O)[nH]1,,,https://doi.org/10.1021/acs.est.1c05385,halogenated,Halogenated organics,"InChI=1S/C3H3N3O2/c7-2-1-4-6-3(8)5-2/h1H,(H2,5,6,7,8)",SSPYSWLZOPCOLO-UHFFFAOYSA-N
1401,6-Azauridine,9.85672889,439579-23-4,O=c1cnn([C@@H]2O[C@H](CO)[C@@H](O)[C@H]2O)c(=O)[nH]1,,,https://doi.org/10.1021/acs.est.1c05190,halogenated,Halogenated organics,"InChI=1S/C8H11N3O6/c12-2-3-5(14)6(15)7(17-3)11-8(16)10-4(13)1-9-11/h1,3,5-7,12,14-15H,2H2,(H,10,13,16)/t3-,5-,6-,7-/m1/s1",WYXSYVWAUAUWLD-SHUUEZRQSA-N
1402,"6-Chloro-N,N'-diethyl-1,3,5-triazine-2,4-diamine",9.322219295,42829-57-2,CCNc1nc(Cl)nc(NCC)n1,,,https://doi.org/10.1021/acs.est.1c05495,triazine,Heterocycles,"InChI=1S/C7H12ClN5/c1-3-9-6-11-5(8)12-7(13-6)10-4-2/h3-4H2,1-2H3,(H2,9,10,11,12,13)",ODCWYMIRDDJXKW-UHFFFAOYSA-N
1403,"6-Chloro-N-ethyl-1,3,5-triazine-2,4-diamine",9.255272505,1220029-55-9,CCNc1nc(N)nc(Cl)n1,,,https://doi.org/10.1021/acs.est.1c05587,triazine,Heterocycles,"InChI=1S/C5H8ClN5/c1-2-8-5-10-3(6)9-4(7)11-5/h2H2,1H3,(H3,7,8,9,10,11)",IVENSCMCQBJAKW-UHFFFAOYSA-N
1404,"6-Chloro-N-isopropyl-1,3,5-triazine-2,4-diamine",9.079181246,,CC(C)Nc1nc(N)nc(Cl)n1,,,https://doi.org/10.1021/acs.est.1c05559,triazine,Heterocycles,"InChI=1S/C6H10ClN5/c1-3(2)9-6-11-4(7)10-5(8)12-6/h3H,1-2H3,(H3,8,9,10,11,12)",DFWFIQKMSFGDCQ-UHFFFAOYSA-N
1405,6-Dimethylaminopurine,9.851258349,96939-06-9,CN(C)c1ncnc2nc[nH]c12,,,https://doi.org/10.1021/acs.est.1c04622,cyclo,Aromatic & PAHs,"InChI=1S/C7H9N5/c1-12(2)7-5-6(9-3-8-5)10-4-11-7/h3-4H,1-2H3,(H,8,9,10,11)",BVIAOQMSVZHOJM-UHFFFAOYSA-N
1406,"6-Hydroxy-1,4-dimethylcarbazole",10.17609126,120090-53-1,Cc1ccc(C)c2c1[nH]c1ccc(O)cc12,,,https://doi.org/10.1021/acs.est.1c05641,benzene,Aromatic & PAHs,"InChI=1S/C14H13NO/c1-8-3-4-9(2)14-13(8)11-7-10(16)5-6-12(11)15-14/h3-7,15-16H,1-2H3",UERYKPVBQQUNJO-UHFFFAOYSA-N
1407,6-Maleimidocaproic acid,8.938019097,692739-25-6,CCCCC(CCCCC(=O)O)N1C(=O)C=CC1=O,,,https://doi.org/10.1021/acs.est.1c05473,alkane,Aliphatic hydrocarbons,"InChI=1S/C14H21NO4/c1-2-3-6-11(7-4-5-8-14(18)19)15-12(16)9-10-13(15)17/h9-11H,2-8H2,1H3,(H,18,19)",CSLAERDWNFJTBF-UHFFFAOYSA-N
1408,6-Methoxypurine-9-riboside,9.414973348,5746-29-2,COc1ncnc2c1ncn2C1OC(CO)C(O)C1O,,,https://doi.org/10.1021/acs.est.1c05260,diol,Polyfunctional / highly functionalized,"InChI=1S/C11H14N4O5/c1-19-10-6-9(12-3-13-10)15(4-14-6)11-8(18)7(17)5(2-16)20-11/h3-5,7-8,11,16-18H,2H2,1H3",UQQHOWKTDKKTHO-UHFFFAOYSA-N
1409,6-Methoxypurine,9.301029996,1074-89-1,COc1ncnc2nc[nH]c12,,,https://doi.org/10.1021/acs.est.1c04599,alcohol,Oxygenated organics,,
1410,6-Methylaminopurine,9.73239376,60209-41-8,CNc1ncnc2nc[nH]c12,,,https://doi.org/10.1021/acs.est.1c05158,cyclo,Aromatic & PAHs,"InChI=1S/C6H7N5/c1-7-5-4-6(10-2-8-4)11-3-9-5/h2-3H,1H3,(H2,7,8,9,10,11)",CKOMXBHMKXXTNW-UHFFFAOYSA-N
1411,6-Methyluracil,9.755874856,60484-35-7,Cc1cc(=O)[nH]c(=O)[nH]1,,,https://doi.org/10.1021/acs.est.1c04482,alkane,Aliphatic hydrocarbons,"InChI=1S/C5H6N2O2/c1-3-2-4(8)7-5(9)6-3/h2H,1H3,(H2,6,7,8,9)",SHVCSCWHWMSGTE-UHFFFAOYSA-N
1412,"6-amino-1,7-dihydropurin-2-one",10.07918125,22712-29-4,NC1=C2NC=NC2=NC(=O)N1,,,https://doi.org/10.1021/acs.est.1c04394,cyclo,Aromatic & PAHs,"InChI=1S/C5H5N5O/c6-3-2-4(8-1-7-2)10-5(11)9-3/h1H,(H4,6,7,8,9,10,11)",DRAVOWXCEBXPTN-UHFFFAOYSA-N
1413,6-aminophenalenone,10.11,55077-97-9,Nc1ccc2c3c(cccc13)C(=O)C=C2,7,25,https://doi.org/10.1021/acs.est.4c11950,cyclo,Aromatic & PAHs,"InChI=1S/C13H9NO/c14-11-6-4-8-5-7-12(15)10-3-1-2-9(11)13(8)10/h1-7H,14H2",LNWQVXDBQBAGHD-UHFFFAOYSA-N
1414,6-azacytosine,9.65,2306050-23-5,NC1=NC(=O)NN=C1,8,25,https://doi.org/10.1021/acs.est.4c11950,cyclo,Aromatic & PAHs,"InChI=1S/C3H4N4O/c4-2-1-5-7-3(8)6-2/h1H,(H3,4,6,7,8)",SVXNJCYYMRMXNM-UHFFFAOYSA-N
1415,6-azathymine,9.45,932-53-6,CC1=NNC(=O)NC1=O,8,25,https://doi.org/10.1021/acs.est.4c11950,cyclo,Aromatic & PAHs,"InChI=1S/C4H5N3O2/c1-2-3(8)5-4(9)7-6-2/h1H3,(H2,5,7,8,9)",XZWMZFQOHTWGQE-UHFFFAOYSA-N
1416,6-azauracil,9.65,13455-42-0,O=C1NN=CC(=O)N1,8,25,https://doi.org/10.1021/acs.est.4c11950,halogenated,Halogenated organics,"InChI=1S/C3H3N3O2/c7-2-1-4-6-3(8)5-2/h1H,(H2,5,6,7,8)",SSPYSWLZOPCOLO-UHFFFAOYSA-N
1417,6-azauridine,9.86,439579-23-4,O=c1cnn(C2OC(CO)C(O)C2O)c(=O)[nH]1,8,25,NIST,halogenated,Halogenated organics,"InChI=1S/C8H11N3O6/c12-2-3-5(14)6(15)7(17-3)11-8(16)10-4(13)1-9-11/h1,3,5-7,12,14-15H,2H2,(H,10,13,16)",WYXSYVWAUAUWLD-UHFFFAOYSA-N
1418,6-bromo-6-deoxyascorbate ion,9.56,55780-78-4,O=C1O[C@H]([C@@H](O)CBr)C(O)=C1[O-],7,25,NIST,diol,Polyfunctional / highly functionalized,"InChI=1S/C6H7BrO5/c7-1-2(8)5-3(9)4(10)6(11)12-5/h2,5,8-10H,1H2/p-1/t2-,5+/m0/s1",LKVQNCTVFJZFIV-JLAZNSOCSA-M
1419,"6-chloro-N'-ethyl-N-propan-2-yl-1,3,5-triazine-2,4-diamine",9.499687083,72172-70-4,CCNc1nc(Cl)nc(NC(C)C)n1,,,https://doi.org/10.1021/acs.est.1c04734,alkane,Aliphatic hydrocarbons,"InChI=1S/C8H14ClN5/c1-4-10-7-12-6(9)13-8(14-7)11-5(2)3/h5H,4H2,1-3H3,(H2,10,11,12,13,14)",MXWJVTOOROXGIU-UHFFFAOYSA-N
1420,"6-chloro-N,N'-di(propan-2-yl)-1,3,5-triazine-2,4-diamine",9.079181246,30355-07-8,CC(C)Nc1nc(Cl)nc(NC(C)C)n1,,,https://doi.org/10.1021/acs.est.1c04598,alkane,Aliphatic hydrocarbons,"InChI=1S/C9H16ClN5/c1-5(2)11-8-13-7(10)14-9(15-8)12-6(3)4/h5-6H,1-4H3,(H2,11,12,13,14,15)",WJNRPILHGGKWCK-UHFFFAOYSA-N
1421,6-chloromelatonin,9.91,118747-02-7,COc1cc2c(CCNC(C)=O)c[nH]c2cc1Cl,7,25,https://doi.org/10.1021/acs.est.4c11950,alcohol,Oxygenated organics,"InChI=1S/C13H15ClN2O2/c1-8(17)15-4-3-9-7-16-12-6-11(14)13(18-2)5-10(9)12/h5-7,16H,3-4H2,1-2H3,(H,15,17)",LUINDDOUWHRIPW-UHFFFAOYSA-N
1422,6-dimethylamino-9-methylpurine,9.92,85134-39-0,CN(C)c1ncnc2c1ncn2C,7,25,NIST,cyclo,Aromatic & PAHs,"InChI=1S/C8H11N5/c1-12(2)7-6-8(10-4-9-7)13(3)5-11-6/h4-5H,1-3H3",GQKLJZOIXKFFQC-UHFFFAOYSA-N
1423,"6-hydroxy-1,4-dimethylcarbazole",10.18,120090-53-1,Cc1ccc(C)c2c1[nH]c1ccc(O)cc12,7,25,https://doi.org/10.1021/acs.est.4c11950,benzene,Aromatic & PAHs,"InChI=1S/C14H13NO/c1-8-3-4-9(2)14-13(8)11-7-10(16)5-6-12(11)15-14/h3-7,15-16H,1-2H3",UERYKPVBQQUNJO-UHFFFAOYSA-N
1424,6-hydroxymelatonin,10.04,229018-17-1,CC(=O)NCCC1=CNC2=CC(=C(C=C21)OC)O,7,25,https://doi.org/10.1021/acs.est.4c11950,alcohol,Oxygenated organics,"InChI=1S/C13H16N2O3/c1-8(16)14-4-3-9-7-15-11-6-12(17)13(18-2)5-10(9)11/h5-7,15,17H,3-4H2,1-2H3,(H,14,16)",OMYMRCXOJJZYKE-UHFFFAOYSA-N
1425,6-maleimidocaproic acid,8.94,692739-25-6,CCCCC(CCCCC(=O)O)N1C(=O)C=CC1=O,7,25,https://doi.org/10.1021/acs.est.4c11950,alkane,Aliphatic hydrocarbons,"InChI=1S/C14H21NO4/c1-2-3-6-11(7-4-5-8-14(18)19)15-12(16)9-10-13(15)17/h9-11H,2-8H2,1H3,(H,18,19)",CSLAERDWNFJTBF-UHFFFAOYSA-N
1426,6-mercaptopurine,9.85,82677-93-8,Sc1ncnc2nc[nH]c12,7,25,https://doi.org/10.1021/acs.est.4c11950,"sulfide, disulfide",Sulfur-containing organics,"InChI=1S/C5H4N4S/c10-5-3-4(7-1-6-3)8-2-9-5/h1-2H,(H2,6,7,8,9,10)",GLVAUDGFNGKCSF-UHFFFAOYSA-N
1427,6-methoxy purine,9.3,98138-73-9,COc1ncnc2nc[nH]c12,6.8,25,Vieira and Steenken 1987,alcohol,Oxygenated organics,"InChI=1S/C6H6N4O/c1-11-6-4-5(8-2-7-4)9-3-10-6/h2-3H,1H3,(H,7,8,9,10)",GOILPRCCOREWQE-UHFFFAOYSA-N
1428,"6-methoxy-N,N'-di(propan-2-yl)-1,3,5-triazine-2,4-diamine",9.450249108,26263-50-3,COc1nc(NC(C)C)nc(NC(C)C)n1,,,https://doi.org/10.1021/acs.est.1c05545,alcohol,Oxygenated organics,"InChI=1S/C10H19N5O/c1-6(2)11-8-13-9(12-7(3)4)15-10(14-8)16-5/h6-7H,1-5H3,(H2,11,12,13,14,15)",ISEUFVQQFVOBCY-UHFFFAOYSA-N
1429,6-methoxypurine-9-riboside,9.41,5746-29-2,COc1ncnc2c1ncn2C1OC(CO)C(O)C1O,6.4,25,NIST,diol,Polyfunctional / highly functionalized,"InChI=1S/C11H14N4O5/c1-19-10-6-9(12-3-13-10)15(4-14-6)11-8(18)7(17)5(2-16)20-11/h3-5,7-8,11,16-18H,2H2,1H3",UQQHOWKTDKKTHO-UHFFFAOYSA-N
1430,6-methyl purine,8.66,2004-03-7,Cc1ncnc2nc[nH]c12,6.2,25,https://doi.org/10.1021/acs.est.4c11950,cyclo,Aromatic & PAHs,"InChI=1S/C6H6N4/c1-4-5-6(9-2-7-4)10-3-8-5/h2-3H,1H3,(H,7,8,9,10)",SYMHUEFSSMBHJA-UHFFFAOYSA-N
1431,"6-methyl-6-nitro-1,11-dithia-4,8-diazacyclotetradecanecopper(II) ion",10,188107-62-2,CC1([N+](=O)[O-])CNCCSCCCSCCNC1.[Cu+2],7,25,NIST,"sulfide, disulfide",Sulfur-containing organics,"InChI=1S/C11H23N3O2S2.Cu/c1-11(14(15)16)9-12-3-7-17-5-2-6-18-8-4-13-10-11;/h12-13H,2-10H2,1H3;/q;+2",DZLBGAYLOIDMCP-UHFFFAOYSA-N
1432,"6-methyl-6-nitro-1,4,8,11-tetraazacyclotetradecanecopper(II) ion",10,111897-97-3,CC1([N+](=O)[O-])CNCCNCCCNCCNC1.[Cu+2],7,25,NIST,cyclo,Aromatic & PAHs,"InChI=1S/C11H25N5O2.Cu/c1-11(16(17)18)9-14-7-5-12-3-2-4-13-6-8-15-10-11;/h12-15H,2-10H2,1H3;/q;+2",LYPWQQHGGQQYSY-UHFFFAOYSA-N
1433,6-methylaminopurine,9.73,60209-41-8,CNc1ncnc2nc[nH]c12,7.8,25,NIST,cyclo,Aromatic & PAHs,"InChI=1S/C6H7N5/c1-7-5-4-6(10-2-8-4)11-3-9-5/h2-3H,1H3,(H2,7,8,9,10,11)",CKOMXBHMKXXTNW-UHFFFAOYSA-N
1434,6-methyluracil,9.76,60484-35-7,CC1=CC(=O)NC(=O)N1,5.5,25,https://doi.org/10.1021/acs.est.4c11950,alkane,Aliphatic hydrocarbons,"InChI=1S/C5H6N2O2/c1-3-2-4(8)7-5(9)6-3/h2H,1H3,(H2,6,7,8,9)",SHVCSCWHWMSGTE-UHFFFAOYSA-N
1435,6-thiopurine,9.85,67339-09-7,S=c1nc[nH]c2nc[nH]c12,7,25,NIST,"sulfide, disulfide",Sulfur-containing organics,"InChI=1S/C5H4N4S/c10-5-3-4(7-1-6-3)8-2-9-5/h1-2H,(H2,6,7,8,9,10)",GLVAUDGFNGKCSF-UHFFFAOYSA-N
1436,"7,8-dimethyl-10-(2,3,4,5-tetrahydroxypentyl)benzo[g]pteridine-2,4-dione",10.07918125,13123-37-0,Cc1cc2N=C3C(=O)NC(=O)N=C3N(CC(O)C(O)C(O)CO)c2cc1C,,,https://doi.org/10.1021/acs.est.1c05688,cyclo,Aromatic & PAHs,"InChI=1S/C17H20N4O6/c1-7-3-9-10(4-8(7)2)21(5-11(23)14(25)12(24)6-22)15-13(18-9)16(26)20-17(27)19-15/h3-4,11-12,14,22-25H,5-6H2,1-2H3,(H,20,26,27)",AUNGANRZJHBGPY-UHFFFAOYSA-N
1437,7-Hydroxy-4-methylcoumarin,10.04139269,314041-49-1,Cc1cc(=O)oc2cc(O)ccc12,,,https://doi.org/10.1021/acs.est.1c05480,alcohol,Oxygenated organics,"InChI=1S/C10H8O3/c1-6-4-10(12)13-9-5-7(11)2-3-8(6)9/h2-5,11H,1H3",HSHNITRMYYLLCV-UHFFFAOYSA-N
1438,7-Hydroxy-6-methoxycoumarin,10.07918125,142846-81-9,COc1cc2ccc(=O)oc2cc1O,,,https://doi.org/10.1021/acs.est.1c05578,diol,Polyfunctional / highly functionalized,"InChI=1S/C10H8O4/c1-13-9-4-6-2-3-10(12)14-8(6)5-7(9)11/h2-5,11H,1H3",RODXRVNMMDRFIK-UHFFFAOYSA-N
1439,7-Hydroxycoumarin,10,22059-09-2,O=c1ccc2ccc(O)cc2o1,,,https://doi.org/10.1021/acs.est.1c04802,benzene,Aromatic & PAHs,"InChI=1S/C9H6O3/c10-7-3-1-6-2-4-9(11)12-8(6)5-7/h1-5,10H",ORHBXUUXSCNDEV-UHFFFAOYSA-N
1440,7-Methoxy-4-methylcoumarin,9.612783857,263365-38-4,COc1ccc2c(C)cc(=O)oc2c1,,,https://doi.org/10.1021/acs.est.1c04657,diol,Polyfunctional / highly functionalized,"InChI=1S/C11H10O3/c1-7-5-11(12)14-10-6-8(13-2)3-4-9(7)10/h3-6H,1-2H3",UDFPKNSWSYBIHO-UHFFFAOYSA-N
1441,7-Methoxycoumarin,10.07918125,66510-36-9,COc1ccc2ccc(=O)oc2c1,,,https://doi.org/10.1021/acs.est.1c04993,diol,Polyfunctional / highly functionalized,"InChI=1S/C10H8O3/c1-12-8-4-2-7-3-5-10(11)13-9(7)6-8/h2-6H,1H3",LIIALPBMIOVAHH-UHFFFAOYSA-N
1442,7-Methylcoumarin,9.833147112,207673-94-7,Cc1ccc2ccc(=O)oc2c1,,,https://doi.org/10.1021/acs.est.1c05697,alcohol,Oxygenated organics,"InChI=1S/C10H8O2/c1-7-2-3-8-4-5-10(11)12-9(8)6-7/h2-6H,1H3",DLHXRDUXNVEIEY-UHFFFAOYSA-N
1443,"7-chloro-1-methyl-5-phenyl-3H-1,4-benzodiazepin-2-one",9.859738566,20430-81-3,CN1C(=O)CN=C(c2ccccc2)c3cc(Cl)ccc13,,,https://doi.org/10.1021/acs.est.1c05290,halogenated,Halogenated organics,"InChI=1S/C16H13ClN2O/c1-19-14-8-7-12(17)9-13(14)16(18-10-15(19)20)11-5-3-2-4-6-11/h2-9H,10H2,1H3",AAOVKJBEBIDNHE-UHFFFAOYSA-N
1444,7-hydroxy-4-methylcoumarin,10.04,314041-49-1,Cc1cc(=O)oc2cc(O)ccc12,7.4,25,NIST,alcohol,Oxygenated organics,"InChI=1S/C10H8O3/c1-6-4-10(12)13-9-5-7(11)2-3-8(6)9/h2-5,11H,1H3",HSHNITRMYYLLCV-UHFFFAOYSA-N
1445,7-hydroxy-6-O-glucosylcoumarin,9.94,441045-22-3,O=c1ccc2cc(O[C@@H]3O[C@H](CO)[C@@H](O)[C@H](O)[C@H]3O)c(O)cc2o1,7.4,25,NIST,diol,Polyfunctional / highly functionalized,"InChI=1S/C15H16O9/c16-5-10-12(19)13(20)14(21)15(24-10)23-9-3-6-1-2-11(18)22-8(6)4-7(9)17/h1-4,10,12-17,19-21H,5H2/t10-,12-,13+,14-,15-/m1/s1",XHCADAYNFIFUHF-TVKJYDDYSA-N
1446,7-hydroxy-6-methoxy-8-O-glucosylcoumarin,10.04,2032305-12-5,COc1cc2ccc(=O)oc2c(O[C@@H]2O[C@H](CO)[C@@H](O)[C@@H](O)[C@H]2O)c1O,7.4,25,NIST,diol,Polyfunctional / highly functionalized,"InChI=1S/C16H18O10/c1-23-7-4-6-2-3-9(18)25-14(6)15(11(7)20)26-16-13(22)12(21)10(19)8(5-17)24-16/h2-4,8,10,12-13,16-17,19-22H,5H2,1H3/t8-,10-,12-,13-,16+/m1/s1",CRSFLLTWRCYNNX-YJDQBUFVSA-N
1447,7-hydroxy-6-methoxycoumarin,10.08,142846-81-9,COc1cc2ccc(=O)oc2cc1O,7.4,25,NIST,diol,Polyfunctional / highly functionalized,"InChI=1S/C10H8O4/c1-13-9-4-6-2-3-10(12)14-8(6)5-7(9)11/h2-5,11H,1H3",RODXRVNMMDRFIK-UHFFFAOYSA-N
1448,7-hydroxycoumarin,10,22059-09-2,O=c1ccc2ccc(O)cc2o1,7.4,25,NIST,benzene,Aromatic & PAHs,"InChI=1S/C9H6O3/c10-7-3-1-6-2-4-9(11)12-8(6)5-7/h1-5,10H",ORHBXUUXSCNDEV-UHFFFAOYSA-N
1449,7-methoxy-4-methylcoumarin,9.61,263365-38-4,COc1ccc2c(C)cc(=O)oc2c1,7.4,25,NIST,diol,Polyfunctional / highly functionalized,"InChI=1S/C11H10O3/c1-7-5-11(12)14-10-6-8(13-2)3-4-9(7)10/h3-6H,1-2H3",UDFPKNSWSYBIHO-UHFFFAOYSA-N
1450,7-methoxycoumarin,10.08,66510-36-9,COc1ccc2ccc(=O)oc2c1,7.4,25,NIST,diol,Polyfunctional / highly functionalized,"InChI=1S/C10H8O3/c1-12-8-4-2-7-3-5-10(11)13-9(7)6-8/h2-6H,1H3",LIIALPBMIOVAHH-UHFFFAOYSA-N
1451,7-methylcoumarin,9.83,207673-94-7,Cc1ccc2ccc(=O)oc2c1,7.4,25,NIST,alcohol,Oxygenated organics,"InChI=1S/C10H8O2/c1-7-2-3-8-4-5-10(11)12-9(8)6-7/h2-6H,1H3",DLHXRDUXNVEIEY-UHFFFAOYSA-N
1452,Endrin,9.021189299,72-20-8,ClC1=C(Cl)C2(Cl)C3C4CC(C5OC45)C3C1(Cl)C2(Cl)Cl,,,https://doi.org/10.1021/acs.est.1c05311,cyclo,Aromatic & PAHs,"InChI=1S/C12H8Cl6O/c13-8-9(14)11(16)5-3-1-2(6-7(3)19-6)4(5)10(8,15)12(11,17)18/h2-7H,1H2",DFBKLUNHFCTMDC-UHFFFAOYSA-N
1453,8-Methoxypsoralen,10.04139269,69150-74-9,COc1c2occc2cc2ccc(=O)oc12,,,https://doi.org/10.1021/acs.est.1c05486,diol,Polyfunctional / highly functionalized,"InChI=1S/C12H8O4/c1-14-12-10-8(4-5-15-10)6-7-2-3-9(13)16-11(7)12/h2-6H,1H3",QXKHYNVANLEOEG-UHFFFAOYSA-N
1454,8-methoxypsoralen,10.04,69150-74-9,COc1c2occc2cc2ccc(=O)oc12,7,25,NIST,diol,Polyfunctional / highly functionalized,"InChI=1S/C12H8O4/c1-14-12-10-8(4-5-15-10)6-7-2-3-9(13)16-11(7)12/h2-6H,1H3",QXKHYNVANLEOEG-UHFFFAOYSA-N
1455,"9,10-anthraquinone-1-sulfonate ion",9.86,128-56-3,O=C1c2ccccc2C(=O)c2c1cccc2S(=O)(=O)[O-],7,25,NIST,"sulfide, disulfide",Sulfur-containing organics,"InChI=1S/C14H8O5S/c15-13-8-4-1-2-5-9(8)14(16)12-10(13)6-3-7-11(12)20(17,18)19/h1-7H,(H,17,18,19)/p-1",JAJIPIAHCFBEPI-UHFFFAOYSA-M
1456,"9,10-anthraquinone-2-sulfonate ion",9.75,131-08-8,O=C1c2ccccc2C(=O)c2cc(S(=O)(=O)[O-])ccc21,7,25,NIST,benzene,Aromatic & PAHs,"InChI=1S/C14H8O5S/c15-13-9-3-1-2-4-10(9)14(16)12-7-8(20(17,18)19)5-6-11(12)13/h1-7H,(H,17,18,19)/p-1",MMNWSHJJPDXKCH-UHFFFAOYSA-M
1457,"9-(2-carboxyphenyl)-3,6-bis(diethylamino)-xanthylium",10.18,63022-09-3,CCN(CC)c1ccc2c(-c3ccccc3C(=O)O)c3ccc(N(CC)CC)cc3[o+]c2c1,7,25,NIST,cyclo,Aromatic & PAHs,"InChI=1S/C28H30N2O3/c1-5-29(6-2)19-13-15-23-25(17-19)33-26-18-20(30(7-3)8-4)14-16-24(26)27(23)21-11-9-10-12-22(21)28(31)32/h9-18H,5-8H2,1-4H3/p+1",CVAVMIODJQHEEH-UHFFFAOYSA-O
1458,9-Methyladenine,9.755874856,116988-56-8,Cn1cnc2c(N)ncnc21,,,https://doi.org/10.1021/acs.est.1c05335,cyclo,Aromatic & PAHs,"InChI=1S/C6H7N5/c1-11-3-10-4-5(7)8-2-9-6(4)11/h2-3H,1H3,(H2,7,8,9)",WRXCXOUDSPTXNX-UHFFFAOYSA-N
1459,9-anthroate ion,9.9,1754-54-7,O=C([O-])c1c2ccccc2cc2ccccc12,9,25,NIST,benzene,Aromatic & PAHs,"InChI=1S/C15H10O2/c16-15(17)14-12-7-3-1-5-10(12)9-11-6-2-4-8-13(11)14/h1-9H,(H,16,17)/p-1",XGWFJBFNAQHLEF-UHFFFAOYSA-M
1460,9-methyladenine,9.76,116988-56-8,Cn1cnc2c(N)ncnc21,7.5,25,NIST,cyclo,Aromatic & PAHs,"InChI=1S/C6H7N5/c1-11-3-10-4-5(7)8-2-9-6(4)11/h2-3H,1H3,(H2,7,8,9)",WRXCXOUDSPTXNX-UHFFFAOYSA-N
1461,94-75-7,9.361727836,1026785-55-6,OC(=O)COc1ccc(Cl)cc1Cl,,,https://doi.org/10.1021/acs.est.1c04420,diol,Polyfunctional / highly functionalized,"InChI=1S/C8H6Cl2O3/c9-5-1-2-7(6(10)3-5)13-4-8(11)12/h1-3H,4H2,(H,11,12)",OVSKIKFHRZPJSS-UHFFFAOYSA-N
1462,ACETAMIDE,8.278753601,137647-89-3,CC(N)=O,,,https://doi.org/10.1021/acs.est.1c04786,alkane,Aliphatic hydrocarbons,"InChI=1S/C2H5NO/c1-2(3)4/h1H3,(H2,3,4)",DLFVBJFMPXGRIB-UHFFFAOYSA-N
1463,Acebutolol,9.6599162,2364559-55-5,CCCC(=O)Nc1ccc(OCC(O)CNC(C)C)c(C(C)=O)c1,,,https://doi.org/10.1021/acs.est.1c04497,cyclo,Aromatic & PAHs,"InChI=1S/C18H28N2O4/c1-5-6-18(23)20-14-7-8-17(16(9-14)13(4)21)24-11-15(22)10-19-12(2)3/h7-9,12,15,19,22H,5-6,10-11H2,1-4H3,(H,20,23)",GOEMGAFJFRBGGG-UHFFFAOYSA-N
1464,Acetonitrile,7.342422681,1722-25-4,CC#N,,,https://doi.org/10.1021/acs.est.1c05639,alkane,Aliphatic hydrocarbons,InChI=1S/C2H3N/c1-2-3/h1H3,WEVYAHXRMPXWCK-UHFFFAOYSA-N
1465,Acetyl peroxide,7.77815125,84316-66-5,CC(=O)OOC(C)=O,,,https://doi.org/10.1021/acs.est.1c04371,diol,Polyfunctional / highly functionalized,InChI=1S/C4H6O4/c1-3(5)7-8-4(2)6/h1-2H3,ZQMIGQNCOMNODD-UHFFFAOYSA-N
1466,Acetylene,9.653212514,164078-76-6,C#C,,,https://doi.org/10.1021/acs.est.1c05309,halogenated,Halogenated organics,InChI=1S/C2H2/c1-2/h1-2H,HSFWRNGVRCDJHI-UHFFFAOYSA-N
1467,Acrylonitrile,9.71432976,165399-55-3,C=CC#N,,,https://doi.org/10.1021/acs.est.1c04980,halogenated,Halogenated organics,"InChI=1S/C3H3N/c1-2-3-4/h2H,1H2",NLHHRLWOUZZQLW-UHFFFAOYSA-N
1468,Adenine,9.762678564,79364-53-7,Nc1ncnc2nc[nH]c12,,,https://doi.org/10.1021/acs.est.1c04573,cyclo,Aromatic & PAHs,"InChI=1S/C5H5N5/c6-4-3-5(9-1-7-3)10-2-8-4/h1-2H,(H3,6,7,8,9,10)",GFFGJBXGBJISGV-UHFFFAOYSA-N
1469,Adenosine,9.716003344,66592-84-5,Nc1ncnc2c1ncn2[C@@H]1O[C@H](CO)[C@@H](O)[C@H]1O,,,https://doi.org/10.1021/acs.est.1c05164,cyclo,Aromatic & PAHs,"InChI=1S/C10H13N5O4/c11-8-5-9(13-2-12-8)15(3-14-5)10-7(18)6(17)4(1-16)19-10/h2-4,6-7,10,16-18H,1H2,(H2,11,12,13)/t4-,6-,7-,10-/m1/s1",OIRDTQYFTABQOQ-KQYNXXCUSA-N
1470,Adenosine 3'-monophosphate,9.875061263,60-92-4,Nc1ncnc2c1ncn2[C@@H]1O[C@H](CO)[C@@H](OP(=O)(O)O)[C@H]1O,,,https://doi.org/10.1021/acs.est.1c05178,diol,Polyfunctional / highly functionalized,"InChI=1S/C10H14N5O7P/c11-8-5-9(13-2-12-8)15(3-14-5)10-6(17)7(4(1-16)21-10)22-23(18,19)20/h2-4,6-7,10,16-17H,1H2,(H2,11,12,13)(H2,18,19,20)/t4-,6-,7-,10-/m1/s1",LNQVTSROQXJCDD-KQYNXXCUSA-N
1471,Adenosine 5'-diphosphoribose,9.62324929,53595-18-9,Nc1ncnc2c1ncn2[C@@H]1O[C@H](COP(=O)(O)OP(=O)(O)OC[C@H]2OC(O)[C@H](O)[C@@H]2O)[C@@H](O)[C@H]1O,,,https://doi.org/10.1021/acs.est.1c04479,diol,Polyfunctional / highly functionalized,"InChI=1S/C15H23N5O14P2/c16-12-7-13(18-3-17-12)20(4-19-7)14-10(23)8(21)5(32-14)1-30-35(26,27)34-36(28,29)31-2-6-9(22)11(24)15(25)33-6/h3-6,8-11,14-15,21-25H,1-2H2,(H,26,27)(H,28,29)(H2,16,17,18)/t5-,6-,8-,9-,10-,11-,14-,15?/m1/s1",SRNWOUGRCWSEMX-TYASJMOZSA-N
1472,Adenosine 5'-monophosphate,9.672097858,60-92-4,Nc1ncnc2c1ncn2[C@@H]1O[C@H](COP(=O)(O)O)[C@@H](O)[C@H]1O,,,https://doi.org/10.1021/acs.est.1c04386,diol,Polyfunctional / highly functionalized,"InChI=1S/C10H14N5O7P/c11-8-5-9(13-2-12-8)15(3-14-5)10-7(17)6(16)4(22-10)1-21-23(18,19)20/h2-4,6-7,10,16-17H,1H2,(H2,11,12,13)(H2,18,19,20)/t4-,6-,7-,10-/m1/s1",UDMBCSSLTHHNCD-KQYNXXCUSA-N
1473,Adenosine diphosphate,9.907948522,178603-74-2,Nc1ncnc2c1ncn2[C@@H]1O[C@H](COP(=O)(O)OP(=O)(O)O)[C@@H](O)[C@H]1O,,,https://doi.org/10.1021/acs.est.1c05186,diol,Polyfunctional / highly functionalized,"InChI=1S/C10H15N5O10P2/c11-8-5-9(13-2-12-8)15(3-14-5)10-7(17)6(16)4(24-10)1-23-27(21,22)25-26(18,19)20/h2-4,6-7,10,16-17H,1H2,(H,21,22)(H2,11,12,13)(H2,18,19,20)/t4-,6-,7-,10-/m1/s1",XTWYTFMLZFPYCI-KQYNXXCUSA-N
1474,Adenosine triphosphate,9.948901761,55487-19-9,Nc1ncnc2c1ncn2[C@@H]1O[C@H](COP(=O)(O)OP(=O)(O)OP(=O)(O)O)[C@@H](O)[C@H]1O,,,https://doi.org/10.1021/acs.est.1c04983,diol,Polyfunctional / highly functionalized,"InChI=1S/C10H16N5O13P3/c11-8-5-9(13-2-12-8)15(3-14-5)10-7(17)6(16)4(26-10)1-25-30(21,22)28-31(23,24)27-29(18,19)20/h2-4,6-7,10,16-17H,1H2,(H,21,22)(H,23,24)(H2,11,12,13)(H2,18,19,20)/t4-,6-,7-,10-/m1/s1",ZKHQWZAMYRWXGA-KQYNXXCUSA-N
1475,Adrenaline,10.34242268,29705-82-6,CNCC(O)c1ccc(O)c(O)c1,,,https://doi.org/10.1021/acs.est.1c04510,benzene,Aromatic & PAHs,"InChI=1S/C9H13NO3/c1-10-5-9(13)6-2-3-7(11)8(12)4-6/h2-4,9-13H,5H2,1H3",UCTWMZQNUQWSLP-UHFFFAOYSA-N
1476,Adrenalone,10.25527251,80098-06-2,CNCC(=O)c1ccc(O)c(O)c1,,,https://doi.org/10.1021/acs.est.1c04817,benzene,Aromatic & PAHs,"InChI=1S/C9H11NO3/c1-10-5-9(13)6-2-3-7(11)8(12)4-6/h2-4,10-12H,5H2,1H3",PZMVOUYYNKPMSI-UHFFFAOYSA-N
1477,Alanine,8.041392685,25191-17-7,NCCC(=O)O,,,https://doi.org/10.1021/acs.est.1c04916,halogenated,Halogenated organics,"InChI=1S/C3H7NO2/c4-2-1-3(5)6/h1-2,4H2,(H,5,6)",UCMIRNVEIXFBKS-UHFFFAOYSA-N
1478,Alanine anhydride,9.079181246,220190-44-3,C[C@H](N)C(=O)OC(=O)[C@H](C)N,,,https://doi.org/10.1021/acs.est.1c05212,alcohol,Oxygenated organics,"InChI=1S/C6H12N2O3/c1-3(7)5(9)11-6(10)4(2)8/h3-4H,7-8H2,1-2H3/t3-,4-/m0/s1",NHJBLCGVMVJTBN-IMJSIDKUSA-N
1479,Alanylglycine,8.591064607,827613-14-9,C[C@H](N)C(=O)NCC(=O)O,,,https://doi.org/10.1021/acs.est.1c05478,halogenated,Halogenated organics,"InChI=1S/C5H10N2O3/c1-3(6)5(10)7-2-4(8)9/h3H,2,6H2,1H3,(H,7,10)(H,8,9)/t3-/m0/s1",CXISPYVYMQWFLE-VKHMYHEASA-N
1480,Aldicarb,9.910090546,1261170-76-6,CNC(=O)O/N=C/C(C)(C)SC,,,https://doi.org/10.1021/acs.est.1c04557,"sulfide, disulfide",Sulfur-containing organics,"InChI=1S/C7H14N2O2S/c1-7(2,12-4)5-9-11-6(10)8-3/h5H,1-4H3,(H,8,10)/b9-5+",QGLZXHRNAYXIBU-WEVVVXLNSA-N
1481,Amikacin,9.859738566,40371-54-8,NCC[C@H](O)C(=O)N[C@@H]1C[C@H](N)[C@@H](O[C@H]2O[C@H](CN)[C@@H](O)[C@H](O)[C@H]2O)[C@H](O)[C@H]1O[C@H]1O[C@H](CO)[C@@H](O)[C@H](N)[C@H]1O,,,https://doi.org/10.1021/acs.est.1c05647,diol,Polyfunctional / highly functionalized,"InChI=1S/C22H43N5O13/c23-2-1-8(29)20(36)27-7-3-6(25)18(39-22-16(34)15(33)13(31)9(4-24)37-22)17(35)19(7)40-21-14(32)11(26)12(30)10(5-28)38-21/h6-19,21-22,28-35H,1-5,23-26H2,(H,27,36)/t6-,7+,8-,9+,10+,11-,12+,13+,14+,15-,16+,17-,18+,19-,21+,22+/m0/s1",LKCWBDHBTVXHDL-RMDFUYIESA-N
1482,Amodiaquine,9.77815125,1261394-79-9,CCN(CC)Cc1cc(Nc2ccnc3cc(Cl)ccc23)ccc1O,,,https://doi.org/10.1021/acs.est.1c05143,cyclo,Aromatic & PAHs,"InChI=1S/C20H22ClN3O/c1-3-24(4-2)13-14-11-16(6-8-20(14)25)23-18-9-10-22-19-12-15(21)5-7-17(18)19/h5-12,25H,3-4,13H2,1-2H3,(H,22,23)",OVCDSSHSILBFBN-UHFFFAOYSA-N
1483,Amoxicillin,9.840106094,2088960-43-2,CC1(C)S[C@@H]2[C@H](NC(=O)[C@H](N)c3ccc(O)cc3)C(=O)N2[C@H]1C(=O)O,,,https://doi.org/10.1021/acs.est.1c05685,"sulfide, disulfide",Sulfur-containing organics,"InChI=1S/C16H19N3O5S/c1-16(2)11(15(23)24)19-13(22)10(14(19)25-16)18-12(21)9(17)7-3-5-8(20)6-4-7/h3-6,9-11,14,20H,17H2,1-2H3,(H,18,21)(H,23,24)/t9-,10-,11+,14-/m1/s1",LSQZJLSUYDQPKJ-NJBDSQKTSA-N
1484,Aniline,10.13672057,179938-55-7,Nc1ccccc1,,,https://doi.org/10.1021/acs.est.1c04666,benzene,Aromatic & PAHs,"InChI=1S/C6H7N/c7-6-4-2-1-3-5-6/h1-5H,7H2",PAYRUJLWNCNPSJ-UHFFFAOYSA-N
1485,Anserine,9.62324929,1201658-81-2,Cn1cncc1C[C@H](NC(=O)CCN)C(=O)O,,,https://doi.org/10.1021/acs.est.1c04533,imidazole,Heterocycles,"InChI=1S/C10H16N4O3/c1-14-6-12-5-7(14)4-8(10(16)17)13-9(15)2-3-11/h5-6,8H,2-4,11H2,1H3,(H,13,15)(H,16,17)/t8-/m0/s1",MYYIAHXIVFADCU-QMMMGPOBSA-N
1486,Apigenin,9.146128036,50826-94-3,O=c1cc(-c2ccc(O)cc2)oc2cc(O)cc(O)c12,,,https://doi.org/10.1021/acs.est.1c05030,alcohol,Oxygenated organics,"InChI=1S/C15H10O5/c16-9-3-1-8(2-4-9)13-7-12(19)15-11(18)5-10(17)6-14(15)20-13/h1-7,16-18H",KZNIFHPLKGYRTM-UHFFFAOYSA-N
1487,Arabinitol,9.255272505,336883-93-3,OC[C@@H](O)C(O)[C@H](O)CO,,,https://doi.org/10.1021/acs.est.1c04725,alcohol,Oxygenated organics,"InChI=1S/C5H12O5/c6-1-3(8)5(10)4(9)2-7/h3-10H,1-2H2/t3-,4-/m1/s1",HEBKCHPVOIAQTA-QWWZWVQMSA-N
1488,Arabinose,9.255272505,80952-57-4,O=C[C@@H](O)[C@H](O)[C@H](O)CO,,,https://doi.org/10.1021/acs.est.1c04523,halogenated,Halogenated organics,"InChI=1S/C5H10O5/c6-1-3(8)5(10)4(9)2-7/h1,3-5,7-10H,2H2/t3-,4-,5+/m1/s1",PYMYPHUHKUWMLA-WDCZJNDASA-N
1489,Ascorbic acid,9.913813852,15042-01-0,O=C1O[C@H]([C@@H](O)CO)C(O)=C1O,,,https://doi.org/10.1021/acs.est.1c05614,diol,Polyfunctional / highly functionalized,"InChI=1S/C6H8O6/c7-1-2(8)5-3(9)4(10)6(11)12-5/h2,5,7-10H,1H2/t2-,5+/m0/s1",CIWBSHSKHKDKBQ-JLAZNSOCSA-N
1490,Atratone,9.51851394,1610-17-9,CCNc1nc(NC(C)C)nc(OC)n1,,,https://doi.org/10.1021/acs.est.1c04551,alkane,Aliphatic hydrocarbons,"InChI=1S/C9H17N5O/c1-5-10-7-12-8(11-6(2)3)14-9(13-7)15-4/h6H,5H2,1-4H3,(H2,10,11,12,13,14)",PXWUKZGIHQRDHL-UHFFFAOYSA-N
1491,Azithromycin,9.459392488,756825-20-4,CC[C@H]1OC(=O)[C@H](C)[C@@H](O[C@H]2C[C@@](C)(OC)[C@@H](O)[C@H](C)O2)C(C)[C@@H](O[C@@H]2O[C@H](C)C[C@H](N(C)C)[C@H]2O)[C@](C)(O)C[C@@H](C)CN(C)[C@H](C)[C@@H](O)[C@]1(C)O,,,https://doi.org/10.1021/acs.est.1c05373,diol,Polyfunctional / highly functionalized,"InChI=1S/C38H72N2O12/c1-15-27-38(10,46)31(42)24(6)40(13)19-20(2)17-36(8,45)33(52-35-29(41)26(39(11)12)16-21(3)48-35)22(4)30(23(5)34(44)50-27)51-28-18-37(9,47-14)32(43)25(7)49-28/h20-33,35,41-43,45-46H,15-19H2,1-14H3/t20-,21-,22?,23-,24-,25+,26+,27-,28+,29-,30+,31-,32+,33-,35+,36-,37-,38-/m1/s1",MQTOSJVFKKJCRP-OHJWJPDZSA-N
1492,Azobenzene,10.30103,103-33-3,C1=CC=C(C=C1)N=NC2=CC=CC=C2,,,https://doi.org/10.1021/acsestengg.5c00548,cyclo,Aromatic & PAHs,InChI=1S/C12H10N2/c1-3-7-11(8-4-1)13-14-12-9-5-2-6-10-12/h1-10H,DMLAVOWQYNRWNQ-UHFFFAOYSA-N
1493,Azobenzene,10.30103,9029-31-6,c1ccc(N=Nc2ccccc2)cc1,,,https://doi.org/10.1021/acs.est.1c05497,benzene,Aromatic & PAHs,InChI=1S/C12H10N2/c1-3-7-11(8-4-1)13-14-12-9-5-2-6-10-12/h1-10H,DMLAVOWQYNRWNQ-UHFFFAOYSA-N
1494,BENZALDEHYDE,9.643452676,51748-27-7,O=Cc1ccccc1,,,https://doi.org/10.1021/acs.est.1c05235,benzene,Aromatic & PAHs,InChI=1S/C7H6O/c8-6-7-4-2-1-3-5-7/h1-6H,HUMNYLRZRPPJDN-UHFFFAOYSA-N
1495,BENZENE,9.716003344,6998-50-1,c1ccccc1,,,https://doi.org/10.1021/acs.est.1c04728,benzene,Aromatic & PAHs,InChI=1S/C6H6/c1-2-4-6-5-3-1/h1-6H,UHOVQNZJYSORNB-UHFFFAOYSA-N
1496,BENZENESULFONIC ACID,9.041392685,5928-72-3,O[S](=O)(=O)c1ccccc1,,,https://doi.org/10.1021/acs.est.1c04843,"sulfide, disulfide",Sulfur-containing organics,"InChI=1S/C6H6O3S/c7-10(8,9)6-4-2-1-3-5-6/h1-5H,(H,7,8,9)",SRSXLGNVWSONIS-UHFFFAOYSA-N
1497,BENZOATE,9.792391689,766-76-7,[O-]C(=O)c1ccccc1,,,https://doi.org/10.1021/acs.est.1c04623,benzene,Aromatic & PAHs,"InChI=1S/C7H6O2/c8-7(9)6-4-2-1-3-5-6/h1-5H,(H,8,9)/p-1",WPYMKLBDIGXBTP-UHFFFAOYSA-M
1498,BUTANAL,9.591064607,116412-25-0,CCCC=O,,,https://doi.org/10.1021/acs.est.1c04359,alkane,Aliphatic hydrocarbons,"InChI=1S/C4H8O/c1-2-3-4-5/h4H,2-3H2,1H3",ZTQSAGDEMFDKMZ-UHFFFAOYSA-N
1499,BUTANE,9.662757832,69105-48-2,CCCC,,,https://doi.org/10.1021/acs.est.1c04841,alkane,Aliphatic hydrocarbons,"InChI=1S/C4H10/c1-3-4-2/h3-4H2,1-2H3",IJDNQMDRQITEOD-UHFFFAOYSA-N
1500,Baicalin,9.079181246,1262750-70-8,O=C(O)[C@H]1O[C@@H](Oc2cc3oc(-c4ccccc4)cc(=O)c3c(O)c2O)[C@H](O)[C@@H](O)[C@@H]1O,,,https://doi.org/10.1021/acs.est.1c05333,diol,Polyfunctional / highly functionalized,"InChI=1S/C21H18O11/c22-9-6-10(8-4-2-1-3-5-8)30-11-7-12(14(23)15(24)13(9)11)31-21-18(27)16(25)17(26)19(32-21)20(28)29/h1-7,16-19,21,23-27H,(H,28,29)/t16-,17-,18+,19-,21+/m0/s1",IKIIZLYTISPENI-ZFORQUDYSA-N
1501,Benzamide,9.176091259,89693-84-5,NC(=O)c1ccccc1,,,https://doi.org/10.1021/acs.est.1c04703,benzene,Aromatic & PAHs,"InChI=1S/C7H7NO/c8-7(9)6-4-2-1-3-5-6/h1-5H,(H2,8,9)",KXDAEFPNCMNJSK-UHFFFAOYSA-N
1502,Benzene,9.892094603,71-43-2,C1=CC=CC=C1,,,https://doi.org/10.1021/acsestengg.5c00549,cyclo,Aromatic & PAHs,InChI=1S/C6H6/c1-2-4-6-5-3-1/h1-6H,UHOVQNZJYSORNB-UHFFFAOYSA-N
1503,"Benzene-1,2,4-triol",9.934498451,35999-48-5,Oc1ccc(O)c(O)c1,,,https://doi.org/10.1021/acs.est.1c04844,alcohol,Oxygenated organics,"InChI=1S/C6H6O3/c7-4-1-2-5(8)6(9)3-4/h1-3,7-9H",GGNQRNBDZQJCCN-UHFFFAOYSA-N
1504,"Benzene-1,3,5-triol",10,62191-56-4,Oc1cc(O)cc(O)c1,,,https://doi.org/10.1021/acs.est.1c04457,alcohol,Oxygenated organics,"InChI=1S/C6H6O3/c7-4-1-5(8)3-6(9)2-4/h1-3,7-9H",QCDYQQDYXPDABM-UHFFFAOYSA-N
1505,"Benzene-1,4-diol",10.1903317,915018-94-9,Oc1ccc(O)cc1,,,https://doi.org/10.1021/acs.est.1c05013,alcohol,Oxygenated organics,"InChI=1S/C6H6O2/c7-5-1-2-6(8)4-3-5/h1-4,7-8H",QIGBRXMKCJKVMJ-UHFFFAOYSA-N
1506,Benzene-sulfonamide,9.447158031,98-10-2,C1=CC=C(C=C1)S(=O)(=O)N,,,https://doi.org/10.1021/acsestengg.5c00550,"sulfide, disulfide",Sulfur-containing organics,"InChI=1S/C6H7NO2S/c7-10(8,9)6-4-2-1-3-5-6/h1-5H,(H2,7,8,9)",KHBQMWCZKVMBLN-UHFFFAOYSA-N
1507,Benzene-sulfonamide,9.447158031,210826-65-6,NS(=O)(=O)c1ccccc1,,,https://doi.org/10.1021/acs.est.1c05098,"sulfide, disulfide",Sulfur-containing organics,"InChI=1S/C6H7NO2S/c7-10(8,9)6-4-2-1-3-5-6/h1-5H,(H2,7,8,9)",KHBQMWCZKVMBLN-UHFFFAOYSA-N
1508,Benzenesulfonamide,9.447158031,877-67-8,N[S](=O)(=O)c1ccccc1,,,https://doi.org/10.1021/acs.est.1c05066,"sulfide, disulfide",Sulfur-containing organics,"InChI=1S/C6H7NO2S/c7-10(8,9)6-4-2-1-3-5-6/h1-5H,(H2,7,8,9)",KHBQMWCZKVMBLN-UHFFFAOYSA-N
1509,Benzenesulfonate,9.672097858,104316-51-0,[O-][S](=O)(=O)c1ccccc1,,,https://doi.org/10.1021/acs.est.1c05251,"sulfide, disulfide",Sulfur-containing organics,"InChI=1S/C6H6O3S/c7-10(8,9)6-4-2-1-3-5-6/h1-5H,(H,7,8,9)/p-1",SRSXLGNVWSONIS-UHFFFAOYSA-M
1510,Benzidine,10.17609126,92890-63-6,Nc1ccc(-c2ccc(N)cc2)cc1,,,https://doi.org/10.1021/acs.est.1c05134,cyclo,Aromatic & PAHs,"InChI=1S/C12H12N2/c13-11-5-1-9(2-6-11)10-3-7-12(14)8-4-10/h1-8H,13-14H2",HFACYLZERDEVSX-UHFFFAOYSA-N
1511,Benzidine,10.17609126,92-87-5,C1=CC(=CC=C1C2=CC=C(C=C2)N)N,,,https://doi.org/10.1021/acsestengg.5c00551,halogenated,Halogenated organics,"InChI=1S/C12H12N2/c13-11-5-1-9(2-6-11)10-3-7-12(14)8-4-10/h1-8H,13-14H2",HFACYLZERDEVSX-UHFFFAOYSA-N
1512,Benzo[a]pyrene,8.969881644,63148-10-7,c1ccc2c(c1)cc3ccc4cccc5ccc2c3c45,,,https://doi.org/10.1021/acs.est.1c05283,cyclo,Aromatic & PAHs,InChI=1S/C20H12/c1-2-7-17-15(4-1)12-16-9-8-13-5-3-6-14-10-11-18(17)20(16)19(13)14/h1-12H,FMMWHPNWAFZXNH-UHFFFAOYSA-N
1513,Benzonitrile,9.643452676,871892-23-8,N#Cc1ccccc1,,,https://doi.org/10.1021/acs.est.1c05409,benzene,Aromatic & PAHs,InChI=1S/C7H5N/c8-6-7-4-2-1-3-5-7/h1-5H,JFDZBHWFFUWGJE-UHFFFAOYSA-N
1514,"Benzotriazole (1,2,3-Benztriazole)",9.880813592,95-14-7,C1=CC2=NNN=C2C=C1,,,https://doi.org/10.1021/acsestengg.5c00573,cyclo,Aromatic & PAHs,"InChI=1S/C6H5N3/c1-2-4-6-5(3-1)7-9-8-6/h1-4H,(H,7,8,9)",QRUDEWIWKLJBPS-UHFFFAOYSA-N
1515,Benzyl methyl ether,10,538-86-3,COCC1=CC=CC=C1,,,https://doi.org/10.1021/acsestengg.5c00552,alcohol,Oxygenated organics,"InChI=1S/C8H10O/c1-9-7-8-5-3-2-4-6-8/h2-6H,7H2,1H3",GQKZBCPTCWJTAS-UHFFFAOYSA-N
1516,Benzylpenicilloic acid,9.851258349,87492-68-0,CC1(C)SC(C(NC(=O)Cc2ccccc2)C(=O)O)NC1C(=O)O,,,https://doi.org/10.1021/acs.est.1c05096,"sulfide, disulfide",Sulfur-containing organics,"InChI=1S/C16H20N2O5S/c1-16(2)12(15(22)23)18-13(24-16)11(14(20)21)17-10(19)8-9-6-4-3-5-7-9/h3-7,11-13,18H,8H2,1-2H3,(H,17,19)(H,20,21)(H,22,23)",HCYWNSXLUZRKJX-UHFFFAOYSA-N
1517,Bezafibrate,9.899820502,153758-85-1,CC(C)(Oc1ccc(CCNC(=O)c2ccc(Cl)cc2)cc1)C(=O)O,,,https://doi.org/10.1021/acs.est.1c05691,benzene,Aromatic & PAHs,"InChI=1S/C19H20ClNO4/c1-19(2,18(23)24)25-16-9-3-13(4-10-16)11-12-21-17(22)14-5-7-15(20)8-6-14/h3-10H,11-12H2,1-2H3,(H,21,22)(H,23,24)",IIBYAHWJQTYFKB-UHFFFAOYSA-N
1518,Biotin,9.579783597,194920-55-3,O=C(O)CCCC[C@@H]1SC[C@@H]2NC(=O)N[C@H]12,,,https://doi.org/10.1021/acs.est.1c05028,"sulfide, disulfide",Sulfur-containing organics,"InChI=1S/C10H16N2O3S/c13-8(14)4-2-1-3-7-9-6(5-16-7)11-10(15)12-9/h6-7,9H,1-5H2,(H,13,14)(H2,11,12,15)/t6-,7-,9-/m0/s1",YBJHBAHKTGYVGT-ZKWXMUAHSA-N
1519,Biphenyl,10,102664-84-6,c1ccc(-c2ccccc2)cc1,,,https://doi.org/10.1021/acs.est.1c05549,benzene,Aromatic & PAHs,InChI=1S/C12H10/c1-3-7-11(8-4-1)12-9-5-2-6-10-12/h1-10H,ZUOUZKKEUPVFJK-UHFFFAOYSA-N
1520,Biphenyl,10,92-52-4,C1=CC=C(C=C1)C2=CC=CC=C2,,,https://doi.org/10.1021/acsestengg.5c00553,cyclo,Aromatic & PAHs,InChI=1S/C12H10/c1-3-7-11(8-4-1)12-9-5-2-6-10-12/h1-10H,ZUOUZKKEUPVFJK-UHFFFAOYSA-N
1521,Bis(imidazol-2-yl)methane,9.968015714,64269-80-3,c1c[nH]c(Cc2ncc[nH]2)n1,,,https://doi.org/10.1021/acs.est.1c05154,halogenated,Halogenated organics,"InChI=1S/C7H8N4/c1-2-9-6(8-1)5-7-10-3-4-11-7/h1-4H,5H2,(H,8,9)(H,10,11)",DKWVMFVZPTZPJE-UHFFFAOYSA-N
1522,Bisphenol A,9.840106094,68440-77-7,CC(C)(c1ccc(O)cc1)c1ccc(O)cc1,,,https://doi.org/10.1021/acs.est.1c05275,benzene,Aromatic & PAHs,"InChI=1S/C15H16O2/c1-15(2,11-3-7-13(16)8-4-11)12-5-9-14(17)10-6-12/h3-10,16-17H,1-2H3",IISBACLAFKSPIT-UHFFFAOYSA-N
1523,Bromoacetonitrile,7.602059991,590-17-0,N#CCBr,,,https://doi.org/10.1021/acs.est.1c04934,halogenated,Halogenated organics,InChI=1S/C2H2BrN/c3-1-2-4/h1H2,REXUYBKPWIPONM-UHFFFAOYSA-N
1524,Bromobenzene,9.643452676,495405-42-0,Brc1ccccc1,,,https://doi.org/10.1021/acs.est.1c04576,benzene,Aromatic & PAHs,InChI=1S/C6H5Br/c7-6-4-2-1-3-5-6/h1-5H,QARVLSVVCXYDNA-UHFFFAOYSA-N
1525,Bromoethane,8.113943352,63882-54-2,CCBr,,,https://doi.org/10.1021/acs.est.1c05002,alkane,Aliphatic hydrocarbons,"InChI=1S/C2H5Br/c1-2-3/h2H2,1H3",RDHPKYGYEGBMSE-UHFFFAOYSA-N
1526,Bromoform,8.11058971,75-25-2,BrC(Br)Br,,,https://doi.org/10.1021/acs.est.1c05095,halogenated,Halogenated organics,InChI=1S/CHBr3/c2-1(3)4/h1H,DIKBFYAXUHHXCS-UHFFFAOYSA-N
1527,Burimamide,10.07918125,163932-06-7,CNC(=S)NCCCCc1cnc[nH]1,,,https://doi.org/10.1021/acs.est.1c05531,halogenated,Halogenated organics,"InChI=1S/C9H16N4S/c1-10-9(14)12-5-3-2-4-8-6-11-7-13-8/h6-7H,2-5H2,1H3,(H,11,13)(H2,10,12,14)",HXRBAVXGYZUSED-UHFFFAOYSA-N
1528,But-1-ene,9.84509804,68937-10-0,CCC=C,,,https://doi.org/10.1021/acs.est.1c04511,alkane,Aliphatic hydrocarbons,"InChI=1S/C4H8/c1-3-4-2/h3H,1,4H2,2H3",VXNZUUAINFGPBY-UHFFFAOYSA-N
1529,But-2-enedioic acid,9.77815125,6308-93-6,OC(=O)\C=C\C(O)=O,,,https://doi.org/10.1021/acs.est.1c04783,alcohol,Oxygenated organics,"InChI=1S/C4H4O4/c5-3(6)1-2-4(7)8/h1-2H,(H,5,6)(H,7,8)/b2-1+",VZCYOOQTPOCHFL-OWOJBTEDSA-N
1530,Butadiene,9.84509804,67762-70-3,C=CC=C,,,https://doi.org/10.1021/acs.est.1c05686,halogenated,Halogenated organics,"InChI=1S/C4H6/c1-3-4-2/h3-4H,1-2H2",KAKZBPTYRLMSJV-UHFFFAOYSA-N
1531,Butan-1-ol,9.633468456,177072-52-5,CCCCO,,,https://doi.org/10.1021/acs.est.1c05436,alkane,Aliphatic hydrocarbons,"InChI=1S/C4H10O/c1-2-3-4-5/h5H,2-4H2,1H3",LRHPLDYGYMQRHN-UHFFFAOYSA-N
1532,Butan-2-ol,9.544068044,57502-37-1,CCC(C)O,,,https://doi.org/10.1021/acs.est.1c05018,alkane,Aliphatic hydrocarbons,"InChI=1S/C4H10O/c1-3-4(2)5/h4-5H,3H2,1-2H3",BTANRVKWQNVYAZ-UHFFFAOYSA-N
1533,"Butane-1,3-diol",9.342422681,143136-57-6,CC(O)CCO,,,https://doi.org/10.1021/acs.est.1c04898,alkane,Aliphatic hydrocarbons,"InChI=1S/C4H10O2/c1-4(6)2-3-5/h4-6H,2-3H2,1H3",PUPZLCDOIYMWBV-UHFFFAOYSA-N
1534,"Butane-1,4-diol",9.505149978,34090-00-1,OCCCCO,,,https://doi.org/10.1021/acs.est.1c04385,alcohol,Oxygenated organics,"InChI=1S/C4H10O2/c5-3-1-2-4-6/h5-6H,1-4H2",WERYXYBDKMZEQL-UHFFFAOYSA-N
1535,"Butane-2,3-dione",8.447158031,431-03-8,CC(=O)C(C)=O,,,https://doi.org/10.1021/acs.est.1c05574,alkane,Aliphatic hydrocarbons,InChI=1S/C4H6O2/c1-3(5)4(2)6/h1-2H3,QSJXEFYPDANLFS-UHFFFAOYSA-N
1536,Butanedinitrile,8.579783597,146328-26-9,N#CCCC#N,,,https://doi.org/10.1021/acs.est.1c05487,halogenated,Halogenated organics,InChI=1S/C4H4N2/c5-3-1-2-4-6/h1-2H2,IAHFWCOBPZCAEA-UHFFFAOYSA-N
1537,Butyl acetate,9.255272505,103999-06-0,CCCCOC(C)=O,,,https://doi.org/10.1021/acs.est.1c05626,alcohol,Oxygenated organics,"InChI=1S/C6H12O2/c1-3-4-5-8-6(2)7/h3-5H2,1-2H3",DKPFZGUDAPQIHT-UHFFFAOYSA-N
1538,Butyl acrylate,9.740362689,25232-27-3,C=CC(=O)OCCCC,,,https://doi.org/10.1021/acs.est.1c05220,alcohol,Oxygenated organics,"InChI=1S/C7H12O2/c1-3-5-6-9-7(8)4-2/h4H,2-3,5-6H2,1H3",CQEYYJKEWSMYFG-UHFFFAOYSA-N
1539,Butyl methacrylate,10.07918125,97-88-1,C=C(C)C(=O)OCCCC,,,https://doi.org/10.1021/acs.est.1c05563,alcohol,Oxygenated organics,"InChI=1S/C8H14O2/c1-4-5-6-10-8(9)7(2)3/h2,4-6H2,1,3H3",SOGAXMICEFXMKE-UHFFFAOYSA-N
1540,Butylbenzyl phthalate,9.599883072,72170-45-7,CCCCC(OC(=O)c1ccccc1C(=O)O)c1ccccc1,,,https://doi.org/10.1021/acs.est.1c04696,benzene,Aromatic & PAHs,"InChI=1S/C19H20O4/c1-2-3-13-17(14-9-5-4-6-10-14)23-19(22)16-12-8-7-11-15(16)18(20)21/h4-12,17H,2-3,13H2,1H3,(H,20,21)",NCDVYJJVDGHRLO-UHFFFAOYSA-N
1541,Cresyl Diphenyl Phosphate (CDPP),9.876217841,26444-49-5,Cc1ccc(OP(=O)(Oc2ccccc2)Oc2ccccc2)cc1,,,https://doi.org/10.1021/acs.est.1c04892,alcohol,Oxygenated organics,"InChI=1S/C19H17O4P/c1-16-12-14-19(15-13-16)23-24(20,21-17-8-4-2-5-9-17)22-18-10-6-3-7-11-18/h2-15H,1H3",OJUZRFGUKHQNJX-UHFFFAOYSA-N
1542,Cresyl Diphenyl Phosphate (CDPP),9.88,26444-49-5,Cc1ccc(OP(=O)(Oc2ccccc2)Oc2ccccc2)cc1,7,25,https://doi.org/10.1021/acs.est.4c11950,alcohol,Oxygenated organics,"InChI=1S/C19H17O4P/c1-16-12-14-19(15-13-16)23-24(20,21-17-8-4-2-5-9-17)22-18-10-6-3-7-11-18/h2-15H,1H3",OJUZRFGUKHQNJX-UHFFFAOYSA-N
1543,CTAB,10.04,57-09-0,CCCCCCCCCCCCCCCC[N+](C)(C)C.[Br-],7,25,NIST,alkane,Aliphatic hydrocarbons,"InChI=1S/C19H42N.BrH/c1-5-6-7-8-9-10-11-12-13-14-15-16-17-18-19-20(2,3)4;/h5-19H2,1-4H3;1H/q+1;/p-1",LZZYPRNAOMGNLH-UHFFFAOYSA-M
1544,Caffeoylputrescine,10,1400-81-3,NCCCCNC(=O)/C=C/c1ccc(O)c(O)c1,,,https://doi.org/10.1021/acs.est.1c04973,benzene,Aromatic & PAHs,"InChI=1S/C13H18N2O3/c14-7-1-2-8-15-13(18)6-4-10-3-5-11(16)12(17)9-10/h3-6,9,16-17H,1-2,7-8,14H2,(H,15,18)/b6-4+",KTZNZCYTXQYEHT-GQCTYLIASA-N
1545,Camphor,9.612783857,464-49-3,CC12CCC(CC1=O)C2(C)C,,,https://doi.org/10.1021/acs.est.1c05430,alkane,Aliphatic hydrocarbons,"InChI=1S/C10H16O/c1-9(2)7-4-5-10(9,3)8(11)6-7/h7H,4-6H2,1-3H3",DSSYKIVIOFKYAU-UHFFFAOYSA-N
1546,Captopril,10.44715803,1356383-38-4,C[C@H](CS)C(=O)N1CCC[C@H]1C(=O)O,,,https://doi.org/10.1021/acs.est.1c04997,halogenated,Halogenated organics,"InChI=1S/C9H15NO3S/c1-6(5-14)8(11)10-4-2-3-7(10)9(12)13/h6-7,14H,2-5H2,1H3,(H,12,13)/t6-,7+/m1/s1",FAKRSMQSSFJEIM-RQJHMYQMSA-N
1547,Carbamazepine,9.940018155,1189902-21-3,NC(=O)N1c2ccccc2C=Cc2ccccc21,,,https://doi.org/10.1021/acs.est.1c04345,benzene,Aromatic & PAHs,"InChI=1S/C15H12N2O/c16-15(18)17-13-7-3-1-5-11(13)9-10-12-6-2-4-8-14(12)17/h1-10H,(H2,16,18)",FFGPTBGBLSHEPO-UHFFFAOYSA-N
1548,Carbofuran,9.505149978,2140327-57-5,CNC(=O)Oc1cccc2c1OC(C)(C)C2,,,https://doi.org/10.1021/acs.est.1c04565,diol,Polyfunctional / highly functionalized,"InChI=1S/C12H15NO3/c1-12(2)7-8-5-4-6-9(10(8)16-12)15-11(14)13-3/h4-6H,7H2,1-3H3,(H,13,14)",DUEPRVBVGDRKAG-UHFFFAOYSA-N
1549,Carmine,10.11394335,91254-20-5,Cc1c(C(=O)O)c(O)cc2c1C(=O)c1c(O)c([C@H]3O[C@H](CO)[C@@H](O)[C@H](O)[C@H]3O)c(O)c(O)c1C2=O,,,https://doi.org/10.1021/acs.est.1c04662,diol,Polyfunctional / highly functionalized,"InChI=1S/C22H20O13/c1-4-8-5(2-6(24)9(4)22(33)34)13(25)10-11(15(8)27)16(28)12(18(30)17(10)29)21-20(32)19(31)14(26)7(3-23)35-21/h2,7,14,19-21,23-24,26,28-32H,3H2,1H3,(H,33,34)/t7-,14-,19+,20-,21-/m1/s1",DGQLVPJVXFOQEV-NGOCYOHBSA-N
1550,Carnosine,9.505149978,9023-61-4,NCCC(=O)N[C@@H](Cc1cnc[nH]1)C(=O)O,,,https://doi.org/10.1021/acs.est.1c04936,halogenated,Halogenated organics,"InChI=1S/C9H14N4O3/c10-2-1-8(14)13-7(9(15)16)3-6-4-11-5-12-6/h4-5,7H,1-3,10H2,(H,11,12)(H,13,14)(H,15,16)/t7-/m0/s1",CQOVPNPJLQNMDC-ZETCQYMHSA-N
1551,Catechin,9.113943352,52891-13-1,Oc1cc(O)c2c(c1)O[C@H](c1ccc(O)c(O)c1)[C@@H](O)C2,,,https://doi.org/10.1021/acs.est.1c04611,alcohol,Oxygenated organics,"InChI=1S/C15H14O6/c16-8-4-11(18)9-6-13(20)15(21-14(9)5-8)7-1-2-10(17)12(19)3-7/h1-5,13,15-20H,6H2/t13-,15+/m0/s1",PFTAWBLQPZVEMU-DZGCQCFKSA-N
1552,Ceftazidime,9.898176483,1393723-27-7,CC(C)(O/N=C(\C(=O)N[C@@H]1C(=O)N2C(C(=O)[O-])=C(C[n+]3ccccc3)CS[C@H]12)c1csc(N)n1)C(=O)O,,,https://doi.org/10.1021/acs.est.1c05297,"sulfide, disulfide",Sulfur-containing organics,"InChI=1S/C22H22N6O7S2/c1-22(2,20(33)34)35-26-13(12-10-37-21(23)24-12)16(29)25-14-17(30)28-15(19(31)32)11(9-36-18(14)28)8-27-6-4-3-5-7-27/h3-7,10,14,18H,8-9H2,1-2H3,(H4-,23,24,25,29,31,32,33,34)/b26-13-/t14-,18-/m1/s1",ORFOPKXBNMVMKC-DWVKKRMSSA-N
1553,Cephalexin,9.92992956,2101505-56-8,CC1=C(C(=O)O)N2C(=O)[C@@H](NC(=O)[C@H](N)c3ccccc3)[C@H]2SC1,,,https://doi.org/10.1021/acs.est.1c04431,"sulfide, disulfide",Sulfur-containing organics,"InChI=1S/C16H17N3O4S/c1-8-7-24-15-11(14(21)19(15)12(8)16(22)23)18-13(20)10(17)9-5-3-2-4-6-9/h2-6,10-11,15H,7,17H2,1H3,(H,18,20)(H,22,23)/t10-,11-,15-/m1/s1",ZAIPMKNFIOOWCQ-UEKVPHQBSA-N
1554,Chloramphenicol,9.762678564,579-51-1,O=C(NC(CO)C(O)c1ccc([N+](=O)[O-])cc1)C(Cl)Cl,,,https://doi.org/10.1021/acs.est.1c04476,cyclo,Aromatic & PAHs,"InChI=1S/C11H12Cl2N2O5/c12-10(13)11(18)14-8(5-16)9(17)6-1-3-7(4-2-6)15(19)20/h1-4,8-10,16-17H,5H2,(H,14,18)",WIIZWVCIJKGZOK-UHFFFAOYSA-N
1555,Chlorfenvinphos,9.505149978,1346606-54-9,CCOP(=O)(OCC)O/C(=C\Cl)c1ccc(Cl)cc1Cl,,,https://doi.org/10.1021/acs.est.1c05507,benzene,Aromatic & PAHs,"InChI=1S/C12H14Cl3O4P/c1-3-17-20(16,18-4-2)19-12(8-13)10-6-5-9(14)7-11(10)15/h5-8H,3-4H2,1-2H3/b12-8-",FSAVDKDHPDSCTO-WQLSENKSSA-N
1556,Chloroacetaldehyde,9.079181246,34789-09-8,O=CCCl,,,https://doi.org/10.1021/acs.est.1c04816,halogenated,Halogenated organics,"InChI=1S/C2H3ClO/c3-1-2-4/h2H,1H2",QSKPIOLLBIHNAC-UHFFFAOYSA-N
1557,Chloroacetonitrile,7.477121255,1250587-61-1,N#CCCl,,,https://doi.org/10.1021/acs.est.1c05662,halogenated,Halogenated organics,InChI=1S/C2H2ClN/c3-1-2-4/h1H2,RENMDAKOXSCIGH-UHFFFAOYSA-N
1558,Chlorobenzene,9.740362689,12082-03-0,Clc1ccccc1,,,https://doi.org/10.1021/acs.est.1c05592,benzene,Aromatic & PAHs,InChI=1S/C6H5Cl/c7-6-4-2-1-3-5-6/h1-5H,MVPPADPHJFYWMZ-UHFFFAOYSA-N
1559,Chloroethene,10.07918125,24937-97-1,ClC=C,,,https://doi.org/10.1021/acs.est.1c05340,halogenated,Halogenated organics,"InChI=1S/C2H3Cl/c1-2-3/h2H,1H2",BZHJMEDXRYGGRV-UHFFFAOYSA-N
1560,Chloroethylene,10.07918125,118020-37-4,C=CCl,,,https://doi.org/10.1021/acs.est.1c04397,halogenated,Halogenated organics,"InChI=1S/C2H3Cl/c1-2-3/h2H,1H2",BZHJMEDXRYGGRV-UHFFFAOYSA-N
1561,Chloroform,7.729974286,67-66-3,ClC(Cl)Cl,,,https://doi.org/10.1021/acs.est.1c05629,halogenated,Halogenated organics,InChI=1S/CHCl3/c2-1(3)4/h1H,HEDRZPFGACZZDS-UHFFFAOYSA-N
1562,Chloroiodomethane,9.602059991,816444-86-7,ClCI,,,https://doi.org/10.1021/acs.est.1c04464,halogenated,Halogenated organics,InChI=1S/CH2ClI/c2-1-3/h1H2,PJGJQVRXEUVAFT-UHFFFAOYSA-N
1563,Chlortetracycline,9.720159303,51209-76-8,CN(C)[C@@H]1C(=O)/C(=C(\N)O)C(=O)[C@@]2(O)C(=O)C3=C(O)c4c(O)ccc(Cl)c4[C@@](C)(O)[C@H]3C[C@@H]12,,,https://doi.org/10.1021/acs.est.1c04771,halogenated,Halogenated organics,"InChI=1S/C22H23ClN2O8/c1-21(32)7-6-8-15(25(2)3)17(28)13(20(24)31)19(30)22(8,33)18(29)11(7)16(27)12-10(26)5-4-9(23)14(12)21/h4-5,7-8,15,26-27,31-33H,6,24H2,1-3H3/b20-13-/t7-,8-,15-,21-,22-/m0/s1",WKZUQOQLOHMCQC-XHJBQRPKSA-N
1564,Chlortoluron,9.840106094,37341-10-9,Cc1ccc(NC(=O)N(C)C)cc1Cl,,,https://doi.org/10.1021/acs.est.1c04367,cyclo,Aromatic & PAHs,"InChI=1S/C10H13ClN2O/c1-7-4-5-8(6-9(7)11)12-10(14)13(2)3/h4-6H,1-3H3,(H,12,14)",JXCGFZXSOMJFOA-UHFFFAOYSA-N
1565,Cimetidine,10.07918125,38603-74-6,CN/C(=N\C#N)NCCSCc1nc[nH]c1C,,,https://doi.org/10.1021/acs.est.1c05485,"sulfide, disulfide",Sulfur-containing organics,"InChI=1S/C10H16N6S/c1-8-9(16-7-15-8)5-17-4-3-13-10(12-2)14-6-11/h7H,3-5H2,1-2H3,(H,15,16)(H2,12,13,14)",AQIXAKUUQRKLND-UHFFFAOYSA-N
1566,Ciprofloxacin,9.609594409,93398-92-6,O=C(O)c1cn(C2CC2)c2cc(N3CCNCC3)c(F)cc2c1=O,,,https://doi.org/10.1021/acs.est.1c04832,benzene,Aromatic & PAHs,"InChI=1S/C17H18FN3O3/c18-13-7-11-14(8-15(13)20-5-3-19-4-6-20)21(10-1-2-10)9-12(16(11)22)17(23)24/h7-10,19H,1-6H2,(H,23,24)",MYSWGUAQZAJSOK-UHFFFAOYSA-N
1567,Citrulline,9.079181246,197704-69-1,NC(=O)NCCC[C@H](N)C(=O)O,,,https://doi.org/10.1021/acs.est.1c04736,halogenated,Halogenated organics,"InChI=1S/C6H13N3O3/c7-4(5(10)11)2-1-3-9-6(8)12/h4H,1-3,7H2,(H,10,11)(H3,8,9,12)/t4-/m0/s1",RHGKLRLOHDJJDR-BYPYZUCNSA-N
1568,Clofibric acid,9.720159303,72072-47-0,CC(C)(Oc1ccc(Cl)cc1)C(=O)O,,,https://doi.org/10.1021/acs.est.1c04449,alkane,Aliphatic hydrocarbons,"InChI=1S/C10H11ClO3/c1-10(2,9(12)13)14-8-5-3-7(11)4-6-8/h3-6H,1-2H3,(H,12,13)",TXCGAZHTZHNUAI-UHFFFAOYSA-N
1569,Cobalt (II) iminodiacetate (CoIDA),8.76,13869-30-2,O=C([O-])CNCC(=O)[O-].[Co+2],7,25,NIST,diol,Polyfunctional / highly functionalized,"InChI=1S/C4H7NO4.Co/c6-3(7)1-5-2-4(8)9;/h5H,1-2H2,(H,6,7)(H,8,9);/q;+2/p-2",JPLLNSPOBSJSMY-UHFFFAOYSA-L
1570,CoNTA,8.64,607353-33-3,O=C([O-])CN(CC(=O)[O-])CC(=O)[O-].[Co+3],6,25,NIST,diol,Polyfunctional / highly functionalized,"InChI=1S/C6H9NO6.Co/c8-4(9)1-7(2-5(10)11)3-6(12)13;/h1-3H2,(H,8,9)(H,10,11)(H,12,13);/q;+3/p-3",JIAJYOPTFPKVKO-UHFFFAOYSA-K
1571,Coenzyme A,9.491361694,69412-18-6,CC(C)(COP(=O)(O)OP(=O)(O)OC[C@H]1O[C@@H](n2cnc3c(N)ncnc32)[C@H](O)[C@@H]1OP(=O)(O)O)[C@@H](O)C(=O)NCCC(=O)NCCS,,,https://doi.org/10.1021/acs.est.1c04550,diol,Polyfunctional / highly functionalized,"InChI=1S/C21H36N7O16P3S/c1-21(2,16(31)19(32)24-4-3-12(29)23-5-6-48)8-41-47(38,39)44-46(36,37)40-7-11-15(43-45(33,34)35)14(30)20(42-11)28-10-27-13-17(22)25-9-26-18(13)28/h9-11,14-16,20,30-31,48H,3-8H2,1-2H3,(H,23,29)(H,24,32)(H,36,37)(H,38,39)(H2,22,25,26)(H2,33,34,35)/t11-,14-,15-,16+,20-/m1/s1",RGJOEKWQDUBAIZ-IBOSZNHHSA-N
1572,Convicine,10.17609126,19286-37-4,Nc1[nH]c(=O)[nH]c(=O)c1O[C@@H]1O[C@H](CO)[C@@H](O)[C@H](O)[C@H]1O,,,https://doi.org/10.1021/acs.est.1c05386,diol,Polyfunctional / highly functionalized,"InChI=1S/C10H15N3O8/c11-7-6(8(18)13-10(19)12-7)21-9-5(17)4(16)3(15)2(1-14)20-9/h2-5,9,14-17H,1H2,(H4,11,12,13,18,19)/t2-,3-,4+,5-,9+/m1/s1",JJWYIMQKLTVAGZ-SYCVNHKBSA-N
1573,Coumarin,9.301029996,68952-72-7,O=c1ccc2ccccc2o1,,,https://doi.org/10.1021/acs.est.1c05189,benzene,Aromatic & PAHs,InChI=1S/C9H6O2/c10-9-6-5-7-3-1-2-4-8(7)11-9/h1-6H,ZYGHJZDHTFUPRJ-UHFFFAOYSA-N
1574,Crocetin,10.36172784,91740-80-6,CC(/C=C/C=C(\C)C(=O)O)=C\C=C\C=C(C)\C=C\C=C(/C)C(=O)O,,,https://doi.org/10.1021/acs.est.1c05081,alkane,Aliphatic hydrocarbons,"InChI=1S/C20H24O4/c1-15(11-7-13-17(3)19(21)22)9-5-6-10-16(2)12-8-14-18(4)20(23)24/h5-14H,1-4H3,(H,21,22)(H,23,24)/b6-5+,11-7+,12-8+,15-9+,16-10+,17-13+,18-14+",PANKHBYNKQNAHN-MQQNZMFNSA-N
1575,Crocin,10.462398,52841-81-3,CC(/C=C/C=C(\C)C(=O)O[C@@H]1O[C@H](CO[C@@H]2O[C@H](CO)[C@@H](O)[C@H](O)[C@H]2O)[C@@H](O)[C@H](O)[C@H]1O)=C\C=C\C=C(C)\C=C\C=C(/C)C(=O)O[C@@H]1O[C@H](CO[C@@H]2O[C@H](CO)[C@@H](O)[C@H](O)[C@H]2O)[C@@H](O)[C@H](O)[C@H]1O,,,https://doi.org/10.1021/acs.est.1c04393,diol,Polyfunctional / highly functionalized,"InChI=1S/C44H64O24/c1-19(11-7-13-21(3)39(59)67-43-37(57)33(53)29(49)25(65-43)17-61-41-35(55)31(51)27(47)23(15-45)63-41)9-5-6-10-20(2)12-8-14-22(4)40(60)68-44-38(58)34(54)30(50)26(66-44)18-62-42-36(56)32(52)28(48)24(16-46)64-42/h5-14,23-38,41-58H,15-18H2,1-4H3/b6-5+,11-7+,12-8+,19-9+,20-10+,21-13+,22-14+/t23-,24-,25-,26-,27-,28-,29-,30-,31+,32+,33+,34+,35-,36-,37-,38-,41-,42-,43+,44+/m1/s1",SEBIKDIMAPSUBY-RTJKDTQDSA-N
1576,Crotonic acid,9.462397998,5707-59-5,C/C=C/C(=O)O,,,https://doi.org/10.1021/acs.est.1c05109,halogenated,Halogenated organics,"InChI=1S/C4H6O2/c1-2-3-4(5)6/h2-3H,1H3,(H,5,6)/b3-2+",LDHQCZJRKDOVOX-NSCUHMNNSA-N
1577,Copper (II) iminodiacetate (CuIDA),9.15,14219-31-9,O=C([O-])CNCC(=O)[O-].[Cu+2],7,25,NIST,halogenated,Halogenated organics,"InChI=1S/C4H7NO4.Cu/c6-3(7)1-5-2-4(8)9;/h5H,1-2H2,(H,6,7)(H,8,9);/q;+2/p-2",KBRWUTUSBJVEEN-UHFFFAOYSA-L
1578,Cumene,9.875061263,92112-58-8,CC(C)c1ccccc1,,,https://doi.org/10.1021/acs.est.1c04746,benzene,Aromatic & PAHs,"InChI=1S/C9H12/c1-8(2)9-6-4-3-5-7-9/h3-8H,1-2H3",RWGFKTVRMDUZSP-UHFFFAOYSA-N
1579,Cyanazine,9.278753601,157673-75-1,CCNc1nc(Cl)nc(NC(C)(C)C#N)n1,,,https://doi.org/10.1021/acs.est.1c05613,alkane,Aliphatic hydrocarbons,"InChI=1S/C9H13ClN6/c1-4-12-7-13-6(10)14-8(15-7)16-9(2,3)5-11/h4H2,1-3H3,(H2,12,13,14,15,16)",MZZBPDKVEFVLFF-UHFFFAOYSA-N
1580,Cycloheptane,9.886490725,35464-32-5,C1CCCCCC1,,,https://doi.org/10.1021/acs.est.1c04487,cyclo,Aromatic & PAHs,InChI=1S/C7H14/c1-2-4-6-7-5-3-1/h1-7H2,DMEGYFMYUHOHGS-UHFFFAOYSA-N
1581,Cycloheptanol,9.230448921,656826-93-6,OC1CCCCCC1,,,https://doi.org/10.1021/acs.est.1c04856,alcohol,Oxygenated organics,"InChI=1S/C7H14O/c8-7-5-3-1-2-4-6-7/h7-8H,1-6H2",QCRFMSUKWRQZEM-UHFFFAOYSA-N
1582,Cycloheptatriene,10,12128-81-3,C1=CC=CCC=C1,,,https://doi.org/10.1021/acs.est.1c04578,cyclo,Aromatic & PAHs,"InChI=1S/C7H8/c1-2-4-6-7-5-3-1/h1-6H,7H2",CHVJITGCYZJHLR-UHFFFAOYSA-N
1583,Cyclohexane,9.785329835,19509-49-0,C1CCCCC1,,,https://doi.org/10.1021/acs.est.1c05561,benzene,Aromatic & PAHs,InChI=1S/C6H12/c1-2-4-6-5-3-1/h1-6H2,XDTMQSROBMDMFD-UHFFFAOYSA-N
1584,Cyclohexene,9.944482672,19509-49-0,C1CCC=CC1,,,https://doi.org/10.1021/acs.est.1c04979,cyclo,Aromatic & PAHs,"InChI=1S/C6H10/c1-2-4-6-5-3-1/h1-2H,3-6H2",HGCIXCUEYOPUTN-UHFFFAOYSA-N
1585,Cyclohexyl methacrylate,10.17609126,82227-04-1,C=C(C)C(=O)OC1CCCCC1,,,https://doi.org/10.1021/acs.est.1c04633,alcohol,Oxygenated organics,"InChI=1S/C10H16O2/c1-8(2)10(11)12-9-6-4-3-5-7-9/h9H,1,3-7H2,2H3",OIWOHHBRDFKZNC-UHFFFAOYSA-N
1586,Cyclonite,9.041392685,52441-47-1,O=[N+]([O-])N1CN([N+](=O)[O-])CN([N+](=O)[O-])C1,,,https://doi.org/10.1021/acs.est.1c05635,diol,Polyfunctional / highly functionalized,InChI=1S/C3H6N6O6/c10-7(11)4-1-5(8(12)13)3-6(2-4)9(14)15/h1-3H2,XTFIVUDBNACUBN-UHFFFAOYSA-N
1587,Cyclopentane,9.653212514,286425-38-5,C1CCCC1,,,https://doi.org/10.1021/acs.est.1c04773,cyclo,Aromatic & PAHs,InChI=1S/C5H10/c1-2-4-5-3-1/h1-5H2,RGSFGYAAUTVSQA-UHFFFAOYSA-N
1588,Cyclopentene,9.84509804,10016-46-3,C1=CCCC1,,,https://doi.org/10.1021/acs.est.1c04336,cyclo,Aromatic & PAHs,"InChI=1S/C5H8/c1-2-4-5-3-1/h1-2H,3-5H2",LPIQUOYDBNQMRZ-UHFFFAOYSA-N
1589,Cysteine,10.2787536,114507-35-6,N[C@@H](CS)C(=O)O,,,https://doi.org/10.1021/acs.est.1c05324,halogenated,Halogenated organics,"InChI=1S/C3H7NO2S/c4-2(1-7)3(5)6/h2,7H,1,4H2,(H,5,6)/t2-/m0/s1",XUJNEKJLAYXESH-REOHCLBHSA-N
1590,Cystine,9.322219295,40143-67-7,N[C@@H](CSSC[C@H](N)C(=O)O)C(=O)O,,,https://doi.org/10.1021/acs.est.1c05294,halogenated,Halogenated organics,"InChI=1S/C6H12N2O4S2/c7-3(5(9)10)1-13-14-2-4(8)6(11)12/h3-4H,1-2,7-8H2,(H,9,10)(H,11,12)/t3-,4-/m0/s1",LEVWYRKDKASIDU-IMJSIDKUSA-N
1591,Cytidine,9.762678564,65-46-3,Nc1ccn([C@@H]2O[C@H](CO)[C@@H](O)[C@H]2O)c(=O)n1,,,https://doi.org/10.1021/acs.est.1c05083,halogenated,Halogenated organics,"InChI=1S/C9H13N3O5/c10-5-1-2-12(9(16)11-5)8-7(15)6(14)4(3-13)17-8/h1-2,4,6-8,13-15H,3H2,(H2,10,11,16)/t4-,6-,7-,8-/m1/s1",UHDGCWIWMRVCDJ-XVFCMESISA-N
1592,Cytidine 3'-monophosphate,9.812913357,85-94-9,Nc1ccn([C@@H]2O[C@H](CO)[C@@H](OP(=O)(O)O)[C@H]2O)c(=O)n1,,,https://doi.org/10.1021/acs.est.1c04683,halogenated,Halogenated organics,"InChI=1S/C9H14N3O8P/c10-5-1-2-12(9(15)11-5)8-6(14)7(4(3-13)19-8)20-21(16,17)18/h1-2,4,6-8,13-14H,3H2,(H2,10,11,15)(H2,16,17,18)/t4-,6-,7-,8-/m1/s1",UOOOPKANIPLQPU-XVFCMESISA-N
1593,Cytidine 5'-monophosphate,9.672097858,63-37-6,Nc1ccn([C@@H]2O[C@H](COP(=O)(O)O)[C@@H](O)[C@H]2O)c(=O)n1,,,https://doi.org/10.1021/acs.est.1c05449,halogenated,Halogenated organics,"InChI=1S/C9H14N3O8P/c10-5-1-2-12(9(15)11-5)8-7(14)6(13)4(20-8)3-19-21(16,17)18/h1-2,4,6-8,13-14H,3H2,(H2,10,11,15)(H2,16,17,18)/t4-,6-,7-,8-/m1/s1",IERHLVCPSMICTF-XVFCMESISA-N
1594,Cytosine,9.799340549,71-30-7,Nc1cc[nH]c(=O)n1,,,https://doi.org/10.1021/acs.est.1c04998,halogenated,Halogenated organics,"InChI=1S/C4H5N3O/c5-3-1-2-6-4(8)7-3/h1-2H,(H3,5,6,7,8)",OPTASPLRGRRNAP-UHFFFAOYSA-N
1595,D-Amygdalin,9.662757832,51683-43-3,N#C[C@H](O[C@@H]1O[C@H](CO[C@@H]2O[C@H](CO)[C@@H](O)[C@H](O)[C@H]2O)[C@@H](O)[C@H](O)[C@H]1O)c1ccccc1,,,https://doi.org/10.1021/acs.est.1c04977,benzene,Aromatic & PAHs,"InChI=1S/C20H27NO11/c21-6-10(9-4-2-1-3-5-9)30-20-18(28)16(26)14(24)12(32-20)8-29-19-17(27)15(25)13(23)11(7-22)31-19/h1-5,10-20,22-28H,7-8H2/t10-,11+,12+,13+,14+,15-,16-,17+,18+,19+,20+/m0/s1",XUCIJNAGGSZNQT-JHSLDZJXSA-N
1596,D-Fructose,9.204119983,108311-21-3,O=C(CO)[C@@H](O)[C@H](O)[C@H](O)CO,,,https://doi.org/10.1021/acs.est.1c04675,halogenated,Halogenated organics,"InChI=1S/C6H12O6/c7-1-3(9)5(11)6(12)4(10)2-8/h3,5-9,11-12H,1-2H2/t3-,5-,6-/m1/s1",BJHIKXHVCXFQLS-UYFOZJQFSA-N
1597,D-Galactose,9.301029996,10257-28-0,O=C[C@H](O)[C@@H](O)[C@@H](O)[C@H](O)CO,,,https://doi.org/10.1021/acs.est.1c05314,halogenated,Halogenated organics,"InChI=1S/C6H12O6/c7-1-3(9)5(11)6(12)4(10)2-8/h1,3-6,8-12H,2H2/t3-,4+,5+,6-/m0/s1",GZCGUPFRVQAUEE-KCDKBNATSA-N
1598,D-Glucuronolactone,9.230448921,9028-66-4,O=C[C@H](O)[C@H]1OC(=O)[C@@H](O)[C@H]1O,,,https://doi.org/10.1021/acs.est.1c05078,diol,Polyfunctional / highly functionalized,"InChI=1S/C6H8O6/c7-1-2(8)5-3(9)4(10)6(11)12-5/h1-5,8-10H/t2-,3+,4-,5+/m0/s1",UYUXSRADSPPKRZ-SKNVOMKLSA-N
1599,D-Xylose,9.342422681,41247-05-6,O=C[C@H](O)[C@@H](O)[C@H](O)CO,,,https://doi.org/10.1021/acs.est.1c05073,halogenated,Halogenated organics,"InChI=1S/C5H10O5/c6-1-3(8)5(10)4(9)2-7/h1,3-5,7-10H,2H2/t3-,4+,5+/m0/s1",PYMYPHUHKUWMLA-VPENINKCSA-N
1600,D-amygdalin,9.66,51683-43-3,N#C[C@H](O[C@@H]1O[C@H](CO[C@@H]2O[C@H](CO)[C@@H](O)[C@H](O)[C@H]2O)[C@@H](O)[C@H](O)[C@H]1O)c1ccccc1,7,25,https://doi.org/10.1021/acs.est.4c11950,benzene,Aromatic & PAHs,"InChI=1S/C20H27NO11/c21-6-10(9-4-2-1-3-5-9)30-20-18(28)16(26)14(24)12(32-20)8-29-19-17(27)15(25)13(23)11(7-22)31-19/h1-5,10-20,22-28H,7-8H2/t10-,11+,12+,13+,14+,15-,16-,17+,18+,19+,20+/m0/s1",XUCIJNAGGSZNQT-JHSLDZJXSA-N
1601,D-fructose,9.2,108311-21-3,O=C(CO)[C@@H](O)[C@H](O)[C@H](O)CO,7,25,NIST,halogenated,Halogenated organics,"InChI=1S/C6H12O6/c7-1-3(9)5(11)6(12)4(10)2-8/h3,5-9,11-12H,1-2H2/t3-,5-,6-/m1/s1",BJHIKXHVCXFQLS-UYFOZJQFSA-N
1602,D-fructose 1-phosphate,9.71,6934-25-4,O=P(O)(O)OCC1(O)OC(CO)C(O)C1O,7,25,NIST,diol,Polyfunctional / highly functionalized,"InChI=1S/C6H13O9P/c7-1-3-4(8)5(9)6(10,15-3)2-14-16(11,12)13/h3-5,7-10H,1-2H2,(H2,11,12,13)",RHKKZBWRNHGJEZ-UHFFFAOYSA-N
1603,D-fructose 6-phosphate,9.95,6934-25-4,O=P(O)(O)OCC1OC(O)(CO)C(O)C1O,7,25,NIST,diol,Polyfunctional / highly functionalized,"InChI=1S/C6H13O9P/c7-2-6(10)5(9)4(8)3(15-6)1-14-16(11,12)13/h3-5,7-10H,1-2H2,(H2,11,12,13)",BGWGXPAPYGQALX-UHFFFAOYSA-N
1604,D-galactose,9.3,10257-28-0,O=C[C@H](O)[C@@H](O)[C@@H](O)[C@H](O)CO,7,25,https://doi.org/10.1021/acs.est.4c11950,halogenated,Halogenated organics,"InChI=1S/C6H12O6/c7-1-3(9)5(11)6(12)4(10)2-8/h1,3-6,8-12H,2H2/t3-,4+,5+,6-/m0/s1",GZCGUPFRVQAUEE-KCDKBNATSA-N
1605,D-galactose,9.3,10257-28-0,OCC1OC(O)C(O)C(O)C1O,6.5,25,NIST,diol,Polyfunctional / highly functionalized,"InChI=1S/C6H12O6/c7-1-2-3(8)4(9)5(10)6(11)12-2/h2-11H,1H2",WQZGKKKJIJFFOK-UHFFFAOYSA-N
1606,D-glucuronolactone,9.23,9028-66-4,O=C[C@H](O)[C@H]1OC(=O)[C@@H](O)[C@H]1O,7,25,https://doi.org/10.1021/acs.est.4c11950,diol,Polyfunctional / highly functionalized,"InChI=1S/C6H8O6/c7-1-2(8)5-3(9)4(10)6(11)12-5/h1-5,8-10H/t2-,3+,4-,5+/m0/s1",UYUXSRADSPPKRZ-SKNVOMKLSA-N
1607,D-xylose,9.34,41247-05-6,O=C[C@H](O)[C@@H](O)[C@H](O)CO,7,25,https://doi.org/10.1021/acs.est.4c11950,halogenated,Halogenated organics,"InChI=1S/C5H10O5/c6-1-3(8)5(10)4(9)2-7/h1,3-5,7-10H,2H2/t3-,4+,5+/m0/s1",PYMYPHUHKUWMLA-VPENINKCSA-N
1608,DBAP,10.2,2087874-92-6,CCOP(=O)(CN(CCO)CCO)OCC,7,25,https://doi.org/10.1021/acs.est.4c11950,diol,Polyfunctional / highly functionalized,"InChI=1S/C9H22NO5P/c1-3-14-16(13,15-4-2)9-10(5-7-11)6-8-12/h11-12H,3-9H2,1-2H3",CCJKFLLIJCGHMO-UHFFFAOYSA-N
1609,DBAP,10.19865709,2087874-92-6,CCOP(=O)(CN(CCO)CCO)OCC,,,https://doi.org/10.1021/acs.est.1c04872,diol,Polyfunctional / highly functionalized,"InChI=1S/C9H22NO5P/c1-3-14-16(13,15-4-2)9-10(5-7-11)6-8-12/h11-12H,3-9H2,1-2H3",CCJKFLLIJCGHMO-UHFFFAOYSA-N
1610,DEEP,9.017033339,58318-16-4,CCOP(=O)(CC)OCC,,,https://doi.org/10.1021/acs.est.1c05546,alcohol,Oxygenated organics,"InChI=1S/C6H15O3P/c1-4-8-10(7,6-3)9-5-2/h4-6H2,1-3H3",AATNZNJRDOVKDD-UHFFFAOYSA-N
1611,DEEP,9.02,58318-16-4,CCOP(=O)(CC)OCC,7,25,https://doi.org/10.1021/acs.est.4c11950,alcohol,Oxygenated organics,"InChI=1S/C6H15O3P/c1-4-8-10(7,6-3)9-5-2/h4-6H2,1-3H3",AATNZNJRDOVKDD-UHFFFAOYSA-N
1612,DEET,9.69,72236-23-8,CCN(CC)C(=O)c1cccc(C)c1,7,25,https://doi.org/10.1021/acs.est.4c11950,benzene,Aromatic & PAHs,"InChI=1S/C12H17NO/c1-4-13(5-2)12(14)11-8-6-7-10(3)9-11/h6-9H,4-5H2,1-3H3",MMOXZBCLCQITDF-UHFFFAOYSA-N
1613,DEHP,10.18,2483736-27-0,CCCCC(CC)COP(=O)(O)OCC(CC)CCCC,7,25,https://doi.org/10.1021/acs.est.4c11950,alcohol,Oxygenated organics,"InChI=1S/C16H35O4P/c1-5-9-11-15(7-3)13-19-21(17,18)20-14-16(8-4)12-10-6-2/h15-16H,5-14H2,1-4H3,(H,17,18)",SEGLCEQVOFDUPX-UHFFFAOYSA-N
1614,DEHP,10.17897695,2483736-27-0,CCCCC(CC)COP(=O)(O)OCC(CC)CCCC,,,https://doi.org/10.1021/acs.est.1c05466,alcohol,Oxygenated organics,"InChI=1S/C16H35O4P/c1-5-9-11-15(7-3)13-19-21(17,18)20-14-16(8-4)12-10-6-2/h15-16H,5-14H2,1-4H3,(H,17,18)",SEGLCEQVOFDUPX-UHFFFAOYSA-N
1615,DIMETHYL DISULFIDE,10.23044892,624-92-0,CSSC,,,https://doi.org/10.1021/acsestengg.5c00256,"sulfide, disulfide",Sulfur-containing organics,InChI=1S/C2H6S2/c1-3-4-2/h1-2H3,WQOXQRCZOLPYPM-UHFFFAOYSA-N
1616,DL-Alanine,7.88592634,53795-94-1,CC(N)C(=O)O,,,https://doi.org/10.1021/acs.est.1c05004,alkane,Aliphatic hydrocarbons,"InChI=1S/C3H7NO2/c1-2(4)3(5)6/h2H,4H2,1H3,(H,5,6)",QNAYBMKLOCPYGJ-UHFFFAOYSA-N
1617,DL-Asparagine,7.69019608,194801-69-9,NC(=O)CC(N)C(=O)O,,,https://doi.org/10.1021/acs.est.1c04528,halogenated,Halogenated organics,"InChI=1S/C4H8N2O3/c5-2(4(8)9)1-3(6)7/h2H,1,5H2,(H2,6,7)(H,8,9)",DCXYFEDJOCDNAF-UHFFFAOYSA-N
1618,DL-Histidine,9.681241237,287484-37-1,NC(Cc1c[nH]cn1)C(=O)O,,,https://doi.org/10.1021/acs.est.1c05072,halogenated,Halogenated organics,"InChI=1S/C6H9N3O2/c7-5(6(10)11)1-4-2-8-3-9-4/h2-3,5H,1,7H2,(H,8,9)(H,10,11)",HNDVDQJCIGZPNO-UHFFFAOYSA-N
1619,DL-Isoleucine,9.255272505,78341-95-4,CCC(C)C(N)C(=O)O,,,https://doi.org/10.1021/acs.est.1c05479,alkane,Aliphatic hydrocarbons,"InChI=1S/C6H13NO2/c1-3-4(2)5(7)6(8)9/h4-5H,3,7H2,1-2H3,(H,8,9)",AGPKZVBTJJNPAG-UHFFFAOYSA-N
1620,DL-Leucine,9.230448921,328-39-2,CC(C)CC(N)C(=O)O,,,https://doi.org/10.1021/acs.est.1c05130,alkane,Aliphatic hydrocarbons,"InChI=1S/C6H13NO2/c1-4(2)3-5(7)6(8)9/h4-5H,3,7H2,1-2H3,(H,8,9)",ROHFNLRQFUQHCH-UHFFFAOYSA-N
1621,DL-Lysine,8.544068044,53510-86-4,NCCCCC(N)C(=O)O,,,https://doi.org/10.1021/acs.est.1c05241,halogenated,Halogenated organics,"InChI=1S/C6H14N2O2/c7-4-2-1-3-5(8)6(9)10/h5H,1-4,7-8H2,(H,9,10)",KDXKERNSBIXSRK-UHFFFAOYSA-N
1622,DL-Phenylalanine,9.838849091,14246-24-3,NC(Cc1ccccc1)C(=O)O,,,https://doi.org/10.1021/acs.est.1c04496,halogenated,Halogenated organics,"InChI=1S/C9H11NO2/c10-8(9(11)12)6-7-4-2-1-3-5-7/h1-5,8H,6,10H2,(H,11,12)",COLNVLDHVKWLRT-UHFFFAOYSA-N
1623,DL-Proline,8.812913357,609-36-9,O=C(O)C1CCCN1,,,https://doi.org/10.1021/acs.est.1c05616,halogenated,Halogenated organics,"InChI=1S/C5H9NO2/c7-5(8)4-2-1-3-6-4/h4,6H,1-3H2,(H,7,8)",ONIBWKKTOPOVIA-UHFFFAOYSA-N
1624,DL-Threonine,8.7084209,138499-66-8,CC(O)C(N)C(=O)O,,,https://doi.org/10.1021/acs.est.1c05453,alkane,Aliphatic hydrocarbons,"InChI=1S/C4H9NO3/c1-2(6)3(5)4(7)8/h2-3,6H,5H2,1H3,(H,7,8)",AYFVYJQAPQTCCC-UHFFFAOYSA-N
1625,DL-Tryptophan,10.11394335,27732-43-0,NC(Cc1c[nH]c2ccccc12)C(=O)O,,,https://doi.org/10.1021/acs.est.1c04443,halogenated,Halogenated organics,"InChI=1S/C11H12N2O2/c12-9(11(14)15)5-7-6-13-10-4-2-1-3-8(7)10/h1-4,6,9,13H,5,12H2,(H,14,15)",QIVBCDIJIAJPQS-UHFFFAOYSA-N
1626,DL-Valine,8.820201459,83181-79-7,CC(C)C(N)C(=O)O,,,https://doi.org/10.1021/acs.est.1c04646,alkane,Aliphatic hydrocarbons,"InChI=1S/C5H11NO2/c1-3(2)4(6)5(7)8/h3-4H,6H2,1-2H3,(H,7,8)",KZSNJWFQEVHDMF-UHFFFAOYSA-N
1627,DL-histidine,9.68,287484-37-1,NC(Cc1cnc[nH]1)C(=O)O,7.5,25,NIST,halogenated,Halogenated organics,"InChI=1S/C6H9N3O2/c7-5(6(10)11)1-4-2-8-3-9-4/h2-3,5H,1,7H2,(H,8,9)(H,10,11)",HNDVDQJCIGZPNO-UHFFFAOYSA-N
1628,DL-histidine,9.7,287484-37-1,NC(Cc1cnc[nH]1)C(=O)O,6,25,NIST,halogenated,Halogenated organics,"InChI=1S/C6H9N3O2/c7-5(6(10)11)1-4-2-8-3-9-4/h2-3,5H,1,7H2,(H,8,9)(H,10,11)",HNDVDQJCIGZPNO-UHFFFAOYSA-N
1629,DL-histidine,9.68,287484-37-1,NC(Cc1c[nH]cn1)C(=O)O,7,25,https://doi.org/10.1021/acs.est.4c11950,halogenated,Halogenated organics,"InChI=1S/C6H9N3O2/c7-5(6(10)11)1-4-2-8-3-9-4/h2-3,5H,1,7H2,(H,8,9)(H,10,11)",HNDVDQJCIGZPNO-UHFFFAOYSA-N
1630,DL-histidine,9.76,287484-37-1,NC(Cc1cnc[nH]1)C(=O)O,7.4,25,NIST,halogenated,Halogenated organics,"InChI=1S/C6H9N3O2/c7-5(6(10)11)1-4-2-8-3-9-4/h2-3,5H,1,7H2,(H,8,9)(H,10,11)",HNDVDQJCIGZPNO-UHFFFAOYSA-N
1631,DL-histidine,9.28,287484-37-1,NC(Cc1cnc[nH]1)C(=O)O,2,25,NIST,halogenated,Halogenated organics,"InChI=1S/C6H9N3O2/c7-5(6(10)11)1-4-2-8-3-9-4/h2-3,5H,1,7H2,(H,8,9)(H,10,11)",HNDVDQJCIGZPNO-UHFFFAOYSA-N
1632,DL-histidyl-DL-histidine,9.95,287484-37-1,NC(Cc1cnc[nH]1)C(=O)NC(Cc1cnc[nH]1)C(=O)O,7,25,NIST,halogenated,Halogenated organics,"InChI=1S/C12H16N6O3/c13-9(1-7-3-14-5-16-7)11(19)18-10(12(20)21)2-8-4-15-6-17-8/h3-6,9-10H,1-2,13H2,(H,14,16)(H,15,17)(H,18,19)(H,20,21)",SGCGMORCWLEJNZ-UHFFFAOYSA-N
1633,DL-leucine,9.57,328-39-2,CC(C)CC(N)C(=O)O,9.8,25,NIST,alkane,Aliphatic hydrocarbons,"InChI=1S/C6H13NO2/c1-4(2)3-5(7)6(8)9/h4-5H,3,7H2,1-2H3,(H,8,9)",ROHFNLRQFUQHCH-UHFFFAOYSA-N
1634,DL-leucine,9.18,328-39-2,CC(C)CC(N)C(=O)O,2,25,NIST,alkane,Aliphatic hydrocarbons,"InChI=1S/C6H13NO2/c1-4(2)3-5(7)6(8)9/h4-5H,3,7H2,1-2H3,(H,8,9)",ROHFNLRQFUQHCH-UHFFFAOYSA-N
1635,DL-leucine,9.23,328-39-2,CC(C)CC(N)C(=O)O,6,25,NIST,alkane,Aliphatic hydrocarbons,"InChI=1S/C6H13NO2/c1-4(2)3-5(7)6(8)9/h4-5H,3,7H2,1-2H3,(H,8,9)",ROHFNLRQFUQHCH-UHFFFAOYSA-N
1636,DL-phenylalanine,9.76,14246-24-3,NC(Cc1ccccc1)C(=O)O,6,25,NIST,halogenated,Halogenated organics,"InChI=1S/C9H11NO2/c10-8(9(11)12)6-7-4-2-1-3-5-7/h1-5,8H,6,10H2,(H,11,12)",COLNVLDHVKWLRT-UHFFFAOYSA-N
1637,DL-phenylalanine,9.82,14246-24-3,NC(Cc1ccccc1)C(=O)O,5.8,25,NIST,halogenated,Halogenated organics,"InChI=1S/C9H11NO2/c10-8(9(11)12)6-7-4-2-1-3-5-7/h1-5,8H,6,10H2,(H,11,12)",COLNVLDHVKWLRT-UHFFFAOYSA-N
1638,DL-phenylalanine,9.95,14246-24-3,NC(Cc1ccccc1)C(=O)O,10.6,25,NIST,halogenated,Halogenated organics,"InChI=1S/C9H11NO2/c10-8(9(11)12)6-7-4-2-1-3-5-7/h1-5,8H,6,10H2,(H,11,12)",COLNVLDHVKWLRT-UHFFFAOYSA-N
1639,DL-phenylalanine,9.76,14246-24-3,NC(Cc1ccccc1)C(=O)O,2,25,NIST,halogenated,Halogenated organics,"InChI=1S/C9H11NO2/c10-8(9(11)12)6-7-4-2-1-3-5-7/h1-5,8H,6,10H2,(H,11,12)",COLNVLDHVKWLRT-UHFFFAOYSA-N
1640,DMAd,9.81,2187367-10-6,CN(C)c1ncnc2c1ncn2[C@@H]1O[C@H](CO)[C@@H](O)[C@H]1O,7.7,25,NIST,cyclo,Aromatic & PAHs,"InChI=1S/C12H17N5O4/c1-16(2)10-7-11(14-4-13-10)17(5-15-7)12-9(20)8(19)6(3-18)21-12/h4-6,8-9,12,18-20H,3H2,1-2H3/t6-,8-,9-,12-/m1/s1",WVGPGNPCZPYCLK-WOUKDFQISA-N
1641,DMPO,9.63,1255087-87-6,CC1(C)CCC=[N+]1[O-],7,25,NIST,alkane,Aliphatic hydrocarbons,"InChI=1S/C6H11NO/c1-6(2)4-3-5-7(6)8/h5H,3-4H2,1-2H3",VCUVETGKTILCLC-UHFFFAOYSA-N
1642,DMPO,9.69,1255087-87-6,CC1(C)CCC=[N+]1[O-],11,25,NIST,alkane,Aliphatic hydrocarbons,"InChI=1S/C6H11NO/c1-6(2)4-3-5-7(6)8/h5H,3-4H2,1-2H3",VCUVETGKTILCLC-UHFFFAOYSA-N
1643,DNBP,9.79,128714-75-0,CCCCOP(=O)(O)OCCCC,7,25,https://doi.org/10.1021/acs.est.4c11950,alcohol,Oxygenated organics,"InChI=1S/C8H19O4P/c1-3-5-7-11-13(9,10)12-8-6-4-2/h3-8H2,1-2H3,(H,9,10)",JYFHYPJRHGVZDY-UHFFFAOYSA-N
1644,DPhP,10.09691001,114527-61-6,O=P(O)(Oc1ccccc1)Oc1ccccc1,,,https://doi.org/10.1021/acs.est.1c04801,alcohol,Oxygenated organics,"InChI=1S/C12H11O4P/c13-17(14,15-11-7-3-1-4-8-11)16-12-9-5-2-6-10-12/h1-10H,(H,13,14)",ASMQGLCHMVWBQR-UHFFFAOYSA-N
1645,DPhP,10.1,114527-61-6,O=P(O)(Oc1ccccc1)Oc1ccccc1,7,25,https://doi.org/10.1021/acs.est.4c11950,alcohol,Oxygenated organics,"InChI=1S/C12H11O4P/c13-17(14,15-11-7-3-1-4-8-11)16-12-9-5-2-6-10-12/h1-10H,(H,13,14)",ASMQGLCHMVWBQR-UHFFFAOYSA-N
1646,Dalapon,7.859738566,58811-23-7,CC(Cl)(Cl)C(=O)O,,,https://doi.org/10.1021/acs.est.1c04526,alkane,Aliphatic hydrocarbons,"InChI=1S/C3H4Cl2O2/c1-3(4,5)2(6)7/h1H3,(H,6,7)",NDUPDOJHUQKPAG-UHFFFAOYSA-N
1647,Danofloxacin,9.790285164,1217860-94-0,CN1C[C@@H]2C[C@H]1CN2c1cc2c(cc1F)c(=O)c(C(=O)O)cn2C1CC1,,,https://doi.org/10.1021/acs.est.1c04853,cyclo,Aromatic & PAHs,"InChI=1S/C19H20FN3O3/c1-21-7-12-4-11(21)8-22(12)17-6-16-13(5-15(17)20)18(24)14(19(25)26)9-23(16)10-2-3-10/h5-6,9-12H,2-4,7-8H2,1H3,(H,25,26)/t11-,12-/m0/s1",QMLVECGLEOSESV-RYUDHWBXSA-N
1648,Decane,9.602059991,1466063-54-6,CCCCCCCCCC,,,https://doi.org/10.1021/acs.est.1c04959,alkane,Aliphatic hydrocarbons,"InChI=1S/C10H22/c1-3-5-7-9-10-8-6-4-2/h3-10H2,1-2H3",DIOQZVSQGTUSAI-UHFFFAOYSA-N
1649,Decanedioic acid,9.806179974,938447-54-2,OC(=O)CCCCCCCCC(O)=O,,,https://doi.org/10.1021/acs.est.1c05252,alcohol,Oxygenated organics,"InChI=1S/C10H18O4/c11-9(12)7-5-3-1-2-4-6-8-10(13)14/h1-8H2,(H,11,12)(H,13,14)",CXMXRPHRNRROMY-UHFFFAOYSA-N
1650,Deoxyguanosine monophosphate,9.833147112,312693-67-7,Nc1nc2c(ncn2[C@H]2C[C@H](O)[C@@H](COP(=O)(O)O)O2)c(=O)[nH]1,,,https://doi.org/10.1021/acs.est.1c04525,halogenated,Halogenated organics,"InChI=1S/C10H14N5O7P/c11-10-13-8-7(9(17)14-10)12-3-15(8)6-1-4(16)5(22-6)2-21-23(18,19)20/h3-6,16H,1-2H2,(H2,18,19,20)(H3,11,13,14,17)/t4-,5+,6+/m0/s1",LTFMZDNNPPEQNG-KVQBGUIXSA-N
1651,Deoxyinosine monophosphate,9.86923172,14999-52-1,O=P(O)(O)OC[C@H]1O[C@@H](n2cnc3c(O)ncnc32)C[C@@H]1O,,,https://doi.org/10.1021/acs.est.1c04836,diol,Polyfunctional / highly functionalized,"InChI=1S/C10H13N4O7P/c15-5-1-7(21-6(5)2-20-22(17,18)19)14-4-13-8-9(14)11-3-12-10(8)16/h3-7,15H,1-2H2,(H,11,12,16)(H2,17,18,19)/t5-,6+,7+/m0/s1",PHNGFPPXDJJADG-RRKCRQDMSA-N
1652,Deoxyribose 5-phosphate,9.322219295,102916-66-5,O=CC[C@H](O)[C@H](O)COP(=O)(O)O,,,https://doi.org/10.1021/acs.est.1c05432,diol,Polyfunctional / highly functionalized,"InChI=1S/C5H11O7P/c6-2-1-4(7)5(8)3-12-13(9,10)11/h2,4-5,7-8H,1,3H2,(H2,9,10,11)/t4-,5+/m0/s1",ALQNUOMIEBHXQG-CRCLSJGQSA-N
1653,Deoxyuridine monophosphate,9.462397998,42155-08-8,O=c1ccn([C@H]2C[C@H](O)[C@@H](COP(=O)(O)O)O2)c(=O)[nH]1,,,https://doi.org/10.1021/acs.est.1c05052,diol,Polyfunctional / highly functionalized,"InChI=1S/C9H13N2O8P/c12-5-3-8(11-2-1-7(13)10-9(11)14)19-6(5)4-18-20(15,16)17/h1-2,5-6,8,12H,3-4H2,(H,10,13,14)(H2,15,16,17)/t5-,6+,8+/m0/s1",JSRLJPSBLDHEIO-SHYZEUOFSA-N
1654,Desferrioxamine B,10.11394335,1240913-55-6,CC(=O)N(O)CCCCCNC(=O)CCC(=O)N(O)CCCCCNC(=O)CCC(=O)N(O)CCCCCN,,,https://doi.org/10.1021/acs.est.1c04566,alkane,Aliphatic hydrocarbons,"InChI=1S/C25H48N6O8/c1-21(32)29(37)18-9-3-6-16-27-22(33)12-14-25(36)31(39)20-10-4-7-17-28-23(34)11-13-24(35)30(38)19-8-2-5-15-26/h37-39H,2-20,26H2,1H3,(H,27,33)(H,28,34)",UBQYURCVBFRUQT-UHFFFAOYSA-N
1655,Di(1-methylethyl) disulfide,10.30103,38518-29-5,CC(C)SSC(C)C,,,https://doi.org/10.1021/acs.est.1c04353,"sulfide, disulfide",Sulfur-containing organics,"InChI=1S/C6H14S2/c1-5(2)7-8-6(3)4/h5-6H,1-4H3",LZAZXBXPKRULLB-UHFFFAOYSA-N
1656,Di(2-hydroxyethyl) sulfoxide,9.72427587,184291-72-3,O=S(CCO)CCO,,,https://doi.org/10.1021/acs.est.1c05377,"sulfide, disulfide",Sulfur-containing organics,"InChI=1S/C4H10O3S/c5-1-3-8(7)4-2-6/h5-6H,1-4H2",XHKPPUVICXLDRJ-UHFFFAOYSA-N
1657,Di(tert-butyl) sulfoxide,9.72427587,184291-72-3,CC(C)(C)S(=O)C(C)(C)C,,,https://doi.org/10.1021/acs.est.1c04876,"sulfide, disulfide",Sulfur-containing organics,"InChI=1S/C8H18OS/c1-7(2,3)10(9)8(4,5)6/h1-6H3",HKKFQOPIRHHEGQ-UHFFFAOYSA-N
1658,Di-tert-butyl disulfide,9.812913357,110-06-5,CC(C)(C)SSC(C)(C)C,,,https://doi.org/10.1021/acs.est.1c05392,"sulfide, disulfide",Sulfur-containing organics,"InChI=1S/C8H18S2/c1-7(2,3)9-10-8(4,5)6/h1-6H3",BKCNDTDWDGQHSD-UHFFFAOYSA-N
1659,Dibromomethane,7.949877704,4371-77-1,BrCBr,,,https://doi.org/10.1021/acs.est.1c04966,halogenated,Halogenated organics,InChI=1S/CH2Br2/c2-1-3/h1H2,FJBFPHVGVWTDIP-UHFFFAOYSA-N
1660,Dicamba,9.540329475,6597-78-0,COc1c(Cl)ccc(Cl)c1C(=O)O,,,https://doi.org/10.1021/acs.est.1c05659,alcohol,Oxygenated organics,"InChI=1S/C8H6Cl2O3/c1-13-7-5(10)3-2-4(9)6(7)8(11)12/h2-3H,1H3,(H,11,12)",IWEDIXLBFLAXBO-UHFFFAOYSA-N
1661,Dichloromethane,7.949877704,143824-88-8,ClCCl,,,https://doi.org/10.1021/acs.est.1c04838,halogenated,Halogenated organics,InChI=1S/CH2Cl2/c2-1-3/h1H2,YMWUJEATGCHHMB-UHFFFAOYSA-N
1662,Dicofol,9.57054294,10606-46-9,OC(c1ccc(Cl)cc1)(c1ccc(Cl)cc1)C(Cl)(Cl)Cl,,,https://doi.org/10.1021/acs.est.1c04858,alcohol,Oxygenated organics,"InChI=1S/C14H9Cl5O/c15-11-5-1-9(2-6-11)13(20,14(17,18)19)10-3-7-12(16)8-4-10/h1-8,20H",UOAMTSKGCBMZTC-UHFFFAOYSA-N
1663,Dicyandiamide,6.85672889,55295-98-2,N#CN=C(N)N,,,https://doi.org/10.1021/acs.est.1c04444,halogenated,Halogenated organics,"InChI=1S/C2H4N4/c3-1-6-2(4)5/h(H4,4,5,6)",QGBSISYHAICWAH-UHFFFAOYSA-N
1664,"Diethyl 2,2'-thiobisacetate",9.079181246,16002-29-2,CCOC(=O)CSCC(=O)OCC,,,https://doi.org/10.1021/acs.est.1c05009,diol,Polyfunctional / highly functionalized,"InChI=1S/C8H14O4S/c1-3-11-7(9)5-13-6-8(10)12-4-2/h3-6H2,1-2H3",TVCSSJHLVLMADJ-UHFFFAOYSA-N
1665,Diethyl malonate,8.812913357,4303-49-5,CCOC(=O)CC(=O)OCC,,,https://doi.org/10.1021/acs.est.1c05450,diol,Polyfunctional / highly functionalized,"InChI=1S/C7H12O4/c1-3-10-6(8)5-7(9)11-4-2/h3-5H2,1-2H3",IYXGSMUGOJNHAZ-UHFFFAOYSA-N
1666,Diethyl succinate,8.892094603,52089-62-0,CCOC(=O)CCC(=O)OCC,,,https://doi.org/10.1021/acs.est.1c05167,diol,Polyfunctional / highly functionalized,"InChI=1S/C8H14O4/c1-3-11-7(9)5-6-8(10)12-4-2/h3-6H2,1-2H3",DKMROQRQHGEIOW-UHFFFAOYSA-N
1667,Diethyl sulfide,10.14612804,352-93-2,CCSCC,,,https://doi.org/10.1021/acsestengg.5c00257,"sulfide, disulfide",Sulfur-containing organics,"InChI=1S/C4H10S/c1-3-5-4-2/h3-4H2,1-2H3",LJSQFQKUNVCTIA-UHFFFAOYSA-N
1668,Diethyl sulfoxide,9.812913357,70-29-1,CCS(=O)CC,,,https://doi.org/10.1021/acsestengg.5c00264,"sulfide, disulfide",Sulfur-containing organics,"InChI=1S/C4H10OS/c1-3-6(5)4-2/h3-4H2,1-2H3",CCAFPWNGIUBUSD-UHFFFAOYSA-N
1669,Diethyl sulfoxide,9.812913357,140703-15-7,CCS(=O)CC,,,https://doi.org/10.1021/acs.est.1c04337,"sulfide, disulfide",Sulfur-containing organics,"InChI=1S/C4H10OS/c1-3-6(5)4-2/h3-4H2,1-2H3",CCAFPWNGIUBUSD-UHFFFAOYSA-N
1670,Diethylhydroxylamine,9.113943352,3710-84-7,CCN(CC)O,,,https://doi.org/10.1021/acsestengg.5c00314,alkane,Aliphatic hydrocarbons,"InChI=1S/C4H11NO/c1-3-5(6)4-2/h6H,3-4H2,1-2H3",FVCOIAYSJZGECG-UHFFFAOYSA-N
1671,Diethyltoluamide脗,9.694605199,,CCc1ccc(C)c(C(N)=O)c1CC,,,https://doi.org/10.1021/acs.est.1c04423,cyclo,Aromatic & PAHs,"InChI=1S/C12H17NO/c1-4-9-7-6-8(3)11(12(13)14)10(9)5-2/h6-7H,4-5H2,1-3H3,(H2,13,14)",DBFZLABDXGUEIY-UHFFFAOYSA-N
1672,Dihydro-6-methyluracil,9.113943352,60484-35-7,CC1CC(=O)NC(=O)N1,,,https://doi.org/10.1021/acs.est.1c05400,alkane,Aliphatic hydrocarbons,"InChI=1S/C5H8N2O2/c1-3-2-4(8)7-5(9)6-3/h3H,2H2,1H3,(H2,6,7,8,9)",XQLIRTZXJDEQAO-UHFFFAOYSA-N
1673,Dihydrofisetin,8.653212514,6514-92-7,O=C1c2ccc(O)cc2O[C@H](c2ccc(O)c(O)c2)[C@H]1O,,,https://doi.org/10.1021/acs.est.1c05244,diol,Polyfunctional / highly functionalized,"InChI=1S/C15H12O6/c16-8-2-3-9-12(6-8)21-15(14(20)13(9)19)7-1-4-10(17)11(18)5-7/h1-6,14-18,20H/t14-,15+/m0/s1",FNUPUYFWZXZMIE-LSDHHAIUSA-N
1674,Diiodomethane,9.322219295,40809-94-7,ICI,,,https://doi.org/10.1021/acs.est.1c04758,halogenated,Halogenated organics,InChI=1S/CH2I2/c2-1-3/h1H2,NZZFYRREKKOMAT-UHFFFAOYSA-N
1675,Dimethoxymethane,8.505149978,1382467-57-3,COCOC,,,https://doi.org/10.1021/acs.est.1c04761,diol,Polyfunctional / highly functionalized,"InChI=1S/C3H8O2/c1-4-3-5-2/h3H2,1-2H3",NKDDWNXOKDWJAK-UHFFFAOYSA-N
1676,Dimethoxymethane,8.505149978,109-87-5,COCOC,,,https://doi.org/10.1021/acsestengg.5c00171,diol,Polyfunctional / highly functionalized,"InChI=1S/C3H8O2/c1-4-3-5-2/h3H2,1-2H3",NKDDWNXOKDWJAK-UHFFFAOYSA-N
1677,"Dimethyl 2,2'-thiobisacetate",10.36172784,16002-29-2,COC(=O)CSCC(=O)OC,,,https://doi.org/10.1021/acs.est.1c05168,diol,Polyfunctional / highly functionalized,"InChI=1S/C6H10O4S/c1-9-5(7)3-11-4-6(8)10-2/h3-4H2,1-2H3",ZQUQLLPRRJVUES-UHFFFAOYSA-N
1678,"Dimethyl 3,3'-thiodipropionate",10.25527251,4275-36-9,COC(=O)CCSCCC(=O)OC,,,https://doi.org/10.1021/acs.est.1c05153,diol,Polyfunctional / highly functionalized,"InChI=1S/C8H14O4S/c1-11-7(9)3-5-13-6-4-8(10)12-2/h3-6H2,1-2H3",MYWWWNVEZBAKHR-UHFFFAOYSA-N
1679,Dimethyl sulfoxide,9.812913357,67-68-5,CS(C)=O,,,https://doi.org/10.1021/acs.est.1c04469,"sulfide, disulfide",Sulfur-containing organics,InChI=1S/C2H6OS/c1-4(2)3/h1-2H3,IAZDPXIOMUYVGZ-UHFFFAOYSA-N
1680,Dimethyl sulfoxide,9.812913357,67-68-5,CS(=O)C,,,https://doi.org/10.1021/acsestengg.5c00263,"sulfide, disulfide",Sulfur-containing organics,InChI=1S/C2H6OS/c1-4(2)3/h1-2H3,IAZDPXIOMUYVGZ-UHFFFAOYSA-N
1681,Diosmetin,9.230448921,163399-30-2,COc1ccc(-c2cc(=O)c3c(O)cc(O)cc3o2)cc1O,,,https://doi.org/10.1021/acs.est.1c04513,diol,Polyfunctional / highly functionalized,"InChI=1S/C16H12O6/c1-21-13-3-2-8(4-10(13)18)14-7-12(20)16-11(19)5-9(17)6-15(16)22-14/h2-7,17-19H,1H3",MBNGWHIJMBWFHU-UHFFFAOYSA-N
1682,Diphenyl selenide,10.04139269,146922-05-6,c1ccc([Se]c2ccccc2)cc1,,,https://doi.org/10.1021/acs.est.1c05163,benzene,Aromatic & PAHs,InChI=1S/C12H10Se/c1-3-7-11(8-4-1)13-12-9-5-2-6-10-12/h1-10H,ORQWTLCYLDRDHK-UHFFFAOYSA-N
1683,Diphenyl sulfide,10.11394335,,c1ccc(Sc2ccccc2)cc1,,,https://doi.org/10.1021/acs.est.1c05558,benzene,Aromatic & PAHs,InChI=1S/C12H10S/c1-3-7-11(8-4-1)13-12-9-5-2-6-10-12/h1-10H,LTYMSROWYAPPGB-UHFFFAOYSA-N
1684,Diphenyl telluride,10.11394335,1202-36-4,c1ccc([Te]c2ccccc2)cc1,,,https://doi.org/10.1021/acs.est.1c05239,benzene,Aromatic & PAHs,InChI=1S/C12H10Te/c1-3-7-11(8-4-1)13-12-9-5-2-6-10-12/h1-10H,XTCBHFKSTRGVMZ-UHFFFAOYSA-N
1685,Dipropyl sulfoxide,9.799340549,4253-91-2,CCCS(=O)CCC,,,https://doi.org/10.1021/acs.est.1c05347,"sulfide, disulfide",Sulfur-containing organics,"InChI=1S/C6H14OS/c1-3-5-8(7)6-4-2/h3-6H2,1-2H3",BQCCJWMQESHLIT-UHFFFAOYSA-N
1686,Dipropyl sulfoxide,9.799340549,4253-91-2,CCCS(=O)CCC,,,https://doi.org/10.1021/acsestengg.5c00265,"sulfide, disulfide",Sulfur-containing organics,"InChI=1S/C6H14OS/c1-3-5-8(7)6-4-2/h3-6H2,1-2H3",BQCCJWMQESHLIT-UHFFFAOYSA-N
1687,Dipyridamole,10.14612804,35763-39-4,OCCN(CCO)c1nc(N2CCCCC2)c2nc(N(CCO)CCO)nc(N3CCCCC3)c2n1,,,https://doi.org/10.1021/acs.est.1c04813,alcohol,Oxygenated organics,"InChI=1S/C24H40N8O4/c33-15-11-31(12-16-34)23-26-20-19(21(27-23)29-7-3-1-4-8-29)25-24(32(13-17-35)14-18-36)28-22(20)30-9-5-2-6-10-30/h33-36H,1-18H2",IZEKFCXSFNUWAM-UHFFFAOYSA-N
1688,DnBP,9.786751422,128714-75-0,CCCCOP(=O)(O)OCCCC,,,https://doi.org/10.1021/acs.est.1c05661,alcohol,Oxygenated organics,"InChI=1S/C8H19O4P/c1-3-5-7-11-13(9,10)12-8-6-4-2/h3-8H2,1-2H3,(H,9,10)",JYFHYPJRHGVZDY-UHFFFAOYSA-N
1689,Dodecane,9.672097858,112-40-3,CCCCCCCCCCCC,,,https://doi.org/10.1021/acs.est.1c05555,alkane,Aliphatic hydrocarbons,"InChI=1S/C12H26/c1-3-5-7-9-11-12-10-8-6-4-2/h3-12H2,1-2H3",SNRUBQQJIBEYMU-UHFFFAOYSA-N
1690,Doxycycline,9.880241776,1902958-13-7,C[C@H]1c2cccc(O)c2C(O)=C2C(=O)[C@]3(O)C(=O)/C(=C(/N)O)C(=O)[C@@H](N(C)C)[C@@H]3[C@@H](O)[C@@H]21,,,https://doi.org/10.1021/acs.est.1c05286,benzene,Aromatic & PAHs,"InChI=1S/C22H24N2O8/c1-7-8-5-4-6-9(25)11(8)16(26)12-10(7)17(27)14-15(24(2)3)18(28)13(21(23)31)20(30)22(14,32)19(12)29/h4-7,10,14-15,17,25-27,31-32H,23H2,1-3H3/b21-13-/t7-,10+,14+,15-,17-,22-/m0/s1",UEVKMCOZLJYVNG-NMMSOKQRSA-N
1691,EPTC,9.68,1219794-88-3,CCCN(CCC)C(=O)SCC,7,25,https://doi.org/10.1021/acs.est.4c11950,"sulfide, disulfide",Sulfur-containing organics,"InChI=1S/C9H19NOS/c1-4-7-10(8-5-2)9(11)12-6-3/h4-8H2,1-3H3",GUVLYNGULCJVDO-UHFFFAOYSA-N
1692,ETHANE,9.204119983,6145-17-1,CC,,,https://doi.org/10.1021/acs.est.1c05499,alkane,Aliphatic hydrocarbons,InChI=1S/C2H6/c1-2/h1-2H3,OTMSDBZUPAUEDD-UHFFFAOYSA-N
1693,Endothall,9.176091259,1276197-30-8,O=C(O)C1C2CCC(O2)C1C(=O)O,,,https://doi.org/10.1021/acs.est.1c05091,cyclo,Aromatic & PAHs,"InChI=1S/C8H10O5/c9-7(10)5-3-1-2-4(13-3)6(5)8(11)12/h3-6H,1-2H2,(H,9,10)(H,11,12)",GXEKYRXVRROBEV-UHFFFAOYSA-N
1694,Enrofloxacin,9.899820502,1219795-24-0,CCN1CCN(c2cc3c(cc2F)c(=O)c(C(=O)O)cn3C2CC2)CC1,,,https://doi.org/10.1021/acs.est.1c05668,cyclo,Aromatic & PAHs,"InChI=1S/C19H22FN3O3/c1-2-21-5-7-22(8-6-21)17-10-16-13(9-15(17)20)18(24)14(19(25)26)11-23(16)12-3-4-12/h9-12H,2-8H2,1H3,(H,25,26)",SPFYMRJSYKOXGV-UHFFFAOYSA-N
1695,Epicaptopril,10.38021124,63250-36-2,CC(CS)C(=O)N1CCCC1C(=O)O,,,https://doi.org/10.1021/acs.est.1c05469,alkane,Aliphatic hydrocarbons,"InChI=1S/C9H15NO3S/c1-6(5-14)8(11)10-4-2-3-7(10)9(12)13/h6-7,14H,2-5H2,1H3,(H,12,13)",FAKRSMQSSFJEIM-UHFFFAOYSA-N
1696,Epigallocatechin gallate,10.23044892,126786-48-9,O=C(O[C@@H]1Cc2c(O)cc(O)cc2O[C@@H]1c1cc(O)c(O)c(O)c1)c1cc(O)c(O)c(O)c1,,,https://doi.org/10.1021/acs.est.1c05079,benzene,Aromatic & PAHs,"InChI=1S/C22H18O11/c23-10-5-12(24)11-7-18(33-22(31)9-3-15(27)20(30)16(28)4-9)21(32-17(11)6-10)8-1-13(25)19(29)14(26)2-8/h1-6,18,21,23-30H,7H2/t18-,21-/m1/s1",WMBWREPUVVBILR-WIYYLYMNSA-N
1697,Ergothioneine,10.07918125,176982-20-0,C[N+](C)(C)C(Cc1c[nH]c(=S)[nH]1)C(=O)[O-],,,https://doi.org/10.1021/acs.est.1c04436,halogenated,Halogenated organics,"InChI=1S/C9H15N3O2S/c1-12(2,3)7(8(13)14)4-6-5-10-9(15)11-6/h5,7H,4H2,1-3H3,(H2-,10,11,13,14,15)",SSISHJJTAXXQAX-UHFFFAOYSA-N
1698,Erythritol,9.176091259,149-32-6,OC[C@H](O)[C@H](O)CO,,,https://doi.org/10.1021/acs.est.1c05618,alcohol,Oxygenated organics,"InChI=1S/C4H10O4/c5-1-3(7)4(8)2-6/h3-8H,1-2H2/t3-,4+",UNXHWFMMPAWVPI-ZXZARUISSA-N
1699,Ethanamine,9.806179974,31602-64-9,CCN,,,https://doi.org/10.1021/acs.est.1c05227,alkane,Aliphatic hydrocarbons,"InChI=1S/C2H7N/c1-2-3/h2-3H2,1H3",QUSNBJAOOMFDIB-UHFFFAOYSA-N
1700,"Ethane-1,2-diol",9.255272505,147254-29-3,OCCO,,,https://doi.org/10.1021/acs.est.1c04524,alcohol,Oxygenated organics,"InChI=1S/C2H6O2/c3-1-2-4/h3-4H,1-2H2",LYCAIKOWRPUZTN-UHFFFAOYSA-N
1701,Ethenol,9.176091259,731760-30-8,OC=C,,,https://doi.org/10.1021/acs.est.1c04868,alcohol,Oxygenated organics,"InChI=1S/C2H4O/c1-2-3/h2-3H,1H2",IMROMDMJAWUWLK-UHFFFAOYSA-N
1702,Ethenylbenzene,9.77815125,37260-14-3,C=Cc1ccccc1,,,https://doi.org/10.1021/acs.est.1c04752,benzene,Aromatic & PAHs,"InChI=1S/C8H8/c1-2-8-6-4-3-5-7-8/h2-7H,1H2",PPBRXRYQALVLMV-UHFFFAOYSA-N
1703,Ethoxyethane,9.62324929,70131-58-7,CCOCC,,,https://doi.org/10.1021/acs.est.1c04402,alcohol,Oxygenated organics,"InChI=1S/C4H10O/c1-3-5-4-2/h3-4H2,1-2H3",RTZKZFJDLAIYFH-UHFFFAOYSA-N
1704,Ethyl acetate,8.602059991,62018-65-9,CCOC(C)=O,,,https://doi.org/10.1021/acs.est.1c04610,alcohol,Oxygenated organics,"InChI=1S/C4H8O2/c1-3-6-4(2)5/h3H2,1-2H3",XEKOWRVHYACXOJ-UHFFFAOYSA-N
1705,Ethyl acrylate,9.762678564,38054-57-8,C=CC(=O)OCC,,,https://doi.org/10.1021/acs.est.1c05238,alcohol,Oxygenated organics,"InChI=1S/C5H8O2/c1-3-5(6)7-4-2/h3H,1,4H2,2H3",JIGUQPWFLRLWPJ-UHFFFAOYSA-N
1706,Ethyl butyrate,9.204119983,3460-44-4,CCCC(=O)OCC,,,https://doi.org/10.1021/acs.est.1c04765,alcohol,Oxygenated organics,"InChI=1S/C6H12O2/c1-3-5-6(7)8-4-2/h3-5H2,1-2H3",OBNCKNCVKJNDBV-UHFFFAOYSA-N
1707,Ethyl formate,8.591064607,73222-61-4,CCOC=O,,,https://doi.org/10.1021/acs.est.1c05617,alcohol,Oxygenated organics,"InChI=1S/C3H6O2/c1-2-5-3-4/h3H,2H2,1H3",WBJINCZRORDGAQ-UHFFFAOYSA-N
1708,Ethyl hydrogen adipate,9.477121255,627-91-8,CCOC(=O)CCCCC(=O)O,,,https://doi.org/10.1021/acs.est.1c05116,alcohol,Oxygenated organics,"InChI=1S/C8H14O4/c1-2-12-8(11)6-4-3-5-7(9)10/h2-6H2,1H3,(H,9,10)",UZNLHJCCGYKCIL-UHFFFAOYSA-N
1709,Ethyl phenyl sulfoxide,9.923761961,4170-80-3,CCS(=O)c1ccccc1,,,https://doi.org/10.1021/acs.est.1c05249,"sulfide, disulfide",Sulfur-containing organics,"InChI=1S/C8H10OS/c1-2-10(9)8-6-4-3-5-7-8/h3-7H,2H2,1H3",DUVLJBQCIZCUMW-UHFFFAOYSA-N
1710,Ethyl propanoate,8.939519253,31540-38-2,CCOC(=O)CC,,,https://doi.org/10.1021/acs.est.1c05315,alcohol,Oxygenated organics,"InChI=1S/C5H10O2/c1-3-5(6)7-4-2/h3-4H2,1-2H3",FKRCODPIKNYEAC-UHFFFAOYSA-N
1711,Ethylbenzene,9.875061263,1403579-63-4,CCc1ccccc1,,,https://doi.org/10.1021/acs.est.1c05326,benzene,Aromatic & PAHs,"InChI=1S/C8H10/c1-2-8-6-4-3-5-7-8/h3-7H,2H2,1H3",YNQLUTRBYVCPMQ-UHFFFAOYSA-N
1712,Ethylene glycol diethyl ether,9.361727836,629-14-1,CCOCCOCC,,,https://doi.org/10.1021/acs.est.1c04384,diol,Polyfunctional / highly functionalized,"InChI=1S/C6H14O2/c1-3-7-5-6-8-4-2/h3-6H2,1-2H3",LZDKZFUFMNSQCJ-UHFFFAOYSA-N
1713,FMN,9.4,2461-66-7,Cc1cc2nc3c(=O)[nH]c(=O)nc-3n(CC(O)C(O)C(O)COP(=O)(O)O)c2cc1C,7,25,NIST,cyclo,Aromatic & PAHs,"InChI=1S/C17H21N4O9P/c1-7-3-9-10(4-8(7)2)21(15-13(18-9)16(25)20-17(26)19-15)5-11(22)14(24)12(23)6-30-31(27,28)29/h3-4,11-12,14,22-24H,5-6H2,1-2H3,(H,20,25,26)(H2,27,28,29)",FVTCRASFADXXNN-UHFFFAOYSA-N
1714,FORMALDEHYDE,8.972202838,25155-81-1,C=O,,,https://doi.org/10.1021/acs.est.1c04763,halogenated,Halogenated organics,InChI=1S/CH2O/c1-2/h1H2,WSFSSNUMVMOOMR-UHFFFAOYSA-N
1715,FORMATE,9.541579244,114609-31-3,[O-]C=O,,,https://doi.org/10.1021/acs.est.1c05321,halogenated,Halogenated organics,"InChI=1S/CH2O2/c2-1-3/h1H,(H,2,3)/p-1",BDAGIHXWWSANSR-UHFFFAOYSA-M
1716,Famotidine,10.07918125,1798006-30-0,NC(N)=Nc1nc(CSCCC(N)=NS(N)(=O)=O)cs1,,,https://doi.org/10.1021/acs.est.1c04589,"sulfide, disulfide",Sulfur-containing organics,"InChI=1S/C8H15N7O2S3/c9-6(15-20(12,16)17)1-2-18-3-5-4-19-8(13-5)14-7(10)11/h4H,1-3H2,(H2,9,15)(H2,12,16,17)(H4,10,11,13,14)",XUFQPHANEAPEMJ-UHFFFAOYSA-N
1717,Iron(III) nitrilotriacetate (FeNTA),8.2,16448-54-7,O=C([O-])CN(CC(=O)[O-])CC(=O)[O-].[Fe+3],2,25,NIST,diol,Polyfunctional / highly functionalized,"InChI=1S/C6H9NO6.Fe/c8-4(9)1-7(2-5(10)11)3-6(12)13;/h1-3H2,(H,8,9)(H,10,11)(H,12,13);/q;+3/p-3",FXDLIMJMHVKXAR-UHFFFAOYSA-K
1718,Fenoterol,9.589949601,69421-37-0,CC(Cc1ccc(O)cc1)[NH2+]CC(O)c1cc(O)cc(O)c1,,,https://doi.org/10.1021/acs.est.1c05318,benzene,Aromatic & PAHs,"InChI=1S/C17H21NO4/c1-11(6-12-2-4-14(19)5-3-12)18-10-17(22)13-7-15(20)9-16(21)8-13/h2-5,7-9,11,17-22H,6,10H2,1H3/p+1",LSLYOANBFKQKPT-UHFFFAOYSA-O
1719,Feruloylputrescine,10,91000-11-2,COc1cc(/C=C/C(=O)NCCCCN)ccc1O,,,https://doi.org/10.1021/acs.est.1c04733,alcohol,Oxygenated organics,"InChI=1S/C14H20N2O3/c1-19-13-10-11(4-6-12(13)17)5-7-14(18)16-9-3-2-8-15/h4-7,10,17H,2-3,8-9,15H2,1H3,(H,16,18)/b7-5+",SFUVCMKSYKHYLD-FNORWQNLSA-N
1720,Flavine mononucleotide,9.397940009,108347-85-9,Cc1cc2nc3c(=O)[nH]c(=O)nc-3n(CC(O)C(O)C(O)COP(=O)(O)O)c2cc1C,,,https://doi.org/10.1021/acs.est.1c04560,cyclo,Aromatic & PAHs,"InChI=1S/C17H21N4O9P/c1-7-3-9-10(4-8(7)2)21(15-13(18-9)16(25)20-17(26)19-15)5-11(22)14(24)12(23)6-30-31(27,28)29/h3-4,11-12,14,22-24H,5-6H2,1-2H3,(H,20,25,26)(H2,27,28,29)",FVTCRASFADXXNN-UHFFFAOYSA-N
1721,Flavone,8.230448921,138263-98-6,O=c1cc(-c2ccccc2)oc2ccccc12,,,https://doi.org/10.1021/acs.est.1c04864,alcohol,Oxygenated organics,InChI=1S/C15H10O2/c16-13-10-15(11-6-2-1-3-7-11)17-14-9-5-4-8-12(13)14/h1-10H,VHBFFQKBGNRLFZ-UHFFFAOYSA-N
1722,Flumequine,9.920123326,42835-68-7,CC1CCc2cc(F)cc3c(=O)c(C(=O)O)cn1c23,,,https://doi.org/10.1021/acs.est.1c05455,cyclo,Aromatic & PAHs,"InChI=1S/C14H12FNO3/c1-7-2-3-8-4-9(15)5-10-12(8)16(7)6-11(13(10)17)14(18)19/h4-7H,2-3H2,1H3,(H,18,19)",DPSPPJIUMHPXMA-UHFFFAOYSA-N
1723,Fluorobenzene,9.755874856,462-06-6,Fc1ccccc1,,,https://doi.org/10.1021/acs.est.1c04927,benzene,Aromatic & PAHs,InChI=1S/C6H5F/c7-6-4-2-1-3-5-6/h1-5H,PYLWMHQQBFSUBP-UHFFFAOYSA-N
1724,Folic acid,9.981818607,161406-20-8,Nc1nc2ncc(CNc3ccc(C(=O)N[C@@H](CCC(=O)O)C(=O)O)cc3)nc2c(=O)[nH]1,,,https://doi.org/10.1021/acs.est.1c05537,cyclo,Aromatic & PAHs,"InChI=1S/C19H19N7O6/c20-19-25-15-14(17(30)26-19)23-11(8-22-15)7-21-10-3-1-9(2-4-10)16(29)24-12(18(31)32)5-6-13(27)28/h1-4,8,12,21H,5-7H2,(H,24,29)(H,27,28)(H,31,32)(H3,20,22,25,26,30)/t12-/m0/s1",OVBPIULPVIDEAO-LBPRGKRZSA-N
1725,Formic acid,8,1633-56-3,O=CO,,,https://doi.org/10.1021/acs.est.1c05408,halogenated,Halogenated organics,"InChI=1S/CH2O2/c2-1-3/h1H,(H,2,3)",BDAGIHXWWSANSR-UHFFFAOYSA-N
1726,"Fructose-1,6-diphosphate",9.907948522,6035-52-5,O=C(COP(=O)(O)O)[C@@H](O)[C@H](O)[C@H](O)COP(=O)(O)O,,,https://doi.org/10.1021/acs.est.1c04612,diol,Polyfunctional / highly functionalized,"InChI=1S/C6H14O12P2/c7-3(1-17-19(11,12)13)5(9)6(10)4(8)2-18-20(14,15)16/h3,5-7,9-10H,1-2H2,(H2,11,12,13)(H2,14,15,16)/t3-,5-,6-/m1/s1",XPYBSIWDXQFNMH-UYFOZJQFSA-N
1727,Fructose-1-phosphate,9.7084209,6934-25-4,O=C(COP(=O)(O)O)[C@@H](O)[C@H](O)[C@H](O)CO,,,https://doi.org/10.1021/acs.est.1c05228,diol,Polyfunctional / highly functionalized,"InChI=1S/C6H13O9P/c7-1-3(8)5(10)6(11)4(9)2-15-16(12,13)14/h3,5-8,10-11H,1-2H2,(H2,12,13,14)/t3-,5-,6-/m1/s1",ZKLLSNQJRLJIGT-UYFOZJQFSA-N
1728,Fructose-6-phosphate,9.953759692,6934-25-4,O=C(CO)[C@@H](O)[C@H](O)[C@H](O)COP(=O)(O)O,,,https://doi.org/10.1021/acs.est.1c04470,diol,Polyfunctional / highly functionalized,"InChI=1S/C6H13O9P/c7-1-3(8)5(10)6(11)4(9)2-15-16(12,13)14/h4-7,9-11H,1-2H2,(H2,12,13,14)/t4-,5-,6-/m1/s1",GSXOAOHZAIYLCY-HSUXUTPPSA-N
1729,Furadantin,9.968015714,54-87-5,O=C1CN(/N=C/c2ccc([N+](=O)[O-])o2)C(=O)N1,,,https://doi.org/10.1021/acs.est.1c05299,diol,Polyfunctional / highly functionalized,"InChI=1S/C8H6N4O5/c13-6-4-11(8(14)10-6)9-3-5-1-2-7(17-5)12(15)16/h1-3H,4H2,(H,10,13,14)/b9-3+",NXFQHRVNIOXGAQ-YCRREMRBSA-N
1730,Furamazone,10,3270-71-1,NC(=O)C(=O)N/N=C/c1ccc([N+](=O)[O-])o1,,,https://doi.org/10.1021/acs.est.1c05533,halogenated,Halogenated organics,"InChI=1S/C7H6N4O5/c8-6(12)7(13)10-9-3-4-1-2-5(16-4)11(14)15/h1-3H,(H2,8,12)(H,10,13)/b9-3+",AJSKOLZKIUMPPG-YCRREMRBSA-N
1731,Furan,9.591064607,27026-41-1,c1ccoc1,,,https://doi.org/10.1021/acs.est.1c04709,alcohol,Oxygenated organics,InChI=1S/C4H4O/c1-2-4-5-3-1/h1-4H,YLQBMQCUIZJEEH-UHFFFAOYSA-N
1732,Gemfibrozil,9.850033258,86837-66-3,Cc1ccc(C)c(OCCCC(C)(C)C(=O)O)c1,,,https://doi.org/10.1021/acs.est.1c05467,cyclo,Aromatic & PAHs,"InChI=1S/C15H22O3/c1-11-6-7-12(2)13(10-11)18-9-5-8-15(3,4)14(16)17/h6-7,10H,5,8-9H2,1-4H3,(H,16,17)",HEMJJKBWTPKOJG-UHFFFAOYSA-N
1733,Glucose,9.176091259,84861-40-5,O=C[C@H](O)[C@@H](O)[C@H](O)[C@H](O)CO,,,https://doi.org/10.1021/acs.est.1c05623,halogenated,Halogenated organics,"InChI=1S/C6H12O6/c7-1-3(9)5(11)6(12)4(10)2-8/h1,3-6,8-12H,2H2/t3-,4+,5+,6+/m0/s1",GZCGUPFRVQAUEE-SLPGGIOYSA-N
1734,Glucose-1-phosphate,9.146128036,903507-42-6,O=P(O)(O)OC1OC(CO)C(O)C(O)C1O,,,https://doi.org/10.1021/acs.est.1c05663,diol,Polyfunctional / highly functionalized,"InChI=1S/C6H13O9P/c7-1-2-3(8)4(9)5(10)6(14-2)15-16(11,12)13/h2-10H,1H2,(H2,11,12,13)",HXXFSFRBOHSIMQ-UHFFFAOYSA-N
1735,Glucose-6-phosphate,9.146128036,9001-40-5,O=C[C@H](O)[C@@H](O)[C@H](O)[C@H](O)COP(=O)(O)O,,,https://doi.org/10.1021/acs.est.1c05225,diol,Polyfunctional / highly functionalized,"InChI=1S/C6H13O9P/c7-1-3(8)5(10)6(11)4(9)2-15-16(12,13)14/h1,3-6,8-11H,2H2,(H2,12,13,14)/t3-,4+,5+,6+/m0/s1",VFRROHXSMXFLSN-SLPGGIOYSA-N
1736,Glutamic acid,8.204119983,203805-84-9,N[C@@H](CCC(=O)O)C(=O)O,,,https://doi.org/10.1021/acs.est.1c04460,halogenated,Halogenated organics,"InChI=1S/C5H9NO4/c6-3(5(9)10)1-2-4(7)8/h3H,1-2,6H2,(H,7,8)(H,9,10)/t3-/m0/s1",WHUUTDBJXJRKMK-VKHMYHEASA-N
1737,Glutamine,8.73239376,37318-72-2,NC(=O)CC[C@H](N)C(=O)O,,,https://doi.org/10.1021/acs.est.1c05513,halogenated,Halogenated organics,"InChI=1S/C5H10N2O3/c6-3(5(9)10)1-2-4(7)8/h3H,1-2,6H2,(H2,7,8)(H,9,10)/t3-/m0/s1",ZDXPYRJPNDTMRX-VKHMYHEASA-N
1738,Glutathione,10.36172784,37256-48-7,N[C@@H](CCC(=O)N[C@@H](CS)C(=O)NCC(=O)O)C(=O)O,,,https://doi.org/10.1021/acs.est.1c04512,halogenated,Halogenated organics,"InChI=1S/C10H17N3O6S/c11-5(10(18)19)1-2-7(14)13-6(4-20)9(17)12-3-8(15)16/h5-6,20H,1-4,11H2,(H,12,17)(H,13,14)(H,15,16)(H,18,19)/t5-,6-/m0/s1",RWSXRVCMGQZWBV-WDSKDSINSA-N
1739,GlyTyrOH,9.78,,NCC(=O)N[C@@H](Cc1ccc(O)cc1)C(=O)O.O.O,5.8,25,NIST,diol,Polyfunctional / highly functionalized,"InChI=1S/C11H14N2O4.2H2O/c12-6-10(15)13-9(11(16)17)5-7-1-3-8(14)4-2-7;;/h1-4,9,14H,5-6,12H2,(H,13,15)(H,16,17);2*1H2/t9-;;/m0../s1",VELZBUAWAUZDLF-WWPIYYJJSA-N
1740,GlyTyrOH,9.2,,NCC(=O)N[C@@H](Cc1ccc(O)cc1)C(=O)O.O.O,6.1,25,NIST,diol,Polyfunctional / highly functionalized,"InChI=1S/C11H14N2O4.2H2O/c12-6-10(15)13-9(11(16)17)5-7-1-3-8(14)4-2-7;;/h1-4,9,14H,5-6,12H2,(H,13,15)(H,16,17);2*1H2/t9-;;/m0../s1",VELZBUAWAUZDLF-WWPIYYJJSA-N
1741,Glyceraldehyde-3-phosphate,9.959041392,9001-50-7,O=CC(O)COP(=O)(O)O,,,https://doi.org/10.1021/acs.est.1c04794,diol,Polyfunctional / highly functionalized,"InChI=1S/C3H7O6P/c4-1-3(5)2-9-10(6,7)8/h1,3,5H,2H2,(H2,6,7,8)",LXJXRIRHZLFYRP-UHFFFAOYSA-N
1742,Glycine,7.230448921,7299-33-4,NCC(=O)O,,,https://doi.org/10.1021/acs.est.1c04446,halogenated,Halogenated organics,"InChI=1S/C2H5NO2/c3-1-2(4)5/h1,3H2,(H,4,5)",DHMQDGOQFOQNFH-UHFFFAOYSA-N
1743,Glycine anhydride,9,51499-90-2,NCC(=O)OC(=O)CN,,,https://doi.org/10.1021/acs.est.1c04619,alcohol,Oxygenated organics,"InChI=1S/C4H8N2O3/c5-1-3(7)9-4(8)2-6/h1-2,5-6H2",YTMCUIACOKRXQA-UHFFFAOYSA-N
1744,Glycyl-alanine,8.820201459,91485-04-0,NCC(=O)NCCC(=O)O,,,https://doi.org/10.1021/acs.est.1c04506,halogenated,Halogenated organics,"InChI=1S/C5H10N2O3/c6-3-4(8)7-2-1-5(9)10/h1-3,6H2,(H,7,8)(H,9,10)",YOKCETMQAPIAGM-UHFFFAOYSA-N
1745,Glycylalanine,8.544068044,3695-73-6,C[C@H](NC(=O)CN)C(=O)O,,,https://doi.org/10.1021/acs.est.1c04899,halogenated,Halogenated organics,"InChI=1S/C5H10N2O3/c1-3(5(9)10)7-4(8)2-6/h3H,2,6H2,1H3,(H,7,8)(H,9,10)/t3-/m0/s1",VPZXBVLAVMBEQI-VKHMYHEASA-N
1746,Glycylglycine,8.414973348,556-50-3,NCC(=O)NCC(=O)O,,,https://doi.org/10.1021/acs.est.1c05554,halogenated,Halogenated organics,"InChI=1S/C4H8N2O3/c5-1-3(7)6-2-4(8)9/h1-2,5H2,(H,6,7)(H,8,9)",YMAWOPBAYDPSLA-UHFFFAOYSA-N
1747,Glycylglycylglycine,8.862727528,193543-11-2,NCC(=O)NCC(=O)NCC(=O)O,,,https://doi.org/10.1021/acs.est.1c05596,halogenated,Halogenated organics,"InChI=1S/C6H11N3O4/c7-1-4(10)8-2-5(11)9-3-6(12)13/h1-3,7H2,(H,8,10)(H,9,11)(H,12,13)",XKUKSGPZAADMRA-UHFFFAOYSA-N
1748,Glycylglycylglycylglycine,9.301029996,114115-72-9,NCC(=O)NCC(=O)NCC(=O)NCC(=O)O,,,https://doi.org/10.1021/acs.est.1c05053,halogenated,Halogenated organics,"InChI=1S/C8H14N4O5/c9-1-5(13)10-2-6(14)11-3-7(15)12-4-8(16)17/h1-4,9H2,(H,10,13)(H,11,14)(H,12,15)(H,16,17)",QMOQBVOBWVNSNO-UHFFFAOYSA-N
1749,Glycylisoleucine,9.491361694,19461-38-2,CC[C@H](C)[C@H](NC(=O)CN)C(=O)O,,,https://doi.org/10.1021/acs.est.1c05387,alkane,Aliphatic hydrocarbons,"InChI=1S/C8H16N2O3/c1-3-5(2)7(8(12)13)10-6(11)4-9/h5,7H,3-4,9H2,1-2H3,(H,10,11)(H,12,13)/t5-,7-/m0/s1",KGVHCTWYMPWEGN-FSPLSTOPSA-N
1750,Glycylleucine,9.397940009,7352-21-8,CC(C)C[C@H](NC(=O)CN)C(=O)O,,,https://doi.org/10.1021/acs.est.1c04731,alkane,Aliphatic hydrocarbons,"InChI=1S/C8H16N2O3/c1-5(2)3-6(8(12)13)10-7(11)4-9/h5-6H,3-4,9H2,1-2H3,(H,10,11)(H,12,13)/t6-/m0/s1",DKEXFJVMVGETOO-LURJTMIESA-N
1751,Glycylmethionine,8.342422681,554-94-9,CSCC[C@H](NC(=O)CN)C(=O)O,,,https://doi.org/10.1021/acs.est.1c04521,"sulfide, disulfide",Sulfur-containing organics,"InChI=1S/C7H14N2O3S/c1-13-3-2-5(7(11)12)9-6(10)4-8/h5H,2-4,8H2,1H3,(H,9,10)(H,11,12)/t5-/m0/s1",PFMUCCYYAAFKTH-YFKPBYRVSA-N
1752,Glycylnorleucine,9.633468456,66216-73-7,CCCC[C@H](NC(=O)CN)C(=O)O,,,https://doi.org/10.1021/acs.est.1c05666,alkane,Aliphatic hydrocarbons,"InChI=1S/C8H16N2O3/c1-2-3-4-6(8(12)13)10-7(11)5-9/h6H,2-5,9H2,1H3,(H,10,11)(H,12,13)/t6-/m0/s1",XVUIZOUTLADVIH-LURJTMIESA-N
1753,Glycylnorvaline,9.447158031,2189-27-7,CCC[C@H](NC(=O)CN)C(=O)O,,,https://doi.org/10.1021/acs.est.1c04552,alkane,Aliphatic hydrocarbons,"InChI=1S/C7H14N2O3/c1-2-3-5(7(11)12)9-6(10)4-8/h5H,2-4,8H2,1H3,(H,9,10)(H,11,12)/t5-/m0/s1",JXIQKLAZYWZTRA-YFKPBYRVSA-N
1754,Glycylphenylalanine,9.791690649,87004-75-9,NCC(=O)N[C@@H](Cc1ccccc1)C(=O)O,,,https://doi.org/10.1021/acs.est.1c05679,halogenated,Halogenated organics,"InChI=1S/C11H14N2O3/c12-7-10(14)13-9(11(15)16)6-8-4-2-1-3-5-8/h1-5,9H,6-7,12H2,(H,13,14)(H,15,16)/t9-/m0/s1",JBCLFWXMTIKCCB-VIFPVBQESA-N
1755,Glycylsarcosine,9.113943352,29816-01-1,CN(CC(=O)O)C(=O)CN,,,https://doi.org/10.1021/acs.est.1c05188,halogenated,Halogenated organics,"InChI=1S/C5H10N2O3/c1-7(3-5(9)10)4(8)2-6/h2-3,6H2,1H3,(H,9,10)",VYAMLSCELQQRAE-UHFFFAOYSA-N
1756,Glycyltryptophan,10.07918125,2390-74-1,NCC(=O)N[C@@H](Cc1c[nH]c2ccccc12)C(=O)O,,,https://doi.org/10.1021/acs.est.1c05590,halogenated,Halogenated organics,"InChI=1S/C13H15N3O3/c14-6-12(17)16-11(13(18)19)5-8-7-15-10-4-2-1-3-9(8)10/h1-4,7,11,15H,5-6,14H2,(H,16,17)(H,18,19)/t11-/m0/s1",AJHCSUXXECOXOY-NSHDSACASA-N
1757,Glycyltyrosine,9.77815125,53559-20-9,NCC(=O)N[C@@H](Cc1ccc(O)cc1)C(=O)O,,,https://doi.org/10.1021/acs.est.1c05427,halogenated,Halogenated organics,"InChI=1S/C11H14N2O4/c12-6-10(15)13-9(11(16)17)5-7-1-3-8(14)4-2-7/h1-4,9,14H,5-6,12H2,(H,13,15)(H,16,17)/t9-/m0/s1",XBGGUPMXALFZOT-VIFPVBQESA-N
1758,Glycyltyrosylglycine,9.862727528,3561-36-2,NCC(=O)N[C@@H](Cc1ccc(O)cc1)C(=O)NCC(=O)O,,,https://doi.org/10.1021/acs.est.1c05370,halogenated,Halogenated organics,"InChI=1S/C13H17N3O5/c14-6-11(18)16-10(13(21)15-7-12(19)20)5-8-1-3-9(17)4-2-8/h1-4,10,17H,5-7,14H2,(H,15,21)(H,16,18)(H,19,20)/t10-/m0/s1",HQSKKSLNLSTONK-JTQLQIEISA-N
1759,Glycylvaline,9.204119983,61058-41-1,CC(C)[C@H](NC(=O)CN)C(=O)O,,,https://doi.org/10.1021/acs.est.1c05325,alkane,Aliphatic hydrocarbons,"InChI=1S/C7H14N2O3/c1-4(2)6(7(11)12)9-5(10)3-8/h4,6H,3,8H2,1-2H3,(H,9,10)(H,11,12)/t6-/m0/s1",STKYPAFSDFAEPH-LURJTMIESA-N
1760,Glycyrrhizin,9.414973348,139014-59-8,CC1(C)[C@@H](O[C@H]2O[C@H](C(=O)O)[C@@H](O)[C@H](O)[C@H]2O[C@@H]2O[C@H](C(=O)O)[C@@H](O)[C@H](O)[C@H]2O)CC[C@@]2(C)[C@H]1CC[C@]1(C)[C@@H]2C(=O)C=C2[C@@H]3C[C@@](C)(C(=O)O)CC[C@]3(C)CC[C@]21C,,,https://doi.org/10.1021/acs.est.1c04544,diol,Polyfunctional / highly functionalized,"InChI=1S/C42H62O16/c1-37(2)21-8-11-42(7)31(20(43)16-18-19-17-39(4,36(53)54)13-12-38(19,3)14-15-41(18,42)6)40(21,5)10-9-22(37)55-35-30(26(47)25(46)29(57-35)33(51)52)58-34-27(48)23(44)24(45)28(56-34)32(49)50/h16,19,21-31,34-35,44-48H,8-15,17H2,1-7H3,(H,49,50)(H,51,52)(H,53,54)/t19-,21-,22-,23-,24-,25-,26-,27+,28-,29-,30+,31+,34-,35-,38+,39-,40-,41+,42+/m0/s1",LPLVUJXQOOQHMX-QWBHMCJMSA-N
1761,Glyoxal,7.820201459,3327-62-6,O=CC=O,,,https://doi.org/10.1021/acs.est.1c04986,halogenated,Halogenated organics,InChI=1S/C2H2O2/c3-1-2-4/h1-2H,LEQAOMBKQFMDFZ-UHFFFAOYSA-N
1762,Guanosine,9.903089987,159496-14-7,Nc1nc2c(ncn2[C@@H]2O[C@H](CO)[C@@H](O)[C@H]2O)c(=O)[nH]1,,,https://doi.org/10.1021/acs.est.1c04404,halogenated,Halogenated organics,"InChI=1S/C10H13N5O5/c11-10-13-7-4(8(19)14-10)12-2-15(7)9-6(18)5(17)3(1-16)20-9/h2-3,5-6,9,16-18H,1H2,(H3,11,13,14,19)/t3-,5-,6-,9-/m1/s1",NYHBQMYGNKIUIF-UUOKFMHZSA-N
1763,Guanosine 3'-monophosphate,10.04139269,85-32-5,Nc1nc2c(ncn2[C@@H]2O[C@H](CO)[C@@H](OP(=O)(O)O)[C@H]2O)c(=O)[nH]1,,,https://doi.org/10.1021/acs.est.1c05246,halogenated,Halogenated organics,"InChI=1S/C10H14N5O8P/c11-10-13-7-4(8(18)14-10)12-2-15(7)9-5(17)6(3(1-16)22-9)23-24(19,20)21/h2-3,5-6,9,16-17H,1H2,(H2,19,20,21)(H3,11,13,14,18)/t3-,5-,6-,9-/m1/s1",ZDPUTNZENXVHJC-UUOKFMHZSA-N
1764,Guanosine 5'-monophosphate,9.672097858,85-32-5,Nc1nc2c(ncn2[C@@H]2O[C@H](COP(=O)(O)O)[C@@H](O)[C@H]2O)c(=O)[nH]1,,,https://doi.org/10.1021/acs.est.1c05105,halogenated,Halogenated organics,"InChI=1S/C10H14N5O8P/c11-10-13-7-4(8(18)14-10)12-2-15(7)9-6(17)5(16)3(23-9)1-22-24(19,20)21/h2-3,5-6,9,16-17H,1H2,(H2,19,20,21)(H3,11,13,14,18)/t3-,5-,6-,9-/m1/s1",RQFCJASXJCIDSX-UUOKFMHZSA-N
1765,HEPES,9.84,7365-45-9,O=S(=O)([O-])CCN1CCN(CCO)CC1.[Na+],8,25,NIST,"sulfide, disulfide",Sulfur-containing organics,"InChI=1S/C8H18N2O4S.Na/c11-7-5-9-1-3-10(4-2-9)6-8-15(12,13)14;/h11H,1-8H2,(H,12,13,14);/q;+1/p-1",RDZTWEVXRGYCFV-UHFFFAOYSA-M
1766,HEPTANE,9.886490725,128400-02-2,CCCCCCC,,,https://doi.org/10.1021/acs.est.1c04389,alkane,Aliphatic hydrocarbons,"InChI=1S/C7H16/c1-3-5-7-6-4-2/h3-7H2,1-2H3",IMNFDUFMRHMDMM-UHFFFAOYSA-N
1767,HEXAN-1-OL,9.84509804,205325-37-7,CCCCCCO,,,https://doi.org/10.1021/acs.est.1c05406,alkane,Aliphatic hydrocarbons,"InChI=1S/C6H14O/c1-2-3-4-5-6-7/h7H,2-6H2,1H3",ZSIAUFGUXNUGDI-UHFFFAOYSA-N
1768,"HEXANE-1,6-DIOL",9.672097858,30376-45-5,OCCCCCCO,,,https://doi.org/10.1021/acs.est.1c04339,alcohol,Oxygenated organics,"InChI=1S/C6H14O2/c7-5-3-1-2-4-6-8/h7-8H,1-6H2",XXMIOPMDWAUFGU-UHFFFAOYSA-N
1769,HEXYLAMINE,10.11394335,111-26-2,CCCCCCN,,,https://doi.org/10.1021/acsestengg.5c00307,alkane,Aliphatic hydrocarbons,"InChI=1S/C6H15N/c1-2-3-4-5-6-7/h2-7H2,1H3",BMVXCPBXGZKUPN-UHFFFAOYSA-N
1770,Hematoporphyrin IX,10.11394335,124399-49-1,CC1=C(CCC(=O)O)c2cc3nc(cc4[nH]c(cc5[nH]c(cc1n2)c(C)c5C(C)O)c(C)c4C(C)O)C(C)=C3CCC(=O)O,,,https://doi.org/10.1021/acs.est.1c05184,diol,Polyfunctional / highly functionalized,"InChI=1S/C34H38N4O6/c1-15-21(7-9-31(41)42)27-14-28-22(8-10-32(43)44)16(2)24(36-28)12-29-34(20(6)40)18(4)26(38-29)13-30-33(19(5)39)17(3)25(37-30)11-23(15)35-27/h11-14,19-20,37-40H,7-10H2,1-6H3,(H,41,42)(H,43,44)",KFKRXESVMDBTNQ-UHFFFAOYSA-N
1771,Heptan-1-ol,9.86923172,249904-42-5,CCCCCCCO,,,https://doi.org/10.1021/acs.est.1c04514,alkane,Aliphatic hydrocarbons,"InChI=1S/C7H16O/c1-2-3-4-5-6-7-8/h8H,2-7H2,1H3",BBMCTIGTTCKYKF-UHFFFAOYSA-N
1772,Hexachlorocyclopentadiene,8.953759692,200706-75-8,ClC1=C(Cl)C(Cl)(Cl)C(Cl)=C1Cl,,,https://doi.org/10.1021/acs.est.1c04660,cyclo,Aromatic & PAHs,"InChI=1S/C5Cl6/c6-1-2(7)4(9)5(10,11)3(1)8",VUNCWTMEJYMOOR-UHFFFAOYSA-N
1773,Hexane,9.819543936,27581-27-7,CCCCCC,,,https://doi.org/10.1021/acs.est.1c05394,alkane,Aliphatic hydrocarbons,"InChI=1S/C6H14/c1-3-5-6-4-2/h3-6H2,1-2H3",VLKZOEOYAKHREP-UHFFFAOYSA-N
1774,Hexazinone,8.959041392,1219804-22-4,CN(C)c1nc(=O)n(C2CCCCC2)c(=O)n1C,,,https://doi.org/10.1021/acs.est.1c05199,triazine,Heterocycles,"InChI=1S/C12H20N4O2/c1-14(2)10-13-11(17)16(12(18)15(10)3)9-7-5-4-6-8-9/h9H,4-8H2,1-3H3",CAWXEEYDBZRFPE-UHFFFAOYSA-N
1775,Histamine,9.748188027,51-74-1,NCCc1c[nH]cn1,,,https://doi.org/10.1021/acs.est.1c05421,halogenated,Halogenated organics,"InChI=1S/C5H9N3/c6-2-1-5-3-7-4-8-5/h3-4H,1-2,6H2,(H,7,8)",NTYJJOPFIAHURM-UHFFFAOYSA-N
1776,Histidylhistidine,9.953759692,306-14-9,N[C@@H](Cc1c[nH]cn1)C(=O)N[C@@H](Cc1c[nH]cn1)C(=O)O,,,https://doi.org/10.1021/acs.est.1c04797,halogenated,Halogenated organics,"InChI=1S/C12H16N6O3/c13-9(1-7-3-14-5-16-7)11(19)18-10(12(20)21)2-8-4-15-6-17-8/h3-6,9-10H,1-2,13H2,(H,14,16)(H,15,17)(H,18,19)(H,20,21)/t9-,10-/m0/s1",SGCGMORCWLEJNZ-UWVGGRQHSA-N
1777,Homocarnosine,9.322219295,2991254-59-0,NCCCC(=O)NC(Cc1cnc[nH]1)C(=O)O,,,https://doi.org/10.1021/acs.est.1c05645,halogenated,Halogenated organics,"InChI=1S/C10H16N4O3/c11-3-1-2-9(15)14-8(10(16)17)4-7-5-12-6-13-7/h5-6,8H,1-4,11H2,(H,12,13)(H,14,15)(H,16,17)",CCLQKVKJOGVQLU-UHFFFAOYSA-N
1778,"Hydroquinone (1,4-Benzenediol (hydroquinone))",10.32221929,123-31-9,C1=CC(=CC=C1O)O,,,https://doi.org/10.1021/acsestengg.5c00568,halogenated,Halogenated organics,"InChI=1S/C6H6O2/c7-5-1-2-6(8)4-3-5/h1-4,7-8H",QIGBRXMKCJKVMJ-UHFFFAOYSA-N
1779,Hydroxyproline,8.505149978,9024-23-1,O=C(O)[C@@H]1C[C@@H](O)CN1,,,https://doi.org/10.1021/acs.est.1c04719,halogenated,Halogenated organics,"InChI=1S/C5H9NO3/c7-3-1-4(5(8)9)6-2-3/h3-4,6-7H,1-2H2,(H,8,9)/t3-,4+/m1/s1",PMMYEEVYMWASQN-DMTCNVIQSA-N
1780,Hypotaurine,10.07918125,37256-46-5,NCCS(=O)O,,,https://doi.org/10.1021/acs.est.1c05532,"sulfide, disulfide",Sulfur-containing organics,"InChI=1S/C2H7NO2S/c3-1-2-6(4)5/h1-3H2,(H,4,5)",VVIUBCNYACGLLV-UHFFFAOYSA-N
1781,Hypoxanthine,9.812913357,9016-12-0,O=c1[nH]cnc2nc[nH]c12,,,https://doi.org/10.1021/acs.est.1c05268,cyclo,Aromatic & PAHs,"InChI=1S/C5H4N4O/c10-5-3-4(7-1-6-3)8-2-9-5/h1-2H,(H2,6,7,8,9,10)",FDGQSTZJBFJUBT-UHFFFAOYSA-N
1782,Ibuprofen,9.86923172,462631-86-3,CC(C)Cc1ccc(C(C)C(=O)O)cc1,,,https://doi.org/10.1021/acs.est.1c05654,cyclo,Aromatic & PAHs,"InChI=1S/C13H18O2/c1-9(2)8-11-4-6-12(7-5-11)10(3)13(14)15/h4-7,9-10H,8H2,1-3H3,(H,14,15)",HEFNNWSXXWATRW-UHFFFAOYSA-N
1783,Ibuprofen,9.86923172,15687-27-1,CC(C)CC1=CC=C(C=C1)C(C)C(=O)O,,,https://doi.org/10.1021/acsestengg.5c00537,alkane,Aliphatic hydrocarbons,"InChI=1S/C13H18O2/c1-9(2)8-11-4-6-12(7-5-11)10(3)13(14)15/h4-7,9-10H,8H2,1-3H3,(H,14,15)",HEFNNWSXXWATRW-UHFFFAOYSA-N
1784,Iminodiacetic acid,7.69019608,6096-81-7,O=C(O)CNCC(=O)O,,,https://doi.org/10.1021/acs.est.1c04670,halogenated,Halogenated organics,"InChI=1S/C4H7NO4/c6-3(7)1-5-2-4(8)9/h5H,1-2H2,(H,6,7)(H,8,9)",NBZBKCUXIYYUSX-UHFFFAOYSA-N
1785,Iminodiacetic acid,7.69019608,142-73-4,C(C(=O)O)NCC(=O)O,,,https://doi.org/10.1021/acsestengg.5c00313,halogenated,Halogenated organics,"InChI=1S/C4H7NO4/c6-3(7)1-5-2-4(8)9/h5H,1-2H2,(H,6,7)(H,8,9)",NBZBKCUXIYYUSX-UHFFFAOYSA-N
1786,Indole,10.50514998,86691-38-5,c1ccc2[nH]ccc2c1,,,https://doi.org/10.1021/acs.est.1c05172,cyclo,Aromatic & PAHs,"InChI=1S/C8H7N/c1-2-4-8-7(3-1)5-6-9-8/h1-6,9H",SIKJAQJRHWYJAI-UHFFFAOYSA-N
1787,Indoline,10.5797836,1357352-49-8,c1ccc2c(c1)CCN2,,,https://doi.org/10.1021/acs.est.1c04833,halogenated,Halogenated organics,"InChI=1S/C8H9N/c1-2-4-8-7(3-1)5-6-9-8/h1-4,9H,5-6H2",LPAGFVYQRIESJQ-UHFFFAOYSA-N
1788,Inosine,9.681241237,82252-19-5,OC[C@H]1O[C@@H](n2cnc3c(O)ncnc32)[C@H](O)[C@@H]1O,,,https://doi.org/10.1021/acs.est.1c05017,diol,Polyfunctional / highly functionalized,"InChI=1S/C10H12N4O5/c15-1-4-6(16)7(17)10(19-4)14-3-13-5-8(14)11-2-12-9(5)18/h2-4,6-7,10,15-17H,1H2,(H,11,12,18)/t4-,6-,7-,10-/m1/s1",UGQMRVRMYYASKQ-KQYNXXCUSA-N
1789,Inosine monophosphate,9.414973348,9028-93-7,O=P(O)(O)OC[C@H]1O[C@@H](n2cnc3c(O)ncnc32)[C@H](O)[C@@H]1O,,,https://doi.org/10.1021/acs.est.1c04988,diol,Polyfunctional / highly functionalized,"InChI=1S/C10H13N4O8P/c15-6-4(1-21-23(18,19)20)22-10(7(6)16)14-3-13-5-8(14)11-2-12-9(5)17/h2-4,6-7,10,15-16H,1H2,(H,11,12,17)(H2,18,19,20)/t4-,6-,7-,10-/m1/s1",GRSZFWQUAKGDAV-KQYNXXCUSA-N
1790,Inositol,9.146128036,87-89-8,OC1C(O)C(O)C(O)C(O)C1O,,,https://doi.org/10.1021/acs.est.1c05276,alcohol,Oxygenated organics,,
1791,Iodobenzene,9.72427587,51209-48-4,Ic1ccccc1,,,https://doi.org/10.1021/acs.est.1c04947,benzene,Aromatic & PAHs,InChI=1S/C6H5I/c7-6-4-2-1-3-5-6/h1-5H,SNHMUERNLJLMHN-UHFFFAOYSA-N
1792,Iopromide,9.519827994,185459-57-8,COCC(=O)Nc1c(I)c(C(=O)NCC(O)CO)c(I)c(C(=O)N(C)CC(O)CO)c1I,,,https://doi.org/10.1021/acs.est.1c05056,diol,Polyfunctional / highly functionalized,"InChI=1S/C18H24I3N3O8/c1-24(4-9(28)6-26)18(31)12-13(19)11(17(30)22-3-8(27)5-25)14(20)16(15(12)21)23-10(29)7-32-2/h8-9,25-28H,3-7H2,1-2H3,(H,22,30)(H,23,29)",DGAIEPBNLOQYER-UHFFFAOYSA-N
1793,Isopropyl phenyl sulfoxide,10,4170-69-8,CC(C)S(=O)c1ccccc1,,,https://doi.org/10.1021/acs.est.1c05459,"sulfide, disulfide",Sulfur-containing organics,"InChI=1S/C9H12OS/c1-8(2)11(10)9-6-4-3-5-7-9/h3-8H,1-2H3",MNPISBRDBQCTAF-UHFFFAOYSA-N
1794,Isouramil,9.698970004,3914-34-9,Nc1[nH]c(=O)[nH]c(=O)c1O,,,https://doi.org/10.1021/acs.est.1c04937,cyclo,Aromatic & PAHs,"InChI=1S/C4H5N3O3/c5-2-1(8)3(9)7-4(10)6-2/h8H,(H4,5,6,7,9,10)",SPOYOCCBDWULRZ-UHFFFAOYSA-N
1795,Kaempferol,8.92890769,915778-43-7,O=c1c(O)c(-c2ccc(O)cc2)oc2cc(O)cc(O)c12,,,https://doi.org/10.1021/acs.est.1c04722,alcohol,Oxygenated organics,"InChI=1S/C15H10O6/c16-8-3-1-7(2-4-8)15-14(20)13(19)12-10(18)5-9(17)6-11(12)21-15/h1-6,16-18,20H",IYRMWMYZSQPJKC-UHFFFAOYSA-N
1796,Kynurenine,10.11394335,74506-33-5,Nc1ccccc1C(=O)CC(N)C(=O)O,,,https://doi.org/10.1021/acs.est.1c05182,benzene,Aromatic & PAHs,"InChI=1S/C10H12N2O3/c11-7-4-2-1-3-6(7)9(13)5-8(12)10(14)15/h1-4,8H,5,11-12H2,(H,14,15)",YGPSJZOEDVAXAB-UHFFFAOYSA-N
1797,L-Ascorbate 2-glucoside,9.602059991,37237-57-3,O=C1C(O[C@H]2O[C@H](CO)[C@@H](O)[C@H](O)[C@H]2O)=C(O)O[C@@H]1[C@@H](O)CO,,,https://doi.org/10.1021/acs.est.1c04492,diol,Polyfunctional / highly functionalized,"InChI=1S/C12H18O11/c13-1-3(15)9-8(19)10(11(20)22-9)23-12-7(18)6(17)5(16)4(2-14)21-12/h3-7,9,12-18,20H,1-2H2/t3-,4+,5+,6-,7+,9+,12+/m0/s1",YEERNPPBIMJBHH-DCWMUDTNSA-N
1798,L-Methionyl-L-methionyl-L-methionine,10,89802-90-4,CSCC[C@H](N)C(=O)N[C@@H](CCSC)C(=O)N[C@@H](CCSC)C(=O)O,,,https://doi.org/10.1021/acs.est.1c04650,"sulfide, disulfide",Sulfur-containing organics,"InChI=1S/C15H29N3O4S3/c1-23-7-4-10(16)13(19)17-11(5-8-24-2)14(20)18-12(15(21)22)6-9-25-3/h10-12H,4-9,16H2,1-3H3,(H,17,19)(H,18,20)(H,21,22)/t10-,11-,12-/m0/s1",VWWGEKCAPBMIFE-SRVKXCTJSA-N
1799,L-Methionylglycyl-L-methionyl-L-methionine,10.07918125,608138-61-0,CSCC[C@H](N)C(=O)NCC(=O)N[C@@H](CCSC)C(=O)N[C@@H](CCSC)C(=O)O,,,https://doi.org/10.1021/acs.est.1c04948,"sulfide, disulfide",Sulfur-containing organics,"InChI=1S/C17H32N4O5S3/c1-27-7-4-11(18)15(23)19-10-14(22)20-12(5-8-28-2)16(24)21-13(17(25)26)6-9-29-3/h11-13H,4-10,18H2,1-3H3,(H,19,23)(H,20,22)(H,21,24)(H,25,26)/t11-,12-,13-/m0/s1",BOCWTHDHJPOLAY-AVGNSLFASA-N
1800,L-ascorbate-2-sulfate ion,9.62,53910-28-4,O=C1O[C@H]([C@@H](O)CO)C(O)=C1OS(=O)(=O)O,7,25,NIST,diol,Polyfunctional / highly functionalized,"InChI=1S/C6H8O9S/c7-1-2(8)4-3(9)5(6(10)14-4)15-16(11,12)13/h2,4,7-9H,1H2,(H,11,12,13)/t2-,4+/m0/s1",XDBMXUKHMOFBPJ-ZAFYKAAXSA-N
1801,L-methionyl-L-methionyl-L-methionine,10,89802-90-4,CSCC[C@H](N)C(=O)N[C@@H](CCSC)C(=O)N[C@@H](CCSC)C(=O)O,1,25,NIST,"sulfide, disulfide",Sulfur-containing organics,"InChI=1S/C15H29N3O4S3/c1-23-7-4-10(16)13(19)17-11(5-8-24-2)14(20)18-12(15(21)22)6-9-25-3/h10-12H,4-9,16H2,1-3H3,(H,17,19)(H,18,20)(H,21,22)/t10-,11-,12-/m0/s1",VWWGEKCAPBMIFE-SRVKXCTJSA-N
1802,L-methionylglycyl-L-methionyl-L-methionine,10.08,608138-61-0,CSCC[C@H](N)C(=O)NCC(=O)N[C@@H](CCSC)C(=O)N[C@@H](CCSC)C(=O)O,1,25,NIST,"sulfide, disulfide",Sulfur-containing organics,"InChI=1S/C17H32N4O5S3/c1-27-7-4-11(18)15(23)19-10-14(22)20-12(5-8-28-2)16(24)21-13(17(25)26)6-9-29-3/h11-13H,4-10,18H2,1-3H3,(H,19,23)(H,20,22)(H,21,24)(H,25,26)/t11-,12-,13-/m0/s1",BOCWTHDHJPOLAY-AVGNSLFASA-N
1803,Lactose,9.491361694,10039-26-6,OC[C@H]1OC(O)[C@H](O)[C@@H](O)[C@@H]1O[C@@H]1O[C@H](CO)[C@H](O)[C@H](O)[C@H]1O,,,https://doi.org/10.1021/acs.est.1c05304,diol,Polyfunctional / highly functionalized,"InChI=1S/C12H22O11/c13-1-3-5(15)6(16)9(19)12(22-3)23-10-4(2-14)21-11(20)8(18)7(10)17/h3-20H,1-2H2/t3-,4-,5+,6+,7-,8-,9-,10-,11?,12+/m1/s1",GUBGYTABKSRVRQ-QKKXKWKRSA-N
1804,Levofloxacin,9.880241776,1797099-76-3,C[C@H]1COc2c(N3CCN(C)CC3)c(F)cc3c(=O)c(C(=O)O)cn1c23,,,https://doi.org/10.1021/acs.est.1c05071,alcohol,Oxygenated organics,"InChI=1S/C18H20FN3O4/c1-10-9-26-17-14-11(16(23)12(18(24)25)8-22(10)14)7-13(19)15(17)21-5-3-20(2)4-6-21/h7-8,10H,3-6,9H2,1-2H3,(H,24,25)/t10-/m0/s1",GSDSWSVVBLHKDQ-JTQLQIEISA-N
1805,Lidocaine,10.20411998,1247567-34-5,CCN(CC)CC(=O)Nc1c(C)cccc1C,,,https://doi.org/10.1021/acs.est.1c05577,benzene,Aromatic & PAHs,"InChI=1S/C14H22N2O/c1-5-16(6-2)10-13(17)15-14-11(3)8-7-9-12(14)4/h7-9H,5-6,10H2,1-4H3,(H,15,17)",NNJVILVZKWQKPM-UHFFFAOYSA-N
1806,Lincomycin,9.92992956,154-21-2,CCC[C@@H]1C[C@@H](C(=O)N[C@H]([C@@H](C)O)[C@H]2O[C@H](SC)[C@H](O)[C@@H](O)[C@H]2O)N(C)C1,,,https://doi.org/10.1021/acs.est.1c05560,diol,Polyfunctional / highly functionalized,"InChI=1S/C18H34N2O6S/c1-5-6-10-7-11(20(3)8-10)17(25)19-12(9(2)21)16-14(23)13(22)15(24)18(26-16)27-4/h9-16,18,21-24H,5-8H2,1-4H3,(H,19,25)/t9-,10-,11+,12-,13+,14-,15-,16-,18-/m1/s1",OJMMVQQUTAEWLP-KIDUDLJLSA-N
1807,Lomefloxacin,9.910090546,195259-11-1,CCn1cc(C(=O)O)c(=O)c2cc(F)c(N3CCNC(C)C3)c(F)c21,,,https://doi.org/10.1021/acs.est.1c04698,cyclo,Aromatic & PAHs,"InChI=1S/C17H19F2N3O3/c1-3-21-8-11(17(24)25)16(23)10-6-12(18)15(13(19)14(10)21)22-5-4-20-9(2)7-22/h6,8-9,20H,3-5,7H2,1-2H3,(H,24,25)",ZEKZLJVOYLTDKK-UHFFFAOYSA-N
1808,Luminol,9.953759692,134459-06-6,Nc1cccc2c(=O)[nH][nH]c(=O)c12,,,https://doi.org/10.1021/acs.est.1c04960,cyclo,Aromatic & PAHs,"InChI=1S/C8H7N3O2/c9-5-3-1-2-4-6(5)8(13)11-10-7(4)12/h1-3H,9H2,(H,10,12)(H,11,13)",HWYHZTIRURJOHG-UHFFFAOYSA-N
1809,METHOXYMETHYLBENZENE,10.07918125,1935250-14-8,COCc1ccccc1,,,https://doi.org/10.1021/acs.est.1c05350,alcohol,Oxygenated organics,"InChI=1S/C8H10O/c1-9-7-8-5-3-2-4-6-8/h2-6H,7H2,1H3",GQKZBCPTCWJTAS-UHFFFAOYSA-N
1810,METHYL ACETATE,8.301029996,68683-25-0,COC(C)=O,,,https://doi.org/10.1021/acs.est.1c04491,alcohol,Oxygenated organics,InChI=1S/C3H6O2/c1-3(4)5-2/h1-2H3,KXKVLQRXCPHEJC-UHFFFAOYSA-N
1811,METHYLUREA,9.301029996,197456-08-9,CNC(N)=O,,,https://doi.org/10.1021/acs.est.1c04847,halogenated,Halogenated organics,"InChI=1S/C2H6N2O/c1-4-2(3)5/h1H3,(H3,3,4,5)",XGEGHDBEHXKFPX-UHFFFAOYSA-N
1812,Maleic hydrazide,9.462397998,883838-46-8,NNC(=O)/C=C\C(=O)O,,,https://doi.org/10.1021/acs.est.1c04328,halogenated,Halogenated organics,"InChI=1S/C4H6N2O3/c5-6-3(7)1-2-4(8)9/h1-2H,5H2,(H,6,7)(H,8,9)/b2-1-",FOWAVPREFGTTQS-UPHRSURJSA-N
1813,Maltose,9.361727836,81295-47-8,OCC1OC(OC2C(CO)OC(O)C(O)C2O)C(O)C(O)C1O,,,https://doi.org/10.1021/acs.est.1c05378,diol,Polyfunctional / highly functionalized,"InChI=1S/C12H22O11/c13-1-3-5(15)6(16)9(19)12(22-3)23-10-4(2-14)21-11(20)8(18)7(10)17/h3-20H,1-2H2",GUBGYTABKSRVRQ-UHFFFAOYSA-N
1814,Mannitol,9.397940009,9001-65-4,OC[C@@H](O)[C@@H](O)[C@H](O)[C@H](O)CO,,,https://doi.org/10.1021/acs.est.1c05454,alcohol,Oxygenated organics,"InChI=1S/C6H14O6/c7-1-3(9)5(11)6(12)4(10)2-8/h3-12H,1-2H2/t3-,4-,5-,6-/m1/s1",FBPFZTCFMRRESA-KVTDHHQDSA-N
1815,Marbofloxacin,9.959994838,194023-72-8,CN1CCN(c2c(F)cc3c(=O)c(C(=O)O)cn4c3c2OCN4C)CC1,,,https://doi.org/10.1021/acs.est.1c04893,alcohol,Oxygenated organics,"InChI=1S/C17H19FN4O4/c1-19-3-5-21(6-4-19)14-12(18)7-10-13-16(14)26-9-20(2)22(13)8-11(15(10)23)17(24)25/h7-8H,3-6,9H2,1-2H3,(H,24,25)",BPFYOAJNDMUVBL-UHFFFAOYSA-N
1816,Melibiose,9.579783597,9055-24-7,OCC1OC(OCC2OC(O)C(O)C(O)C2O)C(O)C(O)C1O,,,https://doi.org/10.1021/acs.est.1c05671,diol,Polyfunctional / highly functionalized,"InChI=1S/C12H22O11/c13-1-3-5(14)8(17)10(19)12(23-3)21-2-4-6(15)7(16)9(18)11(20)22-4/h3-20H,1-2H2",DLRVVLDZNNYCBX-UHFFFAOYSA-N
1817,Methacrylamide,10.11394335,393110-04-8,C=C(C)C(N)=O,,,https://doi.org/10.1021/acs.est.1c04982,halogenated,Halogenated organics,"InChI=1S/C4H7NO/c1-3(2)4(5)6/h1H2,2H3,(H2,5,6)",FQPSGWSUVKBHSU-UHFFFAOYSA-N
1818,Methanamine,9.755874856,1803581-32-9,CN,,,https://doi.org/10.1021/acs.est.1c04926,halogenated,Halogenated organics,"InChI=1S/CH5N/c1-2/h2H2,1H3",BAVYZALUXZFZLV-UHFFFAOYSA-N
1819,Methane,8.079181246,74-82-8,C,,,https://doi.org/10.1021/acsestengg.5c00542,alkane,Aliphatic hydrocarbons,InChI=1S/CH4/h1H4,VNWKTOKETHGBQD-UHFFFAOYSA-N
1820,Methanediol,9.113943352,64109-04-2,OCO,,,https://doi.org/10.1021/acs.est.1c05344,alcohol,Oxygenated organics,"InChI=1S/CH4O2/c2-1-3/h2-3H,1H2",CKFGINPQOCXMAZ-UHFFFAOYSA-N
1821,Methicillin,10,7246-14-2,COc1cccc(OC)c1C(=O)NC1C(=O)N2C1SC(C)(C)C2C(=O)O,,,https://doi.org/10.1021/acs.est.1c05420,"sulfide, disulfide",Sulfur-containing organics,"InChI=1S/C17H20N2O6S/c1-17(2)12(16(22)23)19-14(21)11(15(19)26-17)18-13(20)10-8(24-3)6-5-7-9(10)25-4/h5-7,11-12,15H,1-4H3,(H,18,20)(H,22,23)",RJQXTJLFIWVMTO-UHFFFAOYSA-N
1822,Methionine,9.86923172,116155-75-0,CSCC[C@H](N)C(=O)O,,,https://doi.org/10.1021/acs.est.1c05040,"sulfide, disulfide",Sulfur-containing organics,"InChI=1S/C5H11NO2S/c1-9-3-2-4(6)5(7)8/h4H,2-3,6H2,1H3,(H,7,8)/t4-/m0/s1",FFEARJCKVFRZRR-BYPYZUCNSA-N
1823,Methoxybenzene,9.73239376,1261808-32-5,COc1ccccc1,,,https://doi.org/10.1021/acs.est.1c04651,alcohol,Oxygenated organics,"InChI=1S/C7H8O/c1-8-7-5-3-2-4-6-7/h2-6H,1H3",RDOXTESZEPMUJZ-UHFFFAOYSA-N
1824,Methoxychlor,9.589949601,2132-70-9,COc1ccc(C(c2ccc(OC)cc2)C(Cl)(Cl)Cl)cc1,,,https://doi.org/10.1021/acs.est.1c04846,alcohol,Oxygenated organics,"InChI=1S/C16H15Cl3O2/c1-20-13-7-3-11(4-8-13)15(16(17,18)19)12-5-9-14(21-2)10-6-12/h3-10,15H,1-2H3",IAKOZHOLGAGEJT-UHFFFAOYSA-N
1825,Methoxymethane,9,43625-71-4,COC,,,https://doi.org/10.1021/acs.est.1c05084,alcohol,Oxygenated organics,InChI=1S/C2H6O/c1-3-2/h1-2H3,LCGLNKUTAGEVQW-UHFFFAOYSA-N
1826,Methyl 2-(dimethylamino)-N-[[(methylamino)carbonyl]oxy]-2-oxoethanimidothioate,9.301029996,104946-82-9,CNC(=O)ON=C(SC)C(=O)N(C)C,,,https://doi.org/10.1021/acs.est.1c05444,amide,Nitrogen-containing organics,"InChI=1S/C7H13N3O3S/c1-8-7(12)13-9-5(14-4)6(11)10(2)3/h1-4H3,(H,8,12)",KZAUOCCYDRDERY-UHFFFAOYSA-N
1827,Methyl acrylate,9.72427587,25853-61-6,C=CC(=O)OC,,,https://doi.org/10.1021/acs.est.1c05397,alcohol,Oxygenated organics,"InChI=1S/C4H6O2/c1-3-4(5)6-2/h3H,1H2,2H3",BAPJBEWLBFYGME-UHFFFAOYSA-N
1828,Methyl butyrate,9.230448921,51115-64-1,CCCC(=O)OC,,,https://doi.org/10.1021/acs.est.1c05232,alcohol,Oxygenated organics,"InChI=1S/C5H10O2/c1-3-4-5(6)7-2/h3-4H2,1-2H3",UUIQMZJEGPQKFD-UHFFFAOYSA-N
1829,Methyl methoxyacetate,9.255272505,1484686-43-2,COCC(=O)OC,,,https://doi.org/10.1021/acs.est.1c05376,diol,Polyfunctional / highly functionalized,"InChI=1S/C4H8O3/c1-6-3-4(5)7-2/h3H2,1-2H3",QRMHDGWGLNLHMN-UHFFFAOYSA-N
1830,Methyl methylthiomethyl sulfoxide,9.681241237,33577-16-1,CSCS(C)=O,,,https://doi.org/10.1021/acs.est.1c05648,"sulfide, disulfide",Sulfur-containing organics,"InChI=1S/C3H8OS2/c1-5-3-6(2)4/h3H2,1-2H3",OTKFCIVOVKCFHR-UHFFFAOYSA-N
1831,Methyl propanoate,9.653212514,40870-94-8,CCC(=O)OC,,,https://doi.org/10.1021/acs.est.1c04614,alcohol,Oxygenated organics,"InChI=1S/C4H8O2/c1-3-4(5)6-2/h3H2,1-2H3",RJUFJBKOKNCXHH-UHFFFAOYSA-N
1832,Methyl-D-arabinopyranoside,9.380211242,5328-63-2,CO[C@H]1OC[C@@H](O)[C@@H](O)[C@@H]1O,,,https://doi.org/10.1021/acs.est.1c05610,diol,Polyfunctional / highly functionalized,"InChI=1S/C6H12O5/c1-10-6-5(9)4(8)3(7)2-11-6/h3-9H,2H2,1H3/t3-,4-,5+,6+/m1/s1",ZBDGHWFPLXXWRD-ZXXMMSQZSA-N
1833,Methyl-beta-D-xylopyranoside,9.414973348,115211-19-3,COC1OCC(O)C(O)C1O,,,https://doi.org/10.1021/acs.est.1c05284,diol,Polyfunctional / highly functionalized,"InChI=1S/C6H12O5/c1-10-6-5(9)4(8)3(7)2-11-6/h3-9H,2H2,1H3",ZBDGHWFPLXXWRD-UHFFFAOYSA-N
1834,Methylcyclohexane,9.851258349,1341344-94-2,CC1CCCCC1,,,https://doi.org/10.1021/acs.est.1c05106,benzene,Aromatic & PAHs,"InChI=1S/C7H14/c1-7-5-3-2-4-6-7/h7H,2-6H2,1H3",UAEPNZWRGJTJPN-UHFFFAOYSA-N
1835,Methylcyclohexane,9.851258349,108-87-2,CC1CCCCC1,,,https://doi.org/10.1021/acsestengg.5c00544,benzene,Aromatic & PAHs,"InChI=1S/C7H14/c1-7-5-3-2-4-6-7/h7H,2-6H2,1H3",UAEPNZWRGJTJPN-UHFFFAOYSA-N
1836,Methylcyclopentane,9.84509804,96-37-7,CC1CCCC1,,,https://doi.org/10.1021/acsestengg.5c00543,cyclo,Aromatic & PAHs,"InChI=1S/C6H12/c1-6-4-2-3-5-6/h6H,2-5H2,1H3",GDOPTJXRTPNYNR-UHFFFAOYSA-N
1837,Methylcyclopentane,9.84509804,96-37-7,CC1CCCC1,,,https://doi.org/10.1021/acs.est.1c04715,cyclo,Aromatic & PAHs,"InChI=1S/C6H12/c1-6-4-2-3-5-6/h6H,2-5H2,1H3",GDOPTJXRTPNYNR-UHFFFAOYSA-N
1838,Methyldisulfanylmethane,10.23044892,624-92-0,CSSC,,,https://doi.org/10.1021/acs.est.1c05433,"sulfide, disulfide",Sulfur-containing organics,InChI=1S/C2H6S2/c1-3-4-2/h1-2H3,WQOXQRCZOLPYPM-UHFFFAOYSA-N
1839,Methylene blue (TETRAMETHYLTHIONINE CHLORIDE),10.07918125,61-73-4,CN(C)C1=CC2=C(C=C1)N=C3C=CC(=[N+](C)C)C=C3S2.[Cl-],,,https://doi.org/10.1021/acsestengg.5c00574,"sulfide, disulfide",Sulfur-containing organics,"InChI=1S/C16H18N3S.ClH/c1-18(2)11-5-7-13-15(9-11)20-16-10-12(19(3)4)6-8-14(16)17-13;/h5-10H,1-4H3;1H/q+1;/p-1",CXKWCBBOMKCUKX-UHFFFAOYSA-M
1840,Methylgalactoside,9.204119983,1824-94-8,CO[C@@H]1O[C@H](CO)[C@H](O)[C@H](O)[C@H]1O,,,https://doi.org/10.1021/acs.est.1c04428,diol,Polyfunctional / highly functionalized,"InChI=1S/C7H14O6/c1-12-7-6(11)5(10)4(9)3(2-8)13-7/h3-11H,2H2,1H3/t3-,4+,5+,6-,7-/m1/s1",HOVAGTYPODGVJG-VOQCIKJUSA-N
1841,Methylhomocysteine thiolactone,9.447158031,1219805-31-8,CC1(N)CCSC1=O,,,https://doi.org/10.1021/acs.est.1c04831,"sulfide, disulfide",Sulfur-containing organics,"InChI=1S/C5H9NOS/c1-5(6)2-3-8-4(5)7/h2-3,6H2,1H3",SHPOQDAVWJDBGS-UHFFFAOYSA-N
1842,Methylsulfinylmethane,9.812913357,8070-53-9,C[S](C)=O,,,https://doi.org/10.1021/acs.est.1c04519,"sulfide, disulfide",Sulfur-containing organics,InChI=1S/C2H6OS/c1-4(2)3/h1-2H3,IAZDPXIOMUYVGZ-UHFFFAOYSA-N
1843,Methylthiomethyl acetate,9.826074803,16437-69-7,CSCOC(C)=O,,,https://doi.org/10.1021/acs.est.1c05298,"sulfide, disulfide",Sulfur-containing organics,"InChI=1S/C4H8O2S/c1-4(5)6-3-7-2/h3H2,1-2H3",LCUMNXCSNFGGGH-UHFFFAOYSA-N
1844,Metolachlor,9.829946696,171118-09-5,CCc1cccc(C)c1N(C(=O)CCl)C(C)COC,,,https://doi.org/10.1021/acs.est.1c05133,alcohol,Oxygenated organics,"InChI=1S/C15H22ClNO2/c1-5-13-8-6-7-11(2)15(13)17(14(18)9-16)12(3)10-19-4/h6-8,12H,5,9-10H2,1-4H3",WVQBLGZPHOPPFO-UHFFFAOYSA-N
1845,Mifentidine,8.477121255,83184-43-4,CC(C)N=CNc1ccc(-c2cnc[nH]2)cc1,,,https://doi.org/10.1021/acs.est.1c05404,benzene,Aromatic & PAHs,"InChI=1S/C13H16N4/c1-10(2)15-9-16-12-5-3-11(4-6-12)13-7-14-8-17-13/h3-10H,1-2H3,(H,14,17)(H,15,16)",GOZUADYOHPCXLE-UHFFFAOYSA-N
1846,Morin,9.230448921,1173997-99-3,O=c1c(O)c(-c2ccc(O)cc2O)oc2cc(O)cc(O)c12,,,https://doi.org/10.1021/acs.est.1c04571,diol,Polyfunctional / highly functionalized,"InChI=1S/C15H10O7/c16-6-1-2-8(9(18)3-6)15-14(21)13(20)12-10(19)4-7(17)5-11(12)22-15/h1-5,16-19,21H",YXOLAZRVSSWPPT-UHFFFAOYSA-N
1847,Myricetin,9.322219295,1292805-08-3,O=c1c(O)c(-c2cc(O)c(O)c(O)c2)oc2cc(O)cc(O)c12,,,https://doi.org/10.1021/acs.est.1c05037,alcohol,Oxygenated organics,"InChI=1S/C15H10O8/c16-6-3-7(17)11-10(4-6)23-15(14(22)13(11)21)5-1-8(18)12(20)9(19)2-5/h1-4,16-20,22H",IKMDFBPHZNJCSN-UHFFFAOYSA-N
1848,"N'-(7-chloroquinolin-4-yl)-N,N-diethylpentane-1,4-diamine",9.86332286,16510-14-8,CCN(CC)CCCC(C)Nc1ccnc2cc(Cl)ccc12,,,https://doi.org/10.1021/acs.est.1c05447,cyclo,Aromatic & PAHs,"InChI=1S/C18H26ClN3/c1-4-22(5-2)12-6-7-14(3)21-17-10-11-20-18-13-15(19)8-9-16(17)18/h8-11,13-14H,4-7,12H2,1-3H3,(H,20,21)",WHTVZRBIWZFKQO-UHFFFAOYSA-N
1849,"N'-ethyl-6-methylsulfanyl-N-propan-2-yl-1,3,5-triazine-2,4-diamine",10.41497335,4147-58-4,CCNc1nc(NC(C)C)nc(SC)n1,,,https://doi.org/10.1021/acs.est.1c04954,alkane,Aliphatic hydrocarbons,"InChI=1S/C9H17N5S/c1-5-10-7-12-8(11-6(2)3)14-9(13-7)15-4/h6H,5H2,1-4H3,(H2,10,11,12,13,14)",RQVYBGPQFYCBGX-UHFFFAOYSA-N
1850,"N,2,2-trimethylpropanamide",9.380211242,1038215-86-9,CNC(=O)C(C)(C)C,,,https://doi.org/10.1021/acs.est.1c04562,halogenated,Halogenated organics,"InChI=1S/C6H13NO/c1-6(2,3)5(8)7-4/h1-4H3,(H,7,8)",QMKKJBRRKIKWFK-UHFFFAOYSA-N
1851,"N,2-dimethylpropanamide",9.278753601,137131-14-7,CNC(=O)C(C)C,,,https://doi.org/10.1021/acs.est.1c04674,halogenated,Halogenated organics,"InChI=1S/C5H11NO/c1-4(2)5(7)6-3/h4H,1-3H3,(H,6,7)",IXHFNEAFAWRVCF-UHFFFAOYSA-N
1852,"N,N'-Diethyl-6-methoxy-1,3,5-triazine-2,4-diamine",9.672097858,3084-94-4,CCNc1nc(NCC)nc(OC)n1,,,https://doi.org/10.1021/acs.est.1c05367,triazine,Heterocycles,"InChI=1S/C8H15N5O/c1-4-9-6-11-7(10-5-2)13-8(12-6)14-3/h4-5H2,1-3H3,(H2,9,10,11,12,13)",HKAMKLBXTLTVCN-UHFFFAOYSA-N
1853,"N,N'-Diethylthiourea",8.903089987,61479-68-3,CCNC(=S)NCC,,,https://doi.org/10.1021/acs.est.1c05352,alkane,Aliphatic hydrocarbons,"InChI=1S/C5H12N2S/c1-3-6-5(8)7-4-2/h3-4H2,1-2H3,(H2,6,7,8)",FLVIGYVXZHLUHP-UHFFFAOYSA-N
1854,"N,N'-bis(1,3-dihydroxypropan-2-yl)-5-[[(2S)-2-hydroxypropanoyl]amino]-2,4,6-triiodobenzene-1,3-dicarboxamide",9.530199698,77868-44-1,C[C@H](O)C(=O)Nc1c(I)c(C(=O)NC(CO)CO)c(I)c(C(=O)NC(CO)CO)c1I,,,https://doi.org/10.1021/acs.est.1c04972,cyclo,Aromatic & PAHs,"InChI=1S/C17H22I3N3O8/c1-6(28)15(29)23-14-12(19)9(16(30)21-7(2-24)3-25)11(18)10(13(14)20)17(31)22-8(4-26)5-27/h6-8,24-28H,2-5H2,1H3,(H,21,30)(H,22,31)(H,23,29)/t6-/m0/s1",XQZXYNRDCRIARQ-LURJTMIESA-N
1855,"N,N'-bis(2,3-dihydroxypropyl)-2,4,6-triiodo-5-[(2-methoxyacetyl)amino]-N'-methylbenzene-1,3-dicarboxamide",9.519827994,73334-07-3,COCC(=O)Nc1c(I)c(C(=O)NCC(O)CO)c(I)c(c1I)C(=O)N(C)CC(O)CO,,,https://doi.org/10.1021/acs.est.1c04586,diol,Polyfunctional / highly functionalized,"InChI=1S/C18H24I3N3O8/c1-24(4-9(28)6-26)18(31)12-13(19)11(17(30)22-3-8(27)5-25)14(20)16(15(12)21)23-10(29)7-32-2/h8-9,25-28H,3-7H2,1-2H3,(H,22,30)(H,23,29)",DGAIEPBNLOQYER-UHFFFAOYSA-N
1856,"N,N'-bis(2,3-dihydroxypropyl)-5-[(2-hydroxyacetyl)-methylamino]-2,4,6-triiodobenzene-1,3-dicarboxamide",9.399673721,77868-40-7,CN(C(=O)CO)c1c(I)c(C(=O)NCC(O)CO)c(I)c(C(=O)NCC(O)CO)c1I,,,https://doi.org/10.1021/acs.est.1c04743,diol,Polyfunctional / highly functionalized,"InChI=1S/C17H22I3N3O8/c1-23(9(29)6-26)15-13(19)10(16(30)21-2-7(27)4-24)12(18)11(14(15)20)17(31)22-3-8(28)5-25/h7-8,24-28H,2-6H2,1H3,(H,21,30)(H,22,31)",NJKDOADNQSYQEV-UHFFFAOYSA-N
1857,"N,N'-diethyl-6-methylsulfanyl-1,3,5-triazine-2,4-diamine",10.41497335,3084-94-4,CCNc1nc(NCC)nc(SC)n1,,,https://doi.org/10.1021/acs.est.1c04855,triazine,Heterocycles,"InChI=1S/C8H15N5S/c1-4-9-6-11-7(10-5-2)13-8(12-6)14-3/h4-5H2,1-3H3,(H2,9,10,11,12,13)",MGLWZSOBALDPEK-UHFFFAOYSA-N
1858,"N,N'-diethyl-thiourea",8.9,10569-54-7,CCNC(=S)NCC,0,25,NIST,alkane,Aliphatic hydrocarbons,"InChI=1S/C5H12N2S/c1-3-6-5(8)7-4-2/h3-4H2,1-2H3,(H2,6,7,8)",FLVIGYVXZHLUHP-UHFFFAOYSA-N
1859,"N,N'-diethyl-thiourea",8.9,10569-54-7,CCNC(=S)NCC,7,25,NIST,alkane,Aliphatic hydrocarbons,"InChI=1S/C5H12N2S/c1-3-6-5(8)7-4-2/h3-4H2,1-2H3,(H2,6,7,8)",FLVIGYVXZHLUHP-UHFFFAOYSA-N
1860,"N,N,2,2-tetramethylpropanamide",9.591064607,1247675-78-0,CN(C)C(=O)C(C)(C)C,,,https://doi.org/10.1021/acs.est.1c05259,halogenated,Halogenated organics,"InChI=1S/C7H15NO/c1-7(2,3)6(9)8(4)5/h1-5H3",RLVGHTRVYWUWSH-UHFFFAOYSA-N
1861,"N,N,N',N'-tetramethyl-p-phenylenediamine",9.59,100-22-1,CN(C)c1ccc(N(C)C)cc1,7,25,https://doi.org/10.1021/acs.est.4c11950,cyclo,Aromatic & PAHs,"InChI=1S/C10H16N2/c1-11(2)9-5-7-10(8-6-9)12(3)4/h5-8H,1-4H3",CJAOGUFAAWZWNI-UHFFFAOYSA-N
1862,"N,N,N-trimethyl-purin-6-aminium",8.11,15402-36-5,C[N+](C)(C)c1nc2ncncc2[nH]1.[Cl-],5.5,25,NIST,cyclo,Aromatic & PAHs,"InChI=1S/C8H12N5.ClH/c1-13(2,3)8-11-6-4-9-5-10-7(6)12-8;/h4-5H,1-3H3,(H,9,10,11,12);1H/q+1;/p-1",KAXOGJJMSSUYJI-UHFFFAOYSA-M
1863,"N,N-DIMETHYL-4-NITROSOANILINE",10.09691001,1282489-71-7,CN(C)c1ccc(cc1)N=O,,,https://doi.org/10.1021/acs.est.1c04985,halogenated,Halogenated organics,"InChI=1S/C8H10N2O/c1-10(2)8-5-3-7(9-11)4-6-8/h3-6H,1-2H3",CMEWLCATCRTSGF-UHFFFAOYSA-N
1864,"N,N-Diethyl-3-methylbenzamide",9.69019608,1248621-18-2,CCN(CC)C(=O)c1cccc(C)c1,,,https://doi.org/10.1021/acs.est.1c05390,benzene,Aromatic & PAHs,"InChI=1S/C12H17NO/c1-4-13(5-2)12(14)11-8-6-7-10(3)9-11/h6-9H,4-5H2,1-3H3",MMOXZBCLCQITDF-UHFFFAOYSA-N
1865,"N,N-Diethylethanamine",10,110073-23-9,CCN(CC)CC,,,https://doi.org/10.1021/acs.est.1c05600,alkane,Aliphatic hydrocarbons,"InChI=1S/C6H15N/c1-4-7(5-2)6-3/h4-6H2,1-3H3",ZMANZCXQSJIPKH-UHFFFAOYSA-N
1866,"N,N-Diethylhydroxylamine",9.113943352,16607-70-8,CCN(O)CC,,,https://doi.org/10.1021/acs.est.1c04919,alkane,Aliphatic hydrocarbons,"InChI=1S/C4H11NO/c1-3-5(6)4-2/h6H,3-4H2,1-2H3",FVCOIAYSJZGECG-UHFFFAOYSA-N
1867,"N,N-Dimethyl-4-nitrosoaniline",10.14612804,1282489-71-7,CN(C)c1ccc(N=O)cc1,,,https://doi.org/10.1021/acs.est.1c05296,benzene,Aromatic & PAHs,"InChI=1S/C8H10N2O/c1-10(2)8-5-3-7(9-11)4-6-8/h3-6H,1-2H3",CMEWLCATCRTSGF-UHFFFAOYSA-N
1868,"N,N-Dimethylacetamide",9.544068044,1021038-48-1,CN(C)C(C)=O,,,https://doi.org/10.1021/acs.est.1c05255,halogenated,Halogenated organics,InChI=1S/C4H9NO/c1-4(6)5(2)3/h1-3H3,FXHOOIRPVKKKFG-UHFFFAOYSA-N
1869,"N,N-Dimethylformamide",9.230448921,56955-15-8,CN(C)C=O,,,https://doi.org/10.1021/acs.est.1c04689,halogenated,Halogenated organics,"InChI=1S/C3H7NO/c1-4(2)3-5/h3H,1-2H3",ZMXDDKWLCZADIW-UHFFFAOYSA-N
1870,"N,N-dibutylbutan-1-amine",10.23044892,137024-33-0,CCCCN(CCCC)CCCC,,,https://doi.org/10.1021/acs.est.1c05476,alkane,Aliphatic hydrocarbons,"InChI=1S/C12H27N/c1-4-7-10-13(11-8-5-2)12-9-6-3/h4-12H2,1-3H3",IMFACGCPASFAPR-UHFFFAOYSA-N
1871,"N,N-dibutylnitrous amide",9.673020907,629-54-9,CCCCN(CCCC)N=O,,,https://doi.org/10.1021/acs.est.1c05356,alkane,Aliphatic hydrocarbons,"InChI=1S/C8H18N2O/c1-3-5-7-10(9-11)8-6-4-2/h3-8H2,1-2H3",YGJHZCLPZAZIHH-UHFFFAOYSA-N
1872,"N,N-diethylnitrous amide",8.844477176,1735-79-1,CCN(CC)N=O,,,https://doi.org/10.1021/acs.est.1c05303,alkane,Aliphatic hydrocarbons,"InChI=1S/C4H10N2O/c1-3-6(4-2)5-7/h3-4H2,1-2H3",WBNQDOYYEUMPFS-UHFFFAOYSA-N
1873,"N,N-dihydroxy-4-methylaniline",9.92992956,619319-96-9,Cc1ccc(cc1)[N+]([O-])=O,,,https://doi.org/10.1021/acs.est.1c04634,alkane,Aliphatic hydrocarbons,"InChI=1S/C7H7NO2/c1-6-2-4-7(5-3-6)8(9)10/h2-5H,1H3",ZPTVNYMJQHSSEA-UHFFFAOYSA-N
1874,"N,N-dimethyl acetamide",9.54,154603-71-1,CN(C)C(C)=O,5.5,25,https://doi.org/10.1021/acs.est.4c11950,halogenated,Halogenated organics,InChI=1S/C4H9NO/c1-4(6)5(2)3/h1-3H3,FXHOOIRPVKKKFG-UHFFFAOYSA-N
1875,"N,N-dimethyl formamide",9.23,185990-36-7,CN(C)C=O,5.5,25,https://doi.org/10.1021/acs.est.4c11950,halogenated,Halogenated organics,"InChI=1S/C3H7NO/c1-4(2)3-5/h3H,1-2H3",ZMXDDKWLCZADIW-UHFFFAOYSA-N
1876,"N,N-dimethyl pivalamide",9.59,183674-82-0,CN(C)C(=O)C(C)(C)C,7,25,https://doi.org/10.1021/acs.est.4c11950,halogenated,Halogenated organics,"InChI=1S/C7H15NO/c1-7(2,3)6(9)8(4)5/h1-5H3",RLVGHTRVYWUWSH-UHFFFAOYSA-N
1877,"N,N-dimethyl-4-nitroso-aniline",10.17,871876-73-2,CN(C)c1ccc(N=O)cc1,7,25,NIST,benzene,Aromatic & PAHs,"InChI=1S/C8H10N2O/c1-10(2)8-5-3-7(9-11)4-6-8/h3-6H,1-2H3",CMEWLCATCRTSGF-UHFFFAOYSA-N
1878,"N,N-dimethyl-4-nitroso-aniline",10.15,871876-73-2,CN(C)c1ccc(N=O)cc1,9,25,NIST,benzene,Aromatic & PAHs,"InChI=1S/C8H10N2O/c1-10(2)8-5-3-7(9-11)4-6-8/h3-6H,1-2H3",CMEWLCATCRTSGF-UHFFFAOYSA-N
1879,"N,N-dimethyl-aniline",10.15,356531-05-0,CN(C)c1ccccc1,9,25,NIST,benzene,Aromatic & PAHs,"InChI=1S/C8H11N/c1-9(2)8-6-4-3-5-7-8/h3-7H,1-2H3",JLTDJTHDQAWBAV-UHFFFAOYSA-N
1880,"N,N-dimethyladenine",9.85,669055-52-1,CN(C)C1=NC=NC2=C1NC=N2,7.8,25,https://doi.org/10.1021/acs.est.4c11950,cyclo,Aromatic & PAHs,"InChI=1S/C7H9N5/c1-12(2)7-5-6(9-3-8-5)10-4-11-7/h3-4H,1-2H3,(H,8,9,10,11)",BVIAOQMSVZHOJM-UHFFFAOYSA-N
1881,"N,N-dimethylaniline",10.13033377,37290-58-7,CN(C)c1ccccc1,,,https://doi.org/10.1021/acs.est.1c05077,benzene,Aromatic & PAHs,"InChI=1S/C8H11N/c1-9(2)8-6-4-3-5-7-8/h3-7H,1-2H3",JLTDJTHDQAWBAV-UHFFFAOYSA-N
1882,"N,N-dimethylanilinium ion",9.46,118612-00-3,C[NH+](C)c1ccccc1,1,25,NIST,benzene,Aromatic & PAHs,"InChI=1S/C8H11N/c1-9(2)8-6-4-3-5-7-8/h3-7H,1-2H3/p+1",JLTDJTHDQAWBAV-UHFFFAOYSA-O
1883,"N,N-dimethylmethanamine",10.11394335,74897-04-4,CN(C)C,,,https://doi.org/10.1021/acs.est.1c05687,halogenated,Halogenated organics,InChI=1S/C3H9N/c1-4(2)3/h1-3H3,GETQZCLCWQTVFV-UHFFFAOYSA-N
1884,"N,N-dimethylnitrous amide",8.579783597,667402-77-9,CN(C)N=O,,,https://doi.org/10.1021/acs.est.1c04593,halogenated,Halogenated organics,InChI=1S/C2H6N2O/c1-4(2)3-5/h1-2H3,UMFJAHHVKNCGLG-UHFFFAOYSA-N
1885,"N,N-dipropylnitrous amide",9.361727836,629-54-9,CCCN(CCC)N=O,,,https://doi.org/10.1021/acs.est.1c04326,alkane,Aliphatic hydrocarbons,"InChI=1S/C6H14N2O/c1-3-5-8(7-9)6-4-2/h3-6H2,1-2H3",YLKFDHTUAUWZPQ-UHFFFAOYSA-N
1886,"N-(3,4-Dichlorophenyl)propanamide",9.361727836,477851-54-0,CCC(=O)Nc1ccc(Cl)c(Cl)c1,,,https://doi.org/10.1021/acs.est.1c05636,benzene,Aromatic & PAHs,"InChI=1S/C9H9Cl2NO/c1-2-9(13)12-6-3-4-7(10)8(11)5-6/h3-5H,2H2,1H3,(H,12,13)",LFULEKSKNZEWOE-UHFFFAOYSA-N
1887,"N-(3,4-dihydroxyphenyl)acetamide",9.67,125789-53-9,CC(=O)Nc1ccc(O)c(O)c1,7,25,https://doi.org/10.1021/acs.est.4c11950,benzene,Aromatic & PAHs,"InChI=1S/C8H9NO3/c1-5(10)9-6-2-3-7(11)8(12)4-6/h2-4,11-12H,1H3,(H,9,10)",IPFBMHOMTSBTSU-UHFFFAOYSA-N
1888,"N-(3,4-dihydroxyphenyl)acetamide",9.672097858,125789-53-9,CC(=O)Nc1ccc(O)c(O)c1,,,https://doi.org/10.1021/acs.est.1c04740,benzene,Aromatic & PAHs,"InChI=1S/C8H9NO3/c1-5(10)9-6-2-3-7(11)8(12)4-6/h2-4,11-12H,1H3,(H,9,10)",IPFBMHOMTSBTSU-UHFFFAOYSA-N
1889,N-(4-Hydroxyphenyl)acetamide,9.989004616,97868-28-5,CC(=O)Nc1ccc(O)cc1,,,https://doi.org/10.1021/acs.est.1c04451,benzene,Aromatic & PAHs,"InChI=1S/C8H9NO2/c1-6(10)9-7-2-4-8(11)5-3-7/h2-5,11H,1H3,(H,9,10)",RZVAJINKPMORJF-UHFFFAOYSA-N
1890,N-(4-Methoxyphenylacetyl)-dehydroalanine,9.740362689,111542-07-5,C=C(NC(=O)Cc1ccc(OC)cc1)C(=O)O,,,https://doi.org/10.1021/acs.est.1c05092,benzene,Aromatic & PAHs,"InChI=1S/C12H13NO4/c1-8(12(15)16)13-11(14)7-9-3-5-10(17-2)6-4-9/h3-6H,1,7H2,2H3,(H,13,14)(H,15,16)",DNBSASOCQLUZFR-UHFFFAOYSA-N
1891,N-(4-aminobutyl)-3-(4-hydroxy-3-methoxyphenyl)prop-2-enamide,10,501-13-3,COc1cc(\C=C\C(=O)NCCCCN)ccc1O,,,https://doi.org/10.1021/acs.est.1c05339,alcohol,Oxygenated organics,"InChI=1S/C14H20N2O3/c1-19-13-10-11(4-6-12(13)17)5-7-14(18)16-9-3-2-8-15/h4-7,10,17H,2-3,8-9,15H2,1H3,(H,16,18)/b7-5+",SFUVCMKSYKHYLD-FNORWQNLSA-N
1892,N-(4-methoxyphenylacetyl)-dehydroalanine,9.74,111542-07-5,C=C(NC(=O)Cc1ccc(OC)cc1)C(=O)O,7,25,https://doi.org/10.1021/acs.est.4c11950,benzene,Aromatic & PAHs,"InChI=1S/C12H13NO4/c1-8(12(15)16)13-11(14)7-9-3-5-10(17-2)6-4-9/h3-6H,1,7H2,2H3,(H,13,14)(H,15,16)",DNBSASOCQLUZFR-UHFFFAOYSA-N
1893,N-(4-methylphenyl)-glycine,10,150502-78-6,Cc1ccc(NCC(=O)[O-])cc1,3.9,25,NIST,cyclo,Aromatic & PAHs,"InChI=1S/C9H11NO2/c1-7-2-4-8(5-3-7)10-6-9(11)12/h2-5,10H,6H2,1H3,(H,11,12)/p-1",CTFOHWIEFNJZHC-UHFFFAOYSA-M
1894,"N-(6-methoxyquinolin-8-yl)pentane-1,4-diamine",10.07918125,92362-33-9,COc1cc(NC(C)CCCN)c2ncccc2c1,,,https://doi.org/10.1021/acs.est.1c05147,alcohol,Oxygenated organics,"InChI=1S/C15H21N3O/c1-11(5-3-7-16)18-14-10-13(19-2)9-12-6-4-8-17-15(12)14/h4,6,8-11,18H,3,5,7,16H2,1-2H3",INDBQLZJXZLFIT-UHFFFAOYSA-N
1895,"N-(Butoxymethyl)-2-chloro-N-(2,6-diethylphenyl)acetamide",9.869818208,82039-15-4,CCCCOCN(C(=O)CCl)c1c(CC)cccc1CC,,,https://doi.org/10.1021/acs.est.1c05581,alcohol,Oxygenated organics,"InChI=1S/C17H26ClNO2/c1-4-7-11-21-13-19(16(20)12-18)17-14(5-2)9-8-10-15(17)6-3/h8-10H,4-7,11-13H2,1-3H3",HKPHPIREJKHECO-UHFFFAOYSA-N
1896,N-(Phosphonomethyl)glycine,8.176091259,910136-09-3,O=C(O)CNCP(=O)(O)O,,,https://doi.org/10.1021/acs.est.1c05428,phosphorus,Phosphorus-containing organics,"InChI=1S/C3H8NO5P/c5-3(6)1-4-2-10(7,8)9/h4H,1-2H2,(H,5,6)(H2,7,8,9)",XDDAORKBJWWYJS-UHFFFAOYSA-N
1897,N-(hydroxymethyl)acrylamide,9.53,17361-90-9,C=CC(=O)NCO,7,25,https://doi.org/10.1021/acs.est.4c11950,halogenated,Halogenated organics,"InChI=1S/C4H7NO2/c1-2-4(7)5-3-6/h2,6H,1,3H2,(H,5,7)",CNCOEDDPFOAUMB-UHFFFAOYSA-N
1898,N-(hydroxymethyl)acrylamide,9.531478917,17361-90-9,C=CC(=O)NCO,,,https://doi.org/10.1021/acs.est.1c04600,halogenated,Halogenated organics,"InChI=1S/C4H7NO2/c1-2-4(7)5-3-6/h2,6H,1,3H2,(H,5,7)",CNCOEDDPFOAUMB-UHFFFAOYSA-N
1899,N-AMYLAMINE,9.84509804,110-58-7,CCCCCN,,,https://doi.org/10.1021/acsestengg.5c00306,alkane,Aliphatic hydrocarbons,"InChI=1S/C5H13N/c1-2-3-4-5-6/h2-6H2,1H3",DPBLXKKOBLCELK-UHFFFAOYSA-N
1900,N-Acetylcysteine,10,438542-17-7,CC(=O)N[C@@H](CS)C(=O)O,,,https://doi.org/10.1021/acs.est.1c04555,alkane,Aliphatic hydrocarbons,"InChI=1S/C5H9NO3S/c1-3(7)6-4(2-10)5(8)9/h4,10H,2H2,1H3,(H,6,7)(H,8,9)/t4-/m0/s1",PWKSKIMOESPYIA-BYPYZUCNSA-N
1901,N-Acetylglycylglycinamide,8.933993164,27440-00-2,CC(=O)NCC(=O)NCC(N)=O,,,https://doi.org/10.1021/acs.est.1c05266,alkane,Aliphatic hydrocarbons,"InChI=1S/C6H11N3O3/c1-4(10)8-3-6(12)9-2-5(7)11/h2-3H2,1H3,(H2,7,11)(H,8,10)(H,9,12)",LYZMLWLORHZIEX-UHFFFAOYSA-N
1902,N-Acetylserine (L),8.880813592,2311-26-4,CC(=O)N[C@@H](CO)C(=O)O,,,https://doi.org/10.1021/acs.est.1c05211,alkane,Aliphatic hydrocarbons,"InChI=1S/C5H9NO4/c1-3(8)6-4(2-7)5(9)10/h4,7H,2H2,1H3,(H,6,8)(H,9,10)/t4-/m0/s1",JJIHLJJYMXLCOY-BYPYZUCNSA-N
1903,N-Bromosuccinimide,8.698970004,128-08-5,O=C1CCC(=O)N1Br,,,https://doi.org/10.1021/acs.est.1c04631,halogenated,Halogenated organics,InChI=1S/C4H4BrNO2/c5-6-3(7)1-2-4(6)8/h1-2H2,PCLIMKBDDGJMGD-UHFFFAOYSA-N
1904,N-Butylformamide,9.278753601,19449-30-0,CCCCNC=O,,,https://doi.org/10.1021/acs.est.1c05185,alkane,Aliphatic hydrocarbons,"InChI=1S/C5H11NO/c1-2-3-4-6-5-7/h5H,2-4H2,1H3,(H,6,7)",QQGNLKJAIVSNCO-UHFFFAOYSA-N
1905,N-Ethylmaleimide,9.953759692,60189-42-6,CCN1C(=O)C=CC1=O,,,https://doi.org/10.1021/acs.est.1c04331,alkane,Aliphatic hydrocarbons,"InChI=1S/C6H7NO2/c1-2-7-5(8)3-4-6(7)9/h3-4H,2H2,1H3",HDFGOPSGAURCEO-UHFFFAOYSA-N
1906,N-Formylkynurenine,9.903089987,1022-31-7,NC(CC(=O)c1ccccc1NC=O)C(=O)O,,,https://doi.org/10.1021/acs.est.1c04592,benzene,Aromatic & PAHs,"InChI=1S/C11H12N2O4/c12-8(11(16)17)5-10(15)7-3-1-2-4-9(7)13-6-14/h1-4,6,8H,5,12H2,(H,13,14)(H,16,17)",BYHJHXPTQMMKCA-UHFFFAOYSA-N
1907,N-Methylacetamide,9.204119983,329983-97-3,CNC(C)=O,,,https://doi.org/10.1021/acs.est.1c04411,halogenated,Halogenated organics,"InChI=1S/C3H7NO/c1-3(5)4-2/h1-2H3,(H,4,5)",OHLUUHNLEMFGTQ-UHFFFAOYSA-N
1908,N-Methyladenosine,9.77815125,139896-43-8,CNc1ncnc2c1ncn2[C@@H]1O[C@H](CO)[C@@H](O)[C@H]1O,,,https://doi.org/10.1021/acs.est.1c05250,cyclo,Aromatic & PAHs,"InChI=1S/C11H15N5O4/c1-12-9-6-10(14-3-13-9)16(4-15-6)11-8(19)7(18)5(2-17)20-11/h3-5,7-8,11,17-19H,2H2,1H3,(H,12,13,14)/t5-,7-,8-,11-/m1/s1",VQAYFKKCNSOZKM-IOSLPCCCSA-N
1909,N-Methylformamide,9.079181246,60684-35-7,CNC=O,,,https://doi.org/10.1021/acs.est.1c05543,halogenated,Halogenated organics,"InChI=1S/C2H5NO/c1-3-2-4/h2H,1H3,(H,3,4)",ATHHXGZTWNVVOU-UHFFFAOYSA-N
1910,N-Methylmethanamine,9.949390007,67660-09-7,CNC,,,https://doi.org/10.1021/acs.est.1c05065,halogenated,Halogenated organics,"InChI=1S/C2H7N/c1-3-2/h3H,1-2H3",ROSDSFDQCJNGOL-UHFFFAOYSA-N
1911,N-Methylpropanamide,9.146128036,67139-01-9,CCC(=O)NC,,,https://doi.org/10.1021/acs.est.1c05669,alkane,Aliphatic hydrocarbons,"InChI=1S/C4H9NO/c1-3-4(6)5-2/h3H2,1-2H3,(H,5,6)",QJQAMHYHNCADNR-UHFFFAOYSA-N
1912,N-Nitrosodipropylamine,9.361727836,621-64-7,CCCN(CCC)N=O,,,https://doi.org/10.1021/acsestengg.5c00326,alkane,Aliphatic hydrocarbons,"InChI=1S/C6H14N2O/c1-3-5-8(7-9)6-4-2/h3-6H2,1-2H3",YLKFDHTUAUWZPQ-UHFFFAOYSA-N
1913,N-Nitrosoethylbutylamine,9.491361694,4549-44-4,CCCCN(CC)N=O,,,https://doi.org/10.1021/acsestengg.5c00328,alkane,Aliphatic hydrocarbons,"InChI=1S/C6H14N2O/c1-3-5-6-8(4-2)7-9/h3-6H2,1-2H3",ZGMCNGHHUQZNIH-UHFFFAOYSA-N
1914,N-Nitrosoethylbutylamine,9.491361694,4549-44-4,CCCCNCCN=O,,,https://doi.org/10.1021/acs.est.1c04625,alkane,Aliphatic hydrocarbons,"InChI=1S/C6H14N2O/c1-2-3-4-7-5-6-8-9/h7H,2-6H2,1H3",XNGSUWYYQZWVJG-UHFFFAOYSA-N
1915,N-Phenylacetamide,9.716003344,1021324-88-8,CC(=O)Nc1ccccc1,,,https://doi.org/10.1021/acs.est.1c05551,benzene,Aromatic & PAHs,"InChI=1S/C8H9NO/c1-7(10)9-8-5-3-2-4-6-8/h2-6H,1H3,(H,9,10)",FZERHIULMFGESH-UHFFFAOYSA-N
1916,N-Phenylaniline,10,97355-13-0,N(c1ccccc1)c2ccccc2,,,https://doi.org/10.1021/acs.est.1c05514,benzene,Aromatic & PAHs,"InChI=1S/C12H11N/c1-3-7-11(8-4-1)13-12-9-5-2-6-10-12/h1-10,13H",DMBHHRLKUKUOEG-UHFFFAOYSA-N
1917,N-Phenylhydroxylamine,10.17609126,104613-43-6,ONc1ccccc1,,,https://doi.org/10.1021/acs.est.1c05411,benzene,Aromatic & PAHs,"InChI=1S/C6H7NO/c8-7-6-4-2-1-3-5-6/h1-5,7-8H",CKRZKMFTZCFYGB-UHFFFAOYSA-N
1918,N-Vinylpyrrolidone,9.84509804,136445-69-7,C=CN1CCCC1=O,,,https://doi.org/10.1021/acs.est.1c05630,halogenated,Halogenated organics,"InChI=1S/C6H9NO/c1-2-7-5-3-4-6(7)8/h2H,1,3-5H2",WHNWPMSKXPGLAX-UHFFFAOYSA-N
1919,N-[(5-nitrofuran-2-yl)methylidene]hydroxylamine,10,2229534-62-5,O/N=C/c1oc(cc1)[N+]([O-])=O,,,https://doi.org/10.1021/acs.est.1c05100,diol,Polyfunctional / highly functionalized,"InChI=1S/C5H4N2O4/c8-6-3-4-1-2-5(11-4)7(9)10/h1-3,8H/b6-3+",PTBKFATYSVLSSD-ZZXKWVIFSA-N
1920,N-[(5-nitrofuran-2-yl)methylideneamino]oxamide,10,324577-71-1,NC(=O)C(=O)N/N=C/c1oc(cc1)[N+]([O-])=O,,,https://doi.org/10.1021/acs.est.1c04768,alcohol,Oxygenated organics,"InChI=1S/C7H6N4O5/c8-6(12)7(13)10-9-3-4-1-2-5(16-4)11(14)15/h1-3H,(H2,8,12)(H,10,13)/b9-3+",AJSKOLZKIUMPPG-YCRREMRBSA-N
1921,N-[2-[(imidazol-4-yl)ethyl]guanidine,9.48,764634-95-9,NC(=[NH2+])NCCc1cnc[nH]1,7.4,25,NIST,halogenated,Halogenated organics,"InChI=1S/C6H11N5/c7-6(8)10-2-1-5-3-9-4-11-5/h3-4H,1-2H2,(H,9,11)(H4,7,8,10)/p+1",SDMTWUOOTPJPAH-UHFFFAOYSA-O
1922,"N-[3-(2,5-dimethylpyrrol-1-yl)propionyl]histidine",9.96,20627-22-9,Cc1ccc(C)n1CCC(=O)N[C@@H](Cc1c[nH]cn1)C(=O)O,7,25,NIST,alkane,Aliphatic hydrocarbons,"InChI=1S/C15H20N4O3/c1-10-3-4-11(2)19(10)6-5-14(20)18-13(15(21)22)7-12-8-16-9-17-12/h3-4,8-9,13H,5-7H2,1-2H3,(H,16,17)(H,18,20)(H,21,22)/t13-/m0/s1",GUKSSGGZMJWKAX-ZDUSSCGKSA-N
1923,N-[3-acetyl-4-[2-hydroxy-3-(propan-2-ylamino)propoxy]phenyl]butanamide,9.6599162,68107-81-3,CCCC(=O)Nc1ccc(OCC(O)CNC(C)C)c(c1)C(C)=O,,,https://doi.org/10.1021/acs.est.1c05269,alkane,Aliphatic hydrocarbons,"InChI=1S/C18H28N2O4/c1-5-6-18(23)20-14-7-8-17(16(9-14)13(4)21)24-11-15(22)10-19-12(2)3/h7-9,12,15,19,22H,5-6,10-11H2,1-4H3,(H,20,23)",GOEMGAFJFRBGGG-UHFFFAOYSA-N
1924,"N-[N-[4-carboxy-4-(2,5-dimethylpyrrol-1-yl)-1-oxobutyl]-L-cysteinyl]glycine",9.46,94102-56-4,Cc1ccc(C)n1C(CCC(=O)N[C@@H](CS)C(=O)NCC(=O)O)C(=O)O,7,25,NIST,alkane,Aliphatic hydrocarbons,"InChI=1S/C16H23N3O6S/c1-9-3-4-10(2)19(9)12(16(24)25)5-6-13(20)18-11(8-26)15(23)17-7-14(21)22/h3-4,11-12,26H,5-8H2,1-2H3,(H,17,23)(H,18,20)(H,21,22)(H,24,25)/t11-,12?/m0/s1",WDRLVVFSKQYSJI-PXYINDEMSA-N
1925,N-[Tris(hydroxymethyl)-methyl]glycine,9.342422681,5704-04-1,O=C(O)CNC(CO)(CO)CO,,,https://doi.org/10.1021/acs.est.1c04334,halogenated,Halogenated organics,"InChI=1S/C6H13NO5/c8-2-6(3-9,4-10)7-1-5(11)12/h7-10H,1-4H2,(H,11,12)",SEQKRHFRPICQDD-UHFFFAOYSA-N
1926,N-acetyl hexa alanine,9.46,26629-34-5,CC(=O)CC(N)C(=O)NC(C)C(=O)NC(C)C(=O)NC(C)C(=O)NC(C)C(=O)NC(C)C(=O)O,9,25,NIST,alkane,Aliphatic hydrocarbons,"InChI=1S/C20H34N6O8/c1-8(27)7-14(21)19(32)25-12(5)17(30)23-10(3)15(28)22-9(2)16(29)24-11(4)18(31)26-13(6)20(33)34/h9-14H,7,21H2,1-6H3,(H,22,28)(H,23,30)(H,24,29)(H,25,32)(H,26,31)(H,33,34)",YGTSMQBYWLVVOX-UHFFFAOYSA-N
1927,N-acetyl methionine,9.83,1115-47-5,CSCC[C@H](NC(C)=O)C(=O)O,6.4,25,NIST,"sulfide, disulfide",Sulfur-containing organics,"InChI=1S/C7H13NO3S/c1-5(9)8-6(7(10)11)3-4-12-2/h6H,3-4H2,1-2H3,(H,8,9)(H,10,11)/t6-/m0/s1",XUYPXLNMDZIRQH-LURJTMIESA-N
1928,N-acetyl-4-hydroxy-aniline,9.99,861613-29-8,CC(=O)Nc1ccc(O)cc1,7,25,NIST,benzene,Aromatic & PAHs,"InChI=1S/C8H9NO2/c1-6(10)9-7-2-4-8(11)5-3-7/h2-5,11H,1H3,(H,9,10)",RZVAJINKPMORJF-UHFFFAOYSA-N
1929,N-acetyl-glycine,8.58,738607-43-7,CC(=O)NCC(=O)O,6.6,25,NIST,alkane,Aliphatic hydrocarbons,"InChI=1S/C4H7NO3/c1-3(6)5-2-4(7)8/h2H2,1H3,(H,5,6)(H,7,8)",OKJIRPAQVSHGFK-UHFFFAOYSA-N
1930,N-acetyl-glycine,8.62,738607-43-7,CC(=O)NCC(=O)O,8.7,25,NIST,alkane,Aliphatic hydrocarbons,"InChI=1S/C4H7NO3/c1-3(6)5-2-4(7)8/h2H2,1H3,(H,5,6)(H,7,8)",OKJIRPAQVSHGFK-UHFFFAOYSA-N
1931,N-acetylalanine,8.67,1485548-36-4,CC(=O)NC(C)C(=O)O,6.6,25,NIST,alkane,Aliphatic hydrocarbons,"InChI=1S/C5H9NO3/c1-3(5(8)9)6-4(2)7/h3H,1-2H3,(H,6,7)(H,8,9)",KTHDTJVBEPMMGL-UHFFFAOYSA-N
1932,N-acetylalanine,8.66,1485548-36-4,CC(=O)NC(C)C(=O)O,9.2,25,NIST,alkane,Aliphatic hydrocarbons,"InChI=1S/C5H9NO3/c1-3(5(8)9)6-4(2)7/h3H,1-2H3,(H,6,7)(H,8,9)",KTHDTJVBEPMMGL-UHFFFAOYSA-N
1933,N-acetylalanylalanylalanine,9.48,102830-06-8,CC(=O)N[C@@H](C)C(=O)N[C@@H](C)C(=O)N[C@@H](C)C(=O)O,9,25,NIST,alkane,Aliphatic hydrocarbons,"InChI=1S/C11H19N3O5/c1-5(12-8(4)15)9(16)13-6(2)10(17)14-7(3)11(18)19/h5-7H,1-4H3,(H,12,15)(H,13,16)(H,14,17)(H,18,19)/t5-,6-,7-/m0/s1",DRYOODAJROGPQO-ACZMJKKPSA-N
1934,N-acetylcysteine,10,438542-17-7,CC(=O)N[C@@H](CS)C(=O)O,5.2,25,NIST,alkane,Aliphatic hydrocarbons,"InChI=1S/C5H9NO3S/c1-3(7)6-4(2-10)5(8)9/h4,10H,2H2,1H3,(H,6,7)(H,8,9)/t4-/m0/s1",PWKSKIMOESPYIA-BYPYZUCNSA-N
1935,N-acetyldiglycinamide,8.93,102830-06-8,CC(=O)NCC(=O)NCC(N)=O,6,25,NIST,alkane,Aliphatic hydrocarbons,"InChI=1S/C6H11N3O3/c1-4(10)8-3-6(12)9-2-5(7)11/h2-3H2,1H3,(H2,7,11)(H,8,10)(H,9,12)",LYZMLWLORHZIEX-UHFFFAOYSA-N
1936,N-acetylglycylglycine,8.89,19704-05-3,CC(=O)NCC(=O)NCC(=O)O,8.6,25,NIST,alkane,Aliphatic hydrocarbons,"InChI=1S/C6H10N2O4/c1-4(9)7-2-5(10)8-3-6(11)12/h2-3H2,1H3,(H,7,9)(H,8,10)(H,11,12)",ZCASHLUDUSAKNN-UHFFFAOYSA-N
1937,N-acetylleucine,9.49,149-90-6,CC(=O)N[C@@H](CC(C)C)C(=O)O,6.4,25,NIST,alkane,Aliphatic hydrocarbons,"InChI=1S/C8H15NO3/c1-5(2)4-7(8(11)12)9-6(3)10/h5,7H,4H2,1-3H3,(H,9,10)(H,11,12)/t7-/m0/s1",WXNXCEHXYPACJF-ZETCQYMHSA-N
1938,N-acetylserine (L),8.88,2311-26-4,CC(=O)N[C@@H](CO)C(=O)O,6,25,NIST,alkane,Aliphatic hydrocarbons,"InChI=1S/C5H9NO4/c1-3(8)6-4(2-7)5(9)10/h4,7H,2H2,1H3,(H,6,8)(H,9,10)/t4-/m0/s1",JJIHLJJYMXLCOY-BYPYZUCNSA-N
1939,N-acetyltriglycine,9.38,52773-70-3,CC(=O)NCC(=O)NCC(=O)NCC(=O)O,9,25,NIST,alkane,Aliphatic hydrocarbons,"InChI=1S/C8H13N3O5/c1-5(12)9-2-6(13)10-3-7(14)11-4-8(15)16/h2-4H2,1H3,(H,9,12)(H,10,13)(H,11,14)(H,15,16)",VCMVXKBVNGLKQR-UHFFFAOYSA-N
1940,N-acetyltrisarcosine,9.58,102830-06-8,CC(=O)NCCC(=O)NC(Cc1cnc[nH]1)C(=O)ONCCC(=O)NC(Cc1cnc[nH]1)C(=O)ONCCC(=O)NC(Cc1cnc[nH]1)C(=O)O,9,25,NIST,diol,Polyfunctional / highly functionalized,"InChI=1S/C29H40N12O10/c1-17(42)33-5-2-24(43)40-22(9-19-12-31-15-35-19)28(48)50-38-7-4-26(45)41-23(10-20-13-32-16-36-20)29(49)51-37-6-3-25(44)39-21(27(46)47)8-18-11-30-14-34-18/h11-16,21-23,37-38H,2-10H2,1H3,(H,30,34)(H,31,35)(H,32,36)(H,33,42)(H,39,44)(H,40,43)(H,41,45)(H,46,47)",GBLPVLOUTAUQIE-UHFFFAOYSA-N
1941,N-acetylvaline,9.15,113830-74-3,CC(=O)NC(C(=O)O)C(C)C,6.6,25,NIST,alkane,Aliphatic hydrocarbons,"InChI=1S/C7H13NO3/c1-4(2)6(7(10)11)8-5(3)9/h4,6H,1-3H3,(H,8,9)(H,10,11)",IHYJTAOFMMMOPX-UHFFFAOYSA-N
1942,N-amyl amine,9.95,39536-61-3,CCCCCN,8.5,25,https://doi.org/10.1021/acs.est.4c11950,alkane,Aliphatic hydrocarbons,"InChI=1S/C5H13N/c1-2-3-4-5-6/h2-6H2,1H3",DPBLXKKOBLCELK-UHFFFAOYSA-N
1943,N-amyl amine,9.9,39536-61-3,CCCCCN,7,25,https://doi.org/10.1021/acs.est.4c11950,alkane,Aliphatic hydrocarbons,"InChI=1S/C5H13N/c1-2-3-4-5-6/h2-6H2,1H3",DPBLXKKOBLCELK-UHFFFAOYSA-N
1944,N-bromosuccinimide,8.7,128-08-5,O=C1CCC(=O)N1Br,7,25,https://doi.org/10.1021/acs.est.4c11950,halogenated,Halogenated organics,InChI=1S/C4H4BrNO2/c5-6-3(7)1-2-4(6)8/h1-2H2,PCLIMKBDDGJMGD-UHFFFAOYSA-N
1945,N-butyl amine,9.91,1183542-24-6,CCCCN,8.5,25,https://doi.org/10.1021/acs.est.4c11950,alkane,Aliphatic hydrocarbons,"InChI=1S/C4H11N/c1-2-3-4-5/h2-5H2,1H3",HQABUPZFAYXKJW-UHFFFAOYSA-N
1946,N-butyl amine,10,1183542-24-6,CCCCN,1,25,https://doi.org/10.1021/acs.est.4c11950,alkane,Aliphatic hydrocarbons,"InChI=1S/C4H11N/c1-2-3-4-5/h2-5H2,1H3",HQABUPZFAYXKJW-UHFFFAOYSA-N
1947,N-butyl-N'-cyano-N''-methylguanidine,9.86,115103-53-2,CCCCNC(=NC)NC#N,7.4,25,NIST,alkane,Aliphatic hydrocarbons,"InChI=1S/C7H14N4/c1-3-4-5-10-7(9-2)11-6-8/h3-5H2,1-2H3,(H2,9,10,11)",RBRCRBDBDVSEIJ-UHFFFAOYSA-N
1948,N-butyl-N-ethylnitrous amide,9.491361694,3554-42-5,CCCCN(CC)N=O,,,https://doi.org/10.1021/acs.est.1c05547,alkane,Aliphatic hydrocarbons,"InChI=1S/C6H14N2O/c1-3-5-6-8(4-2)7-9/h3-6H2,1-2H3",ZGMCNGHHUQZNIH-UHFFFAOYSA-N
1949,N-butylbutan-1-amine,10.25527251,53770-27-7,CCCCNCCCC,,,https://doi.org/10.1021/acs.est.1c05216,alkane,Aliphatic hydrocarbons,"InChI=1S/C8H19N/c1-3-5-7-9-8-6-4-2/h9H,3-8H2,1-2H3",JQVDAXLFBXTEQA-UHFFFAOYSA-N
1950,N-butylform amide,9.28,629-54-9,CCCCNC=O,5.5,25,https://doi.org/10.1021/acs.est.4c11950,alkane,Aliphatic hydrocarbons,"InChI=1S/C5H11NO/c1-2-3-4-6-5-7/h5H,2-4H2,1H3,(H,6,7)",QQGNLKJAIVSNCO-UHFFFAOYSA-N
1951,"N-carboxymethyl-N'-(2-hydroxyethyl)-N,N'-ethylene diglycine",10.04,33872-70-7,O=C([O-])CN(CCO)CCN(CC(=O)[O-])CC(=O)[O-].[Na+].[Na+].[Na+],0,25,NIST,diol,Polyfunctional / highly functionalized,"InChI=1S/C10H18N2O7.3Na/c13-4-3-11(5-8(14)15)1-2-12(6-9(16)17)7-10(18)19;;;/h13H,1-7H2,(H,14,15)(H,16,17)(H,18,19);;;/q;3*+1/p-3",WHNXAQZPEBNFBC-UHFFFAOYSA-K
1952,"N-cyano-N',N''-dimethylguanidine",9.15,1609-06-9,CN=C(NC)NC#N,7.4,25,NIST,halogenated,Halogenated organics,"InChI=1S/C4H8N4/c1-6-4(7-2)8-3-5/h1-2H3,(H2,6,7,8)",KPUBXONXNWPZIN-UHFFFAOYSA-N
1953,"N-ethyl-1,1,2,2,3,3,4,4,5,5,6,6,7,7,8,8,8-heptadecafluoro-N-(2-hydroxyethyl)octane-1-sulfonamide",9.02,4236-15-1,CCN(CCO)S(=O)(=O)C(F)(F)C(F)(F)C(F)(F)C(F)(F)C(F)(F)C(F)(F)C(F)(F)C(F)(F)F,7,25,https://doi.org/10.1021/acs.est.4c11950,"sulfide, disulfide",Sulfur-containing organics,"InChI=1S/C12H10F17NO3S/c1-2-30(3-4-31)34(32,33)12(28,29)10(23,24)8(19,20)6(15,16)5(13,14)7(17,18)9(21,22)11(25,26)27/h31H,2-4H2,1H3",HUFHNYZNTFSKCT-UHFFFAOYSA-N
1954,"N-ethyl-1,1,2,2,3,3,4,4,5,5,6,6,7,7,8,8,8-heptadecafluoro-N-(2-hydroxyethyl)octane-1-sulfonamide",9.021189299,4236-15-1,CCN(CCO)S(=O)(=O)C(F)(F)C(F)(F)C(F)(F)C(F)(F)C(F)(F)C(F)(F)C(F)(F)C(F)(F)F,,,https://doi.org/10.1021/acs.est.1c04505,"sulfide, disulfide",Sulfur-containing organics,"InChI=1S/C12H10F17NO3S/c1-2-30(3-4-31)34(32,33)12(28,29)10(23,24)8(19,20)6(15,16)5(13,14)7(17,18)9(21,22)11(25,26)27/h31H,2-4H2,1H3",HUFHNYZNTFSKCT-UHFFFAOYSA-N
1955,"N-ethyl-1,1,2,2,3,3,4,4,5,5,6,6,7,7,8,8,8-heptadecafluorooctane-1-sulfonamide",8.832508913,89883-20-5,CCNS(=O)(=O)C(F)(F)C(F)(F)C(F)(F)C(F)(F)C(F)(F)C(F)(F)C(F)(F)C(F)(F)F,,,https://doi.org/10.1021/acs.est.1c04354,"sulfide, disulfide",Sulfur-containing organics,"InChI=1S/C10H6F17NO2S/c1-2-28-31(29,30)10(26,27)8(21,22)6(17,18)4(13,14)3(11,12)5(15,16)7(19,20)9(23,24)25/h28H,2H2,1H3",CCEKAJIANROZEO-UHFFFAOYSA-N
1956,N-ethyl-N-((perfluorooctyl)sulfonyl)glycinate,8.83,909405-47-6,CCN(CC(=O)[O-])S(=O)(=O)C(F)(F)C(F)(F)C(F)(F)C(F)(F)C(F)(F)C(F)(F)C(F)(F)C(F)(F)F,7,25,https://doi.org/10.1021/acs.est.4c11950,"sulfide, disulfide",Sulfur-containing organics,"InChI=1S/C12H8F17NO4S/c1-2-30(3-4(31)32)35(33,34)12(28,29)10(23,24)8(19,20)6(15,16)5(13,14)7(17,18)9(21,22)11(25,26)27/h2-3H2,1H3,(H,31,32)/p-1",CKRXVVGETMYFIO-UHFFFAOYSA-M
1957,N-ethyl-N-((perfluorooctyl)sulfonyl)glycinate,8.832508913,909405-47-6,CCN(CC(=O)[O-])S(=O)(=O)C(F)(F)C(F)(F)C(F)(F)C(F)(F)C(F)(F)C(F)(F)C(F)(F)C(F)(F)F,,,https://doi.org/10.1021/acs.est.1c04809,"sulfide, disulfide",Sulfur-containing organics,"InChI=1S/C12H8F17NO4S/c1-2-30(3-4(31)32)35(33,34)12(28,29)10(23,24)8(19,20)6(15,16)5(13,14)7(17,18)9(21,22)11(25,26)27/h2-3H2,1H3,(H,31,32)/p-1",CKRXVVGETMYFIO-UHFFFAOYSA-M
1958,N-ethyl-N-methylnitrous amide,8.694605199,20451-54-1,CCN(C)N=O,,,https://doi.org/10.1021/acs.est.1c05460,alkane,Aliphatic hydrocarbons,"InChI=1S/C3H8N2O/c1-3-5(2)4-6/h3H2,1-2H3",RTDCJKARQCRONF-UHFFFAOYSA-N
1959,N-ethyl-N-nitrosobutylamine,9.49,56375-33-8,CCCCN(CC)N=O,7,25,NIST,alkane,Aliphatic hydrocarbons,"InChI=1S/C6H14N2O/c1-3-5-6-8(4-2)7-9/h3-6H2,1-2H3",ZGMCNGHHUQZNIH-UHFFFAOYSA-N
1960,N-ethylmaleamate ion,9.85,14609-76-8,CCNC(=O)/C=C\C(=O)[O-],6,25,NIST,alkane,Aliphatic hydrocarbons,"InChI=1S/C6H9NO3/c1-2-7-5(8)3-4-6(9)10/h3-4H,2H2,1H3,(H,7,8)(H,9,10)/p-1/b4-3-",HBQGCOWNLUOCBU-ARJAWSKDSA-M
1961,N-ethylmaleimide,9.95,60189-42-6,CCN1C(=O)C=CC1=O,6,25,https://doi.org/10.1021/acs.est.4c11950,alkane,Aliphatic hydrocarbons,"InChI=1S/C6H7NO2/c1-2-7-5(8)3-4-6(7)9/h3-4H,2H2,1H3",HDFGOPSGAURCEO-UHFFFAOYSA-N
1962,N-ethylperfluorooctylsulfonamide,8.83,102830-06-8,CCNS(=O)(=O)C(F)(F)C(F)(F)C(F)(F)C(F)(F)C(F)(F)C(F)(F)C(F)(F)C(F)(F)F,7,25,https://doi.org/10.1021/acs.est.4c11950,"sulfide, disulfide",Sulfur-containing organics,"InChI=1S/C10H6F17NO2S/c1-2-28-31(29,30)10(26,27)8(21,22)6(17,18)4(13,14)3(11,12)5(15,16)7(19,20)9(23,24)25/h28H,2H2,1H3",CCEKAJIANROZEO-UHFFFAOYSA-N
1963,N-formylkynurenine,9.9,1022-31-7,NC(CC(=O)c1ccccc1NC=O)C(=O)O,7,25,https://doi.org/10.1021/acs.est.4c11950,benzene,Aromatic & PAHs,"InChI=1S/C11H12N2O4/c12-8(11(16)17)5-10(15)7-3-1-2-4-9(7)13-6-14/h1-4,6,8H,5,12H2,(H,13,14)(H,16,17)",BYHJHXPTQMMKCA-UHFFFAOYSA-N
1964,N-methyl-2-pyridinealdoxime,10.34,6267-20-5,CN1C=CC=C/C1=C\[NH+]=O,6.5,25,NIST,halogenated,Halogenated organics,"InChI=1S/C7H8N2O/c1-9-5-3-2-4-7(9)6-8-10/h2-6H,1H3/p+1/b7-6+",JBKPUQTUERUYQE-VOTSOKGWSA-O
1965,"N-methyl-4-phenyl-2,3-dihydropyridinium",9.96,94613-45-3,C[N+]1=CC=C(c2ccccc2)CC1,7,25,NIST,halogenated,Halogenated organics,"InChI=1S/C12H14N/c1-13-9-7-12(8-10-13)11-5-3-2-4-6-11/h2-7,9H,8,10H2,1H3/q+1",XQWOWMFNCZGEIT-UHFFFAOYSA-N
1966,N-methyl-pivalamide,9.38,1320266-96-3,CNC(=O)C(C)(C)C,5.5,25,https://doi.org/10.1021/acs.est.4c11950,halogenated,Halogenated organics,"InChI=1S/C6H13NO/c1-6(2,3)5(8)7-4/h1-4H3,(H,7,8)",QMKKJBRRKIKWFK-UHFFFAOYSA-N
1967,N-methyl-propionamide,9.15,543684-32-8,CCC(=O)NC,5.5,25,https://doi.org/10.1021/acs.est.4c11950,alkane,Aliphatic hydrocarbons,"InChI=1S/C4H9NO/c1-3-4(6)5-2/h3H2,1-2H3,(H,5,6)",QJQAMHYHNCADNR-UHFFFAOYSA-N
1968,N-methylacetamide,9.2,329983-97-3,CNC(C)=O,5.5,25,https://doi.org/10.1021/acs.est.4c11950,halogenated,Halogenated organics,"InChI=1S/C3H7NO/c1-3(5)4-2/h1-2H3,(H,4,5)",OHLUUHNLEMFGTQ-UHFFFAOYSA-N
1969,N-methyladenosine,9.78,139896-43-8,CNc1ncnc2c1ncn2C1OC(CO)C(O)C1O,7,25,NIST,alcohol,Oxygenated organics,"InChI=1S/C11H15N5O4/c1-12-9-6-10(14-3-13-9)16(4-15-6)11-8(19)7(18)5(2-17)20-11/h3-5,7-8,11,17-19H,2H2,1H3,(H,12,13,14)",VQAYFKKCNSOZKM-UHFFFAOYSA-N
1970,N-methylformamide,9.08,60684-35-7,CNC=O,5.5,25,https://doi.org/10.1021/acs.est.4c11950,halogenated,Halogenated organics,"InChI=1S/C2H5NO/c1-3-2-4/h2H,1H3,(H,3,4)",ATHHXGZTWNVVOU-UHFFFAOYSA-N
1971,N-methylisobutyramide,9.28,1487875-17-1,CNC(=O)C(C)C,5.5,25,https://doi.org/10.1021/acs.est.4c11950,halogenated,Halogenated organics,"InChI=1S/C5H11NO/c1-4(2)5(7)6-3/h4H,1-3H3,(H,6,7)",IXHFNEAFAWRVCF-UHFFFAOYSA-N
1972,N-nitro sodibutylamine,9.67,100949-43-7,CCCCN(CCCC)N=O,7,19,https://doi.org/10.1021/acs.est.4c11950,alkane,Aliphatic hydrocarbons,"InChI=1S/C8H18N2O/c1-3-5-7-10(9-11)8-6-4-2/h3-8H2,1-2H3",YGJHZCLPZAZIHH-UHFFFAOYSA-N
1973,N-nitro sodibutylamine,9.673020907,924-16-3,CCCCN(CCCC)N=O,,,https://doi.org/10.1021/acsestengg.5c00327,alkane,Aliphatic hydrocarbons,"InChI=1S/C8H18N2O/c1-3-5-7-10(9-11)8-6-4-2/h3-8H2,1-2H3",YGJHZCLPZAZIHH-UHFFFAOYSA-N
1974,N-nitro sopiperidine,9.474216264,100-75-4,C1CCN(CC1)N=O,,,https://doi.org/10.1021/acsestengg.5c00330,halogenated,Halogenated organics,InChI=1S/C5H10N2O/c8-6-7-4-2-1-3-5-7/h1-5H2,UWSDONTXWQOZFN-UHFFFAOYSA-N
1975,N-nitro sopyrrolidine,9.243038049,930-55-2,C1CCN(C1)N=O,,,https://doi.org/10.1021/acsestengg.5c00329,halogenated,Halogenated organics,InChI=1S/C4H8N2O/c7-5-6-3-1-2-4-6/h1-4H2,WNYADZVDBIBLJJ-UHFFFAOYSA-N
1976,N-nitrosodimethylamine,8.64,32745-08-7,CN(C)N=O,7,21,https://doi.org/10.1021/acs.est.4c11950,halogenated,Halogenated organics,InChI=1S/C2H6N2O/c1-4(2)3-5/h1-2H3,UMFJAHHVKNCGLG-UHFFFAOYSA-N
1977,N-nitrosodipropylamine,9.36,74940-24-2,CCCN(CCC)N=O,7,19,https://doi.org/10.1021/acs.est.4c11950,alkane,Aliphatic hydrocarbons,"InChI=1S/C6H14N2O/c1-3-5-8(7-9)6-4-2/h3-6H2,1-2H3",YLKFDHTUAUWZPQ-UHFFFAOYSA-N
1978,N-nitrosoethylbutylamine,9.49,4549-44-4,CCCCNCCN=O,7,19,https://doi.org/10.1021/acs.est.4c11950,alkane,Aliphatic hydrocarbons,"InChI=1S/C6H14N2O/c1-2-3-4-7-5-6-8-9/h7H,2-6H2,1H3",XNGSUWYYQZWVJG-UHFFFAOYSA-N
1979,N-nitrosohexamethyleneimine,9.64,77428-17-2,O=NN1CCCCCC1,7,19,https://doi.org/10.1021/acs.est.4c11950,halogenated,Halogenated organics,InChI=1S/C6H12N2O/c9-7-8-5-3-1-2-4-6-8/h1-6H2,UZMVSVHUTOAPTD-UHFFFAOYSA-N
1980,N-nitrosohexamethyleneimine,9.638489257,77428-17-2,O=[N+]([O-])N1CCCCCC1,,,https://doi.org/10.1021/acs.est.1c05215,halogenated,Halogenated organics,InChI=1S/C6H12N2O2/c9-8(10)7-5-3-1-2-4-6-7/h1-6H2,STRNXMHCTOKJCV-UHFFFAOYSA-N
1981,N-nitrosohexamethyleneimine,9.64,77428-17-2,O=[N+]([O-])N1CCCCCC1,7,25,https://doi.org/10.1021/acs.est.4c11950,halogenated,Halogenated organics,InChI=1S/C6H12N2O2/c9-8(10)7-5-3-1-2-4-6-7/h1-6H2,STRNXMHCTOKJCV-UHFFFAOYSA-N
1982,N-nitrosohexamethyleneimine,9.638489257,932-83-2,C1CCCN(CC1)N=O,,,https://doi.org/10.1021/acsestengg.5c00331,halogenated,Halogenated organics,InChI=1S/C6H12N2O/c9-7-8-5-3-1-2-4-6-8/h1-6H2,UZMVSVHUTOAPTD-UHFFFAOYSA-N
1983,N-nitrosomethylethylamine,8.69,10595-95-6,CCNCN=O,7,21,https://doi.org/10.1021/acs.est.4c11950,alkane,Aliphatic hydrocarbons,"InChI=1S/C3H8N2O/c1-2-4-3-5-6/h4H,2-3H2,1H3",IRJPMACBKNQUFU-UHFFFAOYSA-N
1984,N-nitrosomorpholine,9.24,61578-30-1,O=NN1CCOCC1,7,19,https://doi.org/10.1021/acs.est.4c11950,alcohol,Oxygenated organics,InChI=1S/C4H8N2O2/c7-5-6-1-3-8-4-2-6/h1-4H2,ZKXDGKXYMTYWTB-UHFFFAOYSA-N
1985,N-nitrosopiperidine,9.47,99389-11-4,O=NN1CCCCC1,7,19,https://doi.org/10.1021/acs.est.4c11950,pyridine,Heterocycles,InChI=1S/C5H10N2O/c8-6-7-4-2-1-3-5-7/h1-5H2,UWSDONTXWQOZFN-UHFFFAOYSA-N
1986,N-nitrosopyrrolidine,9.24,1219802-09-1,O=NN1CCCC1,7,19,https://doi.org/10.1021/acs.est.4c11950,halogenated,Halogenated organics,InChI=1S/C4H8N2O/c7-5-6-3-1-2-4-6/h1-4H2,WNYADZVDBIBLJJ-UHFFFAOYSA-N
1987,N-octyl amine,10.16,1219798-90-9,CCCCCCCCN,1,25,https://doi.org/10.1021/acs.est.4c11950,alkane,Aliphatic hydrocarbons,"InChI=1S/C8H19N/c1-2-3-4-5-6-7-8-9/h2-9H2,1H3",IOQPZZOEVPZRBK-UHFFFAOYSA-N
1988,N-tert-Butylacetamide,9.041392685,1341536-52-4,CC(=O)NC(C)(C)C,,,https://doi.org/10.1021/acs.est.1c05695,alkane,Aliphatic hydrocarbons,"InChI=1S/C6H13NO/c1-5(8)7-6(2,3)4/h1-4H3,(H,7,8)",ACYFWRHALJTSCF-UHFFFAOYSA-N
1989,"N-tert-butyl-6-chloro-N'-ethyl-1,3,5-triazine-2,4-diamine",9.447158031,5915-41-3,CCNc1nc(Cl)nc(NC(C)(C)C)n1,,,https://doi.org/10.1021/acs.est.1c05388,alkane,Aliphatic hydrocarbons,"InChI=1S/C9H16ClN5/c1-5-11-7-12-6(10)13-8(14-7)15-9(2,3)4/h5H2,1-4H3,(H2,11,12,13,14,15)",FZXISNSWEXTPMF-UHFFFAOYSA-N
1990,N-tert-butyl-acetamide,9.04,855991-80-9,CC(=O)NC(C)(C)C,5.5,25,https://doi.org/10.1021/acs.est.4c11950,alkane,Aliphatic hydrocarbons,"InChI=1S/C6H13NO/c1-5(8)7-6(2,3)4/h1-4H3,(H,7,8)",ACYFWRHALJTSCF-UHFFFAOYSA-N
1991,N-vinylpyrrolidone,9.85,136445-69-7,C=CN1CCCC1=O,7,25,https://doi.org/10.1021/acs.est.4c11950,halogenated,Halogenated organics,"InChI=1S/C6H9NO/c1-2-7-5-3-4-6(7)8/h2H,1,3-5H2",WHNWPMSKXPGLAX-UHFFFAOYSA-N
1992,"N6,N6-Dimethyladenosine",9.806179974,57817-83-1,CN(C)c1ncnc2c1ncn2[C@@H]1O[C@H](CO)[C@@H](O)[C@H]1O,,,https://doi.org/10.1021/acs.est.1c04874,cyclo,Aromatic & PAHs,"InChI=1S/C12H17N5O4/c1-16(2)10-7-11(14-4-13-10)17(5-15-7)12-9(20)8(19)6(3-18)21-12/h4-6,8-9,12,18-20H,3H2,1-2H3/t6-,8-,9-,12-/m1/s1",WVGPGNPCZPYCLK-WOUKDFQISA-N
1993,N6-ethanimidoyl-D-lysine,9.82,147489-94-9,CC(N)=NCCCC[C@@H](N)C(=O)O,10,25,NIST,alkane,Aliphatic hydrocarbons,"InChI=1S/C8H17N3O2/c1-6(9)11-5-3-2-4-7(10)8(12)13/h7H,2-5,10H2,1H3,(H2,9,11)(H,12,13)/t7-/m1/s1",ONYFNWIHJBLQKE-SSDOTTSWSA-N
1994,NAPHTHALENE,9.965201701,1146-65-2,c1ccc2ccccc2c1,,,https://doi.org/10.1021/acs.est.1c05007,benzene,Aromatic & PAHs,InChI=1S/C10H8/c1-2-6-10-8-4-3-7-9(10)5-1/h1-8H,UFWIBTONFRDIAS-UHFFFAOYSA-N
1995,Nalidixic acid,9.828659897,1887014-17-6,CCn1cc(C(=O)O)c(=O)c2ccc(C)nc21,,,https://doi.org/10.1021/acs.est.1c05569,cyclo,Aromatic & PAHs,"InChI=1S/C12H12N2O3/c1-3-14-6-9(12(16)17)10(15)8-5-4-7(2)13-11(8)14/h4-6H,3H2,1-2H3,(H,16,17)",MHWLWQUZZRMNGJ-UHFFFAOYSA-N
1996,Naphthalene,9.973127854,91-20-3,C1=CC=C2C=CC=CC2=C1,,,https://doi.org/10.1021/acsestengg.5c00570,cyclo,Aromatic & PAHs,InChI=1S/C10H8/c1-2-6-10-8-4-3-7-9(10)5-1/h1-8H,UFWIBTONFRDIAS-UHFFFAOYSA-N
1997,Naproxen,9.880241776,119166-66-4,COc1ccc2cc(C(C)C(=O)O)ccc2c1,,,https://doi.org/10.1021/acs.est.1c04669,alcohol,Oxygenated organics,"InChI=1S/C14H14O3/c1-9(14(15)16)10-3-4-12-8-13(17-2)6-5-11(12)7-10/h3-9H,1-2H3,(H,15,16)",CMWTZPSULFXXJA-UHFFFAOYSA-N
1998,NiIDA,8.86,,O=C([O-])CNCC(=O)[O-].[Ni+2],7,25,NIST,halogenated,Halogenated organics,"InChI=1S/C4H7NO4.Ni/c6-3(7)1-5-2-4(8)9;/h5H,1-2H2,(H,6,7)(H,8,9);/q;+2/p-2",ONMRMFZTRYZUAL-UHFFFAOYSA-L
1999,Nicotinamide mononucleotide,9.176091259,108347-85-9,NC(=O)c1ccc[n+]([C@@H]2O[C@H](COP(=O)([O-])O)[C@@H](O)[C@H]2O)c1,,,https://doi.org/10.1021/acs.est.1c05262,cyclo,Aromatic & PAHs,"InChI=1S/C11H15N2O8P/c12-10(16)6-2-1-3-13(4-6)11-9(15)8(14)7(21-11)5-20-22(17,18)19/h1-4,7-9,11,14-15H,5H2,(H3-,12,16,17,18,19)/t7-,8-,9-,11-/m1/s1",DAYLJWODMCOQEW-TURQNECASA-N
2000,Nicotinamide-N-oxide,9.322219295,1986-81-8,O=C([NH2+][O-])c1cccnc1,,,https://doi.org/10.1021/acs.est.1c05556,cyclo,Aromatic & PAHs,"InChI=1S/C6H6N2O2/c9-6(8-10)5-2-1-3-7-4-5/h1-4H,8H2",ZFFBMPJPNAHVLI-UHFFFAOYSA-N
2001,Nicotinylglycine,9.041392685,583-08-4,O=C(O)CNCc1cccnc1,,,https://doi.org/10.1021/acs.est.1c04814,cyclo,Aromatic & PAHs,"InChI=1S/C8H10N2O2/c11-8(12)6-10-5-7-2-1-3-9-4-7/h1-4,10H,5-6H2,(H,11,12)",FCJPXSDDZZUPQJ-UHFFFAOYSA-N
2002,Nitrobenzene,9.589949601,89059-37-0,[O-][N+](=O)c1ccccc1,,,https://doi.org/10.1021/acs.est.1c05132,benzene,Aromatic & PAHs,InChI=1S/C6H5NO2/c8-7(9)6-4-2-1-3-5-6/h1-5H,LQNUZADURLCDLV-UHFFFAOYSA-N
2003,Nitrosobenzene,10.25527251,138272-17-0,O=Nc1ccccc1,,,https://doi.org/10.1021/acs.est.1c04455,benzene,Aromatic & PAHs,InChI=1S/C6H5NO/c8-7-6-4-2-1-3-5-6/h1-5H,NLRKCXQQSUWLCH-UHFFFAOYSA-N
2004,Nitrosodimethylamine,8.633468456,62-75-9,CN(C)N=O,,,https://doi.org/10.1021/acsestengg.5c00322,halogenated,Halogenated organics,InChI=1S/C2H6N2O/c1-4(2)3-5/h1-2H3,UMFJAHHVKNCGLG-UHFFFAOYSA-N
2005,Nonane,9.556302501,121578-11-8,CCCCCCCCC,,,https://doi.org/10.1021/acs.est.1c04541,alkane,Aliphatic hydrocarbons,"InChI=1S/C9H20/c1-3-5-7-9-8-6-4-2/h3-9H2,1-2H3",BKIMMITUMNQMOS-UHFFFAOYSA-N
2006,Nonanedioic acid,9.73239376,60529-02-4,OC(=O)CCCCCCCC(O)=O,,,https://doi.org/10.1021/acs.est.1c04999,alcohol,Oxygenated organics,"InChI=1S/C9H16O4/c10-8(11)6-4-2-1-3-5-7-9(12)13/h1-7H2,(H,10,11)(H,12,13)",BDJRBEYXGGNYIS-UHFFFAOYSA-N
2007,Norfloxacin,9.820201459,1426313-01-0,CCn1cc(C(=O)O)c(=O)c2cc(F)c(N3CCNCC3)cc21,,,https://doi.org/10.1021/acs.est.1c04672,benzene,Aromatic & PAHs,"InChI=1S/C16H18FN3O3/c1-2-19-9-11(16(22)23)15(21)10-7-12(17)14(8-13(10)19)20-5-3-18-4-6-20/h7-9,18H,2-6H2,1H3,(H,22,23)",OGJPXUAPXNRGGI-UHFFFAOYSA-N
2008,Norleucine,9.397940009,114148-92-4,CCCC[C@H](N)C(=O)O,,,https://doi.org/10.1021/acs.est.1c04392,alkane,Aliphatic hydrocarbons,"InChI=1S/C6H13NO2/c1-2-3-4-5(7)6(8)9/h5H,2-4,7H2,1H3,(H,8,9)/t5-/m0/s1",LRQKBLKVPFOOQJ-YFKPBYRVSA-N
2009,Norpseudopelletierine-N-oxyl脗,9.653212514,4390-39-0,[O]N1C2CCCC1CC(=O)C2,,,https://doi.org/10.1021/acs.est.1c04400,cyclo,Aromatic & PAHs,"InChI=1S/C8H12NO2/c10-8-4-6-2-1-3-7(5-8)9(6)11/h6-7H,1-5H2",AMZBXNVXJGUYMF-UHFFFAOYSA-N
2010,Norvaline,9.204119983,15984-95-9,CCC[C@H](N)C(=O)O,,,https://doi.org/10.1021/acs.est.1c04992,alkane,Aliphatic hydrocarbons,"InChI=1S/C5H11NO2/c1-2-3-4(6)5(7)8/h4H,2-3,6H2,1H3,(H,7,8)/t4-/m0/s1",SNDPXSYFESPGGJ-BYPYZUCNSA-N
2011,"O,O,O-triethyl phosphorothioate",9.37,126-68-1,CCOP(=S)(OCC)OCC,7,25,https://doi.org/10.1021/acs.est.4c11950,alcohol,Oxygenated organics,"InChI=1S/C6H15O3PS/c1-4-7-10(11,8-5-2)9-6-3/h4-6H2,1-3H3",QTPJMTACJMLPLL-UHFFFAOYSA-N
2012,"O,O,O-triethyl phosphorothioate",9.374748346,126-68-1,CCOP(=S)(OCC)OCC,,,https://doi.org/10.1021/acs.est.1c05528,alcohol,Oxygenated organics,"InChI=1S/C6H15O3PS/c1-4-7-10(11,8-5-2)9-6-3/h4-6H2,1-3H3",QTPJMTACJMLPLL-UHFFFAOYSA-N
2013,"O,O,S-triethyl phosphorodithioate",9.492760389,2524-09-6,CCOP(=S)(OCC)SCC,,,https://doi.org/10.1021/acs.est.1c04601,"sulfide, disulfide",Sulfur-containing organics,"InChI=1S/C6H15O2PS2/c1-4-7-9(10,8-5-2)11-6-3/h4-6H2,1-3H3",BZVCTTJRBWHTOF-UHFFFAOYSA-N
2014,"O,O,S-triethyl phosphorodithioate",9.49,2524-09-6,CCOP(=S)(OCC)SCC,7,25,https://doi.org/10.1021/acs.est.4c11950,"sulfide, disulfide",Sulfur-containing organics,"InChI=1S/C6H15O2PS2/c1-4-7-9(10,8-5-2)11-6-3/h4-6H2,1-3H3",BZVCTTJRBWHTOF-UHFFFAOYSA-N
2015,"O,O-diethyl O-(2,2,2-trifluoroethyl) phosphorothioate",9.130333768,94080-68-9,CCOP(=S)(OCC)OCC(F)(F)F,,,https://doi.org/10.1021/acs.est.1c04579,alcohol,Oxygenated organics,"InChI=1S/C6H12F3O3PS/c1-3-10-13(14,11-4-2)12-5-6(7,8)9/h3-5H2,1-2H3",FZPNVLCAWJGBLT-UHFFFAOYSA-N
2016,"O,O-diethyl O-(2,2,2-trifluoroethyl) phosphorothioate",9.13,94080-68-9,CCOP(=S)(OCC)OCC(F)(F)F,7,25,https://doi.org/10.1021/acs.est.4c11950,alcohol,Oxygenated organics,"InChI=1S/C6H12F3O3PS/c1-3-10-13(14,11-4-2)12-5-6(7,8)9/h3-5H2,1-2H3",FZPNVLCAWJGBLT-UHFFFAOYSA-N
2017,"O,O-diethyl S-hydrogen phosphorodithioate",9.993876915,1497-32-1,CCOP(=S)(S)OCC,,,https://doi.org/10.1021/acs.est.1c05197,alcohol,Oxygenated organics,"InChI=1S/C4H11O2PS2/c1-3-5-7(8,9)6-4-2/h3-4H2,1-2H3,(H,8,9)",IRDLUHRVLVEUHA-UHFFFAOYSA-N
2018,"O,O-diethyl methylphosphonothioate",9.81,6996-81-2,CCOP(C)(=S)OCC,7,25,https://doi.org/10.1021/acs.est.4c11950,alcohol,Oxygenated organics,"InChI=1S/C5H13O2PS/c1-4-6-8(3,9)7-5-2/h4-5H2,1-3H3",GEDUXIUTPVHAAV-UHFFFAOYSA-N
2019,"O,O-diethyl methylphosphonothioate",9.808885867,6996-81-2,CCOP(C)(=S)OCC,,,https://doi.org/10.1021/acs.est.1c05042,alcohol,Oxygenated organics,"InChI=1S/C5H13O2PS/c1-4-6-8(3,9)7-5-2/h4-5H2,1-3H3",GEDUXIUTPVHAAV-UHFFFAOYSA-N
2020,"O,O-diethyl phosphoramidothioate",9.29,35812-41-0,CCOP(N)(=S)OCC,7,25,https://doi.org/10.1021/acs.est.4c11950,alcohol,Oxygenated organics,"InChI=1S/C4H12NO2PS/c1-3-6-8(5,9)7-4-2/h3-4H2,1-2H3,(H2,5,9)",LAGRCNJEUAJJQC-UHFFFAOYSA-N
2021,"O,O-diethyl phosphoramidothioate",9.28780173,35812-41-0,CCOP(N)(=S)OCC,,,https://doi.org/10.1021/acs.est.1c05108,alcohol,Oxygenated organics,"InChI=1S/C4H12NO2PS/c1-3-6-8(5,9)7-4-2/h3-4H2,1-2H3,(H2,5,9)",LAGRCNJEUAJJQC-UHFFFAOYSA-N
2022,"O,O-diethyl phosphorochloridothioate",9.4,3711-51-1,CCOP(=S)(Cl)OCC,7,25,https://doi.org/10.1021/acs.est.4c11950,alcohol,Oxygenated organics,"InChI=1S/C4H10ClO2PS/c1-3-6-8(5,9)7-4-2/h3-4H2,1-2H3",KMJJJTCKNZYTEY-UHFFFAOYSA-N
2023,"O,O-diethyl phosphorochloridothioate",9.399673721,3711-51-1,CCOP(=S)(Cl)OCC,,,https://doi.org/10.1021/acs.est.1c04535,alcohol,Oxygenated organics,"InChI=1S/C4H10ClO2PS/c1-3-6-8(5,9)7-4-2/h3-4H2,1-2H3",KMJJJTCKNZYTEY-UHFFFAOYSA-N
2024,"O,O-diethyl phosphorofluoridothioate",9.28,358-75-8,CCOP(F)(=S)OCC,7,25,https://doi.org/10.1021/acs.est.4c11950,alcohol,Oxygenated organics,"InChI=1S/C4H10FO2PS/c1-3-6-8(5,9)7-4-2/h3-4H2,1-2H3",BNNPDBHJYLFUEY-UHFFFAOYSA-N
2025,"O,O-diethyl phosphorofluoridothioate",9.276461804,358-75-8,CCOP(F)(=S)OCC,,,https://doi.org/10.1021/acs.est.1c04572,alcohol,Oxygenated organics,"InChI=1S/C4H10FO2PS/c1-3-6-8(5,9)7-4-2/h3-4H2,1-2H3",BNNPDBHJYLFUEY-UHFFFAOYSA-N
2026,"O,O-diethyl-S-hydrogen phosphorodithioate",9.99,1497-32-1,CCOP(=S)(S)OCC,7,25,https://doi.org/10.1021/acs.est.4c11950,alcohol,Oxygenated organics,"InChI=1S/C4H11O2PS2/c1-3-5-7(8,9)6-4-2/h3-4H2,1-2H3,(H,8,9)",IRDLUHRVLVEUHA-UHFFFAOYSA-N
2027,O-methylhydroxylamine,10.15,755740-10-4,CON,9,22,https://doi.org/10.1021/acs.est.4c11950,amide,Nitrogen-containing organics,"InChI=1S/CH5NO/c1-3-2/h2H2,1H3",GMPKIPWJBDOURN-UHFFFAOYSA-N
2028,O-methylhydroxylamine,10.14612804,67-62-9,CON,,,https://doi.org/10.1021/acsestengg.5c00310,amide,Nitrogen-containing organics,"InChI=1S/CH5NO/c1-3-2/h2H2,1H3",GMPKIPWJBDOURN-UHFFFAOYSA-N
2029,O-methylhydroxylamine,10.15,755740-10-4,CO[NH3+].[Cl-],9.1,25,NIST,halogenated,Halogenated organics,InChI=1S/CH6NO.ClH/c1-3-2;/h1-2H3;1H/q+1;/p-1,SPUACDWLOLSOQO-UHFFFAOYSA-M
2030,O-methylhydroxylamine,10.14612804,755740-10-4,CON,,,https://doi.org/10.1021/acs.est.1c04518,amide,Nitrogen-containing organics,"InChI=1S/CH5NO/c1-3-2/h2H2,1H3",GMPKIPWJBDOURN-UHFFFAOYSA-N
2031,"O1-butyl O2-(phenylmethyl) benzene-1,2-dicarboxylate",9.599883072,1416371-86-2,CCCCOC(=O)c1ccccc1C(=O)OCc2ccccc2,,,https://doi.org/10.1021/acs.est.1c05615,diol,Polyfunctional / highly functionalized,"InChI=1S/C19H20O4/c1-2-3-13-22-18(20)16-11-7-8-12-17(16)19(21)23-14-15-9-5-4-6-10-15/h4-12H,2-3,13-14H2,1H3",IRIAEXORFWYRCZ-UHFFFAOYSA-N
2032,OCTAN-1-OL,9.886490725,16384-97-7,CCCCCCCCO,,,https://doi.org/10.1021/acs.est.1c05477,alkane,Aliphatic hydrocarbons,"InChI=1S/C8H18O/c1-2-3-4-5-6-7-8-9/h9H,2-8H2,1H3",KBPLFHHGFOOTCA-UHFFFAOYSA-N
2033,Octanedioic acid,9.681241237,17265-12-2,OC(=O)CCCCCCC(O)=O,,,https://doi.org/10.1021/acs.est.1c04940,alcohol,Oxygenated organics,"InChI=1S/C8H14O4/c9-7(10)5-3-1-2-4-6-8(11)12/h1-6H2,(H,9,10)(H,11,12)",TYFQFVWCELRYAO-UHFFFAOYSA-N
2034,Ophthalmic acid,9.838849091,82147-32-8,CC[C@H](N)C(=O)N(CC(=O)O)C(=O)CC[C@H](N)C(=O)O,,,https://doi.org/10.1021/acs.est.1c04780,alkane,Aliphatic hydrocarbons,"InChI=1S/C11H19N3O6/c1-2-6(12)10(18)14(5-9(16)17)8(15)4-3-7(13)11(19)20/h6-7H,2-5,12-13H2,1H3,(H,16,17)(H,19,20)/t6-,7-/m0/s1",SPLUHYDIQKURQW-BQBZGAKWSA-N
2035,Orbifloxacin,9.840106094,113617-63-3,C[C@H]1CN(c2c(F)c(F)c3c(=O)c(C(=O)O)cn(C4CC4)c3c2F)C[C@@H](C)N1,,,https://doi.org/10.1021/acs.est.1c04368,cyclo,Aromatic & PAHs,"InChI=1S/C19H20F3N3O3/c1-8-5-24(6-9(2)23-8)17-14(21)13(20)12-16(15(17)22)25(10-3-4-10)7-11(18(12)26)19(27)28/h7-10,23H,3-6H2,1-2H3,(H,27,28)/t8-,9+",QIPQASLPWJVQMH-DTORHVGOSA-N
2036,Ornithine,7.875061263,9001-69-8,NCCC[C@H](N)C(=O)O,,,https://doi.org/10.1021/acs.est.1c05277,halogenated,Halogenated organics,"InChI=1S/C5H12N2O2/c6-3-1-2-4(7)5(8)9/h4H,1-3,6-7H2,(H,8,9)/t4-/m0/s1",AHLPHDHHMVZTML-BYPYZUCNSA-N
2037,Orotidine,9.602059991,9024-62-8,O=C(O)c1cc(=O)[nH]c(=O)n1[C@@H]1O[C@H](CO)[C@@H](O)[C@H]1O,,,https://doi.org/10.1021/acs.est.1c04409,diol,Polyfunctional / highly functionalized,"InChI=1S/C10H12N2O8/c13-2-4-6(15)7(16)8(20-4)12-3(9(17)18)1-5(14)11-10(12)19/h1,4,6-8,13,15-16H,2H2,(H,17,18)(H,11,14,19)/t4-,6-,7-,8-/m1/s1",FKCRAVPPBFWEJD-XVFCMESISA-N
2038,Orotidine monophosphate,9.681241237,9024-62-8,O=C(O)c1cc(=O)[nH]c(=O)n1[C@@H]1O[C@H](COP(=O)(O)O)[C@@H](O)[C@H]1O,,,https://doi.org/10.1021/acs.est.1c04356,diol,Polyfunctional / highly functionalized,"InChI=1S/C10H13N2O11P/c13-5-1-3(9(16)17)12(10(18)11-5)8-7(15)6(14)4(23-8)2-22-24(19,20)21/h1,4,6-8,14-15H,2H2,(H,16,17)(H,11,13,18)(H2,19,20,21)/t4-,6-,7-,8-/m1/s1",KYOBSHFOBAOFBF-XVFCMESISA-N
2039,Oxirane,7.832508913,24969-10-6,C1CO1,,,https://doi.org/10.1021/acs.est.1c04693,halogenated,Halogenated organics,InChI=1S/C2H4O/c1-2-3-1/h1-2H2,IAYPIBMASNFSPL-UHFFFAOYSA-N
2040,Oxolane,9.431363764,1100753-12-5,C1CCOC1,,,https://doi.org/10.1021/acs.est.1c05019,alcohol,Oxygenated organics,InChI=1S/C4H8O/c1-2-4-5-3-1/h1-4H2,WYURNTSHIVDZCO-UHFFFAOYSA-N
2041,Oxypurinol,9.698970004,16220-08-9,O=c1nc2[nH][nH]cc-2c(=O)[nH]1,,,https://doi.org/10.1021/acs.est.1c04840,halogenated,Halogenated organics,"InChI=1S/C5H4N4O2/c10-4-2-1-6-9-3(2)7-5(11)8-4/h1H,(H3,6,7,8,9,10,11)",HXNFUBHNUDHIGC-UHFFFAOYSA-N
2042,Oxytetracycline,9.749736316,8017-33-2,CN(C)[C@@H]1C(=O)/C(=C(\N)O)C(=O)[C@@]2(O)C(=O)[C@@H]3C(=O)c4c(O)cccc4[C@@](C)(O)[C@H]3[C@H](O)[C@@H]12,,,https://doi.org/10.1021/acs.est.1c05694,halogenated,Halogenated organics,"InChI=1S/C22H24N2O9/c1-21(32)7-5-4-6-8(25)9(7)15(26)10-12(21)17(28)13-14(24(2)3)16(27)11(20(23)31)19(30)22(13,33)18(10)29/h4-6,10,12-14,17,25,28,31-33H,23H2,1-3H3/b20-11-/t10-,12+,13+,14-,17-,21+,22-/m0/s1",CCEBTAGWGYBMEW-WUXJZKJNSA-N
2043,PAA,7.95,2545-39-3,C=CC(=O)[O-].[Na+],3,25,NIST,halogenated,Halogenated organics,"InChI=1S/C3H4O2.Na/c1-2-3(4)5;/h2H,1H2,(H,4,5);/q;+1/p-1",NNMHYFLPFNGQFZ-UHFFFAOYSA-M
2044,PHENOL,9.790285164,53379-77-4,Oc1ccccc1,,,https://doi.org/10.1021/acs.est.1c04480,alcohol,Oxygenated organics,"InChI=1S/C6H6O/c7-6-4-2-1-3-5-6/h1-5,7H",ISWSIDIOOBJBQZ-UHFFFAOYSA-N
2045,PROPANE,9.469822016,344239-80-1,CCC,,,https://doi.org/10.1021/acs.est.1c04873,alkane,Aliphatic hydrocarbons,"InChI=1S/C3H8/c1-3-2/h3H2,1-2H3",ATUOYWHBWRKTHZ-UHFFFAOYSA-N
2046,"PROPANE-1,2,3-TRIOL",9.301029996,1314958-97-8,OCC(O)CO,,,https://doi.org/10.1021/acs.est.1c04530,alcohol,Oxygenated organics,"InChI=1S/C3H8O3/c4-1-3(6)2-5/h3-6H,1-2H2",PEDCQBHIVMGVHV-UHFFFAOYSA-N
2047,"PROPANE-1,2-DIOL",9.230448921,52910-80-2,CC(O)CO,,,https://doi.org/10.1021/acs.est.1c04730,alkane,Aliphatic hydrocarbons,"InChI=1S/C3H8O2/c1-3(5)2-4/h3-5H,2H2,1H3",DNIAPMSPPWPWGF-UHFFFAOYSA-N
2048,PYRENE,9.149219113,1718-52-1,c1cc2ccc3cccc4ccc(c1)c2c34,,,https://doi.org/10.1021/acs.est.1c04704,cyclo,Aromatic & PAHs,InChI=1S/C16H10/c1-3-11-7-9-13-5-2-6-14-10-8-12(4-1)15(11)16(13)14/h1-10H,BBEAQIROQSPTKN-UHFFFAOYSA-N
2049,Parathion,9.989894564,97067-68-0,CCOP(=S)(OCC)Oc1ccc([N+](=O)[O-])cc1,,,https://doi.org/10.1021/acs.est.1c05582,diol,Polyfunctional / highly functionalized,"InChI=1S/C10H14NO5PS/c1-3-14-17(18,15-4-2)16-10-7-5-9(6-8-10)11(12)13/h5-8H,3-4H2,1-2H3",LCCNCVORNKJIRZ-UHFFFAOYSA-N
2050,Penicillamine,9.51851394,1795786-79-6,CC(C)(S)[C@H](N)C(=O)O,,,https://doi.org/10.1021/acs.est.1c05375,alkane,Aliphatic hydrocarbons,"InChI=1S/C5H11NO2S/c1-5(2,9)3(6)4(7)8/h3,9H,6H2,1-2H3,(H,7,8)/t3-/m1/s1",VVNCNSJFMMFHPL-GSVOUGTGSA-N
2051,Penicillin G,9.899820502,8069-87-2,CC1(C)S[C@@H]2[C@H](NC(=O)Cc3ccccc3)C(=O)N2[C@H]1C(=O)O,,,https://doi.org/10.1021/acs.est.1c05483,"sulfide, disulfide",Sulfur-containing organics,"InChI=1S/C16H18N2O4S/c1-16(2)12(15(21)22)18-13(20)11(14(18)23-16)17-10(19)8-9-6-4-3-5-7-9/h3-7,11-12,14H,8H2,1-2H3,(H,17,19)(H,21,22)/t11-,12+,14-/m1/s1",JGSARLDLIJGVTE-MBNYWOFBSA-N
2052,Penicillin V,9.940018155,148680-07-3,CC1(C)S[C@@H]2[C@H](NC(=O)COc3ccccc3)C(=O)N2[C@H]1C(=O)[O-],,,https://doi.org/10.1021/acs.est.1c05281,"sulfide, disulfide",Sulfur-containing organics,"InChI=1S/C16H18N2O5S/c1-16(2)12(15(21)22)18-13(20)11(14(18)24-16)17-10(19)8-23-9-6-4-3-5-7-9/h3-7,11-12,14H,8H2,1-2H3,(H,17,19)(H,21,22)/p-1/t11-,12+,14-/m1/s1",BPLBGHOLXOTWMN-MBNYWOFBSA-M
2053,Pentaerythritol,9.51851394,115-77-5,OCC(CO)(CO)CO,,,https://doi.org/10.1021/acs.est.1c04548,alcohol,Oxygenated organics,,
2054,Pentafluoroiodobenzene,9,827-15-6,Fc1c(F)c(F)c(I)c(F)c1F,,,https://doi.org/10.1021/acs.est.1c05192,benzene,Aromatic & PAHs,InChI=1S/C6F5I/c7-1-2(8)4(10)6(12)5(11)3(1)9,OPYHNLNYCRZOGY-UHFFFAOYSA-N
2055,Pentan-1-ol,9.58546073,126840-22-0,CCCCCO,,,https://doi.org/10.1021/acs.est.1c05050,alkane,Aliphatic hydrocarbons,"InChI=1S/C5H12O/c1-2-3-4-5-6/h6H,2-5H2,1H3",AMQJEAYHLZJPGS-UHFFFAOYSA-N
2056,Pentan-2-one,9.278753601,109323-28-6,CCCC(C)=O,,,https://doi.org/10.1021/acs.est.1c04842,alkane,Aliphatic hydrocarbons,"InChI=1S/C5H10O/c1-3-4-5(2)6/h3-4H2,1-2H3",XNLICIUVMPYHGG-UHFFFAOYSA-N
2057,Pentan-3-ol,9.322219295,104338-80-9,CCC(O)CC,,,https://doi.org/10.1021/acs.est.1c05501,alkane,Aliphatic hydrocarbons,"InChI=1S/C5H12O/c1-3-5(6)4-2/h5-6H,3-4H2,1-2H3",AQIXEPGDORPWBJ-UHFFFAOYSA-N
2058,Pentane,9.73239376,90137-38-5,CCCCC,,,https://doi.org/10.1021/acs.est.1c05446,alkane,Aliphatic hydrocarbons,"InChI=1S/C5H12/c1-3-5-4-2/h3-5H2,1-2H3",OFBQJSOFQDEBGM-UHFFFAOYSA-N
2059,"Pentane-1,5-diol",9.556302501,1219804-42-8,OCCCCCO,,,https://doi.org/10.1021/acs.est.1c04503,alcohol,Oxygenated organics,"InChI=1S/C5H12O2/c6-4-2-1-3-5-7/h6-7H,1-5H2",ALQSHHUCVQOPAS-UHFFFAOYSA-N
2060,"Pentane-2,4-diol",9.361727836,7224-86-4,CC(O)CC(C)O,,,https://doi.org/10.1021/acs.est.1c04495,alkane,Aliphatic hydrocarbons,"InChI=1S/C5H12O2/c1-4(6)3-5(2)7/h4-7H,3H2,1-2H3",GTCCGKPBSJZVRZ-UHFFFAOYSA-N
2061,Pentanedioic acid,8.919078092,1379320-37-2,OC(=O)CCCC(O)=O,,,https://doi.org/10.1021/acs.est.1c04957,alcohol,Oxygenated organics,"InChI=1S/C5H8O4/c6-4(7)2-1-3-5(8)9/h1-3H2,(H,6,7)(H,8,9)",JFCQEDHGNNZCLN-UHFFFAOYSA-N
2062,Phenanthrene,10.36172784,1517-22-2,c1ccc2c(c1)ccc3ccccc23,,,https://doi.org/10.1021/acs.est.1c04908,cyclo,Aromatic & PAHs,InChI=1S/C14H10/c1-3-7-13-11(5-1)9-10-12-6-2-4-8-14(12)13/h1-10H,YNPNZTXNASCQKK-UHFFFAOYSA-N
2063,Phenyl-N-tert-butylnitrone,9.933993164,168021-77-0,CC(C)(C)[N+]([O-])=Cc1ccccc1,,,https://doi.org/10.1021/acs.est.1c04543,benzene,Aromatic & PAHs,"InChI=1S/C11H15NO/c1-11(2,3)12(13)9-10-7-5-4-6-8-10/h4-9H,1-3H3",IYSYLWYGCWTJSG-UHFFFAOYSA-N
2064,Phenyl-beta-D-glucopyranoside,9.643452676,86503-84-6,OC[C@H]1O[C@@H](Oc2ccccc2)[C@H](O)[C@@H](O)[C@@H]1O,,,https://doi.org/10.1021/acs.est.1c04534,diol,Polyfunctional / highly functionalized,"InChI=1S/C12H16O6/c13-6-8-9(14)10(15)11(16)12(18-8)17-7-4-2-1-3-5-7/h1-5,8-16H,6H2/t8-,9-,10+,11-,12-/m1/s1",NEZJDVYDSZTRFS-RMPHRYRLSA-N
2065,Phenylbenzene,9.954242509,7711-25-3,c1ccc(cc1)c2ccccc2,,,https://doi.org/10.1021/acs.est.1c04849,benzene,Aromatic & PAHs,InChI=1S/C12H10/c1-3-7-11(8-4-1)12-9-5-2-6-10-12/h1-10H,ZUOUZKKEUPVFJK-UHFFFAOYSA-N
2066,Phenylsulfinylbenzene,9.799340549,54029-73-1,O=[S](c1ccccc1)c2ccccc2,,,https://doi.org/10.1021/acs.est.1c04921,"sulfide, disulfide",Sulfur-containing organics,InChI=1S/C12H10OS/c13-14(11-7-3-1-4-8-11)12-9-5-2-6-10-12/h1-10H,JJHHIJFTHRNPIK-UHFFFAOYSA-N
2067,Phenylthiourea,9.579783597,20369-04-4,NC(=S)Nc1ccccc1,,,https://doi.org/10.1021/acs.est.1c05085,benzene,Aromatic & PAHs,"InChI=1S/C7H8N2S/c8-7(10)9-6-4-2-1-3-5-6/h1-5H,(H3,8,9,10)",FULZLIGZKMKICU-UHFFFAOYSA-N
2068,Phosphorylcholine,8.806179974,84601-19-4,C=P([O-])(O)OCC[N+](C)(C)C,,,https://doi.org/10.1021/acs.est.1c05086,alcohol,Oxygenated organics,"InChI=1S/C6H16NO3P/c1-7(2,3)5-6-10-11(4,8)9/h4-6H2,1-3H3,(H-,8,9)",NPCQZWXXCOMSPN-UHFFFAOYSA-N
2069,Phosphorylethanolamine,8.953759692,1169692-38-9,NCCOP(=O)(O)O,,,https://doi.org/10.1021/acs.est.1c04445,phosphorus,Phosphorus-containing organics,"InChI=1S/C2H8NO4P/c3-1-2-7-8(4,5)6/h1-3H2,(H2,4,5,6)",SUHOOTKUPISOBE-UHFFFAOYSA-N
2070,Phosphoserine,9.301029996,9030-90-4,N[C@@H](COP(=O)(O)O)C(=O)O,,,https://doi.org/10.1021/acs.est.1c05665,halogenated,Halogenated organics,"InChI=1S/C3H8NO6P/c4-2(3(5)6)1-10-11(7,8)9/h2H,1,4H2,(H,5,6)(H2,7,8,9)/t2-/m0/s1",BZQFBWGGLXLEPQ-REOHCLBHSA-N
2071,Pimelic acid,9.544068044,55530-58-0,O=C(O)CCCCCC(=O)O,,,https://doi.org/10.1021/acs.est.1c04357,halogenated,Halogenated organics,"InChI=1S/C7H12O4/c8-6(9)4-2-1-3-5-7(10)11/h1-5H2,(H,8,9)(H,10,11)",WLJVNTCWHIRURA-UHFFFAOYSA-N
2072,Piroxicam,10.23044892,1261393-52-5,CN1/C(=C(/O)Nc2ccccn2)C(=O)c2ccccc2S1(=O)=O,,,https://doi.org/10.1021/acs.est.1c04788,"sulfide, disulfide",Sulfur-containing organics,"InChI=1S/C15H13N3O4S/c1-18-13(15(20)17-12-8-4-5-9-16-12)14(19)10-6-2-3-7-11(10)23(18,21)22/h2-9,20H,1H3,(H,16,17)/b15-13+",LDJVNWFKNMYYNT-FYWRMAATSA-N
2073,Poly(acrylic acid),7.953759692,90363-65-8,CCC(C)C(=O)O,,,https://doi.org/10.1021/acs.est.1c04361,alkane,Aliphatic hydrocarbons,"InChI=1S/C5H10O2/c1-3-4(2)5(6)7/h4H,3H2,1-2H3,(H,6,7)",WLAMNBDJUVNPJU-UHFFFAOYSA-N
2074,Procainamide,10.14612804,7699-39-0,CCN(CC)CCNC(=O)c1ccc(N)cc1,,,https://doi.org/10.1021/acs.est.1c04862,benzene,Aromatic & PAHs,"InChI=1S/C13H21N3O/c1-3-16(4-2)10-9-15-13(17)11-5-7-12(14)8-6-11/h5-8H,3-4,9-10,14H2,1-2H3,(H,15,17)",REQCZEXYDRLIBE-UHFFFAOYSA-N
2075,Propan-1-amine,9.86332286,13296-25-8,CCCN,,,https://doi.org/10.1021/acs.est.1c04865,alkane,Aliphatic hydrocarbons,"InChI=1S/C3H9N/c1-2-3-4/h2-4H2,1H3",WGYKZJWCGVVSQN-UHFFFAOYSA-N
2076,Propan-1-ol,9.397940009,1467062-08-3,CCCO,,,https://doi.org/10.1021/acs.est.1c04661,alkane,Aliphatic hydrocarbons,"InChI=1S/C3H8O/c1-2-3-4/h4H,2-3H2,1H3",BDERNNFJNOPAEC-UHFFFAOYSA-N
2077,Propan-2-ol,9.204119983,1803598-00-6,CC(C)O,,,https://doi.org/10.1021/acs.est.1c05308,alkane,Aliphatic hydrocarbons,"InChI=1S/C3H8O/c1-3(2)4/h3-4H,1-2H3",KFZMGEQAYNKOFK-UHFFFAOYSA-N
2078,Propanamide,8.84509804,142080-49-7,CCC(N)=O,,,https://doi.org/10.1021/acs.est.1c05150,alkane,Aliphatic hydrocarbons,"InChI=1S/C3H7NO/c1-2-3(4)5/h2H2,1H3,(H2,4,5)",QLNJFJADRCOGBJ-UHFFFAOYSA-N
2079,"Propane-1,3-diol",9.397940009,1427379-01-8,OCCCO,,,https://doi.org/10.1021/acs.est.1c05490,alcohol,Oxygenated organics,"InChI=1S/C3H8O2/c4-2-1-3-5/h4-5H,1-3H2",YPFDHNVEDLHUCE-UHFFFAOYSA-N
2080,Propanenitrile,7.968482949,1087717-80-3,CCC#N,,,https://doi.org/10.1021/acs.est.1c04335,alkane,Aliphatic hydrocarbons,"InChI=1S/C3H5N/c1-2-3-4/h2H2,1H3",FVSKHRXBFJPNKK-UHFFFAOYSA-N
2081,Propanoic acid,8.505149978,2899-64-1,CCC(O)=O,,,https://doi.org/10.1021/acs.est.1c04638,alkane,Aliphatic hydrocarbons,"InChI=1S/C3H6O2/c1-2-3(4)5/h2H2,1H3,(H,4,5)",XBDQKXXYIPTUBI-UHFFFAOYSA-N
2082,"Propyl 3,4,5-trihydroxybenzoate",10.07918125,147391-54-6,CCCOC(=O)c1cc(O)c(O)c(O)c1,,,https://doi.org/10.1021/acs.est.1c04643,alcohol,Oxygenated organics,"InChI=1S/C10H12O5/c1-2-3-15-10(14)6-4-7(11)9(13)8(12)5-6/h4-5,11-13H,2-3H2,1H3",ZTHYODDOHIVTJV-UHFFFAOYSA-N
2083,Propyl acetate,9.146128036,63573-84-2,CCCOC(C)=O,,,https://doi.org/10.1021/acs.est.1c04564,alcohol,Oxygenated organics,"InChI=1S/C5H10O2/c1-3-4-7-5(2)6/h3-4H2,1-2H3",YKYONYBAUNKHLG-UHFFFAOYSA-N
2084,Propylbenzene,9.875061263,103-65-1,CCCc1ccccc1,,,https://doi.org/10.1021/acs.est.1c04994,benzene,Aromatic & PAHs,"InChI=1S/C9H12/c1-2-6-9-7-4-3-5-8-9/h3-5,7-8H,2,6H2,1H3",ODLMAHJVESYWTB-UHFFFAOYSA-N
2085,"Protoporphyrin IX, dimethyl ester",10.77815125,15304-09-3,C=Cc1c(C)c2cc3[nH]c(cc4nc(cc5nc(cc1[nH]2)C(C)=C5CCC(=O)OC)C(CCC(=O)OC)=C4C)c(C)c3C=C,,,https://doi.org/10.1021/acs.est.1c04859,diol,Polyfunctional / highly functionalized,"InChI=1S/C36H38N4O4/c1-9-23-19(3)27-15-28-21(5)25(11-13-35(41)43-7)33(39-28)18-34-26(12-14-36(42)44-8)22(6)30(40-34)17-32-24(10-2)20(4)29(38-32)16-31(23)37-27/h9-10,15-18,37-38H,1-2,11-14H2,3-8H3",LQBPATQBTSBIIH-UHFFFAOYSA-N
2086,Pyridine,9.477121255,58888-58-7,c1ccncc1,,,https://doi.org/10.1021/acs.est.1c05157,cyclo,Aromatic & PAHs,InChI=1S/C5H5N/c1-2-4-6-5-3-1/h1-5H,JUJWROOIHBZHMG-UHFFFAOYSA-N
2087,Pyridine-N-oxide,9.477121255,19639-76-0,[O-][n+]1ccccc1,,,https://doi.org/10.1021/acs.est.1c05382,halogenated,Halogenated organics,InChI=1S/C5H5NO/c7-6-4-2-1-3-5-6/h1-5H,ILVXOBCQQYKLDS-UHFFFAOYSA-N
2088,Pyridoxal 5-phosphate,9.833147112,1246818-16-5,Cc1ncc(COP(=O)(O)O)c(C=O)c1O,,,https://doi.org/10.1021/acs.est.1c04697,cyclo,Aromatic & PAHs,"InChI=1S/C8H10NO6P/c1-5-8(11)7(3-10)6(2-9-5)4-15-16(12,13)14/h2-3,11H,4H2,1H3,(H2,12,13,14)",NGVDGCNFYWLIFO-UHFFFAOYSA-N
2089,Pyridoxamine-5-phosphate,9.838849091,529-96-4,Cc1ncc(COP(=O)(O)O)c(CN)c1O,,,https://doi.org/10.1021/acs.est.1c04477,cyclo,Aromatic & PAHs,"InChI=1S/C8H13N2O5P/c1-5-8(11)7(2-9)6(3-10-5)4-15-16(12,13)14/h3,11H,2,4,9H2,1H3,(H2,12,13,14)",ZMJGSOSNSPKHNH-UHFFFAOYSA-N
2090,Pyrrole,10.17609126,109-97-7,c1cc[nH]c1,,,https://doi.org/10.1021/acs.est.1c04668,cyclo,Aromatic & PAHs,,
2091,Quercetin,10.17609126,832692-15-6,O=c1c(O)c(-c2ccc(O)c(O)c2)oc2cc(O)cc(O)c12,,,https://doi.org/10.1021/acs.est.1c05014,alcohol,Oxygenated organics,"InChI=1S/C15H10O7/c16-7-4-10(19)12-11(5-7)22-15(14(21)13(12)20)6-1-2-8(17)9(18)3-6/h1-5,16-19,21H",REFJWTPEDVJJIY-UHFFFAOYSA-N
2092,Quinidine,10.25527251,632366-89-3,C=C[C@H]1CN2CC[C@H]1C[C@@H]2[C@@H](O)c1ccnc2ccc(OC)cc12,,,https://doi.org/10.1021/acs.est.1c05472,cyclo,Aromatic & PAHs,"InChI=1S/C20H24N2O2/c1-3-13-12-22-9-7-14(13)10-19(22)20(23)16-6-8-21-18-5-4-15(24-2)11-17(16)18/h3-6,8,11,13-14,19-20,23H,1,7,9-10,12H2,2H3/t13-,14-,19+,20-/m0/s1",LOUPRKONTZGTKE-LHHVKLHASA-N
2093,Quinine,9.88592634,804-63-7,C=C[C@H]1CN2CC[C@H]1C[C@H]2[C@H](O)c1ccnc2ccc(OC)cc12,,,https://doi.org/10.1021/acs.est.1c05525,cyclo,Aromatic & PAHs,"InChI=1S/C20H24N2O2/c1-3-13-12-22-9-7-14(13)10-19(22)20(23)16-6-8-21-18-5-4-15(24-2)11-17(16)18/h3-6,8,11,13-14,19-20,23H,1,7,9-10,12H2,2H3/t13-,14-,19-,20+/m0/s1",LOUPRKONTZGTKE-WZBLMQSHSA-N
2094,RNA,8.97,9026-28-2,Cc1ccc(S(=O)(=O)NC2=NC(=O)C(Cc3ccc(C)o3)S2)cc1,7,25,NIST,"sulfide, disulfide",Sulfur-containing organics,"InChI=1S/C16H16N2O4S2/c1-10-3-7-13(8-4-10)24(20,21)18-16-17-15(19)14(23-16)9-12-6-5-11(2)22-12/h3-8,14H,9H2,1-2H3,(H,17,18,19)",JYDCOVVHXIKASY-UHFFFAOYSA-N
2095,RNA,9.28,9026-28-2,Cc1ccc(S(=O)(=O)NC2=NC(=O)C(Cc3ccc(C)o3)S2)cc1,6.5,25,NIST,"sulfide, disulfide",Sulfur-containing organics,"InChI=1S/C16H16N2O4S2/c1-10-3-7-13(8-4-10)24(20,21)18-16-17-15(19)14(23-16)9-12-6-5-11(2)22-12/h3-8,14H,9H2,1-2H3,(H,17,18,19)",JYDCOVVHXIKASY-UHFFFAOYSA-N
2096,Ranitidine,9.791690649,1185514-83-3,CCCCCCCCCC(CCCCCCCC(=O)OC)OS(=O)(=O)[O-],,,https://doi.org/10.1021/acs.est.1c04442,diol,Polyfunctional / highly functionalized,"InChI=1S/C19H38O6S/c1-3-4-5-6-7-9-12-15-18(25-26(21,22)23)16-13-10-8-11-14-17-19(20)24-2/h18H,3-17H2,1-2H3,(H,21,22,23)/p-1",XCOALMJLMNBYMY-UHFFFAOYSA-M
2097,Rhamnetin,9.301029996,62858-07-5,COc1cc(O)c2c(=O)c(O)c(-c3ccc(O)c(O)c3)oc2c1,,,https://doi.org/10.1021/acs.est.1c04848,diol,Polyfunctional / highly functionalized,"InChI=1S/C16H12O7/c1-22-8-5-11(19)13-12(6-8)23-16(15(21)14(13)20)7-2-3-9(17)10(18)4-7/h2-6,17-19,21H,1H3",JGUZGNYPMHHYRK-UHFFFAOYSA-N
2098,Ribose,9.204119983,34466-20-1,O=C[C@H](O)[C@H](O)[C@H](O)CO,,,https://doi.org/10.1021/acs.est.1c04516,halogenated,Halogenated organics,"InChI=1S/C5H10O5/c6-1-3(8)5(10)4(9)2-7/h1,3-5,7-10H,2H2/t3-,4+,5-/m0/s1",PYMYPHUHKUWMLA-LMVFSUKVSA-N
2099,Ribose-5-phosphate,9.113943352,9054-55-1,O=C[C@H](O)[C@H](O)[C@H](O)COP(=O)(O)O,,,https://doi.org/10.1021/acs.est.1c05410,diol,Polyfunctional / highly functionalized,"InChI=1S/C5H11O8P/c6-1-3(7)5(9)4(8)2-13-14(10,11)12/h1,3-5,7-9H,2H2,(H2,10,11,12)/t3-,4+,5-/m0/s1",PPQRONHOSHZGFQ-LMVFSUKVSA-N
2100,Robinin,9.041392685,57526-56-4,C[C@@H]1O[C@@H](Oc2cc(O)c3c(=O)c(O[C@@H]4O[C@H](CO[C@@H]5O[C@@H](C)[C@H](O)[C@@H](O)[C@H]5O)[C@H](O)[C@H](O)[C@H]4O)c(-c4ccc(O)cc4)oc3c2)[C@H](O)[C@H](O)[C@H]1O,,,https://doi.org/10.1021/acs.est.1c04690,diol,Polyfunctional / highly functionalized,"InChI=1S/C33H40O19/c1-10-19(36)23(40)26(43)31(47-10)46-9-17-21(38)25(42)28(45)33(51-17)52-30-22(39)18-15(35)7-14(49-32-27(44)24(41)20(37)11(2)48-32)8-16(18)50-29(30)12-3-5-13(34)6-4-12/h3-8,10-11,17,19-21,23-28,31-38,40-45H,9H2,1-2H3/t10-,11-,17+,19-,20-,21-,23+,24+,25-,26+,27+,28+,31+,32-,33-/m0/s1",PEFASEPMJYRQBW-HKWQTAEVSA-N
2101,Roxithromycin,9.729974286,134931-00-3,CC[C@H]1OC(=O)[C@H](C)[C@@H](OC2CC(C)(OC)C(O)C(C)O2)[C@H](C)[C@@H](OC2OC(C)CC(N(C)C)C2O)[C@](C)(O)C[C@@H](C)/C(=N\OCOCCOC)[C@H](C)[C@@H](O)[C@]1(C)O,,,https://doi.org/10.1021/acs.est.1c04823,diol,Polyfunctional / highly functionalized,"InChI=1S/C41H76N2O15/c1-15-29-41(10,49)34(45)24(4)31(42-53-21-52-17-16-50-13)22(2)19-39(8,48)36(58-38-32(44)28(43(11)12)18-23(3)54-38)25(5)33(26(6)37(47)56-29)57-30-20-40(9,51-14)35(46)27(7)55-30/h22-30,32-36,38,44-46,48-49H,15-21H2,1-14H3/b42-31+/t22-,23?,24+,25+,26-,27?,28?,29-,30?,32?,33+,34-,35?,36-,38?,39-,40?,41-/m1/s1",RXZBMPWDPOLZGW-KMAKEOJNSA-N
2102,S-Ethyl azepane-1-carbothioate,9.840106094,2212-67-1,CCSC(=O)N1CCCCCC1,,,https://doi.org/10.1021/acs.est.1c04493,"sulfide, disulfide",Sulfur-containing organics,"InChI=1S/C9H17NOS/c1-2-12-9(11)10-7-5-3-4-6-8-10/h2-8H2,1H3",DEDOPGXGGQYYMW-UHFFFAOYSA-N
2103,S-Methylcysteine,9.903089987,49679-39-2,CSC[C@H](N)C(=O)O,,,https://doi.org/10.1021/acs.est.1c04355,"sulfide, disulfide",Sulfur-containing organics,"InChI=1S/C4H9NO2S/c1-8-2-3(5)4(6)7/h3H,2,5H2,1H3,(H,6,7)/t3-/m0/s1",IDIDJDIHTAOVLG-VKHMYHEASA-N
2104,S-Methylglutathione,8.903089987,2922-56-7,CSC[C@H](NC(=O)CC[C@H](N)C(=O)O)C(=O)NCC(=O)O,,,https://doi.org/10.1021/acs.est.1c05316,"sulfide, disulfide",Sulfur-containing organics,"InChI=1S/C11H19N3O6S/c1-21-5-7(10(18)13-4-9(16)17)14-8(15)3-2-6(12)11(19)20/h6-7H,2-5,12H2,1H3,(H,13,18)(H,14,15)(H,16,17)(H,19,20)/t6-,7-/m0/s1",QTQDDTSVRVWHMO-BQBZGAKWSA-N
2105,S-[(5-methylimidazol-4-yl)methyl]thiourea,9.89,801998-66-3,Cc1[nH]cnc1C[SH]=C(N)N,7.4,25,NIST,thiol,Sulfur-containing organics,"InChI=1S/C6H12N4S/c1-4-5(10-3-9-4)2-11-6(7)8/h3,11H,2,7-8H2,1H3,(H,9,10)",FHBLYZDHOHGISF-UHFFFAOYSA-N
2106,S-[(imidazol-4-yl)methyl]thiourea,9.41,750643-30-2,N=C(N)SCc1c[nH]cn1,7.4,25,NIST,"sulfide, disulfide",Sulfur-containing organics,"InChI=1S/C5H8N4S/c6-5(7)10-2-4-1-8-3-9-4/h1,3H,2H2,(H3,6,7)(H,8,9)",OSIYUQJMZWEHDC-UHFFFAOYSA-N
2107,S-[2-(imidazol-4-yl)ethyl]thiourea,9.79,57271-57-5,N=C(N)SCCc1cnc[nH]1,7.4,25,NIST,"sulfide, disulfide",Sulfur-containing organics,"InChI=1S/C6H10N4S/c7-6(8)11-2-1-5-3-9-4-10-5/h3-4H,1-2H2,(H3,7,8)(H,9,10)",PEHSVUKQDJULKE-UHFFFAOYSA-N
2108,S-[3-(imidazol-4-yl)propyl]thiourea,9.83,34970-64-4,[H]/N=C(\N)SCCCc1cnc[nH]1,7.4,25,NIST,"sulfide, disulfide",Sulfur-containing organics,"InChI=1S/C7H12N4S/c8-7(9)12-3-1-2-6-4-10-5-11-6/h4-5H,1-3H2,(H3,8,9)(H,10,11)",QJUVWGBVEFRHCN-UHFFFAOYSA-N
2109,S-ethyl (dipropylamino)methanethioate,9.680335513,27064-03-5,CCCN(CCC)C(=O)SCC,,,https://doi.org/10.1021/acs.est.1c04575,"sulfide, disulfide",Sulfur-containing organics,"InChI=1S/C9H19NOS/c1-4-7-10(8-5-2)9(11)12-6-3/h4-8H2,1-3H3",GUVLYNGULCJVDO-UHFFFAOYSA-N
2110,S-methylcysteine,9.9,49679-39-2,CSC[C@H](N)C(=O)O,11,25,NIST,"sulfide, disulfide",Sulfur-containing organics,"InChI=1S/C4H9NO2S/c1-8-2-3(5)4(6)7/h3H,2,5H2,1H3,(H,6,7)/t3-/m0/s1",IDIDJDIHTAOVLG-VKHMYHEASA-N
2111,S-methylcysteine,9.9,49679-39-2,CSC[C@H](N)C(=O)O,5.4,25,NIST,"sulfide, disulfide",Sulfur-containing organics,"InChI=1S/C4H9NO2S/c1-8-2-3(5)4(6)7/h3H,2,5H2,1H3,(H,6,7)/t3-/m0/s1",IDIDJDIHTAOVLG-VKHMYHEASA-N
2112,S-methylglutathione,8.9,2922-56-7,CSC[C@H](NC(=O)CC[C@H](N)C(=O)O)C(=O)NCC(=O)O,4,25,NIST,"sulfide, disulfide",Sulfur-containing organics,"InChI=1S/C11H19N3O6S/c1-21-5-7(10(18)13-4-9(16)17)14-8(15)3-2-6(12)11(19)20/h6-7H,2-5,12H2,1H3,(H,13,18)(H,14,15)(H,16,17)(H,19,20)/t6-,7-/m0/s1",QTQDDTSVRVWHMO-BQBZGAKWSA-N
2113,S-methylglutathione,9.72,2922-56-7,CSC[C@H](NC(=O)CC[C@H](N)C(=O)O)C(=O)NCC(=O)O,10.6,25,NIST,"sulfide, disulfide",Sulfur-containing organics,"InChI=1S/C11H19N3O6S/c1-21-5-7(10(18)13-4-9(16)17)14-8(15)3-2-6(12)11(19)20/h6-7H,2-5,12H2,1H3,(H,13,18)(H,14,15)(H,16,17)(H,19,20)/t6-,7-/m0/s1",QTQDDTSVRVWHMO-BQBZGAKWSA-N
2114,Salicylic acid,10.43136376,1189678-81-6,O=C(O)c1ccccc1O,,,https://doi.org/10.1021/acs.est.1c05256,benzene,Aromatic & PAHs,"InChI=1S/C7H6O3/c8-6-4-2-1-3-5(6)7(9)10/h1-4,8H,(H,9,10)",YGSDEFSMJLZEOE-UHFFFAOYSA-N
2115,Sarcosine anhydride,9.230448921,5076-82-4,CNCC(=O)OC(=O)CNC,,,https://doi.org/10.1021/acs.est.1c05599,alcohol,Oxygenated organics,"InChI=1S/C6H12N2O3/c1-7-3-5(9)11-6(10)4-8-2/h7-8H,3-4H2,1-2H3",GPAYXCOQADGNAZ-UHFFFAOYSA-N
2116,Selenocystine,10.23044892,29621-88-3,N[C@@H](C[Se][Se]C[C@H](N)C(=O)O)C(=O)O,,,https://doi.org/10.1021/acs.est.1c04857,halogenated,Halogenated organics,"InChI=1S/C6H12N2O4Se2/c7-3(5(9)10)1-13-14-2-4(8)6(11)12/h3-4H,1-2,7-8H2,(H,9,10)(H,11,12)/t3-,4-/m0/s1",JULROCUWKLNBSN-IMJSIDKUSA-N
2117,Selenodicysteine,9.907948522,20710-99-0,O=C(O)[C@H](CS)N[Se]N[C@@H](CS)C(=O)O,,,https://doi.org/10.1021/acs.est.1c04932,"sulfide, disulfide",Sulfur-containing organics,"InChI=1S/C6H12N2O4S2Se/c9-5(10)3(1-13)7-15-8-4(2-14)6(11)12/h3-4,7-8,13-14H,1-2H2,(H,9,10)(H,11,12)/t3-,4-/m0/s1",GFCSJLGXGCJBHZ-IMJSIDKUSA-N
2118,Selenomethionine,10.11394335,3211-76-5,C[Se]CC[C@H](N)C(=O)O,,,https://doi.org/10.1021/acs.est.1c05070,"sulfide, disulfide",Sulfur-containing organics,"InChI=1S/C5H11NO2Se/c1-9-3-2-4(6)5(7)8/h4H,2-3,6H2,1H3,(H,7,8)/t4-/m0/s1",RJFAYQIBOAGBLC-BYPYZUCNSA-N
2119,Selenourea,10.11394335,537691-68-2,NC(N)=[Se],,,https://doi.org/10.1021/acs.est.1c05254,"sulfide, disulfide",Sulfur-containing organics,"InChI=1S/CH4N2Se/c2-1(3)4/h(H4,2,3,4)",IYKVLICPFCEZOF-UHFFFAOYSA-N
2120,Serine,8.505149978,83245-14-1,N[C@@H](CO)C(=O)O,,,https://doi.org/10.1021/acs.est.1c05418,halogenated,Halogenated organics,"InChI=1S/C3H7NO3/c4-2(1-5)3(6)7/h2,5H,1,4H2,(H,6,7)/t2-/m0/s1",MTCFGRXMJLQNBG-REOHCLBHSA-N
2121,Silybin,10.25527251,87725-91-5,COc1cc(C2Oc3cc(C4Oc5cc(O)cc(O)c5C(=O)C4O)ccc3OC2CO)ccc1O,,,https://doi.org/10.1021/acs.est.1c04911,diol,Polyfunctional / highly functionalized,"InChI=1S/C25H22O10/c1-32-17-6-11(2-4-14(17)28)24-20(10-26)33-16-5-3-12(7-18(16)34-24)25-23(31)22(30)21-15(29)8-13(27)9-19(21)35-25/h2-9,20,23-29,31H,10H2,1H3",SEBFKMXJBCUCAI-UHFFFAOYSA-N
2122,Sodium 3-acetamidobenzoate,9.729974286,67011-40-9,[Na+].CC(=O)Nc1cccc(c1)C([O-])=O,,,https://doi.org/10.1021/acs.est.1c05270,halogenated,Halogenated organics,"InChI=1S/C9H9NO3.Na/c1-6(11)10-8-4-2-3-7(5-8)9(12)13;/h2-5H,1H3,(H,10,11)(H,12,13);/q;+1/p-1",FEMJCNCAWASVDS-UHFFFAOYSA-M
2123,Stachyose,9.041392685,136232-02-5,OC[C@H]1O[C@@](CO)(O[C@H]2O[C@H](CO[C@H]3O[C@H](CO[C@H]4O[C@H](CO)[C@H](O)[C@H](O)[C@H]4O)[C@H](O)[C@H](O)[C@H]3O)[C@@H](O)[C@H](O)[C@H]2O)[C@@H](O)[C@@H]1O,,,https://doi.org/10.1021/acs.est.1c04866,diol,Polyfunctional / highly functionalized,"InChI=1S/C24H42O21/c25-1-6-10(28)14(32)17(35)21(41-6)39-3-8-11(29)15(33)18(36)22(42-8)40-4-9-12(30)16(34)19(37)23(43-9)45-24(5-27)20(38)13(31)7(2-26)44-24/h6-23,25-38H,1-5H2/t6-,7-,8-,9-,10+,11+,12-,13-,14+,15+,16+,17-,18-,19-,20+,21+,22+,23-,24+/m1/s1",UQZIYBXSHAGNOE-XNSRJBNMSA-N
2124,Succinyl peroxide,7.903089987,957494-34-7,O=C1CCC(=O)OO1,,,https://doi.org/10.1021/acs.est.1c04588,diol,Polyfunctional / highly functionalized,InChI=1S/C4H4O4/c5-3-1-2-4(6)8-7-3/h1-2H2,QYFBSUCRERIFQO-UHFFFAOYSA-N
2125,Sucrose,9.361727836,73379-56-3,OC[C@H]1O[C@H](O[C@]2(CO)O[C@H](CO)[C@@H](O)[C@@H]2O)[C@H](O)[C@@H](O)[C@@H]1O,,,https://doi.org/10.1021/acs.est.1c05139,diol,Polyfunctional / highly functionalized,"InChI=1S/C12H22O11/c13-1-4-6(16)8(18)9(19)11(21-4)23-12(3-15)10(20)7(17)5(2-14)22-12/h4-11,13-20H,1-3H2/t4-,5-,6-,7-,8+,9-,10+,11-,12+/m1/s1",CZMRCDWAGMRECN-UGDNZRGBSA-N
2126,Sulfacetamide,9.968015714,6209-17-2,CC(=O)NS(=O)(=O)c1ccc(N)cc1,,,https://doi.org/10.1021/acs.est.1c04352,"sulfide, disulfide",Sulfur-containing organics,"InChI=1S/C8H10N2O3S/c1-6(11)10-14(12,13)8-4-2-7(9)3-5-8/h2-5H,9H2,1H3,(H,10,11)",SKIVFJLNDNKQPD-UHFFFAOYSA-N
2127,Sulfadiazine,9.943494516,1219149-66-2,Nc1ccc(S(=O)(=O)Nc2ncccn2)cc1,,,https://doi.org/10.1021/acs.est.1c04969,cyclo,Aromatic & PAHs,"InChI=1S/C10H10N4O2S/c11-8-2-4-9(5-3-8)17(15,16)14-10-12-6-1-7-13-10/h1-7H,11H2,(H,12,13,14)",SEEPANYCNGTZFQ-UHFFFAOYSA-N
2128,Sulfamerazine,9.889861721,127-79-7,Cc1ccnc(NS(=O)(=O)c2ccc(N)cc2)n1,,,https://doi.org/10.1021/acs.est.1c04958,benzene,Aromatic & PAHs,"InChI=1S/C11H12N4O2S/c1-8-6-7-13-11(14-8)15-18(16,17)10-4-2-9(12)3-5-10/h2-7H,12H2,1H3,(H,13,14,15)",QPPBRPIAZZHUNT-UHFFFAOYSA-N
2129,Sulfamethazine,9.920123326,53081-02-0,Cc1cc(C)nc(NS(=O)(=O)c2ccc(N)cc2)n1,,,https://doi.org/10.1021/acs.est.1c05181,benzene,Aromatic & PAHs,"InChI=1S/C12H14N4O2S/c1-8-7-9(2)15-12(14-8)16-19(17,18)11-5-3-10(13)4-6-11/h3-7H,13H2,1-2H3,(H,14,15,16)",ASWVTGNCAZCNNR-UHFFFAOYSA-N
2130,Sulfamethizole,9.9,1334378-92-5,Cc1nnc(NS(=O)(=O)c2ccc(N)cc2)s1,7,25,https://doi.org/10.1021/acs.est.4c11950,"sulfide, disulfide",Sulfur-containing organics,"InChI=1S/C9H10N4O2S2/c1-6-11-12-9(16-6)13-17(14,15)8-4-2-7(10)3-5-8/h2-5H,10H2,1H3,(H,12,13)",VACCAVUAMIDAGB-UHFFFAOYSA-N
2131,Sulfamethizole,9.899820502,1334378-92-5,Cc1nnc(NS(=O)(=O)c2ccc(N)cc2)s1,,,https://doi.org/10.1021/acs.est.1c05041,"sulfide, disulfide",Sulfur-containing organics,"InChI=1S/C9H10N4O2S2/c1-6-11-12-9(16-6)13-17(14,15)8-4-2-7(10)3-5-8/h2-5H,10H2,1H3,(H,12,13)",VACCAVUAMIDAGB-UHFFFAOYSA-N
2132,Sulfamethoxazole,9.92992956,1346603-52-8,Cc1cc(NS(=O)(=O)c2ccc(N)cc2)no1,,,https://doi.org/10.1021/acs.est.1c04812,benzene,Aromatic & PAHs,"InChI=1S/C10H11N3O3S/c1-7-6-10(12-16-7)13-17(14,15)9-4-2-8(11)3-5-9/h2-6H,11H2,1H3,(H,12,13)",JLKIGFTWXXRPMT-UHFFFAOYSA-N
2133,Sulfasuccidine,9.662757832,6101-17-3,O=C(O)CCC(=O)Nc1ccc(S(=O)(=O)Nc2nccs2)cc1,,,https://doi.org/10.1021/acs.est.1c04621,"sulfide, disulfide",Sulfur-containing organics,"InChI=1S/C13H13N3O5S2/c17-11(5-6-12(18)19)15-9-1-3-10(4-2-9)23(20,21)16-13-14-7-8-22-13/h1-4,7-8H,5-6H2,(H,14,16)(H,15,17)(H,18,19)",SKVLYVHULOWXTD-UHFFFAOYSA-N
2134,Sulfathiazole,9.892094603,1020719-89-4,Nc1ccc(S(=O)(=O)Nc2nccs2)cc1,,,https://doi.org/10.1021/acs.est.1c05568,"sulfide, disulfide",Sulfur-containing organics,"InChI=1S/C9H9N3O2S2/c10-7-1-3-8(4-2-7)16(13,14)12-9-11-5-6-15-9/h1-6H,10H2,(H,11,12)",JNMRHUJNCSQMMB-UHFFFAOYSA-N
2135,T23Br,8.67,,O=P(OCC(Br)CBr)(OCC(Br)CBr)OCC(Br)CBr,7,25,https://doi.org/10.1021/acs.est.4c11950,alcohol,Oxygenated organics,"InChI=1S/C9H15Br6O4P/c10-1-7(13)4-17-20(16,18-5-8(14)2-11)19-6-9(15)3-12/h7-9H,1-6H2",PQYJRMFWJJONBO-UHFFFAOYSA-N
2136,T23Br,8.667452953,,O=P(OCC(Br)CBr)(OCC(Br)CBr)OCC(Br)CBr,,,https://doi.org/10.1021/acs.est.1c05061,alcohol,Oxygenated organics,"InChI=1S/C9H15Br6O4P/c10-1-7(13)4-17-20(16,18-5-8(14)2-11)19-6-9(15)3-12/h7-9H,1-6H2",PQYJRMFWJJONBO-UHFFFAOYSA-N
2137,TBEP,9.914871818,78-51-3,CCCCOCCOP(=O)(OCCOCCCC)OCCOCCCC,,,https://doi.org/10.1021/acs.est.1c05302,diol,Polyfunctional / highly functionalized,"InChI=1S/C18H39O7P/c1-4-7-10-20-13-16-23-26(19,24-17-14-21-11-8-5-2)25-18-15-22-12-9-6-3/h4-18H2,1-3H3",WTLBZVNBAKMVDP-UHFFFAOYSA-N
2138,TBEP,9.92,78-51-3,CCCCOCCOP(=O)(OCCOCCCC)OCCOCCCC,7,25,https://doi.org/10.1021/acs.est.4c11950,diol,Polyfunctional / highly functionalized,"InChI=1S/C18H39O7P/c1-4-7-10-20-13-16-23-26(19,24-17-14-21-11-8-5-2)25-18-15-22-12-9-6-3/h4-18H2,1-3H3",WTLBZVNBAKMVDP-UHFFFAOYSA-N
2139,TCIPP,8.546542663,,CC(CCl)OP(=O)(OC(C)CCl)OC(C)CCl,,,https://doi.org/10.1021/acs.est.1c05180,alcohol,Oxygenated organics,"InChI=1S/C9H18Cl3O4P/c1-7(4-10)14-17(13,15-8(2)5-11)16-9(3)6-12/h7-9H,4-6H2,1-3H3",KVMPUXDNESXNOH-UHFFFAOYSA-N
2140,"TRI(2,3-DICHLOROPROPYL)PHOSPHATE(TDCPP)",8.635483747,136-87-8,O=P(OC(CCl)CCl)(OC(CCl)CCl)OC(CCl)CCl,,,https://doi.org/10.1021/acs.est.1c05567,alcohol,Oxygenated organics,"InChI=1S/C9H15Cl6O4P/c10-1-7(2-11)17-20(16,18-8(3-12)4-13)19-9(5-14)6-15/h7-9H,1-6H2",ASLWPAWFJZFCKF-UHFFFAOYSA-N
2141,"TRI(2,3-DICHLOROPROPYL)PHOSPHATE(TDCPP)",8.64,136-87-8,O=P(OC(CCl)CCl)(OC(CCl)CCl)OC(CCl)CCl,7,25,https://doi.org/10.1021/acs.est.4c11950,alcohol,Oxygenated organics,"InChI=1S/C9H15Cl6O4P/c10-1-7(2-11)17-20(16,18-8(3-12)4-13)19-9(5-14)6-15/h7-9H,1-6H2",ASLWPAWFJZFCKF-UHFFFAOYSA-N
2142,TEP,8.993876915,1448049-87-3,CCOP(=O)(OCC)OCC,,,https://doi.org/10.1021/acs.est.1c05541,alcohol,Oxygenated organics,"InChI=1S/C6H15O4P/c1-4-8-11(7,9-5-2)10-6-3/h4-6H2,1-3H3",DQWPFSLDHJDLRL-UHFFFAOYSA-N
2143,TERT-BUTYL FORMATE,8.718501689,762-75-4,CC(C)(C)OC=O,,,https://doi.org/10.1021/acs.est.1c04912,alcohol,Oxygenated organics,"InChI=1S/C5H10O2/c1-5(2,3)7-4-6/h4H,1-3H3",RUPAXCPQAAOIPB-UHFFFAOYSA-N
2144,TMPO,9.68,4567-18-4,CC1=[N+]([O-])C(C)(C)CC1,7,25,NIST,cyclo,Aromatic & PAHs,"InChI=1S/C7H13NO/c1-6-4-5-7(2,3)8(6)9/h4-5H2,1-3H3",QGNOEKXMUHRRJA-UHFFFAOYSA-N
2145,TOCP,9.58,38976-17-9,Cc1ccccc1OP(=O)(Oc1ccccc1C)Oc1ccccc1C,7,25,https://doi.org/10.1021/acs.est.4c11950,alcohol,Oxygenated organics,"InChI=1S/C21H21O4P/c1-16-10-4-7-13-19(16)23-26(22,24-20-14-8-5-11-17(20)2)25-21-15-9-6-12-18(21)3/h4-15H,1-3H3",YSMRWXYRXBRSND-UHFFFAOYSA-N
2146,TPCP,9.26,1415389-64-8,Cc1ccc(OP(=O)(Oc2ccc(C)cc2)Oc2ccc(C)cc2)cc1,7,25,https://doi.org/10.1021/acs.est.4c11950,alcohol,Oxygenated organics,"InChI=1S/C21H21O4P/c1-16-4-10-19(11-5-16)23-26(22,24-20-12-6-17(2)7-13-20)25-21-14-8-18(3)9-15-21/h4-15H,1-3H3",BOSMZFBHAYFUBJ-UHFFFAOYSA-N
2147,TPhP,9.95,66003-88-1,O=P(Oc1ccccc1)(Oc1ccccc1)Oc1ccccc1,7,25,https://doi.org/10.1021/acs.est.4c11950,alcohol,Oxygenated organics,"InChI=1S/C18H15O4P/c19-23(20-16-10-4-1-5-11-16,21-17-12-6-2-7-13-17)22-18-14-8-3-9-15-18/h1-15H",XZZNDPSIHUTMOC-UHFFFAOYSA-N
2148,TPhP,9.94792362,66003-88-1,O=P(Oc1ccccc1)(Oc1ccccc1)Oc1ccccc1,,,https://doi.org/10.1021/acs.est.1c04350,alcohol,Oxygenated organics,"InChI=1S/C18H15O4P/c19-23(20-16-10-4-1-5-11-16,21-17-12-6-2-7-13-17)22-18-14-8-3-9-15-18/h1-15H",XZZNDPSIHUTMOC-UHFFFAOYSA-N
2149,TTP,9.45,1057-33-6,CCCOP(=O)(OCCC)OCCC,7,25,https://doi.org/10.1021/acs.est.4c11950,alcohol,Oxygenated organics,"InChI=1S/C9H21O4P/c1-4-7-11-14(10,12-8-5-2)13-9-6-3/h4-9H2,1-3H3",RXPQRKFMDQNODS-UHFFFAOYSA-N
2150,TTP,9.450249108,1057-33-6,CCCOP(=O)(OCCC)OCCC,,,https://doi.org/10.1021/acs.est.1c04583,alcohol,Oxygenated organics,"InChI=1S/C9H21O4P/c1-4-7-11-14(10,12-8-5-2)13-9-6-3/h4-9H2,1-3H3",RXPQRKFMDQNODS-UHFFFAOYSA-N
2151,Tartronic acid,8.230448921,80-69-3,O=C(O)C(O)C(=O)O,,,https://doi.org/10.1021/acs.est.1c04652,halogenated,Halogenated organics,"InChI=1S/C3H4O5/c4-1(2(5)6)3(7)8/h1,4H,(H,5,6)(H,7,8)",ROBFUDYVXSDBQM-UHFFFAOYSA-N
2152,Tartronic acid,8.230448921,80-69-3,C(C(=O)O)(C(=O)O)O,,,https://doi.org/10.1021/acsestengg.5c00225,diol,Polyfunctional / highly functionalized,"InChI=1S/C3H4O5/c4-1(2(5)6)3(7)8/h1,4H,(H,5,6)(H,7,8)",ROBFUDYVXSDBQM-UHFFFAOYSA-N
2153,Terephthalonitrile,8.892094603,161894-18-4,N#Cc1ccc(cc1)C#N,,,https://doi.org/10.1021/acs.est.1c04500,halogenated,Halogenated organics,InChI=1S/C8H4N2/c9-5-7-1-2-8(6-10)4-3-7/h1-4H,BHXFKXOIODIUJO-UHFFFAOYSA-N
2154,Tetrachloromethane,6.301029996,102867-87-8,ClC(Cl)(Cl)Cl,,,https://doi.org/10.1021/acs.est.1c05062,halogenated,Halogenated organics,"InChI=1S/CCl4/c2-1(3,4)5",VZGDMQKNWNREIO-UHFFFAOYSA-N
2155,Tetrachlorotoluene,9.69019608,81-19-6,Clc1cccc(Cl)c1C(Cl)Cl,,,https://doi.org/10.1021/acs.est.1c04605,benzene,Aromatic & PAHs,"InChI=1S/C7H4Cl4/c8-4-2-1-3-5(9)6(4)7(10)11/h1-3,7H",QQPXXHAEIGVZKQ-UHFFFAOYSA-N
2156,Tetracycline,9.910090546,84187-37-1,CN(C)[C@@H]1C(=O)/C(=C(\N)O)C(=O)[C@@]2(O)C(=O)C3=C(O)c4c(O)cccc4[C@@](C)(O)[C@H]3C[C@@H]12,,,https://doi.org/10.1021/acs.est.1c04489,halogenated,Halogenated organics,"InChI=1S/C22H24N2O8/c1-21(31)8-5-4-6-11(25)12(8)16(26)13-9(21)7-10-15(24(2)3)17(27)14(20(23)30)19(29)22(10,32)18(13)28/h4-6,9-10,15,25-26,30-32H,7,23H2,1-3H3/b20-14-/t9-,10-,15-,21+,22-/m0/s1",JYHCQVWYCGHXGP-BPPSBWQWSA-N
2157,"Tetrafluoro-1,4-benzoquinone",9.591064607,527-21-9,O=C1C(F)=C(F)C(=O)C(F)=C1F,,,https://doi.org/10.1021/acs.est.1c05346,cyclo,Aromatic & PAHs,InChI=1S/C6F4O2/c7-1-2(8)6(12)4(10)3(9)5(1)11,JKLYZOGJWVAIQS-UHFFFAOYSA-N
2158,Tetrahydropyran,9.301029996,22976-09-6,C1CCOCC1,,,https://doi.org/10.1021/acs.est.1c04595,alcohol,Oxygenated organics,InChI=1S/C5H10O/c1-2-4-6-5-3-1/h1-5H2,DHXVGJBLRPWPCS-UHFFFAOYSA-N
2159,Tetrahydrothiophene,10.14612804,39929-21-0,C1CCSC1,,,https://doi.org/10.1021/acs.est.1c05058,"sulfide, disulfide",Sulfur-containing organics,InChI=1S/C4H8S/c1-2-4-5-3-1/h1-4H2,RAOIDOHSFRTOEL-UHFFFAOYSA-N
2160,Thalamyd,9.799340549,131-69-1,CC(=O)NS(=O)(=O)c1ccc(NC(=O)c2ccccc2C(=O)O)cc1,,,https://doi.org/10.1021/acs.est.1c05439,"sulfide, disulfide",Sulfur-containing organics,"InChI=1S/C16H14N2O6S/c1-10(19)18-25(23,24)12-8-6-11(7-9-12)17-15(20)13-4-2-3-5-14(13)16(21)22/h2-9H,1H3,(H,17,20)(H,18,19)(H,21,22)",SNWQKAWITMVCQW-UHFFFAOYSA-N
2161,Thiodiglycol Sulfoxide,9.72427587,3085-45-8,C(CS(=O)CCO)O,,,https://doi.org/10.1021/acsestengg.5c00268,alkane,Aliphatic hydrocarbons,"InChI=1S/C4H10O3S/c5-1-3-8(7)4-2-6/h5-6H,1-4H2",XHKPPUVICXLDRJ-UHFFFAOYSA-N
2162,Thiolane 1-oxide,9.84509804,1935397-43-5,O=[S]1CCCC1,,,https://doi.org/10.1021/acs.est.1c04647,"sulfide, disulfide",Sulfur-containing organics,InChI=1S/C4H8OS/c5-6-3-1-2-4-6/h1-4H2,ISXOBTBCNRIIQO-UHFFFAOYSA-N
2163,Thiophene,9.913813852,2036-39-7,c1ccsc1,,,https://doi.org/10.1021/acs.est.1c05103,"sulfide, disulfide",Sulfur-containing organics,InChI=1S/C4H4S/c1-2-4-5-3-1/h1-4H,YTPLMLYBLZKORZ-UHFFFAOYSA-N
2164,Thiopurinol,10.07918125,81944-82-3,Sc1ncnc2[nH]ncc12,,,https://doi.org/10.1021/acs.est.1c04938,"sulfide, disulfide",Sulfur-containing organics,"InChI=1S/C5H4N4S/c10-5-3-1-8-9-4(3)6-2-7-5/h1-2H,(H2,6,7,8,9,10)",PYAOPMWCFSVFOT-UHFFFAOYSA-N
2165,Thiosemicarbazide,10.11394335,1346414-05-8,NNC(N)=S,,,https://doi.org/10.1021/acs.est.1c04636,"sulfide, disulfide",Sulfur-containing organics,"InChI=1S/CH5N3S/c2-1(5)4-3/h3H2,(H3,2,4,5)",BRWIZMBXBAOCCF-UHFFFAOYSA-N
2166,Thiourea,9.990782692,883091-83-6,NC(N)=S,,,https://doi.org/10.1021/acs.est.1c04945,"sulfide, disulfide",Sulfur-containing organics,"InChI=1S/CH4N2S/c2-1(3)4/h(H4,2,3,4)",UMGDCJDMYOKAJW-UHFFFAOYSA-N
2167,Thymidine,9.672097858,240407-53-8,Cc1cn([C@H]2C[C@H](O)[C@@H](CO)O2)c(=O)[nH]c1=O,,,https://doi.org/10.1021/acs.est.1c04603,cyclo,Aromatic & PAHs,"InChI=1S/C10H14N2O5/c1-5-3-12(10(16)11-9(5)15)8-2-6(14)7(4-13)17-8/h3,6-8,13-14H,2,4H2,1H3,(H,11,15,16)/t6-,7+,8+/m0/s1",IQFYYKKMVGJFEH-XLPZGREQSA-N
2168,Thymidine 5'-monophosphate,9.716003344,108321-96-6,Cc1cn([C@H]2C[C@H](O)[C@@H](COP(=O)(O)O)O2)c(=O)[nH]c1=O,,,https://doi.org/10.1021/acs.est.1c04863,diol,Polyfunctional / highly functionalized,"InChI=1S/C10H15N2O8P/c1-5-3-12(10(15)11-9(5)14)8-2-6(13)7(20-8)4-19-21(16,17)18/h3,6-8,13H,2,4H2,1H3,(H,11,14,15)(H2,16,17,18)/t6-,7+,8+/m0/s1",GYOZYWVXFNDGLU-XLPZGREQSA-N
2169,Thymine,9.740362689,200417-68-1,Cc1c[nH]c(=O)[nH]c1=O,,,https://doi.org/10.1021/acs.est.1c04483,cyclo,Aromatic & PAHs,"InChI=1S/C5H6N2O2/c1-3-2-6-5(9)7-4(3)8/h2H,1H3,(H2,6,7,8,9)",RWQNBRDOKXIBIV-UHFFFAOYSA-N
2170,Tiotidine,10,69012-16-4,CN=C(NC#N)NCCSCc1csc(N=C(N)N)n1,,,https://doi.org/10.1021/acs.est.1c05649,"sulfide, disulfide",Sulfur-containing organics,"InChI=1S/C10H16N8S2/c1-14-9(16-6-11)15-2-3-19-4-7-5-20-10(17-7)18-8(12)13/h5H,2-4H2,1H3,(H2,14,15,16)(H4,12,13,17,18)",YDDXVAXDYKBWDX-UHFFFAOYSA-N
2171,TnBP,9.846955325,1820-59-3,CCCCOP(=O)(OCCCC)OCCCC,,,https://doi.org/10.1021/acs.est.1c05441,alcohol,Oxygenated organics,"InChI=1S/C12H27O4P/c1-4-7-10-14-17(13,15-11-8-5-2)16-12-9-6-3/h4-12H2,1-3H3",STCOOQWBFONSKY-UHFFFAOYSA-N
2172,ToCP,9.57863921,,Cc1ccccc1OP(=O)(Oc1ccccc1C)Oc1ccccc1C,,,https://doi.org/10.1021/acs.est.1c05562,alcohol,Oxygenated organics,"InChI=1S/C21H21O4P/c1-16-10-4-7-13-19(16)23-26(22,24-20-14-8-5-11-17(20)2)25-21-15-9-6-12-18(21)3/h4-15H,1-3H3",YSMRWXYRXBRSND-UHFFFAOYSA-N
2173,TpCP,9.257678575,1415389-64-8,Cc1ccc(OP(=O)(Oc2ccc(C)cc2)Oc2ccc(C)cc2)cc1,,,https://doi.org/10.1021/acs.est.1c05229,alcohol,Oxygenated organics,"InChI=1S/C21H21O4P/c1-16-4-10-19(11-5-16)23-26(22,24-20-12-6-17(2)7-13-20)25-21-14-8-18(3)9-15-21/h4-15H,1-3H3",BOSMZFBHAYFUBJ-UHFFFAOYSA-N
2174,Trichloroacetonitrile,7.591064607,545-06-2,N#CC(Cl)(Cl)Cl,,,https://doi.org/10.1021/acs.est.1c04745,halogenated,Halogenated organics,"InChI=1S/C2Cl3N/c3-2(4,5)1-6",DRUIESSIVFYOMK-UHFFFAOYSA-N
2175,Triclosan,9.780317312,1020720-00-6,Oc1cc(Cl)ccc1Oc1ccc(Cl)cc1Cl,,,https://doi.org/10.1021/acs.est.1c05456,diol,Polyfunctional / highly functionalized,"InChI=1S/C12H7Cl3O2/c13-7-1-3-11(9(15)5-7)17-12-4-2-8(14)6-10(12)16/h1-6,16H",XEFQLINVKFYRCS-UHFFFAOYSA-N
2176,Trifluralin,9.11058971,347841-79-6,CCCN(CCC)c1c([N+](=O)[O-])cc(C(F)(F)F)cc1[N+](=O)[O-],,,https://doi.org/10.1021/acs.est.1c05655,cyclo,Aromatic & PAHs,"InChI=1S/C13H16F3N3O4/c1-3-5-17(6-4-2)12-10(18(20)21)7-9(13(14,15)16)8-11(12)19(22)23/h7-8H,3-6H2,1-2H3",ZSDSQXJSNMTJDA-UHFFFAOYSA-N
2177,Trimethylamine,10.11394335,75-50-3,CN(C)C,,,https://doi.org/10.1021/acsestengg.5c00317,halogenated,Halogenated organics,InChI=1S/C3H9N/c1-4(2)3/h1-3H3,GETQZCLCWQTVFV-UHFFFAOYSA-N
2178,Trioxane,9.176091259,246875-75-2,C1COOOC1,,,https://doi.org/10.1021/acs.est.1c05619,diol,Polyfunctional / highly functionalized,InChI=1S/C3H6O3/c1-2-4-6-5-3-1/h1-3H2,KQBSGRWMSNFIPG-UHFFFAOYSA-N
2179,Triphenyltin hydroxide,9.973127854,76-87-9,O[Sn](c1ccccc1)(c1ccccc1)c1ccccc1,,,https://doi.org/10.1021/acs.est.1c04686,"sulfide, disulfide",Sulfur-containing organics,InChI=1S/3C6H5.H2O.Sn/c3*1-2-4-6-5-3-1;;/h3*1-5H;1H2;/q;;;;+1/p-1,BFWMWWXRWVJXSE-UHFFFAOYSA-M
2180,Tris(2-butoxyethyl) phosphate,10.00860017,78-51-3,CCCCOCCO[P](=O)(OCCOCCCC)OCCOCCCC,,,https://doi.org/10.1021/acs.est.1c05125,diol,Polyfunctional / highly functionalized,"InChI=1S/C18H39O7P/c1-4-7-10-20-13-16-23-26(19,24-17-14-21-11-8-5-2)25-18-15-22-12-9-6-3/h4-18H2,1-3H3",WTLBZVNBAKMVDP-UHFFFAOYSA-N
2181,Tris(2-chloroethyl) phosphate,8.749736316,115-96-8,ClCCO[P](=O)(OCCCl)OCCCl,,,https://doi.org/10.1021/acs.est.1c04917,alcohol,Oxygenated organics,"InChI=1S/C6H12Cl3O4P/c7-1-4-11-14(10,12-5-2-8)13-6-3-9/h1-6H2",HQUQLFOMPYWACS-UHFFFAOYSA-N
2182,Tris(hydroxymethyl)aminomethane,9.176091259,77-86-1,C(C(CO)(CO)N)O,,,https://doi.org/10.1021/acsestengg.5c00321,halogenated,Halogenated organics,"InChI=1S/C4H11NO3/c5-4(1-6,2-7)3-8/h6-8H,1-3,5H2",LENZDBCJOHFCAS-UHFFFAOYSA-N
2183,Tylosin,9.910090546,74610-55-2,CC[C@H]1OC(=O)C[C@@H](O)[C@H](C)[C@@H](O[C@@H]2O[C@H](C)[C@@H](O[C@H]3C[C@@](C)(O)[C@@H](O)[C@H](C)O3)[C@H](N(C)C)[C@H]2O)[C@@H](CC=O)C[C@@H](C)C(=O)/C=C/C(C)=C/[C@@H]1CO[C@@H]1O[C@H](C)[C@@H](O)[C@@H](OC)[C@H]1OC,,,https://doi.org/10.1021/acs.est.1c05438,diol,Polyfunctional / highly functionalized,"InChI=1S/C46H77NO17/c1-13-33-30(22-58-45-42(57-12)41(56-11)37(52)26(5)60-45)18-23(2)14-15-31(49)24(3)19-29(16-17-48)39(25(4)32(50)20-34(51)62-33)64-44-38(53)36(47(9)10)40(27(6)61-44)63-35-21-46(8,55)43(54)28(7)59-35/h14-15,17-18,24-30,32-33,35-45,50,52-55H,13,16,19-22H2,1-12H3/b15-14+,23-18+/t24-,25+,26-,27-,28+,29+,30-,32-,33-,35+,36-,37-,38-,39-,40-,41-,42-,43+,44+,45-,46-/m1/s1",WBPYTXDJUQJLPQ-VMXQISHHSA-N
2184,TyrOH,10.11,74863-13-1,N[C@@H](Cc1ccc(O)cc1)C(=O)O,7,25,NIST,halogenated,Halogenated organics,"InChI=1S/C9H11NO3/c10-8(9(12)13)5-6-1-3-7(11)4-2-6/h1-4,8,11H,5,10H2,(H,12,13)/t8-/m0/s1",OUYCCCASQSFEME-QMMMGPOBSA-N
2185,TyrOH,10.15,74863-13-1,N[C@@H](Cc1ccc(O)cc1)C(=O)O,5.2,25,NIST,halogenated,Halogenated organics,"InChI=1S/C9H11NO3/c10-8(9(12)13)5-6-1-3-7(11)4-2-6/h1-4,8,11H,5,10H2,(H,12,13)/t8-/m0/s1",OUYCCCASQSFEME-QMMMGPOBSA-N
2186,TyrOH,10.11,74863-13-1,N[C@@H](Cc1ccc(O)cc1)C(=O)O,4,25,NIST,halogenated,Halogenated organics,"InChI=1S/C9H11NO3/c10-8(9(12)13)5-6-1-3-7(11)4-2-6/h1-4,8,11H,5,10H2,(H,12,13)/t8-/m0/s1",OUYCCCASQSFEME-QMMMGPOBSA-N
2187,Tyrosine,10.11394335,60-18-4,N[C@@H](Cc1ccc(O)cc1)C(=O)O,,,https://doi.org/10.1021/acs.est.1c04701,halogenated,Halogenated organics,"InChI=1S/C9H11NO3/c10-8(9(12)13)5-6-1-3-7(11)4-2-6/h1-4,8,11H,5,10H2,(H,12,13)/t8-/m0/s1",OUYCCCASQSFEME-QMMMGPOBSA-N
2188,Uracil,9.77815125,64177-90-8,O=c1cc[nH]c(=O)[nH]1,,,https://doi.org/10.1021/acs.est.1c04558,halogenated,Halogenated organics,"InChI=1S/C4H4N2O2/c7-3-1-2-5-4(8)6-3/h1-2H,(H2,5,6,7,8)",ISAKRJDGNUQOIC-UHFFFAOYSA-N
2189,Uric acid,9.85672889,2832998-22-6,O=c1[nH]c(=O)c2[nH]c(=O)[nH]c2[nH]1,,,https://doi.org/10.1021/acs.est.1c05274,cyclo,Aromatic & PAHs,"InChI=1S/C5H4N4O3/c10-3-1-2(7-4(11)6-1)8-5(12)9-3/h(H4,6,7,8,9,10,11,12)",LEHOTFFKMJEONL-UHFFFAOYSA-N
2190,Uridine,9.612783857,9025-47-2,O=c1ccn([C@@H]2O[C@H](CO)[C@@H](O)[C@H]2O)c(=O)[nH]1,,,https://doi.org/10.1021/acs.est.1c05292,halogenated,Halogenated organics,"InChI=1S/C9H12N2O6/c12-3-4-6(14)7(15)8(17-4)11-2-1-5(13)10-9(11)16/h1-2,4,6-8,12,14-15H,3H2,(H,10,13,16)/t4-,6-,7-,8-/m1/s1",DRTQHJPVMGBUCF-XVFCMESISA-N
2191,Uridine 5'-monophosphate,9.653212514,133628-72-5,O=c1ccn([C@@H]2O[C@H](COP(=O)(O)O)[C@@H](O)[C@H]2O)c(=O)[nH]1,,,https://doi.org/10.1021/acs.est.1c04903,diol,Polyfunctional / highly functionalized,"InChI=1S/C9H13N2O9P/c12-5-1-2-11(9(15)10-5)8-7(14)6(13)4(20-8)3-19-21(16,17)18/h1-2,4,6-8,13-14H,3H2,(H,10,12,15)(H2,16,17,18)/t4-,6-,7-,8-/m1/s1",DJJCXFVJDGTHFX-XVFCMESISA-N
2192,V6,8.773054693,133954-12-8,O=P(OCCCl)(OCCCl)OCC(CCl)(CCl)COP(=O)(OCCCl)OCCCl,,,https://doi.org/10.1021/acs.est.1c05628,diol,Polyfunctional / highly functionalized,"InChI=1S/C13H24Cl6O8P2/c14-1-5-22-28(20,23-6-2-15)26-11-13(9-18,10-19)12-27-29(21,24-7-3-16)25-8-4-17/h1-12H2",ZGHUDSLVQAGWEY-UHFFFAOYSA-N
2193,V6,8.77,133954-12-8,O=P(OCCCl)(OCCCl)OCC(CCl)(CCl)COP(=O)(OCCCl)OCCCl,7,25,https://doi.org/10.1021/acs.est.4c11950,diol,Polyfunctional / highly functionalized,"InChI=1S/C13H24Cl6O8P2/c14-1-5-22-28(20,23-6-2-15)26-11-13(9-18,10-19)12-27-29(21,24-7-3-16)25-8-4-17/h1-12H2",ZGHUDSLVQAGWEY-UHFFFAOYSA-N
2194,Vinyl sulfone,9.612783857,60522-97-6,C=CS(=O)(=O)C=C,,,https://doi.org/10.1021/acs.est.1c04796,"sulfide, disulfide",Sulfur-containing organics,"InChI=1S/C4H6O2S/c1-3-7(5,6)4-2/h3-4H,1-2H2",AFOSIXZFDONLBT-UHFFFAOYSA-N
2195,Xylenol Orange,10.38021124,3618-43-7,Cc1cc(C2(c3cc(C)c(O)c(CN(CC(=O)O)CC(=O)O)c3)OS(=O)(=O)c3ccccc32)cc(CN(CC(=O)O)CC(=O)O)c1O,,,https://doi.org/10.1021/acs.est.1c05681,diol,Polyfunctional / highly functionalized,"InChI=1S/C31H32N2O13S/c1-17-7-21(9-19(29(17)42)11-32(13-25(34)35)14-26(36)37)31(23-5-3-4-6-24(23)47(44,45)46-31)22-8-18(2)30(43)20(10-22)12-33(15-27(38)39)16-28(40)41/h3-10,42-43H,11-16H2,1-2H3,(H,34,35)(H,36,37)(H,38,39)(H,40,41)",ORZHVTYKPFFVMG-UHFFFAOYSA-N
2196,[(2-methyl-2-methylsulfanylpropylidene)amino] N-methylcarbamate,9.910090546,106541-74-6,CNC(=O)O\N=C\C(C)(C)SC,,,https://doi.org/10.1021/acs.est.1c04929,"sulfide, disulfide",Sulfur-containing organics,"InChI=1S/C7H14N2O2S/c1-7(2,12-4)5-9-11-6(10)8-3/h5H,1-4H3,(H,8,10)/b9-5+",QGLZXHRNAYXIBU-WEVVVXLNSA-N
2197,"[(2R,3R)-5,7-dihydroxy-2-(3,4,5-trihydroxyphenyl)chroman-3-yl] 3,4,5-trihydroxybenzoate",10.23044892,176107-91-8,Oc1cc(O)c2C[C@@H](OC(=O)c3cc(O)c(O)c(O)c3)[C@H](Oc2c1)c4cc(O)c(O)c(O)c4,,,https://doi.org/10.1021/acs.est.1c04403,alcohol,Oxygenated organics,"InChI=1S/C22H18O11/c23-10-5-12(24)11-7-18(33-22(31)9-3-15(27)20(30)16(28)4-9)21(32-17(11)6-10)8-1-13(25)19(29)14(26)2-8/h1-6,18,21,23-30H,7H2/t18-,21-/m1/s1",WMBWREPUVVBILR-WIYYLYMNSA-N
2198,"[2-(3,5-dihydroxyphenyl)-2-hydroxyethyl]-[1-(4-hydroxyphenyl)propan-2-yl]azanium bromide",9.589949601,29680-77-1,[Br-].CC(Cc1ccc(O)cc1)[NH2+]CC(O)c2cc(O)cc(O)c2,,,https://doi.org/10.1021/acs.est.1c05622,benzene,Aromatic & PAHs,"InChI=1S/C17H21NO4.BrH/c1-11(6-12-2-4-14(19)5-3-12)18-10-17(22)13-7-15(20)9-16(21)8-13;/h2-5,7-9,11,17-22H,6,10H2,1H3;1H",SGZRQMALQBXAIQ-UHFFFAOYSA-N
2199,[5-(hydroxymethyl)furan-2-yl]methanol,9.763427994,2271146-45-1,OCc1oc(CO)cc1,,,https://doi.org/10.1021/acs.est.1c05248,diol,Polyfunctional / highly functionalized,"InChI=1S/C6H8O3/c7-3-5-1-2-6(4-8)9-5/h1-2,7-8H,3-4H2",DSLRVRBSNLHVBH-UHFFFAOYSA-N
2200,acebutolol,9.66,2364559-55-5,CCCC(=O)Nc1ccc(OCC(O)CNC(C)C)c(C(C)=O)c1,7,25,https://doi.org/10.1021/acs.est.4c11950,cyclo,Aromatic & PAHs,"InChI=1S/C18H28N2O4/c1-5-6-18(23)20-14-7-8-17(16(9-14)13(4)21)24-11-15(22)10-19-12(2)3/h7-9,12,15,19,22H,5-6,10-11H2,1-4H3,(H,20,23)",GOEMGAFJFRBGGG-UHFFFAOYSA-N
2201,acephate,8.96,2140327-70-2,CC(=O)NP(=O)(OC)SC,7,25,10.1016/j.sjbs.2017.10.022,"sulfide, disulfide",Sulfur-containing organics,"InChI=1S/C4H10NO3PS/c1-4(6)5-9(7,8-2)10-3/h1-3H3,(H,5,6,7)",YASYVMFAVPKPKE-UHFFFAOYSA-N
2202,acetaldehyde,8.98,1632-98-0,CC=O,1,25,https://doi.org/10.1021/acs.est.4c11950,alkane,Aliphatic hydrocarbons,"InChI=1S/C2H4O/c1-2-3/h2H,1H3",IKHGUXGNUITLKF-UHFFFAOYSA-N
2203,acetaldehyde,9.56,1632-98-0,CC=O,5,20,https://doi.org/10.1021/acs.est.4c11950,alkane,Aliphatic hydrocarbons,"InChI=1S/C2H4O/c1-2-3/h2H,1H3",IKHGUXGNUITLKF-UHFFFAOYSA-N
2204,acetaldehyde,8.977723605,75-07-0,CC=O,,,https://doi.org/10.1021/acsestengg.5c00192,alkane,Aliphatic hydrocarbons,"InChI=1S/C2H4O/c1-2-3/h2H,1H3",IKHGUXGNUITLKF-UHFFFAOYSA-N
2205,acetaldehyde,9.357934847,1632-98-0,CC=O,,,https://doi.org/10.1021/acs.est.1c05530,alkane,Aliphatic hydrocarbons,"InChI=1S/C2H4O/c1-2-3/h2H,1H3",IKHGUXGNUITLKF-UHFFFAOYSA-N
2206,acetamide,8.278753601,60-35-5,CC(=O)N,,,https://doi.org/10.1021/acsestengg.5c00285,alkane,Aliphatic hydrocarbons,"InChI=1S/C2H5NO/c1-2(3)4/h1H3,(H2,3,4)",DLFVBJFMPXGRIB-UHFFFAOYSA-N
2207,acetamide,8.28,137647-89-3,CC(N)=O,5.5,25,https://doi.org/10.1021/acs.est.4c11950,alkane,Aliphatic hydrocarbons,"InChI=1S/C2H5NO/c1-2(3)4/h1H3,(H2,3,4)",DLFVBJFMPXGRIB-UHFFFAOYSA-N
2208,acetaminophen,9.991226076,103-90-2,CC(=O)NC1=CC=C(C=C1)O,,,https://doi.org/10.1021/acsestengg.5c00534,alkane,Aliphatic hydrocarbons,"InChI=1S/C8H9NO2/c1-6(10)9-7-2-4-8(11)5-3-7/h2-5,11H,1H3,(H,9,10)",RZVAJINKPMORJF-UHFFFAOYSA-N
2209,acetanilide,9.716003344,103-84-4,CC(=O)NC1=CC=CC=C1,,,https://doi.org/10.1021/acsestengg.5c00392,cyclo,Aromatic & PAHs,"InChI=1S/C8H9NO/c1-7(10)9-8-5-3-2-4-6-8/h2-6H,1H3,(H,9,10)",FZERHIULMFGESH-UHFFFAOYSA-N
2210,acetanilide,9.72,1449-75-8,CC(=O)Nc1ccccc1,9,25,https://doi.org/10.1021/acs.est.4c11950,benzene,Aromatic & PAHs,"InChI=1S/C8H9NO/c1-7(10)9-8-5-3-2-4-6-8/h2-6H,1H3,(H,9,10)",FZERHIULMFGESH-UHFFFAOYSA-N
2211,acetate,7.914871818,64392-62-7,CC([O-])=O,,,https://doi.org/10.1021/acs.est.1c05317,alkane,Aliphatic hydrocarbons,"InChI=1S/C2H4O2/c1-2(3)4/h1H3,(H,3,4)/p-1",QTBSBXVTEAMEQO-UHFFFAOYSA-M
2212,acetate ion,7.87,2137530-32-4,CC([O-])=O,10.7,25,https://doi.org/10.1021/acs.est.4c11950,alkane,Aliphatic hydrocarbons,"InChI=1S/C2H4O2/c1-2(3)4/h1H3,(H,3,4)/p-1",QTBSBXVTEAMEQO-UHFFFAOYSA-M
2213,acetate ion,7.94,2137530-32-4,CC([O-])=O,7,25,NIST,alkane,Aliphatic hydrocarbons,"InChI=1S/C2H4O2/c1-2(3)4/h1H3,(H,3,4)/p-1",QTBSBXVTEAMEQO-UHFFFAOYSA-M
2214,acetate ion,7.86,2137530-32-4,CC([O-])=O,6.5,24,https://doi.org/10.1021/acs.est.4c11950,alkane,Aliphatic hydrocarbons,"InChI=1S/C2H4O2/c1-2(3)4/h1H3,(H,3,4)/p-1",QTBSBXVTEAMEQO-UHFFFAOYSA-M
2215,acetic acid,7.361727836,64-19-7,CC(=O)O,,,https://doi.org/10.1021/acsestengg.5c00215,alkane,Aliphatic hydrocarbons,"InChI=1S/C2H4O2/c1-2(3)4/h1H3,(H,3,4)",QTBSBXVTEAMEQO-UHFFFAOYSA-N
2216,acetic acid,7.18,57745-60-5,CC(O)=O,1,25,https://doi.org/10.1021/acs.est.4c11950,alkane,Aliphatic hydrocarbons,"InChI=1S/C2H4O2/c1-2(3)4/h1H3,(H,3,4)",QTBSBXVTEAMEQO-UHFFFAOYSA-N
2217,acetic acid,7.23,57745-60-5,CC(O)=O,1.8,24,https://doi.org/10.1021/acs.est.4c11950,alkane,Aliphatic hydrocarbons,"InChI=1S/C2H4O2/c1-2(3)4/h1H3,(H,3,4)",QTBSBXVTEAMEQO-UHFFFAOYSA-N
2218,acetic acid,7.36,57745-60-5,CC(O)=O,7,25,https://doi.org/10.1021/acs.est.4c11950,alkane,Aliphatic hydrocarbons,"InChI=1S/C2H4O2/c1-2(3)4/h1H3,(H,3,4)",QTBSBXVTEAMEQO-UHFFFAOYSA-N
2219,acetic acid,7.206825876,57745-60-5,CC(O)=O,,,https://doi.org/10.1021/acs.est.1c05606,alkane,Aliphatic hydrocarbons,"InChI=1S/C2H4O2/c1-2(3)4/h1H3,(H,3,4)",QTBSBXVTEAMEQO-UHFFFAOYSA-N
2220,acetochlor,9.8,1189897-44-6,CCOCN(C(=O)CCl)c1c(C)cccc1CC,7,25,https://doi.org/10.1021/acs.est.4c11950,alcohol,Oxygenated organics,"InChI=1S/C14H20ClNO2/c1-4-12-8-6-7-11(3)14(12)16(10-18-5-2)13(17)9-15/h6-8H,4-5,9-10H2,1-3H3",VTNQPKFIQCLBDU-UHFFFAOYSA-N
2221,acetone,8.32,96124-92-4,CC(C)=O,7,25,https://doi.org/10.1021/acs.est.4c11950,alkane,Aliphatic hydrocarbons,InChI=1S/C3H6O/c1-3(2)4/h1-2H3,CSCPPACGZOOCGX-UHFFFAOYSA-N
2222,acetone,7.9,96124-92-4,CC(C)=O,1.5,3,https://doi.org/10.1021/acs.est.4c11950,alkane,Aliphatic hydrocarbons,InChI=1S/C3H6O/c1-3(2)4/h1-2H3,CSCPPACGZOOCGX-UHFFFAOYSA-N
2223,acetone,8.34,96124-92-4,CC(C)=O,7,35,https://doi.org/10.1021/acs.est.4c11950,alkane,Aliphatic hydrocarbons,InChI=1S/C3H6O/c1-3(2)4/h1-2H3,CSCPPACGZOOCGX-UHFFFAOYSA-N
2224,acetone,8.43,96124-92-4,CC(C)=O,7,45,https://doi.org/10.1021/acs.est.4c11950,alkane,Aliphatic hydrocarbons,InChI=1S/C3H6O/c1-3(2)4/h1-2H3,CSCPPACGZOOCGX-UHFFFAOYSA-N
2225,acetone,8.23,96124-92-4,CC(C)=O,1.5,50,https://doi.org/10.1021/acs.est.4c11950,alkane,Aliphatic hydrocarbons,InChI=1S/C3H6O/c1-3(2)4/h1-2H3,CSCPPACGZOOCGX-UHFFFAOYSA-N
2226,acetone,8.11,96124-92-4,CC(C)=O,1.5,44,https://doi.org/10.1021/acs.est.4c11950,alkane,Aliphatic hydrocarbons,InChI=1S/C3H6O/c1-3(2)4/h1-2H3,CSCPPACGZOOCGX-UHFFFAOYSA-N
2227,acetone,8.08,96124-92-4,CC(C)=O,7,15,https://doi.org/10.1021/acs.est.4c11950,alkane,Aliphatic hydrocarbons,InChI=1S/C3H6O/c1-3(2)4/h1-2H3,CSCPPACGZOOCGX-UHFFFAOYSA-N
2228,acetone,8.11,96124-92-4,CC(C)=O,1.5,28,https://doi.org/10.1021/acs.est.4c11950,alkane,Aliphatic hydrocarbons,InChI=1S/C3H6O/c1-3(2)4/h1-2H3,CSCPPACGZOOCGX-UHFFFAOYSA-N
2229,acetone,8.11,96124-92-4,CC(C)=O,6,25,https://doi.org/10.1021/acs.est.4c11950,alkane,Aliphatic hydrocarbons,InChI=1S/C3H6O/c1-3(2)4/h1-2H3,CSCPPACGZOOCGX-UHFFFAOYSA-N
2230,acetone,8.04,96124-92-4,CC(C)=O,1.5,25,https://doi.org/10.1021/acs.est.4c11950,alkane,Aliphatic hydrocarbons,InChI=1S/C3H6O/c1-3(2)4/h1-2H3,CSCPPACGZOOCGX-UHFFFAOYSA-N
2231,acetone,8.041392685,67-64-1,CC(=O)C,,,https://doi.org/10.1021/acsestengg.5c00186,alkane,Aliphatic hydrocarbons,InChI=1S/C3H6O/c1-3(2)4/h1-2H3,CSCPPACGZOOCGX-UHFFFAOYSA-N
2232,acetone,8.11,96124-92-4,CC(C)=O,7,10,https://doi.org/10.1021/acs.est.4c11950,alkane,Aliphatic hydrocarbons,InChI=1S/C3H6O/c1-3(2)4/h1-2H3,CSCPPACGZOOCGX-UHFFFAOYSA-N
2233,acetone-D6,7.4,92350-12-4,[2H]C([2H])([2H])C(=O)C([2H])([2H])[2H],1,25,NIST,halogenated,Halogenated organics,"InChI=1S/C3H6O/c1-3(2)4/h1-2H3/i1D3,2D3",CSCPPACGZOOCGX-WFGJKAKNSA-N
2234,acetonitrile,7.342422681,75-05-8,CC#N,,,https://doi.org/10.1021/acsestengg.5c00274,alkane,Aliphatic hydrocarbons,InChI=1S/C2H3N/c1-2-3/h1H3,WEVYAHXRMPXWCK-UHFFFAOYSA-N
2235,acetonitrile,7.34,1722-25-4,CC#N,3.5,25,https://doi.org/10.1021/acs.est.4c11950,alkane,Aliphatic hydrocarbons,InChI=1S/C2H3N/c1-2-3/h1H3,WEVYAHXRMPXWCK-UHFFFAOYSA-N
2236,acetonyl acetone,8.880813592,110-13-4,CC(=O)CCC(=O)C,,,https://doi.org/10.1021/acsestengg.5c00191,alkane,Aliphatic hydrocarbons,"InChI=1S/C6H10O2/c1-5(7)3-4-6(2)8/h3-4H2,1-2H3",OJVAMHKKJGICOG-UHFFFAOYSA-N
2237,acetonyl acetone,8.88,5911-99-9,CC(=O)CCC(C)=O,7,25,https://doi.org/10.1021/acs.est.4c11950,alkane,Aliphatic hydrocarbons,"InChI=1S/C6H10O2/c1-5(7)3-4-6(2)8/h3-4H2,1-2H3",OJVAMHKKJGICOG-UHFFFAOYSA-N
2238,acetophenone,9.81,19547-00-3,CC(=O)c1ccccc1,7,25,https://doi.org/10.1021/acs.est.4c11950,benzene,Aromatic & PAHs,"InChI=1S/C8H8O/c1-7(9)8-5-3-2-4-6-8/h2-6H,1H3",KWOLFJPFCHCOCG-UHFFFAOYSA-N
2239,acetophenone,9.806179974,98-86-2,CC(=O)C1=CC=CC=C1,,,https://doi.org/10.1021/acsestengg.5c00388,cyclo,Aromatic & PAHs,"InChI=1S/C8H8O/c1-7(9)8-5-3-2-4-6-8/h2-6H,1H3",KWOLFJPFCHCOCG-UHFFFAOYSA-N
2240,acetylcholine,8.3,93449-31-1,CC(=O)OCC[N+](C)(C)C,7,25,https://doi.org/10.1021/acs.est.4c11950,alcohol,Oxygenated organics,"InChI=1S/C7H16NO2/c1-7(9)10-6-5-8(2,3)4/h5-6H2,1-4H3/q+1",OIPILFWXSMYKGL-UHFFFAOYSA-N
2241,acetylene,9.65,164078-76-6,C#C,7,25,https://doi.org/10.1021/acs.est.4c11950,halogenated,Halogenated organics,InChI=1S/C2H2/c1-2/h1-2H,HSFWRNGVRCDJHI-UHFFFAOYSA-N
2242,acetylenedicarboxylate ion,9.41,1357011-47-2,O=C([O-])C#CC(=O)[O-],3.5,25,NIST,halogenated,Halogenated organics,"InChI=1S/C4H2O4/c5-3(6)1-2-4(7)8/h(H,5,6)(H,7,8)/p-2",YTIVTFGABIZHHX-UHFFFAOYSA-L
2243,acid blue 40 monoanion,10.08,78170-36-2,CC(=O)Nc1ccc(Nc2cc(S(=O)(=O)[O-])c(N)c3c2C(=O)c2ccccc2C3=O)cc1.[Na+],7,25,NIST,benzene,Aromatic & PAHs,"InChI=1S/C22H17N3O6S.Na/c1-11(26)24-12-6-8-13(9-7-12)25-16-10-17(32(29,30)31)20(23)19-18(16)21(27)14-4-2-3-5-15(14)22(19)28;/h2-10,25H,23H2,1H3,(H,24,26)(H,29,30,31);/q;+1/p-1",NTOOJLUHUFUGQI-UHFFFAOYSA-M
2244,acid blue 40 monoanion,10.1,78170-36-2,CC(=O)Nc1ccc(Nc2cc(S(=O)(=O)[O-])c(N)c3c2C(=O)c2ccccc2C3=O)cc1.[Na+],6.3,25,NIST,benzene,Aromatic & PAHs,"InChI=1S/C22H17N3O6S.Na/c1-11(26)24-12-6-8-13(9-7-12)25-16-10-17(32(29,30)31)20(23)19-18(16)21(27)14-4-2-3-5-15(14)22(19)28;/h2-10,25H,23H2,1H3,(H,24,26)(H,29,30,31);/q;+1/p-1",NTOOJLUHUFUGQI-UHFFFAOYSA-M
2245,acid red 1,9.59,12234-99-0,CC(=O)Nc1cc(S(=O)(=O)[O-])cc2cc(S(=O)(=O)[O-])c(/N=N/c3ccccc3)c(O)c12,7,25,https://doi.org/10.1021/acs.est.4c11950,cyclo,Aromatic & PAHs,"InChI=1S/C18H15N3O8S2/c1-10(22)19-14-9-13(30(24,25)26)7-11-8-15(31(27,28)29)17(18(23)16(11)14)21-20-12-5-3-2-4-6-12/h2-9,23H,1H3,(H,19,22)(H,24,25,26)(H,27,28,29)/p-2/b21-20+",RSNSKUBBVCGSND-QZQOTICOSA-L
2246,acid red 1,9.591064607,12234-99-0,CC(=O)Nc1cc(S(=O)(=O)[O-])cc2cc(S(=O)(=O)[O-])c(/N=N/c3ccccc3)c(O)c12,,,https://doi.org/10.1021/acs.est.1c05253,cyclo,Aromatic & PAHs,"InChI=1S/C18H15N3O8S2/c1-10(22)19-14-9-13(30(24,25)26)7-11-8-15(31(27,28)29)17(18(23)16(11)14)21-20-12-5-3-2-4-6-12/h2-9,23H,1H3,(H,19,22)(H,24,25,26)(H,27,28,29)/p-2/b21-20+",RSNSKUBBVCGSND-QZQOTICOSA-L
2247,acid red 265 dianion,10.23,71750-69-1,Cc1ccc(S(=O)(=O)Nc2cc(S(=O)(=O)[O-])cc3cc(S(=O)(=O)[O-])c(N=Nc4ccccc4C)c(O)c23)cc1.[Na+].[Na+],6.4,25,NIST,cyclo,Aromatic & PAHs,"InChI=1S/C24H21N3O9S3.2Na/c1-14-7-9-17(10-8-14)37(29,30)27-20-13-18(38(31,32)33)11-16-12-21(39(34,35)36)23(24(28)22(16)20)26-25-19-6-4-3-5-15(19)2;;/h3-13,27-28H,1-2H3,(H,31,32,33)(H,34,35,36);;/q;2*+1/p-2",GCUHLYDQBADSHR-UHFFFAOYSA-L
2248,acridine orange,9.95,494-38-2,CN(C)c1ccc2nc3cccc(N(C)C)c3cc2c1.[Cl-].[H+],7,25,NIST,cyclo,Aromatic & PAHs,"InChI=1S/C17H19N3.ClH/c1-19(2)13-8-9-15-12(10-13)11-14-16(18-15)6-5-7-17(14)20(3)4;/h5-11H,1-4H3;1H",ASKSWIKIIFUEOI-UHFFFAOYSA-N
2249,acriflavine cation,10.08,8063-24-9,C[n+]1c2cc(N)ccc2cc2ccc(N)cc21.[Cl-],7,25,NIST,benzene,Aromatic & PAHs,"InChI=1S/C14H13N3.ClH/c1-17-13-7-11(15)4-2-9(13)6-10-3-5-12(16)8-14(10)17;/h2-8H,1H3,(H3,15,16);1H",KKAJSJJFBSOMGS-UHFFFAOYSA-N
2250,acrilonitrile,9.72,,C=CC#N,7,25,https://doi.org/10.1021/acs.est.4c11950,halogenated,Halogenated organics,"InChI=1S/C3H3N/c1-2-3-4/h2H,1H2",NLHHRLWOUZZQLW-UHFFFAOYSA-N
2251,acrilonitrile,9.45,,C=CC#N,10.9,25,https://doi.org/10.1021/acs.est.4c11950,halogenated,Halogenated organics,"InChI=1S/C3H3N/c1-2-3-4/h2H,1H2",NLHHRLWOUZZQLW-UHFFFAOYSA-N
2252,acrolein,9.84509804,107-02-8,C=CC=O,,,https://doi.org/10.1021/acsestengg.5c00362,halogenated,Halogenated organics,"InChI=1S/C3H4O/c1-2-3-4/h2-3H,1H2",HGINCPLSRVDWNT-UHFFFAOYSA-N
2253,acrolein,9.85,1325559-16-7,C=CC=O,7,25,https://doi.org/10.1021/acs.est.4c11950,halogenated,Halogenated organics,"InChI=1S/C3H4O/c1-2-3-4/h2-3H,1H2",HGINCPLSRVDWNT-UHFFFAOYSA-N
2254,acrylamide,9.770852012,2319788-93-5,C=CC(N)=O,,,https://doi.org/10.1021/acs.est.1c04604,halogenated,Halogenated organics,"InChI=1S/C3H5NO/c1-2-3(4)5/h2H,1H2,(H2,4,5)",HRPVXLWXLXDGHG-UHFFFAOYSA-N
2255,acrylamide,9.770852012,79-06-1,C=CC(=O)N,,,https://doi.org/10.1021/acsestengg.5c00358,halogenated,Halogenated organics,"InChI=1S/C3H5NO/c1-2-3(4)5/h2H,1H2,(H2,4,5)",HRPVXLWXLXDGHG-UHFFFAOYSA-N
2256,acrylamide,9.76,2319788-93-5,NC(=O)C=C,7,25,https://doi.org/10.1021/acs.est.4c11950,halogenated,Halogenated organics,"InChI=1S/C3H5NO/c1-2-3(4)5/h2H,1H2,(H2,4,5)",HRPVXLWXLXDGHG-UHFFFAOYSA-N
2257,acrylamide,9.82,2319788-93-5,NC(=O)C=C,12,25,NIST,halogenated,Halogenated organics,"InChI=1S/C3H5NO/c1-2-3(4)5/h2H,1H2,(H2,4,5)",HRPVXLWXLXDGHG-UHFFFAOYSA-N
2258,acrylate ion,9.75,10344-93-1,C=CC(=O)[O-],7,25,NIST,halogenated,Halogenated organics,"InChI=1S/C3H4O2/c1-2-3(4)5/h2H,1H2,(H,4,5)/p-1",NIXOWILDQLNWCW-UHFFFAOYSA-M
2259,acrylic acid,9.18,25119-83-9,OC(=O)C=C,1,25,https://doi.org/10.1021/acs.est.4c11950,alcohol,Oxygenated organics,"InChI=1S/C3H4O2/c1-2-3(4)5/h2H,1H2,(H,4,5)",NIXOWILDQLNWCW-UHFFFAOYSA-N
2260,acrylic acid,9.176091259,79-10-7,C=CC(=O)O,,,https://doi.org/10.1021/acsestengg.5c00364,halogenated,Halogenated organics,"InChI=1S/C3H4O2/c1-2-3(4)5/h2H,1H2,(H,4,5)",NIXOWILDQLNWCW-UHFFFAOYSA-N
2261,acrylic acid,8.34,25119-83-9,OC(=O)C=C,9.6,25,NIST,alcohol,Oxygenated organics,"InChI=1S/C3H4O2/c1-2-3(4)5/h2H,1H2,(H,4,5)",NIXOWILDQLNWCW-UHFFFAOYSA-N
2262,acrylic acid,9.176091259,25119-83-9,C=CC(=O)O,,,https://doi.org/10.1021/acs.est.1c05278,halogenated,Halogenated organics,"InChI=1S/C3H4O2/c1-2-3(4)5/h2H,1H2,(H,4,5)",NIXOWILDQLNWCW-UHFFFAOYSA-N
2263,acrylonitrile,9.72427587,107-13-1,C=CC#N,,,https://doi.org/10.1021/acsestengg.5c00376,halogenated,Halogenated organics,"InChI=1S/C3H3N/c1-2-3-4/h2H,1H2",NLHHRLWOUZZQLW-UHFFFAOYSA-N
2264,adenine,9.76,79364-53-7,Nc1ncnc2nc[nH]c12,5.7,25,https://doi.org/10.1021/acs.est.4c11950,cyclo,Aromatic & PAHs,"InChI=1S/C5H5N5/c6-4-3-5(9-1-7-3)10-2-8-4/h1-2H,(H3,6,7,8,9,10)",GFFGJBXGBJISGV-UHFFFAOYSA-N
2265,adenine,9.8,79364-53-7,Nc1ncnc2nc[nH]c12,5.3,25,https://doi.org/10.1021/acs.est.4c11950,cyclo,Aromatic & PAHs,"InChI=1S/C5H5N5/c6-4-3-5(9-1-7-3)10-2-8-4/h1-2H,(H3,6,7,8,9,10)",GFFGJBXGBJISGV-UHFFFAOYSA-N
2266,adenine,8.94,79364-53-7,Nc1ncnc2nc[nH]c12,2,25,NIST,cyclo,Aromatic & PAHs,"InChI=1S/C5H5N5/c6-4-3-5(9-1-7-3)10-2-8-4/h1-2H,(H3,6,7,8,9,10)",GFFGJBXGBJISGV-UHFFFAOYSA-N
2267,adenine,9.71,79364-53-7,Nc1ncnc2nc[nH]c12,7.4,25,https://doi.org/10.1021/acs.est.4c11950,cyclo,Aromatic & PAHs,"InChI=1S/C5H5N5/c6-4-3-5(9-1-7-3)10-2-8-4/h1-2H,(H3,6,7,8,9,10)",GFFGJBXGBJISGV-UHFFFAOYSA-N
2268,adenosine,9.76,66592-84-5,Nc1ncnc2c1ncn2C1OC(CO)C(O)C1O,7,25,NIST,alcohol,Oxygenated organics,"InChI=1S/C10H13N5O4/c11-8-5-9(13-2-12-8)15(3-14-5)10-7(18)6(17)4(1-16)19-10/h2-4,6-7,10,16-18H,1H2,(H2,11,12,13)",OIRDTQYFTABQOQ-UHFFFAOYSA-N
2269,adenosine,9.62,66592-84-5,Nc1ncnc2c1ncn2C1OC(CO)C(O)C1O,7.4,25,NIST,alcohol,Oxygenated organics,"InChI=1S/C10H13N5O4/c11-8-5-9(13-2-12-8)15(3-14-5)10-7(18)6(17)4(1-16)19-10/h2-4,6-7,10,16-18H,1H2,(H2,11,12,13)",OIRDTQYFTABQOQ-UHFFFAOYSA-N
2270,adenosine,9.72,66592-84-5,Nc1ncnc2c1ncn2C1OC(CO)C(O)C1O,5.5,25,NIST,alcohol,Oxygenated organics,"InChI=1S/C10H13N5O4/c11-8-5-9(13-2-12-8)15(3-14-5)10-7(18)6(17)4(1-16)19-10/h2-4,6-7,10,16-18H,1H2,(H2,11,12,13)",OIRDTQYFTABQOQ-UHFFFAOYSA-N
2271,adenosine,9.8,66592-84-5,Nc1ncnc2c1ncn2C1OC(CO)C(O)C1O,5.3,25,NIST,alcohol,Oxygenated organics,"InChI=1S/C10H13N5O4/c11-8-5-9(13-2-12-8)15(3-14-5)10-7(18)6(17)4(1-16)19-10/h2-4,6-7,10,16-18H,1H2,(H2,11,12,13)",OIRDTQYFTABQOQ-UHFFFAOYSA-N
2272,adenosine,9.28,66592-84-5,Nc1ncnc2c1ncn2C1OC(CO)C(O)C1O,2,25,NIST,alcohol,Oxygenated organics,"InChI=1S/C10H13N5O4/c11-8-5-9(13-2-12-8)15(3-14-5)10-7(18)6(17)4(1-16)19-10/h2-4,6-7,10,16-18H,1H2,(H2,11,12,13)",OIRDTQYFTABQOQ-UHFFFAOYSA-N
2273,adenosine 3'-monophosphate,9.88,60-92-4,Nc1ncnc2c1ncn2[C@@H]1O[C@H](CO)[C@@H](OP(=O)(O)O)[C@H]1O,7,25,NIST,diol,Polyfunctional / highly functionalized,"InChI=1S/C10H14N5O7P/c11-8-5-9(13-2-12-8)15(3-14-5)10-6(17)7(4(1-16)21-10)22-23(18,19)20/h2-4,6-7,10,16-17H,1H2,(H2,11,12,13)(H2,18,19,20)/t4-,6-,7-,10-/m1/s1",LNQVTSROQXJCDD-KQYNXXCUSA-N
2274,adenosine 5'-diphosphoribose,9.62,53595-18-9,Nc1ncnc2c1ncn2[C@@H]1O[C@H](COP(=O)(O)OP(=O)(O)OC[C@@H](O)[C@@H](O)[C@@H](O)C=O)[C@@H](O)[C@H]1O,7,25,NIST,diol,Polyfunctional / highly functionalized,"InChI=1S/C15H23N5O14P2/c16-13-9-14(18-4-17-13)20(5-19-9)15-12(26)11(25)8(33-15)3-32-36(29,30)34-35(27,28)31-2-7(23)10(24)6(22)1-21/h1,4-8,10-12,15,22-26H,2-3H2,(H,27,28)(H,29,30)(H2,16,17,18)/t6-,7+,8+,10-,11+,12+,15+/m0/s1",PWJFNRJRHXWEPT-AOOZFPJJSA-N
2275,adenosine diphosphate,9.91,178603-74-2,Nc1ncnc2c1ncn2C1OC(COP(=O)(O)OP(=O)(O)O)C(O)C1O,7,25,NIST,diol,Polyfunctional / highly functionalized,"InChI=1S/C10H15N5O10P2/c11-8-5-9(13-2-12-8)15(3-14-5)10-7(17)6(16)4(24-10)1-23-27(21,22)25-26(18,19)20/h2-4,6-7,10,16-17H,1H2,(H,21,22)(H2,11,12,13)(H2,18,19,20)",XTWYTFMLZFPYCI-UHFFFAOYSA-N
2276,adenosine monophosphate,9.67,60-92-4,Nc1ncnc2c1ncn2C1OC(COP(=O)(O)O)C(O)C1O,6.9,25,NIST,diol,Polyfunctional / highly functionalized,"InChI=1S/C10H14N5O7P/c11-8-5-9(13-2-12-8)15(3-14-5)10-7(17)6(16)4(22-10)1-21-23(18,19)20/h2-4,6-7,10,16-17H,1H2,(H2,11,12,13)(H2,18,19,20)",UDMBCSSLTHHNCD-UHFFFAOYSA-N
2277,adenosine monophosphate,9.67,60-92-4,Nc1ncnc2c1ncn2C1OC(COP(=O)(O)O)C(O)C1O,7,25,NIST,diol,Polyfunctional / highly functionalized,"InChI=1S/C10H14N5O7P/c11-8-5-9(13-2-12-8)15(3-14-5)10-7(17)6(16)4(22-10)1-21-23(18,19)20/h2-4,6-7,10,16-17H,1H2,(H2,11,12,13)(H2,18,19,20)",UDMBCSSLTHHNCD-UHFFFAOYSA-N
2278,adenosine monophosphate,9.48,60-92-4,Nc1ncnc2c1ncn2C1OC(COP(=O)(O)O)C(O)C1O,5.3,25,NIST,diol,Polyfunctional / highly functionalized,"InChI=1S/C10H14N5O7P/c11-8-5-9(13-2-12-8)15(3-14-5)10-7(17)6(16)4(22-10)1-21-23(18,19)20/h2-4,6-7,10,16-17H,1H2,(H2,11,12,13)(H2,18,19,20)",UDMBCSSLTHHNCD-UHFFFAOYSA-N
2279,adenosine triphosphate,9.95,55487-19-9,Nc1ncnc2c1ncn2C1OC(COP(=O)(O)OP(=O)(O)OP(=O)(O)O)C(O)C1O,7,25,NIST,diol,Polyfunctional / highly functionalized,"InChI=1S/C10H16N5O13P3/c11-8-5-9(13-2-12-8)15(3-14-5)10-7(17)6(16)4(26-10)1-25-30(21,22)28-31(23,24)27-29(18,19)20/h2-4,6-7,10,16-17H,1H2,(H,21,22)(H,23,24)(H2,11,12,13)(H2,18,19,20)",ZKHQWZAMYRWXGA-UHFFFAOYSA-N
2280,adipic acid,9.3,26776-26-1,OC(=O)CCCCC(O)=O,2,25,https://doi.org/10.1021/acs.est.4c11950,alcohol,Oxygenated organics,"InChI=1S/C6H10O4/c7-5(8)3-1-2-4-6(9)10/h1-4H2,(H,7,8)(H,9,10)",WNLRTRBMVRJNCN-UHFFFAOYSA-N
2281,adipic acid,9.301029996,124-04-9,C(CCC(=O)O)CC(=O)O,,,https://doi.org/10.1021/acsestengg.5c00219,halogenated,Halogenated organics,"InChI=1S/C6H10O4/c7-5(8)3-1-2-4-6(9)10/h1-4H2,(H,7,8)(H,9,10)",WNLRTRBMVRJNCN-UHFFFAOYSA-N
2282,adipic acid,9.301029996,26776-26-1,O=C(O)CCCCC(=O)O,,,https://doi.org/10.1021/acs.est.1c04461,halogenated,Halogenated organics,"InChI=1S/C6H10O4/c7-5(8)3-1-2-4-6(9)10/h1-4H2,(H,7,8)(H,9,10)",WNLRTRBMVRJNCN-UHFFFAOYSA-N
2283,adrenaline,10.2,29705-82-6,CNCC(O)c1ccc(O)c(O)c1,1,25,NIST,benzene,Aromatic & PAHs,"InChI=1S/C9H13NO3/c1-10-5-9(13)6-2-3-7(11)8(12)4-6/h2-4,9-13H,5H2,1H3",UCTWMZQNUQWSLP-UHFFFAOYSA-N
2284,adrenaline,10.34,29705-82-6,CNCC(O)c1ccc(O)c(O)c1,9.2,25,NIST,benzene,Aromatic & PAHs,"InChI=1S/C9H13NO3/c1-10-5-9(13)6-2-3-7(11)8(12)4-6/h2-4,9-13H,5H2,1H3",UCTWMZQNUQWSLP-UHFFFAOYSA-N
2285,adrenalone,10.26,80098-06-2,CNCC(=O)c1ccc(O)c(O)c1,7.5,25,NIST,benzene,Aromatic & PAHs,"InChI=1S/C9H11NO3/c1-10-5-9(13)6-2-3-7(11)8(12)4-6/h2-4,10-12H,5H2,1H3",PZMVOUYYNKPMSI-UHFFFAOYSA-N
2286,alanine,8.88,25191-17-7,CC(N)C(=O)O,9.8,25,NIST,alkane,Aliphatic hydrocarbons,"InChI=1S/C3H7NO2/c1-2(4)3(5)6/h2H,4H2,1H3,(H,5,6)",QNAYBMKLOCPYGJ-UHFFFAOYSA-N
2287,alanine,7.72,25191-17-7,CC(N)C(=O)O,1,25,NIST,alkane,Aliphatic hydrocarbons,"InChI=1S/C3H7NO2/c1-2(4)3(5)6/h2H,4H2,1H3,(H,5,6)",QNAYBMKLOCPYGJ-UHFFFAOYSA-N
2288,alanine,7.72,25191-17-7,CC(N)C(=O)O,6,25,NIST,alkane,Aliphatic hydrocarbons,"InChI=1S/C3H7NO2/c1-2(4)3(5)6/h2H,4H2,1H3,(H,5,6)",QNAYBMKLOCPYGJ-UHFFFAOYSA-N
2289,alanine,7.89,25191-17-7,CC(N)C(=O)O,5.8,25,NIST,alkane,Aliphatic hydrocarbons,"InChI=1S/C3H7NO2/c1-2(4)3(5)6/h2H,4H2,1H3,(H,5,6)",QNAYBMKLOCPYGJ-UHFFFAOYSA-N
2290,alanine,7.75,25191-17-7,CC(N)C(=O)O,2,25,NIST,alkane,Aliphatic hydrocarbons,"InChI=1S/C3H7NO2/c1-2(4)3(5)6/h2H,4H2,1H3,(H,5,6)",QNAYBMKLOCPYGJ-UHFFFAOYSA-N
2291,alanine,8.22,25191-17-7,CC(N)C(=O)O,7.4,25,NIST,alkane,Aliphatic hydrocarbons,"InChI=1S/C3H7NO2/c1-2(4)3(5)6/h2H,4H2,1H3,(H,5,6)",QNAYBMKLOCPYGJ-UHFFFAOYSA-N
2292,alanine anhydride,9.08,220190-44-3,C[C@H](N)C(=O)OC(=O)[C@H](C)N,7,25,https://doi.org/10.1021/acs.est.4c11950,alcohol,Oxygenated organics,"InChI=1S/C6H12N2O3/c1-3(7)5(9)11-6(10)4(2)8/h3-4H,7-8H2,1-2H3/t3-,4-/m0/s1",NHJBLCGVMVJTBN-IMJSIDKUSA-N
2293,alanine anhydride,9.26,220190-44-3,C[C@@H]1NC(=O)[C@@H](C)NC1=O,5,25,NIST,halogenated,Halogenated organics,"InChI=1S/C6H10N2O2/c1-3-5(9)8-4(2)6(10)7-3/h3-4H,1-2H3,(H,7,10)(H,8,9)/t3-,4+",WWISPHBAYBECQZ-ZXZARUISSA-N
2294,alanine anhydride,9.08,220190-44-3,C[C@@H]1NC(=O)[C@@H](C)NC1=O,5.6,25,NIST,halogenated,Halogenated organics,"InChI=1S/C6H10N2O2/c1-3-5(9)8-4(2)6(10)7-3/h3-4H,1-2H3,(H,7,10)(H,8,9)/t3-,4+",WWISPHBAYBECQZ-ZXZARUISSA-N
2295,alanylglycine,8.28,827613-14-9,CC(N)C(=O)NCC(=O)O,2,25,NIST,alkane,Aliphatic hydrocarbons,"InChI=1S/C5H10N2O3/c1-3(6)5(10)7-2-4(8)9/h3H,2,6H2,1H3,(H,7,10)(H,8,9)",CXISPYVYMQWFLE-UHFFFAOYSA-N
2296,alanylglycine,8.59,827613-14-9,CC(N)C(=O)NCC(=O)O,7.1,25,NIST,alkane,Aliphatic hydrocarbons,"InChI=1S/C5H10N2O3/c1-3(6)5(10)7-2-4(8)9/h3H,2,6H2,1H3,(H,7,10)(H,8,9)",CXISPYVYMQWFLE-UHFFFAOYSA-N
2297,albumin (serum),10.89,9048-49-1,CC(C)CN(C[C@@H](O)[C@H](Cc1ccccc1)NC(=O)O[C@H]1CO[C@H]2OCC[C@@H]12)S(=O)(=O)c1ccc(N)cc1,7,25,NIST,diol,Polyfunctional / highly functionalized,"InChI=1S/C27H37N3O7S/c1-18(2)15-30(38(33,34)21-10-8-20(28)9-11-21)16-24(31)23(14-19-6-4-3-5-7-19)29-27(32)37-25-17-36-26-22(25)12-13-35-26/h3-11,18,22-26,31H,12-17,28H2,1-2H3,(H,29,32)/t22-,23-,24+,25-,26+/m0/s1",CJBJHOAVZSMMDJ-HEXNFIEUSA-N
2298,alcohol dehydrogenase,11.26,37250-27-4,CCC(=O)Nc1cccc(C(=O)Nc2cccc(OC)c2)c1,7,25,NIST,benzene,Aromatic & PAHs,"InChI=1S/C17H18N2O3/c1-3-16(20)18-13-7-4-6-12(10-13)17(21)19-14-8-5-9-15(11-14)22-2/h4-11H,3H2,1-2H3,(H,18,20)(H,19,21)",UKARIZJOAVIRAX-UHFFFAOYSA-N
2299,aldicarb,9.91,1261170-76-6,CNC(=O)O/N=C/C(C)(C)SC,3.5,25,NIST,"sulfide, disulfide",Sulfur-containing organics,"InChI=1S/C7H14N2O2S/c1-7(2,12-4)5-9-11-6(10)8-3/h5H,1-4H3,(H,8,10)/b9-5+",QGLZXHRNAYXIBU-WEVVVXLNSA-N
2300,allopurinol,8.85,473835-24-4,O=C1N=CN=C2NNC=C12,7,25,https://doi.org/10.1021/acs.est.4c11950,cyclo,Aromatic & PAHs,"InChI=1S/C5H4N4O/c10-5-3-1-8-9-4(3)6-2-7-5/h1-2H,(H2,6,7,8,9,10)",OFCNXPDARWKPPY-UHFFFAOYSA-N
2301,allyl alcohol,9.770852012,25119-62-4,C=CCO,,,https://doi.org/10.1021/acs.est.1c05075,halogenated,Halogenated organics,"InChI=1S/C3H6O/c1-2-3-4/h2,4H,1,3H2",XXROGKLTLUQVRX-UHFFFAOYSA-N
2302,allyl alcohol,9.770852012,107-18-6,C=CCO,,,https://doi.org/10.1021/acsestengg.5c00352,halogenated,Halogenated organics,"InChI=1S/C3H6O/c1-2-3-4/h2,4H,1,3H2",XXROGKLTLUQVRX-UHFFFAOYSA-N
2303,allyl alcohol,9.77,25119-62-4,OCC=C,7,25,https://doi.org/10.1021/acs.est.4c11950,alcohol,Oxygenated organics,"InChI=1S/C3H6O/c1-2-3-4/h2,4H,1,3H2",XXROGKLTLUQVRX-UHFFFAOYSA-N
2304,allyl cyanide,9.838849091,109-75-1,C=CCC#N,,,https://doi.org/10.1021/acsestengg.5c00375,halogenated,Halogenated organics,"InChI=1S/C4H5N/c1-2-3-4-5/h2H,1,3H2",SJNALLRHIVGIBI-UHFFFAOYSA-N
2305,allyl cyanide,9.84,1188327-50-5,C=CCC#N,7,25,https://doi.org/10.1021/acs.est.4c11950,halogenated,Halogenated organics,"InChI=1S/C4H5N/c1-2-3-4-5/h2H,1,3H2",SJNALLRHIVGIBI-UHFFFAOYSA-N
2306,allylammonium ion,9.93,102520-41-2,C=CC[NH3+],4,25,NIST,halogenated,Halogenated organics,"InChI=1S/C3H7N/c1-2-3-4/h2H,1,3-4H2/p+1",VVJKKWFAADXIJK-UHFFFAOYSA-O
2307,ametryne,10.41,39324-65-7,CCNc1nc(NC(C)C)nc(SC)n1,7.5,22,https://doi.org/10.1021/acs.est.4c11950,alkane,Aliphatic hydrocarbons,"InChI=1S/C9H17N5S/c1-5-10-7-12-8(11-6(2)3)14-9(13-7)15-4/h6H,5H2,1-4H3,(H2,10,11,12,13,14)",RQVYBGPQFYCBGX-UHFFFAOYSA-N
2308,ametryne,10.41497335,834-12-8,CCNC1=NC(=NC(=N1)SC)NC(C)C,,,https://doi.org/10.1021/acsestengg.5c00528,"sulfide, disulfide",Sulfur-containing organics,"InChI=1S/C9H17N5S/c1-5-10-7-12-8(11-6(2)3)14-9(13-7)15-4/h6H,5H2,1-4H3,(H2,10,11,12,13,14)",RQVYBGPQFYCBGX-UHFFFAOYSA-N
2309,amikacin,9.86,40371-54-8,NCC[C@H](O)C(=O)N[C@@H]1C[C@H](N)[C@@H](O[C@H]2O[C@H](CN)[C@@H](O)[C@H](O)[C@H]2O)[C@H](O)[C@H]1O[C@H]1O[C@H](CO)[C@@H](O)[C@H](N)[C@H]1O,7,25,https://doi.org/10.1021/acs.est.4c11950,diol,Polyfunctional / highly functionalized,"InChI=1S/C22H43N5O13/c23-2-1-8(29)20(36)27-7-3-6(25)18(39-22-16(34)15(33)13(31)9(4-24)37-22)17(35)19(7)40-21-14(32)11(26)12(30)10(5-28)38-21/h6-19,21-22,28-35H,1-5,23-26H2,(H,27,36)/t6-,7+,8-,9+,10+,11-,12+,13+,14+,15-,16+,17-,18+,19-,21+,22+/m0/s1",LKCWBDHBTVXHDL-RMDFUYIESA-N
2310,aminopyrine,10.4,9037-69-8,Cc1c(N(C)C)c(=O)n(-c2ccccc2)n1C,7,25,NIST,alkane,Aliphatic hydrocarbons,"InChI=1S/C13H17N3O/c1-10-12(14(2)3)13(17)16(15(10)4)11-8-6-5-7-9-11/h5-9H,1-4H3",RMMXTBMQSGEXHJ-UHFFFAOYSA-N
2311,amodiaquine,9.78,1261394-79-9,CCN(CC)Cc1cc(Nc2ccnc3cc(Cl)ccc23)ccc1O,6.8,25,NIST,cyclo,Aromatic & PAHs,"InChI=1S/C20H22ClN3O/c1-3-24(4-2)13-14-11-16(6-8-20(14)25)23-18-9-10-22-19-12-15(21)5-7-17(18)19/h5-12,25H,3-4,13H2,1-2H3,(H,22,23)",OVCDSSHSILBFBN-UHFFFAOYSA-N
2312,amoxicillin,9.84,2088960-43-2,CC1(C)S[C@@H]2[C@H](NC(=O)[C@H](N)c3ccc(O)cc3)C(=O)N2[C@H]1C(=O)O,7,25,NIST,"sulfide, disulfide",Sulfur-containing organics,"InChI=1S/C16H19N3O5S/c1-16(2)11(15(23)24)19-13(22)10(14(19)25-16)18-12(21)9(17)7-3-5-8(20)6-4-7/h3-6,9-11,14,20H,17H2,1-2H3,(H,18,21)(H,23,24)/t9-,10-,11+,14-/m1/s1",LSQZJLSUYDQPKJ-NJBDSQKTSA-N
2313,ampicillin,9.91,16477-28-4,CC1(C)SC2C(NC(=O)C(N)c3ccccc3)C(=O)N2C1C(=O)O,7,25,10.1021/jp104509t,"sulfide, disulfide",Sulfur-containing organics,"InChI=1S/C16H19N3O4S/c1-16(2)11(15(22)23)19-13(21)10(14(19)24-16)18-12(20)9(17)8-6-4-3-5-7-8/h3-7,9-11,14H,17H2,1-2H3,(H,18,20)(H,22,23)",AVKUERGKIZMTKX-UHFFFAOYSA-N
2314,aniline,10.23044892,62-53-3,C1=CC=C(C=C1)N,,,https://doi.org/10.1021/acsestengg.5c00444,halogenated,Halogenated organics,"InChI=1S/C6H7N/c7-6-4-2-1-3-5-6/h1-5H,7H2",PAYRUJLWNCNPSJ-UHFFFAOYSA-N
2315,aniline,10.23,179938-55-7,Nc1ccccc1,7,25,https://doi.org/10.1021/acs.est.4c11950,benzene,Aromatic & PAHs,"InChI=1S/C6H7N/c7-6-4-2-1-3-5-6/h1-5H,7H2",PAYRUJLWNCNPSJ-UHFFFAOYSA-N
2316,"aniline-2,5-disulfonate ion",9.77,22713-47-9,Nc1cc(S(=O)(=O)[O-])ccc1S(=O)(=O)[O-].[Na+].[Na+],10.2,25,NIST,"sulfide, disulfide",Sulfur-containing organics,"InChI=1S/C6H7NO6S2.2Na/c7-5-3-4(14(8,9)10)1-2-6(5)15(11,12)13;;/h1-3H,7H2,(H,8,9,10)(H,11,12,13);;/q;2*+1/p-2",QYUDDCLXBAJUNA-UHFFFAOYSA-L
2317,anilinium,9.68,82395-88-8,[NH3+]c1ccccc1,4,25,NIST,benzene,Aromatic & PAHs,"InChI=1S/C6H7N/c7-6-4-2-1-3-5-6/h1-5H,7H2/p+1",PAYRUJLWNCNPSJ-UHFFFAOYSA-O
2318,anilinium,9.73,82395-88-8,[NH3+]c1ccccc1,7,25,NIST,benzene,Aromatic & PAHs,"InChI=1S/C6H7N/c7-6-4-2-1-3-5-6/h1-5H,7H2/p+1",PAYRUJLWNCNPSJ-UHFFFAOYSA-O
2319,anisol,9.73,22433-93-8,COc1ccccc1,6.5,25,https://doi.org/10.1021/acs.est.4c11950,alcohol,Oxygenated organics,"InChI=1S/C7H8O/c1-8-7-5-3-2-4-6-7/h2-6H,1H3",RDOXTESZEPMUJZ-UHFFFAOYSA-N
2320,anisol,9.73239376,100-66-3,COC1=CC=CC=C1,,,https://doi.org/10.1021/acsestengg.5c00400,alcohol,Oxygenated organics,"InChI=1S/C7H8O/c1-8-7-5-3-2-4-6-7/h2-6H,1H3",RDOXTESZEPMUJZ-UHFFFAOYSA-N
2321,anserine,9.62,1201658-81-2,Cn1cncc1C[C@H](NC(=O)CCN)C(=O)O,7.4,25,NIST,imidazole,Heterocycles,"InChI=1S/C10H16N4O3/c1-14-6-12-5-7(14)4-8(10(16)17)13-9(15)2-3-11/h5-6,8H,2-4,11H2,1H3,(H,13,15)(H,16,17)/t8-/m0/s1",MYYIAHXIVFADCU-QMMMGPOBSA-N
2322,antipyrine,10.08,342821-66-3,Cc1cc(=O)n(-c2ccccc2)n1C,7,25,NIST,alkane,Aliphatic hydrocarbons,"InChI=1S/C11H12N2O/c1-9-8-11(14)13(12(9)2)10-6-4-3-5-7-10/h3-8H,1-2H3",VEQOALNAAJBPNY-UHFFFAOYSA-N
2323,apigenin,9.15,50826-94-3,O=c1cc(-c2ccc(O)cc2)oc2cc(O)cc(O)c12,7,25,https://doi.org/10.1021/acs.est.4c11950,alcohol,Oxygenated organics,"InChI=1S/C15H10O5/c16-9-3-1-8(2-4-9)13-7-12(19)15-11(18)5-10(17)6-14(15)20-13/h1-7,16-18H",KZNIFHPLKGYRTM-UHFFFAOYSA-N
2324,arabinitol,9.26,336883-93-3,OC[C@@H](O)[C@@H](O)[C@H](O)CO,7,25,https://doi.org/10.1021/acs.est.4c11950,alcohol,Oxygenated organics,"InChI=1S/C5H12O5/c6-1-3(8)5(10)4(9)2-7/h3-10H,1-2H2/t3-,4-/m1/s1",HEBKCHPVOIAQTA-QWWZWVQMSA-N
2325,arabinose,9.26,80952-57-4,O=C[C@@H](O)[C@H](O)[C@H](O)CO,7,25,https://doi.org/10.1021/acs.est.4c11950,halogenated,Halogenated organics,"InChI=1S/C5H10O5/c6-1-3(8)5(10)4(9)2-7/h1,3-5,7-10H,2H2/t3-,4-,5+/m1/s1",PYMYPHUHKUWMLA-WDCZJNDASA-N
2326,arabinose,9.3,80952-57-4,OC1COC(O)C(O)C1O,7,25,NIST,diol,Polyfunctional / highly functionalized,"InChI=1S/C5H10O5/c6-2-1-10-5(9)4(8)3(2)7/h2-9H,1H2",SRBFZHDQGSBBOR-UHFFFAOYSA-N
2327,arginine,8.83,56626-25-6,NC(N)=NCCC[C@H](N)C(=O)O,2,25,NIST,halogenated,Halogenated organics,"InChI=1S/C6H14N4O2/c7-4(5(11)12)2-1-3-10-6(8)9/h4H,1-3,7H2,(H,11,12)(H4,8,9,10)/t4-/m0/s1",ODKSFYDXXFIFQN-BYPYZUCNSA-N
2328,arginine,9.54,56626-25-6,NC(N)=NCCC[C@H](N)C(=O)O,7,25,NIST,halogenated,Halogenated organics,"InChI=1S/C6H14N4O2/c7-4(5(11)12)2-1-3-10-6(8)9/h4H,1-3,7H2,(H,11,12)(H4,8,9,10)/t4-/m0/s1",ODKSFYDXXFIFQN-BYPYZUCNSA-N
2329,ascorbic acid,10.08,15042-01-0,O=C1O[C@H]([C@@H](O)CO)C(O)=C1O,1,25,NIST,diol,Polyfunctional / highly functionalized,"InChI=1S/C6H8O6/c7-1-2(8)5-3(9)4(10)6(11)12-5/h2,5,7-10H,1H2/t2-,5+/m0/s1",CIWBSHSKHKDKBQ-JLAZNSOCSA-N
2330,ascorbic acid,9.91,15042-01-0,O=C1O[C@H]([C@@H](O)CO)C(O)=C1O,1.5,25,NIST,diol,Polyfunctional / highly functionalized,"InChI=1S/C6H8O6/c7-1-2(8)5-3(9)4(10)6(11)12-5/h2,5,7-10H,1H2/t2-,5+/m0/s1",CIWBSHSKHKDKBQ-JLAZNSOCSA-N
2331,ascorbic acid,9.61,15042-01-0,O=C1O[C@H]([C@@H](O)CO)C(O)=C1O,11,25,NIST,diol,Polyfunctional / highly functionalized,"InChI=1S/C6H8O6/c7-1-2(8)5-3(9)4(10)6(11)12-5/h2,5,7-10H,1H2/t2-,5+/m0/s1",CIWBSHSKHKDKBQ-JLAZNSOCSA-N
2332,ascorbic acid,9.86,15042-01-0,O=C1O[C@H]([C@@H](O)CO)C(O)=C1O,7,25,NIST,diol,Polyfunctional / highly functionalized,"InChI=1S/C6H8O6/c7-1-2(8)5-3(9)4(10)6(11)12-5/h2,5,7-10H,1H2/t2-,5+/m0/s1",CIWBSHSKHKDKBQ-JLAZNSOCSA-N
2333,ascorbic acid,9.2,15042-01-0,O=C1O[C@H]([C@@H](O)CO)C(O)=C1O,7.4,25,NIST,diol,Polyfunctional / highly functionalized,"InChI=1S/C6H8O6/c7-1-2(8)5-3(9)4(10)6(11)12-5/h2,5,7-10H,1H2/t2-,5+/m0/s1",CIWBSHSKHKDKBQ-JLAZNSOCSA-N
2334,asparagine,7.69,37318-72-2,NC(=O)CC(N)C(=O)O,6.6,25,NIST,halogenated,Halogenated organics,"InChI=1S/C4H8N2O3/c5-2(4(8)9)1-3(6)7/h2H,1,5H2,(H2,6,7)(H,8,9)",DCXYFEDJOCDNAF-UHFFFAOYSA-N
2335,asparagine,7.58,37318-72-2,NC(=O)CC(N)C(=O)O,2,25,NIST,halogenated,Halogenated organics,"InChI=1S/C4H8N2O3/c5-2(4(8)9)1-3(6)7/h2H,1,5H2,(H2,6,7)(H,8,9)",DCXYFEDJOCDNAF-UHFFFAOYSA-N
2336,aspartame,9.72,2705891-19-4,COC(=O)C(Cc1ccccc1)NC(=O)C(N)CC(=O)O,7,25,https://doi.org/10.1021/acs.est.4c11950,alcohol,Oxygenated organics,"InChI=1S/C14H18N2O5/c1-21-14(20)11(7-9-5-3-2-4-6-9)16-13(19)10(15)8-12(17)18/h2-6,10-11H,7-8,15H2,1H3,(H,16,19)(H,17,18)",IAOZJIPTCAWIRG-UHFFFAOYSA-N
2337,aspartame,9.718501689,2705891-19-4,COC(=O)C(Cc1ccccc1)NC(=O)C(N)CC(=O)O,,,https://doi.org/10.1021/acs.est.1c04687,alcohol,Oxygenated organics,"InChI=1S/C14H18N2O5/c1-21-14(20)11(7-9-5-3-2-4-6-9)16-13(19)10(15)8-12(17)18/h2-6,10-11H,7-8,15H2,1H3,(H,16,19)(H,17,18)",IAOZJIPTCAWIRG-UHFFFAOYSA-N
2338,aspartate monoanion,7.59,69106-47-4,N[C@@H](CC(=O)O)C(=O)O,2,25,NIST,halogenated,Halogenated organics,"InChI=1S/C4H7NO4/c5-2(4(8)9)1-3(6)7/h2H,1,5H2,(H,6,7)(H,8,9)/t2-/m0/s1",CKLJMWTZIZZHCS-REOHCLBHSA-N
2339,aspartate monoanion,7.88,69106-47-4,N[C@@H](CC(=O)O)C(=O)O,7,25,NIST,halogenated,Halogenated organics,"InChI=1S/C4H7NO4/c5-2(4(8)9)1-3(6)7/h2H,1,5H2,(H,6,7)(H,8,9)/t2-/m0/s1",CKLJMWTZIZZHCS-REOHCLBHSA-N
2340,atenolol,9.85,1202864-50-3,CC(C)NCC(O)COc1ccc(CC(N)=O)cc1,7,25,https://doi.org/10.1021/acs.est.4c11950,alcohol,Oxygenated organics,"InChI=1S/C14H22N2O3/c1-10(2)16-8-12(17)9-19-13-5-3-11(4-6-13)7-14(15)18/h3-6,10,12,16-17H,7-9H2,1-2H3,(H2,15,18)",METKIMKYRPQLGS-UHFFFAOYSA-N
2341,atratone,9.52,1610-17-9,CCNc1nc(NC(C)C)nc(OC)n1,7.5,25,NIST,alkane,Aliphatic hydrocarbons,"InChI=1S/C9H17N5O/c1-5-10-7-12-8(11-6(2)3)14-9(13-7)15-4/h6H,5H2,1-4H3,(H2,10,11,12,13,14)",PXWUKZGIHQRDHL-UHFFFAOYSA-N
2342,atrazine,9.38,163165-75-1,CCNc1nc(Cl)nc(NC(C)C)n1,7,20,10.1021/es990724e,alkane,Aliphatic hydrocarbons,"InChI=1S/C8H14ClN5/c1-4-10-7-12-6(9)13-8(14-7)11-5(2)3/h5H,4H2,1-3H3,(H2,10,11,12,13,14)",MXWJVTOOROXGIU-UHFFFAOYSA-N
2343,atrazine,9.301029996,1912-24-9,CCNC1=NC(=NC(=N1)Cl)NC(C)C,,,https://doi.org/10.1021/acsestengg.5c00523,alkane,Aliphatic hydrocarbons,"InChI=1S/C8H14ClN5/c1-4-10-7-12-6(9)13-8(14-7)11-5(2)3/h5H,4H2,1-3H3,(H2,10,11,12,13,14)",MXWJVTOOROXGIU-UHFFFAOYSA-N
2344,atrazine,9.43,163165-75-1,CCNc1nc(Cl)nc(NC(C)C)n1,7,11,https://doi.org/10.1021/acs.est.4c11950,alkane,Aliphatic hydrocarbons,"InChI=1S/C8H14ClN5/c1-4-10-7-12-6(9)13-8(14-7)11-5(2)3/h5H,4H2,1-3H3,(H2,10,11,12,13,14)",MXWJVTOOROXGIU-UHFFFAOYSA-N
2345,atrazine,9.41,163165-75-1,CCNc1nc(Cl)nc(NC(C)C)n1,3.6,25,NIST,alkane,Aliphatic hydrocarbons,"InChI=1S/C8H14ClN5/c1-4-10-7-12-6(9)13-8(14-7)11-5(2)3/h5H,4H2,1-3H3,(H2,10,11,12,13,14)",MXWJVTOOROXGIU-UHFFFAOYSA-N
2346,atrazine,9.36,163165-75-1,CCNc1nc(Cl)nc(NC(C)C)n1,7.5,25,NIST,alkane,Aliphatic hydrocarbons,"InChI=1S/C8H14ClN5/c1-4-10-7-12-6(9)13-8(14-7)11-5(2)3/h5H,4H2,1-3H3,(H2,10,11,12,13,14)",MXWJVTOOROXGIU-UHFFFAOYSA-N
2347,atropine,9.43,60365-55-1,CN1C2CCC1CC(OC(=O)C(CO)c1ccccc1)C2,5.5,25,NIST,benzene,Aromatic & PAHs,"InChI=1S/C17H23NO3/c1-18-13-7-8-14(18)10-15(9-13)21-17(20)16(11-19)12-5-3-2-4-6-12/h2-6,13-16,19H,7-11H2,1H3",RKUNBYITZUJHSG-UHFFFAOYSA-N
2348,azelaic acid,9.73239376,26776-28-3,O=C(O)CCCCCCCC(=O)O,,,https://doi.org/10.1021/acs.est.1c05640,halogenated,Halogenated organics,"InChI=1S/C9H16O4/c10-8(11)6-4-2-1-3-5-7-9(12)13/h1-7H2,(H,10,11)(H,12,13)",BDJRBEYXGGNYIS-UHFFFAOYSA-N
2349,azelaic acid,9.73,26776-28-3,OC(=O)CCCCCCCC(O)=O,2,25,https://doi.org/10.1021/acs.est.4c11950,alcohol,Oxygenated organics,"InChI=1S/C9H16O4/c10-8(11)6-4-2-1-3-5-7-9(12)13/h1-7H2,(H,10,11)(H,12,13)",BDJRBEYXGGNYIS-UHFFFAOYSA-N
2350,azelaic acid,9.73239376,123-99-9,C(CCCC(=O)O)CCCC(=O)O,,,https://doi.org/10.1021/acsestengg.5c00221,halogenated,Halogenated organics,"InChI=1S/C9H16O4/c10-8(11)6-4-2-1-3-5-7-9(12)13/h1-7H2,(H,10,11)(H,12,13)",BDJRBEYXGGNYIS-UHFFFAOYSA-N
2351,azithromycin,9.46,756825-20-4,CC[C@H]1OC(=O)[C@H](C)[C@@H](O[C@H]2C[C@@](C)(OC)[C@@H](O)[C@H](C)O2)C(C)[C@@H](O[C@@H]2O[C@H](C)C[C@H](N(C)C)[C@H]2O)[C@](C)(O)C[C@@H](C)CN(C)[C@H](C)[C@@H](O)[C@]1(C)O,7,25,https://doi.org/10.1021/acs.est.4c11950,diol,Polyfunctional / highly functionalized,"InChI=1S/C38H72N2O12/c1-15-27-38(10,46)31(42)24(6)40(13)19-20(2)17-36(8,45)33(52-35-29(41)26(39(11)12)16-21(3)48-35)22(4)30(23(5)34(44)50-27)51-28-18-37(9,47-14)32(43)25(7)49-28/h20-33,35,41-43,45-46H,15-19H2,1-14H3/t20-,21-,22?,23-,24-,25+,26+,27-,28+,29-,30+,31-,32+,33-,35+,36-,37-,38-/m1/s1",MQTOSJVFKKJCRP-OHJWJPDZSA-N
2352,baicalin,9.08,1262750-70-8,O=C(O)[C@H]1O[C@@H](Oc2cc3oc(-c4ccccc4)cc(=O)c3c(O)c2O)[C@H](O)[C@@H](O)[C@@H]1O,7,25,https://doi.org/10.1021/acs.est.4c11950,diol,Polyfunctional / highly functionalized,"InChI=1S/C21H18O11/c22-9-6-10(8-4-2-1-3-5-8)30-11-7-12(14(23)15(24)13(9)11)31-21-18(27)16(25)17(26)19(32-21)20(28)29/h1-7,16-19,21,23-27H,(H,28,29)/t16-,17-,18+,19-,21+/m0/s1",IKIIZLYTISPENI-ZFORQUDYSA-N
2353,benzaldehyde,9.643452676,100-52-7,C1=CC=C(C=C1)C=O,,,https://doi.org/10.1021/acsestengg.5c00386,halogenated,Halogenated organics,InChI=1S/C7H6O/c8-6-7-4-2-1-3-5-7/h1-6H,HUMNYLRZRPPJDN-UHFFFAOYSA-N
2354,benzaldehyde,9.64,51748-27-7,O=Cc1ccccc1,9,25,https://doi.org/10.1021/acs.est.4c11950,benzene,Aromatic & PAHs,InChI=1S/C7H6O/c8-6-7-4-2-1-3-5-7/h1-6H,HUMNYLRZRPPJDN-UHFFFAOYSA-N
2355,benzamide,9.46,89693-84-5,NC(=O)c1ccccc1,1,25,https://doi.org/10.1021/acs.est.4c11950,benzene,Aromatic & PAHs,"InChI=1S/C7H7NO/c8-7(9)6-4-2-1-3-5-6/h1-5H,(H2,8,9)",KXDAEFPNCMNJSK-UHFFFAOYSA-N
2356,benzamide,9.662757832,55-21-0,C1=CC=C(C=C1)C(=O)N,,,https://doi.org/10.1021/acsestengg.5c00389,halogenated,Halogenated organics,"InChI=1S/C7H7NO/c8-7(9)6-4-2-1-3-5-6/h1-5H,(H2,8,9)",KXDAEFPNCMNJSK-UHFFFAOYSA-N
2357,benzamide,9.66,89693-84-5,NC(=O)c1ccccc1,9,25,https://doi.org/10.1021/acs.est.4c11950,benzene,Aromatic & PAHs,"InChI=1S/C7H7NO/c8-7(9)6-4-2-1-3-5-6/h1-5H,(H2,8,9)",KXDAEFPNCMNJSK-UHFFFAOYSA-N
2358,benzene,9.88,6998-50-1,c1ccccc1,3.5,25,NIST,benzene,Aromatic & PAHs,InChI=1S/C6H6/c1-2-4-6-5-3-1/h1-6H,UHOVQNZJYSORNB-UHFFFAOYSA-N
2359,benzene,9.89,6998-50-1,c1ccccc1,7,25,NIST,benzene,Aromatic & PAHs,InChI=1S/C6H6/c1-2-4-6-5-3-1/h1-6H,UHOVQNZJYSORNB-UHFFFAOYSA-N
2360,"benzene-1,2-diol",10.04139269,187927-51-1,Oc1ccccc1O,,,https://doi.org/10.1021/acs.est.1c05609,alcohol,Oxygenated organics,"InChI=1S/C6H6O2/c7-5-3-1-2-4-6(5)8/h1-4,7-8H",YCIMNLLNPGFGHC-UHFFFAOYSA-N
2361,"benzene-1,3-diol",10.07918125,51774-88-0,Oc1cccc(O)c1,,,https://doi.org/10.1021/acs.est.1c05667,alcohol,Oxygenated organics,"InChI=1S/C6H6O2/c7-5-2-1-3-6(8)4-5/h1-4,7-8H",GHMLBKRAJCXXBS-UHFFFAOYSA-N
2362,benzene-D6,9.67,1076-43-3,[2H]c1c([2H])c([2H])c([2H])c([2H])c1[2H],7,25,NIST,benzene,Aromatic & PAHs,"InChI=1S/C6H6/c1-2-4-6-5-3-1/h1-6H/i1D,2D,3D,4D,5D,6D",UHOVQNZJYSORNB-MZWXYZOWSA-N
2363,benzenesulfonate ion,9.67,3198-32-1,O=S(=O)([O-])c1ccccc1,7,25,NIST,"sulfide, disulfide",Sulfur-containing organics,"InChI=1S/C6H6O3S/c7-10(8,9)6-4-2-1-3-5-6/h1-5H,(H,7,8,9)/p-1",SRSXLGNVWSONIS-UHFFFAOYSA-M
2364,benzenesulfonic acid,9.32,5928-72-3,O[S](=O)(=O)c1ccccc1,1,25,https://doi.org/10.1021/acs.est.4c11950,"sulfide, disulfide",Sulfur-containing organics,"InChI=1S/C6H6O3S/c7-10(8,9)6-4-2-1-3-5-6/h1-5H,(H,7,8,9)",SRSXLGNVWSONIS-UHFFFAOYSA-N
2365,benzenesulfonic acid,9.322219295,98-11-3,C1=CC=C(C=C1)S(=O)(=O)O,,,https://doi.org/10.1021/acsestengg.5c00393,"sulfide, disulfide",Sulfur-containing organics,"InChI=1S/C6H6O3S/c7-10(8,9)6-4-2-1-3-5-6/h1-5H,(H,7,8,9)",SRSXLGNVWSONIS-UHFFFAOYSA-N
2366,benzensulfonamide,9.46,65645-67-2,N[S](=O)(=O)c1ccccc1,9,25,https://doi.org/10.1021/acs.est.4c11950,"sulfide, disulfide",Sulfur-containing organics,"InChI=1S/C6H7NO2S/c7-10(8,9)6-4-2-1-3-5-6/h1-5H,(H2,7,8,9)",KHBQMWCZKVMBLN-UHFFFAOYSA-N
2367,benzensulfonamide,9.45,65645-67-2,N[S](=O)(=O)c1ccccc1,7,25,https://doi.org/10.1021/acs.est.4c11950,"sulfide, disulfide",Sulfur-containing organics,"InChI=1S/C6H7NO2S/c7-10(8,9)6-4-2-1-3-5-6/h1-5H,(H2,7,8,9)",KHBQMWCZKVMBLN-UHFFFAOYSA-N
2368,benzidine,9.4,92890-63-6,Nc1ccc(-c2ccc(N)cc2)cc1,2,25,NIST,cyclo,Aromatic & PAHs,"InChI=1S/C12H12N2/c13-11-5-1-9(2-6-11)10-3-7-12(14)8-4-10/h1-8H,13-14H2",HFACYLZERDEVSX-UHFFFAOYSA-N
2369,benzidine,10.18,92890-63-6,Nc1ccc(-c2ccc(N)cc2)cc1,7,25,NIST,cyclo,Aromatic & PAHs,"InChI=1S/C12H12N2/c13-11-5-1-9(2-6-11)10-3-7-12(14)8-4-10/h1-8H,13-14H2",HFACYLZERDEVSX-UHFFFAOYSA-N
2370,benzo[a]pyrene,8.97,63148-10-7,c1ccc2c(c1)cc1ccc3cccc4ccc2c1c34,7,25,https://doi.org/10.1021/acs.est.4c11950,cyclo,Aromatic & PAHs,InChI=1S/C20H12/c1-2-7-17-15(4-1)12-16-9-8-13-5-3-6-14-10-11-18(17)20(16)19(13)14/h1-12H,FMMWHPNWAFZXNH-UHFFFAOYSA-N
2371,benzo[b][1]benzazepine-11-carboxamide,9.940018155,1173022-00-8,NC(=O)N1c2ccccc2C=Cc3ccccc13,,,https://doi.org/10.1021/acs.est.1c05051,benzene,Aromatic & PAHs,"InChI=1S/C15H12N2O/c16-15(18)17-13-7-3-1-5-11(13)9-10-12-6-2-4-8-14(12)17/h1-10H,(H2,16,18)",FFGPTBGBLSHEPO-UHFFFAOYSA-N
2372,benzoate ion,9.77,2155852-03-0,O=C([O-])c1ccccc1,7,25,NIST,benzene,Aromatic & PAHs,"InChI=1S/C7H6O2/c8-7(9)6-4-2-1-3-5-6/h1-5H,(H,8,9)/p-1",WPYMKLBDIGXBTP-UHFFFAOYSA-M
2373,benzoate ion,9.79,2155852-03-0,O=C([O-])c1ccccc1,6,25,NIST,benzene,Aromatic & PAHs,"InChI=1S/C7H6O2/c8-7(9)6-4-2-1-3-5-6/h1-5H,(H,8,9)/p-1",WPYMKLBDIGXBTP-UHFFFAOYSA-M
2374,benzoflavine,10.15,30612-30-7,Cc1cc2c(-c3ccccc3)c3cc(C)c(N)cc3nc2cc1N,6.5,25,NIST,benzene,Aromatic & PAHs,"InChI=1S/C21H19N3/c1-12-8-15-19(10-17(12)22)24-20-11-18(23)13(2)9-16(20)21(15)14-6-4-3-5-7-14/h3-11H,22-23H2,1-2H3",AFYNWNWCDBFAJL-UHFFFAOYSA-N
2375,benzoic acid,9.26,183430-27-5,OC(=O)c1ccccc1,7,20,https://doi.org/10.1021/acs.est.4c11950,alcohol,Oxygenated organics,"InChI=1S/C7H6O2/c8-7(9)6-4-2-1-3-5-6/h1-5H,(H,8,9)",WPYMKLBDIGXBTP-UHFFFAOYSA-N
2376,benzoic acid,9.63,183430-27-5,OC(=O)c1ccccc1,3,25,https://doi.org/10.1021/acs.est.4c11950,alcohol,Oxygenated organics,"InChI=1S/C7H6O2/c8-7(9)6-4-2-1-3-5-6/h1-5H,(H,8,9)",WPYMKLBDIGXBTP-UHFFFAOYSA-N
2377,benzoic acid,9.633468456,65-85-0,C1=CC=C(C=C1)C(=O)O,,,https://doi.org/10.1021/acsestengg.5c00387,halogenated,Halogenated organics,"InChI=1S/C7H6O2/c8-7(9)6-4-2-1-3-5-6/h1-5H,(H,8,9)",WPYMKLBDIGXBTP-UHFFFAOYSA-N
2378,benzoic acid,9.204119983,183430-27-5,OC(=O)c1ccccc1,,,https://doi.org/10.1021/acs.est.1c04546,alcohol,Oxygenated organics,"InChI=1S/C7H6O2/c8-7(9)6-4-2-1-3-5-6/h1-5H,(H,8,9)",WPYMKLBDIGXBTP-UHFFFAOYSA-N
2379,benzonitrile,9.69,871892-23-8,N#Cc1ccccc1,7,25,https://doi.org/10.1021/acs.est.4c11950,benzene,Aromatic & PAHs,InChI=1S/C7H5N/c8-6-7-4-2-1-3-5-7/h1-5H,JFDZBHWFFUWGJE-UHFFFAOYSA-N
2380,benzonitrile,9.591064607,100-47-0,C1=CC=C(C=C1)C#N,,,https://doi.org/10.1021/acsestengg.5c00384,halogenated,Halogenated organics,InChI=1S/C7H5N/c8-6-7-4-2-1-3-5-7/h1-5H,JFDZBHWFFUWGJE-UHFFFAOYSA-N
2381,benzophenone,9.953759692,31766-07-1,O=C(c1ccccc1)c1ccccc1,,,https://doi.org/10.1021/acs.est.1c04861,benzene,Aromatic & PAHs,InChI=1S/C13H10O/c14-13(11-7-3-1-4-8-11)12-9-5-2-6-10-12/h1-10H,RWCCWEUUXYIKHB-UHFFFAOYSA-N
2382,benzophenone,9.95,31766-07-1,O=C(c1ccccc1)c2ccccc2,7,25,https://doi.org/10.1021/acs.est.4c11950,benzene,Aromatic & PAHs,InChI=1S/C13H10O/c14-13(11-7-3-1-4-8-11)12-9-5-2-6-10-12/h1-10H,RWCCWEUUXYIKHB-UHFFFAOYSA-N
2383,benzophenone,9.954242509,119-61-9,C1=CC=C(C=C1)C(=O)C2=CC=CC=C2,,,https://doi.org/10.1021/acsestengg.5c00401,cyclo,Aromatic & PAHs,InChI=1S/C13H10O/c14-13(11-7-3-1-4-8-11)12-9-5-2-6-10-12/h1-10H,RWCCWEUUXYIKHB-UHFFFAOYSA-N
2384,benzotriazole,9.95,1185072-03-0,c1ccc2n[nH]nc2c1,10.5,25,NIST,cyclo,Aromatic & PAHs,"InChI=1S/C6H5N3/c1-2-4-6-5(3-1)7-9-8-6/h1-4H,(H,7,8,9)",QRUDEWIWKLJBPS-UHFFFAOYSA-N
2385,benzotriazole,9.88,1185072-03-0,c1ccc2n[nH]nc2c1,5.8,25,NIST,cyclo,Aromatic & PAHs,"InChI=1S/C6H5N3/c1-2-4-6-5(3-1)7-9-8-6/h1-4H,(H,7,8,9)",QRUDEWIWKLJBPS-UHFFFAOYSA-N
2386,benzyl methyl ether,10,122-73-6,COCc1ccccc1,1.8,25,NIST,alcohol,Oxygenated organics,"InChI=1S/C8H10O/c1-9-7-8-5-3-2-4-6-8/h2-6H,7H2,1H3",GQKZBCPTCWJTAS-UHFFFAOYSA-N
2387,benzylalcohol,9.924279286,100-51-6,C1=CC=C(C=C1)CO,,,https://doi.org/10.1021/acsestengg.5c00391,halogenated,Halogenated organics,"InChI=1S/C7H8O/c8-6-7-4-2-1-3-5-7/h1-5,8H,6H2",WVDDGKGOMKODPV-UHFFFAOYSA-N
2388,benzylalcohol,9.92,185532-77-8,OCc1ccccc1,7,25,https://doi.org/10.1021/acs.est.4c11950,alcohol,Oxygenated organics,"InChI=1S/C7H8O/c8-6-7-4-2-1-3-5-7/h1-5,8H,6H2",WVDDGKGOMKODPV-UHFFFAOYSA-N
2389,benzylammonium ion,9.74,41579-49-1,[NH3+]Cc1ccccc1,7,25,NIST,benzene,Aromatic & PAHs,"InChI=1S/C7H9N/c8-6-7-4-2-1-3-5-7/h1-5H,6,8H2/p+1",WGQKYBSKWIADBV-UHFFFAOYSA-O
2390,benzylammonium ion,10.11,41579-49-1,[NH3+]Cc1ccccc1,4,25,NIST,benzene,Aromatic & PAHs,"InChI=1S/C7H9N/c8-6-7-4-2-1-3-5-7/h1-5H,6,8H2/p+1",WGQKYBSKWIADBV-UHFFFAOYSA-O
2391,benzylpenicillin,9.88,2724728-56-5,CC1(C)S[C@@H]2[C@H](NC(=O)Cc3ccccc3)C(=O)N2[C@H]1C(=O)O,7,25,NIST,"sulfide, disulfide",Sulfur-containing organics,"InChI=1S/C16H18N2O4S/c1-16(2)12(15(21)22)18-13(20)11(14(18)23-16)17-10(19)8-9-6-4-3-5-7-9/h3-7,11-12,14H,8H2,1-2H3,(H,17,19)(H,21,22)/t11-,12+,14-/m1/s1",JGSARLDLIJGVTE-MBNYWOFBSA-N
2392,benzylpenicilloic acid,9.85,87492-68-0,CC1(C)SC(CNC(=O)Cc2ccccc2)NC1C(=O)O,7,25,NIST,"sulfide, disulfide",Sulfur-containing organics,"InChI=1S/C15H20N2O3S/c1-15(2)13(14(19)20)17-12(21-15)9-16-11(18)8-10-6-4-3-5-7-10/h3-7,12-13,17H,8-9H2,1-2H3,(H,16,18)(H,19,20)",LRWFMQCGNBOTQP-UHFFFAOYSA-N
2393,benzyltributyl ammonium ion,9.81,14158-23-7,CCCC[N+](CCCC)(CCCC)Cc1ccccc1,6.9,25,NIST,benzene,Aromatic & PAHs,"InChI=1S/C19H34N/c1-4-7-15-20(16-8-5-2,17-9-6-3)18-19-13-11-10-12-14-19/h10-14H,4-9,15-18H2,1-3H3/q+1",QSRFYFHZPSGRQX-UHFFFAOYSA-N
2394,benzyltrimethylammonium ion,9.7,121309-88-4,C[N+](C)(C)Cc1ccccc1.[Cl-],6.9,25,NIST,benzene,Aromatic & PAHs,"InChI=1S/C10H16N.ClH/c1-11(2,3)9-10-7-5-4-6-8-10;/h4-8H,9H2,1-3H3;1H/q+1;/p-1",KXHPPCXNWTUNSB-UHFFFAOYSA-M
2395,beta-cyclocitral,9.87,432-25-7,CC1=C(C=O)C(C)(C)CCC1,7,25,https://doi.org/10.1021/acs.est.4c11950,cyclo,Aromatic & PAHs,"InChI=1S/C10H16O/c1-8-5-4-6-10(2,3)9(8)7-11/h7H,4-6H2,1-3H3",MOQGCGNUWBPGTQ-UHFFFAOYSA-N
2396,beta-ionone,9.89,14901-07-6,CC(=O)/C=C/C1=C(C)CCCC1(C)C,7,25,https://doi.org/10.1021/acs.est.4c11950,cyclo,Aromatic & PAHs,"InChI=1S/C13H20O/c1-10-6-5-9-13(3,4)12(10)8-7-11(2)14/h7-8H,5-6,9H2,1-4H3/b8-7+",PSQYTAPXSHCGMF-BQYQJAHWSA-N
2397,bezafibrate,9.9,153758-85-1,CC(C)(Oc1ccc(CCNC(=O)c2ccc(Cl)cc2)cc1)C(=O)O,7,25,https://doi.org/10.1021/acs.est.4c11950,benzene,Aromatic & PAHs,"InChI=1S/C19H20ClNO4/c1-19(2,18(23)24)25-16-9-3-13(4-10-16)11-12-21-17(22)14-5-7-15(20)8-6-14/h3-10H,11-12H2,1-2H3,(H,21,22)(H,23,24)",IIBYAHWJQTYFKB-UHFFFAOYSA-N
2398,bicarbonate,6.966141733,87081-58-1,OC([O-])=O,,,https://doi.org/10.1021/acs.est.1c04759,alcohol,Oxygenated organics,"InChI=1S/CH2O3/c2-1(3)4/h(H2,2,3,4)/p-1",BVKZGUZCCUSVTD-UHFFFAOYSA-M
2399,bicarbonate ion,7,71-52-3,O=C([O-])O,6.5,25,NIST,halogenated,Halogenated organics,"InChI=1S/CH2O3/c2-1(3)4/h(H2,2,3,4)/p-1",BVKZGUZCCUSVTD-UHFFFAOYSA-M
2400,bicarbonate ion,6.93,71-52-3,O=C([O-])O,7,25,NIST,halogenated,Halogenated organics,"InChI=1S/CH2O3/c2-1(3)4/h(H2,2,3,4)/p-1",BVKZGUZCCUSVTD-UHFFFAOYSA-M
2401,bilirubin dianion,9.9,71211-72-8,C=CC1=C(C)/C(=C\c2[nH]c(Cc3[nH]c(/C=C4\NC(=O)C(C)=C4C=C)c(C)c3CCC(=O)O)c(CCC(=O)O)c2C)NC1=O,12,25,NIST,diol,Polyfunctional / highly functionalized,"InChI=1S/C33H36N4O6/c1-7-20-19(6)32(42)37-27(20)14-25-18(5)23(10-12-31(40)41)29(35-25)15-28-22(9-11-30(38)39)17(4)24(34-28)13-26-16(3)21(8-2)33(43)36-26/h7-8,13-14,34-35H,1-2,9-12,15H2,3-6H3,(H,36,43)(H,37,42)(H,38,39)(H,40,41)/b26-13+,27-14-",BPYKTIZUTYGOLE-KDUUSRDASA-N
2402,bilirubin dianion,10.11,71211-72-8,C=CC1=C(C)/C(=C\c2[nH]c(Cc3[nH]c(/C=C4\NC(=O)C(C)=C4C=C)c(C)c3CCC(=O)O)c(CCC(=O)O)c2C)NC1=O,10.9,25,NIST,diol,Polyfunctional / highly functionalized,"InChI=1S/C33H36N4O6/c1-7-20-19(6)32(42)37-27(20)14-25-18(5)23(10-12-31(40)41)29(35-25)15-28-22(9-11-30(38)39)17(4)24(34-28)13-26-16(3)21(8-2)33(43)36-26/h7-8,13-14,34-35H,1-2,9-12,15H2,3-6H3,(H,36,43)(H,37,42)(H,38,39)(H,40,41)/b26-13+,27-14-",BPYKTIZUTYGOLE-KDUUSRDASA-N
2403,biliverdin dianion,10.6,114-25-0,C=CC1=C(C)C(/C=c2\[nH]/c(=C\c3[nH]c(/C=C4\NC(=O)C(C)=C4C=C)c(C)c3CCC(=O)O)c(CCC(=O)O)c2C)=NC1=O,10.9,25,NIST,diol,Polyfunctional / highly functionalized,"InChI=1S/C33H34N4O6/c1-7-20-19(6)32(42)37-27(20)14-25-18(5)23(10-12-31(40)41)29(35-25)15-28-22(9-11-30(38)39)17(4)24(34-28)13-26-16(3)21(8-2)33(43)36-26/h7-8,13-15,34-35H,1-2,9-12H2,3-6H3,(H,37,42)(H,38,39)(H,40,41)/b24-13-,27-14-,28-15-",RCNSAJSGRJSBKK-NSQVQWHSSA-N
2404,biotin,9.58,194920-55-3,O=C(O)CCCCC1SCC2NC(=O)NC21,3.6,25,NIST,"sulfide, disulfide",Sulfur-containing organics,"InChI=1S/C10H16N2O3S/c13-8(14)4-2-1-3-7-9-6(5-16-7)11-10(15)12-9/h6-7,9H,1-5H2,(H,13,14)(H2,11,12,15)",YBJHBAHKTGYVGT-UHFFFAOYSA-N
2405,biphenyl,10,102664-84-6,c1ccc(-c2ccccc2)cc1,7,25,https://doi.org/10.1021/acs.est.4c11950,benzene,Aromatic & PAHs,InChI=1S/C12H10/c1-3-7-11(8-4-1)12-9-5-2-6-10-12/h1-10H,ZUOUZKKEUPVFJK-UHFFFAOYSA-N
2406,biphenyl-4-carboxylate ion,9.83,62297-56-7,O=C([O-])c1ccc(-c2ccccc2)cc1,9,25,NIST,benzene,Aromatic & PAHs,"InChI=1S/C13H10O2/c14-13(15)12-8-6-11(7-9-12)10-4-2-1-3-5-10/h1-9H,(H,14,15)/p-1",NNJMFJSKMRYHSR-UHFFFAOYSA-M
2407,"bis(1,2-diaminoethane)dioxorhenium(V) ion",9.89,14587-92-9,NCCN.NCCN.O=[Re+]=O,7,25,NIST,halogenated,Halogenated organics,InChI=1S/2C2H8N2.2O.Re/c2*3-1-2-4;;;/h2*1-4H2;;;/q;;;;+1,AUKFFBXDGPNBMY-UHFFFAOYSA-N
2408,bis(2-aminoisobutyrato)copper(II),9.26,14284-06-1,CC(C)(N)C(=O)[O-].CC(C)(N)C(=O)[O-].[Cu+2],6.2,25,NIST,alkane,Aliphatic hydrocarbons,"InChI=1S/2C4H9NO2.Cu/c2*1-4(2,5)3(6)7;/h2*5H2,1-2H3,(H,6,7);/q;;+2/p-2",RISGPONJZRZXCY-UHFFFAOYSA-L
2409,"bis(2-ethylhexyl) benzene-1,2-dicarboxylate",8.530199698,1330-92-3,CCCCC(CC)COC(=O)c1ccccc1C(=O)OCC(CC)CCCC,,,https://doi.org/10.1021/acs.est.1c04360,diol,Polyfunctional / highly functionalized,"InChI=1S/C24H38O4/c1-5-9-13-19(7-3)17-27-23(25)21-15-11-12-16-22(21)24(26)28-18-20(8-4)14-10-6-2/h11-12,15-16,19-20H,5-10,13-14,17-18H2,1-4H3",BJQHLKABXJIVAM-UHFFFAOYSA-N
2410,bis(4-aminobutyrato)copper(II),9.04,14263-05-9,NCCCC(=O)[O-].NCCCC(=O)[O-].[Cu+2],4.8,25,NIST,halogenated,Halogenated organics,"InChI=1S/2C4H9NO2.Cu/c2*5-3-1-2-4(6)7;/h2*1-3,5H2,(H,6,7);/q;;+2/p-2",PFRFSBUZPFKGDD-UHFFFAOYSA-L
2411,bis(diethylenetriamine)cobalt(III) ion,8.51,22541-63-5,NCCNCCN.NCCNCCN.[Co+3],4.4,25,NIST,halogenated,Halogenated organics,"InChI=1S/2C4H13N3.Co/c2*5-1-3-7-4-2-6;/h2*7H,1-6H2;/q;;+3",CKMDZNMWKBOQHS-UHFFFAOYSA-N
2412,bis(ethylenediamine)dichlorocobalt(III) ion,8.49,14854-65-0,Cl[Co+]Cl.NCCN.NCCN,4.4,25,NIST,halogenated,Halogenated organics,InChI=1S/2C2H8N2.2ClH.Co/c2*3-1-2-4;;;/h2*1-4H2;2*1H;/q;;;;+3/p-2,KDPGMFPXABYXGO-UHFFFAOYSA-L
2413,bis(ethylenediamine)dichlorocobalt(III) ion,8.52,14854-65-0,Cl[Co+]Cl.NCCN.NCCN,6,25,NIST,halogenated,Halogenated organics,InChI=1S/2C2H8N2.2ClH.Co/c2*3-1-2-4;;;/h2*1-4H2;2*1H;/q;;;;+3/p-2,KDPGMFPXABYXGO-UHFFFAOYSA-L
2414,bis(ethylenediamine)dichlorocobalt(III) ion,8.48,14854-65-0,Cl[Co+]Cl.NCCN.NCCN,7,25,NIST,halogenated,Halogenated organics,InChI=1S/2C2H8N2.2ClH.Co/c2*3-1-2-4;;;/h2*1-4H2;2*1H;/q;;;;+3/p-2,KDPGMFPXABYXGO-UHFFFAOYSA-L
2415,bis(ethylenediamine)platinum(II) ion,9.68,21430-85-3,NCCN.NCCN.[Pt+2],6.5,25,NIST,phosphorus,Phosphorus-containing organics,InChI=1S/2C2H8N2.Pt/c2*3-1-2-4;/h2*1-4H2;/q;;+2,WWLVIDGRQPSMGN-UHFFFAOYSA-N
2416,bis(glycinato)copper(II),9.18,32817-15-5,NCC(=O)[O-].NCC(=O)[O-].[Cu+2],6.1,25,NIST,halogenated,Halogenated organics,"InChI=1S/2C2H5NO2.Cu/c2*3-1-2(4)5;/h2*1,3H2,(H,4,5);/q;;+2/p-2",VVYPIVJZLVJPGU-UHFFFAOYSA-L
2417,bis(glycinato)nickel(II),8.4,3264-82-2,NCC(=O)[O-].NCC(=O)[O-].[Ni+2],6.6,25,NIST,halogenated,Halogenated organics,"InChI=1S/2C2H5NO2.Ni/c2*3-1-2(4)5;/h2*1,3H2,(H,4,5);/q;;+2/p-2",IEOJTQSWHLGOQI-UHFFFAOYSA-L
2418,bis(hydroxyprolinato)palladium(II),9.75,14588-08-0,O=C([O-])C1CC(O)CN1.O=C([O-])C1CC(O)CN1.[Pd+2],7,25,NIST,cyclo,Aromatic & PAHs,"InChI=1S/2C5H9NO3.Pd/c2*7-3-1-4(5(8)9)6-2-3;/h2*3-4,6-7H,1-2H2,(H,8,9);/q;;+2/p-2",LTPLDAYEFGVYHH-UHFFFAOYSA-L
2419,bis(imidazol-2-yl)methane,9.97,64269-80-3,c1c[nH]c(Cc2ncc[nH]2)n1,7.9,25,NIST,halogenated,Halogenated organics,"InChI=1S/C7H8N4/c1-2-9-6(8-1)5-7-10-3-4-11-7/h1-4H,5H2,(H,8,9)(H,10,11)",DKWVMFVZPTZPJE-UHFFFAOYSA-N
2420,bis(iminodiacetato)cobaltate(III) ion,7.63,1280199-86-1,O=C([O-])CNCC(=O)[O-].O=C([O-])CNCC(=O)[O-].[Co+3],7,25,NIST,diol,Polyfunctional / highly functionalized,"InChI=1S/2C4H7NO4.Co/c2*6-3(7)1-5-2-4(8)9;/h2*5H,1-2H2,(H,6,7)(H,8,9);/q;;+3/p-4",CSMGIQRRJPPWGK-UHFFFAOYSA-J
2421,bis(尾-alaninato)cuprate(II),9.08,934215-85-7,CC([NH-])C(=O)O.CC([NH-])C(=O)O.[Cu+2],5.8,25,NIST,alkane,Aliphatic hydrocarbons,"InChI=1S/2C3H6NO2.Cu/c2*1-2(4)3(5)6;/h2*2,4H,1H3,(H,5,6);/q2*-1;+2",FLQXLVURBSXNJJ-UHFFFAOYSA-N
2422,bis(尾-alaninato)cuprate(II),9.15,934215-85-7,CC([NH-])C(=O)O.CC([NH-])C(=O)O.[Cu+2],6.3,25,NIST,alkane,Aliphatic hydrocarbons,"InChI=1S/2C3H6NO2.Cu/c2*1-2(4)3(5)6;/h2*2,4H,1H3,(H,5,6);/q2*-1;+2",FLQXLVURBSXNJJ-UHFFFAOYSA-N
2423,bisphenol A,9.84,68440-77-7,CC(C)(C1=CC=C(C=C1)O)C2=CC=C(C=C2)O,7,25,10.1007/s11164-008-0012-6,alkane,Aliphatic hydrocarbons,"InChI=1S/C15H16O2/c1-15(2,11-3-7-13(16)8-4-11)12-5-9-14(17)10-6-12/h3-10,16-17H,1-2H3",IISBACLAFKSPIT-UHFFFAOYSA-N
2424,bromo-chloromethane,9.397940009,70750-23-1,ClCBr,,,https://doi.org/10.1021/acs.est.1c05159,halogenated,Halogenated organics,InChI=1S/CH2BrCl/c2-1-3/h1H2,JPOXNPPZZKNXOV-UHFFFAOYSA-N
2425,bromo-dichloro-nitromethane,8.008600172,918-01-4,[O-][N+](=O)C(Cl)(Cl)Br,,,https://doi.org/10.1021/acs.est.1c05544,halogenated,Halogenated organics,"InChI=1S/CBrCl2NO2/c2-1(3,4)5(6)7",JMZWGJLCNQYBHT-UHFFFAOYSA-N
2426,bromo-dichloromethane,7.851869601,143824-88-8,ClC(Cl)Br,,,https://doi.org/10.1021/acs.est.1c05152,halogenated,Halogenated organics,InChI=1S/CHBrCl2/c2-1(3)4/h1H,FMWLUWPQPKEARP-UHFFFAOYSA-N
2427,bromo-nitromethane,7.922206277,32480-00-5,[O-][N+](=O)CBr,,,https://doi.org/10.1021/acs.est.1c04399,halogenated,Halogenated organics,InChI=1S/CH2BrNO2/c2-1-3(4)5/h1H2,DNPRVXJGNANVCZ-UHFFFAOYSA-N
2428,bromoacetate ion,7.66,68-10-0,O=C([O-])CBr,9,25,NIST,halogenated,Halogenated organics,"InChI=1S/C2H3BrO2/c3-1-2(4)5/h1H2,(H,4,5)/p-1",KDPAWGWELVVRCH-UHFFFAOYSA-M
2429,bromoacetic acid,8.3,64891-77-6,O=C(O)CBr,7,25,https://doi.org/10.1021/acs.est.4c11950,halogenated,Halogenated organics,"InChI=1S/C2H3BrO2/c3-1-2(4)5/h1H2,(H,4,5)",KDPAWGWELVVRCH-UHFFFAOYSA-N
2430,bromoacetic acid,8.301029996,64891-77-6,O=C(O)CBr,,,https://doi.org/10.1021/acs.est.1c05135,halogenated,Halogenated organics,"InChI=1S/C2H3BrO2/c3-1-2(4)5/h1H2,(H,4,5)",KDPAWGWELVVRCH-UHFFFAOYSA-N
2431,bromoacetonitrile,7.6,590-17-0,N#CCBr,7,25,https://doi.org/10.1021/acs.est.4c11950,halogenated,Halogenated organics,InChI=1S/C2H2BrN/c3-1-2-4/h1H2,REXUYBKPWIPONM-UHFFFAOYSA-N
2432,bromobenzene,9.716003344,108-86-1,C1=CC=C(C=C1)Br,,,https://doi.org/10.1021/acsestengg.5c00382,halogenated,Halogenated organics,InChI=1S/C6H5Br/c7-6-4-2-1-3-5-6/h1-5H,QARVLSVVCXYDNA-UHFFFAOYSA-N
2433,bromobenzene,9.66,495405-42-0,C1=CC=C(C=C1)Br,7,25,https://doi.org/10.1021/acs.est.4c11950,halogenated,Halogenated organics,InChI=1S/C6H5Br/c7-6-4-2-1-3-5-6/h1-5H,QARVLSVVCXYDNA-UHFFFAOYSA-N
2434,bromobenzene,9.69,495405-42-0,C1=CC=C(C=C1)Br,3.5,25,https://doi.org/10.1021/acs.est.4c11950,halogenated,Halogenated organics,InChI=1S/C6H5Br/c7-6-4-2-1-3-5-6/h1-5H,QARVLSVVCXYDNA-UHFFFAOYSA-N
2435,bromobenzene,9.95,495405-42-0,C1=CC=C(C=C1)Br,0,25,https://doi.org/10.1021/acs.est.4c11950,halogenated,Halogenated organics,InChI=1S/C6H5Br/c7-6-4-2-1-3-5-6/h1-5H,QARVLSVVCXYDNA-UHFFFAOYSA-N
2436,bromochloroacetamide,7.820201459,62872-34-8,NC(=O)C(Cl)Br,,,https://doi.org/10.1021/acs.est.1c04658,halogenated,Halogenated organics,"InChI=1S/C2H3BrClNO/c3-1(4)2(5)6/h1H,(H2,5,6)",GKRKWDWETUTQOT-UHFFFAOYSA-N
2437,bromochloroacetamide,7.82,62872-34-8,NC(=O)C(Cl)Br,7,25,https://doi.org/10.1021/acs.est.4c11950,halogenated,Halogenated organics,"InChI=1S/C2H3BrClNO/c3-1(4)2(5)6/h1H,(H2,5,6)",GKRKWDWETUTQOT-UHFFFAOYSA-N
2438,bromochloroacetic acid,8.079181246,1173018-43-3,O=C(O)C(Cl)Br,,,https://doi.org/10.1021/acs.est.1c05405,halogenated,Halogenated organics,"InChI=1S/C2H2BrClO2/c3-1(4)2(5)6/h1H,(H,5,6)",GEHJBWKLJVFKPS-UHFFFAOYSA-N
2439,bromochloroacetic acid,8.08,1173018-43-3,O=C(O)C(Cl)Br,7,25,https://doi.org/10.1021/acs.est.4c11950,halogenated,Halogenated organics,"InChI=1S/C2H2BrClO2/c3-1(4)2(5)6/h1H,(H,5,6)",GEHJBWKLJVFKPS-UHFFFAOYSA-N
2440,bromochloroacetonitrile,8.041392685,83463-62-1,N#CC(Cl)Br,,,https://doi.org/10.1021/acs.est.1c05652,halogenated,Halogenated organics,InChI=1S/C2HBrClN/c3-2(4)1-5/h2H,BMWPPNAUMLRKML-UHFFFAOYSA-N
2441,bromochloroacetonitrile,8.04,83463-62-1,N#CC(Cl)Br,7,25,https://doi.org/10.1021/acs.est.4c11950,halogenated,Halogenated organics,InChI=1S/C2HBrClN/c3-2(4)1-5/h2H,BMWPPNAUMLRKML-UHFFFAOYSA-N
2442,bromochloroiodomethane,9.748188027,34970-00-8,ClC(Br)I,,,https://doi.org/10.1021/acs.est.1c05699,halogenated,Halogenated organics,InChI=1S/CHBrClI/c2-1(3)4/h1H,WUHPSARYLVYQOT-UHFFFAOYSA-N
2443,bromochloroiodomethane,9.75,34970-00-8,ClC(Br)I,7,25,https://doi.org/10.1021/acs.est.4c11950,halogenated,Halogenated organics,InChI=1S/CHBrClI/c2-1(3)4/h1H,WUHPSARYLVYQOT-UHFFFAOYSA-N
2444,bromochloromethane,9.4,3149-74-4,ClCBr,0,25,https://doi.org/10.1021/acs.est.4c11950,halogenated,Halogenated organics,InChI=1S/CH2BrCl/c2-1-3/h1H2,JPOXNPPZZKNXOV-UHFFFAOYSA-N
2445,bromochloronitromethane,8.62,135531-25-8,[O-][N+](=O)C(Cl)Br,7,25,https://doi.org/10.1021/acs.est.4c11950,halogenated,Halogenated organics,InChI=1S/CHBrClNO2/c2-1(3)4(5)6/h1H,QUGLTGHXUDTPKJ-UHFFFAOYSA-N
2446,bromochloronitromethane,8.62324929,135531-25-8,C([N+](=O)[O-])(Cl)Br,,,https://doi.org/10.1021/acsestengg.5c00284,halogenated,Halogenated organics,InChI=1S/CHBrClNO2/c2-1(3)4(5)6/h1H,QUGLTGHXUDTPKJ-UHFFFAOYSA-N
2447,bromochloronitromethane,8.62324929,135531-25-8,O=[N+]([O-])C(Cl)Br,,,https://doi.org/10.1021/acs.est.1c05242,halogenated,Halogenated organics,InChI=1S/CHBrClNO2/c2-1(3)4(5)6/h1H,QUGLTGHXUDTPKJ-UHFFFAOYSA-N
2448,bromodichloroacetaldehyde,8.59,34619-29-9,O=CC(Cl)(Cl)Br,7,25,https://doi.org/10.1021/acs.est.4c11950,halogenated,Halogenated organics,"InChI=1S/C2HBrCl2O/c3-2(4,5)1-6/h1H",VHCWNORMONAZKG-UHFFFAOYSA-N
2449,bromodichloroacetaldehyde,8.591064607,34619-29-9,O=CC(Cl)(Cl)Br,,,https://doi.org/10.1021/acs.est.1c04644,halogenated,Halogenated organics,"InChI=1S/C2HBrCl2O/c3-2(4,5)1-6/h1H",VHCWNORMONAZKG-UHFFFAOYSA-N
2450,bromodichloroacetic acid,7.67,71133-14-7,O=C(O)C(Cl)(Cl)Br,7,25,https://doi.org/10.1021/acs.est.4c11950,halogenated,Halogenated organics,"InChI=1S/C2HBrCl2O2/c3-2(4,5)1(6)7/h(H,6,7)",XSWVFEQKZFUULO-UHFFFAOYSA-N
2451,bromodichloroacetic acid,7.672097858,71133-14-7,O=C(O)C(Cl)(Cl)Br,,,https://doi.org/10.1021/acs.est.1c04781,halogenated,Halogenated organics,"InChI=1S/C2HBrCl2O2/c3-2(4,5)1(6)7/h(H,6,7)",XSWVFEQKZFUULO-UHFFFAOYSA-N
2452,bromodichloromethane,7.851258349,75-27-4,C(Cl)(Cl)Br,,,https://doi.org/10.1021/acsestengg.5c00230,halogenated,Halogenated organics,InChI=1S/CHBrCl2/c2-1(3)4/h1H,FMWLUWPQPKEARP-UHFFFAOYSA-N
2453,bromodichloromethane,7.85,75-27-4,ClC(Cl)Br,7,25,https://doi.org/10.1021/acs.est.4c11950,halogenated,Halogenated organics,InChI=1S/CHBrCl2/c2-1(3)4/h1H,FMWLUWPQPKEARP-UHFFFAOYSA-N
2454,bromodichloronitromethane,8.113943352,918-01-4,O=[N+]([O-])C(Cl)(Cl)Br,,,https://doi.org/10.1021/acs.est.1c04378,halogenated,Halogenated organics,"InChI=1S/CBrCl2NO2/c2-1(3,4)5(6)7",JMZWGJLCNQYBHT-UHFFFAOYSA-N
2455,bromodichloronitromethane,8.11,918-01-4,O=[N+]([O-])C(Cl)(Cl)Br,7,25,https://doi.org/10.1021/acs.est.4c11950,halogenated,Halogenated organics,"InChI=1S/CBrCl2NO2/c2-1(3,4)5(6)7",JMZWGJLCNQYBHT-UHFFFAOYSA-N
2456,bromodiiodomethane,9.913813852,557-95-9,BrC(I)I,,,https://doi.org/10.1021/acs.est.1c04365,halogenated,Halogenated organics,InChI=1S/CHBrI2/c2-1(3)4/h1H,PTGIGXMFLYACDM-UHFFFAOYSA-N
2457,bromodiiodomethane,9.91,557-95-9,BrC(I)I,7,25,https://doi.org/10.1021/acs.est.4c11950,halogenated,Halogenated organics,InChI=1S/CHBrI2/c2-1(3)4/h1H,PTGIGXMFLYACDM-UHFFFAOYSA-N
2458,bromoethane,8.11,63882-54-2,CCBr,7,25,https://doi.org/10.1021/acs.est.4c11950,alkane,Aliphatic hydrocarbons,"InChI=1S/C2H5Br/c1-2-3/h2H2,1H3",RDHPKYGYEGBMSE-UHFFFAOYSA-N
2459,bromonitromethane,7.922206277,563-70-2,C([N+](=O)[O-])Br,,,https://doi.org/10.1021/acsestengg.5c00282,halogenated,Halogenated organics,InChI=1S/CH2BrNO2/c2-1-3(4)5/h1H2,DNPRVXJGNANVCZ-UHFFFAOYSA-N
2460,bromonitromethane,7.922206277,563-70-2,O=[N+]([O-])CBr,,,https://doi.org/10.1021/acs.est.1c04664,halogenated,Halogenated organics,InChI=1S/CH2BrNO2/c2-1-3(4)5/h1H2,DNPRVXJGNANVCZ-UHFFFAOYSA-N
2461,bromonitromethane,7.92,563-70-2,[O-][N+](=O)CBr,7,17,https://doi.org/10.1021/acs.est.4c11950,halogenated,Halogenated organics,InChI=1S/CH2BrNO2/c2-1-3(4)5/h1H2,DNPRVXJGNANVCZ-UHFFFAOYSA-N
2462,bromoxynil,9.92,1689-47-0,C1=C(C=C(C(=C1Br)O)Br)C#N,7,25,10.1016/j.chemosphere.2009.11.014,halogenated,Halogenated organics,"InChI=1S/C7H3Br2NO/c8-5-1-4(3-10)2-6(9)7(5)11/h1-2,11H",UPMXNNIRAGDFEH-UHFFFAOYSA-N
2463,burimamide,10.08,163932-06-7,CNC(=S)NCCCCc1cnc[nH]1,7.4,25,NIST,halogenated,Halogenated organics,"InChI=1S/C9H16N4S/c1-10-9(14)12-5-3-2-4-8-6-11-7-13-8/h6-7H,2-5H2,1H3,(H,11,13)(H2,10,12,14)",HXRBAVXGYZUSED-UHFFFAOYSA-N
2464,but-2-enoic acid,9.691081492,32236-62-7,C/C=C/C(O)=O,,,https://doi.org/10.1021/acs.est.1c05247,halogenated,Halogenated organics,"InChI=1S/C4H6O2/c1-2-3-4(5)6/h2-3H,1H3,(H,5,6)/b3-2+",LDHQCZJRKDOVOX-NSCUHMNNSA-N
2465,but-3-en-2-one,9.929418926,1373368-65-0,CC(=O)C=C,,,https://doi.org/10.1021/acs.est.1c04901,alkane,Aliphatic hydrocarbons,"InChI=1S/C4H6O/c1-3-4(2)5/h3H,1H2,2H3",FUSUHKVFWTUUBE-UHFFFAOYSA-N
2466,but-3-enenitrile,9.837588438,110197-41-6,C=CCC#N,,,https://doi.org/10.1021/acs.est.1c04522,halogenated,Halogenated organics,"InChI=1S/C4H5N/c1-2-3-4-5/h2H,1,3H2",SJNALLRHIVGIBI-UHFFFAOYSA-N
2467,butachlor,9.87,1632119-31-3,CCCCOCN(C(=O)CCl)c1c(CC)cccc1CC,7,25,https://doi.org/10.1021/acs.est.4c11950,alcohol,Oxygenated organics,"InChI=1S/C17H26ClNO2/c1-4-7-11-21-13-19(16(20)12-18)17-14(5-2)9-8-10-15(17)6-3/h8-10H,4-7,11-13H2,1-3H3",HKPHPIREJKHECO-UHFFFAOYSA-N
2468,butadiene,9.85,67762-70-3,C=CC=C,7,25,https://doi.org/10.1021/acs.est.4c11950,halogenated,Halogenated organics,"InChI=1S/C4H6/c1-3-4-2/h3-4H,1-2H2",KAKZBPTYRLMSJV-UHFFFAOYSA-N
2469,butan-1-amine,9.913813852,1119452-40-2,CCCCN,,,https://doi.org/10.1021/acs.est.1c04375,alkane,Aliphatic hydrocarbons,"InChI=1S/C4H11N/c1-2-3-4-5/h2-5H2,1H3",HQABUPZFAYXKJW-UHFFFAOYSA-N
2470,butan-2-one,8.908485019,1895541-22-6,CCC(C)=O,,,https://doi.org/10.1021/acs.est.1c05443,alkane,Aliphatic hydrocarbons,"InChI=1S/C4H8O/c1-3-4(2)5/h3H2,1-2H3",ZWEHNKRNPOVVGH-UHFFFAOYSA-N
2471,butane,9.662757832,106-97-8,CCCC,,,https://doi.org/10.1021/acsestengg.5c00136,alkane,Aliphatic hydrocarbons,"InChI=1S/C4H10/c1-3-4-2/h3-4H2,1-2H3",IJDNQMDRQITEOD-UHFFFAOYSA-N
2472,butanedioic acid,8.041392685,595606-83-0,OC(=O)CCC(O)=O,,,https://doi.org/10.1021/acs.est.1c05011,alcohol,Oxygenated organics,"InChI=1S/C4H6O4/c5-3(6)1-2-4(7)8/h1-2H2,(H,5,6)(H,7,8)",KDYFGRWQOYBRFD-UHFFFAOYSA-N
2473,butanoic acid,9.342422681,377733-71-6,CCCC(O)=O,,,https://doi.org/10.1021/acs.est.1c04502,alkane,Aliphatic hydrocarbons,"InChI=1S/C4H8O2/c1-2-3-4(5)6/h2-3H2,1H3,(H,5,6)",FERIUCNNQQJTOY-UHFFFAOYSA-N
2474,butyl acetate,9.26,103999-06-0,CCCCOC(C)=O,7,25,https://doi.org/10.1021/acs.est.4c11950,alcohol,Oxygenated organics,"InChI=1S/C6H12O2/c1-3-4-5-8-6(2)7/h3-5H2,1-2H3",DKPFZGUDAPQIHT-UHFFFAOYSA-N
2475,butyl ammonium ion,9.74,14158-23-7,CCCC[NH3+],4,25,NIST,alkane,Aliphatic hydrocarbons,"InChI=1S/C4H11N/c1-2-3-4-5/h2-5H2,1H3/p+1",HQABUPZFAYXKJW-UHFFFAOYSA-O
2476,butyl ammonium ion,9.46,14158-23-7,CCCC[NH3+],7,25,NIST,alkane,Aliphatic hydrocarbons,"InChI=1S/C4H11N/c1-2-3-4-5/h2-5H2,1H3/p+1",HQABUPZFAYXKJW-UHFFFAOYSA-O
2477,butyl ammonium ion,9.51,14158-23-7,CCCC[NH3+],10,25,https://doi.org/10.1021/acs.est.4c11950,alkane,Aliphatic hydrocarbons,"InChI=1S/C4H11N/c1-2-3-4-5/h2-5H2,1H3/p+1",HQABUPZFAYXKJW-UHFFFAOYSA-O
2478,butyl ester acrylic acid,9.74,26062-01-1,C=CC(=O)OCCCC,7,25,NIST,alcohol,Oxygenated organics,"InChI=1S/C7H12O2/c1-3-5-6-9-7(8)4-2/h4H,2-3,5-6H2,1H3",CQEYYJKEWSMYFG-UHFFFAOYSA-N
2479,butyl methacrylate,10.08,29356-88-5,C=C(C)C(=O)OCCCC,7,25,NIST,alcohol,Oxygenated organics,"InChI=1S/C8H14O2/c1-4-5-6-10-8(9)7(2)3/h2,4-6H2,1,3H3",SOGAXMICEFXMKE-UHFFFAOYSA-N
2480,butylated hydroxyanisole,9.87,1026388-88-4,COc1ccc(O)c(C(C)(C)C)c1,7,25,https://doi.org/10.1021/acs.est.4c11950,alcohol,Oxygenated organics,"InChI=1S/C11H16O2/c1-11(2,3)9-7-8(13-4)5-6-10(9)12/h5-7,12H,1-4H3",MRBKEAMVRSLQPH-UHFFFAOYSA-N
2481,butylbenzyl phthalate,9.6,72170-45-7,CCCCC(OC(=O)c1ccccc1C(=O)O)c1ccccc1,7,25,https://doi.org/10.1021/acs.est.4c11950,benzene,Aromatic & PAHs,"InChI=1S/C19H20O4/c1-2-3-13-17(14-9-5-4-6-10-14)23-19(22)16-12-8-7-11-15(16)18(20)21/h4-12,17H,2-3,13H2,1H3,(H,20,21)",NCDVYJJVDGHRLO-UHFFFAOYSA-N
2482,butylnaphthalenesulfonate ion,10.3,46873-48-7,CCCCc1ccc2ccccc2c1S(=O)(=O)[O-],7,25,NIST,"sulfide, disulfide",Sulfur-containing organics,"InChI=1S/C14H16O3S/c1-2-3-6-12-10-9-11-7-4-5-8-13(11)14(12)18(15,16)17/h4-5,7-10H,2-3,6H2,1H3,(H,15,16,17)/p-1",BMRVLXHIZWDOOK-UHFFFAOYSA-M
2483,butylsulfate ion,9,880171-44-8,CCCCOS(=O)(=O)O,7,25,NIST,"sulfide, disulfide",Sulfur-containing organics,"InChI=1S/C4H10O4S/c1-2-3-4-8-9(5,6)7/h2-4H2,1H3,(H,5,6,7)",ZTHQBROSBNNGPU-UHFFFAOYSA-N
2484,butyltrimethyl ammonium ion,9.25,14158-23-7,CCCC[N+](C)(C)C.[I-],7,25,NIST,alkane,Aliphatic hydrocarbons,"InChI=1S/C7H18N.HI/c1-5-6-7-8(2,3)4;/h5-7H2,1-4H3;1H/q+1;/p-1",XWBIZYHDVFHTID-UHFFFAOYSA-M
2485,butyraldehyde,9.591064607,123-72-8,CCCC=O,,,https://doi.org/10.1021/acsestengg.5c00194,alkane,Aliphatic hydrocarbons,"InChI=1S/C4H8O/c1-2-3-4-5/h4H,2-3H2,1H3",ZTQSAGDEMFDKMZ-UHFFFAOYSA-N
2486,butyraldehyde,9.59,1527-98-6,CCCC=O,2,25,https://doi.org/10.1021/acs.est.4c11950,alkane,Aliphatic hydrocarbons,"InChI=1S/C4H8O/c1-2-3-4-5/h4H,2-3H2,1H3",ZTQSAGDEMFDKMZ-UHFFFAOYSA-N
2487,butyraldehyde,9.59,1527-98-6,CCCC=O,5.9,25,https://doi.org/10.1021/acs.est.4c11950,alkane,Aliphatic hydrocarbons,"InChI=1S/C4H8O/c1-2-3-4-5/h4H,2-3H2,1H3",ZTQSAGDEMFDKMZ-UHFFFAOYSA-N
2488,butyrate,9.3,109-21-7,CCCC(=O)[O-],9,25,https://doi.org/10.1021/acs.est.4c11950,alkane,Aliphatic hydrocarbons,"InChI=1S/C4H8O2/c1-2-3-4(5)6/h2-3H2,1H3,(H,5,6)/p-1",FERIUCNNQQJTOY-UHFFFAOYSA-M
2489,butyric acid,9.34,73607-83-7,CCCC(O)=O,2,25,https://doi.org/10.1021/acs.est.4c11950,alkane,Aliphatic hydrocarbons,"InChI=1S/C4H8O2/c1-2-3-4(5)6/h2-3H2,1H3,(H,5,6)",FERIUCNNQQJTOY-UHFFFAOYSA-N
2490,butyric acid,9.342422681,73607-83-7,CCCC(=O)O,,,https://doi.org/10.1021/acs.est.1c04968,alkane,Aliphatic hydrocarbons,"InChI=1S/C4H8O2/c1-2-3-4(5)6/h2-3H2,1H3,(H,5,6)",FERIUCNNQQJTOY-UHFFFAOYSA-N
2491,butyric acid,9.342422681,107-92-6,CCCC(=O)O,,,https://doi.org/10.1021/acsestengg.5c00207,alkane,Aliphatic hydrocarbons,"InChI=1S/C4H8O2/c1-2-3-4(5)6/h2-3H2,1H3,(H,5,6)",FERIUCNNQQJTOY-UHFFFAOYSA-N
2492,caffeate ion,10.16,156186-67-3,O=C(O)/C=C\c1ccc(O)c(O)c1,7,25,NIST,benzene,Aromatic & PAHs,"InChI=1S/C9H8O4/c10-7-3-1-6(5-8(7)11)2-4-9(12)13/h1-5,10-11H,(H,12,13)/b4-2-",QAIPRVGONGVQAS-RQOWECAXSA-N
2493,caffeine,9.84,78072-66-9,Cn1cnc2N(C)C(=O)N(C)C(=O)c12,7,25,https://doi.org/10.1021/acs.est.4c11950,halogenated,Halogenated organics,"InChI=1S/C8H10N4O2/c1-10-4-9-6-5(10)7(13)12(3)8(14)11(6)2/h4H,1-3H3",RYYVLZVUVIJVGH-UHFFFAOYSA-N
2494,caffeine,9.838849091,78072-66-9,Cn1c(=O)c2c(ncn2C)n(C)c1=O,,,https://doi.org/10.1021/acs.est.1c05234,halogenated,Halogenated organics,"InChI=1S/C8H10N4O2/c1-10-4-9-6-5(10)7(13)12(3)8(14)11(6)2/h4H,1-3H3",RYYVLZVUVIJVGH-UHFFFAOYSA-N
2495,caffeine,9.838849091,58-08-2,CN1C=NC2=C1C(=O)N(C(=O)N2C)C,,,https://doi.org/10.1021/acsestengg.5c00513,halogenated,Halogenated organics,"InChI=1S/C8H10N4O2/c1-10-4-9-6-5(10)7(13)12(3)8(14)11(6)2/h4H,1-3H3",RYYVLZVUVIJVGH-UHFFFAOYSA-N
2496,caffeoylputrescine,10,1400-81-3,NCCCCNC(=O)/C=C/c1ccc(O)c(O)c1,7.4,25,NIST,benzene,Aromatic & PAHs,"InChI=1S/C13H18N2O3/c14-7-1-2-8-15-13(18)6-4-10-3-5-11(16)12(17)9-10/h3-6,9,16-17H,1-2,7-8,14H2,(H,15,18)/b6-4+",KTZNZCYTXQYEHT-GQCTYLIASA-N
2497,camphor,9.61,464-49-3,CC12CCC(CC1=O)C2(C)C,9.2,25,NIST,alkane,Aliphatic hydrocarbons,"InChI=1S/C10H16O/c1-9(2)7-4-5-10(9,3)8(11)6-7/h7H,4-6H2,1-3H3",DSSYKIVIOFKYAU-UHFFFAOYSA-N
2498,caprylic acid,9.68,2915369-96-7,CCCCCCCC(O)=O,2,25,https://doi.org/10.1021/acs.est.4c11950,alkane,Aliphatic hydrocarbons,"InChI=1S/C8H16O2/c1-2-3-4-5-6-7-8(9)10/h2-7H2,1H3,(H,9,10)",WWZKQHOCKIZLMA-UHFFFAOYSA-N
2499,captopril,9.79,1356383-38-4,C[C@H](CS)C(=O)N1CCC[C@H]1C(=O)O,7.4,25,NIST,halogenated,Halogenated organics,"InChI=1S/C9H15NO3S/c1-6(5-14)8(11)10-4-2-3-7(10)9(12)13/h6-7,14H,2-5H2,1H3,(H,12,13)/t6-,7+/m1/s1",FAKRSMQSSFJEIM-RQJHMYQMSA-N
2500,captopril,10.45,1356383-38-4,C[C@H](CS)C(=O)N1CCC[C@H]1C(=O)O,6.8,25,NIST,halogenated,Halogenated organics,"InChI=1S/C9H15NO3S/c1-6(5-14)8(11)10-4-2-3-7(10)9(12)13/h6-7,14H,2-5H2,1H3,(H,12,13)/t6-,7+/m1/s1",FAKRSMQSSFJEIM-RQJHMYQMSA-N
2501,carbamazepine,9.94,1189902-21-3,NC(=O)N1c2ccccc2C=Cc2ccccc21,7,25,https://doi.org/10.1021/acs.est.4c11950,benzene,Aromatic & PAHs,"InChI=1S/C15H12N2O/c16-15(18)17-13-7-3-1-5-11(13)9-10-12-6-2-4-8-14(12)17/h1-10H,(H2,16,18)",FFGPTBGBLSHEPO-UHFFFAOYSA-N
2502,carbaryl,10.48,1433961-56-8,CNC(=O)OC1=CC=CC2=CC=CC=C21,7,25,10.1002/kin.20129,alcohol,Oxygenated organics,"InChI=1S/C12H11NO2/c1-13-12(14)15-11-8-4-6-9-5-2-3-7-10(9)11/h2-8H,1H3,(H,13,14)",CVXBEEMKQHEXEN-UHFFFAOYSA-N
2503,carbendazim,9.34,276680-08-1,COC(=O)NC1=NC2=CC=CC=C2N1,7,25,10.1007/s10311-002-0010-7,alcohol,Oxygenated organics,"InChI=1S/C9H9N3O2/c1-14-9(13)12-8-10-6-4-2-3-5-7(6)11-8/h2-5H,1H3,(H2,10,11,12,13)",TWFZGCMQGLPBSX-UHFFFAOYSA-N
2504,carbofuran,9.51,2140327-57-5,CNC(=O)Oc1cccc2c1OC(C)(C)C2,7,25,https://doi.org/10.1021/acs.est.4c11950,diol,Polyfunctional / highly functionalized,"InChI=1S/C12H15NO3/c1-12(2)7-8-5-4-6-9(10(8)16-12)15-11(14)13-3/h4-6H,7H2,1-3H3,(H,13,14)",DUEPRVBVGDRKAG-UHFFFAOYSA-N
2505,carbon disulfide,9.9,30860-31-2,C(=S)=S,7.6,25,https://doi.org/10.1021/acs.est.4c11950,"sulfide, disulfide",Sulfur-containing organics,InChI=1S/CS2/c2-1-3,QGJOPFRUJISHPQ-UHFFFAOYSA-N
2506,carbonate ion,8.6,3812-32-6,O=C([O-])[O-],7,25,NIST,halogenated,Halogenated organics,"InChI=1S/CH2O3/c2-1(3)4/h(H2,2,3,4)/p-2",BVKZGUZCCUSVTD-UHFFFAOYSA-L
2507,carbonate ion,8.62,3812-32-6,O=C([O-])[O-],11.6,25,NIST,halogenated,Halogenated organics,"InChI=1S/CH2O3/c2-1(3)4/h(H2,2,3,4)/p-2",BVKZGUZCCUSVTD-UHFFFAOYSA-L
2508,carbonate ion,8.54,3812-32-6,O=C([O-])[O-],11,25,NIST,halogenated,Halogenated organics,"InChI=1S/CH2O3/c2-1(3)4/h(H2,2,3,4)/p-2",BVKZGUZCCUSVTD-UHFFFAOYSA-L
2509,carbonate ion,8.6,3812-32-6,O=C([O-])[O-],10.6,25,NIST,halogenated,Halogenated organics,"InChI=1S/CH2O3/c2-1(3)4/h(H2,2,3,4)/p-2",BVKZGUZCCUSVTD-UHFFFAOYSA-L
2510,carbonic anhydrase,10.81,9001-03-0,Cc1ccc(S(=O)(=O)N[C@@H]2C=CCC[C@@H]2O)cc1,7,25,NIST,cyclo,Aromatic & PAHs,"InChI=1S/C13H17NO3S/c1-10-6-8-11(9-7-10)18(16,17)14-12-4-2-3-5-13(12)15/h2,4,6-9,12-15H,3,5H2,1H3/t12-,13+/m1/s1",BVLQHNHKBYHNET-OLZOCXBDSA-N
2511,carboxypeptidase A,10.84,9046-67-7,C[C@H](NC(=O)CCC(=O)O)C(=O)N[C@@H](C)C(=O)N1CCC[C@H]1C(=O)N[C@@H](Cc1ccccc1)C(=O)SCc1ccccc1,7.8,25,NIST,"sulfide, disulfide",Sulfur-containing organics,"InChI=1S/C31H38N4O7S/c1-20(32-26(36)15-16-27(37)38)28(39)33-21(2)30(41)35-17-9-14-25(35)29(40)34-24(18-22-10-5-3-6-11-22)31(42)43-19-23-12-7-4-8-13-23/h3-8,10-13,20-21,24-25H,9,14-19H2,1-2H3,(H,32,36)(H,33,39)(H,34,40)(H,37,38)/t20-,21-,24-,25-/m0/s1",TWURVFFNODFJBJ-NBMBROAQSA-N
2512,carmine,10.11,91254-20-5,Cc1c(C(=O)O)c(O)cc2c1C(=O)c1c(O)c([C@H]3O[C@H](CO)[C@@H](O)[C@H](O)[C@H]3O)c(O)c(O)c1C2=O,7.4,25,NIST,diol,Polyfunctional / highly functionalized,"InChI=1S/C22H20O13/c1-4-8-5(2-6(24)9(4)22(33)34)13(25)10-11(15(8)27)16(28)12(18(30)17(10)29)21-20(32)19(31)14(26)7(3-23)35-21/h2,7,14,19-21,23-24,26,28-32H,3H2,1H3,(H,33,34)/t7-,14-,19+,20-,21-/m1/s1",DGQLVPJVXFOQEV-NGOCYOHBSA-N
2513,carnosine,9.98,9023-61-4,NCCC(=O)N[C@@H](Cc1cnc[nH]1)C(=O)O,10.2,25,NIST,halogenated,Halogenated organics,"InChI=1S/C9H14N4O3/c10-2-1-8(14)13-7(9(15)16)3-6-4-11-5-12-6/h4-5,7H,1-3,10H2,(H,11,12)(H,13,14)(H,15,16)/t7-/m0/s1",CQOVPNPJLQNMDC-ZETCQYMHSA-N
2514,carnosine,9.51,9023-61-4,NCCC(=O)N[C@@H](Cc1cnc[nH]1)C(=O)O,7,25,https://doi.org/10.1021/acs.est.4c11950,halogenated,Halogenated organics,"InChI=1S/C9H14N4O3/c10-2-1-8(14)13-7(9(15)16)3-6-4-11-5-12-6/h4-5,7H,1-3,10H2,(H,11,12)(H,13,14)(H,15,16)/t7-/m0/s1",CQOVPNPJLQNMDC-ZETCQYMHSA-N
2515,carnosine,9.73,9023-61-4,NCCC(=O)N[C@@H](Cc1cnc[nH]1)C(=O)O,7.4,25,NIST,halogenated,Halogenated organics,"InChI=1S/C9H14N4O3/c10-2-1-8(14)13-7(9(15)16)3-6-4-11-5-12-6/h4-5,7H,1-3,10H2,(H,11,12)(H,13,14)(H,15,16)/t7-/m0/s1",CQOVPNPJLQNMDC-ZETCQYMHSA-N
2516,carnosine,9.48,9023-61-4,NCCC(=O)N[C@@H](Cc1cnc[nH]1)C(=O)O,4,25,NIST,halogenated,Halogenated organics,"InChI=1S/C9H14N4O3/c10-2-1-8(14)13-7(9(15)16)3-6-4-11-5-12-6/h4-5,7H,1-3,10H2,(H,11,12)(H,13,14)(H,15,16)/t7-/m0/s1",CQOVPNPJLQNMDC-ZETCQYMHSA-N
2517,catalase,10.9,9001-35-8,CCOC(=O)c1ccc(O)cc1,7.5,25,NIST,alcohol,Oxygenated organics,"InChI=1S/C9H10O3/c1-2-12-9(11)7-3-5-8(10)6-4-7/h3-6,10H,2H2,1H3",NUVBSKCKDOMJSU-UHFFFAOYSA-N
2518,catalase,11.15,9001-35-8,CCOC(=O)c1ccc(O)cc1,7,25,NIST,alcohol,Oxygenated organics,"InChI=1S/C9H10O3/c1-2-12-9(11)7-3-5-8(10)6-4-7/h3-6,10H,2H2,1H3",NUVBSKCKDOMJSU-UHFFFAOYSA-N
2519,catechin,9.11,52891-13-1,Oc1cc(O)c2c(c1)O[C@H](c1ccc(O)c(O)c1)[C@@H](O)C2,7,25,https://doi.org/10.1021/acs.est.4c11950,alcohol,Oxygenated organics,"InChI=1S/C15H14O6/c16-8-4-11(18)9-6-13(20)15(21-14(9)5-8)7-1-2-10(17)12(19)3-7/h1-5,13,15-20H,6H2/t13-,15+/m0/s1",PFTAWBLQPZVEMU-DZGCQCFKSA-N
2520,cefazolin,9.81,1391053-58-9,Cc1nnc(SCC2=C(C(=O)O)N3C(=O)[C@@H](NC(=O)Cn4cnnn4)[C@H]3SC2)s1,7,25,10.1021/jp104509t,"sulfide, disulfide",Sulfur-containing organics,"InChI=1S/C14H14N8O4S3/c1-6-17-18-14(29-6)28-4-7-3-27-12-9(11(24)22(12)10(7)13(25)26)16-8(23)2-21-5-15-19-20-21/h5,9,12H,2-4H2,1H3,(H,16,23)(H,25,26)/t9-,12-/m1/s1",MLYYVTUWGNIJIB-BXKDBHETSA-N
2521,cefotaxime anion,10.07,65715-12-0,CO/N=C(\C(=O)N[C@@H]1C(=O)N2C(C(=O)O)=C(COC(C)=O)CS[C@H]12)c1csc(N)n1,7,25,NIST,diol,Polyfunctional / highly functionalized,"InChI=1S/C16H17N5O7S2/c1-6(22)28-3-7-4-29-14-10(13(24)21(14)11(7)15(25)26)19-12(23)9(20-27-2)8-5-30-16(17)18-8/h5,10,14H,3-4H2,1-2H3,(H2,17,18)(H,19,23)(H,25,26)/b20-9-/t10-,14-/m1/s1",GPRBEKHLDVQUJE-QSWIMTSFSA-N
2522,ceftazidime,9.9,1393723-27-7,CC(C)(O/N=C(\C(=O)N[C@@H]1C(=O)N2C(C(=O)[O-])=C(C[n+]3ccccc3)CS[C@H]12)c1csc(N)n1)C(=O)O,7,25,https://doi.org/10.1021/acs.est.4c11950,"sulfide, disulfide",Sulfur-containing organics,"InChI=1S/C22H22N6O7S2/c1-22(2,20(33)34)35-26-13(12-10-37-21(23)24-12)16(29)25-14-17(30)28-15(19(31)32)11(9-36-18(14)28)8-27-6-4-3-5-7-27/h3-7,10,14,18H,8-9H2,1-2H3,(H4-,23,24,25,29,31,32,33,34)/b26-13-/t14-,18-/m1/s1",ORFOPKXBNMVMKC-DWVKKRMSSA-N
2523,cephalexin,9.93,2101505-56-8,CC1=C(C(=O)O)N2C(=O)[C@@H](NC(=O)[C@H](N)c3ccccc3)[C@H]2SC1,7,25,https://doi.org/10.1021/acs.est.4c11950,"sulfide, disulfide",Sulfur-containing organics,"InChI=1S/C16H17N3O4S/c1-8-7-24-15-11(14(21)19(15)12(8)16(22)23)18-13(20)10(17)9-5-3-2-4-6-9/h2-6,10-11,15H,7,17H2,1H3,(H,18,20)(H,22,23)/t10-,11-,15-/m1/s1",ZAIPMKNFIOOWCQ-UEKVPHQBSA-N
2524,chip,8.85,,CC(C)N.CC(C)N.[Cl-].[Cl-].[OH-].[OH-].[Pt+4],7,25,NIST,diol,Polyfunctional / highly functionalized,"InChI=1S/2C3H9N.2ClH.2H2O.Pt/c2*1-3(2)4;;;;;/h2*3H,4H2,1-2H3;2*1H;2*1H2;/q;;;;;;+4/p-4",FXSKHQLAUMGYJK-UHFFFAOYSA-J
2525,chloral hydrate,9.491361694,302-17-0,C(C(Cl)(Cl)Cl)(O)O,,,https://doi.org/10.1021/acsestengg.5c00250,alkane,Aliphatic hydrocarbons,"InChI=1S/C2H3Cl3O2/c3-2(4,5)1(6)7/h1,6-7H",RNFNDJAIBTYOQL-UHFFFAOYSA-N
2526,chloral hydrate,9.49,302-17-0,OC(O)C(Cl)(Cl)Cl,7,25,https://doi.org/10.1021/acs.est.4c11950,alcohol,Oxygenated organics,"InChI=1S/C2H3Cl3O2/c3-2(4,5)1(6)7/h1,6-7H",RNFNDJAIBTYOQL-UHFFFAOYSA-N
2527,chloramphenicol,9.76,579-51-1,O=C(NC(CO)C(O)c1ccc([N+](=O)[O-])cc1)C(Cl)Cl,7,25,https://doi.org/10.1021/acs.est.4c11950,cyclo,Aromatic & PAHs,"InChI=1S/C11H12Cl2N2O5/c12-10(13)11(18)14-8(5-16)9(17)6-1-3-7(4-2-6)15(19)20/h1-4,8-10,16-17H,5H2,(H,14,18)",WIIZWVCIJKGZOK-UHFFFAOYSA-N
2528,chlordane,8.78,155681-23-5,ClC1=C(Cl)C2(Cl)C3C(Cl)C(Cl)CC3C1(Cl)C2(Cl)Cl,3.3,25,NIST,cyclo,Aromatic & PAHs,"InChI=1S/C10H6Cl8/c11-3-1-2-4(5(3)12)9(16)7(14)6(13)8(2,15)10(9,17)18/h2-5H,1H2",BIWJNBZANLAXMG-UHFFFAOYSA-N
2529,chlorfenvinphos,9.51,1346606-54-9,CCOP(=O)(OCC)O/C(=C\Cl)c1ccc(Cl)cc1Cl,7,25,https://doi.org/10.1021/acs.est.4c11950,benzene,Aromatic & PAHs,"InChI=1S/C12H14Cl3O4P/c1-3-17-20(16,18-4-2)19-12(8-13)10-6-5-9(14)7-11(10)15/h5-8H,3-4H2,1-2H3/b12-8-",FSAVDKDHPDSCTO-WQLSENKSSA-N
2530,chlorimuron-ethyl,9.34,252557-66-7,CCOC(=O)C1=CC=CC=C1S(=O)(=O)NC(=O)NC2=NC(=CC(=N2)Cl)OC,7,25,10.1002/jsfa.7258,diol,Polyfunctional / highly functionalized,"InChI=1S/C15H15ClN4O6S/c1-3-26-13(21)9-6-4-5-7-10(9)27(23,24)20-15(22)19-14-17-11(16)8-12(18-14)25-2/h4-8H,3H2,1-2H3,(H2,17,18,19,20,22)",NSWAMPCUPHPTTC-UHFFFAOYSA-N
2531,chloro dibromo methane,7.919078092,124-48-1,C(Cl)(Br)Br,,,https://doi.org/10.1021/acsestengg.5c00231,halogenated,Halogenated organics,InChI=1S/CHBr2Cl/c2-1(3)4/h1H,GATVIKZLVQHOMN-UHFFFAOYSA-N
2532,chloro(diethylenetriamine)platinum(II) ion,9.94,22542-10-5,NCCNCCN.[Cl].[Pt+2],7,25,NIST,phosphorus,Phosphorus-containing organics,"InChI=1S/C4H13N3.Cl.Pt/c5-1-3-7-4-2-6;;/h7H,1-6H2;;/q;;+2",XXVFCJQVMKLLSG-UHFFFAOYSA-N
2533,chloro(tetraethyldiethylenetriamine)platinum(II) ion,9.32,22542-10-5,CCN(CC)C(CC)(CC)CNCCN.Cl[Pt+],7,25,NIST,alkane,Aliphatic hydrocarbons,"InChI=1S/C12H29N3.ClH.Pt/c1-5-12(6-2,11-14-10-9-13)15(7-3)8-4;;/h14H,5-11,13H2,1-4H3;1H;/q;;+2/p-1",CXAGLGCXZDQVNH-UHFFFAOYSA-M
2534,chloro-nitromethane,8.28780173,32480-00-5,[O-][N+](=O)CCl,,,https://doi.org/10.1021/acs.est.1c04362,halogenated,Halogenated organics,InChI=1S/CH2ClNO2/c2-1-3(4)5/h1H2,CGKPGVZMSKVVOF-UHFFFAOYSA-N
2535,chloroacetaldehyde,9.08,34789-09-8,O=CCCl,7,25,https://doi.org/10.1021/acs.est.4c11950,halogenated,Halogenated organics,"InChI=1S/C2H3ClO/c3-1-2-4/h2H,1H2",QSKPIOLLBIHNAC-UHFFFAOYSA-N
2536,chloroacetic acid,7.63,4015-58-1,OC(=O)CCl,1,25,NIST,alcohol,Oxygenated organics,"InChI=1S/C2H3ClO2/c3-1-2(4)5/h1H2,(H,4,5)",FOCAUTSVDIKZOP-UHFFFAOYSA-N
2537,chloroacetic acid,7.633468456,4015-58-1,O=C(O)CCl,,,https://doi.org/10.1021/acs.est.1c04784,halogenated,Halogenated organics,"InChI=1S/C2H3ClO2/c3-1-2(4)5/h1H2,(H,4,5)",FOCAUTSVDIKZOP-UHFFFAOYSA-N
2538,chloroacetic acid,7.88,4015-58-1,O=C([O-])CCl,6.2,25,NIST,halogenated,Halogenated organics,"InChI=1S/C2H3ClO2/c3-1-2(4)5/h1H2,(H,4,5)/p-1",FOCAUTSVDIKZOP-UHFFFAOYSA-M
2539,chloroacetic acid,8.6,4015-58-1,O=C([O-])CCl,7,25,NIST,halogenated,Halogenated organics,"InChI=1S/C2H3ClO2/c3-1-2(4)5/h1H2,(H,4,5)/p-1",FOCAUTSVDIKZOP-UHFFFAOYSA-M
2540,chloroacetic acid,7.633468456,79-11-8,C(C(=O)O)Cl,,,https://doi.org/10.1021/acsestengg.5c00227,halogenated,Halogenated organics,"InChI=1S/C2H3ClO2/c3-1-2(4)5/h1H2,(H,4,5)",FOCAUTSVDIKZOP-UHFFFAOYSA-N
2541,chloroacetic acid,7.54,4015-58-1,OC(=O)CCl,7,25,https://doi.org/10.1021/acs.est.4c11950,alcohol,Oxygenated organics,"InChI=1S/C2H3ClO2/c3-1-2(4)5/h1H2,(H,4,5)",FOCAUTSVDIKZOP-UHFFFAOYSA-N
2542,chloroacetonitrile,7.48,1250587-61-1,N#CCCl,7,25,https://doi.org/10.1021/acs.est.4c11950,halogenated,Halogenated organics,InChI=1S/C2H2ClN/c3-1-2-4/h1H2,RENMDAKOXSCIGH-UHFFFAOYSA-N
2543,chlorobenzene,9.63,12082-03-0,Clc1ccccc1,7,25,https://doi.org/10.1021/acs.est.4c11950,benzene,Aromatic & PAHs,InChI=1S/C6H5Cl/c7-6-4-2-1-3-5-6/h1-5H,MVPPADPHJFYWMZ-UHFFFAOYSA-N
2544,chlorobenzene,9.65,12082-03-0,Clc1ccccc1,9,25,https://doi.org/10.1021/acs.est.4c11950,benzene,Aromatic & PAHs,InChI=1S/C6H5Cl/c7-6-4-2-1-3-5-6/h1-5H,MVPPADPHJFYWMZ-UHFFFAOYSA-N
2545,chlorobenzene,9.633468456,108-90-7,C1=CC=C(C=C1)Cl,,,https://doi.org/10.1021/acsestengg.5c00381,halogenated,Halogenated organics,InChI=1S/C6H5Cl/c7-6-4-2-1-3-5-6/h1-5H,MVPPADPHJFYWMZ-UHFFFAOYSA-N
2546,chlorobenzene,9.81,12082-03-0,Clc1ccccc1,10.7,25,https://doi.org/10.1021/acs.est.4c11950,benzene,Aromatic & PAHs,InChI=1S/C6H5Cl/c7-6-4-2-1-3-5-6/h1-5H,MVPPADPHJFYWMZ-UHFFFAOYSA-N
2547,chlorobenzene,9.63,12082-03-0,Clc1ccccc1,3.5,25,NIST,benzene,Aromatic & PAHs,InChI=1S/C6H5Cl/c7-6-4-2-1-3-5-6/h1-5H,MVPPADPHJFYWMZ-UHFFFAOYSA-N
2548,chlorodibromomethane,7.92,124-48-1,ClC(Br)Br,7,25,https://doi.org/10.1021/acs.est.4c11950,halogenated,Halogenated organics,InChI=1S/CHBr2Cl/c2-1(3)4/h1H,GATVIKZLVQHOMN-UHFFFAOYSA-N
2549,chlorodiiodomethane,9.91,638-73-3,ClC(I)I,7,25,https://doi.org/10.1021/acs.est.4c11950,halogenated,Halogenated organics,InChI=1S/CHClI2/c2-1(3)4/h1H,RYPFDEIVUZVDCE-UHFFFAOYSA-N
2550,chlorodiiodomethane,9.913813852,638-73-3,ClC(I)I,,,https://doi.org/10.1021/acs.est.1c04332,halogenated,Halogenated organics,InChI=1S/CHClI2/c2-1(3)4/h1H,RYPFDEIVUZVDCE-UHFFFAOYSA-N
2551,chloroform,7.146128036,67-66-3,C(Cl)(Cl)Cl,,,https://doi.org/10.1021/acsestengg.5c00252,alkane,Aliphatic hydrocarbons,InChI=1S/CHCl3/c2-1(3)4/h1H,HEDRZPFGACZZDS-UHFFFAOYSA-N
2552,chloroform,6.7,67-66-3,ClC(Cl)Cl,5.7,25,NIST,halogenated,Halogenated organics,InChI=1S/CHCl3/c2-1(3)4/h1H,HEDRZPFGACZZDS-UHFFFAOYSA-N
2553,chloroform,7.15,67-66-3,ClC(Cl)Cl,9,25,https://doi.org/10.1021/acs.est.4c11950,halogenated,Halogenated organics,InChI=1S/CHCl3/c2-1(3)4/h1H,HEDRZPFGACZZDS-UHFFFAOYSA-N
2554,chloroform,7.26,67-66-3,ClC(Cl)Cl,0.4,25,https://doi.org/10.1021/acs.est.4c11950,halogenated,Halogenated organics,InChI=1S/CHCl3/c2-1(3)4/h1H,HEDRZPFGACZZDS-UHFFFAOYSA-N
2555,chloroform,7.7,67-66-3,ClC(Cl)Cl,2.8,24,https://doi.org/10.1021/acs.est.4c11950,halogenated,Halogenated organics,InChI=1S/CHCl3/c2-1(3)4/h1H,HEDRZPFGACZZDS-UHFFFAOYSA-N
2556,chloroform,7.73,67-66-3,ClC(Cl)Cl,8.5,25,NIST,halogenated,Halogenated organics,InChI=1S/CHCl3/c2-1(3)4/h1H,HEDRZPFGACZZDS-UHFFFAOYSA-N
2557,chloroiodomethane,9.6,816444-86-7,ClCI,7,25,https://doi.org/10.1021/acs.est.4c11950,halogenated,Halogenated organics,InChI=1S/CH2ClI/c2-1-3/h1H2,PJGJQVRXEUVAFT-UHFFFAOYSA-N
2558,chloronitromethane,8.29,1794-84-9,[O-][N+](=O)CCl,7,17,https://doi.org/10.1021/acs.est.4c11950,halogenated,Halogenated organics,InChI=1S/CH2ClNO2/c2-1-3(4)5/h1H2,CGKPGVZMSKVVOF-UHFFFAOYSA-N
2559,chloronitromethane,8.28780173,1794-84-9,C([N+](=O)[O-])Cl,,,https://doi.org/10.1021/acsestengg.5c00280,halogenated,Halogenated organics,InChI=1S/CH2ClNO2/c2-1-3(4)5/h1H2,CGKPGVZMSKVVOF-UHFFFAOYSA-N
2560,chloronitromethane,8.28780173,1794-84-9,O=[N+]([O-])CCl,,,https://doi.org/10.1021/acs.est.1c05054,halogenated,Halogenated organics,InChI=1S/CH2ClNO2/c2-1-3(4)5/h1H2,CGKPGVZMSKVVOF-UHFFFAOYSA-N
2561,chlorophyllin,9.78,11006-34-1,C=CC1=C(C)C2=CC3=NC(=C(CC(=O)[O-])C4=NC(=C(C)C4=C([O-])[O-])C=c4[n-]c(c(C)c4CC)=CC1=N2)C(CCC(=O)[O-])C3C.[Cu+2].[Na+].[Na+].[Na+],7,25,NIST,diol,Polyfunctional / highly functionalized,"InChI=1S/C34H36N4O6.Cu.3Na/c1-7-19-15(3)23-12-25-17(5)21(9-10-29(39)40)32(37-25)22(11-30(41)42)33-31(34(43)44)18(6)26(38-33)14-28-20(8-2)16(4)24(36-28)13-27(19)35-23;;;;/h7,12-14,17,21H,1,8-11H2,2-6H3,(H5,35,36,37,38,39,40,41,42,43,44);;;;/q;+2;3*+1/p-5",HWDGVJUIHRPKFR-UHFFFAOYSA-I
2562,chloropicrin,7.7,76-06-2,C([N+](=O)[O-])(Cl)(Cl)Cl,7,25,https://doi.org/10.1021/acs.est.4c11950,halogenated,Halogenated organics,"InChI=1S/CCl3NO2/c2-1(3,4)5(6)7",LFHISGNCFUNFFM-UHFFFAOYSA-N
2563,chloroquine,9.86,1261396-19-3,CCN(CC)CCCC(C)Nc1ccnc2cc(Cl)ccc12,8.5,25,NIST,cyclo,Aromatic & PAHs,"InChI=1S/C18H26ClN3/c1-4-22(5-2)12-6-7-14(3)21-17-10-11-20-18-13-15(19)8-9-16(17)18/h8-11,13-14H,4-7,12H2,1-3H3,(H,20,21)",WHTVZRBIWZFKQO-UHFFFAOYSA-N
2564,chlorotoluron,9.875061263,15545-48-9,CC1=C(C=C(C=C1)NC(=O)N(C)C)Cl,,,https://doi.org/10.1021/acsestengg.5c00533,alkane,Aliphatic hydrocarbons,"InChI=1S/C10H13ClN2O/c1-7-4-5-8(6-9(7)11)12-10(14)13(2)3/h4-6H,1-3H3,(H,12,14)",JXCGFZXSOMJFOA-UHFFFAOYSA-N
2565,chlorpromazine,9.92,18683-73-3,CN(C)CCCN1c2ccccc2Sc2ccc(Cl)cc21,4,25,NIST,"sulfide, disulfide",Sulfur-containing organics,"InChI=1S/C17H19ClN2S/c1-19(2)10-5-11-20-14-6-3-4-7-16(14)21-17-9-8-13(18)12-15(17)20/h3-4,6-9,12H,5,10-11H2,1-2H3",ZPEIMTDSQAKGNT-UHFFFAOYSA-N
2566,chlorpromazine,9.94,18683-73-3,CN(C)CCCN1c2ccccc2Sc2ccc(Cl)cc21,3.5,25,NIST,"sulfide, disulfide",Sulfur-containing organics,"InChI=1S/C17H19ClN2S/c1-19(2)10-5-11-20-14-6-3-4-7-16(14)21-17-9-8-13(18)12-15(17)20/h3-4,6-9,12H,5,10-11H2,1-2H3",ZPEIMTDSQAKGNT-UHFFFAOYSA-N
2567,chlortetracycline,9.72,51209-76-8,CN(C)[C@@H]1C(=O)/C(=C(\N)O)C(=O)[C@@]2(O)C(=O)C3=C(O)c4c(O)ccc(Cl)c4[C@@](C)(O)[C@H]3C[C@@H]12,7,25,https://doi.org/10.1021/acs.est.4c11950,halogenated,Halogenated organics,"InChI=1S/C22H23ClN2O8/c1-21(32)7-6-8-15(25(2)3)17(28)13(20(24)31)19(30)22(8,33)18(29)11(7)16(27)12-10(26)5-4-9(23)14(12)21/h4-5,7-8,15,26-27,31-33H,6,24H2,1-3H3/b20-13-/t7-,8-,15-,21-,22-/m0/s1",WKZUQOQLOHMCQC-XHJBQRPKSA-N
2568,chlortetracycline,9.72,51209-76-8,CN(C)[C@@H]1C(O)=C(C(N)=O)C(=O)[C@@]2(O)C(O)=C3C(=O)c4c(O)ccc(Cl)c4[C@@](C)(O)[C@H]3C[C@@H]12,7,25,10.1016/j.chemosphere.2009.11.024,halogenated,Halogenated organics,"InChI=1S/C22H23ClN2O8/c1-21(32)7-6-8-15(25(2)3)17(28)13(20(24)31)19(30)22(8,33)18(29)11(7)16(27)12-10(26)5-4-9(23)14(12)21/h4-5,7-8,15,26,28-29,32-33H,6H2,1-3H3,(H2,24,31)/t7-,8-,15-,21-,22-/m0/s1",CYDMQBQPVICBEU-XRNKAMNCSA-N
2569,chlortoluron,9.88,37341-10-9,CN(C)C(=O)Nc1ccc(C)c(Cl)c1,3.3,20,https://doi.org/10.1021/acs.est.4c11950,benzene,Aromatic & PAHs,"InChI=1S/C10H13ClN2O/c1-7-4-5-8(6-9(7)11)12-10(14)13(2)3/h4-6H,1-3H3,(H,12,14)",JXCGFZXSOMJFOA-UHFFFAOYSA-N
2570,chromotropic acid,8.2,388633-48-5,O=S(=O)(O)c1cc(O)c2c(O)cc(S(=O)(=O)O)cc2c1,0.1,25,NIST,"sulfide, disulfide",Sulfur-containing organics,"InChI=1S/C10H8O8S2/c11-8-3-6(19(13,14)15)1-5-2-7(20(16,17)18)4-9(12)10(5)8/h1-4,11-12H,(H,13,14,15)(H,16,17,18)",HLVXFWDLRHCZEI-UHFFFAOYSA-N
2571,chymotrypsin,10.54,,O=C(O)CCC(=O)NCC(=O)NCC(=O)NC(Cc1ccccc1)C(=O)Nc1ccc([N+](=O)[O-])cc1,6.6,25,NIST,cyclo,Aromatic & PAHs,"InChI=1S/C23H25N5O8/c29-19(10-11-22(32)33)24-13-20(30)25-14-21(31)27-18(12-15-4-2-1-3-5-15)23(34)26-16-6-8-17(9-7-16)28(35)36/h1-9,18H,10-14H2,(H,24,29)(H,25,30)(H,26,34)(H,27,31)(H,32,33)",CFYIUBWVKZQDOG-UHFFFAOYSA-N
2572,chymotrypsin,10.57,,O=C(O)CCC(=O)NCC(=O)NCC(=O)NC(Cc1ccccc1)C(=O)Nc1ccc([N+](=O)[O-])cc1,6.9,25,NIST,cyclo,Aromatic & PAHs,"InChI=1S/C23H25N5O8/c29-19(10-11-22(32)33)24-13-20(30)25-14-21(31)27-18(12-15-4-2-1-3-5-15)23(34)26-16-6-8-17(9-7-16)28(35)36/h1-9,18H,10-14H2,(H,24,29)(H,25,30)(H,26,34)(H,27,31)(H,32,33)",CFYIUBWVKZQDOG-UHFFFAOYSA-N
2573,cimetidine,10.08,38603-74-6,CN/C(=N\C#N)NCCSCc1nc[nH]c1C,7,25,https://doi.org/10.1021/acs.est.4c11950,"sulfide, disulfide",Sulfur-containing organics,"InChI=1S/C10H16N6S/c1-8-9(16-7-15-8)5-17-4-3-13-10(12-2)14-6-11/h7H,3-5H2,1-2H3,(H,15,16)(H2,12,13,14)",AQIXAKUUQRKLND-UHFFFAOYSA-N
2574,cimetidine,10.08,38603-74-6,CN=C(NC#N)NCCSCc1nc[nH]c1C,7.4,25,NIST,"sulfide, disulfide",Sulfur-containing organics,"InChI=1S/C10H16N6S/c1-8-9(16-7-15-8)5-17-4-3-13-10(12-2)14-6-11/h7H,3-5H2,1-2H3,(H,15,16)(H2,12,13,14)",AQIXAKUUQRKLND-UHFFFAOYSA-N
2575,cinnamate ion,9.91,4151-45-5,O=C([O-])/C=C/c1ccccc1,6,25,NIST,benzene,Aromatic & PAHs,"InChI=1S/C9H8O2/c10-9(11)7-6-8-4-2-1-3-5-8/h1-7H,(H,10,11)/p-1/b7-6+",WBYWAXJHAXSJNI-VOTSOKGWSA-M
2576,ciprofloxacin,9.61,93398-92-6,O=C(O)c1cn(C2CC2)c2cc(N3CCNCC3)c(F)cc2c1=O,7,25,https://doi.org/10.1021/acs.est.4c11950,benzene,Aromatic & PAHs,"InChI=1S/C17H18FN3O3/c18-13-7-11-14(8-15(13)20-5-3-19-4-6-20)21(10-1-2-10)9-12(16(11)22)17(23)24/h7-10,19H,1-6H2,(H,23,24)",MYSWGUAQZAJSOK-UHFFFAOYSA-N
2577,cis-bis(glycinato)platinum(II),9.78,14281-82-4,NCC(=O)[O-].NCC(=O)[O-].[Pt+2],8.5,25,NIST,phosphorus,Phosphorus-containing organics,"InChI=1S/2C2H5NO2.Pt/c2*3-1-2(4)5;/h2*1,3H2,(H,4,5);/q;;+2/p-2",HFABJRIXDJWNLA-UHFFFAOYSA-L
2578,cis-bis(glycinato)platinum(II),10.18,14281-82-4,NCC(=O)[O-].NCC(=O)[O-].[Pt+2],7,25,NIST,phosphorus,Phosphorus-containing organics,"InChI=1S/2C2H5NO2.Pt/c2*3-1-2(4)5;/h2*1,3H2,(H,4,5);/q;;+2/p-2",HFABJRIXDJWNLA-UHFFFAOYSA-L
2579,citrate ion,8.18,126-44-3,O=C([O-])CC(O)(CC(=O)[O-])C(=O)[O-],3,25,NIST,diol,Polyfunctional / highly functionalized,"InChI=1S/C6H8O7/c7-3(8)1-6(13,5(11)12)2-4(9)10/h13H,1-2H2,(H,7,8)(H,9,10)(H,11,12)/p-3",KRKNYBCHXYNGOX-UHFFFAOYSA-K
2580,citric acid,7.698970004,5949-29-1,O=C(O)CC(O)(CC(=O)O)C(=O)O,,,https://doi.org/10.1021/acs.est.1c04570,diol,Polyfunctional / highly functionalized,"InChI=1S/C6H8O7/c7-3(8)1-6(13,5(11)12)2-4(9)10/h13H,1-2H2,(H,7,8)(H,9,10)(H,11,12)",KRKNYBCHXYNGOX-UHFFFAOYSA-N
2581,citric acid,7.698970004,77-92-9,C(C(=O)O)C(CC(=O)O)(C(=O)O)O,,,https://doi.org/10.1021/acsestengg.5c00224,diol,Polyfunctional / highly functionalized,"InChI=1S/C6H8O7/c7-3(8)1-6(13,5(11)12)2-4(9)10/h13H,1-2H2,(H,7,8)(H,9,10)(H,11,12)",KRKNYBCHXYNGOX-UHFFFAOYSA-N
2582,citric acid,7.7,5949-29-1,OC(=O)CC(O)(CC(O)=O)C(O)=O,1,25,https://doi.org/10.1021/acs.est.4c11950,diol,Polyfunctional / highly functionalized,"InChI=1S/C6H8O7/c7-3(8)1-6(13,5(11)12)2-4(9)10/h13H,1-2H2,(H,7,8)(H,9,10)(H,11,12)",KRKNYBCHXYNGOX-UHFFFAOYSA-N
2583,citrulline,9.08,197704-69-1,NC(=O)NCCC[C@H](N)C(=O)O,6.7,25,NIST,halogenated,Halogenated organics,"InChI=1S/C6H13N3O3/c7-4(5(10)11)2-1-3-9-6(8)12/h4H,1-3,7H2,(H,10,11)(H3,8,9,12)/t4-/m0/s1",RHGKLRLOHDJJDR-BYPYZUCNSA-N
2584,climbazole,10.09342169,1185117-79-6,CC(C)(C)C(=O)C(Oc1ccc(Cl)cc1)n1ccnc1,,,https://doi.org/10.1021/acs.est.1c05173,cyclo,Aromatic & PAHs,"InChI=1S/C15H17ClN2O2/c1-15(2,3)13(19)14(18-9-8-17-10-18)20-12-6-4-11(16)5-7-12/h4-10,14H,1-3H3",OWEGWHBOCFMBLP-UHFFFAOYSA-N
2585,climbazole,10.09,1185117-79-6,CC(C)(C)C(=O)C(Oc1ccc(Cl)cc1)n1ccnc1,7,25,https://doi.org/10.1021/acs.est.4c11950,cyclo,Aromatic & PAHs,"InChI=1S/C15H17ClN2O2/c1-15(2,3)13(19)14(18-9-8-17-10-18)20-12-6-4-11(16)5-7-12/h4-10,14H,1-3H3",OWEGWHBOCFMBLP-UHFFFAOYSA-N
2586,clofibric acid,9.72,72072-47-0,CC(C)(Oc1ccc(Cl)cc1)C(=O)O,7,25,https://doi.org/10.1021/acs.est.4c11950,alkane,Aliphatic hydrocarbons,"InChI=1S/C10H11ClO3/c1-10(2,9(12)13)14-8-5-3-7(11)4-6-8/h3-6H,1-2H3,(H,12,13)",TXCGAZHTZHNUAI-UHFFFAOYSA-N
2587,"cobalt(III) tris(2,2'-bipyridine)",9.43,19488-82-5,[Co+3].c1ccc(-c2ccccn2)nc1.c1ccc(-c2ccccn2)nc1.c1ccc(-c2ccccn2)nc1,7,25,NIST,cyclo,Aromatic & PAHs,InChI=1S/3C10H8N2.Co/c3*1-3-7-11-9(5-1)10-6-2-4-8-12-10;/h3*1-8H;/q;;;+3,UGUYOYKXOTZNIJ-UHFFFAOYSA-N
2588,coenzyme A,9.49,69412-18-6,CC(C)(COP(=O)(O)OP(=O)(O)OCC1OC(n2cnc3c(N)ncnc32)C(O)C1OP(=O)(O)O)C(O)C(=O)NCCC(=O)NCCS,7,25,NIST,diol,Polyfunctional / highly functionalized,"InChI=1S/C21H36N7O16P3S/c1-21(2,16(31)19(32)24-4-3-12(29)23-5-6-48)8-41-47(38,39)44-46(36,37)40-7-11-15(43-45(33,34)35)14(30)20(42-11)28-10-27-13-17(22)25-9-26-18(13)28/h9-11,14-16,20,30-31,48H,3-8H2,1-2H3,(H,23,29)(H,24,32)(H,36,37)(H,38,39)(H2,22,25,26)(H2,33,34,35)",RGJOEKWQDUBAIZ-UHFFFAOYSA-N
2589,concanavalin A,10.79,11028-71-0,CCCN(CCC)S(=O)(=O)c1ccc(C(=O)O)cc1.Cc1cn(C2CC(N=[N+]=[N-])C(CO)O2)c(=O)[nH]c1=O,7.2,25,NIST,diol,Polyfunctional / highly functionalized,"InChI=1S/C13H19NO4S.C10H13N5O4/c1-3-9-14(10-4-2)19(17,18)12-7-5-11(6-8-12)13(15)16;1-5-3-15(10(18)12-9(5)17)8-2-6(13-14-11)7(4-16)19-8/h5-8H,3-4,9-10H2,1-2H3,(H,15,16);3,6-8,16H,2,4H2,1H3,(H,12,17,18)",RVSZVJZFCQZYHQ-UHFFFAOYSA-N
2590,convicine,10.18,19286-37-4,Nc1[nH]c(=O)[nH]c(=O)c1O[C@@H]1O[C@H](CO)[C@@H](O)[C@H](O)[C@H]1O,7,25,https://doi.org/10.1021/acs.est.4c11950,diol,Polyfunctional / highly functionalized,"InChI=1S/C10H15N3O8/c11-7-6(8(18)13-10(19)12-7)21-9-5(17)4(16)3(15)2(1-14)20-9/h2-5,9,14-17H,1H2,(H4,11,12,13,18,19)/t2-,3-,4+,5-,9+/m1/s1",JJWYIMQKLTVAGZ-SYCVNHKBSA-N
2591,"copper ethane-1,2-diamine",9.48,29471-80-5,NCCN.NCCN.[Cu+2],6.5,25,NIST,halogenated,Halogenated organics,InChI=1S/2C2H8N2.Cu/c2*3-1-2-4;/h2*1-4H2;/q;;+2,ATSGLBOJGVTHHC-UHFFFAOYSA-N
2592,"copper ethane-1,3-diamine",9.7,29471-80-5,NCCN.NCCN.[Cu+2],10.2,25,NIST,halogenated,Halogenated organics,InChI=1S/2C2H8N2.Cu/c2*3-1-2-4;/h2*1-4H2;/q;;+2,ATSGLBOJGVTHHC-UHFFFAOYSA-N
2593,"copper ethane-1,4-diamine",9.9,29471-80-5,NCCN.NCCN.[Cu+2],11.2,25,NIST,halogenated,Halogenated organics,InChI=1S/2C2H8N2.Cu/c2*3-1-2-4;/h2*1-4H2;/q;;+2,ATSGLBOJGVTHHC-UHFFFAOYSA-N
2594,coumarin,9.3,68952-72-7,O=c1ccc2ccccc2o1,7,25,https://doi.org/10.1021/acs.est.4c11950,benzene,Aromatic & PAHs,InChI=1S/C9H6O2/c10-9-6-5-7-3-1-2-4-8(7)11-9/h1-6H,ZYGHJZDHTFUPRJ-UHFFFAOYSA-N
2595,crocetin,10.36,91740-80-6,CC(=C/C=C/C=C(C)/C=C/C=C(\C)C(O)=O)\C=C\C=C(/C)C(O)=O,5.9,25,https://doi.org/10.1021/acs.est.4c11950,alkane,Aliphatic hydrocarbons,"InChI=1S/C20H24O4/c1-15(11-7-13-17(3)19(21)22)9-5-6-10-16(2)12-8-14-18(4)20(23)24/h5-14H,1-4H3,(H,21,22)(H,23,24)/b6-5+,11-7+,12-8+,15-9+,16-10+,17-13+,18-14+",PANKHBYNKQNAHN-MQQNZMFNSA-N
2596,crocin,10.52,52841-81-3,CC(/C=C/C=C(\C)C(=O)O[C@@H]1O[C@H](CO[C@@H]2O[C@H](CO)[C@@H](O)[C@H](O)[C@H]2O)[C@@H](O)[C@H](O)[C@H]1O)=C\C=C\C=C(C)\C=C\C=C(/C)C(=O)O[C@@H]1O[C@H](CO[C@@H]2O[C@H](CO)[C@@H](O)[C@H](O)[C@H]2O)[C@@H](O)[C@H](O)[C@H]1O,5.9,25,NIST,diol,Polyfunctional / highly functionalized,"InChI=1S/C44H64O24/c1-19(11-7-13-21(3)39(59)67-43-37(57)33(53)29(49)25(65-43)17-61-41-35(55)31(51)27(47)23(15-45)63-41)9-5-6-10-20(2)12-8-14-22(4)40(60)68-44-38(58)34(54)30(50)26(66-44)18-62-42-36(56)32(52)28(48)24(16-46)64-42/h5-14,23-38,41-58H,15-18H2,1-4H3/b6-5+,11-7+,12-8+,19-9+,20-10+,21-13+,22-14+/t23-,24-,25-,26-,27-,28-,29-,30-,31+,32+,33+,34+,35-,36-,37-,38-,41-,42-,43+,44+/m1/s1",SEBIKDIMAPSUBY-RTJKDTQDSA-N
2597,crotonaldehyde,9.763427994,123-73-9,C/C=C/C=O,,,https://doi.org/10.1021/acsestengg.5c00363,halogenated,Halogenated organics,"InChI=1S/C4H6O/c1-2-3-4-5/h2-4H,1H3/b3-2+",MLUCVPSAIODCQM-NSCUHMNNSA-N
2598,crotonic acid,9.46,5707-59-5,C/C=C/C(=O)O,1,25,NIST,halogenated,Halogenated organics,"InChI=1S/C4H6O2/c1-2-3-4(5)6/h2-3H,1H3,(H,5,6)/b3-2+",LDHQCZJRKDOVOX-NSCUHMNNSA-N
2599,cumene,9.88,92112-58-8,CC(C)c1ccccc1,7,25,https://doi.org/10.1021/acs.est.4c11950,benzene,Aromatic & PAHs,"InChI=1S/C9H12/c1-8(2)9-6-4-3-5-7-9/h3-8H,1-2H3",RWGFKTVRMDUZSP-UHFFFAOYSA-N
2600,cyanamide,7.59,20611-81-8,NC#N,7,25,https://doi.org/10.1021/acs.est.4c11950,halogenated,Halogenated organics,InChI=1S/CH2N2/c2-1-3/h2H2,XZMCDFZZKTWFGF-UHFFFAOYSA-N
2601,cyanate ion,7.68,661-20-1,[N-]=C=O,11,25,NIST,halogenated,Halogenated organics,InChI=1S/CNO/c2-1-3/q-1,IQPQWNKOIGAROB-UHFFFAOYSA-N
2602,cyanate ion,7.83,661-20-1,[N-]=C=O,5,25,NIST,halogenated,Halogenated organics,InChI=1S/CNO/c2-1-3/q-1,IQPQWNKOIGAROB-UHFFFAOYSA-N
2603,cyanazine,9.28,157673-75-1,CCNc1nc(Cl)nc(NC(C)(C)C#N)n1,7.5,22,https://doi.org/10.1021/acs.est.4c11950,alkane,Aliphatic hydrocarbons,"InChI=1S/C9H13ClN6/c1-4-12-7-13-6(10)14-8(15-7)16-9(2,3)5-11/h4H2,1-3H3,(H2,12,13,14,15,16)",MZZBPDKVEFVLFF-UHFFFAOYSA-N
2604,cyanoacetate ion,7.2,2031258-57-6,N#CCC(=O)[O-],9,25,NIST,halogenated,Halogenated organics,"InChI=1S/C3H3NO2/c4-2-1-3(5)6/h1H2,(H,5,6)/p-1",MLIREBYILWEBDM-UHFFFAOYSA-M
2605,cyanogen,7,160039-33-8,N#CC#N,,,https://doi.org/10.1021/acs.est.1c05521,halogenated,Halogenated organics,InChI=1S/C2N2/c3-1-2-4,JMANVNJQNLATNU-UHFFFAOYSA-N
2606,cyanogen,7,460-19-5,C(#N)C#N,,,https://doi.org/10.1021/acsestengg.5c00275,alkane,Aliphatic hydrocarbons,InChI=1S/C2N2/c3-1-2-4,JMANVNJQNLATNU-UHFFFAOYSA-N
2607,cyanogen,7,160039-33-8,N#CC#N,7,25,https://doi.org/10.1021/acs.est.4c11950,halogenated,Halogenated organics,InChI=1S/C2N2/c3-1-2-4,JMANVNJQNLATNU-UHFFFAOYSA-N
2608,cyanuric acid,7.3,132965-78-7,O=C1NC(=O)NC(=O)N1,7,25,https://doi.org/10.1021/acs.est.4c11950,triazine,Heterocycles,"InChI=1S/C3H3N3O3/c7-1-4-2(8)6-3(9)5-1/h(H3,4,5,6,7,8,9)",ZFSLODLOARCGLH-UHFFFAOYSA-N
2609,cyclobutanecarboxylate ion,9.48,1219971-82-0,O=C([O-])C1CCC1,9,25,NIST,cyclo,Aromatic & PAHs,"InChI=1S/C5H8O2/c6-5(7)4-2-1-3-4/h4H,1-3H2,(H,6,7)/p-1",TXWOGHSRPAYOML-UHFFFAOYSA-M
2610,cycloheptaamylose,9.62,7585-39-9,OCC1OC2OC3C(CO)OC(OC4C(CO)OC(OC5C(CO)OC(OC6C(CO)OC(OC7C(CO)OC(OC8C(CO)OC(OC1C(O)C2O)C(O)C8O)C(O)C7O)C(O)C6O)C(O)C5O)C(O)C4O)C(O)C3O,7,25,NIST,diol,Polyfunctional / highly functionalized,"InChI=1S/C42H70O35/c43-1-8-29-15(50)22(57)36(64-8)72-30-9(2-44)66-38(24(59)17(30)52)74-32-11(4-46)68-40(26(61)19(32)54)76-34-13(6-48)70-42(28(63)21(34)56)77-35-14(7-49)69-41(27(62)20(35)55)75-33-12(5-47)67-39(25(60)18(33)53)73-31-10(3-45)65-37(71-29)23(58)16(31)51/h8-63H,1-7H2",WHGYBXFWUBPSRW-UHFFFAOYSA-N
2611,cycloheptane,9.89,35464-32-5,C1CCCCCC1,2,25,https://doi.org/10.1021/acs.est.4c11950,cyclo,Aromatic & PAHs,InChI=1S/C7H14/c1-2-4-6-7-5-3-1/h1-7H2,DMEGYFMYUHOHGS-UHFFFAOYSA-N
2612,cycloheptane,9.886490725,291-64-5,C1CCCCCC1,,,https://doi.org/10.1021/acsestengg.5c00337,cyclo,Aromatic & PAHs,InChI=1S/C7H14/c1-2-4-6-7-5-3-1/h1-7H2,DMEGYFMYUHOHGS-UHFFFAOYSA-N
2613,cycloheptanol,9.230448921,502-41-0,C1CCCC(CC1)O,,,https://doi.org/10.1021/acsestengg.5c00338,halogenated,Halogenated organics,"InChI=1S/C7H14O/c8-7-5-3-1-2-4-6-7/h7-8H,1-6H2",QCRFMSUKWRQZEM-UHFFFAOYSA-N
2614,cycloheptanol,9.23,656826-93-6,OC1CCCCCC1,1.8,25,https://doi.org/10.1021/acs.est.4c11950,alcohol,Oxygenated organics,"InChI=1S/C7H14O/c8-7-5-3-1-2-4-6-7/h7-8H,1-6H2",QCRFMSUKWRQZEM-UHFFFAOYSA-N
2615,cycloheptatriene,10,12128-81-3,C1C=CC=CC=C1,7,25,https://doi.org/10.1021/acs.est.4c11950,cyclo,Aromatic & PAHs,"InChI=1S/C7H8/c1-2-4-6-7-5-3-1/h1-6H,7H2",CHVJITGCYZJHLR-UHFFFAOYSA-N
2616,"cyclohexa-1,4-diene",9.886490725,122898-71-9,C1C=CCC=C1,,,https://doi.org/10.1021/acs.est.1c05240,cyclo,Aromatic & PAHs,"InChI=1S/C6H8/c1-2-4-6-5-3-1/h1-2,5-6H,3-4H2",UVJHQYIOXKWHFD-UHFFFAOYSA-N
2617,"cyclohexa-2,5-diene-1,4-dione",9.079181246,39510-96-8,O=C1C=CC(=O)C=C1,,,https://doi.org/10.1021/acs.est.1c04935,cyclo,Aromatic & PAHs,InChI=1S/C6H4O2/c7-5-1-2-6(8)4-3-5/h1-4H,AZQWKYJCGOJGHM-UHFFFAOYSA-N
2618,cyclohexane,9.79,1735-17-7,C1CCCCC1,2,25,https://doi.org/10.1021/acs.est.4c11950,benzene,Aromatic & PAHs,InChI=1S/C6H12/c1-2-4-6-5-3-1/h1-6H2,XDTMQSROBMDMFD-UHFFFAOYSA-N
2619,cyclohexane,9.785329835,110-82-7,C1CCCCC1,,,https://doi.org/10.1021/acsestengg.5c00339,benzene,Aromatic & PAHs,InChI=1S/C6H12/c1-2-4-6-5-3-1/h1-6H2,XDTMQSROBMDMFD-UHFFFAOYSA-N
2620,cyclohexanecarboxylate ion,9.74,3198-23-0,O=C([O-])C1CCCCC1,9,25,NIST,benzene,Aromatic & PAHs,"InChI=1S/C7H12O2/c8-7(9)6-4-2-1-3-5-6/h6H,1-5H2,(H,8,9)/p-1",NZNMSOFKMUBTKW-UHFFFAOYSA-M
2621,cyclohexene,9.94,19509-49-0,C1CCC=CC1,7,25,https://doi.org/10.1021/acs.est.4c11950,cyclo,Aromatic & PAHs,"InChI=1S/C6H10/c1-2-4-6-5-3-1/h1-2H,3-6H2",HGCIXCUEYOPUTN-UHFFFAOYSA-N
2622,cyclohexyl methacrylate,10.18,82227-04-1,C=C(C)C(=O)OC1CCCCC1,7,25,NIST,alcohol,Oxygenated organics,"InChI=1S/C10H16O2/c1-8(2)10(11)12-9-6-4-3-5-7-9/h9H,1,3-7H2,2H3",OIWOHHBRDFKZNC-UHFFFAOYSA-N
2623,cyclohexylammonium ion,10.04,123334-13-4,[NH3+]C1CCCCC1,4,25,NIST,benzene,Aromatic & PAHs,"InChI=1S/C6H13N/c7-6-4-2-1-3-5-6/h6H,1-5,7H2/p+1",PAFZNILMFXTMIY-UHFFFAOYSA-O
2624,cyclonite,9.04,52441-47-1,O=[N+]([O-])N1CN([N+](=O)[O-])CN([N+](=O)[O-])C1,7,25,https://doi.org/10.1021/acs.est.4c11950,diol,Polyfunctional / highly functionalized,InChI=1S/C3H6N6O6/c10-7(11)4-1-5(8(12)13)3-6(2-4)9(14)15/h1-3H2,XTFIVUDBNACUBN-UHFFFAOYSA-N
2625,cyclooctapentylose,9.7,91464-90-3,OCC1OC2OC3C(CO)OC(OC4C(CO)OC(OC5C(CO)OC(OC6C(CO)OC(OC7C(CO)OC(OC8C(CO)OC(OC9C(CO)OC(OC1C(O)C2O)C(O)C9O)C(O)C8O)C(O)C7O)C(O)C6O)C(O)C5O)C(O)C4O)C(O)C3O,7,25,NIST,diol,Polyfunctional / highly functionalized,"InChI=1S/C48H80O40/c49-1-9-33-17(57)25(65)41(73-9)82-34-10(2-50)75-43(27(67)19(34)59)84-36-12(4-52)77-45(29(69)21(36)61)86-38-14(6-54)79-47(31(71)23(38)63)88-40-16(8-56)80-48(32(72)24(40)64)87-39-15(7-55)78-46(30(70)22(39)62)85-37-13(5-53)76-44(28(68)20(37)60)83-35-11(3-51)74-42(81-33)26(66)18(35)58/h9-72H,1-8H2",GDSRMADSINPKSL-UHFFFAOYSA-N
2626,cyclopentane,9.57,286425-38-5,C1CCCC1,7,25,https://doi.org/10.1021/acs.est.4c11950,cyclo,Aromatic & PAHs,InChI=1S/C5H10/c1-2-4-5-3-1/h1-5H2,RGSFGYAAUTVSQA-UHFFFAOYSA-N
2627,cyclopentane,9.653212514,287-92-3,C1CCCC1,,,https://doi.org/10.1021/acsestengg.5c00340,cyclo,Aromatic & PAHs,InChI=1S/C5H10/c1-2-4-5-3-1/h1-5H2,RGSFGYAAUTVSQA-UHFFFAOYSA-N
2628,cyclopentanecarboxylate ion,9.62,22232-26-4,O=C([O-])C1CCCC1,9,25,NIST,cyclo,Aromatic & PAHs,"InChI=1S/C6H10O2/c7-6(8)5-3-1-2-4-5/h5H,1-4H2,(H,7,8)/p-1",JBDSSBMEKXHSJF-UHFFFAOYSA-M
2629,cyclopentene,9.85,10016-46-3,C1CC=CC1,7,25,https://doi.org/10.1021/acs.est.4c11950,cyclo,Aromatic & PAHs,"InChI=1S/C5H8/c1-2-4-5-3-1/h1-2H,3-5H2",LPIQUOYDBNQMRZ-UHFFFAOYSA-N
2630,cycloserine,9.95,327064-64-2,NC1CONC1=O,6.5,25,https://doi.org/10.1021/acs.est.4c11950,amide,Nitrogen-containing organics,"InChI=1S/C3H6N2O2/c4-2-1-7-5-3(2)6/h2H,1,4H2,(H,5,6)",DYDCUQKUCUHJBH-UHFFFAOYSA-N
2631,cycloserine,9.954242509,68-41-7,C1[C@H](C(=O)NO1)N,,,https://doi.org/10.1021/acsestengg.5c00529,halogenated,Halogenated organics,"InChI=1S/C3H6N2O2/c4-2-1-7-5-3(2)6/h2H,1,4H2,(H,5,6)/t2-/m1/s1",DYDCUQKUCUHJBH-UWTATZPHSA-N
2632,cycloserine,10.08,327064-64-2,NC1CONC1=O,10,25,https://doi.org/10.1021/acs.est.4c11950,amide,Nitrogen-containing organics,"InChI=1S/C3H6N2O2/c4-2-1-7-5-3(2)6/h2H,1,4H2,(H,5,6)",DYDCUQKUCUHJBH-UHFFFAOYSA-N
2633,cysteic acid,7.72,277316-57-1,N[C@@H](CS(=O)(=O)O)C(=O)O,7,25,NIST,halogenated,Halogenated organics,"InChI=1S/C3H7NO5S/c4-2(3(5)6)1-10(7,8)9/h2H,1,4H2,(H,5,6)(H,7,8,9)/t2-/m0/s1",XVOYSCVBGLVSOL-REOHCLBHSA-N
2634,cysteine,10.11,114507-35-6,NC(CS)C(=O)O,1,25,NIST,halogenated,Halogenated organics,"InChI=1S/C3H7NO2S/c4-2(1-7)3(5)6/h2,7H,1,4H2,(H,5,6)",XUJNEKJLAYXESH-UHFFFAOYSA-N
2635,cysteine,10.2,114507-35-6,NC(CS)C(=O)O,0.4,25,NIST,halogenated,Halogenated organics,"InChI=1S/C3H7NO2S/c4-2(1-7)3(5)6/h2,7H,1,4H2,(H,5,6)",XUJNEKJLAYXESH-UHFFFAOYSA-N
2636,cysteine,10.28,114507-35-6,NC(CS)C(=O)O,5.8,25,NIST,halogenated,Halogenated organics,"InChI=1S/C3H7NO2S/c4-2(1-7)3(5)6/h2,7H,1,4H2,(H,5,6)",XUJNEKJLAYXESH-UHFFFAOYSA-N
2637,cysteine,10.61,114507-35-6,NC(CS)C(=O)O,7,25,NIST,halogenated,Halogenated organics,"InChI=1S/C3H7NO2S/c4-2(1-7)3(5)6/h2,7H,1,4H2,(H,5,6)",XUJNEKJLAYXESH-UHFFFAOYSA-N
2638,cystine,9.82,40143-67-7,NC(CSSCC(N)C(=O)O)C(=O)O,2,25,NIST,halogenated,Halogenated organics,"InChI=1S/C6H12N2O4S2/c7-3(5(9)10)1-13-14-2-4(8)6(11)12/h3-4H,1-2,7-8H2,(H,9,10)(H,11,12)",LEVWYRKDKASIDU-UHFFFAOYSA-N
2639,cystine,9.32,40143-67-7,NC(CSSCC(N)C(=O)O)C(=O)O,6.5,25,NIST,halogenated,Halogenated organics,"InChI=1S/C6H12N2O4S2/c7-3(5(9)10)1-13-14-2-4(8)6(11)12/h3-4H,1-2,7-8H2,(H,9,10)(H,11,12)",LEVWYRKDKASIDU-UHFFFAOYSA-N
2640,cystine,10.04,40143-67-7,NC(CSSCC(N)C(=O)O)C(=O)O,1,25,NIST,halogenated,Halogenated organics,"InChI=1S/C6H12N2O4S2/c7-3(5(9)10)1-13-14-2-4(8)6(11)12/h3-4H,1-2,7-8H2,(H,9,10)(H,11,12)",LEVWYRKDKASIDU-UHFFFAOYSA-N
2641,cytidine,9.52,688007-26-3,Nc1ccn(C2OC(CO)C(O)C2O)c(=O)n1,2,25,NIST,halogenated,Halogenated organics,"InChI=1S/C9H13N3O5/c10-5-1-2-12(9(16)11-5)8-7(15)6(14)4(3-13)17-8/h1-2,4,6-8,13-15H,3H2,(H2,10,11,16)",UHDGCWIWMRVCDJ-UHFFFAOYSA-N
2642,cytidine,9.81,688007-26-3,Nc1ccn(C2OC(CO)C(O)C2O)c(=O)n1,5.6,25,NIST,halogenated,Halogenated organics,"InChI=1S/C9H13N3O5/c10-5-1-2-12(9(16)11-5)8-7(15)6(14)4(3-13)17-8/h1-2,4,6-8,13-15H,3H2,(H2,10,11,16)",UHDGCWIWMRVCDJ-UHFFFAOYSA-N
2643,cytidine,9.76,688007-26-3,Nc1ccn(C2OC(CO)C(O)C2O)c(=O)n1,7,25,NIST,halogenated,Halogenated organics,"InChI=1S/C9H13N3O5/c10-5-1-2-12(9(16)11-5)8-7(15)6(14)4(3-13)17-8/h1-2,4,6-8,13-15H,3H2,(H2,10,11,16)",UHDGCWIWMRVCDJ-UHFFFAOYSA-N
2644,cytidine,9.66,688007-26-3,Nc1ccn(C2OC(CO)C(O)C2O)c(=O)n1,7.3,25,NIST,halogenated,Halogenated organics,"InChI=1S/C9H13N3O5/c10-5-1-2-12(9(16)11-5)8-7(15)6(14)4(3-13)17-8/h1-2,4,6-8,13-15H,3H2,(H2,10,11,16)",UHDGCWIWMRVCDJ-UHFFFAOYSA-N
2645,cytidine,9.9,688007-26-3,Nc1ccn(C2OC(CO)C(O)C2O)c(=O)n1,5.3,25,NIST,halogenated,Halogenated organics,"InChI=1S/C9H13N3O5/c10-5-1-2-12(9(16)11-5)8-7(15)6(14)4(3-13)17-8/h1-2,4,6-8,13-15H,3H2,(H2,10,11,16)",UHDGCWIWMRVCDJ-UHFFFAOYSA-N
2646,cytidine 3'-monophosphate,9.81,85-94-9,Nc1ccn([C@@H]2O[C@H](CO)[C@@H](OP(=O)([O-])[O-])[C@H]2O)c(=O)n1,7,25,NIST,halogenated,Halogenated organics,"InChI=1S/C9H14N3O8P/c10-5-1-2-12(9(15)11-5)8-6(14)7(4(3-13)19-8)20-21(16,17)18/h1-2,4,6-8,13-14H,3H2,(H2,10,11,15)(H2,16,17,18)/p-2/t4-,6-,7-,8-/m1/s1",UOOOPKANIPLQPU-XVFCMESISA-L
2647,cytidine monophosphate,9.4,85-94-9,Nc1ccn(C2OC(COP(=O)(O)O)C(O)C2O)c(=O)n1,2,25,NIST,halogenated,Halogenated organics,"InChI=1S/C9H14N3O8P/c10-5-1-2-12(9(15)11-5)8-7(14)6(13)4(20-8)3-19-21(16,17)18/h1-2,4,6-8,13-14H,3H2,(H2,10,11,15)(H2,16,17,18)",IERHLVCPSMICTF-UHFFFAOYSA-N
2648,cytidine monophosphate,9.67,85-94-9,Nc1ccn(C2OC(COP(=O)(O)O)C(O)C2O)c(=O)n1,7,25,NIST,halogenated,Halogenated organics,"InChI=1S/C9H14N3O8P/c10-5-1-2-12(9(15)11-5)8-7(14)6(13)4(20-8)3-19-21(16,17)18/h1-2,4,6-8,13-14H,3H2,(H2,10,11,15)(H2,16,17,18)",IERHLVCPSMICTF-UHFFFAOYSA-N
2649,cytidine monophosphate,9.69,85-94-9,Nc1ccn(C2OC(COP(=O)(O)O)C(O)C2O)c(=O)n1,7.3,25,NIST,halogenated,Halogenated organics,"InChI=1S/C9H14N3O8P/c10-5-1-2-12(9(15)11-5)8-7(14)6(13)4(20-8)3-19-21(16,17)18/h1-2,4,6-8,13-14H,3H2,(H2,10,11,15)(H2,16,17,18)",IERHLVCPSMICTF-UHFFFAOYSA-N
2650,cytidine monophosphate,9.64,85-94-9,Nc1ccn(C2OC(COP(=O)(O)O)C(O)C2O)c(=O)n1,7.5,25,NIST,halogenated,Halogenated organics,"InChI=1S/C9H14N3O8P/c10-5-1-2-12(9(15)11-5)8-7(14)6(13)4(20-8)3-19-21(16,17)18/h1-2,4,6-8,13-14H,3H2,(H2,10,11,15)(H2,16,17,18)",IERHLVCPSMICTF-UHFFFAOYSA-N
2651,cytosine,9.49,71-30-7,Nc1cc[nH]c(=O)n1,2,25,NIST,halogenated,Halogenated organics,"InChI=1S/C4H5N3O/c5-3-1-2-6-4(8)7-3/h1-2H,(H3,5,6,7,8)",OPTASPLRGRRNAP-UHFFFAOYSA-N
2652,cytosine,9.88,71-30-7,Nc1cc[nH]c(=O)n1,5,25,https://doi.org/10.1021/acs.est.4c11950,halogenated,Halogenated organics,"InChI=1S/C4H5N3O/c5-3-1-2-6-4(8)7-3/h1-2H,(H3,5,6,7,8)",OPTASPLRGRRNAP-UHFFFAOYSA-N
2653,cytosine,9.79,71-30-7,Nc1cc[nH]c(=O)n1,5.8,25,https://doi.org/10.1021/acs.est.4c11950,halogenated,Halogenated organics,"InChI=1S/C4H5N3O/c5-3-1-2-6-4(8)7-3/h1-2H,(H3,5,6,7,8)",OPTASPLRGRRNAP-UHFFFAOYSA-N
2654,cytosine,9.83,71-30-7,Nc1cc[nH]c(=O)n1,7,25,https://doi.org/10.1021/acs.est.4c11950,halogenated,Halogenated organics,"InChI=1S/C4H5N3O/c5-3-1-2-6-4(8)7-3/h1-2H,(H3,5,6,7,8)",OPTASPLRGRRNAP-UHFFFAOYSA-N
2655,dalapon,7.86,58811-23-7,CC(Cl)(Cl)C(=O)O,3.4,25,NIST,alkane,Aliphatic hydrocarbons,"InChI=1S/C3H4Cl2O2/c1-3(4,5)2(6)7/h1H3,(H,6,7)",NDUPDOJHUQKPAG-UHFFFAOYSA-N
2656,danofloxacin,9.79,1217860-94-0,CN1C[C@@H]2C[C@H]1CN2c1cc2c(cc1F)c(=O)c(C(=O)O)cn2C1CC1,7,25,https://doi.org/10.1021/acs.est.4c11950,cyclo,Aromatic & PAHs,"InChI=1S/C19H20FN3O3/c1-21-7-12-4-11(21)8-22(12)17-6-16-13(5-15(17)20)18(24)14(19(25)26)9-23(16)10-2-3-10/h5-6,9-12H,2-4,7-8H2,1H3,(H,25,26)/t11-,12-/m0/s1",QMLVECGLEOSESV-RYUDHWBXSA-N
2657,deethylatrazine,8.34,6190-65-4,CC(C)NC1=NC(=NC(=N1)N)Cl,7,11,10.1021/es990724e,alkane,Aliphatic hydrocarbons,"InChI=1S/C6H10ClN5/c1-3(2)9-6-11-4(7)10-5(8)12-6/h3H,1-2H3,(H3,8,9,10,11,12)",DFWFIQKMSFGDCQ-UHFFFAOYSA-N
2658,deethylatrazine,9.08,6190-65-4,CC(C)NC1=NC(=NC(=N1)N)Cl,7,20,10.1021/es990724e,alkane,Aliphatic hydrocarbons,"InChI=1S/C6H10ClN5/c1-3(2)9-6-11-4(7)10-5(8)12-6/h3H,1-2H3,(H3,8,9,10,11,12)",DFWFIQKMSFGDCQ-UHFFFAOYSA-N
2659,deethylatrazine,9.06,6190-65-4,CC(C)NC1=NC(=NC(=N1)N)Cl,7.4,25,10.1016/j.cej.2017.05.011,alkane,Aliphatic hydrocarbons,"InChI=1S/C6H10ClN5/c1-3(2)9-6-11-4(7)10-5(8)12-6/h3H,1-2H3,(H3,8,9,10,11,12)",DFWFIQKMSFGDCQ-UHFFFAOYSA-N
2660,deoxyadenosine monophosphate,9.54,102832-10-0,Nc1ncnc2c1ncn2[C@H]1C[C@H](O)[C@@H](COP(=O)(O)O)O1,6.5,25,NIST,cyclo,Aromatic & PAHs,"InChI=1S/C10H14N5O6P/c11-9-8-10(13-3-12-9)15(4-14-8)7-1-5(16)6(21-7)2-20-22(17,18)19/h3-7,16H,1-2H2,(H2,11,12,13)(H2,17,18,19)/t5-,6+,7+/m0/s1",KHWCHTKSEGGWEX-RRKCRQDMSA-N
2661,deoxyadenosine monophosphate,9.15,102832-10-0,Nc1ncnc2c1ncn2[C@H]1C[C@H](O)[C@@H](COP(=O)(O)O)O1,2,25,NIST,cyclo,Aromatic & PAHs,"InChI=1S/C10H14N5O6P/c11-9-8-10(13-3-12-9)15(4-14-8)7-1-5(16)6(21-7)2-20-22(17,18)19/h3-7,16H,1-2H2,(H2,11,12,13)(H2,17,18,19)/t5-,6+,7+/m0/s1",KHWCHTKSEGGWEX-RRKCRQDMSA-N
2662,deoxycytidine monophosphate,9.69,25609-92-1,Nc1ccn(C2CC(O)C(COP(=O)(O)O)O2)c(=O)n1,7,25,NIST,halogenated,Halogenated organics,"InChI=1S/C9H14N3O7P/c10-7-1-2-12(9(14)11-7)8-3-5(13)6(19-8)4-18-20(15,16)17/h1-2,5-6,8,13H,3-4H2,(H2,10,11,14)(H2,15,16,17)",NCMVOABPESMRCP-UHFFFAOYSA-N
2663,deoxycytidine monophosphate,9.48,25609-92-1,Nc1ccn(C2CC(O)C(COP(=O)(O)O)O2)c(=O)n1,2,25,NIST,halogenated,Halogenated organics,"InChI=1S/C9H14N3O7P/c10-7-1-2-12(9(14)11-7)8-3-5(13)6(19-8)4-18-20(15,16)17/h1-2,5-6,8,13H,3-4H2,(H2,10,11,14)(H2,15,16,17)",NCMVOABPESMRCP-UHFFFAOYSA-N
2664,deoxycytidine monophosphate,9.8,25609-92-1,Nc1ccn(C2CC(O)C(COP(=O)(O)O)O2)c(=O)n1,4.4,25,NIST,halogenated,Halogenated organics,"InChI=1S/C9H14N3O7P/c10-7-1-2-12(9(14)11-7)8-3-5(13)6(19-8)4-18-20(15,16)17/h1-2,5-6,8,13H,3-4H2,(H2,10,11,14)(H2,15,16,17)",NCMVOABPESMRCP-UHFFFAOYSA-N
2665,deoxyglucose,9.45,65187-56-6,OCC1OC(O)CC(O)C1O,8.4,25,NIST,diol,Polyfunctional / highly functionalized,"InChI=1S/C6H12O5/c7-2-4-6(10)3(8)1-5(9)11-4/h3-10H,1-2H2",PMMURAAUARKVCB-UHFFFAOYSA-N
2666,deoxyguanosine monophosphate,9.83,312693-67-7,Nc1nc2c(ncn2[C@H]2C[C@H](O)[C@@H](COP(=O)(O)O)O2)c(=O)[nH]1,7,25,https://doi.org/10.1021/acs.est.4c11950,halogenated,Halogenated organics,"InChI=1S/C10H14N5O7P/c11-10-13-8-7(9(17)14-10)12-3-15(8)6-1-4(16)5(22-6)2-21-23(18,19)20/h3-6,16H,1-2H2,(H2,18,19,20)(H3,11,13,14,17)/t4-,5+,6+/m0/s1",LTFMZDNNPPEQNG-KVQBGUIXSA-N
2667,deoxyinosine monophosphate,9.87,14999-52-1,O=c1nc[nH]c2c1ncn2[C@H]1C[C@H](O)[C@@H](COP(=O)(O)O)O1,7,25,NIST,diol,Polyfunctional / highly functionalized,"InChI=1S/C10H13N4O7P/c15-5-1-7(21-6(5)2-20-22(17,18)19)14-4-13-8-9(14)11-3-12-10(8)16/h3-7,15H,1-2H2,(H,11,12,16)(H2,17,18,19)/t5-,6+,7+/m0/s1",PHNGFPPXDJJADG-RRKCRQDMSA-N
2668,deoxyinosine monophosphate,9.87,14999-52-1,O=P(O)(O)OC[C@H]1O[C@@H](n2cnc3c(O)ncnc32)C[C@@H]1O,7,25,https://doi.org/10.1021/acs.est.4c11950,diol,Polyfunctional / highly functionalized,"InChI=1S/C10H13N4O7P/c15-5-1-7(21-6(5)2-20-22(17,18)19)14-4-13-8-9(14)11-3-12-10(8)16/h3-7,15H,1-2H2,(H,11,12,16)(H2,17,18,19)/t5-,6+,7+/m0/s1",PHNGFPPXDJJADG-RRKCRQDMSA-N
2669,deoxyribose,9.36,157049-39-3,O[C@@H]1C[C@H](O)[C@H](O)CO1,7.5,25,NIST,halogenated,Halogenated organics,"InChI=1S/C5H10O4/c6-3-1-5(8)9-2-4(3)7/h3-8H,1-2H2/t3-,4+,5-/m0/s1",ZVQAVWAHRUNNPG-LMVFSUKVSA-N
2670,deoxyribose,9.48,157049-39-3,O[C@@H]1C[C@H](O)[C@H](O)CO1,7,25,NIST,halogenated,Halogenated organics,"InChI=1S/C5H10O4/c6-3-1-5(8)9-2-4(3)7/h3-8H,1-2H2/t3-,4+,5-/m0/s1",ZVQAVWAHRUNNPG-LMVFSUKVSA-N
2671,deoxyribose,9.4,157049-39-3,O[C@@H]1C[C@H](O)[C@H](O)CO1,8.4,25,NIST,halogenated,Halogenated organics,"InChI=1S/C5H10O4/c6-3-1-5(8)9-2-4(3)7/h3-8H,1-2H2/t3-,4+,5-/m0/s1",ZVQAVWAHRUNNPG-LMVFSUKVSA-N
2672,deoxyribose 5-phosphate,9.25,102916-66-5,O=P(O)(O)OC[C@H]1O[C@@H](O)C[C@@H]1O,7,25,NIST,diol,Polyfunctional / highly functionalized,"InChI=1S/C5H11O7P/c6-3-1-5(7)12-4(3)2-11-13(8,9)10/h3-7H,1-2H2,(H2,8,9,10)/t3-,4+,5+/m0/s1",KKZFLSZAWCYPOC-VPENINKCSA-N
2673,deoxyribose 5-phosphate,9.32,102916-66-5,O=CC[C@H](O)[C@H](O)COP(=O)(O)O,7,25,https://doi.org/10.1021/acs.est.4c11950,diol,Polyfunctional / highly functionalized,"InChI=1S/C5H11O7P/c6-2-1-4(7)5(8)3-12-13(9,10)11/h2,4-5,7-8H,1,3H2,(H2,9,10,11)/t4-,5+/m0/s1",ALQNUOMIEBHXQG-CRCLSJGQSA-N
2674,deoxyuridine monophosphate,9.46,42155-08-8,O=c1ccn(C2CC(O)C(COP(=O)(O)O)O2)c(=O)[nH]1,7,25,NIST,diol,Polyfunctional / highly functionalized,"InChI=1S/C9H13N2O8P/c12-5-3-8(11-2-1-7(13)10-9(11)14)19-6(5)4-18-20(15,16)17/h1-2,5-6,8,12H,3-4H2,(H,10,13,14)(H2,15,16,17)",JSRLJPSBLDHEIO-UHFFFAOYSA-N
2675,desferrioxamine B,10.11,1240913-55-6,CC(=O)N(O)CCCCCNC(=O)CCC(=O)N(O)CCCCCNC(=O)CCC(=O)N(O)CCCCCN,7.1,25,NIST,alkane,Aliphatic hydrocarbons,"InChI=1S/C25H48N6O8/c1-21(32)29(37)18-9-3-6-16-27-22(33)12-14-25(36)31(39)20-10-4-7-17-28-23(34)11-13-24(35)30(38)19-8-2-5-15-26/h37-39H,2-20,26H2,1H3,(H,27,33)(H,28,34)",UBQYURCVBFRUQT-UHFFFAOYSA-N
2676,desisopropyl atrazine,9.35,1007-28-9,CCNC1=NC(=NC(=N1)N)Cl,7.4,25,10.1016/j.cej.2017.05.011,alkane,Aliphatic hydrocarbons,"InChI=1S/C5H8ClN5/c1-2-8-5-10-3(6)9-4(7)11-5/h2H2,1H3,(H3,7,8,9,10,11)",IVENSCMCQBJAKW-UHFFFAOYSA-N
2677,desisopropyl atrazine,9.28,1007-28-9,CCNC1=NC(=NC(=N1)N)Cl,7,20,10.1021/es990724e,alkane,Aliphatic hydrocarbons,"InChI=1S/C5H8ClN5/c1-2-8-5-10-3(6)9-4(7)11-5/h2H2,1H3,(H3,7,8,9,10,11)",IVENSCMCQBJAKW-UHFFFAOYSA-N
2678,desisopropyl atrazine,8.83,1007-28-9,CCNC1=NC(=NC(=N1)N)Cl,7,11,https://doi.org/10.1021/acs.est.4c11950,alkane,Aliphatic hydrocarbons,"InChI=1S/C5H8ClN5/c1-2-8-5-10-3(6)9-4(7)11-5/h2H2,1H3,(H3,7,8,9,10,11)",IVENSCMCQBJAKW-UHFFFAOYSA-N
2679,di(2-ethylhexyl) phthalate,8.53,50885-87-5,CCCCC(CC)COC(=O)c1ccccc1C(=O)OCC(CC)CCCC,7,25,https://doi.org/10.1021/acs.est.4c11950,diol,Polyfunctional / highly functionalized,"InChI=1S/C24H38O4/c1-5-9-13-19(7-3)17-27-23(25)21-15-11-12-16-22(21)24(26)28-18-20(8-4)14-10-6-2/h11-12,15-16,19-20H,5-10,13-14,17-18H2,1-4H3",BJQHLKABXJIVAM-UHFFFAOYSA-N
2680,di(2-hydroxyethyl) sulfoxide,9.72,184291-72-3,OCC[S](=O)CCO,2,25,https://doi.org/10.1021/acs.est.4c11950,"sulfide, disulfide",Sulfur-containing organics,"InChI=1S/C4H10O3S/c5-1-3-8(7)4-2-6/h5-6H,1-4H2",XHKPPUVICXLDRJ-UHFFFAOYSA-N
2681,di(phenyl)diazene,10.30103,29771-78-6,c1ccc(cc1)N=Nc2ccccc2,,,https://doi.org/10.1021/acs.est.1c05354,benzene,Aromatic & PAHs,InChI=1S/C12H10N2/c1-3-7-11(8-4-1)13-14-12-9-5-2-6-10-12/h1-10H,DMLAVOWQYNRWNQ-UHFFFAOYSA-N
2682,di(phenyl)methanone,9.946943271,16911-34-5,O=C(c1ccccc1)c2ccccc2,,,https://doi.org/10.1021/acs.est.1c05678,benzene,Aromatic & PAHs,InChI=1S/C13H10O/c14-13(11-7-3-1-4-8-11)12-9-5-2-6-10-12/h1-10H,RWCCWEUUXYIKHB-UHFFFAOYSA-N
2683,di-butyl-sulfoxide,9.903089987,13153-06-5,CCCCS(=O)CCCC,,,https://doi.org/10.1021/acs.est.1c05484,"sulfide, disulfide",Sulfur-containing organics,"InChI=1S/C8H18OS/c1-3-5-7-10(9)8-6-4-2/h3-8H2,1-2H3",LOWMYOWHQMKBTM-UHFFFAOYSA-N
2684,di-butyl-sulfoxide,9.903089987,2168-93-6,CCCCS(=O)CCCC,,,https://doi.org/10.1021/acsestengg.5c00266,"sulfide, disulfide",Sulfur-containing organics,"InChI=1S/C8H18OS/c1-3-5-7-10(9)8-6-4-2/h3-8H2,1-2H3",LOWMYOWHQMKBTM-UHFFFAOYSA-N
2685,di-ethyl-di-sulfides,10.14612804,110-81-6,CCSSCC,,,https://doi.org/10.1021/acsestengg.5c00258,"sulfide, disulfide",Sulfur-containing organics,"InChI=1S/C4H10S2/c1-3-5-6-4-2/h3-4H2,1-2H3",CETBSQOFQKLHHZ-UHFFFAOYSA-N
2686,di-tert-butyl-sulfoxide,9.72,184291-72-3,CC(C)(C)[S](=O)C(C)(C)C,2,25,https://doi.org/10.1021/acs.est.4c11950,"sulfide, disulfide",Sulfur-containing organics,"InChI=1S/C8H18OS/c1-7(2,3)10(9)8(4,5)6/h1-6H3",HKKFQOPIRHHEGQ-UHFFFAOYSA-N
2687,di-tert-butylnaphthalenesulfonate ion,10.04,62907-61-3,CC(C)(C)c1ccc2ccc(C(C)(C)C)c(S(=O)(=O)[O-])c2c1.[Na+],7,25,NIST,cyclo,Aromatic & PAHs,"InChI=1S/C18H24O3S.Na/c1-17(2,3)13-9-7-12-8-10-15(18(4,5)6)16(14(12)11-13)22(19,20)21;/h7-11H,1-6H3,(H,19,20,21);/q;+1/p-1",QORXBAUTUJKXSW-UHFFFAOYSA-M
2688,diacetyl peroxide,7.78,85799-10-6,CC(=O)OOC(C)=O,7,25,NIST,diol,Polyfunctional / highly functionalized,InChI=1S/C4H6O4/c1-3(5)7-8-4(2)6/h1-2H3,ZQMIGQNCOMNODD-UHFFFAOYSA-N
2689,diatrizoate ion,8.85,23548-99-4,CC(=O)Nc1c(I)c(NC(C)=O)c(I)c(C(=O)O)c1I,7,25,NIST,cyclo,Aromatic & PAHs,"InChI=1S/C11H9I3N2O4/c1-3(17)15-9-6(12)5(11(19)20)7(13)10(8(9)14)16-4(2)18/h1-2H3,(H,15,17)(H,16,18)(H,19,20)",YVPYQUNUQOZFHG-UHFFFAOYSA-N
2690,diazepam,9.86,439-14-5,CN1C(=O)CN=C(c2ccccc2)c2cc(Cl)ccc21,7,25,https://doi.org/10.1021/acs.est.4c11950,benzene,Aromatic & PAHs,"InChI=1S/C16H13ClN2O/c1-19-14-8-7-12(17)9-13(14)16(18-10-15(19)20)11-5-3-2-4-6-11/h2-9H,10H2,1H3",AAOVKJBEBIDNHE-UHFFFAOYSA-N
2691,diazepam,9.85672889,439-14-5,CN1C(=O)CN=C(c2ccccc2)c2cc(Cl)ccc21,,,https://doi.org/10.1021/acs.est.1c05552,benzene,Aromatic & PAHs,"InChI=1S/C16H13ClN2O/c1-19-14-8-7-12(17)9-13(14)16(18-10-15(19)20)11-5-3-2-4-6-11/h2-9H,10H2,1H3",AAOVKJBEBIDNHE-UHFFFAOYSA-N
2692,diazepam,9.857332496,439-14-5,CN1C(=O)CN=C(C2=C1C=CC(=C2)Cl)C3=CC=CC=C3,,,https://doi.org/10.1021/acsestengg.5c00535,cyclo,Aromatic & PAHs,"InChI=1S/C16H13ClN2O/c1-19-14-8-7-12(17)9-13(14)16(18-10-15(19)20)11-5-3-2-4-6-11/h2-9H,10H2,1H3",AAOVKJBEBIDNHE-UHFFFAOYSA-N
2693,diazinon,9.92,100155-47-3,CCOP(=S)(OCC)OC1=NC(=NC(=C1)C)C(C)C,7,20,10.1002/jctb.1702,alcohol,Oxygenated organics,"InChI=1S/C12H21N2O3PS/c1-6-15-18(19,16-7-2)17-11-8-10(5)13-12(14-11)9(3)4/h8-9H,6-7H2,1-5H3",FHIVAFMUCKRCQO-UHFFFAOYSA-N
2694,dibromo-chloromethane,7.919601024,70750-23-1,ClC(Br)Br,,,https://doi.org/10.1021/acs.est.1c05670,halogenated,Halogenated organics,InChI=1S/CHBr2Cl/c2-1(3)4/h1H,GATVIKZLVQHOMN-UHFFFAOYSA-N
2695,dibromo-nitromethane,8.67669361,21272-90-2,[O-][N+](=O)C(Br)Br,,,https://doi.org/10.1021/acs.est.1c05527,halogenated,Halogenated organics,InChI=1S/CHBr2NO2/c2-1(3)4(5)6/h1H,GQEVYCCMYUNRHJ-UHFFFAOYSA-N
2696,dibromoacetamide,7.76,598-70-9,NC(=O)C(Br)Br,7,25,https://doi.org/10.1021/acs.est.4c11950,halogenated,Halogenated organics,"InChI=1S/C2H3Br2NO/c3-1(4)2(5)6/h1H,(H2,5,6)",YUIKPESWSMJSMP-UHFFFAOYSA-N
2697,dibromoacetamide,7.762678564,598-70-9,NC(=O)C(Br)Br,,,https://doi.org/10.1021/acs.est.1c04376,halogenated,Halogenated organics,"InChI=1S/C2H3Br2NO/c3-1(4)2(5)6/h1H,(H2,5,6)",YUIKPESWSMJSMP-UHFFFAOYSA-N
2698,dibromoacetic acid,8.2,631-64-1,O=C(O)C(Br)Br,7,25,https://doi.org/10.1021/acs.est.4c11950,halogenated,Halogenated organics,"InChI=1S/C2H2Br2O2/c3-1(4)2(5)6/h1H,(H,5,6)",SIEILFNCEFEENQ-UHFFFAOYSA-N
2699,dibromoacetic acid,8.204119983,631-64-1,O=C(O)C(Br)Br,,,https://doi.org/10.1021/acs.est.1c05395,halogenated,Halogenated organics,"InChI=1S/C2H2Br2O2/c3-1(4)2(5)6/h1H,(H,5,6)",SIEILFNCEFEENQ-UHFFFAOYSA-N
2700,dibromoacetonitrile,7.58,3252-43-5,N#CC(Br)Br,7,25,https://doi.org/10.1021/acs.est.4c11950,halogenated,Halogenated organics,InChI=1S/C2HBr2N/c3-2(4)1-5/h2H,NDSBDLSWTGLNQA-UHFFFAOYSA-N
2701,dibromoacetonitrile,7.579783597,3252-43-5,N#CC(Br)Br,,,https://doi.org/10.1021/acs.est.1c05422,halogenated,Halogenated organics,InChI=1S/C2HBr2N/c3-2(4)1-5/h2H,NDSBDLSWTGLNQA-UHFFFAOYSA-N
2702,dibromochloroacetaldeyhde,8.72,,O=CC(Cl)(Br)Br,7,25,https://doi.org/10.1021/acs.est.4c11950,halogenated,Halogenated organics,"InChI=1S/C2HBr2ClO/c3-2(4,5)1-6/h1H",SFWAQPWRFZOPKA-UHFFFAOYSA-N
2703,dibromochloroacetaldeyhde,8.72427587,,O=CC(Cl)(Br)Br,,,https://doi.org/10.1021/acs.est.1c05520,halogenated,Halogenated organics,"InChI=1S/C2HBr2ClO/c3-2(4,5)1-6/h1H",SFWAQPWRFZOPKA-UHFFFAOYSA-N
2704,dibromochloroacetic acid,7.94,5278-95-5,O=C(O)C(Cl)(Br)Br,7,25,https://doi.org/10.1021/acs.est.4c11950,halogenated,Halogenated organics,"InChI=1S/C2HBr2ClO2/c3-2(4,5)1(6)7/h(H,6,7)",UCZDDMGNCJJAHK-UHFFFAOYSA-N
2705,dibromochloroacetic acid,7.943988875,5278-95-5,O=C(O)C(Cl)(Br)Br,,,https://doi.org/10.1021/acs.est.1c04755,halogenated,Halogenated organics,"InChI=1S/C2HBr2ClO2/c3-2(4,5)1(6)7/h(H,6,7)",UCZDDMGNCJJAHK-UHFFFAOYSA-N
2706,dibromochloronitromethane,8.18,1184-89-0,O=[N+]([O-])C(Cl)(Br)Br,7,25,https://doi.org/10.1021/acs.est.4c11950,halogenated,Halogenated organics,"InChI=1S/CBr2ClNO2/c2-1(3,4)5(6)7",TWDGXJVDOONOHS-UHFFFAOYSA-N
2707,dibromochloronitromethane,8.176091259,1184-89-0,O=[N+]([O-])C(Cl)(Br)Br,,,https://doi.org/10.1021/acs.est.1c05119,halogenated,Halogenated organics,"InChI=1S/CBr2ClNO2/c2-1(3,4)5(6)7",TWDGXJVDOONOHS-UHFFFAOYSA-N
2708,dibromoiodomethane,9.806179974,593-94-2,BrC(Br)I,,,https://doi.org/10.1021/acs.est.1c05110,halogenated,Halogenated organics,InChI=1S/CHBr2I/c2-1(3)4/h1H,SZVSEQHMMFKGEI-UHFFFAOYSA-N
2709,dibromoiodomethane,9.81,593-94-2,BrC(Br)I,7,25,https://doi.org/10.1021/acs.est.4c11950,halogenated,Halogenated organics,InChI=1S/CHBr2I/c2-1(3)4/h1H,SZVSEQHMMFKGEI-UHFFFAOYSA-N
2710,dibromomethane,7.95,4371-77-1,BrCBr,8.5,24,https://doi.org/10.1021/acs.est.4c11950,halogenated,Halogenated organics,InChI=1S/CH2Br2/c2-1-3/h1H2,FJBFPHVGVWTDIP-UHFFFAOYSA-N
2711,dibromomethane,7.995635195,74-95-3,C(Br)Br,,,https://doi.org/10.1021/acsestengg.5c00229,halogenated,Halogenated organics,InChI=1S/CH2Br2/c2-1-3/h1H2,FJBFPHVGVWTDIP-UHFFFAOYSA-N
2712,dibromomethane,8,4371-77-1,BrCBr,3,24,https://doi.org/10.1021/acs.est.4c11950,halogenated,Halogenated organics,InChI=1S/CH2Br2/c2-1-3/h1H2,FJBFPHVGVWTDIP-UHFFFAOYSA-N
2713,dibromonitromethane,8.67669361,598-91-4,O=[N+]([O-])C(Br)Br,,,https://doi.org/10.1021/acs.est.1c04747,halogenated,Halogenated organics,InChI=1S/CHBr2NO2/c2-1(3)4(5)6/h1H,GQEVYCCMYUNRHJ-UHFFFAOYSA-N
2714,dibromonitromethane,8.67669361,598-91-4,C([N+](=O)[O-])(Br)Br,,,https://doi.org/10.1021/acsestengg.5c00283,halogenated,Halogenated organics,InChI=1S/CHBr2NO2/c2-1(3)4(5)6/h1H,GQEVYCCMYUNRHJ-UHFFFAOYSA-N
2715,dibromonitromethane,8.68,598-91-4,[O-][N+](=O)C(Br)Br,7,17,https://doi.org/10.1021/acs.est.4c11950,halogenated,Halogenated organics,InChI=1S/CHBr2NO2/c2-1(3)4(5)6/h1H,GQEVYCCMYUNRHJ-UHFFFAOYSA-N
2716,dibutyl amine,10.26,62695-58-3,CCCCNCCCC,1,25,https://doi.org/10.1021/acs.est.4c11950,alkane,Aliphatic hydrocarbons,"InChI=1S/C8H19N/c1-3-5-7-9-8-6-4-2/h9H,3-8H2,1-2H3",JQVDAXLFBXTEQA-UHFFFAOYSA-N
2717,dibutyl amine,10.25527251,111-92-2,CCCCNCCCC,,,https://doi.org/10.1021/acsestengg.5c00312,alkane,Aliphatic hydrocarbons,"InChI=1S/C8H19N/c1-3-5-7-9-8-6-4-2/h9H,3-8H2,1-2H3",JQVDAXLFBXTEQA-UHFFFAOYSA-N
2718,dibutyl phthalate,9.799340549,93952-11-5,CCCCOC(=O)c1ccccc1C(=O)OCCCC,,,https://doi.org/10.1021/acs.est.1c04561,diol,Polyfunctional / highly functionalized,"InChI=1S/C16H22O4/c1-3-5-11-19-15(17)13-9-7-8-10-14(13)16(18)20-12-6-4-2/h7-10H,3-6,11-12H2,1-2H3",DOIRQSBPFJWKBE-UHFFFAOYSA-N
2719,dibutyl phthalate,9.8,93952-11-5,CCCCOC(=O)c1ccccc1C(=O)OCCCC,7,25,https://doi.org/10.1021/acs.est.4c11950,diol,Polyfunctional / highly functionalized,"InChI=1S/C16H22O4/c1-3-5-11-19-15(17)13-9-7-8-10-14(13)16(18)20-12-6-4-2/h7-10H,3-6,11-12H2,1-2H3",DOIRQSBPFJWKBE-UHFFFAOYSA-N
2720,dibutyl sulfoxide,9.9,2168-93-6,CCCC[S](=O)CCCC,2,25,https://doi.org/10.1021/acs.est.4c11950,"sulfide, disulfide",Sulfur-containing organics,"InChI=1S/C8H18OS/c1-3-5-7-10(9)8-6-4-2/h3-8H2,1-2H3",LOWMYOWHQMKBTM-UHFFFAOYSA-N
2721,dicamba,9.54,6597-78-0,COc1c(Cl)ccc(Cl)c1C(=O)O,7,25,https://doi.org/10.1021/acs.est.4c11950,alcohol,Oxygenated organics,"InChI=1S/C8H6Cl2O3/c1-13-7-5(10)3-2-4(9)6(7)8(11)12/h2-3H,1H3,(H,11,12)",IWEDIXLBFLAXBO-UHFFFAOYSA-N
2722,dichloro(triethylenetetramine)cobalt(III) ion,8.43,22541-63-5,Cl[Co+]Cl.NCCNCCNCCN,7,25,NIST,halogenated,Halogenated organics,"InChI=1S/C6H18N4.2ClH.Co/c7-1-3-9-5-6-10-4-2-8;;;/h9-10H,1-8H2;2*1H;/q;;;+3/p-2",AVDIEUYDXQHLQG-UHFFFAOYSA-L
2723,dichloro(triethylenetetramine)cobalt(III) ion,8.45,22541-63-5,Cl[Co+]Cl.NCCNCCNCCN,4.5,25,NIST,halogenated,Halogenated organics,"InChI=1S/C6H18N4.2ClH.Co/c7-1-3-9-5-6-10-4-2-8;;;/h9-10H,1-8H2;2*1H;/q;;;+3/p-2",AVDIEUYDXQHLQG-UHFFFAOYSA-L
2724,dichloro-nitromethane,8.709269961,40956-61-4,[O-][N+](=O)C(Cl)Cl,,,https://doi.org/10.1021/acs.est.1c04422,halogenated,Halogenated organics,InChI=1S/CHCl2NO2/c2-1(3)4(5)6/h1H,XUNYLLBGLKGFHO-UHFFFAOYSA-N
2725,dichloroacetamide,7.46,98137-00-9,NC(=O)C(Cl)Cl,7,25,https://doi.org/10.1021/acs.est.4c11950,halogenated,Halogenated organics,"InChI=1S/C2H3Cl2NO/c3-1(4)2(5)6/h1H,(H2,5,6)",WCGGWVOVFQNRRS-UHFFFAOYSA-N
2726,dichloroacetate ion,7.96,13425-80-4,O=C([O-])C(Cl)Cl,6.2,25,NIST,halogenated,Halogenated organics,"InChI=1S/C2H2Cl2O2/c3-1(4)2(5)6/h1H,(H,5,6)/p-1",JXTHNDFMNIQAHM-UHFFFAOYSA-M
2727,dichloroacetic acid,8.113943352,286367-78-0,O=C(O)C(Cl)Cl,,,https://doi.org/10.1021/acs.est.1c04597,halogenated,Halogenated organics,"InChI=1S/C2H2Cl2O2/c3-1(4)2(5)6/h1H,(H,5,6)",JXTHNDFMNIQAHM-UHFFFAOYSA-N
2728,dichloroacetic acid,8.11,286367-78-0,O=C(O)C(Cl)Cl,7,25,https://doi.org/10.1021/acs.est.4c11950,halogenated,Halogenated organics,"InChI=1S/C2H2Cl2O2/c3-1(4)2(5)6/h1H,(H,5,6)",JXTHNDFMNIQAHM-UHFFFAOYSA-N
2729,dichloroacetonitrile,7.397940009,3018-12-0,N#CC(Cl)Cl,,,https://doi.org/10.1021/acs.est.1c05502,halogenated,Halogenated organics,InChI=1S/C2HCl2N/c3-2(4)1-5/h2H,STZZWJCGRKXEFF-UHFFFAOYSA-N
2730,dichloroacetonitrile,7.4,3018-12-0,N#CC(Cl)Cl,7,25,https://doi.org/10.1021/acs.est.4c11950,halogenated,Halogenated organics,InChI=1S/C2HCl2N/c3-2(4)1-5/h2H,STZZWJCGRKXEFF-UHFFFAOYSA-N
2731,dichloroethylene,9.58,540-59-0,ClC(Cl)=C,8.6,25,https://doi.org/10.1021/acs.est.4c11950,halogenated,Halogenated organics,InChI=1S/C2H2Cl2/c1-2(3)4/h1H2,LGXVIGDEPROXKC-UHFFFAOYSA-N
2732,dichloroethylene,9.58,540-59-0,Cl/C=C/Cl,8.6,25,NIST,halogenated,Halogenated organics,InChI=1S/C2H2Cl2/c3-1-2-4/h1-2H/b2-1+,KFUSEUYYWQURPO-OWOJBTEDSA-N
2733,dichloroethylene,9.78,540-59-0,Cl/C=C/Cl,6.5,25,NIST,halogenated,Halogenated organics,InChI=1S/C2H2Cl2/c3-1-2-4/h1-2H/b2-1+,KFUSEUYYWQURPO-OWOJBTEDSA-N
2734,dichloroethylene,9.83,540-59-0,ClC(Cl)=C,6.5,25,https://doi.org/10.1021/acs.est.4c11950,halogenated,Halogenated organics,InChI=1S/C2H2Cl2/c1-2(3)4/h1H2,LGXVIGDEPROXKC-UHFFFAOYSA-N
2735,dichloroethylene  (trans),9.643452676,156-60-5,C(=C/Cl)\Cl,,,https://doi.org/10.1021/acsestengg.5c00372,halogenated,Halogenated organics,InChI=1S/C2H2Cl2/c3-1-2-4/h1-2H/b2-1+,KFUSEUYYWQURPO-OWOJBTEDSA-N
2736,dichloroethylene (cis),9.579783597,156-59-2,C(=C\Cl)\Cl,,,https://doi.org/10.1021/acsestengg.5c00371,halogenated,Halogenated organics,InChI=1S/C2H2Cl2/c3-1-2-4/h1-2H/b2-1-,KFUSEUYYWQURPO-UPHRSURJSA-N
2737,dichloroethylene (cis),9.579783597,156-59-2,Cl/C=C\Cl,,,https://doi.org/10.1021/acs.est.1c05643,halogenated,Halogenated organics,InChI=1S/C2H2Cl2/c3-1-2-4/h1-2H/b2-1-,KFUSEUYYWQURPO-UPHRSURJSA-N
2738,dichloroethylene (trans),9.643452676,156-60-5,Cl/C=C/Cl,,,https://doi.org/10.1021/acs.est.1c04463,halogenated,Halogenated organics,InChI=1S/C2H2Cl2/c3-1-2-4/h1-2H/b2-1+,KFUSEUYYWQURPO-OWOJBTEDSA-N
2739,dichloroiodomethane,9.81,594-04-7,ClC(Cl)I,7,25,https://doi.org/10.1021/acs.est.4c11950,halogenated,Halogenated organics,InChI=1S/CHCl2I/c2-1(3)4/h1H,HNLZCOJXSLDGKD-UHFFFAOYSA-N
2740,dichloroiodomethane,9.812913357,594-04-7,ClC(Cl)I,,,https://doi.org/10.1021/acs.est.1c05217,halogenated,Halogenated organics,InChI=1S/CHCl2I/c2-1(3)4/h1H,HNLZCOJXSLDGKD-UHFFFAOYSA-N
2741,dichloromethane,7.763427994,75-09-2,C(Cl)Cl,,,https://doi.org/10.1021/acsestengg.5c00228,alkane,Aliphatic hydrocarbons,InChI=1S/CH2Cl2/c2-1-3/h1H2,YMWUJEATGCHHMB-UHFFFAOYSA-N
2742,dichloromethane,7.95,143824-88-8,ClCCl,8.5,24,https://doi.org/10.1021/acs.est.4c11950,halogenated,Halogenated organics,InChI=1S/CH2Cl2/c2-1-3/h1H2,YMWUJEATGCHHMB-UHFFFAOYSA-N
2743,dichloromethane,7.76,143824-88-8,ClCCl,7,25,https://doi.org/10.1021/acs.est.4c11950,halogenated,Halogenated organics,InChI=1S/CH2Cl2/c2-1-3/h1H2,YMWUJEATGCHHMB-UHFFFAOYSA-N
2744,dichloromethane,7.76,143824-88-8,ClCCl,10,30,https://doi.org/10.1021/acs.est.4c11950,halogenated,Halogenated organics,InChI=1S/CH2Cl2/c2-1-3/h1H2,YMWUJEATGCHHMB-UHFFFAOYSA-N
2745,dichloronitromethane,8.71,7119-89-3,[O-][N+](=O)C(Cl)Cl,7,17,https://doi.org/10.1021/acs.est.4c11950,halogenated,Halogenated organics,InChI=1S/CHCl2NO2/c2-1(3)4(5)6/h1H,XUNYLLBGLKGFHO-UHFFFAOYSA-N
2746,dichloronitromethane,8.709269961,7119-89-3,O=[N+]([O-])C(Cl)Cl,,,https://doi.org/10.1021/acs.est.1c04366,halogenated,Halogenated organics,InChI=1S/CHCl2NO2/c2-1(3)4(5)6/h1H,XUNYLLBGLKGFHO-UHFFFAOYSA-N
2747,dichloronitromethane,8.709269961,7119-89-3,C([N+](=O)[O-])(Cl)Cl,,,https://doi.org/10.1021/acsestengg.5c00281,halogenated,Halogenated organics,InChI=1S/CHCl2NO2/c2-1(3)4(5)6/h1H,XUNYLLBGLKGFHO-UHFFFAOYSA-N
2748,diclofenac,9.875061263,15307-86-5,C1=CC=C(C(=C1)CC(=O)O)NC2=C(C=CC=C2Cl)Cl,,,https://doi.org/10.1021/acsestengg.5c00536,halogenated,Halogenated organics,"InChI=1S/C14H11Cl2NO2/c15-10-5-3-6-11(16)14(10)17-12-7-2-1-4-9(12)8-13(18)19/h1-7,17H,8H2,(H,18,19)",DCOPUUMXTXDBNB-UHFFFAOYSA-N
2749,diclofenac,9.875061263,146607-19-4,O=C(O)Cc1ccccc1Nc1c(Cl)cccc1Cl,,,https://doi.org/10.1021/acs.est.1c04962,benzene,Aromatic & PAHs,"InChI=1S/C14H11Cl2NO2/c15-10-5-3-6-11(16)14(10)17-12-7-2-1-4-9(12)8-13(18)19/h1-7,17H,8H2,(H,18,19)",DCOPUUMXTXDBNB-UHFFFAOYSA-N
2750,diclofenac ion,10.26,146607-19-4,O=C(O)Cc1ccccc1Nc1c(Cl)cccc1Cl,7.2,25,NIST,benzene,Aromatic & PAHs,"InChI=1S/C14H11Cl2NO2/c15-10-5-3-6-11(16)14(10)17-12-7-2-1-4-9(12)8-13(18)19/h1-7,17H,8H2,(H,18,19)",DCOPUUMXTXDBNB-UHFFFAOYSA-N
2751,dicofol,9.57,10606-46-9,OC(c1ccc(Cl)cc1)(c1ccc(Cl)cc1)C(Cl)(Cl)Cl,7,25,https://doi.org/10.1021/acs.est.4c11950,alcohol,Oxygenated organics,"InChI=1S/C14H9Cl5O/c15-11-5-1-9(2-6-11)13(20,14(17,18)19)10-3-7-12(16)8-4-10/h1-8,20H",UOAMTSKGCBMZTC-UHFFFAOYSA-N
2752,dicyandiamide,6.86,55295-98-2,NC(N)=NC#N,5,25,https://doi.org/10.1021/acs.est.4c11950,halogenated,Halogenated organics,"InChI=1S/C2H4N4/c3-1-6-2(4)5/h(H4,4,5,6)",QGBSISYHAICWAH-UHFFFAOYSA-N
2753,dicyanoaurate(I) ion,9.72,554-07-4,[Au+].[C-]#N.[C-]#N.[K+],2,25,NIST,halogenated,Halogenated organics,InChI=1S/2CN.Au.K/c2*1-2;;/q2*-1;2*+1,XTFKWYDMKGAZKK-UHFFFAOYSA-N
2754,dicyanoaurate(I) ion,9.76,554-07-4,[Au+].[C-]#N.[C-]#N.[K+],7,25,NIST,halogenated,Halogenated organics,InChI=1S/2CN.Au.K/c2*1-2;;/q2*-1;2*+1,XTFKWYDMKGAZKK-UHFFFAOYSA-N
2755,dicyclohexano-18-crown-6,10,16069-36-6,C1CCC2OCCOCCOC3CCCCC3OCCOCCOC2C1,6.5,25,NIST,diol,Polyfunctional / highly functionalized,"InChI=1S/C20H36O6/c1-2-6-18-17(5-1)23-13-9-21-11-15-25-19-7-3-4-8-20(19)26-16-12-22-10-14-24-18/h17-20H,1-16H2",BBGKDYHZQOSNMU-UHFFFAOYSA-N
2756,diethoxy-(4-nitrophenoxy)-sulfanylidenephosphorane,9.989894564,895-92-1,CCO[P](=S)(OCC)Oc1ccc(cc1)[N+]([O-])=O,,,https://doi.org/10.1021/acs.est.1c05529,diol,Polyfunctional / highly functionalized,"InChI=1S/C10H14NO5PS/c1-3-14-17(18,15-4-2)16-10-7-5-9(6-8-10)11(12)13/h5-8H,3-4H2,1-2H3",LCCNCVORNKJIRZ-UHFFFAOYSA-N
2757,diethoxymethane,9.204119983,462-95-3,CCOCOCC,,,https://doi.org/10.1021/acsestengg.5c00179,diol,Polyfunctional / highly functionalized,"InChI=1S/C5H12O2/c1-3-6-5-7-4-2/h3-5H2,1-2H3",KLKFAASOGCDTDT-UHFFFAOYSA-N
2758,diethoxymethane,9.2,462-95-3,CCOCOCC,9,25,NIST,diol,Polyfunctional / highly functionalized,"InChI=1S/C5H12O2/c1-3-6-5-7-4-2/h3-5H2,1-2H3",KLKFAASOGCDTDT-UHFFFAOYSA-N
2759,"diethyl 2,2'-thiobisacetate",9.08,16002-29-2,CCOC(=O)CSCC(=O)OCC,0,25,NIST,diol,Polyfunctional / highly functionalized,"InChI=1S/C8H14O4S/c1-3-11-7(9)5-13-6-8(10)12-4-2/h3-6H2,1-2H3",TVCSSJHLVLMADJ-UHFFFAOYSA-N
2760,diethyl disulfide,10.15,126472-37-5,CCSSCC,4,25,https://doi.org/10.1021/acs.est.4c11950,"sulfide, disulfide",Sulfur-containing organics,"InChI=1S/C4H10S2/c1-3-5-6-4-2/h3-4H2,1-2H3",CETBSQOFQKLHHZ-UHFFFAOYSA-N
2761,diethyl dithiocarbamate ion,10,4384-82-1,CCN(CC)C(=S)[S-],9.2,25,NIST,"sulfide, disulfide",Sulfur-containing organics,"InChI=1S/C5H11NS2/c1-3-6(4-2)5(7)8/h3-4H2,1-2H3,(H,7,8)/p-1",LMBWSYZSUOEYSN-UHFFFAOYSA-M
2762,diethyl dithiocarbamate ion,9.9,4384-82-1,CCN(CC)C(=S)[S-],7,25,NIST,"sulfide, disulfide",Sulfur-containing organics,"InChI=1S/C5H11NS2/c1-3-6(4-2)5(7)8/h3-4H2,1-2H3,(H,7,8)/p-1",LMBWSYZSUOEYSN-UHFFFAOYSA-M
2763,diethyl malonate,8.81,4303-49-5,CCOC(=O)CC(=O)OCC,7,25,https://doi.org/10.1021/acs.est.4c11950,diol,Polyfunctional / highly functionalized,"InChI=1S/C7H12O4/c1-3-10-6(8)5-7(9)11-4-2/h3-5H2,1-2H3",IYXGSMUGOJNHAZ-UHFFFAOYSA-N
2764,diethyl methylphosphonate,8.77815125,1342310-32-0,CCOP(C)(=O)OCC,,,https://doi.org/10.1021/acs.est.1c05413,alcohol,Oxygenated organics,"InChI=1S/C5H13O3P/c1-4-7-9(3,6)8-5-2/h4-5H2,1-3H3",NYYLZXREFNYPKB-UHFFFAOYSA-N
2765,diethyl methylphosphonate,8.78,1342310-32-0,CCOP(=O)(C)OCC,7,25,https://doi.org/10.1021/acs.est.4c11950,alcohol,Oxygenated organics,"InChI=1S/C5H13O3P/c1-4-7-9(3,6)8-5-2/h4-5H2,1-3H3",NYYLZXREFNYPKB-UHFFFAOYSA-N
2766,diethyl methylphosphonate(DEMP),8.77815125,683-08-9,CCOP(=O)(C)OCC,,,https://doi.org/10.1021/acsestengg.5c00333,alcohol,Oxygenated organics,"InChI=1S/C5H13O3P/c1-4-7-9(3,6)8-5-2/h4-5H2,1-3H3",NYYLZXREFNYPKB-UHFFFAOYSA-N
2767,diethyl succinate,8.89,52089-62-0,CCOC(=O)CCC(=O)OCC,7,25,https://doi.org/10.1021/acs.est.4c11950,diol,Polyfunctional / highly functionalized,"InChI=1S/C8H14O4/c1-3-11-7(9)5-6-8(10)12-4-2/h3-6H2,1-2H3",DKMROQRQHGEIOW-UHFFFAOYSA-N
2768,diethyl sulfides,10.15,68515-93-5,CCSCC,7,25,https://doi.org/10.1021/acs.est.4c11950,"sulfide, disulfide",Sulfur-containing organics,"InChI=1S/C4H10S/c1-3-5-4-2/h3-4H2,1-2H3",LJSQFQKUNVCTIA-UHFFFAOYSA-N
2769,diethyl sulfoxide,9.81,140703-15-7,CC[S](=O)CC,2,25,https://doi.org/10.1021/acs.est.4c11950,"sulfide, disulfide",Sulfur-containing organics,"InChI=1S/C4H10OS/c1-3-6(5)4-2/h3-4H2,1-2H3",CCAFPWNGIUBUSD-UHFFFAOYSA-N
2770,diethylammonium ion,8.23,60933-18-8,CC[NH2+]CC,1,25,NIST,alkane,Aliphatic hydrocarbons,"InChI=1S/C4H11N/c1-3-5-4-2/h5H,3-4H2,1-2H3/p+1",HPNMFZURTQLUMO-UHFFFAOYSA-O
2771,diethylene glycol,9.322219295,111-46-6,C(COCCO)O,,,https://doi.org/10.1021/acsestengg.5c00183,halogenated,Halogenated organics,"InChI=1S/C4H10O3/c5-1-3-7-4-2-6/h5-6H,1-4H2",MTHSVFCYNBDYFN-UHFFFAOYSA-N
2772,diethylene glycol diethyl ether,9.51,112-36-7,CCOCCOCCOCC,9,25,NIST,diol,Polyfunctional / highly functionalized,"InChI=1S/C8H18O3/c1-3-9-5-7-11-8-6-10-4-2/h3-8H2,1-2H3",RRQYJINTUHWNHW-UHFFFAOYSA-N
2773,diethylene glycol diethyl ether (2-ETHOXYETHYL ETHER),9.505149978,112-36-7,CCOCCOCCOCC,,,https://doi.org/10.1021/acsestengg.5c00176,diol,Polyfunctional / highly functionalized,"InChI=1S/C8H18O3/c1-3-9-5-7-11-8-6-10-4-2/h3-8H2,1-2H3",RRQYJINTUHWNHW-UHFFFAOYSA-N
2774,diethylenetriamine(pyridine)platinum(II) ion,9.95,22542-10-5,NCCNCCN[Pt+2].c1ccncc1,8.3,25,NIST,cyclo,Aromatic & PAHs,"InChI=1S/C5H5N.C4H12N3.Pt/c1-2-4-6-5-3-1;5-1-3-7-4-2-6;/h1-5H;5,7H,1-4,6H2;/q;-1;+3",JFMXBQWGAQOIKE-UHFFFAOYSA-N
2775,diethylenetriaminepentaacetate ion,9.34,14047-41-7,O=C([O-])CN(CCN(CC(=O)[O-])CC(=O)[O-])CCN(CC(=O)[O-])CC(=O)[O-],11,25,NIST,diol,Polyfunctional / highly functionalized,"InChI=1S/C14H23N3O10/c18-10(19)5-15(1-3-16(6-11(20)21)7-12(22)23)2-4-17(8-13(24)25)9-14(26)27/h1-9H2,(H,18,19)(H,20,21)(H,22,23)(H,24,25)(H,26,27)/p-5",QPCDCPDFJACHGM-UHFFFAOYSA-I
2776,diethylenetriaminepentaacetate ion,9.81,14047-41-7,O=C([O-])CN(CCN(CC(=O)[O-])CC(=O)[O-])CCN(CC(=O)[O-])CC(=O)[O-],9.5,25,NIST,diol,Polyfunctional / highly functionalized,"InChI=1S/C14H23N3O10/c18-10(19)5-15(1-3-16(6-11(20)21)7-12(22)23)2-4-17(8-13(24)25)9-14(26)27/h1-9H2,(H,18,19)(H,20,21)(H,22,23)(H,24,25)(H,26,27)/p-5",QPCDCPDFJACHGM-UHFFFAOYSA-I
2777,diethylenetriaminepentaacetate ion,9.46,14047-41-7,O=C([O-])CN(CCN(CC(=O)[O-])CC(=O)[O-])CCN(CC(=O)[O-])CC(=O)[O-],12.2,25,NIST,diol,Polyfunctional / highly functionalized,"InChI=1S/C14H23N3O10/c18-10(19)5-15(1-3-16(6-11(20)21)7-12(22)23)2-4-17(8-13(24)25)9-14(26)27/h1-9H2,(H,18,19)(H,20,21)(H,22,23)(H,24,25)(H,26,27)/p-5",QPCDCPDFJACHGM-UHFFFAOYSA-I
2778,diethylenetriaminepentaacetate ion,9.72,14047-41-7,O=C([O-])CN(CCN(CC(=O)[O-])CC(=O)[O-])CCN(CC(=O)[O-])CC(=O)[O-],7,25,NIST,diol,Polyfunctional / highly functionalized,"InChI=1S/C14H23N3O10/c18-10(19)5-15(1-3-16(6-11(20)21)7-12(22)23)2-4-17(8-13(24)25)9-14(26)27/h1-9H2,(H,18,19)(H,20,21)(H,22,23)(H,24,25)(H,26,27)/p-5",QPCDCPDFJACHGM-UHFFFAOYSA-I
2779,diethylenetriaminepentaacetatobarate(II) ion,9.4,15158-11-9,O=C([O-])CN(CCN(CC(=O)[O-])CC(=O)[O-])CCN(CC(=O)[O-])CC(=O)[O-].[Ba+2],7,25,NIST,diol,Polyfunctional / highly functionalized,"InChI=1S/C14H23N3O10.Ba/c18-10(19)5-15(1-3-16(6-11(20)21)7-12(22)23)2-4-17(8-13(24)25)9-14(26)27;/h1-9H2,(H,18,19)(H,20,21)(H,22,23)(H,24,25)(H,26,27);/q;+2/p-5",VUGDVCHJFULANT-UHFFFAOYSA-I
2780,diethylenetriaminepentaacetatocadmate(II) ion,9.43,15158-11-9,O=C([O-])CN(CCN(CC(=O)[O-])CC(=O)[O-])CCN(CC(=O)[O-])CC(=O)[O-].[Cd+2],7,25,NIST,diol,Polyfunctional / highly functionalized,"InChI=1S/C14H23N3O10.Cd/c18-10(19)5-15(1-3-16(6-11(20)21)7-12(22)23)2-4-17(8-13(24)25)9-14(26)27;/h1-9H2,(H,18,19)(H,20,21)(H,22,23)(H,24,25)(H,26,27);/q;+2/p-5",CHOFYVAUFMXCIQ-UHFFFAOYSA-I
2781,diethylenetriaminepentaacetatocalcate(II) ion,9.52,15158-11-9,O=C([O-])CN(CCN(CC(=O)[O-])CC(=O)[O-])CCN(CC(=O)[O-])CC(=O)[O-].[Ca+2],7,25,NIST,diol,Polyfunctional / highly functionalized,"InChI=1S/C14H23N3O10.Ca/c18-10(19)5-15(1-3-16(6-11(20)21)7-12(22)23)2-4-17(8-13(24)25)9-14(26)27;/h1-9H2,(H,18,19)(H,20,21)(H,22,23)(H,24,25)(H,26,27);/q;+2/p-5",BHRQIJRLOVHRKH-UHFFFAOYSA-I
2782,diethylenetriaminepentaacetatocuprate(II) ion,9.2,15158-11-9,O=C([O-])CN(CCN(CC(=O)[O-])CC(=O)[O-])CCN(CC(=O)[O-])CC(=O)[O-].[Cu+2],7,25,NIST,diol,Polyfunctional / highly functionalized,"InChI=1S/C14H23N3O10.Cu/c18-10(19)5-15(1-3-16(6-11(20)21)7-12(22)23)2-4-17(8-13(24)25)9-14(26)27;/h1-9H2,(H,18,19)(H,20,21)(H,22,23)(H,24,25)(H,26,27);/q;+2/p-5",HBGPLKYRIOCZDS-UHFFFAOYSA-I
2783,diethylenetriaminepentaacetatomagnesiate(II) ion,9.4,15158-11-9,O=C([O-])CN(CCN(CC(=O)[O-])CC(=O)[O-])CCN(CC(=O)[O-])CC(=O)[O-].[Mg+2],7,25,NIST,diol,Polyfunctional / highly functionalized,"InChI=1S/C14H23N3O10.Mg/c18-10(19)5-15(1-3-16(6-11(20)21)7-12(22)23)2-4-17(8-13(24)25)9-14(26)27;/h1-9H2,(H,18,19)(H,20,21)(H,22,23)(H,24,25)(H,26,27);/q;+2/p-5",JYBCHOXBJRZKAV-UHFFFAOYSA-I
2784,diethylenetriaminepentaacetatomercurate(II) ion,9.28,15158-11-9,O=C([O-])CN(CCN(CC(=O)[O-])CC(=O)[O-])CCN(CC(=O)[O-])CC(=O)[O-].[Hg+2],7,25,NIST,diol,Polyfunctional / highly functionalized,"InChI=1S/C14H23N3O10.Hg/c18-10(19)5-15(1-3-16(6-11(20)21)7-12(22)23)2-4-17(8-13(24)25)9-14(26)27;/h1-9H2,(H,18,19)(H,20,21)(H,22,23)(H,24,25)(H,26,27);/q;+2/p-5",FAEIKBAYIVSBRO-UHFFFAOYSA-I
2785,diethylenetriaminepentaacetatoplumbate(II) ion,9.77,15158-11-9,O=C([O-])CN(CCN(CC(=O)[O-])CC(=O)[O-])CCN(CC(=O)[O-])CC(=O)[O-].[Pb+2],7,25,NIST,diol,Polyfunctional / highly functionalized,"InChI=1S/C14H23N3O10.Pb/c18-10(19)5-15(1-3-16(6-11(20)21)7-12(22)23)2-4-17(8-13(24)25)9-14(26)27;/h1-9H2,(H,18,19)(H,20,21)(H,22,23)(H,24,25)(H,26,27);/q;+2/p-5",KHJSLXOESBCYRP-UHFFFAOYSA-I
2786,diethylenetriaminepentaacetatostannate(IV) ion,9.76,22542-05-8,O=C([O-])CN(CCN(CC(=O)[O-])CC(=O)[O-])CCN(CC(=O)[O-])CC(=O)[O-].[Sn+4],7,25,NIST,diol,Polyfunctional / highly functionalized,"InChI=1S/C14H23N3O10.Sn/c18-10(19)5-15(1-3-16(6-11(20)21)7-12(22)23)2-4-17(8-13(24)25)9-14(26)27;/h1-9H2,(H,18,19)(H,20,21)(H,22,23)(H,24,25)(H,26,27);/q;+4/p-5",YCRPHLQOWIMIQP-UHFFFAOYSA-I
2787,diethylenetriaminepentaacetatostrontate(II) ion,9.71,15158-11-9,O=C([O-])CN(CCN(CC(=O)[O-])CC(=O)[O-])CCN(CC(=O)[O-])CC(=O)[O-].[Sr+2],7,25,NIST,diol,Polyfunctional / highly functionalized,"InChI=1S/C14H23N3O10.Sr/c18-10(19)5-15(1-3-16(6-11(20)21)7-12(22)23)2-4-17(8-13(24)25)9-14(26)27;/h1-9H2,(H,18,19)(H,20,21)(H,22,23)(H,24,25)(H,26,27);/q;+2/p-5",JEMRMVHYPWBNCV-UHFFFAOYSA-I
2788,diethylenetriaminepentaacetatothorate(IV) ion,9.11,22542-05-8,O=C([O-])CN(CCN(CC(=O)[O-])CC(=O)[O-])CCN(CC(=O)[O-])CC(=O)[O-].[Th+4],7,25,NIST,diol,Polyfunctional / highly functionalized,"InChI=1S/C14H23N3O10.Th/c18-10(19)5-15(1-3-16(6-11(20)21)7-12(22)23)2-4-17(8-13(24)25)9-14(26)27;/h1-9H2,(H,18,19)(H,20,21)(H,22,23)(H,24,25)(H,26,27);/q;+4/p-5",NYGXONOQGJQDBB-UHFFFAOYSA-I
2789,diethylenetriaminepentaacetatozincate(II) ion,9.2,15158-11-9,O=C([O-])CN(CCN(CC(=O)[O-])CC(=O)[O-])CCN(CC(=O)[O-])CC(=O)[O-].[Zn+2],7,25,NIST,diol,Polyfunctional / highly functionalized,"InChI=1S/C14H23N3O10.Zn/c18-10(19)5-15(1-3-16(6-11(20)21)7-12(22)23)2-4-17(8-13(24)25)9-14(26)27;/h1-9H2,(H,18,19)(H,20,21)(H,22,23)(H,24,25)(H,26,27);/q;+2/p-5",UVJDUBUJJFBKLD-UHFFFAOYSA-I
2790,diethylether,9.46,36458-84-1,CCOCC,7,25,https://doi.org/10.1021/acs.est.4c11950,alcohol,Oxygenated organics,"InChI=1S/C4H10O/c1-3-5-4-2/h3-4H2,1-2H3",RTZKZFJDLAIYFH-UHFFFAOYSA-N
2791,diethylether,9.462397998,60-29-7,CCOCC,,,https://doi.org/10.1021/acsestengg.5c00172,alcohol,Oxygenated organics,"InChI=1S/C4H10O/c1-3-5-4-2/h3-4H2,1-2H3",RTZKZFJDLAIYFH-UHFFFAOYSA-N
2792,diethylhydroxylamine,9.11,1219804-20-2,CCN(O)CC,9,25,https://doi.org/10.1021/acs.est.4c11950,alkane,Aliphatic hydrocarbons,"InChI=1S/C4H11NO/c1-3-5(6)4-2/h6H,3-4H2,1-2H3",FVCOIAYSJZGECG-UHFFFAOYSA-N
2793,diethylnitramine,8.94,7119-92-8,CCN(CC)[N+](=O)[O-],7,21,https://doi.org/10.1021/acs.est.4c11950,alkane,Aliphatic hydrocarbons,"InChI=1S/C4H10N2O2/c1-3-5(4-2)6(7)8/h3-4H2,1-2H3",QAXAHXNXXIWQIZ-UHFFFAOYSA-N
2794,diethylnitramine,8.938019097,7119-92-8,CCN(CC)[N+](=O)[O-],,,https://doi.org/10.1021/acs.est.1c05272,alkane,Aliphatic hydrocarbons,"InChI=1S/C4H10N2O2/c1-3-5(4-2)6(7)8/h3-4H2,1-2H3",QAXAHXNXXIWQIZ-UHFFFAOYSA-N
2795,diethylnitramine,8.938019097,55750-53-3,C1=CC(=O)N(C1=O)CCCCCC(=O)O,,,https://doi.org/10.1021/acsestengg.5c00325,halogenated,Halogenated organics,"InChI=1S/C10H13NO4/c12-8-5-6-9(13)11(8)7-3-1-2-4-10(14)15/h5-6H,1-4,7H2,(H,14,15)",WOJKKJKETHYEAC-UHFFFAOYSA-N
2796,diethylnitrosamine,8.844477176,55-18-5,CCN(CC)N=O,,,https://doi.org/10.1021/acsestengg.5c00324,alkane,Aliphatic hydrocarbons,"InChI=1S/C4H10N2O/c1-3-6(4-2)5-7/h3-4H2,1-2H3",WBNQDOYYEUMPFS-UHFFFAOYSA-N
2797,diethylnitrosamine,8.84,61738-03-2,CCN(CC)N=O,7,21,https://doi.org/10.1021/acs.est.4c11950,alkane,Aliphatic hydrocarbons,"InChI=1S/C4H10N2O/c1-3-6(4-2)5-7/h3-4H2,1-2H3",WBNQDOYYEUMPFS-UHFFFAOYSA-N
2798,diethyltoluamide,9.69,81178-30-5,CCc1ccc(C)c(C(N)=O)c1CC,7,25,Zhong et al.,cyclo,Aromatic & PAHs,"InChI=1S/C12H17NO/c1-4-9-7-6-8(3)11(12(13)14)10(9)5-2/h6-7H,4-5H2,1-3H3,(H2,13,14)",DBFZLABDXGUEIY-UHFFFAOYSA-N
2799,difluoroacetate ion,7,1955494-25-3,O=C([O-])C(F)F,6.2,25,NIST,halogenated,Halogenated organics,"InChI=1S/C2H2F2O2/c3-1(4)2(5)6/h1H,(H,5,6)/p-1",PBWZKZYHONABLN-UHFFFAOYSA-M
2800,dihydro-3-amino-3-methyl-2-thiophenone,9.45,147450-34-8,CC1(N)CCSC1=O,7,25,NIST,"sulfide, disulfide",Sulfur-containing organics,"InChI=1S/C5H9NOS/c1-5(6)2-3-8-4(5)7/h2-3,6H2,1H3",SHPOQDAVWJDBGS-UHFFFAOYSA-N
2801,dihydro-6-methyluracil,9.06,60484-35-7,CC1CC(=O)NC(=O)N1,7,25,https://doi.org/10.1021/acs.est.4c11950,alkane,Aliphatic hydrocarbons,"InChI=1S/C5H8N2O2/c1-3-2-4(8)7-5(9)6-3/h3H,2H2,1H3,(H2,6,7,8,9)",XQLIRTZXJDEQAO-UHFFFAOYSA-N
2802,dihydrofisetin,8.65,6514-92-7,O=C1c2ccc(O)cc2OC(c2ccc(O)c(O)c2)C1O,7,25,NIST,diol,Polyfunctional / highly functionalized,"InChI=1S/C15H12O6/c16-8-2-3-9-12(6-8)21-15(14(20)13(9)19)7-1-4-10(17)11(18)5-7/h1-6,14-18,20H",FNUPUYFWZXZMIE-UHFFFAOYSA-N
2803,dihydrogen hexacyanoferrate(II) ion,9.23,59299-99-9,[C-]#N.[C-]#N.[C-]#N.[C-]#N.[C-]#N.[C-]#N.[Fe+2],7,25,NIST,halogenated,Halogenated organics,InChI=1S/6CN.Fe/c6*1-2;/q6*-1;+2,UETZVSHORCDDTH-UHFFFAOYSA-N
2804,dihydroorotic acid,9.48,5988-19-2,O=C1CC(C(=O)O)NC(=O)N1,7,25,NIST,halogenated,Halogenated organics,"InChI=1S/C5H6N2O4/c8-3-1-2(4(9)10)6-5(11)7-3/h2H,1H2,(H,9,10)(H2,6,7,8,11)",UFIVEPVSAGBUSI-UHFFFAOYSA-N
2805,dihydroxybenzaldehyde,9.92,1386948-25-9,Oc1cccc(C=O)c1O,7,25,https://doi.org/10.1021/acs.est.4c11950,alcohol,Oxygenated organics,"InChI=1S/C7H6O3/c8-4-5-2-1-3-6(9)7(5)10/h1-4,9-10H",IXWOUPGDGMCKGT-UHFFFAOYSA-N
2806,dihydroxymethane,8.88,463-57-0,OCO,3.6,24,https://doi.org/10.1021/acs.est.4c11950,alcohol,Oxygenated organics,"InChI=1S/CH4O2/c2-1-3/h2-3H,1H2",CKFGINPQOCXMAZ-UHFFFAOYSA-N
2807,dihydroxymethane,9.11,463-57-0,OCO,1,25,https://doi.org/10.1021/acs.est.4c11950,alcohol,Oxygenated organics,"InChI=1S/CH4O2/c2-1-3/h2-3H,1H2",CKFGINPQOCXMAZ-UHFFFAOYSA-N
2808,dihydroxymethane(Methanediol),9.113943352,463-57-0,C(O)O,,,https://doi.org/10.1021/acsestengg.5c00157,halogenated,Halogenated organics,"InChI=1S/CH4O2/c2-1-3/h2-3H,1H2",CKFGINPQOCXMAZ-UHFFFAOYSA-N
2809,diiodomethane,9.8,40809-94-7,ICI,1.5,25,https://doi.org/10.1021/acs.est.4c11950,halogenated,Halogenated organics,InChI=1S/CH2I2/c2-1-3/h1H2,NZZFYRREKKOMAT-UHFFFAOYSA-N
2810,diiodomethane,9.78,40809-94-7,ICI,3,25,https://doi.org/10.1021/acs.est.4c11950,halogenated,Halogenated organics,InChI=1S/CH2I2/c2-1-3/h1H2,NZZFYRREKKOMAT-UHFFFAOYSA-N
2811,diiodomethane,9.32,40809-94-7,ICI,6,25,https://doi.org/10.1021/acs.est.4c11950,halogenated,Halogenated organics,InChI=1S/CH2I2/c2-1-3/h1H2,NZZFYRREKKOMAT-UHFFFAOYSA-N
2812,diisopropyl ether,9.57,108-20-3,CC(C)OC(C)C,7,25,https://doi.org/10.1021/acs.est.4c11950,alcohol,Oxygenated organics,"InChI=1S/C6H14O/c1-5(2)7-6(3)4/h5-6H,1-4H3",ZAFNJMIOTHYJRJ-UHFFFAOYSA-N
2813,diisopropyl ether,9.396199347,108-20-3,CC(C)OC(C)C,,,https://doi.org/10.1021/acsestengg.5c00173,alcohol,Oxygenated organics,"InChI=1S/C6H14O/c1-5(2)7-6(3)4/h5-6H,1-4H3",ZAFNJMIOTHYJRJ-UHFFFAOYSA-N
2814,diisopropyl ether,9.38,108-20-3,CC(C)OC(C)C,2,22,https://doi.org/10.1021/acs.est.4c11950,alcohol,Oxygenated organics,"InChI=1S/C6H14O/c1-5(2)7-6(3)4/h5-6H,1-4H3",ZAFNJMIOTHYJRJ-UHFFFAOYSA-N
2815,diisopropyl sulfoxide,9.832508913,2211-89-4,CC(C)S(=O)C(C)C,,,https://doi.org/10.1021/acsestengg.5c00269,"sulfide, disulfide",Sulfur-containing organics,"InChI=1S/C6H14OS/c1-5(2)8(7)6(3)4/h5-6H,1-4H3",WFJXYIUAMJAURQ-UHFFFAOYSA-N
2816,diisopropyl sulfoxide,9.833147112,2211-89-4,CC(C)S(=O)C(C)C,,,https://doi.org/10.1021/acs.est.1c05003,"sulfide, disulfide",Sulfur-containing organics,"InChI=1S/C6H14OS/c1-5(2)8(7)6(3)4/h5-6H,1-4H3",WFJXYIUAMJAURQ-UHFFFAOYSA-N
2817,diisopropyl sulfoxide,9.83,2211-89-4,CC(C)[S](=O)C(C)C,2,25,https://doi.org/10.1021/acs.est.4c11950,"sulfide, disulfide",Sulfur-containing organics,"InChI=1S/C6H14OS/c1-5(2)8(7)6(3)4/h5-6H,1-4H3",WFJXYIUAMJAURQ-UHFFFAOYSA-N
2818,dimethoxy-(3-methyl-4-methylsulfanylphenoxy)-sulfanylidenephosphorane,9.584331224,3364-88-3,CO[P](=S)(OC)Oc1ccc(SC)c(C)c1,,,https://doi.org/10.1021/acs.est.1c05481,alcohol,Oxygenated organics,"InChI=1S/C10H15O3PS2/c1-8-7-9(5-6-10(8)16-4)13-14(15,11-2)12-3/h5-7H,1-4H3",PNVJTZOFSHSLTO-UHFFFAOYSA-N
2819,dimethoxymethane,8.94,1382467-57-3,COCOC,7,25,https://doi.org/10.1021/acs.est.4c11950,diol,Polyfunctional / highly functionalized,"InChI=1S/C3H8O2/c1-4-3-5-2/h3H2,1-2H3",NKDDWNXOKDWJAK-UHFFFAOYSA-N
2820,"dimethyl 2,2'-thiobisacetate",9.15,16002-29-2,COC(=O)CSCC(=O)OC,0,25,NIST,diol,Polyfunctional / highly functionalized,"InChI=1S/C6H10O4S/c1-9-5(7)3-11-4-6(8)10-2/h3-4H2,1-2H3",ZQUQLLPRRJVUES-UHFFFAOYSA-N
2821,"dimethyl 2,2'-thiobisacetate",10.36,16002-29-2,COC(=O)CSCC(=O)OC,6,25,NIST,diol,Polyfunctional / highly functionalized,"InChI=1S/C6H10O4S/c1-9-5(7)3-11-4-6(8)10-2/h3-4H2,1-2H3",ZQUQLLPRRJVUES-UHFFFAOYSA-N
2822,"dimethyl 3,3'-thiodipropionate",10.1,4275-36-9,COC(=O)CCSCCC(=O)OC,6,25,NIST,diol,Polyfunctional / highly functionalized,"InChI=1S/C8H14O4S/c1-11-7(9)3-5-13-6-4-8(10)12-2/h3-6H2,1-2H3",MYWWWNVEZBAKHR-UHFFFAOYSA-N
2823,dimethyl disulfide,10.23,624-92-0,CSSC,4,25,https://doi.org/10.1021/acs.est.4c11950,"sulfide, disulfide",Sulfur-containing organics,InChI=1S/C2H6S2/c1-3-4-2/h1-2H3,WQOXQRCZOLPYPM-UHFFFAOYSA-N
2824,dimethyl methylphosphonate,8.3,6329-54-0,COP(=O)(C)OC,7,25,https://doi.org/10.1021/acs.est.4c11950,alcohol,Oxygenated organics,"InChI=1S/C3H9O3P/c1-5-7(3,4)6-2/h1-3H3",VONWDASPFIQPDY-UHFFFAOYSA-N
2825,dimethyl methylphosphonate,8.301029996,6329-54-0,COP(C)(=O)OC,,,https://doi.org/10.1021/acs.est.1c04830,alcohol,Oxygenated organics,"InChI=1S/C3H9O3P/c1-5-7(3,4)6-2/h1-3H3",VONWDASPFIQPDY-UHFFFAOYSA-N
2826,dimethyl methylphosphonate (DMMP),8.301029996,756-79-6,COP(=O)(C)OC,,,https://doi.org/10.1021/acsestengg.5c00332,alcohol,Oxygenated organics,"InChI=1S/C3H9O3P/c1-5-7(3,4)6-2/h1-3H3",VONWDASPFIQPDY-UHFFFAOYSA-N
2827,dimethyl phosphate ion,8.08,14265-44-2,COP(=O)([O-])OC,7,25,NIST,alcohol,Oxygenated organics,"InChI=1S/C2H7O4P/c1-5-7(3,4)6-2/h1-2H3,(H,3,4)/p-1",KKUKTXOBAWVSHC-UHFFFAOYSA-M
2828,dimethyl phthalate,9.51,198283-80-6,COC(=O)c1ccccc1C(=O)OC,7,25,https://doi.org/10.1021/acs.est.4c11950,diol,Polyfunctional / highly functionalized,"InChI=1S/C10H10O4/c1-13-9(11)7-5-3-4-6-8(7)10(12)14-2/h3-6H,1-2H3",NIQCNGHVCWTJSM-UHFFFAOYSA-N
2829,dimethyl sulfide,10.28,55652-52-3,CSC,7,25,https://doi.org/10.1021/acs.est.4c11950,"sulfide, disulfide",Sulfur-containing organics,InChI=1S/C2H6S/c1-3-2/h1-2H3,QMMFVYPAHWMCMS-UHFFFAOYSA-N
2830,dimethyl sulfide,10.2787536,75-18-3,CSC,,,https://doi.org/10.1021/acsestengg.5c00255,"sulfide, disulfide",Sulfur-containing organics,InChI=1S/C2H6S/c1-3-2/h1-2H3,QMMFVYPAHWMCMS-UHFFFAOYSA-N
2831,dimethyl sulfone,7.46,67-71-0,CS(C)(=O)=O,7,25,https://doi.org/10.1021/acs.est.4c11950,"sulfide, disulfide",Sulfur-containing organics,"InChI=1S/C2H6O2S/c1-5(2,3)4/h1-2H3",HHVIBTZHLRERCL-UHFFFAOYSA-N
2832,dimethyl sulfoxide,9.76,67-68-5,C[S](C)=O,7,25,https://doi.org/10.1021/acs.est.4c11950,"sulfide, disulfide",Sulfur-containing organics,InChI=1S/C2H6OS/c1-4(2)3/h1-2H3,IAZDPXIOMUYVGZ-UHFFFAOYSA-N
2833,dimethyl sulfoxide,9.85,67-68-5,C[S](C)=O,2,25,https://doi.org/10.1021/acs.est.4c11950,"sulfide, disulfide",Sulfur-containing organics,InChI=1S/C2H6OS/c1-4(2)3/h1-2H3,IAZDPXIOMUYVGZ-UHFFFAOYSA-N
2834,dimethyl sulfoxide,9.81,67-68-5,C[S](C)=O,4.5,25,https://doi.org/10.1021/acs.est.4c11950,"sulfide, disulfide",Sulfur-containing organics,InChI=1S/C2H6OS/c1-4(2)3/h1-2H3,IAZDPXIOMUYVGZ-UHFFFAOYSA-N
2835,dimethylamine,9.949390007,124-40-3,CNC,,,https://doi.org/10.1021/acsestengg.5c00311,halogenated,Halogenated organics,"InChI=1S/C2H7N/c1-3-2/h3H,1-2H3",ROSDSFDQCJNGOL-UHFFFAOYSA-N
2836,dimethylamine,9.95,124-40-3,CNC,7,25,https://doi.org/10.1021/acs.est.4c11950,halogenated,Halogenated organics,"InChI=1S/C2H7N/c1-3-2/h3H,1-2H3",ROSDSFDQCJNGOL-UHFFFAOYSA-N
2837,dimethylazanium,7.78,16970-97-1,C[NH2+]C,7,25,https://doi.org/10.1021/acs.est.4c11950,halogenated,Halogenated organics,"InChI=1S/C2H7N/c1-3-2/h3H,1-2H3/p+1",ROSDSFDQCJNGOL-UHFFFAOYSA-O
2838,dimethyldithiocarbamate,9.62,71311-51-8,CN(C)C([S-])=S,10,25,https://doi.org/10.1021/acs.est.4c11950,"sulfide, disulfide",Sulfur-containing organics,"InChI=1S/C3H7NS2/c1-4(2)3(5)6/h1-2H3,(H,5,6)/p-1",MZGNSEAPZQGJRB-UHFFFAOYSA-M
2839,dimethylethanolamine,9.81,287476-09-9,CN(C)CCO,7,25,https://doi.org/10.1021/acs.est.4c11950,halogenated,Halogenated organics,"InChI=1S/C4H11NO/c1-5(2)3-4-6/h6H,3-4H2,1-2H3",UEEJHVSXFDXPFK-UHFFFAOYSA-N
2840,dimethylether,9,115-10-6,COC,,,https://doi.org/10.1021/acsestengg.5c00170,alcohol,Oxygenated organics,InChI=1S/C2H6O/c1-3-2/h1-2H3,LCGLNKUTAGEVQW-UHFFFAOYSA-N
2841,dimethylether,9,53354-50-0,COC,7,25,https://doi.org/10.1021/acs.est.4c11950,alcohol,Oxygenated organics,InChI=1S/C2H6O/c1-3-2/h1-2H3,LCGLNKUTAGEVQW-UHFFFAOYSA-N
2842,dimethylnitramine,8.74,72885-11-1,CN(C)[N+]([O-])=O,7,21,https://doi.org/10.1021/acs.est.4c11950,halogenated,Halogenated organics,InChI=1S/C2H6N2O2/c1-3(2)4(5)6/h1-2H3,XRWKADIRZXTTLH-UHFFFAOYSA-N
2843,dimetridazole,9.562292864,64678-69-9,Cc1ncc([N+](=O)[O-])n1C,,,https://doi.org/10.1021/acs.est.1c04481,alkane,Aliphatic hydrocarbons,"InChI=1S/C5H7N3O2/c1-4-6-3-5(7(4)2)8(9)10/h3H,1-2H3",IBXPYPUJPLLOIN-UHFFFAOYSA-N
2844,dimetridazole,9.56,64678-69-9,Cc1ncc([N+](=O)[O-])n1C,7,25,https://doi.org/10.1021/acs.est.4c11950,alkane,Aliphatic hydrocarbons,"InChI=1S/C5H7N3O2/c1-4-6-3-5(7(4)2)8(9)10/h3H,1-2H3",IBXPYPUJPLLOIN-UHFFFAOYSA-N
2845,diosmetin,9.23,163399-30-2,COc1ccc(-c2cc(=O)c3c(O)cc(O)cc3o2)cc1O,7,25,https://doi.org/10.1021/acs.est.4c11950,diol,Polyfunctional / highly functionalized,"InChI=1S/C16H12O6/c1-21-13-3-2-8(4-10(13)18)14-7-12(20)16-11(19)5-9(17)6-15(16)22-14/h2-7,17-19H,1H3",MBNGWHIJMBWFHU-UHFFFAOYSA-N
2846,dioxohexahydrotriazine,9.21,27032-78-6,O=C1CNNNC1=O,7,25,https://doi.org/10.1021/acs.est.4c11950,cyclo,Aromatic & PAHs,"InChI=1S/C3H5N3O2/c7-2-1-4-6-5-3(2)8/h4,6H,1H2,(H,5,8)",JAACTFVUPCIFOG-UHFFFAOYSA-N
2847,diphenyl sulfide,10.11,15367-75-6,C1=CC=C(C=C1)SC2=CC=CC=C2,7,25,https://doi.org/10.1021/acs.est.4c11950,"sulfide, disulfide",Sulfur-containing organics,InChI=1S/C12H10S/c1-3-7-11(8-4-1)13-12-9-5-2-6-10-12/h1-10H,LTYMSROWYAPPGB-UHFFFAOYSA-N
2848,diphenyl sulfoxide,9.799340549,1428511-42-5,O=S(c1ccccc1)c1ccccc1,,,https://doi.org/10.1021/acs.est.1c05008,"sulfide, disulfide",Sulfur-containing organics,InChI=1S/C12H10OS/c13-14(11-7-3-1-4-8-11)12-9-5-2-6-10-12/h1-10H,JJHHIJFTHRNPIK-UHFFFAOYSA-N
2849,diphenyl sulfoxide,9.799340549,945-51-7,C1=CC=C(C=C1)S(=O)C2=CC=CC=C2,,,https://doi.org/10.1021/acsestengg.5c00403,"sulfide, disulfide",Sulfur-containing organics,InChI=1S/C12H10OS/c13-14(11-7-3-1-4-8-11)12-9-5-2-6-10-12/h1-10H,JJHHIJFTHRNPIK-UHFFFAOYSA-N
2850,diphenyl sulfoxide,9.8,1428511-42-5,O=[S](c1ccccc1)c2ccccc2,7,25,https://doi.org/10.1021/acs.est.4c11950,"sulfide, disulfide",Sulfur-containing organics,InChI=1S/C12H10OS/c13-14(11-7-3-1-4-8-11)12-9-5-2-6-10-12/h1-10H,JJHHIJFTHRNPIK-UHFFFAOYSA-N
2851,diphenylamine,10,122-39-4,C1=CC=C(C=C1)NC2=CC=CC=C2,,,https://doi.org/10.1021/acsestengg.5c00402,cyclo,Aromatic & PAHs,"InChI=1S/C12H11N/c1-3-7-11(8-4-1)13-12-9-5-2-6-10-12/h1-10,13H",DMBHHRLKUKUOEG-UHFFFAOYSA-N
2852,diphenylamine,10.11,70528-82-4,N(c1ccccc1)c2ccccc2,9,25,https://doi.org/10.1021/acs.est.4c11950,benzene,Aromatic & PAHs,"InChI=1S/C12H11N/c1-3-7-11(8-4-1)13-12-9-5-2-6-10-12/h1-10,13H",DMBHHRLKUKUOEG-UHFFFAOYSA-N
2853,diphenylamine,10,70528-82-4,c1ccc(Nc2ccccc2)cc1,,,https://doi.org/10.1021/acs.est.1c05510,benzene,Aromatic & PAHs,"InChI=1S/C12H11N/c1-3-7-11(8-4-1)13-12-9-5-2-6-10-12/h1-10,13H",DMBHHRLKUKUOEG-UHFFFAOYSA-N
2854,diphenylamine,10,70528-82-4,N(c1ccccc1)c2ccccc2,7,25,https://doi.org/10.1021/acs.est.4c11950,benzene,Aromatic & PAHs,"InChI=1S/C12H11N/c1-3-7-11(8-4-1)13-12-9-5-2-6-10-12/h1-10,13H",DMBHHRLKUKUOEG-UHFFFAOYSA-N
2855,diphenyldiazene,10.3,7232-17-9,c1ccc(N=Nc2ccccc2)cc1,7,25,NIST,benzene,Aromatic & PAHs,InChI=1S/C12H10N2/c1-3-7-11(8-4-1)13-14-12-9-5-2-6-10-12/h1-10H,DMLAVOWQYNRWNQ-UHFFFAOYSA-N
2856,dipicolinic acid,8.7,499-83-2,O=C(O)c1cccc(C(=O)O)n1,1,25,NIST,halogenated,Halogenated organics,"InChI=1S/C7H5NO4/c9-6(10)4-2-1-3-5(8-4)7(11)12/h1-3H,(H,9,10)(H,11,12)",WJJMNDUMQPNECX-UHFFFAOYSA-N
2857,dipropyl ester thiodiacetic acid,9,132090-49-4,CCCOC(=O)CSCC(=O)OCCC,0,25,NIST,diol,Polyfunctional / highly functionalized,"InChI=1S/C10H18O4S/c1-3-5-13-9(11)7-15-8-10(12)14-6-4-2/h3-8H2,1-2H3",ZOQABBOOJMROTO-UHFFFAOYSA-N
2858,dipropyl sulfoxide,9.8,4253-91-2,CCC[S](=O)CCC,2,25,https://doi.org/10.1021/acs.est.4c11950,"sulfide, disulfide",Sulfur-containing organics,"InChI=1S/C6H14OS/c1-3-5-8(7)6-4-2/h3-6H2,1-2H3",BQCCJWMQESHLIT-UHFFFAOYSA-N
2859,dipyridamole,10.11,35763-39-4,OCCN(CCO)c1nc(N2CCCCC2)c2nc(N(CCO)CCO)nc(N3CCCCC3)c2n1,5,25,NIST,alcohol,Oxygenated organics,"InChI=1S/C24H40N8O4/c33-15-11-31(12-16-34)23-26-20-19(21(27-23)29-7-3-1-4-8-29)25-24(32(13-17-35)14-18-36)28-22(20)30-9-5-2-6-10-30/h33-36H,1-18H2",IZEKFCXSFNUWAM-UHFFFAOYSA-N
2860,diquat,8.9,60129-52-4,c1cc[n+]2c(c1)-c1cccc[n+]1CC2,3.1,25,NIST,cyclo,Aromatic & PAHs,"InChI=1S/C12H12N2/c1-3-7-13-9-10-14-8-4-2-6-12(14)11(13)5-1/h1-8H,9-10H2/q+2",SYJFEGQWDCRVNX-UHFFFAOYSA-N
2861,"disodium (5S,5aR,6S,6aR,7S,9Z,10aS)-9-(amino-hydroxymethylidene)-7-dimethylamino-5,6,10a-trihydroxy-5-methyl-8,10,11-trioxo-5a,6,6a,7-tetrahydrotetracene-1,12-diolate dihydrate",9.749736316,6153-65-7,O.O.[Na+].[Na+].CN(C)[C@H]1[C@@H]2[C@@H](O)[C@H]3[C-](C(=O)c4c([O-])cccc4[C@@]3(C)O)C(=O)[C@]2(O)C(=O)\C(=C(N)/O)C1=O,,,https://doi.org/10.1021/acs.est.1c05683,diol,Polyfunctional / highly functionalized,"InChI=1S/C22H23N2O9.2Na.2H2O/c1-21(32)7-5-4-6-8(25)9(7)15(26)10-12(21)17(28)13-14(24(2)3)16(27)11(20(23)31)19(30)22(13,33)18(10)29;;;;/h4-6,12-14,17,25,28,31-33H,23H2,1-3H3;;;2*1H2/q-1;2*+1;;/p-1/b20-11-;;;;/t12-,13-,14+,17+,21-,22+;;;;/m1..../s1",OLRBUPVCLOPDOT-GETZKYKJSA-M
2862,"disodium 7-oxabicyclo[2.2.1]heptane-5,6-dicarboxylate",9.176091259,129-67-9,[Na+].[Na+].[O-]C(=O)C1C2CCC(O2)C1C([O-])=O,,,https://doi.org/10.1021/acs.est.1c05656,cyclo,Aromatic & PAHs,"InChI=1S/C8H10O5.2Na/c9-7(10)5-3-1-2-4(13-3)6(5)8(11)12;;/h3-6H,1-2H2,(H,9,10)(H,11,12);;/q;2*+1/p-2",XRHVZWWRFMCBAZ-UHFFFAOYSA-L
2863,dithiane,10.26,37721-88-3,C1CCSSC1,7,25,NIST,"sulfide, disulfide",Sulfur-containing organics,InChI=1S/C4H8S2/c1-2-4-6-5-3-1/h1-4H2,CXWGKAYMVASWDQ-UHFFFAOYSA-N
2864,dithiothreitol,10.18,203633-21-0,OC(CS)C(O)CS,4,25,https://doi.org/10.1021/acs.est.4c11950,"sulfide, disulfide",Sulfur-containing organics,"InChI=1S/C4H10O2S2/c5-3(1-7)4(6)2-8/h3-8H,1-2H2",VHJLVAABSRFDPM-UHFFFAOYSA-N
2865,dithiothreitol,10.17609126,27565-41-9,C([C@H]([C@@H](CS)O)O)S,,,https://doi.org/10.1021/acsestengg.5c00273,"sulfide, disulfide",Sulfur-containing organics,"InChI=1S/C4H10O2S2/c5-3(1-7)4(6)2-8/h3-8H,1-2H2/t3-,4-/m1/s1",VHJLVAABSRFDPM-QWWZWVQMSA-N
2866,dithiothreitol,10.17609126,203633-21-0,O[C@H](CS)[C@H](O)CS,,,https://doi.org/10.1021/acs.est.1c04390,"sulfide, disulfide",Sulfur-containing organics,"InChI=1S/C4H10O2S2/c5-3(1-7)4(6)2-8/h3-8H,1-2H2/t3-,4-/m1/s1",VHJLVAABSRFDPM-QWWZWVQMSA-N
2867,dithiothreitol,10.09,203633-21-0,OC(CS)C(O)CS,7,25,NIST,"sulfide, disulfide",Sulfur-containing organics,"InChI=1S/C4H10O2S2/c5-3(1-7)4(6)2-8/h3-8H,1-2H2",VHJLVAABSRFDPM-UHFFFAOYSA-N
2868,diuron,9.85,15500-95-5,CN(C)C(=O)Nc1ccc(Cl)c(Cl)c1,3.3,20,https://doi.org/10.1021/acs.est.4c11950,benzene,Aromatic & PAHs,"InChI=1S/C9H10Cl2N2O/c1-13(2)9(14)12-6-3-4-7(10)8(11)5-6/h3-5H,1-2H3,(H,12,14)",XMTQQYYKAHVGBJ-UHFFFAOYSA-N
2869,diuron,9.68,15500-95-5,CN(C)C(=O)Nc1ccc(Cl)c(Cl)c1,7,25,10.1016/j.cej.2011.03.072,benzene,Aromatic & PAHs,"InChI=1S/C9H10Cl2N2O/c1-13(2)9(14)12-6-3-4-7(10)8(11)5-6/h3-5H,1-2H3,(H,12,14)",XMTQQYYKAHVGBJ-UHFFFAOYSA-N
2870,diuron,9.875061263,330-54-1,CN(C)C(=O)NC1=CC(=C(C=C1)Cl)Cl,,,https://doi.org/10.1021/acsestengg.5c00531,halogenated,Halogenated organics,"InChI=1S/C9H10Cl2N2O/c1-13(2)9(14)12-6-3-4-7(10)8(11)5-6/h3-5H,1-2H3,(H,12,14)",XMTQQYYKAHVGBJ-UHFFFAOYSA-N
2871,dodecylsulfate ion,9.91,68110-08-7,CCCCCCCCCCCCOS(=O)(=O)[O-],7,25,NIST,"sulfide, disulfide",Sulfur-containing organics,"InChI=1S/C12H26O4S/c1-2-3-4-5-6-7-8-9-10-11-12-16-17(13,14)15/h2-12H2,1H3,(H,13,14,15)/p-1",MOTZDAYCYVMXPC-UHFFFAOYSA-M
2872,domoic acid,9.964730921,123406-51-9,C/C(=C/C=C/[C@@H](C)C(=O)O)[C@H]1CN[C@H](C(=O)O)[C@H]1CC(=O)O,,,https://doi.org/10.1021/acs.est.1c04547,diol,Polyfunctional / highly functionalized,"InChI=1S/C15H21NO6/c1-8(4-3-5-9(2)14(19)20)11-7-16-13(15(21)22)10(11)6-12(17)18/h3-5,9-11,13,16H,6-7H2,1-2H3,(H,17,18)(H,19,20)(H,21,22)/b5-3+,8-4-/t9-,10+,11-,13+/m1/s1",VZFRNCSOCOPNDB-AOKDLOFSSA-N
2873,domoic acid,9.96,123406-51-9,C/C(=C/C=C/[C@@H](C)C(=O)O)[C@H]1CN[C@H](C(=O)O)[C@H]1CC(=O)O,7,25,https://doi.org/10.1021/acs.est.4c11950,diol,Polyfunctional / highly functionalized,"InChI=1S/C15H21NO6/c1-8(4-3-5-9(2)14(19)20)11-7-16-13(15(21)22)10(11)6-12(17)18/h3-5,9-11,13,16H,6-7H2,1-2H3,(H,17,18)(H,19,20)(H,21,22)/b5-3+,8-4-/t9-,10+,11-,13+/m1/s1",VZFRNCSOCOPNDB-AOKDLOFSSA-N
2874,dopa-melanin,9.18,63194-25-2,Clc1ccc(CNc2ccccc2Cn2ccnc2)cc1,7.4,25,NIST,benzene,Aromatic & PAHs,"InChI=1S/C17H16ClN3/c18-16-7-5-14(6-8-16)11-20-17-4-2-1-3-15(17)12-21-10-9-19-13-21/h1-10,13,20H,11-12H2",XSEISCCZWTVSRP-UHFFFAOYSA-N
2875,doxycycline,9.88,1902958-13-7,C[C@H]1c2cccc(O)c2C(O)=C2C(=O)[C@]3(O)C(=O)/C(=C(/N)O)C(=O)[C@@H](N(C)C)[C@@H]3[C@@H](O)[C@@H]21,7,25,https://doi.org/10.1021/acs.est.4c11950,benzene,Aromatic & PAHs,"InChI=1S/C22H24N2O8/c1-7-8-5-4-6-9(25)11(8)16(26)12-10(7)17(27)14-15(24(2)3)18(28)13(21(23)31)20(30)22(14,32)19(12)29/h4-7,10,14-15,17,25-27,31-32H,23H2,1-3H3/b21-13-/t7-,10+,14+,15-,17-,22-/m0/s1",UEVKMCOZLJYVNG-NMMSOKQRSA-N
2876,endothall,9.18,1276197-30-8,O=C(O)C1C2CCC(O2)C1C(=O)O,7,25,https://doi.org/10.1021/acs.est.4c11950,cyclo,Aromatic & PAHs,"InChI=1S/C8H10O5/c9-7(10)5-3-1-2-4(13-3)6(5)8(11)12/h3-6H,1-2H2,(H,9,10)(H,11,12)",GXEKYRXVRROBEV-UHFFFAOYSA-N
2877,endothall,9.18,1276197-30-8,O=C([O-])C1C2CCC(O2)C1C(=O)[O-].[Na+].[Na+],1,25,NIST,cyclo,Aromatic & PAHs,"InChI=1S/C8H10O5.2Na/c9-7(10)5-3-1-2-4(13-3)6(5)8(11)12;;/h3-6H,1-2H2,(H,9,10)(H,11,12);;/q;2*+1/p-2",XRHVZWWRFMCBAZ-UHFFFAOYSA-L
2878,endrin,8.77,475274-99-8,ClC1=C(Cl)C2(Cl)C3C4CC(C5OC45)C3C1(Cl)C2(Cl)Cl,2.8,25,NIST,cyclo,Aromatic & PAHs,"InChI=1S/C12H8Cl6O/c13-8-9(14)11(16)5-3-1-2(6-7(3)19-6)4(5)10(8,15)12(11,17)18/h2-7H,1H2",DFBKLUNHFCTMDC-UHFFFAOYSA-N
2879,endrin,9.04,475274-99-8,ClC1=C(Cl)C2(Cl)C3C4CC(C5OC45)C3C1(Cl)C2(Cl)Cl,3.4,25,NIST,cyclo,Aromatic & PAHs,"InChI=1S/C12H8Cl6O/c13-8-9(14)11(16)5-3-1-2(6-7(3)19-6)4(5)10(8,15)12(11,17)18/h2-7H,1H2",DFBKLUNHFCTMDC-UHFFFAOYSA-N
2880,enflurane,6.98,13838-16-9,FC(F)OC(F)(F)C(F)Cl,7,25,https://doi.org/10.1021/acs.est.4c11950,alcohol,Oxygenated organics,"InChI=1S/C3H2ClF5O/c4-1(5)3(8,9)10-2(6)7/h1-2H",JPGQOUSTVILISH-UHFFFAOYSA-N
2881,enrofloxacin,9.9,1219795-24-0,CCN1CCN(c2cc3c(cc2F)c(=O)c(C(=O)O)cn3C2CC2)CC1,7,25,https://doi.org/10.1021/acs.est.4c11950,cyclo,Aromatic & PAHs,"InChI=1S/C19H22FN3O3/c1-2-21-5-7-22(8-6-21)17-10-16-13(9-15(17)20)18(24)14(19(25)26)11-23(16)12-3-4-12/h9-12H,2-8H2,1H3,(H,25,26)",SPFYMRJSYKOXGV-UHFFFAOYSA-N
2882,epicaptopril,10.38,63250-36-2,C[C@@H](CS)C(=O)N1CCC[C@H]1C(=O)O,6.8,25,NIST,halogenated,Halogenated organics,"InChI=1S/C9H15NO3S/c1-6(5-14)8(11)10-4-2-3-7(10)9(12)13/h6-7,14H,2-5H2,1H3,(H,12,13)/t6-,7-/m0/s1",FAKRSMQSSFJEIM-BQBZGAKWSA-N
2883,epigallocatechin gallate,10.23,126786-48-9,O=C(O[C@@H]1Cc2c(O)cc(O)cc2O[C@@H]1c1cc(O)c(O)c(O)c1)c1cc(O)c(O)c(O)c1,7,25,NIST,benzene,Aromatic & PAHs,"InChI=1S/C22H18O11/c23-10-5-12(24)11-7-18(33-22(31)9-3-15(27)20(30)16(28)4-9)21(32-17(11)6-10)8-1-13(25)19(29)14(26)2-8/h1-6,18,21,23-30H,7H2/t18-,21-/m1/s1",WMBWREPUVVBILR-WIYYLYMNSA-N
2884,equilenin,10.23,16680-50-5,CC12CCc3c(ccc4cc(O)ccc34)C1CCC2=O,7,25,https://doi.org/10.1021/acs.est.4c11950,cyclo,Aromatic & PAHs,"InChI=1S/C18H18O2/c1-18-9-8-14-13-5-3-12(19)10-11(13)2-4-15(14)16(18)6-7-17(18)20/h2-5,10,16,19H,6-9H2,1H3",PDRGHUMCVRDZLQ-UHFFFAOYSA-N
2885,ergothioneine,10.08,176982-20-0,C[N+](C)(C)C(Cc1c[nH]c(=S)[nH]1)C(=O)[O-],7.6,25,NIST,halogenated,Halogenated organics,"InChI=1S/C9H15N3O2S/c1-12(2,3)7(8(13)14)4-6-5-10-9(15)11-6/h5,7H,4H2,1-3H3,(H2-,10,11,13,14,15)",SSISHJJTAXXQAX-UHFFFAOYSA-N
2886,erythromycin,9.58,40554-78-7,CC[C@H]1OC(=O)[C@H](C)[C@@H](O[C@H]2C[C@@](C)(OC)[C@@H](O)[C@H](C)O2)[C@H](C)[C@@H](O[C@@H]2O[C@H](C)C[C@H](N(C)C)[C@H]2O)[C@](C)(O)C[C@@H](C)C(=O)[C@H](C)[C@@H](O)[C@]1(C)O,7,25,10.26802/jaots.2017.0075,diol,Polyfunctional / highly functionalized,"InChI=1S/C37H67NO13/c1-14-25-37(10,45)30(41)20(4)27(39)18(2)16-35(8,44)32(51-34-28(40)24(38(11)12)15-19(3)47-34)21(5)29(22(6)33(43)49-25)50-26-17-36(9,46-13)31(42)23(7)48-26/h18-26,28-32,34,40-42,44-45H,14-17H2,1-13H3/t18-,19-,20+,21+,22-,23+,24+,25-,26+,28-,29+,30-,31+,32-,34+,35-,36-,37-/m1/s1",ULGZDMOVFRHVEP-RWJQBGPGSA-N
2887,estrone,10.41,53-16-7,C[C@]12CC[C@@H]3c4ccc(O)cc4CC[C@H]3[C@@H]1CCC2=O,7,25,10.1080/01919510802084570,halogenated,Halogenated organics,"InChI=1S/C18H22O2/c1-18-9-8-14-13-5-3-12(19)10-11(13)2-4-15(14)16(18)6-7-17(18)20/h3,5,10,14-16,19H,2,4,6-9H2,1H3/t14-,15-,16+,18+/m1/s1",DNXHEGUUPJUMQT-CBZIJGRNSA-N
2888,ethane,9.255272505,74-84-0,CC,,,https://doi.org/10.1021/acsestengg.5c00133,alkane,Aliphatic hydrocarbons,InChI=1S/C2H6/c1-2/h1-2H3,OTMSDBZUPAUEDD-UHFFFAOYSA-N
2889,ethane,9.36,6145-17-1,CC,8,25,https://doi.org/10.1021/acs.est.4c11950,alkane,Aliphatic hydrocarbons,InChI=1S/C2H6/c1-2/h1-2H3,OTMSDBZUPAUEDD-UHFFFAOYSA-N
2890,ethane,9.2,6145-17-1,CC,7,25,Zhong et al.,alkane,Aliphatic hydrocarbons,InChI=1S/C2H6/c1-2/h1-2H3,OTMSDBZUPAUEDD-UHFFFAOYSA-N
2891,ethane,9.56,6145-17-1,CC,2,25,https://doi.org/10.1021/acs.est.4c11950,alkane,Aliphatic hydrocarbons,InChI=1S/C2H6/c1-2/h1-2H3,OTMSDBZUPAUEDD-UHFFFAOYSA-N
2892,ethane,9.26,6145-17-1,CC,4.4,25,https://doi.org/10.1021/acs.est.4c11950,alkane,Aliphatic hydrocarbons,InChI=1S/C2H6/c1-2/h1-2H3,OTMSDBZUPAUEDD-UHFFFAOYSA-N
2893,"ethane-1,1-diol",9.079181246,134145-16-7,CC(O)O,,,https://doi.org/10.1021/acs.est.1c04949,alkane,Aliphatic hydrocarbons,"InChI=1S/C2H6O2/c1-2(3)4/h2-4H,1H3",AZHSSKPUVBVXLK-UHFFFAOYSA-N
2894,"ethane-1,2-diamine",7,49553-92-6,NCCN,,,https://doi.org/10.1021/acs.est.1c05237,halogenated,Halogenated organics,InChI=1S/C2H8N2/c3-1-2-4/h1-4H2,PIICEJLVQHRZGT-UHFFFAOYSA-N
2895,ethanesulfonate ion,8,934986-60-4,CCS(=O)(=O)[O-],7,25,NIST,"sulfide, disulfide",Sulfur-containing organics,"InChI=1S/C2H6O3S/c1-2-6(3,4)5/h2H2,1H3,(H,3,4,5)/p-1",CCIVGXIOQKPBKL-UHFFFAOYSA-M
2896,ethanol,9.322219295,64-17-5,CCO,,,https://doi.org/10.1021/acsestengg.5c00145,alkane,Aliphatic hydrocarbons,"InChI=1S/C2H6O/c1-2-3/h3H,2H2,1H3",LFQSCWFLJHTTHZ-UHFFFAOYSA-N
2897,ethanol,9.34,8013-52-3,CCO,7.5,25,https://doi.org/10.1021/acs.est.4c11950,alkane,Aliphatic hydrocarbons,"InChI=1S/C2H6O/c1-2-3/h3H,2H2,1H3",LFQSCWFLJHTTHZ-UHFFFAOYSA-N
2898,ethanol,9.28,8013-52-3,CCO,9,25,https://doi.org/10.1021/acs.est.4c11950,alkane,Aliphatic hydrocarbons,"InChI=1S/C2H6O/c1-2-3/h3H,2H2,1H3",LFQSCWFLJHTTHZ-UHFFFAOYSA-N
2899,ethanol,9.28,8013-52-3,CCO,6,25,https://doi.org/10.1021/acs.est.4c11950,alkane,Aliphatic hydrocarbons,"InChI=1S/C2H6O/c1-2-3/h3H,2H2,1H3",LFQSCWFLJHTTHZ-UHFFFAOYSA-N
2900,ethanol,9.32,8013-52-3,CCO,11,25,https://doi.org/10.1021/acs.est.4c11950,alkane,Aliphatic hydrocarbons,"InChI=1S/C2H6O/c1-2-3/h3H,2H2,1H3",LFQSCWFLJHTTHZ-UHFFFAOYSA-N
2901,ethanol,9.342422681,8013-52-3,CCO,,,https://doi.org/10.1021/acs.est.1c05289,alkane,Aliphatic hydrocarbons,"InChI=1S/C2H6O/c1-2-3/h3H,2H2,1H3",LFQSCWFLJHTTHZ-UHFFFAOYSA-N
2902,ethanol,9.23,8013-52-3,CCO,7,12,https://doi.org/10.1021/acs.est.4c11950,alkane,Aliphatic hydrocarbons,"InChI=1S/C2H6O/c1-2-3/h3H,2H2,1H3",LFQSCWFLJHTTHZ-UHFFFAOYSA-N
2903,ethanol,9.41,8013-52-3,CCO,7,55,https://doi.org/10.1021/acs.est.4c11950,alkane,Aliphatic hydrocarbons,"InChI=1S/C2H6O/c1-2-3/h3H,2H2,1H3",LFQSCWFLJHTTHZ-UHFFFAOYSA-N
2904,ethanol,9.32,8013-52-3,CCO,1.5,25,https://doi.org/10.1021/acs.est.4c11950,alkane,Aliphatic hydrocarbons,"InChI=1S/C2H6O/c1-2-3/h3H,2H2,1H3",LFQSCWFLJHTTHZ-UHFFFAOYSA-N
2905,ethanol,9.28,8013-52-3,CCO,7,25,https://doi.org/10.1021/acs.est.4c11950,alkane,Aliphatic hydrocarbons,"InChI=1S/C2H6O/c1-2-3/h3H,2H2,1H3",LFQSCWFLJHTTHZ-UHFFFAOYSA-N
2906,ethanol,9.45,8013-52-3,CCO,2,25,https://doi.org/10.1021/acs.est.4c11950,alkane,Aliphatic hydrocarbons,"InChI=1S/C2H6O/c1-2-3/h3H,2H2,1H3",LFQSCWFLJHTTHZ-UHFFFAOYSA-N
2907,ethanol,9.26,8013-52-3,CCO,7,3,https://doi.org/10.1021/acs.est.4c11950,alkane,Aliphatic hydrocarbons,"InChI=1S/C2H6O/c1-2-3/h3H,2H2,1H3",LFQSCWFLJHTTHZ-UHFFFAOYSA-N
2908,ethanol-D5,9.08,1624-36-8,[2H]C([2H])([2H])C([2H])([2H])O,6,25,NIST,halogenated,Halogenated organics,"InChI=1S/C2H6O/c1-2-3/h3H,2H2,1H3/i1D3,2D2",LFQSCWFLJHTTHZ-ZBJDZAJPSA-N
2909,ethanolamine,8.95,133827-62-0,NCCOP(=O)(O)O,7,25,NIST,phosphorus,Phosphorus-containing organics,"InChI=1S/C2H8NO4P/c3-1-2-7-8(4,5)6/h1-3H2,(H2,4,5,6)",SUHOOTKUPISOBE-UHFFFAOYSA-N
2910,ethion,9.47,22756-17-8,CCOP(=S)(OCC)SCSP(=S)(OCC)OCC,7,25,https://doi.org/10.1021/acs.est.4c11950,"sulfide, disulfide",Sulfur-containing organics,"InChI=1S/C9H22O4P2S4/c1-5-10-14(16,11-6-2)18-9-19-15(17,12-7-3)13-8-4/h5-9H2,1-4H3",RIZMRRKBZQXFOY-UHFFFAOYSA-N
2911,ethion,9.46686762,22756-17-8,CCOP(=S)(OCC)SCSP(=S)(OCC)OCC,,,https://doi.org/10.1021/acs.est.1c05175,"sulfide, disulfide",Sulfur-containing organics,"InChI=1S/C9H22O4P2S4/c1-5-10-14(16,11-6-2)18-9-19-15(17,12-7-3)13-8-4/h5-9H2,1-4H3",RIZMRRKBZQXFOY-UHFFFAOYSA-N
2912,ethoxymethoxyethane,9.204119983,64001-74-7,CCOCOCC,,,https://doi.org/10.1021/acs.est.1c05102,diol,Polyfunctional / highly functionalized,"InChI=1S/C5H12O2/c1-3-6-5-7-4-2/h3-5H2,1-2H3",KLKFAASOGCDTDT-UHFFFAOYSA-N
2914,ethyl acetate,8.6,62018-65-9,CCOC(C)=O,7,25,https://doi.org/10.1021/acs.est.4c11950,alcohol,Oxygenated organics,"InChI=1S/C4H8O2/c1-3-6-4(2)5/h3H2,1-2H3",XEKOWRVHYACXOJ-UHFFFAOYSA-N
2915,ethyl acetate,8.602059991,141-78-6,CCOC(=O)C,,,https://doi.org/10.1021/acsestengg.5c00199,alcohol,Oxygenated organics,"InChI=1S/C4H8O2/c1-3-6-4(2)5/h3H2,1-2H3",XEKOWRVHYACXOJ-UHFFFAOYSA-N
2916,ethyl acrylate,9.76,38054-57-8,C=CC(=O)OCC,7,25,NIST,alcohol,Oxygenated organics,"InChI=1S/C5H8O2/c1-3-5(6)7-4-2/h3H,1,4H2,2H3",JIGUQPWFLRLWPJ-UHFFFAOYSA-N
2917,ethyl amine,9.81,1378705-59-9,CCN,8.5,25,https://doi.org/10.1021/acs.est.4c11950,alkane,Aliphatic hydrocarbons,"InChI=1S/C2H7N/c1-2-3/h2-3H2,1H3",QUSNBJAOOMFDIB-UHFFFAOYSA-N
2918,ethyl amine,10.11,1378705-59-9,CCN,7,25,https://doi.org/10.1021/acs.est.4c11950,alkane,Aliphatic hydrocarbons,"InChI=1S/C2H7N/c1-2-3/h2-3H2,1H3",QUSNBJAOOMFDIB-UHFFFAOYSA-N
2919,ethyl amine,9.806179974,75-04-7,CCN,,,https://doi.org/10.1021/acsestengg.5c00301,alkane,Aliphatic hydrocarbons,"InChI=1S/C2H7N/c1-2-3/h2-3H2,1H3",QUSNBJAOOMFDIB-UHFFFAOYSA-N
2920,ethyl butyrate,9.2,3460-44-4,CCCC(=O)OCC,7,25,https://doi.org/10.1021/acs.est.4c11950,alcohol,Oxygenated organics,"InChI=1S/C6H12O2/c1-3-5-6(7)8-4-2/h3-5H2,1-2H3",OBNCKNCVKJNDBV-UHFFFAOYSA-N
2921,ethyl formate,8.56,73222-61-4,CCOC=O,7,25,https://doi.org/10.1021/acs.est.4c11950,alcohol,Oxygenated organics,"InChI=1S/C3H6O2/c1-2-5-3-4/h3H,2H2,1H3",WBJINCZRORDGAQ-UHFFFAOYSA-N
2922,ethyl hydrogen adipate,9.48,627-91-8,CCOC(=O)CCCCC(=O)O,1,25,NIST,alcohol,Oxygenated organics,"InChI=1S/C8H14O4/c1-2-12-8(11)6-4-3-5-7(9)10/h2-6H2,1H3,(H,9,10)",UZNLHJCCGYKCIL-UHFFFAOYSA-N
2923,ethyl hydroperoxide,7.18,7287-91-4,CCOO,7,25,NIST,ester,Oxygenated organics,"InChI=1S/C2H6O2/c1-2-4-3/h3H,2H2,1H3",ILHIHKRJJMKBEE-UHFFFAOYSA-N
2924,ethyl phenyl sulfoxide,9.92,4170-80-3,CC[S](=O)c1ccccc1,7,25,https://doi.org/10.1021/acs.est.4c11950,"sulfide, disulfide",Sulfur-containing organics,"InChI=1S/C8H10OS/c1-2-10(9)8-6-4-3-5-7-8/h3-7H,2H2,1H3",DUVLJBQCIZCUMW-UHFFFAOYSA-N
2925,ethyl propionate,8.94,74120-62-0,CCOC(=O)CC,7,25,https://doi.org/10.1021/acs.est.4c11950,alcohol,Oxygenated organics,"InChI=1S/C5H10O2/c1-3-5(6)7-4-2/h3-4H2,1-2H3",FKRCODPIKNYEAC-UHFFFAOYSA-N
2926,ethyl propionate,8.939519253,105-37-3,CCC(=O)OCC,,,https://doi.org/10.1021/acsestengg.5c00202,alcohol,Oxygenated organics,"InChI=1S/C5H10O2/c1-3-5(6)7-4-2/h3-4H2,1-2H3",FKRCODPIKNYEAC-UHFFFAOYSA-N
2927,ethylaminium,8.48,16999-99-8,CC[NH3+],3.1,25,https://doi.org/10.1021/acs.est.4c11950,alkane,Aliphatic hydrocarbons,"InChI=1S/C2H7N/c1-2-3/h2-3H2,1H3/p+1",QUSNBJAOOMFDIB-UHFFFAOYSA-O
2928,ethylaminium,8.52,16999-99-8,CC[NH3+],13,25,https://doi.org/10.1021/acs.est.4c11950,alkane,Aliphatic hydrocarbons,"InChI=1S/C2H7N/c1-2-3/h2-3H2,1H3/p+1",QUSNBJAOOMFDIB-UHFFFAOYSA-O
2929,ethylammonium,8.64,1640335-04-1,CCN.[H+],7,25,NIST,alkane,Aliphatic hydrocarbons,"InChI=1S/C2H7N/c1-2-3/h2-3H2,1H3/p+1",QUSNBJAOOMFDIB-UHFFFAOYSA-O
2930,ethylammonium,8.48,1640335-04-1,CCN.[H+],3.1,25,NIST,alkane,Aliphatic hydrocarbons,"InChI=1S/C2H7N/c1-2-3/h2-3H2,1H3/p+1",QUSNBJAOOMFDIB-UHFFFAOYSA-O
2931,ethylbenzene,9.88,1403579-63-4,CCc1ccccc1,7,25,https://doi.org/10.1021/acs.est.4c11950,benzene,Aromatic & PAHs,"InChI=1S/C8H10/c1-2-8-6-4-3-5-7-8/h3-7H,2H2,1H3",YNQLUTRBYVCPMQ-UHFFFAOYSA-N
2932,ethylbenzene,9.875061263,100-41-4,CCC1=CC=CC=C1,,,https://doi.org/10.1021/acsestengg.5c00378,cyclo,Aromatic & PAHs,"InChI=1S/C8H10/c1-2-8-6-4-3-5-7-8/h3-7H,2H2,1H3",YNQLUTRBYVCPMQ-UHFFFAOYSA-N
2933,ethyldisulfanylethane,10.14612804,,CCSSCC,,,https://doi.org/10.1021/acs.est.1c05129,"sulfide, disulfide",Sulfur-containing organics,"InChI=1S/C4H10S2/c1-3-5-6-4-2/h3-4H2,1-2H3",CETBSQOFQKLHHZ-UHFFFAOYSA-N
2934,ethylene,9.64,6145-18-2,C=C,7,25,https://doi.org/10.1021/acs.est.4c11950,halogenated,Halogenated organics,InChI=1S/C2H4/c1-2/h1-2H2,VGGSQFUCUMXWEO-UHFFFAOYSA-N
2935,ethylene diamine tetra acetic acid,9.3,2097126-28-6,C(COCCOCCN(CC(=O)O)CC(=O)O)N(CC(=O)O)CC(=O)O,7,25,https://doi.org/10.1021/acs.est.4c11950,diol,Polyfunctional / highly functionalized,"InChI=1S/C14H24N2O10/c17-11(18)7-15(8-12(19)20)1-3-25-5-6-26-4-2-16(9-13(21)22)10-14(23)24/h1-10H2,(H,17,18)(H,19,20)(H,21,22)(H,23,24)",DEFVIWRASFVYLL-UHFFFAOYSA-N
2936,ethylene glycol diethyl ether,9.36,629-14-1,CCOCCOCC,9,25,NIST,diol,Polyfunctional / highly functionalized,"InChI=1S/C6H14O2/c1-3-7-5-6-8-4-2/h3-6H2,1-2H3",LZDKZFUFMNSQCJ-UHFFFAOYSA-N
2937,"ethylene glycol diethyl ether (1,2-Diethoxyethene)",9.361727836,16484-86-9,CCO/C=C/OCC,,,https://doi.org/10.1021/acsestengg.5c00177,alcohol,Oxygenated organics,"InChI=1S/C6H12O2/c1-3-7-5-6-8-4-2/h5-6H,3-4H2,1-2H3/b6-5+",HDUOBOAWDSZFTJ-AATRIKPKSA-N
2938,ethylene glycol dimethyl ether,9.2,110-71-4,COCCOC,9,25,NIST,diol,Polyfunctional / highly functionalized,"InChI=1S/C4H10O2/c1-5-3-4-6-2/h3-4H2,1-2H3",XTHFKEDIFFGKHM-UHFFFAOYSA-N
2939,"ethylene glycol dimethyl ether (1,2-dimethoxy-ethan)",9.204119983,110-71-4,COCCOC,,,https://doi.org/10.1021/acsestengg.5c00178,diol,Polyfunctional / highly functionalized,"InChI=1S/C4H10O2/c1-5-3-4-6-2/h3-4H2,1-2H3",XTHFKEDIFFGKHM-UHFFFAOYSA-N
2940,ethylene oxide,7.83,6552-57-4,C1CO1,9,25,NIST,halogenated,Halogenated organics,InChI=1S/C2H4O/c1-2-3-1/h1-2H2,IAYPIBMASNFSPL-UHFFFAOYSA-N
2941,ethylene oxide,7.832508913,75-21-8,C1CO1,,,https://doi.org/10.1021/acsestengg.5c00348,halogenated,Halogenated organics,InChI=1S/C2H4O/c1-2-3-1/h1-2H2,IAYPIBMASNFSPL-UHFFFAOYSA-N
2942,ethylenediamine,9.74,15020-99-2,NCCN,8.5,25,"Lati and Meyerstein, 1972",halogenated,Halogenated organics,InChI=1S/C2H8N2/c3-1-2-4/h1-4H2,PIICEJLVQHRZGT-UHFFFAOYSA-N
2943,ethylenediamine,9.740362689,107-15-3,C(CN)N,,,https://doi.org/10.1021/acsestengg.5c00304,halogenated,Halogenated organics,InChI=1S/C2H8N2/c3-1-2-4/h1-4H2,PIICEJLVQHRZGT-UHFFFAOYSA-N
2944,ethylenediaminenickel(II) ions,9.86,22541-53-3,NCCN.[Ni+2],10,25,NIST,halogenated,Halogenated organics,InChI=1S/C2H8N2.Ni/c3-1-2-4;/h1-4H2;/q;+2,KDXPGTUMUQRMPD-UHFFFAOYSA-N
2945,ethylenediaminetetraacetate ion,9.3,150-43-6,O=C([O-])CN(CCN(CC(=O)[O-])CC(=O)[O-])CC(=O)[O-],9,25,NIST,diol,Polyfunctional / highly functionalized,"InChI=1S/C10H16N2O8/c13-7(14)3-11(4-8(15)16)1-2-12(5-9(17)18)6-10(19)20/h1-6H2,(H,13,14)(H,15,16)(H,17,18)(H,19,20)/p-4",KCXVZYZYPLLWCC-UHFFFAOYSA-J
2946,ethylenediaminetetraacetate ion,8.6,150-43-6,O=C([O-])CN(CCN(CC(=O)[O-])CC(=O)[O-])CC(=O)[O-],4,25,NIST,diol,Polyfunctional / highly functionalized,"InChI=1S/C10H16N2O8/c13-7(14)3-11(4-8(15)16)1-2-12(5-9(17)18)6-10(19)20/h1-6H2,(H,13,14)(H,15,16)(H,17,18)(H,19,20)/p-4",KCXVZYZYPLLWCC-UHFFFAOYSA-J
2947,ethylenediaminetetraacetatocobaltate(II) ion,9.54,15158-11-9,O=C(O)CN(CCN(CC(=O)O)CC(=O)O)CC(=O)O.[Co+2],7,25,NIST,diol,Polyfunctional / highly functionalized,"InChI=1S/C10H16N2O8.Co/c13-7(14)3-11(4-8(15)16)1-2-12(5-9(17)18)6-10(19)20;/h1-6H2,(H,13,14)(H,15,16)(H,17,18)(H,19,20);/q;+2",TWJZAIVFYJWAJC-UHFFFAOYSA-N
2948,ethylenediaminetetraacetatocobaltate(III) ion,9.04,16065-89-7,O=C(O)CN(CCN(CC(=O)O)CC(=O)O)CC(=O)O.[Co+3],7,25,NIST,diol,Polyfunctional / highly functionalized,"InChI=1S/C10H16N2O8.Co/c13-7(14)3-11(4-8(15)16)1-2-12(5-9(17)18)6-10(19)20;/h1-6H2,(H,13,14)(H,15,16)(H,17,18)(H,19,20);/q;+3",ZXYHYKOZCWUMHD-UHFFFAOYSA-N
2949,ethylenediaminetetraacetatozincate(II) ion,9.54,15158-11-9,O=C([O-])CN(CCN(CC(=O)[O-])CC(=O)[O-])CC(=O)[O-].[Zn+2],7,25,NIST,diol,Polyfunctional / highly functionalized,"InChI=1S/C10H16N2O8.Zn/c13-7(14)3-11(4-8(15)16)1-2-12(5-9(17)18)6-10(19)20;/h1-6H2,(H,13,14)(H,15,16)(H,17,18)(H,19,20);/q;+2/p-4",YTSDVWYUJXKXCC-UHFFFAOYSA-J
2950,ethyleneglycol,9.19,3965-00-2,OCCO,7,25,https://doi.org/10.1021/acs.est.4c11950,alcohol,Oxygenated organics,"InChI=1S/C2H6O2/c3-1-2-4/h3-4H,1-2H2",LYCAIKOWRPUZTN-UHFFFAOYSA-N
2951,ethyleneglycol,9.27,3965-00-2,OCCO,7,25,NIST,alcohol,Oxygenated organics,"InChI=1S/C2H6O2/c3-1-2-4/h3-4H,1-2H2",LYCAIKOWRPUZTN-UHFFFAOYSA-N
2952,"ethyleneglycol(1,2-Ethanediol)",9.380211242,107-21-1,C(CO)O,,,https://doi.org/10.1021/acsestengg.5c00158,halogenated,Halogenated organics,"InChI=1S/C2H6O2/c3-1-2-4/h3-4H,1-2H2",LYCAIKOWRPUZTN-UHFFFAOYSA-N
2953,ethylsulfanylethane,10.14612804,61260-04-6,CCSCC,,,https://doi.org/10.1021/acs.est.1c05594,"sulfide, disulfide",Sulfur-containing organics,"InChI=1S/C4H10S/c1-3-5-4-2/h3-4H2,1-2H3",LJSQFQKUNVCTIA-UHFFFAOYSA-N
2954,ethylsulfate ion,8.54,19034-22-1,CCOS(=O)(=O)[O-],7,25,NIST,"sulfide, disulfide",Sulfur-containing organics,"InChI=1S/C2H6O4S/c1-2-6-7(3,4)5/h2H2,1H3,(H,3,4,5)/p-1",KIWBPDUYBMNFTB-UHFFFAOYSA-M
2955,famotidine,10.08,1798006-30-0,NC(N)=Nc1nc(CSCCC(N)=NS(N)(=O)=O)cs1,7.4,25,NIST,"sulfide, disulfide",Sulfur-containing organics,"InChI=1S/C8H15N7O2S3/c9-6(15-20(12,16)17)1-2-18-3-5-4-19-8(13-5)14-7(10)11/h4H,1-3H2,(H2,9,15)(H2,12,16,17)(H4,10,11,13,14)",XUFQPHANEAPEMJ-UHFFFAOYSA-N
2956,fenoterol,9.59,69421-37-0,CC(Cc1ccc(O)cc1)[NH2+]CC(O)c1cc(O)cc(O)c1,7,25,https://doi.org/10.1021/acs.est.4c11950,benzene,Aromatic & PAHs,"InChI=1S/C17H21NO4/c1-11(6-12-2-4-14(19)5-3-12)18-10-17(22)13-7-15(20)9-16(21)8-13/h2-5,7-9,11,17-22H,6,10H2,1H3/p+1",LSLYOANBFKQKPT-UHFFFAOYSA-O
2957,fenoxycarb,9.08,72490-01-8,CCOC(=O)NCCOC1=CC=C(C=C1)OC2=CC=CC=C2,7,25,10.1002/jsfa.7258,diol,Polyfunctional / highly functionalized,"InChI=1S/C17H19NO4/c1-2-20-17(19)18-12-13-21-14-8-10-16(11-9-14)22-15-6-4-3-5-7-15/h3-11H,2,12-13H2,1H3,(H,18,19)",HJUFTIJOISQSKQ-UHFFFAOYSA-N
2958,fensulfothion,10.04,2732757-47-8,CCOP(=S)(OCC)Oc1ccc(S(C)=O)cc1,7,25,https://doi.org/10.1021/acs.est.4c11950,diol,Polyfunctional / highly functionalized,"InChI=1S/C11H17O4PS2/c1-4-13-16(17,14-5-2)15-10-6-8-11(9-7-10)18(3)12/h6-9H,4-5H2,1-3H3",XDNBJTQLKCIJBV-UHFFFAOYSA-N
2959,fensulfothion,10.04139269,2732757-47-8,CCOP(=S)(OCC)Oc1ccc(S(C)=O)cc1,,,https://doi.org/10.1021/acs.est.1c05491,diol,Polyfunctional / highly functionalized,"InChI=1S/C11H17O4PS2/c1-4-13-16(17,14-5-2)15-10-6-8-11(9-7-10)18(3)12/h6-9H,4-5H2,1-3H3",XDNBJTQLKCIJBV-UHFFFAOYSA-N
2960,fenthion,9.342422681,1189662-83-6,COP(=S)(OC)Oc1ccc(SC)c(C)c1,,,https://doi.org/10.1021/acs.est.1c04970,alcohol,Oxygenated organics,"InChI=1S/C10H15O3PS2/c1-8-7-9(5-6-10(8)16-4)13-14(15,11-2)12-3/h5-7H,1-4H3",PNVJTZOFSHSLTO-UHFFFAOYSA-N
2961,fenthion,9.34,1189662-83-6,COP(=S)(OC)Oc1ccc(SC)c(C)c1,7,25,https://doi.org/10.1021/acs.est.4c11950,alcohol,Oxygenated organics,"InChI=1S/C10H15O3PS2/c1-8-7-9(5-6-10(8)16-4)13-14(15,11-2)12-3/h5-7H,1-4H3",PNVJTZOFSHSLTO-UHFFFAOYSA-N
2962,fenuron,9.85,1219802-06-8,CN(C)C(=O)NC1=CC=CC=C1,7,25,10.1016/j.watres.2007.06.066,cyclo,Aromatic & PAHs,"InChI=1S/C9H12N2O/c1-11(2)9(12)10-8-6-4-3-5-7-8/h3-7H,1-2H3,(H,10,12)",XXOYNJXVWVNOOJ-UHFFFAOYSA-N
2963,ferric 2-[2-[bis(2-oxido-2-oxo-ethyl)amino]ethyl-(2-oxido-2-oxo-ethyl)amino]acetate,8.96,63140-68-1,O=C([O-])CN(CCN(CC(=O)[O-])CC(=O)[O-])CC(=O)[O-].[Fe+3],1,25,NIST,diol,Polyfunctional / highly functionalized,"InChI=1S/C10H16N2O8.Fe/c13-7(14)3-11(4-8(15)16)1-2-12(5-9(17)18)6-10(19)20;/h1-6H2,(H,13,14)(H,15,16)(H,17,18)(H,19,20);/q;+3/p-4",UOMQUZPKALKDCA-UHFFFAOYSA-J
2964,ferric 2-[2-[bis(2-oxido-2-oxo-ethyl)amino]ethyl-(2-oxido-2-oxo-ethyl)amino]acetate,9.2,63140-68-1,O=C([O-])CN(CCN(CC(=O)[O-])CC(=O)[O-])CC(=O)[O-].[Fe+3],7,25,NIST,diol,Polyfunctional / highly functionalized,"InChI=1S/C10H16N2O8.Fe/c13-7(14)3-11(4-8(15)16)1-2-12(5-9(17)18)6-10(19)20;/h1-6H2,(H,13,14)(H,15,16)(H,17,18)(H,19,20);/q;+3/p-4",UOMQUZPKALKDCA-UHFFFAOYSA-J
2965,ferric 2-[2-[bis(2-oxido-2-oxo-ethyl)amino]ethyl-(2-oxido-2-oxo-ethyl)amino]acetate,9.04,63140-68-1,O=C([O-])CN(CCN(CC(=O)[O-])CC(=O)[O-])CC(=O)[O-].[Fe+3],6,25,NIST,diol,Polyfunctional / highly functionalized,"InChI=1S/C10H16N2O8.Fe/c13-7(14)3-11(4-8(15)16)1-2-12(5-9(17)18)6-10(19)20;/h1-6H2,(H,13,14)(H,15,16)(H,17,18)(H,19,20);/q;+3/p-4",UOMQUZPKALKDCA-UHFFFAOYSA-J
2966,ferricytochrome C,10.15,9027-14-9,CNC(=O)C(N)CSC(C)C1=C(C)c2cc3[n-]c(cc4nc(cc5[n-]c(cc1n2)c(C)c5CCC(=O)O)C(CCC(=O)O)=C4C)c(C)c3C(C)SCC(N)C(=O)NC.[Fe+2],7,25,NIST,"sulfide, disulfide",Sulfur-containing organics,"InChI=1S/C42H54N8O6S2.Fe/c1-19-25(9-11-37(51)52)33-16-34-26(10-12-38(53)54)20(2)30(48-34)14-35-40(24(6)58-18-28(44)42(56)46-8)22(4)32(50-35)15-36-39(21(3)31(49-36)13-29(19)47-33)23(5)57-17-27(43)41(55)45-7;/h13-16,23-24,27-28H,9-12,17-18,43-44H2,1-8H3,(H6,45,46,47,48,49,50,51,52,53,54,55,56);/q;+2/p-2",WFVBWSTZNVJEAY-UHFFFAOYSA-L
2967,ferrioxamine B,10.11,107528-07-4,CC(=O)N1CCCCCNC(=O)CCC(=O)N2CCCCCNC(=O)CCC(=O)N(CCCCCN)O[Fe+3](O1)O2,7.1,25,NIST,alkane,Aliphatic hydrocarbons,"InChI=1S/C25H45N6O8.Fe/c1-21(32)29(37)18-9-3-6-16-27-22(33)12-14-25(36)31(39)20-10-4-7-17-28-23(34)11-13-24(35)30(38)19-8-2-5-15-26;/h2-20,26H2,1H3,(H,27,33)(H,28,34);/q-3;+6",QWFYLURKISIKPH-UHFFFAOYSA-N
2968,ferrocenylacetate ion,9.94,14609-76-8,O=C([O-])C[c-]1cccc1.c1cc[cH-]c1,9,25,NIST,cyclo,Aromatic & PAHs,"InChI=1S/C7H7O2.C5H5/c8-7(9)5-6-3-1-2-4-6;1-2-4-5-3-1/h1-4H,5H2,(H,8,9);1-5H/q2*-1/p-1",PRCXYYTZUCQXSR-UHFFFAOYSA-M
2969,ferrocytochrome C,10,9001-16-5,C=Cc1c(C)c2cc3nc(cc4[n-]c(cc5nc(cc1[n-]2)C(C)=C5C)c(C)c4CCC(=O)O)C(CCC(=O)O)=C3C.[Fe+2],7,25,NIST,cyclo,Aromatic & PAHs,"InChI=1S/C33H34N4O4.Fe/c1-7-21-18(4)26-13-28-20(6)23(9-11-33(40)41)31(37-28)15-30-22(8-10-32(38)39)19(5)27(36-30)12-24-16(2)17(3)25(34-24)14-29(21)35-26;/h7,12-15H,1,8-11H2,2-6H3,(H4,34,35,36,37,38,39,40,41);/q;+2/p-2",ZHWJNESHWLSMKI-UHFFFAOYSA-L
2970,ferrous 2-(2-pyridyl)pyridine diperchlorate,9.93,15740-92-8,[Fe+2].[O-][Cl+3]([O-])([O-])[O-].[O-][Cl+3]([O-])([O-])[O-].c1ccc(-c2ccccn2)nc1.c1ccc(-c2ccccn2)nc1.c1ccc(-c2ccccn2)nc1,7,25,NIST,diol,Polyfunctional / highly functionalized,"InChI=1S/3C10H8N2.2ClHO4.Fe/c3*1-3-7-11-9(5-1)10-6-2-4-8-12-10;2*2-1(3,4)5;/h3*1-8H;2*(H,2,3,4,5);/q;;;;;+2/p-2",JJFYRRXOZJMNFC-UHFFFAOYSA-L
2971,ferrous 2-[2-[bis(2-oxido-2-oxo-ethyl)amino]ethyl-(2-oxido-2-oxo-ethyl)amino]acetate,9.7,63140-68-1,O=C([O-])CN(CCN(CC(=O)[O-])CC(=O)[O-])CC(=O)[O-].[Fe+2],4.5,25,NIST,diol,Polyfunctional / highly functionalized,"InChI=1S/C10H16N2O8.Fe/c13-7(14)3-11(4-8(15)16)1-2-12(5-9(17)18)6-10(19)20;/h1-6H2,(H,13,14)(H,15,16)(H,17,18)(H,19,20);/q;+2/p-4",JVXHQHGWBAHSSF-UHFFFAOYSA-J
2972,ferrous 2-[2-[bis(2-oxido-2-oxo-ethyl)amino]ethyl-(2-oxido-2-oxo-ethyl)amino]acetate,9.88,63140-68-1,O=C([O-])CN(CCN(CC(=O)[O-])CC(=O)[O-])CC(=O)[O-].[Fe+2],6.2,25,NIST,diol,Polyfunctional / highly functionalized,"InChI=1S/C10H16N2O8.Fe/c13-7(14)3-11(4-8(15)16)1-2-12(5-9(17)18)6-10(19)20;/h1-6H2,(H,13,14)(H,15,16)(H,17,18)(H,19,20);/q;+2/p-4",JVXHQHGWBAHSSF-UHFFFAOYSA-J
2973,ferrous 2-[2-[bis(2-oxido-2-oxo-ethyl)amino]ethyl-(2-oxido-2-oxo-ethyl)amino]acetate,10.04,63140-68-1,O=C([O-])CN(CCN(CC(=O)[O-])CC(=O)[O-])CC(=O)[O-].[Fe+2],7.4,25,NIST,diol,Polyfunctional / highly functionalized,"InChI=1S/C10H16N2O8.Fe/c13-7(14)3-11(4-8(15)16)1-2-12(5-9(17)18)6-10(19)20;/h1-6H2,(H,13,14)(H,15,16)(H,17,18)(H,19,20);/q;+2/p-4",JVXHQHGWBAHSSF-UHFFFAOYSA-J
2974,ferulate ion,10,133882-80-1,COc1cc(/C=C/C(=O)O)ccc1O,7,25,NIST,diol,Polyfunctional / highly functionalized,"InChI=1S/C10H10O4/c1-14-9-6-7(2-4-8(9)11)3-5-10(12)13/h2-6,11H,1H3,(H,12,13)/b5-3+",KSEBMYQBYZTDHS-HWKANZROSA-N
2975,feruloylputrescine,10,91000-11-2,COc1cc(/C=C/C(=O)NCCCCN)ccc1O,7.4,25,NIST,alcohol,Oxygenated organics,"InChI=1S/C14H20N2O3/c1-19-13-10-11(4-6-12(13)17)5-7-14(18)16-9-3-2-8-15/h4-7,10,17H,2-3,8-9,15H2,1H3,(H,16,18)/b7-5+",SFUVCMKSYKHYLD-FNORWQNLSA-N
2976,flavone,8.23,138263-98-6,O=c1cc(-c2ccccc2)oc2ccccc12,7,25,https://doi.org/10.1021/acs.est.4c11950,alcohol,Oxygenated organics,InChI=1S/C15H10O2/c16-13-10-15(11-6-2-1-3-7-11)17-14-9-5-4-8-12(13)14/h1-10H,VHBFFQKBGNRLFZ-UHFFFAOYSA-N
2977,flumequine,9.92,42835-68-7,CC1CCc2cc(F)cc3c(=O)c(C(=O)O)cn1c23,7,25,https://doi.org/10.1021/acs.est.4c11950,cyclo,Aromatic & PAHs,"InChI=1S/C14H12FNO3/c1-7-2-3-8-4-9(15)5-10-12(8)16(7)6-11(13(10)17)14(18)19/h4-7H,2-3H2,1H3,(H,18,19)",DPSPPJIUMHPXMA-UHFFFAOYSA-N
2978,fluoranil,9.59,527-21-9,O=C1C(F)=C(F)C(=O)C(F)=C1F,4.8,25,NIST,cyclo,Aromatic & PAHs,InChI=1S/C6F4O2/c7-1-2(8)6(12)4(10)3(9)5(1)11,JKLYZOGJWVAIQS-UHFFFAOYSA-N
2979,fluoranil,9.591064607,527-21-9,C1(=C(C(=O)C(=C(C1=O)F)F)F)F,,,https://doi.org/10.1021/acsestengg.5c00374,halogenated,Halogenated organics,InChI=1S/C6F4O2/c7-1-2(8)6(12)4(10)3(9)5(1)11,JKLYZOGJWVAIQS-UHFFFAOYSA-N
2980,fluorescein dianion,10.08,35345-27-8,O=C1OC2(c3ccc(O)cc3Oc3cc(O)ccc32)c2ccccc21,10,25,NIST,diol,Polyfunctional / highly functionalized,"InChI=1S/C20H12O5/c21-11-5-7-15-17(9-11)24-18-10-12(22)6-8-16(18)20(15)14-4-2-1-3-13(14)19(23)25-20/h1-10,21-22H",GNBHRKFJIUUOQI-UHFFFAOYSA-N
2981,fluoroacetate ion,7.48,513-62-2,O=C([O-])CF,9,25,NIST,halogenated,Halogenated organics,"InChI=1S/C2H3FO2/c3-1-2(4)5/h1H2,(H,4,5)/p-1",QEWYKACRFQMRMB-UHFFFAOYSA-M
2982,fluoroacetate ion,8.04,513-62-2,O=C([O-])CF,6.2,25,NIST,halogenated,Halogenated organics,"InChI=1S/C2H3FO2/c3-1-2(4)5/h1H2,(H,4,5)/p-1",QEWYKACRFQMRMB-UHFFFAOYSA-M
2983,fluorobenzene,9.76,462-06-6,Fc1ccccc1,7,25,https://doi.org/10.1021/acs.est.4c11950,benzene,Aromatic & PAHs,InChI=1S/C6H5F/c7-6-4-2-1-3-5-6/h1-5H,PYLWMHQQBFSUBP-UHFFFAOYSA-N
2984,fluorobenzene,9.755874856,462-06-6,C1=CC=C(C=C1)F,,,https://doi.org/10.1021/acsestengg.5c00380,halogenated,Halogenated organics,InChI=1S/C6H5F/c7-6-4-2-1-3-5-6/h1-5H,PYLWMHQQBFSUBP-UHFFFAOYSA-N
2985,folic acid,9.98,161406-20-8,Nc1nc2ncc(CNc3ccc(C(=O)N[C@@H](CCC(=O)O)C(=O)O)cc3)nc2c(=O)[nH]1,7,25,https://doi.org/10.1021/acs.est.4c11950,cyclo,Aromatic & PAHs,"InChI=1S/C19H19N7O6/c20-19-25-15-14(17(30)26-19)23-11(8-22-15)7-21-10-3-1-9(2-4-10)16(29)24-12(18(31)32)5-6-13(27)28/h1-4,8,12,21H,5-7H2,(H,24,29)(H,27,28)(H,31,32)(H3,20,22,25,26,30)/t12-/m0/s1",OVBPIULPVIDEAO-LBPRGKRZSA-N
2986,folic acid,9.98,161406-20-8,Nc1nc(=O)c2nc(CNc3ccc(C(=O)N[C@@H](CCC(=O)O)C(=O)O)cc3)cnc2[nH]1,5.1,25,NIST,cyclo,Aromatic & PAHs,"InChI=1S/C19H19N7O6/c20-19-25-15-14(17(30)26-19)23-11(8-22-15)7-21-10-3-1-9(2-4-10)16(29)24-12(18(31)32)5-6-13(27)28/h1-4,8,12,21H,5-7H2,(H,24,29)(H,27,28)(H,31,32)(H3,20,22,25,26,30)/t12-/m0/s1",OVBPIULPVIDEAO-LBPRGKRZSA-N
2987,form aldehyde,9,489420-90-8,C=O,7,25,https://doi.org/10.1021/acs.est.4c11950,halogenated,Halogenated organics,InChI=1S/CH2O/c1-2/h1H2,WSFSSNUMVMOOMR-UHFFFAOYSA-N
2988,formate ion,9.49,71-47-6,[O-]C=O,5.7,24,https://doi.org/10.1021/acs.est.4c11950,halogenated,Halogenated organics,"InChI=1S/CH2O2/c2-1-3/h1H,(H,2,3)/p-1",BDAGIHXWWSANSR-UHFFFAOYSA-M
2989,formate ion,9.71,71-47-6,[O-]C=O,9,25,https://doi.org/10.1021/acs.est.4c11950,halogenated,Halogenated organics,"InChI=1S/CH2O2/c2-1-3/h1H,(H,2,3)/p-1",BDAGIHXWWSANSR-UHFFFAOYSA-M
2990,formate ion,9.54,71-47-6,[O-]C=O,6,25,https://doi.org/10.1021/acs.est.4c11950,halogenated,Halogenated organics,"InChI=1S/CH2O2/c2-1-3/h1H,(H,2,3)/p-1",BDAGIHXWWSANSR-UHFFFAOYSA-M
2991,formate ion,9.61,71-47-6,[O-]C=O,11,25,https://doi.org/10.1021/acs.est.4c11950,halogenated,Halogenated organics,"InChI=1S/CH2O2/c2-1-3/h1H,(H,2,3)/p-1",BDAGIHXWWSANSR-UHFFFAOYSA-M
2992,formate ion,9.41,71-47-6,[O-]C=O,7,25,https://doi.org/10.1021/acs.est.4c11950,halogenated,Halogenated organics,"InChI=1S/CH2O2/c2-1-3/h1H,(H,2,3)/p-1",BDAGIHXWWSANSR-UHFFFAOYSA-M
2993,formate ion,9.51,71-47-6,[O-]C=O,7.5,25,https://doi.org/10.1021/acs.est.4c11950,halogenated,Halogenated organics,"InChI=1S/CH2O2/c2-1-3/h1H,(H,2,3)/p-1",BDAGIHXWWSANSR-UHFFFAOYSA-M
2994,formic acid,8.15,1633-56-3,OC=O,7,25,https://doi.org/10.1021/acs.est.4c11950,alcohol,Oxygenated organics,"InChI=1S/CH2O2/c2-1-3/h1H,(H,2,3)",BDAGIHXWWSANSR-UHFFFAOYSA-N
2995,formic acid,8.11,1633-56-3,OC=O,1,25,https://doi.org/10.1021/acs.est.4c11950,alcohol,Oxygenated organics,"InChI=1S/CH2O2/c2-1-3/h1H,(H,2,3)",BDAGIHXWWSANSR-UHFFFAOYSA-N
2996,formic acid,8,1633-56-3,OC=O,7,20,https://doi.org/10.1021/acs.est.4c11950,alcohol,Oxygenated organics,"InChI=1S/CH2O2/c2-1-3/h1H,(H,2,3)",BDAGIHXWWSANSR-UHFFFAOYSA-N
2997,formic acid,8.096910013,1633-56-3,OC=O,,,https://doi.org/10.1021/acs.est.1c05575,alcohol,Oxygenated organics,"InChI=1S/CH2O2/c2-1-3/h1H,(H,2,3)",BDAGIHXWWSANSR-UHFFFAOYSA-N
2998,"fructose-1,6-diphosphate",9.91,6035-52-5,O=C(COP(=O)(O)O)[C@@H](O)[C@H](O)[C@H](O)COP(=O)(O)O,7,25,https://doi.org/10.1021/acs.est.4c11950,diol,Polyfunctional / highly functionalized,"InChI=1S/C6H14O12P2/c7-3(1-17-19(11,12)13)5(9)6(10)4(8)2-18-20(14,15)16/h3,5-7,9-10H,1-2H2,(H2,11,12,13)(H2,14,15,16)/t3-,5-,6-/m1/s1",XPYBSIWDXQFNMH-UYFOZJQFSA-N
2999,fructose-1-phosphate,9.71,6934-25-4,O=C(COP(=O)(O)O)[C@@H](O)[C@H](O)[C@H](O)CO,7,25,https://doi.org/10.1021/acs.est.4c11950,diol,Polyfunctional / highly functionalized,"InChI=1S/C6H13O9P/c7-1-3(8)5(10)6(11)4(9)2-15-16(12,13)14/h3,5-8,10-11H,1-2H2,(H2,12,13,14)/t3-,5-,6-/m1/s1",ZKLLSNQJRLJIGT-UYFOZJQFSA-N
3000,fructose-6-phosphate,9.95,6934-25-4,O=C(CO)[C@@H](O)[C@H](O)[C@H](O)COP(=O)(O)O,7,25,https://doi.org/10.1021/acs.est.4c11950,diol,Polyfunctional / highly functionalized,"InChI=1S/C6H13O9P/c7-1-3(8)5(10)6(11)4(9)2-15-16(12,13)14/h4-7,9-11H,1-2H2,(H2,12,13,14)/t4-,5-,6-/m1/s1",GSXOAOHZAIYLCY-HSUXUTPPSA-N
3001,fumaric acid,9.78,65997-04-8,OC(=O)/C=C/C(O)=O,7,25,https://doi.org/10.1021/acs.est.4c11950,alcohol,Oxygenated organics,"InChI=1S/C4H4O4/c5-3(6)1-2-4(7)8/h1-2H,(H,5,6)(H,7,8)/b2-1+",VZCYOOQTPOCHFL-OWOJBTEDSA-N
3002,fumaric acid,9.77815125,65997-04-8,O=C(O)/C=C/C(=O)O,,,https://doi.org/10.1021/acs.est.1c04498,halogenated,Halogenated organics,"InChI=1S/C4H4O4/c5-3(6)1-2-4(7)8/h1-2H,(H,5,6)(H,7,8)/b2-1+",VZCYOOQTPOCHFL-OWOJBTEDSA-N
3003,fumaric acid,9.77815125,110-17-8,C(=C/C(=O)O)\C(=O)O,,,https://doi.org/10.1021/acsestengg.5c00366,halogenated,Halogenated organics,"InChI=1S/C4H4O4/c5-3(6)1-2-4(7)8/h1-2H,(H,5,6)(H,7,8)/b2-1+",VZCYOOQTPOCHFL-OWOJBTEDSA-N
3004,furadantin,9.97,54-87-5,[O-][N+](=O)c1oc(cc1)/C=N/N2CC(=O)NC2=O,7,25,https://doi.org/10.1021/acs.est.4c11950,diol,Polyfunctional / highly functionalized,"InChI=1S/C8H6N4O5/c13-6-4-11(8(14)10-6)9-3-5-1-2-7(17-5)12(15)16/h1-3H,4H2,(H,10,13,14)/b9-3+",NXFQHRVNIOXGAQ-YCRREMRBSA-N
3005,furaldehyde,9.892094603,98-01-1,C1=COC(=C1)C=O,,,https://doi.org/10.1021/acsestengg.5c00497,alcohol,Oxygenated organics,InChI=1S/C5H4O2/c6-4-5-2-1-3-7-5/h1-4H,HYBBIBNJHNGZAN-UHFFFAOYSA-N
3006,furaldehyde,9.892094603,130493-22-0,O=Cc1ccco1,,,https://doi.org/10.1021/acs.est.1c04410,halogenated,Halogenated organics,InChI=1S/C5H4O2/c6-4-5-2-1-3-7-5/h1-4H,HYBBIBNJHNGZAN-UHFFFAOYSA-N
3007,furamazone,10.01,3270-71-1,NC(=O)C(=O)N/N=C/c1oc(cc1)[N+]([O-])=O,7,25,https://doi.org/10.1021/acs.est.4c11950,alcohol,Oxygenated organics,"InChI=1S/C7H6N4O5/c8-6(12)7(13)10-9-3-4-1-2-5(16-4)11(14)15/h1-3H,(H2,8,12)(H,10,13)/b9-3+",AJSKOLZKIUMPPG-YCRREMRBSA-N
3008,furan,9.59,27026-41-1,o1cccc1,7,25,https://doi.org/10.1021/acs.est.4c11950,furan,Heterocycles,InChI=1S/C4H4O/c1-2-4-5-3-1/h1-4H,YLQBMQCUIZJEEH-UHFFFAOYSA-N
3009,furan-2-carbaldehyde,9.892094603,85733-99-9,O=Cc1occc1,,,https://doi.org/10.1021/acs.est.1c04790,alcohol,Oxygenated organics,InChI=1S/C5H4O2/c6-4-5-2-1-3-7-5/h1-4H,HYBBIBNJHNGZAN-UHFFFAOYSA-N
3010,furan-2-carboxamide,9.740362689,1789530-43-3,NC(=O)c1occc1,,,https://doi.org/10.1021/acs.est.1c04976,alcohol,Oxygenated organics,"InChI=1S/C5H5NO2/c6-5(7)4-2-1-3-8-4/h1-3H,(H2,6,7)",TVFIYRKPCACCNL-UHFFFAOYSA-N
3011,furan-2-ylmethanol,10.17609126,1021047-05-1,OCc1occc1,,,https://doi.org/10.1021/acs.est.1c05588,diol,Polyfunctional / highly functionalized,"InChI=1S/C5H6O2/c6-4-5-2-1-3-7-5/h1-3,6H,4H2",XPFVYQJUAUNWIW-UHFFFAOYSA-N
3012,furfuryl alcohol,10.17609126,98-00-0,C1=COC(=C1)CO,,,https://doi.org/10.1021/acsestengg.5c00496,alcohol,Oxygenated organics,"InChI=1S/C5H6O2/c6-4-5-2-1-3-7-5/h1-3,6H,4H2",XPFVYQJUAUNWIW-UHFFFAOYSA-N
3013,furfuryl alcohol,10.17609126,9125648-74-1,OCc1ccco1,,,https://doi.org/10.1021/acs.est.1c04343,alcohol,Oxygenated organics,"InChI=1S/C5H6O2/c6-4-5-2-1-3-7-5/h1-3,6H,4H2",XPFVYQJUAUNWIW-UHFFFAOYSA-N
3014,furfuryl alcohol,10.18,9125648-74-1,OCc1ccco1,9,25,NIST,alcohol,Oxygenated organics,"InChI=1S/C5H6O2/c6-4-5-2-1-3-7-5/h1-3,6H,4H2",XPFVYQJUAUNWIW-UHFFFAOYSA-N
3015,furoin,10.11394335,552-86-3,O=C(c1ccco1)C(O)c1ccco1,,,https://doi.org/10.1021/acs.est.1c05288,halogenated,Halogenated organics,"InChI=1S/C10H8O4/c11-9(7-3-1-5-13-7)10(12)8-4-2-6-14-8/h1-6,9,11H",MIJRFWVFNKQQDK-UHFFFAOYSA-N
3016,furoin,10.11394335,552-86-3,C1=COC(=C1)C(C(=O)C2=CC=CO2)O,,,https://doi.org/10.1021/acsestengg.5c00520,diol,Polyfunctional / highly functionalized,"InChI=1S/C10H8O4/c11-9(7-3-1-5-13-7)10(12)8-4-2-6-14-8/h1-6,9,11H",MIJRFWVFNKQQDK-UHFFFAOYSA-N
3017,furoin,10.11,552-86-3,OC(c1occc1)C(=O)c2occc2,6.3,25,"Aguer and Richard, 1993",diol,Polyfunctional / highly functionalized,"InChI=1S/C10H8O4/c11-9(7-3-1-5-13-7)10(12)8-4-2-6-14-8/h1-6,9,11H",MIJRFWVFNKQQDK-UHFFFAOYSA-N
3018,gallate ion,10.6,17431-25-3,O=C([O-])c1cc(O)c(O)c(O)c1,3,25,NIST,benzene,Aromatic & PAHs,"InChI=1S/C7H6O5/c8-4-1-3(7(11)12)2-5(9)6(4)10/h1-2,8-10H,(H,11,12)/p-1",LNTHITQWFMADLM-UHFFFAOYSA-M
3019,gemfibrozil,9.85,86837-66-3,Cc1ccc(C)c(OCCCC(C)(C)C(=O)O)c1,7,25,https://doi.org/10.1021/acs.est.4c11950,cyclo,Aromatic & PAHs,"InChI=1S/C15H22O3/c1-11-6-7-12(2)13(10-11)18-9-5-8-15(3,4)14(16)17/h6-7,10H,5,8-9H2,1-4H3,(H,16,17)",HEMJJKBWTPKOJG-UHFFFAOYSA-N
3020,geosmin,9.89,104873-46-3,C[C@H]1CCC[C@@]2(C)CCCC[C@]12O,7,25,https://doi.org/10.1021/acs.est.4c11950,halogenated,Halogenated organics,"InChI=1S/C12H22O/c1-10-6-5-8-11(2)7-3-4-9-12(10,11)13/h10,13H,3-9H2,1-2H3/t10-,11+,12-/m0/s1",JLPUXFOGCDVKGO-TUAOUCFPSA-N
3021,gluconic acid,9.11,143326-76-5,C(C(C(C(C(C(=O)O)O)O)O)O)O,7,25,https://doi.org/10.1021/acs.est.4c11950,diol,Polyfunctional / highly functionalized,"InChI=1S/C6H12O7/c7-1-2(8)3(9)4(10)5(11)6(12)13/h2-5,7-11H,1H2,(H,12,13)",RGHNJXZEOKUKBD-UHFFFAOYSA-N
3022,glucose,9.18,84861-40-5,O=C[C@H](O)[C@@H](O)[C@H](O)[C@H](O)CO,7,25,https://doi.org/10.1021/acs.est.4c11950,halogenated,Halogenated organics,"InChI=1S/C6H12O6/c7-1-3(9)5(11)6(12)4(10)2-8/h1,3-6,8-12H,2H2/t3-,4+,5+,6+/m0/s1",GZCGUPFRVQAUEE-SLPGGIOYSA-N
3023,glucose,9.36,84861-40-5,OC[C@H]1OC(O)[C@H](O)[C@@H](O)[C@@H]1O,6.5,25,NIST,diol,Polyfunctional / highly functionalized,"InChI=1S/C6H12O6/c7-1-2-3(8)4(9)5(10)6(11)12-2/h2-11H,1H2/t2-,3-,4+,5-,6?/m1/s1",WQZGKKKJIJFFOK-GASJEMHNSA-N
3024,glucose,9.15,84861-40-5,OC[C@H]1OC(O)[C@H](O)[C@@H](O)[C@@H]1O,7,25,NIST,diol,Polyfunctional / highly functionalized,"InChI=1S/C6H12O6/c7-1-2-3(8)4(9)5(10)6(11)12-2/h2-11H,1H2/t2-,3-,4+,5-,6?/m1/s1",WQZGKKKJIJFFOK-GASJEMHNSA-N
3025,glucose,9.18,84861-40-5,OC[C@H]1OC(O)[C@H](O)[C@@H](O)[C@@H]1O,7.5,25,NIST,diol,Polyfunctional / highly functionalized,"InChI=1S/C6H12O6/c7-1-2-3(8)4(9)5(10)6(11)12-2/h2-11H,1H2/t2-,3-,4+,5-,6?/m1/s1",WQZGKKKJIJFFOK-GASJEMHNSA-N
3026,glucose,9,84861-40-5,OC[C@H]1OC(O)[C@H](O)[C@@H](O)[C@@H]1O,8.4,25,NIST,diol,Polyfunctional / highly functionalized,"InChI=1S/C6H12O6/c7-1-2-3(8)4(9)5(10)6(11)12-2/h2-11H,1H2/t2-,3-,4+,5-,6?/m1/s1",WQZGKKKJIJFFOK-GASJEMHNSA-N
3027,glucose-1-phosphate,9.15,903507-42-6,O=P(O)(O)OC1OC(CO)C(O)C(O)C1O,6.5,25,NIST,diol,Polyfunctional / highly functionalized,"InChI=1S/C6H13O9P/c7-1-2-3(8)4(9)5(10)6(14-2)15-16(11,12)13/h2-10H,1H2,(H2,11,12,13)",HXXFSFRBOHSIMQ-UHFFFAOYSA-N
3028,glucose-3-sulfate ion,9.26,3803-84-7,O=C[C@H](O)[C@@H](OS(=O)(=O)O)[C@H](O)[C@H](O)CO,6.5,25,NIST,diol,Polyfunctional / highly functionalized,"InChI=1S/C6H12O9S/c7-1-3(9)5(11)6(4(10)2-8)15-16(12,13)14/h2-7,9-11H,1H2,(H,12,13,14)/t3-,4+,5-,6-/m1/s1",XBAAKGHPVXQWEM-JGWLITMVSA-N
3029,glucose-6-phosphate,9.15,9001-40-5,O=C[C@H](O)[C@@H](O)[C@H](O)[C@H](O)COP(=O)(O)O,7,25,https://doi.org/10.1021/acs.est.4c11950,diol,Polyfunctional / highly functionalized,"InChI=1S/C6H13O9P/c7-1-3(8)5(10)6(11)4(9)2-15-16(12,13)14/h1,3-6,8-11H,2H2,(H2,12,13,14)/t3-,4+,5+,6+/m0/s1",VFRROHXSMXFLSN-SLPGGIOYSA-N
3030,glucose-6-phosphate ion,9.15,76939-53-2,O=P(O)(O)OCC1OC(O)C(O)C(O)C1O,6.5,25,NIST,diol,Polyfunctional / highly functionalized,"InChI=1S/C6H13O9P/c7-3-2(1-14-16(11,12)13)15-6(10)5(9)4(3)8/h2-10H,1H2,(H2,11,12,13)",NBSCHQHZLSJFNQ-UHFFFAOYSA-N
3031,glucose-6-sulfate ion,9.15,3803-84-7,O=C[C@H](O)[C@@H](O)[C@H](O)[C@H](O)COS(=O)(=O)O,6.8,25,NIST,diol,Polyfunctional / highly functionalized,"InChI=1S/C6H12O9S/c7-1-3(8)5(10)6(11)4(9)2-15-16(12,13)14/h1,3-6,8-11H,2H2,(H,12,13,14)/t3-,4+,5+,6+/m0/s1",BCUVLMCXSDWQQC-SLPGGIOYSA-N
3032,glucuronate ion,9.48,9028-29-9,O=C(O)C1OC(O)C(O)C(O)C1O,7,25,NIST,diol,Polyfunctional / highly functionalized,"InChI=1S/C6H10O7/c7-1-2(8)4(5(10)11)13-6(12)3(1)9/h1-4,6-9,12H,(H,10,11)",AEMOLEFTQBMNLQ-UHFFFAOYSA-N
3033,glucuronic acid,9.113943352,576-37-4,O=C[C@H](O)[C@@H](O)[C@H](O)[C@H](O)C(=O)O,,,https://doi.org/10.1021/acs.est.1c05496,halogenated,Halogenated organics,"InChI=1S/C6H10O7/c7-1-2(8)3(9)4(10)5(11)6(12)13/h1-5,8-11H,(H,12,13)/t2-,3+,4-,5-/m0/s1",IAJILQKETJEXLJ-QTBDOELSSA-N
3034,glucuronic acid,9.113943352,576-37-4,C(=O)[C@@H]([C@H]([C@@H]([C@@H](C(=O)O)O)O)O)O,,,https://doi.org/10.1021/acsestengg.5c00214,diol,Polyfunctional / highly functionalized,"InChI=1S/C6H10O7/c7-1-2(8)3(9)4(10)5(11)6(12)13/h1-5,8-11H,(H,12,13)/t2-,3+,4-,5-/m0/s1",IAJILQKETJEXLJ-QTBDOELSSA-N
3035,glucuronic acid,9.11,576-37-4,O=C[C@H](O)[C@@H](O)[C@H](O)[C@H](O)C(=O)O,7,25,https://doi.org/10.1021/acs.est.4c11950,halogenated,Halogenated organics,"InChI=1S/C6H10O7/c7-1-2(8)3(9)4(10)5(11)6(12)13/h1-5,8-11H,(H,12,13)/t2-,3+,4-,5-/m0/s1",IAJILQKETJEXLJ-QTBDOELSSA-N
3036,glucuronic acid,9.11,912483-14-8,O=C(O)C1OC(O)C(O)C(O)C1O,0,25,NIST,diol,Polyfunctional / highly functionalized,"InChI=1S/C6H10O7/c7-1-2(8)4(5(10)11)13-6(12)3(1)9/h1-4,6-9,12H,(H,10,11)",AEMOLEFTQBMNLQ-UHFFFAOYSA-N
3037,glutamic acid,8.36,203805-84-9,NC(CCC(=O)O)C(=O)O,6.5,25,NIST,halogenated,Halogenated organics,"InChI=1S/C5H9NO4/c6-3(5(9)10)1-2-4(7)8/h3H,1-2,6H2,(H,7,8)(H,9,10)",WHUUTDBJXJRKMK-UHFFFAOYSA-N
3038,glutamic acid,8.2,203805-84-9,NC(CCC(=O)O)C(=O)O,2,25,NIST,halogenated,Halogenated organics,"InChI=1S/C5H9NO4/c6-3(5(9)10)1-2-4(7)8/h3H,1-2,6H2,(H,7,8)(H,9,10)",WHUUTDBJXJRKMK-UHFFFAOYSA-N
3039,glutamine,8.73,37318-72-2,NC(=O)CCC(N)C(=O)O,6,25,NIST,halogenated,Halogenated organics,"InChI=1S/C5H10N2O3/c6-3(5(9)10)1-2-4(7)8/h3H,1-2,6H2,(H2,7,8)(H,9,10)",ZDXPYRJPNDTMRX-UHFFFAOYSA-N
3040,glutamine,8.28,37318-72-2,NC(=O)CCC(N)C(=O)O,2,25,NIST,halogenated,Halogenated organics,"InChI=1S/C5H10N2O3/c6-3(5(9)10)1-2-4(7)8/h3H,1-2,6H2,(H2,7,8)(H,9,10)",ZDXPYRJPNDTMRX-UHFFFAOYSA-N
3041,glutaric acid,8.92,39579-69-6,OC(=O)CCCC(O)=O,2,25,https://doi.org/10.1021/acs.est.4c11950,alcohol,Oxygenated organics,"InChI=1S/C5H8O4/c6-4(7)2-1-3-5(8)9/h1-3H2,(H,6,7)(H,8,9)",JFCQEDHGNNZCLN-UHFFFAOYSA-N
3042,glutaric acid,8.919078092,39579-69-6,O=C(O)CCCC(=O)O,,,https://doi.org/10.1021/acs.est.1c04967,halogenated,Halogenated organics,"InChI=1S/C5H8O4/c6-4(7)2-1-3-5(8)9/h1-3H2,(H,6,7)(H,8,9)",JFCQEDHGNNZCLN-UHFFFAOYSA-N
3043,glutaric acid,8.919078092,110-94-1,C(CC(=O)O)CC(=O)O,,,https://doi.org/10.1021/acsestengg.5c00218,halogenated,Halogenated organics,"InChI=1S/C5H8O4/c6-4(7)2-1-3-5(8)9/h1-3H2,(H,6,7)(H,8,9)",JFCQEDHGNNZCLN-UHFFFAOYSA-N
3044,glutathione disulfide,9.98,37256-48-7,N[C@@H](CCC(=O)N[C@@H](CSSC[C@H](NC(=O)CC[C@H](N)C(=O)O)C(=O)NCC(=O)O)C(=O)NCC(=O)O)C(=O)O,7,25,NIST,diol,Polyfunctional / highly functionalized,"InChI=1S/C20H32N6O12S2/c21-9(19(35)36)1-3-13(27)25-11(17(33)23-5-15(29)30)7-39-40-8-12(18(34)24-6-16(31)32)26-14(28)4-2-10(22)20(37)38/h9-12H,1-8,21-22H2,(H,23,33)(H,24,34)(H,25,27)(H,26,28)(H,29,30)(H,31,32)(H,35,36)(H,37,38)/t9-,10-,11-,12-/m0/s1",YPZRWBKMTBYPTK-BJDJZHNGSA-N
3045,glutatione,10.15,106272-20-2,NC(CCC(=O)NC(CS)C(=O)NCC(O)=O)C(O)=O,1,25,https://doi.org/10.1021/acs.est.4c11950,halogenated,Halogenated organics,"InChI=1S/C10H17N3O6S/c11-5(10(18)19)1-2-7(14)13-6(4-20)9(17)12-3-8(15)16/h5-6,20H,1-4,11H2,(H,12,17)(H,13,14)(H,15,16)(H,18,19)",RWSXRVCMGQZWBV-UHFFFAOYSA-N
3046,glutatione,10.36,106272-20-2,NC(CCC(=O)NC(CS)C(=O)NCC(O)=O)C(O)=O,6.8,25,https://doi.org/10.1021/acs.est.4c11950,halogenated,Halogenated organics,"InChI=1S/C10H17N3O6S/c11-5(10(18)19)1-2-7(14)13-6(4-20)9(17)12-3-8(15)16/h5-6,20H,1-4,11H2,(H,12,17)(H,13,14)(H,15,16)(H,18,19)",RWSXRVCMGQZWBV-UHFFFAOYSA-N
3047,glutatione,9.95,106272-20-2,NC(CCC(=O)NC(CS)C(=O)NCC(O)=O)C(O)=O,8,18,https://doi.org/10.1021/acs.est.4c11950,halogenated,Halogenated organics,"InChI=1S/C10H17N3O6S/c11-5(10(18)19)1-2-7(14)13-6(4-20)9(17)12-3-8(15)16/h5-6,20H,1-4,11H2,(H,12,17)(H,13,14)(H,15,16)(H,18,19)",RWSXRVCMGQZWBV-UHFFFAOYSA-N
3048,glutatione,10.11,106272-20-2,NC(CCC(=O)NC(CS)C(=O)NCC(O)=O)C(O)=O,7.8,25,https://doi.org/10.1021/acs.est.4c11950,halogenated,Halogenated organics,"InChI=1S/C10H17N3O6S/c11-5(10(18)19)1-2-7(14)13-6(4-20)9(17)12-3-8(15)16/h5-6,20H,1-4,11H2,(H,12,17)(H,13,14)(H,15,16)(H,18,19)",RWSXRVCMGQZWBV-UHFFFAOYSA-N
3049,glutatione,10.6,106272-20-2,NC(CCC(=O)NC(CS)C(=O)NCC(O)=O)C(O)=O,10.6,25,https://doi.org/10.1021/acs.est.4c11950,halogenated,Halogenated organics,"InChI=1S/C10H17N3O6S/c11-5(10(18)19)1-2-7(14)13-6(4-20)9(17)12-3-8(15)16/h5-6,20H,1-4,11H2,(H,12,17)(H,13,14)(H,15,16)(H,18,19)",RWSXRVCMGQZWBV-UHFFFAOYSA-N
3050,glutatione,10.11,106272-20-2,NC(CCC(=O)NC(CS)C(=O)NCC(O)=O)C(O)=O,5.5,25,https://doi.org/10.1021/acs.est.4c11950,halogenated,Halogenated organics,"InChI=1S/C10H17N3O6S/c11-5(10(18)19)1-2-7(14)13-6(4-20)9(17)12-3-8(15)16/h5-6,20H,1-4,11H2,(H,12,17)(H,13,14)(H,15,16)(H,18,19)",RWSXRVCMGQZWBV-UHFFFAOYSA-N
3051,glyceraldehyde-3-phosphate,9.96,9001-50-7,O=CC(O)COP(=O)(O)O,7,25,https://doi.org/10.1021/acs.est.4c11950,diol,Polyfunctional / highly functionalized,"InChI=1S/C3H7O6P/c4-1-3(5)2-9-10(6,7)8/h1,3,5H,2H2,(H2,6,7,8)",LXJXRIRHZLFYRP-UHFFFAOYSA-N
3052,glycerol,9.28,249285-11-8,OCC(O)CO,10.7,25,https://doi.org/10.1021/acs.est.4c11950,alcohol,Oxygenated organics,"InChI=1S/C3H8O3/c4-1-3(6)2-5/h3-6H,1-2H2",PEDCQBHIVMGVHV-UHFFFAOYSA-N
3053,glycerol,9.18,249285-11-8,OCC(O)CO,7,25,https://doi.org/10.1021/acs.est.4c11950,alcohol,Oxygenated organics,"InChI=1S/C3H8O3/c4-1-3(6)2-5/h3-6H,1-2H2",PEDCQBHIVMGVHV-UHFFFAOYSA-N
3054,glycerol,9.301029996,56-81-5,C(C(CO)O)O,,,https://doi.org/10.1021/acsestengg.5c00168,halogenated,Halogenated organics,"InChI=1S/C3H8O3/c4-1-3(6)2-5/h3-6H,1-2H2",PEDCQBHIVMGVHV-UHFFFAOYSA-N
3055,glycinamide,9.45,888498-22-4,NCC(N)=O,10,25,NIST,halogenated,Halogenated organics,"InChI=1S/C2H6N2O/c3-1-2(4)5/h1,3H2,(H2,4,5)",BEBCJVAWIBVWNZ-UHFFFAOYSA-N
3056,glycinamide,7.92,888498-22-4,NCC(N)=O,5,25,NIST,halogenated,Halogenated organics,"InChI=1S/C2H6N2O/c3-1-2(4)5/h1,3H2,(H2,4,5)",BEBCJVAWIBVWNZ-UHFFFAOYSA-N
3057,glycine,7,7299-33-4,NCC(=O)O,2.9,25,NIST,halogenated,Halogenated organics,"InChI=1S/C2H5NO2/c3-1-2(4)5/h1,3H2,(H,4,5)",DHMQDGOQFOQNFH-UHFFFAOYSA-N
3058,glycine,7.23,7299-33-4,NCC(=O)O,5.9,25,NIST,halogenated,Halogenated organics,"InChI=1S/C2H5NO2/c3-1-2(4)5/h1,3H2,(H,4,5)",DHMQDGOQFOQNFH-UHFFFAOYSA-N
3059,glycine,7.23,7299-33-4,NCC(=O)O,1,25,NIST,halogenated,Halogenated organics,"InChI=1S/C2H5NO2/c3-1-2(4)5/h1,3H2,(H,4,5)",DHMQDGOQFOQNFH-UHFFFAOYSA-N
3060,glycine anhydride,9.08,51499-90-2,O=C1CNC(=O)CN1,5,25,NIST,halogenated,Halogenated organics,"InChI=1S/C4H6N2O2/c7-3-1-5-4(8)2-6-3/h1-2H2,(H,5,8)(H,6,7)",BXRNXXXXHLBUKK-UHFFFAOYSA-N
3061,glycine anhydride,9,51499-90-2,O=C1CNC(=O)CN1,5.6,25,NIST,halogenated,Halogenated organics,"InChI=1S/C4H6N2O2/c7-3-1-5-4(8)2-6-3/h1-2H2,(H,5,8)(H,6,7)",BXRNXXXXHLBUKK-UHFFFAOYSA-N
3062,glycine anhydride,9,51499-90-2,NCC(=O)OC(=O)CN,7,25,https://doi.org/10.1021/acs.est.4c11950,alcohol,Oxygenated organics,"InChI=1S/C4H8N2O3/c5-1-3(7)9-4(8)2-6/h1-2,5-6H2",YTMCUIACOKRXQA-UHFFFAOYSA-N
3063,glycine anion,9.28,14337-03-2,NCC(=O)[O-],9.6,25,NIST,halogenated,Halogenated organics,"InChI=1S/C2H5NO2/c3-1-2(4)5/h1,3H2,(H,4,5)/p-1",DHMQDGOQFOQNFH-UHFFFAOYSA-M
3064,glycine anion,9.72,14337-03-2,NCC(=O)[O-],10,25,NIST,halogenated,Halogenated organics,"InChI=1S/C2H5NO2/c3-1-2(4)5/h1,3H2,(H,4,5)/p-1",DHMQDGOQFOQNFH-UHFFFAOYSA-M
3065,glycolamide,9.04,611210-98-1,NC(=O)CO,8.5,25,https://doi.org/10.1021/acs.est.4c11950,halogenated,Halogenated organics,"InChI=1S/C2H5NO2/c3-2(5)1-4/h4H,1H2,(H2,3,5)",TZGPACAKMCUCKX-UHFFFAOYSA-N
3066,glycolamide,9.041392685,598-42-5,C(C(=O)N)O,,,https://doi.org/10.1021/acsestengg.5c00286,halogenated,Halogenated organics,"InChI=1S/C2H5NO2/c3-2(5)1-4/h4H,1H2,(H2,3,5)",TZGPACAKMCUCKX-UHFFFAOYSA-N
3067,glycolate ion,8.93,20917-41-3,O=C([O-])CO,5.5,25,NIST,halogenated,Halogenated organics,"InChI=1S/C2H4O3/c3-1-2(4)5/h3H,1H2,(H,4,5)/p-1",AEMRFAOFKBGASW-UHFFFAOYSA-M
3068,glycolate ion,9.08,20917-41-3,O=C([O-])CO,9,25,NIST,halogenated,Halogenated organics,"InChI=1S/C2H4O3/c3-1-2(4)5/h3H,1H2,(H,4,5)/p-1",AEMRFAOFKBGASW-UHFFFAOYSA-M
3069,glycolic acid,8.93,81277-96-5,OCC(O)=O,1,25,NIST,alcohol,Oxygenated organics,"InChI=1S/C2H4O3/c3-1-2(4)5/h3H,1H2,(H,4,5)",AEMRFAOFKBGASW-UHFFFAOYSA-N
3070,glycolic acid,8.73239376,81277-96-5,O=C(O)CO,,,https://doi.org/10.1021/acs.est.1c04471,halogenated,Halogenated organics,"InChI=1S/C2H4O3/c3-1-2(4)5/h3H,1H2,(H,4,5)",AEMRFAOFKBGASW-UHFFFAOYSA-N
3071,glycolic acid,8.73,81277-96-5,OCC(O)=O,2,25,https://doi.org/10.1021/acs.est.4c11950,alcohol,Oxygenated organics,"InChI=1S/C2H4O3/c3-1-2(4)5/h3H,1H2,(H,4,5)",AEMRFAOFKBGASW-UHFFFAOYSA-N
3072,glycolic acid,8.73239376,79-14-1,C(C(=O)O)O,,,https://doi.org/10.1021/acsestengg.5c00211,halogenated,Halogenated organics,"InChI=1S/C2H4O3/c3-1-2(4)5/h3H,1H2,(H,4,5)",AEMRFAOFKBGASW-UHFFFAOYSA-N
3073,glycyl-alanine,8.82,91485-04-0,NCC(=O)NCCC(=O)O,6.2,25,NIST,halogenated,Halogenated organics,"InChI=1S/C5H10N2O3/c6-3-4(8)7-2-1-5(9)10/h1-3,6H2,(H,7,8)(H,9,10)",YOKCETMQAPIAGM-UHFFFAOYSA-N
3074,glycyl-尾-alanineamide,9.04,52222-98-7,NCC(=O)NCCC(N)=O,5,25,NIST,halogenated,Halogenated organics,"InChI=1S/C5H11N3O2/c6-3-5(10)8-2-1-4(7)9/h1-3,6H2,(H2,7,9)(H,8,10)",YCBNLHPNWACVLY-UHFFFAOYSA-N
3075,glycylalanine,8.54,3695-73-6,CC(NC(=O)CN)C(=O)O,5.8,25,NIST,alkane,Aliphatic hydrocarbons,"InChI=1S/C5H10N2O3/c1-3(5(9)10)7-4(8)2-6/h3H,2,6H2,1H3,(H,7,8)(H,9,10)",VPZXBVLAVMBEQI-UHFFFAOYSA-N
3076,glycylalanine,8.34,3695-73-6,CC(NC(=O)CN)C(=O)O,2,25,NIST,alkane,Aliphatic hydrocarbons,"InChI=1S/C5H10N2O3/c1-3(5(9)10)7-4(8)2-6/h3H,2,6H2,1H3,(H,7,8)(H,9,10)",VPZXBVLAVMBEQI-UHFFFAOYSA-N
3077,glycylglycinamide,8.43,77020-19-0,NCC(=O)NCC(N)=O,3.3,25,NIST,halogenated,Halogenated organics,"InChI=1S/C4H9N3O2/c5-1-4(9)7-2-3(6)8/h1-2,5H2,(H2,6,8)(H,7,9)",DJGACOXTAHQLTD-UHFFFAOYSA-N
3078,glycylglycine,8.42,61499-00-1,NCC(=O)NCC(=O)O,7,25,https://doi.org/10.1021/acs.est.4c11950,halogenated,Halogenated organics,"InChI=1S/C4H8N2O3/c5-1-3(7)6-2-4(8)9/h1-2,5H2,(H,6,7)(H,8,9)",YMAWOPBAYDPSLA-UHFFFAOYSA-N
3079,glycylglycine,8.2,61499-00-1,NCC(=O)NCC(=O)O,2.3,25,NIST,halogenated,Halogenated organics,"InChI=1S/C4H8N2O3/c5-1-3(7)6-2-4(8)9/h1-2,5H2,(H,6,7)(H,8,9)",YMAWOPBAYDPSLA-UHFFFAOYSA-N
3080,glycylglycine,9.72,61499-00-1,NCC(=O)NCC(=O)O,10.5,25,NIST,halogenated,Halogenated organics,"InChI=1S/C4H8N2O3/c5-1-3(7)6-2-4(8)9/h1-2,5H2,(H,6,7)(H,8,9)",YMAWOPBAYDPSLA-UHFFFAOYSA-N
3081,glycylglycylglycine,9.7,193543-11-2,NCC(=O)NCC(=O)NCC(=O)O,10.6,25,NIST,halogenated,Halogenated organics,"InChI=1S/C6H11N3O4/c7-1-4(10)8-2-5(11)9-3-6(12)13/h1-3,7H2,(H,8,10)(H,9,11)(H,12,13)",XKUKSGPZAADMRA-UHFFFAOYSA-N
3082,glycylglycylglycine,9.46,193543-11-2,NCC(=O)NCC(=O)NCC(=O)O,8.6,25,NIST,halogenated,Halogenated organics,"InChI=1S/C6H11N3O4/c7-1-4(10)8-2-5(11)9-3-6(12)13/h1-3,7H2,(H,8,10)(H,9,11)(H,12,13)",XKUKSGPZAADMRA-UHFFFAOYSA-N
3083,glycylglycylglycine,8.38,193543-11-2,NCC(=O)NCC(=O)NCC(=O)O,3,25,NIST,halogenated,Halogenated organics,"InChI=1S/C6H11N3O4/c7-1-4(10)8-2-5(11)9-3-6(12)13/h1-3,7H2,(H,8,10)(H,9,11)(H,12,13)",XKUKSGPZAADMRA-UHFFFAOYSA-N
3084,glycylglycylglycine,8.52,193543-11-2,NCC(=O)NCC(=O)NCC(=O)O,6,25,NIST,halogenated,Halogenated organics,"InChI=1S/C6H11N3O4/c7-1-4(10)8-2-5(11)9-3-6(12)13/h1-3,7H2,(H,8,10)(H,9,11)(H,12,13)",XKUKSGPZAADMRA-UHFFFAOYSA-N
3085,glycylglycylglycine,8.86,193543-11-2,NCC(=O)NCC(=O)NCC(=O)O,5.4,25,NIST,halogenated,Halogenated organics,"InChI=1S/C6H11N3O4/c7-1-4(10)8-2-5(11)9-3-6(12)13/h1-3,7H2,(H,8,10)(H,9,11)(H,12,13)",XKUKSGPZAADMRA-UHFFFAOYSA-N
3086,glycylhistidine,9.45,2489-13-6,NCC(=O)NC(Cc1cnc[nH]1)C(=O)O,3.8,25,NIST,halogenated,Halogenated organics,"InChI=1S/C8H12N4O3/c9-2-7(13)12-6(8(14)15)1-5-3-10-4-11-5/h3-4,6H,1-2,9H2,(H,10,11)(H,12,13)(H,14,15)",YIWFXZNIBQBFHR-UHFFFAOYSA-N
3087,glycylhistidine,10,2489-13-6,NCC(=O)NC(Cc1cnc[nH]1)C(=O)O,10.1,25,NIST,halogenated,Halogenated organics,"InChI=1S/C8H12N4O3/c9-2-7(13)12-6(8(14)15)1-5-3-10-4-11-5/h3-4,6H,1-2,9H2,(H,10,11)(H,12,13)(H,14,15)",YIWFXZNIBQBFHR-UHFFFAOYSA-N
3088,glycylisoleucine,9.46,19461-38-2,CC[C@H](C)[C@H](NC(=O)C[NH3+])C(=O)[O-],2,25,NIST,alkane,Aliphatic hydrocarbons,"InChI=1S/C8H16N2O3/c1-3-5(2)7(8(12)13)10-6(11)4-9/h5,7H,3-4,9H2,1-2H3,(H,10,11)(H,12,13)/t5-,7-/m0/s1",KGVHCTWYMPWEGN-FSPLSTOPSA-N
3089,glycylisoleucine,9.49,19461-38-2,CC[C@H](C)[C@H](NC(=O)C[NH3+])C(=O)[O-],7.2,25,NIST,alkane,Aliphatic hydrocarbons,"InChI=1S/C8H16N2O3/c1-3-5(2)7(8(12)13)10-6(11)4-9/h5,7H,3-4,9H2,1-2H3,(H,10,11)(H,12,13)/t5-,7-/m0/s1",KGVHCTWYMPWEGN-FSPLSTOPSA-N
3090,glycylleucine,9.4,7352-21-8,CC(C)CC(NC(=O)CN)C(=O)O,7.3,25,NIST,alkane,Aliphatic hydrocarbons,"InChI=1S/C8H16N2O3/c1-5(2)3-6(8(12)13)10-7(11)4-9/h5-6H,3-4,9H2,1-2H3,(H,10,11)(H,12,13)",DKEXFJVMVGETOO-UHFFFAOYSA-N
3091,glycylleucine,9.49,7352-21-8,CC(C)CC(NC(=O)CN)C(=O)O,2,25,NIST,alkane,Aliphatic hydrocarbons,"InChI=1S/C8H16N2O3/c1-5(2)3-6(8(12)13)10-7(11)4-9/h5-6H,3-4,9H2,1-2H3,(H,10,11)(H,12,13)",DKEXFJVMVGETOO-UHFFFAOYSA-N
3092,glycylmethionine,8.34,554-94-9,CSCCC(NC(=O)CN)C(=O)O,5,25,NIST,"sulfide, disulfide",Sulfur-containing organics,"InChI=1S/C7H14N2O3S/c1-13-3-2-5(7(11)12)9-6(10)4-8/h5H,2-4,8H2,1H3,(H,9,10)(H,11,12)",PFMUCCYYAAFKTH-UHFFFAOYSA-N
3093,glycylmethionine,8.04,554-94-9,CSCCC(NC(=O)CN)C(=O)O,2,25,NIST,"sulfide, disulfide",Sulfur-containing organics,"InChI=1S/C7H14N2O3S/c1-13-3-2-5(7(11)12)9-6(10)4-8/h5H,2-4,8H2,1H3,(H,9,10)(H,11,12)",PFMUCCYYAAFKTH-UHFFFAOYSA-N
3094,glycylnorleucine,9.63,66216-73-7,CCCCC(NC(=O)CN)C(=O)O,6.6,25,NIST,alkane,Aliphatic hydrocarbons,"InChI=1S/C8H16N2O3/c1-2-3-4-6(8(12)13)10-7(11)5-9/h6H,2-5,9H2,1H3,(H,10,11)(H,12,13)",XVUIZOUTLADVIH-UHFFFAOYSA-N
3095,glycylnorvaline,9.45,2189-27-7,CCCC(NC(=O)CN)C(=O)O,6.7,25,NIST,alkane,Aliphatic hydrocarbons,"InChI=1S/C7H14N2O3/c1-2-3-5(7(11)12)9-6(10)4-8/h5H,2-4,8H2,1H3,(H,9,10)(H,11,12)",JXIQKLAZYWZTRA-UHFFFAOYSA-N
3096,glycylphenylalanine,9.79,87004-75-9,NCC(=O)NC(Cc1ccccc1)C(=O)O,5.8,25,NIST,halogenated,Halogenated organics,"InChI=1S/C11H14N2O3/c12-7-10(14)13-9(11(15)16)6-8-4-2-1-3-5-8/h1-5,9H,6-7,12H2,(H,13,14)(H,15,16)",JBCLFWXMTIKCCB-UHFFFAOYSA-N
3097,glycylphenylalanine,9.04,87004-75-9,NCC(=O)NC(Cc1ccccc1)C(=O)O,2,25,NIST,halogenated,Halogenated organics,"InChI=1S/C11H14N2O3/c12-7-10(14)13-9(11(15)16)6-8-4-2-1-3-5-8/h1-5,9H,6-7,12H2,(H,13,14)(H,15,16)",JBCLFWXMTIKCCB-UHFFFAOYSA-N
3098,glycylproline,9.23,52703-64-7,NCC(=O)N1CCCC1C(=O)O,2,25,NIST,halogenated,Halogenated organics,"InChI=1S/C7H12N2O3/c8-4-6(10)9-3-1-2-5(9)7(11)12/h5H,1-4,8H2,(H,11,12)",KZNQNBZMBZJQJO-UHFFFAOYSA-N
3099,glycylsarcosine,9.08,29816-01-1,CN(CC(=O)O)C(=O)CN,5.5,25,NIST,halogenated,Halogenated organics,"InChI=1S/C5H10N2O3/c1-7(3-5(9)10)4(8)2-6/h2-3,6H2,1H3,(H,9,10)",VYAMLSCELQQRAE-UHFFFAOYSA-N
3100,glycylsarcosine,9,29816-01-1,CN(CC(=O)O)C(=O)CN,10.8,25,NIST,halogenated,Halogenated organics,"InChI=1S/C5H10N2O3/c1-7(3-5(9)10)4(8)2-6/h2-3,6H2,1H3,(H,9,10)",VYAMLSCELQQRAE-UHFFFAOYSA-N
3101,glycylserine,8.85,2027480-45-9,NCC(=O)NC(CO)C(=O)O,2,25,NIST,halogenated,Halogenated organics,"InChI=1S/C5H10N2O4/c6-1-4(9)7-3(2-8)5(10)11/h3,8H,1-2,6H2,(H,7,9)(H,10,11)",BCCRXDTUTZHDEU-UHFFFAOYSA-N
3102,glycyltryptophan,10.08,2390-74-1,NCC(=O)NC(Cc1c[nH]c2ccccc12)C(=O)O,7,25,NIST,halogenated,Halogenated organics,"InChI=1S/C13H15N3O3/c14-6-12(17)16-11(13(18)19)5-8-7-15-10-4-2-1-3-9(8)10/h1-4,7,11,15H,5-6,14H2,(H,16,17)(H,18,19)",AJHCSUXXECOXOY-UHFFFAOYSA-N
3103,glycyltyrosine,10.08,53559-20-9,NCC(=O)NC(Cc1ccc(O)cc1)C(=O)O,2,25,NIST,halogenated,Halogenated organics,"InChI=1S/C11H14N2O4/c12-6-10(15)13-9(11(16)17)5-7-1-3-8(14)4-2-7/h1-4,9,14H,5-6,12H2,(H,13,15)(H,16,17)",XBGGUPMXALFZOT-UHFFFAOYSA-N
3104,glycyltyrosine,9.78,53559-20-9,NCC(=O)NC(Cc1ccc(O)cc1)C(=O)O,7,25,https://doi.org/10.1021/acs.est.4c11950,halogenated,Halogenated organics,"InChI=1S/C11H14N2O4/c12-6-10(15)13-9(11(16)17)5-7-1-3-8(14)4-2-7/h1-4,9,14H,5-6,12H2,(H,13,15)(H,16,17)",XBGGUPMXALFZOT-UHFFFAOYSA-N
3105,glycyltyrosylglycine,9.86,3561-36-2,NCC(=O)N[C@@H](Cc1ccc(O)cc1)C(=O)NCC(=O)O,5.8,25,NIST,halogenated,Halogenated organics,"InChI=1S/C13H17N3O5/c14-6-11(18)16-10(13(21)15-7-12(19)20)5-8-1-3-9(17)4-2-8/h1-4,10,17H,5-7,14H2,(H,15,21)(H,16,18)(H,19,20)/t10-/m0/s1",HQSKKSLNLSTONK-JTQLQIEISA-N
3106,glycylvaline,9.15,61058-41-1,CC(C)C(NC(=O)CN)C(=O)O,2,25,NIST,alkane,Aliphatic hydrocarbons,"InChI=1S/C7H14N2O3/c1-4(2)6(7(11)12)9-5(10)3-8/h4,6H,3,8H2,1-2H3,(H,9,10)(H,11,12)",STKYPAFSDFAEPH-UHFFFAOYSA-N
3107,glycylvaline,9.2,61058-41-1,CC(C)C(NC(=O)CN)C(=O)O,7,25,https://doi.org/10.1021/acs.est.4c11950,alkane,Aliphatic hydrocarbons,"InChI=1S/C7H14N2O3/c1-4(2)6(7(11)12)9-5(10)3-8/h4,6H,3,8H2,1-2H3,(H,9,10)(H,11,12)",STKYPAFSDFAEPH-UHFFFAOYSA-N
3108,glycyrrhizin,10,139014-59-8,CC1(C)[C@@H](O[C@H]2O[C@H](C(=O)O)[C@@H](O)[C@H](O)[C@H]2O[C@@H]2O[C@H](C(=O)O)[C@@H](O)[C@H](O)[C@H]2O)CC[C@@]2(C)[C@H]1CC[C@]1(C)[C@@H]2C(=O)C=C2[C@@H]3C[C@@](C)(C(=O)O)CC[C@]3(C)CC[C@]21C,3,25,NIST,diol,Polyfunctional / highly functionalized,"InChI=1S/C42H62O16/c1-37(2)21-8-11-42(7)31(20(43)16-18-19-17-39(4,36(53)54)13-12-38(19,3)14-15-41(18,42)6)40(21,5)10-9-22(37)55-35-30(26(47)25(46)29(57-35)33(51)52)58-34-27(48)23(44)24(45)28(56-34)32(49)50/h16,19,21-31,34-35,44-48H,8-15,17H2,1-7H3,(H,49,50)(H,51,52)(H,53,54)/t19-,21-,22-,23-,24-,25-,26-,27+,28-,29-,30+,31+,34-,35-,38+,39-,40-,41+,42+/m0/s1",LPLVUJXQOOQHMX-QWBHMCJMSA-N
3109,glycyrrhizin,9.41,139014-59-8,CC1(C)[C@@H](O[C@H]2O[C@H](C(=O)O)[C@@H](O)[C@H](O)[C@H]2O[C@@H]2O[C@H](C(=O)O)[C@@H](O)[C@H](O)[C@H]2O)CC[C@@]2(C)[C@H]1CC[C@]1(C)[C@@H]2C(=O)C=C2[C@@H]3C[C@@](C)(C(=O)O)CC[C@]3(C)CC[C@]21C,7,25,https://doi.org/10.1021/acs.est.4c11950,diol,Polyfunctional / highly functionalized,"InChI=1S/C42H62O16/c1-37(2)21-8-11-42(7)31(20(43)16-18-19-17-39(4,36(53)54)13-12-38(19,3)14-15-41(18,42)6)40(21,5)10-9-22(37)55-35-30(26(47)25(46)29(57-35)33(51)52)58-34-27(48)23(44)24(45)28(56-34)32(49)50/h16,19,21-31,34-35,44-48H,8-15,17H2,1-7H3,(H,49,50)(H,51,52)(H,53,54)/t19-,21-,22-,23-,24-,25-,26-,27+,28-,29-,30+,31+,34-,35-,38+,39-,40-,41+,42+/m0/s1",LPLVUJXQOOQHMX-QWBHMCJMSA-N
3110,glyoxal,7.82,3327-62-6,O=CC=O,1.3,25,https://doi.org/10.1021/acs.est.4c11950,halogenated,Halogenated organics,InChI=1S/C2H2O2/c3-1-2-4/h1-2H,LEQAOMBKQFMDFZ-UHFFFAOYSA-N
3111,glyoxal,9.176091259,3327-62-6,O=CCO,,,https://doi.org/10.1021/acs.est.1c04946,halogenated,Halogenated organics,"InChI=1S/C2H4O2/c3-1-2-4/h1,4H,2H2",WGCNASOHLSPBMP-UHFFFAOYSA-N
3112,glyoxalic acid,8.770852012,298-12-4,C(=O)C(=O)O,,,https://doi.org/10.1021/acsestengg.5c00197,alkane,Aliphatic hydrocarbons,"InChI=1S/C2H2O3/c3-1-2(4)5/h1H,(H,4,5)",HHLFWLYXYJOTON-UHFFFAOYSA-N
3113,glyoxalic acid,8.770852012,168208-95-5,O=CC(=O)O,,,https://doi.org/10.1021/acs.est.1c04490,halogenated,Halogenated organics,"InChI=1S/C2H2O3/c3-1-2(4)5/h1H,(H,4,5)",HHLFWLYXYJOTON-UHFFFAOYSA-N
3114,glyoxylate,9.41,9028-32-4,[O-]C(=O)C=O,7,25,https://doi.org/10.1021/acs.est.4c11950,halogenated,Halogenated organics,"InChI=1S/C2H2O3/c3-1-2(4)5/h1H,(H,4,5)/p-1",HHLFWLYXYJOTON-UHFFFAOYSA-M
3115,glyoxylate,9.28,9028-32-4,[O-]C(=O)C=O,7,15,https://doi.org/10.1021/acs.est.4c11950,halogenated,Halogenated organics,"InChI=1S/C2H2O3/c3-1-2(4)5/h1H,(H,4,5)/p-1",HHLFWLYXYJOTON-UHFFFAOYSA-M
3116,glyoxylate,9.7,9028-32-4,[O-]C(=O)C=O,7,35,https://doi.org/10.1021/acs.est.4c11950,halogenated,Halogenated organics,"InChI=1S/C2H2O3/c3-1-2(4)5/h1H,(H,4,5)/p-1",HHLFWLYXYJOTON-UHFFFAOYSA-M
3117,glyoxylate,10.04,9028-32-4,[O-]C(=O)C=O,7,55,https://doi.org/10.1021/acs.est.4c11950,halogenated,Halogenated organics,"InChI=1S/C2H2O3/c3-1-2(4)5/h1H,(H,4,5)/p-1",HHLFWLYXYJOTON-UHFFFAOYSA-M
3118,glyoxylate,9.88,9028-32-4,[O-]C(=O)C=O,7,45,https://doi.org/10.1021/acs.est.4c11950,halogenated,Halogenated organics,"InChI=1S/C2H2O3/c3-1-2(4)5/h1H,(H,4,5)/p-1",HHLFWLYXYJOTON-UHFFFAOYSA-M
3119,glyoxylic acid,8.65,563-96-2,OC(=O)C=O,7,45,https://doi.org/10.1021/acs.est.4c11950,alcohol,Oxygenated organics,"InChI=1S/C2H2O3/c3-1-2(4)5/h1H,(H,4,5)",HHLFWLYXYJOTON-UHFFFAOYSA-N
3120,glyoxylic acid,8.54,563-96-2,OC(=O)C=O,7,15,https://doi.org/10.1021/acs.est.4c11950,alcohol,Oxygenated organics,"InChI=1S/C2H2O3/c3-1-2(4)5/h1H,(H,4,5)",HHLFWLYXYJOTON-UHFFFAOYSA-N
3121,glyoxylic acid,8.56,563-96-2,OC(=O)C=O,7,25,https://doi.org/10.1021/acs.est.4c11950,alcohol,Oxygenated organics,"InChI=1S/C2H2O3/c3-1-2(4)5/h1H,(H,4,5)",HHLFWLYXYJOTON-UHFFFAOYSA-N
3122,glyoxylic acid,8.71,563-96-2,OC(=O)C=O,7,55,https://doi.org/10.1021/acs.est.4c11950,alcohol,Oxygenated organics,"InChI=1S/C2H2O3/c3-1-2(4)5/h1H,(H,4,5)",HHLFWLYXYJOTON-UHFFFAOYSA-N
3123,glyoxylic acid,8.62,563-96-2,OC(=O)C=O,7,35,https://doi.org/10.1021/acs.est.4c11950,alcohol,Oxygenated organics,"InChI=1S/C2H2O3/c3-1-2(4)5/h1H,(H,4,5)",HHLFWLYXYJOTON-UHFFFAOYSA-N
3124,glyphosate,8.18,1313261-72-1,O=C(O)CNCP(=O)(O)O,3.8,25,NIST,phosphorus,Phosphorus-containing organics,"InChI=1S/C3H8NO5P/c5-3(6)1-4-2-10(7,8)9/h4H,1-2H2,(H,5,6)(H2,7,8,9)",XDDAORKBJWWYJS-UHFFFAOYSA-N
3125,guanine,9.963787827,73-40-5,C1=NC2=C(N1)C(=O)NC(=N2)N,,,https://doi.org/10.1021/acsestengg.5c00509,halogenated,Halogenated organics,"InChI=1S/C5H5N5O/c6-5-9-3-2(4(11)10-5)7-1-8-3/h1H,(H4,6,7,8,9,10,11)",UYTPUPDQBNUYGX-UHFFFAOYSA-N
3126,guanine,9.963787827,9033-16-3,Nc1nc2nc[nH]c2c(=O)[nH]1,,,https://doi.org/10.1021/acs.est.1c05393,cyclo,Aromatic & PAHs,"InChI=1S/C5H5N5O/c6-5-9-3-2(4(11)10-5)7-1-8-3/h1H,(H4,6,7,8,9,10,11)",UYTPUPDQBNUYGX-UHFFFAOYSA-N
3127,guanine,9.96,9033-16-3,NC1=Nc2nc[nH]c2C(=O)N1,10,17,https://doi.org/10.1021/acs.est.4c11950,cyclo,Aromatic & PAHs,"InChI=1S/C5H5N5O/c6-5-9-3-2(4(11)10-5)7-1-8-3/h1H,(H4,6,7,8,9,10,11)",UYTPUPDQBNUYGX-UHFFFAOYSA-N
3128,guanosine,9.88,159496-14-7,Nc1nc(=O)c2ncn(C3OC(CO)C(O)C3O)c2[nH]1,9,25,NIST,cyclo,Aromatic & PAHs,"InChI=1S/C10H13N5O5/c11-10-13-7-4(8(19)14-10)12-2-15(7)9-6(18)5(17)3(1-16)20-9/h2-3,5-6,9,16-18H,1H2,(H3,11,13,14,19)",NYHBQMYGNKIUIF-UHFFFAOYSA-N
3129,guanosine,9.9,159496-14-7,Nc1nc2c(ncn2[C@@H]2O[C@H](CO)[C@@H](O)[C@H]2O)c(=O)[nH]1,7,25,https://doi.org/10.1021/acs.est.4c11950,halogenated,Halogenated organics,"InChI=1S/C10H13N5O5/c11-10-13-7-4(8(19)14-10)12-2-15(7)9-6(18)5(17)3(1-16)20-9/h2-3,5-6,9,16-18H,1H2,(H3,11,13,14,19)/t3-,5-,6-,9-/m1/s1",NYHBQMYGNKIUIF-UUOKFMHZSA-N
3130,guanosine,9.9,159496-14-7,Nc1nc(=O)c2ncn(C3OC(CO)C(O)C3O)c2[nH]1,7,25,NIST,cyclo,Aromatic & PAHs,"InChI=1S/C10H13N5O5/c11-10-13-7-4(8(19)14-10)12-2-15(7)9-6(18)5(17)3(1-16)20-9/h2-3,5-6,9,16-18H,1H2,(H3,11,13,14,19)",NYHBQMYGNKIUIF-UHFFFAOYSA-N
3131,guanosine 3'-monophosphate,10.04,85-32-5,CCCCCCCN1C(C)=CSC1=CC=C(C=Cc1scc(C)[n+]1CCCCCCC)c1scc(C)[n+]1CCCCCCC.[Cl-].[Cl-],7,25,NIST,"sulfide, disulfide",Sulfur-containing organics,"InChI=1S/C38H61N3S3.2ClH/c1-7-10-13-16-19-26-39-32(4)29-42-36(39)24-22-35(38-41(34(6)31-44-38)28-21-18-15-12-9-3)23-25-37-40(33(5)30-43-37)27-20-17-14-11-8-2;;/h22-25,29-31H,7-21,26-28H2,1-6H3;2*1H/q+2;;/p-2",AWFGQOQKQHOGAT-UHFFFAOYSA-L
3132,guanosine 3'-monophosphate,10.04,85-32-5,Nc1nc2c(ncn2[C@@H]2O[C@H](CO)[C@@H](OP(=O)(O)O)[C@H]2O)c(=O)[nH]1,7,25,https://doi.org/10.1021/acs.est.4c11950,halogenated,Halogenated organics,"InChI=1S/C10H14N5O8P/c11-10-13-7-4(8(18)14-10)12-2-15(7)9-5(17)6(3(1-16)22-9)23-24(19,20)21/h2-3,5-6,9,16-17H,1H2,(H2,19,20,21)(H3,11,13,14,18)/t3-,5-,6-,9-/m1/s1",ZDPUTNZENXVHJC-UUOKFMHZSA-N
3133,guanosine 5'-monophosphate,9.67,85-32-5,Nc1nc2c(ncn2[C@@H]2O[C@H](COP(=O)(O)O)[C@@H](O)[C@H]2O)c(=O)[nH]1,7,25,https://doi.org/10.1021/acs.est.4c11950,halogenated,Halogenated organics,"InChI=1S/C10H14N5O8P/c11-10-13-7-4(8(18)14-10)12-2-15(7)9-6(17)5(16)3(23-9)1-22-24(19,20)21/h2-3,5-6,9,16-17H,1H2,(H2,19,20,21)(H3,11,13,14,18)/t3-,5-,6-,9-/m1/s1",RQFCJASXJCIDSX-UUOKFMHZSA-N
3134,guanosine monophosphate,9.67,85-32-5,Nc1nc(=O)c2ncn(C3OC(COP(=O)(O)O)C(O)C3O)c2[nH]1,6.7,25,NIST,cyclo,Aromatic & PAHs,"InChI=1S/C10H14N5O8P/c11-10-13-7-4(8(18)14-10)12-2-15(7)9-6(17)5(16)3(23-9)1-22-24(19,20)21/h2-3,5-6,9,16-17H,1H2,(H2,19,20,21)(H3,11,13,14,18)",RQFCJASXJCIDSX-UHFFFAOYSA-N
3135,halothane,7.11,51230-17-2,FC(F)(F)C(Cl)Br,7,25,https://doi.org/10.1021/acs.est.4c11950,halogenated,Halogenated organics,"InChI=1S/C2HBrClF3/c3-1(4)2(5,6)7/h1H",BCQZXOMGPXTTIC-UHFFFAOYSA-N
3136,halothane,7.113943352,151-67-7,C(C(F)(F)F)(Cl)Br,,,https://doi.org/10.1021/acsestengg.5c00251,halogenated,Halogenated organics,"InChI=1S/C2HBrClF3/c3-1(4)2(5,6)7/h1H",BCQZXOMGPXTTIC-UHFFFAOYSA-N
3137,helion red 8B dianion,10.2,69553-32-8,Cc1ccccc1N=C(N)Nc1ccccc1C.NC(=Nc1ccccc1)Nc1ccccc1.O=C(Nc1ccc2c(O)c(N=Nc3ccc(N=Nc4ccc(S(=O)(=O)O)cc4)cc3)c(S(=O)(=O)O)cc2c1)c1ccccc1,3,25,NIST,diol,Polyfunctional / highly functionalized,"InChI=1S/C29H21N5O8S2.C15H17N3.C13H13N3/c35-28-25-15-12-23(30-29(36)18-4-2-1-3-5-18)16-19(25)17-26(44(40,41)42)27(28)34-33-21-8-6-20(7-9-21)31-32-22-10-13-24(14-11-22)43(37,38)39;1-11-7-3-5-9-13(11)17-15(16)18-14-10-6-4-8-12(14)2;14-13(15-11-7-3-1-4-8-11)16-12-9-5-2-6-10-12/h1-17,35H,(H,30,36)(H,37,38,39)(H,40,41,42);3-10H,1-2H3,(H3,16,17,18);1-10H,(H3,14,15,16)",SLPDGAJLIGDSPY-UHFFFAOYSA-N
3138,hematoporphyrin IX,10.11,124399-49-1,CC1=C(CCC(=O)O)c2cc3nc(cc4[nH]c(cc5[nH]c(cc1n2)c(C)c5C(C)O)c(C)c4C(C)O)C(C)=C3CCC(=O)O,9,25,NIST,diol,Polyfunctional / highly functionalized,"InChI=1S/C34H38N4O6/c1-15-21(7-9-31(41)42)27-14-28-22(8-10-32(43)44)16(2)24(36-28)12-29-34(20(6)40)18(4)26(38-29)13-30-33(19(5)39)17(3)25(37-30)11-23(15)35-27/h11-14,19-20,37-40H,7-10H2,1-6H3,(H,41,42)(H,43,44)",KFKRXESVMDBTNQ-UHFFFAOYSA-N
3139,heptane,9.89,128400-02-2,CCCCCCC,2,25,https://doi.org/10.1021/acs.est.4c11950,alkane,Aliphatic hydrocarbons,"InChI=1S/C7H16/c1-3-5-7-6-4-2/h3-7H2,1-2H3",IMNFDUFMRHMDMM-UHFFFAOYSA-N
3140,heptane,9.886490725,142-82-5,CCCCCCC,,,https://doi.org/10.1021/acsestengg.5c00139,alkane,Aliphatic hydrocarbons,"InChI=1S/C7H16/c1-3-5-7-6-4-2/h3-7H2,1-2H3",IMNFDUFMRHMDMM-UHFFFAOYSA-N
3141,heptanedioic acid,9.54,111-16-0,O=C(O)CCCCCC(=O)O,2,25,NIST,halogenated,Halogenated organics,"InChI=1S/C7H12O4/c8-6(9)4-2-1-3-5-7(10)11/h1-5H2,(H,8,9)(H,10,11)",WLJVNTCWHIRURA-UHFFFAOYSA-N
3142,hex-3-en-1-ol,9.869818208,67928-93-2,CC/C=C/CCO,,,https://doi.org/10.1021/acs.est.1c05322,alkane,Aliphatic hydrocarbons,"InChI=1S/C6H12O/c1-2-3-4-5-6-7/h3-4,7H,2,5-6H2,1H3/b4-3+",UFLHIIWVXFIJGU-ONEGZZNKSA-N
3143,hexaalanine,9.23,10576-91-7,C[C@H](N)C(=O)N[C@@H](C)C(=O)N[C@@H](C)C(=O)N[C@@H](C)C(=O)N[C@@H](C)C(=O)N[C@@H](C)C(=O)O,3.6,25,NIST,halogenated,Halogenated organics,"InChI=1S/C18H32N6O7/c1-7(19)13(25)20-8(2)14(26)21-9(3)15(27)22-10(4)16(28)23-11(5)17(29)24-12(6)18(30)31/h7-12H,19H2,1-6H3,(H,20,25)(H,21,26)(H,22,27)(H,23,28)(H,24,29)(H,30,31)/t7-,8-,9-,10-,11-,12-/m0/s1",ZLHDFPIXRRJBKM-ZNSCXOEOSA-N
3144,hexachlorobenzene,8.38,39312-79-3,Clc1c(Cl)c(Cl)c(Cl)c(Cl)c1Cl,7,25,https://doi.org/10.1021/acs.est.4c11950,benzene,Aromatic & PAHs,InChI=1S/C6Cl6/c7-1-2(8)4(10)6(12)5(11)3(1)9,CKAPSXZOOQJIBF-UHFFFAOYSA-N
3145,hexachlorocyclohexane,8.74,8073-23-2,ClC1C(Cl)C(Cl)C(Cl)C(Cl)C1Cl,2.9,25,NIST,benzene,Aromatic & PAHs,InChI=1S/C6H6Cl6/c7-1-2(8)4(10)6(12)5(11)3(1)9/h1-6H,JLYXXMFPNIAWKQ-UHFFFAOYSA-N
3146,hexachlorocyclohexane,8.96,8073-23-2,ClC1C(Cl)C(Cl)C(Cl)C(Cl)C1Cl,2.8,25,NIST,benzene,Aromatic & PAHs,InChI=1S/C6H6Cl6/c7-1-2(8)4(10)6(12)5(11)3(1)9/h1-6H,JLYXXMFPNIAWKQ-UHFFFAOYSA-N
3147,hexachlorocyclopentadiene,9.52,200706-75-8,ClC1=C(Cl)C(Cl)(Cl)C(Cl)=C1Cl,3.4,25,NIST,cyclo,Aromatic & PAHs,"InChI=1S/C5Cl6/c6-1-2(7)4(9)5(10,11)3(1)8",VUNCWTMEJYMOOR-UHFFFAOYSA-N
3148,hexachlorocyclopentadiene,9.34,200706-75-8,ClC1=C(Cl)C(Cl)(Cl)C(Cl)=C1Cl,2.8,25,NIST,cyclo,Aromatic & PAHs,"InChI=1S/C5Cl6/c6-1-2(7)4(9)5(10,11)3(1)8",VUNCWTMEJYMOOR-UHFFFAOYSA-N
3149,hexacyanoferrate(II) ion,9.96,59299-99-9,N#C[Fe-4](C#N)(C#N)(C#N)(C#N)C#N,10.5,25,NIST,halogenated,Halogenated organics,InChI=1S/6CN.Fe/c6*1-2;/q;;;;;;-4,ORXDSIPBTFAEKJ-UHFFFAOYSA-N
3150,hexacyanoferrate(II) ion,10.02,59299-99-9,N#C[Fe-4](C#N)(C#N)(C#N)(C#N)C#N,7,25,NIST,halogenated,Halogenated organics,InChI=1S/6CN.Fe/c6*1-2;/q;;;;;;-4,ORXDSIPBTFAEKJ-UHFFFAOYSA-N
3151,hexacyanoruthenate(II) ion,9.67,15002-31-0,[C-]#N.[C-]#N.[C-]#N.[C-]#N.[C-]#N.[C-]#N.[Ru+2],7,25,NIST,halogenated,Halogenated organics,InChI=1S/6CN.Ru/c6*1-2;/q6*-1;+2,CHGSZSOJDJQCGO-UHFFFAOYSA-N
3152,hexafluorobenzene,9.146128036,392-56-3,C1(=C(C(=C(C(=C1F)F)F)F)F)F,,,https://doi.org/10.1021/acsestengg.5c00451,halogenated,Halogenated organics,InChI=1S/C6F6/c7-1-2(8)4(10)6(12)5(11)3(1)9,ZQBFAOFFOQMSGJ-UHFFFAOYSA-N
3153,hexafluorobenzene,9.15,91711-70-5,Fc1c(F)c(F)c(F)c(F)c1F,7,25,https://doi.org/10.1021/acs.est.4c11950,benzene,Aromatic & PAHs,InChI=1S/C6F6/c7-1-2(8)4(10)6(12)5(11)3(1)9,ZQBFAOFFOQMSGJ-UHFFFAOYSA-N
3154,hexamethylbenzene,9.857332496,87-85-4,CC1=C(C(=C(C(=C1C)C)C)C)C,,,https://doi.org/10.1021/acsestengg.5c00452,alkane,Aliphatic hydrocarbons,InChI=1S/C12H18/c1-7-8(2)10(4)12(6)11(5)9(7)3/h1-6H3,YUWFEBAXEOLKSG-UHFFFAOYSA-N
3155,hexamethylbenzene,9.86,12088-11-8,Cc1c(C)c(C)c(C)c(C)c1C,7,25,https://doi.org/10.1021/acs.est.4c11950,benzene,Aromatic & PAHs,InChI=1S/C12H18/c1-7-8(2)10(4)12(6)11(5)9(7)3/h1-6H3,YUWFEBAXEOLKSG-UHFFFAOYSA-N
3156,hexan-1-amine,10.11394335,732944-06-8,CCCCCCN,,,https://doi.org/10.1021/acs.est.1c04712,alkane,Aliphatic hydrocarbons,"InChI=1S/C6H15N/c1-2-3-4-5-6-7/h2-7H2,1H3",BMVXCPBXGZKUPN-UHFFFAOYSA-N
3157,hexane,9.82,27581-27-7,CCCCCC,2,25,https://doi.org/10.1021/acs.est.4c11950,alkane,Aliphatic hydrocarbons,"InChI=1S/C6H14/c1-3-5-6-4-2/h3-6H2,1-2H3",VLKZOEOYAKHREP-UHFFFAOYSA-N
3158,hexane,9.819543936,110-54-3,CCCCCC,,,https://doi.org/10.1021/acsestengg.5c00138,alkane,Aliphatic hydrocarbons,"InChI=1S/C6H14/c1-3-5-6-4-2/h3-6H2,1-2H3",VLKZOEOYAKHREP-UHFFFAOYSA-N
3159,"hexane-2,5-dione",8.880813592,84215-51-0,CC(=O)CCC(C)=O,,,https://doi.org/10.1021/acs.est.1c05570,alkane,Aliphatic hydrocarbons,"InChI=1S/C6H10O2/c1-5(7)3-4-6(2)8/h3-4H2,1-2H3",OJVAMHKKJGICOG-UHFFFAOYSA-N
3160,hexanedioic acid,9.301029996,2628-88-8,OC(=O)CCCCC(O)=O,,,https://doi.org/10.1021/acs.est.1c04398,alcohol,Oxygenated organics,"InChI=1S/C6H10O4/c7-5(8)3-1-2-4-6(9)10/h1-4H2,(H,7,8)(H,9,10)",WNLRTRBMVRJNCN-UHFFFAOYSA-N
3161,hexanoate ion,9.26,2198-61-0,CCCCCC([O-])=O,7,15,https://doi.org/10.1021/acs.est.4c11950,alkane,Aliphatic hydrocarbons,"InChI=1S/C6H12O2/c1-2-3-4-5-6(7)8/h2-5H2,1H3,(H,7,8)/p-1",FUZZWVXGSFPDMH-UHFFFAOYSA-M
3162,hexanoate ion,9.28,2198-61-0,CCCCCC([O-])=O,7,35,https://doi.org/10.1021/acs.est.4c11950,alkane,Aliphatic hydrocarbons,"InChI=1S/C6H12O2/c1-2-3-4-5-6(7)8/h2-5H2,1H3,(H,7,8)/p-1",FUZZWVXGSFPDMH-UHFFFAOYSA-M
3163,hexanoate ion,9.26,2198-61-0,CCCCCC([O-])=O,7,25,https://doi.org/10.1021/acs.est.4c11950,alkane,Aliphatic hydrocarbons,"InChI=1S/C6H12O2/c1-2-3-4-5-6(7)8/h2-5H2,1H3,(H,7,8)/p-1",FUZZWVXGSFPDMH-UHFFFAOYSA-M
3164,hexanoate ion,9.6,2198-61-0,CCCCCC([O-])=O,9,25,NIST,alkane,Aliphatic hydrocarbons,"InChI=1S/C6H12O2/c1-2-3-4-5-6(7)8/h2-5H2,1H3,(H,7,8)/p-1",FUZZWVXGSFPDMH-UHFFFAOYSA-M
3165,hexanoate ion,9.36,2198-61-0,CCCCCC([O-])=O,7,45,https://doi.org/10.1021/acs.est.4c11950,alkane,Aliphatic hydrocarbons,"InChI=1S/C6H12O2/c1-2-3-4-5-6(7)8/h2-5H2,1H3,(H,7,8)/p-1",FUZZWVXGSFPDMH-UHFFFAOYSA-M
3166,hexanoate ion,9.11,2198-61-0,CCCCCC([O-])=O,7,5,https://doi.org/10.1021/acs.est.4c11950,alkane,Aliphatic hydrocarbons,"InChI=1S/C6H12O2/c1-2-3-4-5-6(7)8/h2-5H2,1H3,(H,7,8)/p-1",FUZZWVXGSFPDMH-UHFFFAOYSA-M
3167,hexazinone,8.96,1219804-22-4,CN(C)c1nc(=O)n(C2CCCCC2)c(=O)n1C,7,25,https://doi.org/10.1021/acs.est.4c11950,triazine,Heterocycles,"InChI=1S/C12H20N4O2/c1-14(2)10-13-11(17)16(12(18)15(10)3)9-7-5-4-6-8-9/h9H,4-8H2,1-3H3",CAWXEEYDBZRFPE-UHFFFAOYSA-N
3168,hexyl amine,10.11,1344211-64-8,CCCCCCN,1,25,https://doi.org/10.1021/acs.est.4c11950,alkane,Aliphatic hydrocarbons,"InChI=1S/C6H15N/c1-2-3-4-5-6-7/h2-7H2,1H3",BMVXCPBXGZKUPN-UHFFFAOYSA-N
3169,hexylsulfate ion,9.4,942916-86-1,CCCCCCOS(=O)(=O)[O-],7,25,NIST,"sulfide, disulfide",Sulfur-containing organics,"InChI=1S/C6H14O4S/c1-2-3-4-5-6-10-11(7,8)9/h2-6H2,1H3,(H,7,8,9)/p-1",IDUWTCGPAPTSFB-UHFFFAOYSA-M
3170,histamine,9.68,51-74-1,NCCc1cnc[nH]1,7.4,25,NIST,halogenated,Halogenated organics,"InChI=1S/C5H9N3/c6-2-1-5-3-7-4-8-5/h3-4H,1-2,6H2,(H,7,8)",NTYJJOPFIAHURM-UHFFFAOYSA-N
3171,histamine,9.75,51-74-1,NCCc1c[nH]cn1,7,25,https://doi.org/10.1021/acs.est.4c11950,halogenated,Halogenated organics,"InChI=1S/C5H9N3/c6-2-1-5-3-7-4-8-5/h3-4H,1-2,6H2,(H,7,8)",NTYJJOPFIAHURM-UHFFFAOYSA-N
3172,histidylhistidine,9.95,306-14-9,N[C@@H](Cc1c[nH]cn1)C(=O)N[C@@H](Cc1c[nH]cn1)C(=O)O,7,25,https://doi.org/10.1021/acs.est.4c11950,halogenated,Halogenated organics,"InChI=1S/C12H16N6O3/c13-9(1-7-3-14-5-16-7)11(19)18-10(12(20)21)2-8-4-15-6-17-8/h3-6,9-10H,1-2,13H2,(H,14,16)(H,15,17)(H,18,19)(H,20,21)/t9-,10-/m0/s1",SGCGMORCWLEJNZ-UWVGGRQHSA-N
3173,homocarnosine,9.32,2991254-59-0,NCCCC(=O)NC(Cc1cnc[nH]1)C(=O)O,7.4,25,NIST,halogenated,Halogenated organics,"InChI=1S/C10H16N4O3/c11-3-1-2-9(15)14-8(10(16)17)4-7-5-12-6-13-7/h5-6,8H,1-4,11H2,(H,12,13)(H,14,15)(H,16,17)",CCLQKVKJOGVQLU-UHFFFAOYSA-N
3174,homocysteine thiolactone,8.9,1219805-31-8,NC1CCSC1=O,7,25,NIST,"sulfide, disulfide",Sulfur-containing organics,"InChI=1S/C4H7NOS/c5-3-1-2-7-4(3)6/h3H,1-2,5H2",KIWQWJKWBHZMDT-UHFFFAOYSA-N
3175,hydrogen cyanide,7.78,20722-83-2,C#N,3.5,25,https://doi.org/10.1021/acs.est.4c11950,halogenated,Halogenated organics,InChI=1S/CHN/c1-2/h1H,LELOWRISYMNNSU-UHFFFAOYSA-N
3176,hydrogen hexacyanoferrate(II) ion,9.95,59299-99-9,[C-]#N.[C-]#N.[C-]#N.[C-]#N.[C-]#N.[C-]#N.[Fe+6],7,25,NIST,halogenated,Halogenated organics,InChI=1S/6CN.Fe/c6*1-2;/q6*-1;+6,VRWKTAYJTKRVCU-UHFFFAOYSA-N
3177,hydrogen oxalate,8.51,6183-83-1,C(=O)(C(=O)[O-])O,3,45,https://doi.org/10.1021/acs.est.4c11950,halogenated,Halogenated organics,"InChI=1S/C2H2O4/c3-1(4)2(5)6/h(H,3,4)(H,5,6)/p-1",MUBZPKHOEPUJKR-UHFFFAOYSA-M
3178,hydrogen oxalate,8.11,6183-83-1,C(=O)(C(=O)[O-])O,3,15,https://doi.org/10.1021/acs.est.4c11950,halogenated,Halogenated organics,"InChI=1S/C2H2O4/c3-1(4)2(5)6/h(H,3,4)(H,5,6)/p-1",MUBZPKHOEPUJKR-UHFFFAOYSA-M
3179,hydrogen oxalate,8.65,6183-83-1,C(=O)(C(=O)[O-])O,3,55,https://doi.org/10.1021/acs.est.4c11950,halogenated,Halogenated organics,"InChI=1S/C2H2O4/c3-1(4)2(5)6/h(H,3,4)(H,5,6)/p-1",MUBZPKHOEPUJKR-UHFFFAOYSA-M
3180,hydrogen oxalate,8.41,6183-83-1,C(=O)(C(=O)[O-])O,3,35,https://doi.org/10.1021/acs.est.4c11950,halogenated,Halogenated organics,"InChI=1S/C2H2O4/c3-1(4)2(5)6/h(H,3,4)(H,5,6)/p-1",MUBZPKHOEPUJKR-UHFFFAOYSA-M
3181,hydrogen oxalate,8.28,6183-83-1,C(=O)(C(=O)[O-])O,3,25,https://doi.org/10.1021/acs.est.4c11950,halogenated,Halogenated organics,"InChI=1S/C2H2O4/c3-1(4)2(5)6/h(H,3,4)(H,5,6)/p-1",MUBZPKHOEPUJKR-UHFFFAOYSA-M
3182,hydroxy amine,9.98,102652-34-6,NO,8,22,https://doi.org/10.1021/acs.est.4c11950,amine,Nitrogen-containing organics,"InChI=1S/H3NO/c1-2/h2H,1H2",AVXURJPOCDRRFD-UHFFFAOYSA-N
3183,hydroxy amine,9.98,102652-34-6,NO,9,22,https://doi.org/10.1021/acs.est.4c11950,amine,Nitrogen-containing organics,"InChI=1S/H3NO/c1-2/h2H,1H2",AVXURJPOCDRRFD-UHFFFAOYSA-N
3184,hydroxy-dimethoxy-methylphosphanium,8.301029996,89630-54-6,CO[P](C)(=O)OC,,,https://doi.org/10.1021/acs.est.1c05107,alcohol,Oxygenated organics,"InChI=1S/C3H9O3P/c1-5-7(3,4)6-2/h1-3H3",VONWDASPFIQPDY-UHFFFAOYSA-N
3185,hydroxy-iso-butylaldehyde,9.48,1198283-84-9,CC(C)(O)C=O,7,25,https://doi.org/10.1021/acs.est.4c11950,alkane,Aliphatic hydrocarbons,"InChI=1S/C4H8O2/c1-4(2,6)3-5/h3,6H,1-2H3",HNVAGBIANFAIIL-UHFFFAOYSA-N
3186,hydroxy-trimethoxyphosphanium,8.079181246,59400-23-6,CO[P](=O)(OC)OC,,,https://doi.org/10.1021/acs.est.1c04439,alcohol,Oxygenated organics,"InChI=1S/C3H9O4P/c1-5-8(4,6-2)7-3/h1-3H3",WVLBCYQITXONBZ-UHFFFAOYSA-N
3187,hydroxyammonium,8.7,66097-71-0,[NH3+]O,4,22,https://doi.org/10.1021/acs.est.4c11950,amine,Nitrogen-containing organics,"InChI=1S/H4NO/c1-2/h2H,1H3/q+1",RBLWMQWAHONKNC-UHFFFAOYSA-N
3188,hydroxybutanedioic acid,9.36,72720-95-7,O=C([O-])CC(O)C(=O)[O-],9,25,NIST,halogenated,Halogenated organics,"InChI=1S/C4H6O5/c5-2(4(8)9)1-3(6)7/h2,5H,1H2,(H,6,7)(H,8,9)/p-2",BJEPYKJPYRNKOW-UHFFFAOYSA-L
3189,hydroxybutanedioic acid,8.93,72720-95-7,O=C([O-])CC(O)C(=O)[O-],7,25,NIST,halogenated,Halogenated organics,"InChI=1S/C4H6O5/c5-2(4(8)9)1-3(6)7/h2,5H,1H2,(H,6,7)(H,8,9)/p-2",BJEPYKJPYRNKOW-UHFFFAOYSA-L
3190,hydroxymethanesulfonate ion,8.41,7494-19-1,O=S(=O)([O-])CO,3.8,25,NIST,"sulfide, disulfide",Sulfur-containing organics,"InChI=1S/CH4O4S/c2-1-6(3,4)5/h2H,1H2,(H,3,4,5)/p-1",DETXZQGDWUJKMO-UHFFFAOYSA-M
3191,hydroxymethanesulfonate ion,8.49,7494-19-1,O=S(=O)([O-])CO,6.1,25,NIST,"sulfide, disulfide",Sulfur-containing organics,"InChI=1S/CH4O4S/c2-1-6(3,4)5/h2H,1H2,(H,3,4,5)/p-1",DETXZQGDWUJKMO-UHFFFAOYSA-M
3192,hydroxymethanesulfonate ion,8.45,7494-19-1,O=S(=O)([O-])CO,6.5,25,NIST,"sulfide, disulfide",Sulfur-containing organics,"InChI=1S/CH4O4S/c2-1-6(3,4)5/h2H,1H2,(H,3,4,5)/p-1",DETXZQGDWUJKMO-UHFFFAOYSA-M
3193,hypotaurine,10.08,37256-46-5,NCCS(=O)O,7,25,https://doi.org/10.1021/acs.est.4c11950,"sulfide, disulfide",Sulfur-containing organics,"InChI=1S/C2H7NO2S/c3-1-2-6(4)5/h1-3H2,(H,4,5)",VVIUBCNYACGLLV-UHFFFAOYSA-N
3194,hypoxanthine,9.81,9016-12-0,O=c1nc[nH]c2nc[nH]c12,7.8,25,NIST,cyclo,Aromatic & PAHs,"InChI=1S/C5H4N4O/c10-5-3-4(7-1-6-3)8-2-9-5/h1-2H,(H2,6,7,8,9,10)",FDGQSTZJBFJUBT-UHFFFAOYSA-N
3195,hypoxanthine,9.81,9016-12-0,O=c1[nH]cnc2nc[nH]c12,7,25,https://doi.org/10.1021/acs.est.4c11950,cyclo,Aromatic & PAHs,"InChI=1S/C5H4N4O/c10-5-3-4(7-1-6-3)8-2-9-5/h1-2H,(H2,6,7,8,9,10)",FDGQSTZJBFJUBT-UHFFFAOYSA-N
3196,ibuprofen,9.87,462631-86-3,CC(C)Cc1ccc(C(C)C(=O)O)cc1,7,25,https://doi.org/10.1021/acs.est.4c11950,cyclo,Aromatic & PAHs,"InChI=1S/C13H18O2/c1-9(2)8-11-4-6-12(7-5-11)10(3)13(14)15/h4-7,9-10H,8H2,1-3H3,(H,14,15)",HEFNNWSXXWATRW-UHFFFAOYSA-N
3197,igepal CO-730,10,68412-54-4,CCCCCCCCCc1ccccc1OCCOCCOCCOCCOCCOCCOCCOCCOCCOCCOCCOCCOCCOCCOCCO,7,25,NIST,diol,Polyfunctional / highly functionalized,"InChI=1S/C45H84O16/c1-2-3-4-5-6-7-8-11-44-12-9-10-13-45(44)61-43-42-60-41-40-59-39-38-58-37-36-57-35-34-56-33-32-55-31-30-54-29-28-53-27-26-52-25-24-51-23-22-50-21-20-49-19-18-48-17-16-47-15-14-46/h9-10,12-13,46H,2-8,11,14-43H2,1H3",AIVWIYIHAXBGHP-UHFFFAOYSA-N
3198,imidazole,10.08,717908-74-2,[nH]1ccnc1,10.9,25,https://doi.org/10.1021/acs.est.4c11950,halogenated,Halogenated organics,"InChI=1S/C3H4N2/c1-2-5-3-4-1/h1-3H,(H,4,5)",RAXXELZNTBOGNW-UHFFFAOYSA-N
3199,imidazole,9.59,717908-74-2,[nH]1ccnc1,7.4,37,https://doi.org/10.1021/acs.est.4c11950,halogenated,Halogenated organics,"InChI=1S/C3H4N2/c1-2-5-3-4-1/h1-3H,(H,4,5)",RAXXELZNTBOGNW-UHFFFAOYSA-N
3200,imidazole,9.591064607,717908-74-2,c1c[nH]cn1,,,https://doi.org/10.1021/acs.est.1c04748,halogenated,Halogenated organics,"InChI=1S/C3H4N2/c1-2-5-3-4-1/h1-3H,(H,4,5)",RAXXELZNTBOGNW-UHFFFAOYSA-N
3201,imidazole,9.74,717908-74-2,[nH]1ccnc1,3.4,25,NIST,halogenated,Halogenated organics,"InChI=1S/C3H4N2/c1-2-5-3-4-1/h1-3H,(H,4,5)",RAXXELZNTBOGNW-UHFFFAOYSA-N
3202,imidazole,9.591064607,288-32-4,C1=CN=CN1,,,https://doi.org/10.1021/acsestengg.5c00510,halogenated,Halogenated organics,"InChI=1S/C3H4N2/c1-2-5-3-4-1/h1-3H,(H,4,5)",RAXXELZNTBOGNW-UHFFFAOYSA-N
3203,iminodiacetic acid,7.69,6096-81-7,C(C(=O)O)NCC(=O)O,1,25,https://doi.org/10.1021/acs.est.4c11950,halogenated,Halogenated organics,"InChI=1S/C4H7NO4/c6-3(7)1-5-2-4(8)9/h5H,1-2H2,(H,6,7)(H,8,9)",NBZBKCUXIYYUSX-UHFFFAOYSA-N
3204,indigodisulfonate ion,10.26,14609-76-8,O=C1C(c2[nH]c3ccc(S(=O)(=O)[O-])cc3c2O)=Nc2ccc(S(=O)(=O)[O-])cc21,7.4,25,NIST,diol,Polyfunctional / highly functionalized,"InChI=1S/C16H10N2O8S2/c19-15-9-5-7(27(21,22)23)1-3-11(9)17-13(15)14-16(20)10-6-8(28(24,25)26)2-4-12(10)18-14/h1-6,17,19H,(H,21,22,23)(H,24,25,26)/p-2",JMEVHYCNAPFOAB-UHFFFAOYSA-L
3205,indigomonosulfonate ion,10.32,14609-76-8,O=C1C(c2[nH]c3ccccc3c2O)=Nc2ccc(S(=O)(=O)[O-])cc21,7.4,25,NIST,cyclo,Aromatic & PAHs,"InChI=1S/C16H10N2O5S/c19-15-9-3-1-2-4-11(9)17-13(15)14-16(20)10-7-8(24(21,22)23)5-6-12(10)18-14/h1-7,17,19H,(H,21,22,23)/p-1",IARHYKUVKCYSPQ-UHFFFAOYSA-M
3206,indigotetrasulfonate ion,10.2,28699-96-9,O=C1C(c2[nH]c3c(S(=O)(=O)[O-])cc(S(=O)(=O)[O-])cc3c2O)=Nc2c1cc(S(=O)(=O)[O-])cc2S(=O)(=O)[O-],7.4,25,NIST,diol,Polyfunctional / highly functionalized,"InChI=1S/C16H10N2O14S4/c19-15-7-1-5(33(21,22)23)3-9(35(27,28)29)11(7)17-13(15)14-16(20)8-2-6(34(24,25)26)4-10(12(8)18-14)36(30,31)32/h1-4,17,19H,(H,21,22,23)(H,24,25,26)(H,27,28,29)(H,30,31,32)/p-4",JSAWYMYUJKVZGE-UHFFFAOYSA-J
3207,indole,10.51,86691-38-5,[nH]1ccc2ccccc12,9,25,https://doi.org/10.1021/acs.est.4c11950,halogenated,Halogenated organics,"InChI=1S/C8H7N/c1-2-4-8-7(3-1)5-6-9-8/h1-6,9H",SIKJAQJRHWYJAI-UHFFFAOYSA-N
3208,indole,10.14,86691-38-5,[nH]1ccc2ccccc12,7,25,https://doi.org/10.1021/acs.est.4c11950,halogenated,Halogenated organics,"InChI=1S/C8H7N/c1-2-4-8-7(3-1)5-6-9-8/h1-6,9H",SIKJAQJRHWYJAI-UHFFFAOYSA-N
3209,indole-3-acetate ion,9.98,121824-88-2,O=C([O-])Cc1c[nH]c2ccccc12,7,25,NIST,cyclo,Aromatic & PAHs,"InChI=1S/C10H9NO2/c12-10(13)5-7-6-11-9-4-2-1-3-8(7)9/h1-4,6,11H,5H2,(H,12,13)/p-1",SEOVTRFCIGRIMH-UHFFFAOYSA-M
3210,indole-3-acetic acid,9.81,1048359-03-0,OC(=O)Cc1c[nH]c2ccccc12,7,25,https://doi.org/10.1021/acs.est.4c11950,alcohol,Oxygenated organics,"InChI=1S/C10H9NO2/c12-10(13)5-7-6-11-9-4-2-1-3-8(7)9/h1-4,6,11H,5H2,(H,12,13)",SEOVTRFCIGRIMH-UHFFFAOYSA-N
3211,indole-3-propionate ion,10.08,20741-13-3,O=C([O-])CCc1c[nH]c2ccccc12,7,25,NIST,cyclo,Aromatic & PAHs,"InChI=1S/C11H11NO2/c13-11(14)6-5-8-7-12-10-4-2-1-3-9(8)10/h1-4,7,12H,5-6H2,(H,13,14)/p-1",GOLXRNDWAUTYKT-UHFFFAOYSA-M
3212,indole-3-propionic acid,9.93,830-96-6,OC(=O)CCc1c[nH]c2ccccc12,7,25,https://doi.org/10.1021/acs.est.4c11950,alcohol,Oxygenated organics,"InChI=1S/C11H11NO2/c13-11(14)6-5-8-7-12-10-4-2-1-3-9(8)10/h1-4,7,12H,5-6H2,(H,13,14)",GOLXRNDWAUTYKT-UHFFFAOYSA-N
3213,indole-5-acetate ion,9.91,121824-88-2,O=C([O-])Cc1ccc2[nH]ccc2c1,9,25,NIST,cyclo,Aromatic & PAHs,"InChI=1S/C10H9NO2/c12-10(13)6-7-1-2-9-8(5-7)3-4-11-9/h1-5,11H,6H2,(H,12,13)/p-1",LNDWMQWLWGXEET-UHFFFAOYSA-M
3214,indole-5-acetic acid,9.9,1227605-03-9,OC(=O)Cc1ccc2[nH]ccc2c1,9,25,https://doi.org/10.1021/acs.est.4c11950,alcohol,Oxygenated organics,"InChI=1S/C10H9NO2/c12-10(13)6-7-1-2-9-8(5-7)3-4-11-9/h1-5,11H,6H2,(H,12,13)",LNDWMQWLWGXEET-UHFFFAOYSA-N
3215,indoline,10.58,1357352-49-8,c1ccc2c(c1)CCN2,9,25,NIST,halogenated,Halogenated organics,"InChI=1S/C8H9N/c1-2-4-8-7(3-1)5-6-9-8/h1-4,9H,5-6H2",LPAGFVYQRIESJQ-UHFFFAOYSA-N
3216,inosine,9.68,82252-19-5,OC[C@H]1O[C@@H](n2cnc3c(O)ncnc32)[C@H](O)[C@@H]1O,7,25,https://doi.org/10.1021/acs.est.4c11950,diol,Polyfunctional / highly functionalized,"InChI=1S/C10H12N4O5/c15-1-4-6(16)7(17)10(19-4)14-3-13-5-8(14)11-2-12-9(5)18/h2-4,6-7,10,15-17H,1H2,(H,11,12,18)/t4-,6-,7-,10-/m1/s1",UGQMRVRMYYASKQ-KQYNXXCUSA-N
3217,inosine,9.64,82252-19-5,O=c1nc[nH]c2c1ncn2C1OC(CO)C(O)C1O,7,25,NIST,diol,Polyfunctional / highly functionalized,"InChI=1S/C10H12N4O5/c15-1-4-6(16)7(17)10(19-4)14-3-13-5-8(14)11-2-12-9(5)18/h2-4,6-7,10,15-17H,1H2,(H,11,12,18)",UGQMRVRMYYASKQ-UHFFFAOYSA-N
3218,inosine monophosphate,9.42,9028-93-7,O=P(O)(O)OC[C@H]1O[C@@H](n2cnc3c(O)ncnc32)[C@H](O)[C@@H]1O,7,25,https://doi.org/10.1021/acs.est.4c11950,diol,Polyfunctional / highly functionalized,"InChI=1S/C10H13N4O8P/c15-6-4(1-21-23(18,19)20)22-10(7(6)16)14-3-13-5-8(14)11-2-12-9(5)17/h2-4,6-7,10,15-16H,1H2,(H,11,12,17)(H2,18,19,20)/t4-,6-,7-,10-/m1/s1",GRSZFWQUAKGDAV-KQYNXXCUSA-N
3219,inosine monophosphate,9.65,9028-93-7,O=c1nc[nH]c2c1ncn2C1OC(COP(=O)(O)O)C(O)C1O,7,25,NIST,diol,Polyfunctional / highly functionalized,"InChI=1S/C10H13N4O8P/c15-6-4(1-21-23(18,19)20)22-10(7(6)16)14-3-13-5-8(14)11-2-12-9(5)17/h2-4,6-7,10,15-16H,1H2,(H,11,12,17)(H2,18,19,20)",GRSZFWQUAKGDAV-UHFFFAOYSA-N
3220,inositol脗,9.15,,OC1C(O)C(O)C(O)C(O)C1O,7,25,https://doi.org/10.1021/acs.est.4c11950,alcohol,Oxygenated organics,InChI=1S/C6H12O6/c7-1-2(8)4(10)6(12)5(11)3(1)9/h1-12H,CDAISMWEOUEBRE-UHFFFAOYSA-N
3221,iodipamide dianion,9.7,35345-27-8,O=C(CCCCC(=O)Nc1c(I)cc(I)c(C(=O)O)c1I)Nc1c(I)cc(I)c(C(=O)O)c1I,5.6,25,NIST,diol,Polyfunctional / highly functionalized,"InChI=1S/C20H14I6N2O6/c21-7-5-9(23)17(15(25)13(7)19(31)32)27-11(29)3-1-2-4-12(30)28-18-10(24)6-8(22)14(16(18)26)20(33)34/h5-6H,1-4H2,(H,27,29)(H,28,30)(H,31,32)(H,33,34)",FFINMCNLQNTKLU-UHFFFAOYSA-N
3222,iodoacetic acid,9.76,55757-50-1,OC(=O)CI,1,25,https://doi.org/10.1021/acs.est.4c11950,alcohol,Oxygenated organics,"InChI=1S/C2H3IO2/c3-1-2(4)5/h1H2,(H,4,5)",JDNTWHVOXJZDSN-UHFFFAOYSA-N
3223,iodobenzene,9.76,51209-48-4,Ic1ccccc1,3.5,25,https://doi.org/10.1021/acs.est.4c11950,benzene,Aromatic & PAHs,InChI=1S/C6H5I/c7-6-4-2-1-3-5-6/h1-5H,SNHMUERNLJLMHN-UHFFFAOYSA-N
3224,iodobenzene,9.72427587,591-50-4,C1=CC=C(C=C1)I,,,https://doi.org/10.1021/acsestengg.5c00383,halogenated,Halogenated organics,InChI=1S/C6H5I/c7-6-4-2-1-3-5-6/h1-5H,SNHMUERNLJLMHN-UHFFFAOYSA-N
3225,iodobenzene,9.43,51209-48-4,Ic1ccccc1,6,25,NIST,benzene,Aromatic & PAHs,InChI=1S/C6H5I/c7-6-4-2-1-3-5-6/h1-5H,SNHMUERNLJLMHN-UHFFFAOYSA-N
3226,iodobenzene,9.7,51209-48-4,Ic1ccccc1,1.5,25,NIST,benzene,Aromatic & PAHs,InChI=1S/C6H5I/c7-6-4-2-1-3-5-6/h1-5H,SNHMUERNLJLMHN-UHFFFAOYSA-N
3227,iodobenzene,9.7,51209-48-4,Ic1ccccc1,9,25,https://doi.org/10.1021/acs.est.4c11950,benzene,Aromatic & PAHs,InChI=1S/C6H5I/c7-6-4-2-1-3-5-6/h1-5H,SNHMUERNLJLMHN-UHFFFAOYSA-N
3228,iodobenzene,9.53,51209-48-4,Ic1ccccc1,3,25,NIST,benzene,Aromatic & PAHs,InChI=1S/C6H5I/c7-6-4-2-1-3-5-6/h1-5H,SNHMUERNLJLMHN-UHFFFAOYSA-N
3229,iodobenzene,9.72,51209-48-4,Ic1ccccc1,7,25,https://doi.org/10.1021/acs.est.4c11950,benzene,Aromatic & PAHs,InChI=1S/C6H5I/c7-6-4-2-1-3-5-6/h1-5H,SNHMUERNLJLMHN-UHFFFAOYSA-N
3230,iodopentafluorobenzene,9.64,827-15-6,Fc1c(F)c(F)c(I)c(F)c1F,0,25,NIST,benzene,Aromatic & PAHs,InChI=1S/C6F5I/c7-1-2(8)4(10)6(12)5(11)3(1)9,OPYHNLNYCRZOGY-UHFFFAOYSA-N
3231,iodopentafluorobenzene,9.08,827-15-6,Fc1c(F)c(F)c(I)c(F)c1F,7,25,NIST,benzene,Aromatic & PAHs,InChI=1S/C6F5I/c7-1-2(8)4(10)6(12)5(11)3(1)9,OPYHNLNYCRZOGY-UHFFFAOYSA-N
3232,iohexol,9.51,2725999-26-6,CC(=O)N(CC(O)CO)c1c(I)c(C(=O)NCC(O)CO)c(I)c(C(=O)NCC(O)CO)c1I,7,25,https://doi.org/10.1021/acs.est.4c11950,diol,Polyfunctional / highly functionalized,"InChI=1S/C19H26I3N3O9/c1-8(29)25(4-11(32)7-28)17-15(21)12(18(33)23-2-9(30)5-26)14(20)13(16(17)22)19(34)24-3-10(31)6-27/h9-11,26-28,30-32H,2-7H2,1H3,(H,23,33)(H,24,34)",NTHXOOBQLCIOLC-UHFFFAOYSA-N
3233,iomeprol,9.4,2068038-50-4,CN(C(=O)CO)c1c(I)c(C(=O)NCC(O)CO)c(I)c(C(=O)NCC(O)CO)c1I,7,25,https://doi.org/10.1021/acs.est.4c11950,diol,Polyfunctional / highly functionalized,"InChI=1S/C17H22I3N3O8/c1-23(9(29)6-26)15-13(19)10(16(30)21-2-7(27)4-24)12(18)11(14(15)20)17(31)22-3-8(28)5-25/h7-8,24-28H,2-6H2,1H3,(H,21,30)(H,22,31)",NJKDOADNQSYQEV-UHFFFAOYSA-N
3234,iopamidol,9.53,1795778-90-3,C[C@H](O)C(=O)Nc1c(I)c(C(=O)NC(CO)CO)c(I)c(C(=O)NC(CO)CO)c1I,7,25,https://doi.org/10.1021/acs.est.4c11950,cyclo,Aromatic & PAHs,"InChI=1S/C17H22I3N3O8/c1-6(28)15(29)23-14-12(19)9(16(30)21-7(2-24)3-25)11(18)10(13(14)20)17(31)22-8(4-26)5-27/h6-8,24-28H,2-5H2,1H3,(H,21,30)(H,22,31)(H,23,29)/t6-/m0/s1",XQZXYNRDCRIARQ-LURJTMIESA-N
3235,iopromide,9.52,185459-57-8,COCC(=O)Nc1c(I)c(C(=O)NCC(O)CO)c(I)c(C(=O)N(C)CC(O)CO)c1I,7,25,https://doi.org/10.1021/acs.est.4c11950,diol,Polyfunctional / highly functionalized,"InChI=1S/C18H24I3N3O8/c1-24(4-9(28)6-26)18(31)12-13(19)11(17(30)22-3-8(27)5-25)14(20)16(15(12)21)23-10(29)7-32-2/h8-9,25-28H,3-7H2,1-2H3,(H,22,30)(H,23,29)",DGAIEPBNLOQYER-UHFFFAOYSA-N
3236,"iron(II) tris(1,10-phenanthroline)",10,17112-07-1,[Fe+2].c1cnc2c(c1)ccc1cccnc12.c1cnc2c(c1)ccc1cccnc12.c1cnc2c(c1)ccc1cccnc12,7,25,NIST,cyclo,Aromatic & PAHs,InChI=1S/3C12H8N2.Fe/c3*1-3-9-5-6-10-4-2-8-14-12(10)11(9)13-7-1;/h3*1-8H;/q;;;+2,LNQCJIZJBYZCME-UHFFFAOYSA-N
3237,"iron(II) tris(1,10-phenanthroline-5,6-dione)",9.59,17112-07-1,O=C1C(=O)c2cccnc2-c2ncccc21.O=C1C(=O)c2cccnc2-c2ncccc21.O=C1C(=O)c2cccnc2-c2ncccc21.[Fe+2],7,25,NIST,diol,Polyfunctional / highly functionalized,InChI=1S/3C12H6N2O2.Fe/c3*15-11-7-3-1-5-13-9(7)10-8(12(11)16)4-2-6-14-10;/h3*1-6H;/q;;;+2,JTHMLBJDUGNAQE-UHFFFAOYSA-N
3238,iron(III) iminodiacetate,8.38,14526-22-8,O=C(O)CNCC(=O)O.O=C(O)CNCC(=O)O.O=C(O)CNCC(=O)O.[Fe+3].[Fe+3],2,25,NIST,diol,Polyfunctional / highly functionalized,"InChI=1S/3C4H7NO4.2Fe/c3*6-3(7)1-5-2-4(8)9;;/h3*5H,1-2H2,(H,6,7)(H,8,9);;/q;;;2*+3",HEDOKEWHQSWNTM-UHFFFAOYSA-N
3239,"iron(III) tris(1,10-phenanthroline)",9.85,13479-49-7,[Fe+3].c1cnc2c(c1)ccc1cccnc12.c1cnc2c(c1)ccc1cccnc12.c1cnc2c(c1)ccc1cccnc12,1,25,NIST,cyclo,Aromatic & PAHs,InChI=1S/3C12H8N2.Fe/c3*1-3-9-5-6-10-4-2-8-14-12(10)11(9)13-7-1;/h3*1-8H;/q;;;+3,MCJYVKDAPOTYNX-UHFFFAOYSA-N
3240,iso-propul ammonium ion,8.65,14158-23-7,CC(C)[NH3+],4,22,https://doi.org/10.1021/acs.est.4c11950,alkane,Aliphatic hydrocarbons,"InChI=1S/C3H9N/c1-3(2)4/h3H,4H2,1-2H3/p+1",JJWLVOIRVHMVIS-UHFFFAOYSA-O
3241,iso-propul ammonium ion,8.7,14158-23-7,CC(C)[NH3+],3,25,https://doi.org/10.1021/acs.est.4c11950,alkane,Aliphatic hydrocarbons,"InChI=1S/C3H9N/c1-3(2)4/h3H,4H2,1-2H3/p+1",JJWLVOIRVHMVIS-UHFFFAOYSA-O
3242,iso-propyl acetate,8.65,1434127-48-6,CC(=O)OC(C)C,6,25,NIST,alcohol,Oxygenated organics,"InChI=1S/C5H10O2/c1-4(2)7-5(3)6/h4H,1-3H3",JMMWKPVZQRWMSS-UHFFFAOYSA-N
3243,iso-propyl acetate,8.85,1434127-48-6,CC(=O)OC(C)C,2,25,NIST,alcohol,Oxygenated organics,"InChI=1S/C5H10O2/c1-4(2)7-5(3)6/h4H,1-3H3",JMMWKPVZQRWMSS-UHFFFAOYSA-N
3244,iso-propyl amine,10.11,126794-59-0,CC(C)N,7,25,https://doi.org/10.1021/acs.est.4c11950,alkane,Aliphatic hydrocarbons,"InChI=1S/C3H9N/c1-3(2)4/h3H,4H2,1-2H3",JJWLVOIRVHMVIS-UHFFFAOYSA-N
3245,iso-propyl amine,10.11394335,75-31-0,CC(C)N,,,https://doi.org/10.1021/acsestengg.5c00309,alkane,Aliphatic hydrocarbons,"InChI=1S/C3H9N/c1-3(2)4/h3H,4H2,1-2H3",JJWLVOIRVHMVIS-UHFFFAOYSA-N
3246,isoamylammonium ion,9.9,14609-76-8,CC(C)CC[NH3+],4,25,NIST,alkane,Aliphatic hydrocarbons,"InChI=1S/C5H13N/c1-5(2)3-4-6/h5H,3-4,6H2,1-2H3/p+1",BMFVGAAISNGQNM-UHFFFAOYSA-O
3247,isobutyl aldehyde,9.46,78-84-2,CC(C)C=O,7,25,https://doi.org/10.1021/acs.est.4c11950,alkane,Aliphatic hydrocarbons,"InChI=1S/C4H8O/c1-4(2)3-5/h3-4H,1-2H3",AMIMRNSIRUDHCM-UHFFFAOYSA-N
3248,isobutyl aldehyde,9.462397998,78-84-2,CC(C)C=O,,,https://doi.org/10.1021/acsestengg.5c00195,alkane,Aliphatic hydrocarbons,"InChI=1S/C4H8O/c1-4(2)3-5/h3-4H,1-2H3",AMIMRNSIRUDHCM-UHFFFAOYSA-N
3249,isobutylammonium ion,9.49,94005-97-7,CC(C)CN.[H+],4,25,NIST,alkane,Aliphatic hydrocarbons,"InChI=1S/C4H11N/c1-4(2)3-5/h4H,3,5H2,1-2H3/p+1",KDSNLYIMUZNERS-UHFFFAOYSA-O
3250,isobutylene,9.73239376,115-11-7,CC(=C)C,,,https://doi.org/10.1021/acsestengg.5c00355,alkane,Aliphatic hydrocarbons,"InChI=1S/C4H8/c1-4(2)3/h1H2,2-3H3",VQTUBCCKSQIDNK-UHFFFAOYSA-N
3251,isobutylene,9.73,2399848-18-9,CC(C)=C,7,25,https://doi.org/10.1021/acs.est.4c11950,alkane,Aliphatic hydrocarbons,"InChI=1S/C4H8/c1-4(2)3/h1H2,2-3H3",VQTUBCCKSQIDNK-UHFFFAOYSA-N
3252,isobutyrate ion,9.11,53807-80-0,CC(C)C(=O)[O-],9,25,NIST,alkane,Aliphatic hydrocarbons,"InChI=1S/C4H8O2/c1-3(2)4(5)6/h3H,1-2H3,(H,5,6)/p-1",KQNPFQTWMSNSAP-UHFFFAOYSA-M
3253,isoflurane,7.38,133098-04-1,FC(F)OC(Cl)C(F)(F)F,7,25,https://doi.org/10.1021/acs.est.4c11950,alcohol,Oxygenated organics,"InChI=1S/C3H2ClF5O/c4-1(3(7,8)9)10-2(5)6/h1-2H",PIWKPBJCKXDKJR-UHFFFAOYSA-N
3254,isoflurane,7.380211242,26675-46-7,C(C(F)(F)F)(OC(F)F)Cl,,,https://doi.org/10.1021/acsestengg.5c00254,halogenated,Halogenated organics,"InChI=1S/C3H2ClF5O/c4-1(3(7,8)9)10-2(5)6/h1-2H",PIWKPBJCKXDKJR-UHFFFAOYSA-N
3255,isoguanine,10.07918125,1225374-80-0,Nc1[nH]c(=O)nc2nc[nH]c12,,,https://doi.org/10.1021/acs.est.1c05638,cyclo,Aromatic & PAHs,"InChI=1S/C5H5N5O/c6-3-2-4(8-1-7-2)10-5(11)9-3/h1H,(H4,6,7,8,9,10,11)",DRAVOWXCEBXPTN-UHFFFAOYSA-N
3256,isoguanine,10.07918125,3373-53-3,C1=NC2=NC(=O)NC(=C2N1)N,,,https://doi.org/10.1021/acsestengg.5c00508,halogenated,Halogenated organics,"InChI=1S/C5H5N5O/c6-3-2-4(8-1-7-2)10-5(11)9-3/h1H,(H4,6,7,8,9,10,11)",DRAVOWXCEBXPTN-UHFFFAOYSA-N
3257,isoguanine,10.08,1225374-80-0,NC1=C2NC=NC2=NC(=O)N1,11,17,https://doi.org/10.1021/acs.est.4c11950,cyclo,Aromatic & PAHs,"InChI=1S/C5H5N5O/c6-3-2-4(8-1-7-2)10-5(11)9-3/h1H,(H4,6,7,8,9,10,11)",DRAVOWXCEBXPTN-UHFFFAOYSA-N
3258,isoleucine,9.34,28838-58-6,CCC(C)C(N)C(=O)O,2,25,NIST,alkane,Aliphatic hydrocarbons,"InChI=1S/C6H13NO2/c1-3-4(2)5(7)6(8)9/h4-5H,3,7H2,1-2H3,(H,8,9)",AGPKZVBTJJNPAG-UHFFFAOYSA-N
3259,isoleucine,9.26,28838-58-6,CCC(C)C(N)C(=O)O,6.6,25,NIST,alkane,Aliphatic hydrocarbons,"InChI=1S/C6H13NO2/c1-3-4(2)5(7)6(8)9/h4-5H,3,7H2,1-2H3,(H,8,9)",AGPKZVBTJJNPAG-UHFFFAOYSA-N
3260,isonicotinate ion,9.41,482376-17-0,O=C([O-])c1ccncc1,9,25,NIST,cyclo,Aromatic & PAHs,"InChI=1S/C6H5NO2/c8-6(9)5-1-3-7-4-2-5/h1-4H,(H,8,9)/p-1",TWBYWOBDOCUKOW-UHFFFAOYSA-M
3261,isonicotinate ion,9.48,482376-17-0,O=C([O-])c1ccncc1,10,25,NIST,cyclo,Aromatic & PAHs,"InChI=1S/C6H5NO2/c8-6(9)5-1-3-7-4-2-5/h1-4H,(H,8,9)/p-1",TWBYWOBDOCUKOW-UHFFFAOYSA-M
3262,isopropyl acetate,8.653212514,167843-89-2,CC(=O)OC(C)C,,,https://doi.org/10.1021/acs.est.1c04475,alcohol,Oxygenated organics,"InChI=1S/C5H10O2/c1-4(2)7-5(3)6/h4H,1-3H3",JMMWKPVZQRWMSS-UHFFFAOYSA-N
3263,isopropyl acetate,8.653212514,108-21-4,CC(C)OC(=O)C,,,https://doi.org/10.1021/acsestengg.5c00204,alcohol,Oxygenated organics,"InChI=1S/C5H10O2/c1-4(2)7-5(3)6/h4H,1-3H3",JMMWKPVZQRWMSS-UHFFFAOYSA-N
3264,isopropyl disulfide,10.3,4253-89-8,CC(C)SSC(C)C,4,25,https://doi.org/10.1021/acs.est.4c11950,"sulfide, disulfide",Sulfur-containing organics,"InChI=1S/C6H14S2/c1-5(2)7-8-6(3)4/h5-6H,1-4H3",LZAZXBXPKRULLB-UHFFFAOYSA-N
3265,isopropyl phenyl sulfoxide,10,4170-69-8,CC(C)S(=O)C1=CC=CC=C1,7,25,https://doi.org/10.1021/acs.est.4c11950,"sulfide, disulfide",Sulfur-containing organics,"InChI=1S/C9H12OS/c1-8(2)11(10)9-6-4-3-5-7-9/h3-8H,1-2H3",MNPISBRDBQCTAF-UHFFFAOYSA-N
3266,isoproturon,9.76,77591-43-6,CC(C)c1ccc(NC(=O)N(C)C)cc1,3.3,20,https://doi.org/10.1021/acs.est.4c11950,cyclo,Aromatic & PAHs,"InChI=1S/C12H18N2O/c1-9(2)10-5-7-11(8-6-10)13-12(15)14(3)4/h5-9H,1-4H3,(H,13,15)",PUIYMUZLKQOUOZ-UHFFFAOYSA-N
3267,isoproturon,9.755874856,34123-59-6,CC(C)C1=CC=C(C=C1)NC(=O)N(C)C,,,https://doi.org/10.1021/acsestengg.5c00532,alkane,Aliphatic hydrocarbons,"InChI=1S/C12H18N2O/c1-9(2)10-5-7-11(8-6-10)13-12(15)14(3)4/h5-9H,1-4H3,(H,13,15)",PUIYMUZLKQOUOZ-UHFFFAOYSA-N
3268,isoproturon,9.9,77591-43-6,CC(C)c1ccc(NC(=O)N(C)C)cc1,7,25,https://doi.org/10.1021/acs.est.4c11950,cyclo,Aromatic & PAHs,"InChI=1S/C12H18N2O/c1-9(2)10-5-7-11(8-6-10)13-12(15)14(3)4/h5-9H,1-4H3,(H,13,15)",PUIYMUZLKQOUOZ-UHFFFAOYSA-N
3269,isouramil,9.7,3914-34-9,NC1=C(O)C(=O)NC(=O)N1,7,25,https://doi.org/10.1021/acs.est.4c11950,halogenated,Halogenated organics,"InChI=1S/C4H5N3O3/c5-2-1(8)3(9)7-4(10)6-2/h8H,(H4,5,6,7,9,10)",SPOYOCCBDWULRZ-UHFFFAOYSA-N
3270,isovalerate ion,9.38,97605-31-7,CC(C)CC(=O)[O-],9,25,NIST,alkane,Aliphatic hydrocarbons,"InChI=1S/C5H10O2/c1-4(2)3-5(6)7/h4H,3H2,1-2H3,(H,6,7)/p-1",GWYFCOCPABKNJV-UHFFFAOYSA-M
3271,isovaleric acid,9.15,87994-84-1,CC(C)CC(O)=O,1,25,https://doi.org/10.1021/acs.est.4c11950,alkane,Aliphatic hydrocarbons,"InChI=1S/C5H10O2/c1-4(2)3-5(6)7/h4H,3H2,1-2H3,(H,6,7)",GWYFCOCPABKNJV-UHFFFAOYSA-N
3272,kaempferol,8.93,915778-43-7,O=c1c(O)c(-c2ccc(O)cc2)oc2cc(O)cc(O)c12,7,25,https://doi.org/10.1021/acs.est.4c11950,alcohol,Oxygenated organics,"InChI=1S/C15H10O6/c16-8-3-1-7(2-4-8)15-14(20)13(19)12-10(18)5-9(17)6-11(12)21-15/h1-6,16-18,20H",IYRMWMYZSQPJKC-UHFFFAOYSA-N
3273,kainic acid,9.390935107,2361304-84-7,C=C(C)[C@H]1CN[C@H](C(=O)O)[C@H]1CC(=O)O,,,https://doi.org/10.1021/acs.est.1c04540,halogenated,Halogenated organics,"InChI=1S/C10H15NO4/c1-5(2)7-4-11-9(10(14)15)6(7)3-8(12)13/h6-7,9,11H,1,3-4H2,2H3,(H,12,13)(H,14,15)/t6-,7+,9-/m0/s1",VLSMHEGGTFMBBZ-OOZYFLPDSA-N
3274,kainic acid,9.39,2361304-84-7,C=C(C)[C@H]1CN[C@H](C(=O)O)[C@H]1CC(=O)O,7,25,https://doi.org/10.1021/acs.est.4c11950,halogenated,Halogenated organics,"InChI=1S/C10H15NO4/c1-5(2)7-4-11-9(10(14)15)6(7)3-8(12)13/h6-7,9,11H,1,3-4H2,2H3,(H,12,13)(H,14,15)/t6-,7+,9-/m0/s1",VLSMHEGGTFMBBZ-OOZYFLPDSA-N
3275,ketomalonate monoanion,7.76,133318-40-8,O=C([O-])C(O)(O)C(=O)[O-],3,25,NIST,halogenated,Halogenated organics,"InChI=1S/C3H4O6/c4-1(5)3(8,9)2(6)7/h8-9H,(H,4,5)(H,6,7)/p-2",VUCKYGJSXHHQOJ-UHFFFAOYSA-L
3276,ketomalonate monoanion,8,133318-40-8,O=C([O-])C(O)(O)C(=O)[O-],9,25,NIST,halogenated,Halogenated organics,"InChI=1S/C3H4O6/c4-1(5)3(8,9)2(6)7/h8-9H,(H,4,5)(H,6,7)/p-2",VUCKYGJSXHHQOJ-UHFFFAOYSA-L
3277,ketoprofen anion,10.2,1261392-46-4,CC(C(=O)O)c1cccc(C(=O)c2ccccc2)c1,7.2,25,NIST,benzene,Aromatic & PAHs,"InChI=1S/C16H14O3/c1-11(16(18)19)13-8-5-9-14(10-13)15(17)12-6-3-2-4-7-12/h2-11H,1H3,(H,18,19)",DKYWVDODHFEZIM-UHFFFAOYSA-N
3278,kynurenine,10.11,74506-33-5,Nc1ccccc1C(=O)CC(N)C(=O)O,7.4,25,NIST,benzene,Aromatic & PAHs,"InChI=1S/C10H12N2O3/c11-7-4-2-1-3-6(7)9(13)5-8(12)10(14)15/h1-4,8H,5,11-12H2,(H,14,15)",YGPSJZOEDVAXAB-UHFFFAOYSA-N
3279,l-Ephedrine,9.361727836,54419-24-8,CN[C@@H](C)[C@H](O)c1ccccc1,,,https://doi.org/10.1021/acs.est.1c04681,benzene,Aromatic & PAHs,"InChI=1S/C10H15NO/c1-8(11-2)10(12)9-6-4-3-5-7-9/h3-8,10-12H,1-2H3/t8-,10-/m0/s1",KWGRBVOPPLSCSI-WPRPVWTQSA-N
3280,l-ephedrine,9.36,54419-24-8,CN[C@@H](C)[C@H](O)c1ccccc1,11,25,NIST,benzene,Aromatic & PAHs,"InChI=1S/C10H15NO/c1-8(11-2)10(12)9-6-4-3-5-7-9/h3-8,10-12H,1-2H3/t8-,10-/m0/s1",KWGRBVOPPLSCSI-WPRPVWTQSA-N
3281,laccase,10,80498-15-3,CC[C@H](C)[C@H](NC(=O)[C@H](CCC(N)=O)NC(=O)[C@H](CCC(=O)O)NC(=O)[C@H](C)NC(=O)[C@H](CC(=O)O)NC(=O)[C@H](CC(=O)O)NC(=O)[C@H](CC(=O)O)NC(=O)[C@@H](NC(=O)[C@H](C)N)C(C)C)C(=O)N1CCC[C@H]1C(=O)O,6,25,NIST,diol,Polyfunctional / highly functionalized,"InChI=1S/C44H69N11O20/c1-7-19(4)34(43(73)55-14-8-9-27(55)44(74)75)54-38(68)22(10-12-28(46)56)49-37(67)23(11-13-29(57)58)48-36(66)21(6)47-39(69)24(15-30(59)60)50-40(70)25(16-31(61)62)51-41(71)26(17-32(63)64)52-42(72)33(18(2)3)53-35(65)20(5)45/h18-27,33-34H,7-17,45H2,1-6H3,(H2,46,56)(H,47,69)(H,48,66)(H,49,67)(H,50,70)(H,51,71)(H,52,72)(H,53,65)(H,54,68)(H,57,58)(H,59,60)(H,61,62)(H,63,64)(H,74,75)/t19-,20-,21-,22-,23-,24-,25-,26-,27-,33-,34-/m0/s1",AYXDLUGNBPVAHO-VZWDUYIWSA-N
3282,lactate,9.08,110777-33-8,CC(O)C(=O)[O-],9,25,NIST,alkane,Aliphatic hydrocarbons,"InChI=1S/C3H6O3/c1-2(4)3(5)6/h2,4H,1H3,(H,5,6)/p-1",JVTAAEKCZFNVCJ-UHFFFAOYSA-M
3283,lactate,8.89,110777-33-8,CC(O)C(=O)[O-],3.6,25,https://doi.org/10.1021/acs.est.4c11950,alkane,Aliphatic hydrocarbons,"InChI=1S/C3H6O3/c1-2(4)3(5)6/h2,4H,1H3,(H,5,6)/p-1",JVTAAEKCZFNVCJ-UHFFFAOYSA-M
3284,lactate,8.48,110777-33-8,CC(O)C(=O)[O-],11,25,NIST,alkane,Aliphatic hydrocarbons,"InChI=1S/C3H6O3/c1-2(4)3(5)6/h2,4H,1H3,(H,5,6)/p-1",JVTAAEKCZFNVCJ-UHFFFAOYSA-M
3285,lactic acid,8.633468456,50-21-5,CC(C(=O)O)O,,,https://doi.org/10.1021/acsestengg.5c00212,alkane,Aliphatic hydrocarbons,"InChI=1S/C3H6O3/c1-2(4)3(5)6/h2,4H,1H3,(H,5,6)",JVTAAEKCZFNVCJ-UHFFFAOYSA-N
3286,lactic acid,8.63,10326-41-7,CC(O)C(O)=O,7,25,https://doi.org/10.1021/acs.est.4c11950,alkane,Aliphatic hydrocarbons,"InChI=1S/C3H6O3/c1-2(4)3(5)6/h2,4H,1H3,(H,5,6)",JVTAAEKCZFNVCJ-UHFFFAOYSA-N
3287,lactic acid,8.72,10326-41-7,CC(O)C(O)=O,6,25,https://doi.org/10.1021/acs.est.4c11950,alkane,Aliphatic hydrocarbons,"InChI=1S/C3H6O3/c1-2(4)3(5)6/h2,4H,1H3,(H,5,6)",JVTAAEKCZFNVCJ-UHFFFAOYSA-N
3288,lactic acid,8.63,10326-41-7,CC(O)C(O)=O,1,25,NIST,alkane,Aliphatic hydrocarbons,"InChI=1S/C3H6O3/c1-2(4)3(5)6/h2,4H,1H3,(H,5,6)",JVTAAEKCZFNVCJ-UHFFFAOYSA-N
3289,lactic acid,8.633468456,10326-41-7,CC(O)C(=O)O,,,https://doi.org/10.1021/acs.est.1c05097,alkane,Aliphatic hydrocarbons,"InChI=1S/C3H6O3/c1-2(4)3(5)6/h2,4H,1H3,(H,5,6)",JVTAAEKCZFNVCJ-UHFFFAOYSA-N
3290,lactose,9.49,10039-26-6,OC[C@H]1OC(O)[C@H](O)[C@@H](O)[C@@H]1O[C@@H]1O[C@H](CO)[C@H](O)[C@H](O)[C@H]1O,7,25,https://doi.org/10.1021/acs.est.4c11950,diol,Polyfunctional / highly functionalized,"InChI=1S/C12H22O11/c13-1-3-5(15)6(16)9(19)12(22-3)23-10-4(2-14)21-11(20)8(18)7(10)17/h3-20H,1-2H2/t3-,4-,5+,6+,7-,8-,9-,10-,11?,12+/m1/s1",GUBGYTABKSRVRQ-QKKXKWKRSA-N
3291,levofloxacin,9.88,1797099-76-3,CC1COc2c(N3CCN(C)CC3)c(F)cc3c(=O)c(C(=O)O)cn1c23,7,25,https://doi.org/10.1021/acs.est.4c11950,alcohol,Oxygenated organics,"InChI=1S/C18H20FN3O4/c1-10-9-26-17-14-11(16(23)12(18(24)25)8-22(10)14)7-13(19)15(17)21-5-3-20(2)4-6-21/h7-8,10H,3-6,9H2,1-2H3,(H,24,25)",GSDSWSVVBLHKDQ-UHFFFAOYSA-N
3292,lidocaine,10.2,1247567-34-5,CCN(CC)CC(=O)Nc1c(C)cccc1C,7.4,25,NIST,benzene,Aromatic & PAHs,"InChI=1S/C14H22N2O/c1-5-16(6-2)10-13(17)15-14-11(3)8-7-9-12(14)4/h7-9H,5-6,10H2,1-4H3,(H,15,17)",NNJVILVZKWQKPM-UHFFFAOYSA-N
3293,lincomycin,9.93,145920-50-9,CCC[C@@H]1C[C@@H](C(=O)N[C@H]([C@@H](C)O)[C@H]2O[C@H](SC)[C@H](O)[C@@H](O)[C@H]2O)N(C)C1,7,25,https://doi.org/10.1021/acs.est.4c11950,diol,Polyfunctional / highly functionalized,"InChI=1S/C18H34N2O6S/c1-5-6-10-7-11(20(3)8-10)17(25)19-12(9(2)21)16-14(23)13(22)15(24)18(26-16)27-4/h9-16,18,21-24H,5-8H2,1-4H3,(H,19,25)/t9-,10-,11+,12-,13+,14-,15-,16-,18-/m1/s1",OJMMVQQUTAEWLP-KIDUDLJLSA-N
3294,linoleate ion,9.96,1509-85-9,CCCCC/C=C\C/C=C\CCCCCCCC(=O)[O-],7,25,NIST,alkane,Aliphatic hydrocarbons,"InChI=1S/C18H32O2/c1-2-3-4-5-6-7-8-9-10-11-12-13-14-15-16-17-18(19)20/h6-7,9-10H,2-5,8,11-17H2,1H3,(H,19,20)/p-1/b7-6-,10-9-",OYHQOLUKZRVURQ-HZJYTTRNSA-M
3295,linolenate ion,9.86,1156505-92-8,CC/C=C\C/C=C\C/C=C\CCCCCCCC(=O)O,7,25,NIST,alkane,Aliphatic hydrocarbons,"InChI=1S/C18H30O2/c1-2-3-4-5-6-7-8-9-10-11-12-13-14-15-16-17-18(19)20/h3-4,6-7,9-10H,2,5,8,11-17H2,1H3,(H,19,20)/b4-3-,7-6-,10-9-",DTOSIQBPPRVQHS-PDBXOOCHSA-N
3296,linuron,9.75,8070-92-6,CON(C)C(=O)Nc1ccc(Cl)c(Cl)c1,3.3,20,https://doi.org/10.1021/acs.est.4c11950,amide,Nitrogen-containing organics,"InChI=1S/C9H10Cl2N2O2/c1-13(15-2)9(14)12-6-3-4-7(10)8(11)5-6/h3-5H,1-2H3,(H,12,14)",XKJMBINCVNINCA-UHFFFAOYSA-N
3297,linuron,9.812913357,330-55-2,CN(C(=O)NC1=CC(=C(C=C1)Cl)Cl)OC,,,https://doi.org/10.1021/acsestengg.5c00530,alcohol,Oxygenated organics,"InChI=1S/C9H10Cl2N2O2/c1-13(15-2)9(14)12-6-3-4-7(10)8(11)5-6/h3-5H,1-2H3,(H,12,14)",XKJMBINCVNINCA-UHFFFAOYSA-N
3298,lomefloxacin,9.91,195259-11-1,CCn1cc(C(=O)O)c(=O)c2cc(F)c(N3CCNC(C)C3)c(F)c21,7,25,https://doi.org/10.1021/acs.est.4c11950,cyclo,Aromatic & PAHs,"InChI=1S/C17H19F2N3O3/c1-3-21-8-11(17(24)25)16(23)10-6-12(18)15(13(19)14(10)21)22-5-4-20-9(2)7-22/h6,8-9,20H,3-5,7H2,1-2H3,(H,24,25)",ZEKZLJVOYLTDKK-UHFFFAOYSA-N
3299,luminol,9.94,134459-06-6,Nc1cccc2c(=O)[nH][nH]c(=O)c12,9.5,25,NIST,cyclo,Aromatic & PAHs,"InChI=1S/C8H7N3O2/c9-5-3-1-2-4-6(5)8(13)11-10-7(4)12/h1-3H,9H2,(H,10,12)(H,11,13)",HWYHZTIRURJOHG-UHFFFAOYSA-N
3300,luminol,9.95,134459-06-6,Nc1cccc2c(=O)[nH][nH]c(=O)c12,11,25,NIST,cyclo,Aromatic & PAHs,"InChI=1S/C8H7N3O2/c9-5-3-1-2-4-6(5)8(13)11-10-7(4)12/h1-3H,9H2,(H,10,12)(H,11,13)",HWYHZTIRURJOHG-UHFFFAOYSA-N
3301,lysine,8.89,56-87-1,NCCCC[C@H](N)C(=O)O,2,25,NIST,halogenated,Halogenated organics,"InChI=1S/C6H14N2O2/c7-4-2-1-3-5(8)6(9)10/h5H,1-4,7-8H2,(H,9,10)/t5-/m0/s1",KDXKERNSBIXSRK-YFKPBYRVSA-N
3302,lysine,8.54,56-87-1,NCCCC[C@H](N)C(=O)O,6.6,25,NIST,halogenated,Halogenated organics,"InChI=1S/C6H14N2O2/c7-4-2-1-3-5(8)6(9)10/h5H,1-4,7-8H2,(H,9,10)/t5-/m0/s1",KDXKERNSBIXSRK-YFKPBYRVSA-N
3303,lysine vasopressin,10.15,32472-43-8,NCCCCC(NC(=O)C1CCCN1C(=O)C1CSSCC(N)C(=O)NC(Cc2ccc(O)cc2)C(=O)NC(Cc2ccccc2)C(=O)NC(CCC(N)=O)C(=O)NC(CC(N)=O)C(=O)N1)C(=O)NCC(N)=O,6,25,NIST,diol,Polyfunctional / highly functionalized,"InChI=1S/C46H65N13O12S2/c47-17-5-4-9-29(40(65)52-22-38(51)63)54-45(70)35-10-6-18-59(35)46(71)34-24-73-72-23-28(48)39(64)55-31(20-26-11-13-27(60)14-12-26)43(68)56-32(19-25-7-2-1-3-8-25)42(67)53-30(15-16-36(49)61)41(66)57-33(21-37(50)62)44(69)58-34/h1-3,7-8,11-14,28-35,60H,4-6,9-10,15-24,47-48H2,(H2,49,61)(H2,50,62)(H2,51,63)(H,52,65)(H,53,67)(H,54,70)(H,55,64)(H,56,68)(H,57,66)(H,58,69)",BJFIDCADFRDPIO-UHFFFAOYSA-N
3304,lysozyme,10.61,9066-59-5,CCC(C)C(NC(=O)CNC(=O)C(Cc1ccc(O)cc1)NC(=O)C(CC(=O)O)NC(=O)C(NC(=O)C(CO)NC(=O)CNC(=O)C(CC(=O)O)NC(=O)C(NC(=O)C(N)CC(N)=O)C(C)O)C(C)O)C(=O)NC(CC(C)C)C(=O)NC(CCC(N)=O)C(=O)NC(C(=O)NC(CC(N)=O)C(=O)NC(CO)C(=O)NC(CCCNC(=N)N)C(=O)O)C(C)CC,7,25,NIST,diol,Polyfunctional / highly functionalized,"InChI=1S/C72H116N22O29/c1-9-31(5)54(67(118)86-40(20-30(3)4)62(113)83-38(17-18-47(74)100)61(112)92-55(32(6)10-2)68(119)87-42(23-49(76)102)63(114)90-46(29-96)65(116)84-39(71(122)123)12-11-19-79-72(77)78)91-51(104)27-81-59(110)41(21-35-13-15-36(99)16-14-35)85-64(115)44(25-53(107)108)89-70(121)57(34(8)98)94-66(117)45(28-95)82-50(103)26-80-60(111)43(24-52(105)106)88-69(120)56(33(7)97)93-58(109)37(73)22-48(75)101/h13-16,30-34,37-46,54-57,95-99H,9-12,17-29,73H2,1-8H3,(H2,74,100)(H2,75,101)(H2,76,102)(H,80,111)(H,81,110)(H,82,103)(H,83,113)(H,84,116)(H,85,115)(H,86,118)(H,87,119)(H,88,120)(H,89,121)(H,90,114)(H,91,104)(H,92,112)(H,93,109)(H,94,117)(H,105,106)(H,107,108)(H,122,123)(H4,77,78,79)",HYXXBINWGPYLTQ-UHFFFAOYSA-N
3305,lysozyme,10.72,9066-59-5,CCC(C)C(NC(=O)CNC(=O)C(Cc1ccc(O)cc1)NC(=O)C(CC(=O)O)NC(=O)C(NC(=O)C(CO)NC(=O)CNC(=O)C(CC(=O)O)NC(=O)C(NC(=O)C(N)CC(N)=O)C(C)O)C(C)O)C(=O)NC(CC(C)C)C(=O)NC(CCC(N)=O)C(=O)NC(C(=O)NC(CC(N)=O)C(=O)NC(CO)C(=O)NC(CCCNC(=N)N)C(=O)O)C(C)CC,5.6,25,NIST,diol,Polyfunctional / highly functionalized,"InChI=1S/C72H116N22O29/c1-9-31(5)54(67(118)86-40(20-30(3)4)62(113)83-38(17-18-47(74)100)61(112)92-55(32(6)10-2)68(119)87-42(23-49(76)102)63(114)90-46(29-96)65(116)84-39(71(122)123)12-11-19-79-72(77)78)91-51(104)27-81-59(110)41(21-35-13-15-36(99)16-14-35)85-64(115)44(25-53(107)108)89-70(121)57(34(8)98)94-66(117)45(28-95)82-50(103)26-80-60(111)43(24-52(105)106)88-69(120)56(33(7)97)93-58(109)37(73)22-48(75)101/h13-16,30-34,37-46,54-57,95-99H,9-12,17-29,73H2,1-8H3,(H2,74,100)(H2,75,101)(H2,76,102)(H,80,111)(H,81,110)(H,82,103)(H,83,113)(H,84,116)(H,85,115)(H,86,118)(H,87,119)(H,88,120)(H,89,121)(H,90,114)(H,91,104)(H,92,112)(H,93,109)(H,94,117)(H,105,106)(H,107,108)(H,122,123)(H4,77,78,79)",HYXXBINWGPYLTQ-UHFFFAOYSA-N
3306,m-xylene,9.88,116601-58-2,Cc1cccc(C)c1,7,25,NIST,benzene,Aromatic & PAHs,"InChI=1S/C8H10/c1-7-4-3-5-8(2)6-7/h3-6H,1-2H3",IVSZLXZYQVIEFR-UHFFFAOYSA-N
3307,m-xylene,9.875061263,108-38-3,CC1=CC(=CC=C1)C,,,https://doi.org/10.1021/acsestengg.5c00446,alkane,Aliphatic hydrocarbons,"InChI=1S/C8H10/c1-7-4-3-5-8(2)6-7/h3-6H,1-2H3",IVSZLXZYQVIEFR-UHFFFAOYSA-N
3308,malathion,9.589949601,347841-48-9,CCOC(=O)CC(SP(=S)(OC)OC)C(=O)OCC,,,https://doi.org/10.1021/acs.est.1c05118,diol,Polyfunctional / highly functionalized,"InChI=1S/C10H19O6PS2/c1-5-15-9(11)7-8(10(12)16-6-2)19-17(18,13-3)14-4/h8H,5-7H2,1-4H3",JXSJBGJIGXNWCI-UHFFFAOYSA-N
3309,malathion,9.59,347841-48-9,CCOC(=O)CC(SP(=S)(OC)OC)C(=O)OCC,7,25,https://doi.org/10.1021/acs.est.4c11950,diol,Polyfunctional / highly functionalized,"InChI=1S/C10H19O6PS2/c1-5-15-9(11)7-8(10(12)16-6-2)19-17(18,13-3)14-4/h8H,5-7H2,1-4H3",JXSJBGJIGXNWCI-UHFFFAOYSA-N
3310,maleic acid,9.77815125,28265-35-2,O=C(O)/C=C\C(=O)O,,,https://doi.org/10.1021/acs.est.1c04933,halogenated,Halogenated organics,"InChI=1S/C4H4O4/c5-3(6)1-2-4(7)8/h1-2H,(H,5,6)(H,7,8)/b2-1-",VZCYOOQTPOCHFL-UPHRSURJSA-N
3311,maleic acid,9.78,28265-35-2,OC(=O)\C=C/C(O)=O,7,25,https://doi.org/10.1021/acs.est.4c11950,alcohol,Oxygenated organics,"InChI=1S/C4H4O4/c5-3(6)1-2-4(7)8/h1-2H,(H,5,6)(H,7,8)/b2-1-",VZCYOOQTPOCHFL-UPHRSURJSA-N
3312,maleic acid,9.77815125,110-16-7,C(=C\C(=O)O)\C(=O)O,,,https://doi.org/10.1021/acsestengg.5c00365,halogenated,Halogenated organics,"InChI=1S/C4H4O4/c5-3(6)1-2-4(7)8/h1-2H,(H,5,6)(H,7,8)/b2-1-",VZCYOOQTPOCHFL-UPHRSURJSA-N
3313,maleic hydrazide,9.62,883838-46-8,O=c1ccc(=O)[nH][nH]1,11,25,NIST,halogenated,Halogenated organics,"InChI=1S/C4H4N2O2/c7-3-1-2-4(8)6-5-3/h1-2H,(H,5,7)(H,6,8)",BGRDGMRNKXEXQD-UHFFFAOYSA-N
3314,maleic hydrazide,9.46,883838-46-8,NNC(=O)\C=C/C(O)=O,3.5,25,https://doi.org/10.1021/acs.est.4c11950,halogenated,Halogenated organics,"InChI=1S/C4H6N2O3/c5-6-3(7)1-2-4(8)9/h1-2H,5H2,(H,6,7)(H,8,9)/b2-1-",FOWAVPREFGTTQS-UPHRSURJSA-N
3315,maleic hydrazide,9.56,883838-46-8,O=c1ccc(=O)[nH][nH]1,7,25,NIST,halogenated,Halogenated organics,"InChI=1S/C4H4N2O2/c7-3-1-2-4(8)6-5-3/h1-2H,(H,5,7)(H,6,8)",BGRDGMRNKXEXQD-UHFFFAOYSA-N
3316,malic acid,8.913813852,636-61-3,O=C(O)CC(O)C(=O)O,,,https://doi.org/10.1021/acs.est.1c04581,halogenated,Halogenated organics,"InChI=1S/C4H6O5/c5-2(4(8)9)1-3(6)7/h2,5H,1H2,(H,6,7)(H,8,9)",BJEPYKJPYRNKOW-UHFFFAOYSA-N
3317,malic acid,8.81,636-61-3,OC(CC(O)=O)C(O)=O,2,25,NIST,diol,Polyfunctional / highly functionalized,"InChI=1S/C4H6O5/c5-2(4(8)9)1-3(6)7/h2,5H,1H2,(H,6,7)(H,8,9)",BJEPYKJPYRNKOW-UHFFFAOYSA-N
3318,malic acid,8.91,636-61-3,OC(CC(O)=O)C(O)=O,7,25,https://doi.org/10.1021/acs.est.4c11950,diol,Polyfunctional / highly functionalized,"InChI=1S/C4H6O5/c5-2(4(8)9)1-3(6)7/h2,5H,1H2,(H,6,7)(H,8,9)",BJEPYKJPYRNKOW-UHFFFAOYSA-N
3319,malic acid,8.913813852,6915-15-7,C(C(C(=O)O)O)C(=O)O,,,https://doi.org/10.1021/acsestengg.5c00226,diol,Polyfunctional / highly functionalized,"InChI=1S/C4H6O5/c5-2(4(8)9)1-3(6)7/h2,5H,1H2,(H,6,7)(H,8,9)",BJEPYKJPYRNKOW-UHFFFAOYSA-N
3320,malonate ion,8.2,156-80-9,[O-]C(=O)CC([O-])=O,9,25,"Ervens et al., 2003/NIST",halogenated,Halogenated organics,"InChI=1S/C3H4O4/c4-2(5)1-3(6)7/h1H2,(H,4,5)(H,6,7)/p-2",OFOBLEOULBTSOW-UHFFFAOYSA-L
3321,malonate ion,8.48,156-80-9,[O-]C(=O)CC([O-])=O,7,25,NIST,halogenated,Halogenated organics,"InChI=1S/C3H4O4/c4-2(5)1-3(6)7/h1H2,(H,4,5)(H,6,7)/p-2",OFOBLEOULBTSOW-UHFFFAOYSA-L
3322,malonic acid,7.38,55514-11-9,OC(=O)CC(O)=O,2,25,https://doi.org/10.1021/acs.est.4c11950,alcohol,Oxygenated organics,"InChI=1S/C3H4O4/c4-2(5)1-3(6)7/h1H2,(H,4,5)(H,6,7)",OFOBLEOULBTSOW-UHFFFAOYSA-N
3323,malonic acid,7.380211242,55514-11-9,O=C(O)CC(=O)O,,,https://doi.org/10.1021/acs.est.1c04791,halogenated,Halogenated organics,"InChI=1S/C3H4O4/c4-2(5)1-3(6)7/h1H2,(H,4,5)(H,6,7)",OFOBLEOULBTSOW-UHFFFAOYSA-N
3324,malonic acid,7.2,55514-11-9,OC(=O)CC(O)=O,1,25,https://doi.org/10.1021/acs.est.4c11950,alcohol,Oxygenated organics,"InChI=1S/C3H4O4/c4-2(5)1-3(6)7/h1H2,(H,4,5)(H,6,7)",OFOBLEOULBTSOW-UHFFFAOYSA-N
3325,malonic acid,7.380211242,141-82-2,C(C(=O)O)C(=O)O,,,https://doi.org/10.1021/acsestengg.5c00216,halogenated,Halogenated organics,"InChI=1S/C3H4O4/c4-2(5)1-3(6)7/h1H2,(H,4,5)(H,6,7)",OFOBLEOULBTSOW-UHFFFAOYSA-N
3326,maltose,9.56,81295-47-8,OCC1OC(OC2C(CO)OC(O)C(O)C2O)C(O)C(O)C1O,6.5,25,NIST,diol,Polyfunctional / highly functionalized,"InChI=1S/C12H22O11/c13-1-3-5(15)6(16)9(19)12(22-3)23-10-4(2-14)21-11(20)8(18)7(10)17/h3-20H,1-2H2",GUBGYTABKSRVRQ-UHFFFAOYSA-N
3327,mannitol,9.28,9001-65-4,OCC(O)C(O)C(O)C(O)CO,7.5,25,NIST,alcohol,Oxygenated organics,"InChI=1S/C6H14O6/c7-1-3(9)5(11)6(12)4(10)2-8/h3-12H,1-2H2",FBPFZTCFMRRESA-UHFFFAOYSA-N
3328,mannitol,9.27,9001-65-4,OCC(O)C(O)C(O)C(O)CO,7.4,25,NIST,alcohol,Oxygenated organics,"InChI=1S/C6H14O6/c7-1-3(9)5(11)6(12)4(10)2-8/h3-12H,1-2H2",FBPFZTCFMRRESA-UHFFFAOYSA-N
3329,mannitol,9.26,9001-65-4,OCC(O)C(O)C(O)C(O)CO,7,25,NIST,alcohol,Oxygenated organics,"InChI=1S/C6H14O6/c7-1-3(9)5(11)6(12)4(10)2-8/h3-12H,1-2H2",FBPFZTCFMRRESA-UHFFFAOYSA-N
3330,marbofloxacin,9.96,194023-72-8,CN1CCN(c2c(F)cc3c(=O)c(C(=O)O)cn4c3c2OCN4C)CC1,7,25,https://doi.org/10.1021/acs.est.4c11950,alcohol,Oxygenated organics,"InChI=1S/C17H19FN4O4/c1-19-3-5-21(6-4-19)14-12(18)7-10-13-16(14)26-9-20(2)22(13)8-11(15(10)23)17(24)25/h7-8H,3-6,9H2,1-2H3,(H,24,25)",BPFYOAJNDMUVBL-UHFFFAOYSA-N
3331,melatonin,10.12,615251-68-8,COc1ccc2[nH]cc(CCNC(C)=O)c2c1,7,25,https://doi.org/10.1021/acs.est.4c11950,alcohol,Oxygenated organics,"InChI=1S/C13H16N2O2/c1-9(16)14-6-5-10-8-15-13-4-3-11(17-2)7-12(10)13/h3-4,7-8,15H,5-6H2,1-2H3,(H,14,16)",DRLFMBDRBRZALE-UHFFFAOYSA-N
3332,melibiose,9.58,9055-24-7,OCC1OC(OCC2OC(O)C(O)C(O)C2O)C(O)C(O)C1O,6.5,25,NIST,diol,Polyfunctional / highly functionalized,"InChI=1S/C12H22O11/c13-1-3-5(14)8(17)10(19)12(23-3)21-2-4-6(15)7(16)9(18)11(20)22-4/h3-20H,1-2H2",DLRVVLDZNNYCBX-UHFFFAOYSA-N
3333,mercapto ethanol,9.832508913,60-24-2,C(CS)O,,,https://doi.org/10.1021/acsestengg.5c00270,halogenated,Halogenated organics,"InChI=1S/C2H6OS/c3-1-2-4/h3-4H,1-2H2",DGVVWUTYPXICAM-UHFFFAOYSA-N
3334,mercapto ethanol,9.833147112,89136-87-8,CC(O)S,,,https://doi.org/10.1021/acs.est.1c04648,"sulfide, disulfide",Sulfur-containing organics,"InChI=1S/C2H6OS/c1-2(3)4/h2-4H,1H3",GHKCSRZBNZQHKW-UHFFFAOYSA-N
3335,mercaptoacetic acid,9.08,53608-19-8,OC(=O)CS,1,25,https://doi.org/10.1021/acs.est.4c11950,"sulfide, disulfide",Sulfur-containing organics,"InChI=1S/C2H4O2S/c3-2(4)1-5/h5H,1H2,(H,3,4)",CWERGRDVMFNCDR-UHFFFAOYSA-N
3336,mercaptoacetic acid,9.079181246,68-11-1,C(C(=O)O)S,,,https://doi.org/10.1021/acsestengg.5c00271,"sulfide, disulfide",Sulfur-containing organics,"InChI=1S/C2H4O2S/c3-2(4)1-5/h5H,1H2,(H,3,4)",CWERGRDVMFNCDR-UHFFFAOYSA-N
3337,mercaptoethanol,9.83,114355-50-9,CC(O)S,6.5,25,https://doi.org/10.1021/acs.est.4c11950,"sulfide, disulfide",Sulfur-containing organics,"InChI=1S/C2H6OS/c1-2(3)4/h2-4H,1H3",GHKCSRZBNZQHKW-UHFFFAOYSA-N
3338,meso-tetrakis(N-methyl-4-pyridiniumyl)porphine Fe(III) complex,10.36,90384-82-0,C[n+]1ccc(-c2c3nc(c(-c4cc[n+](C)cc4)c4ccc([n-]4)c(-c4cc[n+](C)cc4)c4ccc([n-]4)c(-c4cc[n+](C)cc4)c4nc2C=C4)C=C3)cc1.[Fe+3],11,25,NIST,halogenated,Halogenated organics,"InChI=1S/C44H36N8.Fe/c1-49-21-13-29(14-22-49)41-33-5-7-35(45-33)42(30-15-23-50(2)24-16-30)37-9-11-39(47-37)44(32-19-27-52(4)28-20-32)40-12-10-38(48-40)43(36-8-6-34(41)46-36)31-17-25-51(3)26-18-31;/h5-28H,1-4H3;/q+2;+3",KPPUTYQVYHFIFJ-UHFFFAOYSA-N
3339,metalamet,10,,CSCC[C@H](N)C(=O)N[C@@H](C)C(=O)N[C@@H](CCSC)C(=O)O,1,25,NIST,"sulfide, disulfide",Sulfur-containing organics,"InChI=1S/C13H25N3O4S2/c1-8(15-12(18)9(14)4-6-21-2)11(17)16-10(13(19)20)5-7-22-3/h8-10H,4-7,14H2,1-3H3,(H,15,18)(H,16,17)(H,19,20)/t8-,9-,10-/m0/s1",VTKPSXWRUGCOAC-GUBZILKMSA-N
3340,metallothionein,12.26,9038-94-2,C[C@H](N=C(O)CN=C(O)[C@H](CO)N=C(O)[C@H](CS)N=C(O)CN=C(O)C(CS)N=C(O)C(CC(=O)O)N=C(O)CN)C(O)=N[C@@H](CO)C(O)=N[C@@H](CO)C(O)=N[C@@H](CS)C(O)=N[C@H](C(O)=N[C@@H](CS)C(O)=N[C@@H](C)C(O)=N[C@@H](CO)C(O)=NCC(O)=N[C@@H](CCC(=N)O)C(O)=NC(CS)C(O)=N[C@@H](C(O)=N[C@H](CS)C(O)=N[C@H](CO)C(O)=NCC(O)=N[C@H](CS)C(O)=NCC(O)=N[C@H](CCCCN)C(=O)O)[C@H](C)O)[C@H](C)O,8,25,NIST,diol,Polyfunctional / highly functionalized,"InChI=1S/C77H129N27O36S7/c1-30(86-51(114)13-81-62(124)38(19-106)95-71(133)44(25-143)92-55(118)17-85-65(127)43(24-142)98-67(129)36(11-56(119)120)90-50(113)12-79)59(121)94-40(21-108)68(130)97-41(22-109)69(131)100-48(29-147)74(136)104-57(32(3)110)75(137)101-45(26-144)70(132)87-31(2)60(122)93-37(18-105)61(123)82-14-52(115)88-34(8-9-49(80)112)66(128)99-47(28-146)73(135)103-58(33(4)111)76(138)102-46(27-145)72(134)96-39(20-107)63(125)83-16-54(117)91-42(23-141)64(126)84-15-53(116)89-35(77(139)140)7-5-6-10-78/h30-48,57-58,105-111,141-147H,5-29,78-79H2,1-4H3,(H2,80,112)(H,81,124)(H,82,123)(H,83,125)(H,84,126)(H,85,127)(H,86,114)(H,87,132)(H,88,115)(H,89,116)(H,90,113)(H,91,117)(H,92,118)(H,93,122)(H,94,121)(H,95,133)(H,96,134)(H,97,130)(H,98,129)(H,99,128)(H,100,131)(H,101,137)(H,102,138)(H,103,135)(H,104,136)(H,119,120)(H,139,140)/t30-,31-,32-,33-,34-,35+,36?,37-,38-,39+,40-,41-,42+,43?,44-,45-,46+,47?,48-,57-,58+/m0/s1",DIGQNXIGRZPYDK-WKSCXVIASA-N
3341,metallothionein,12,9038-94-2,C[C@H](N=C(O)CN=C(O)[C@H](CO)N=C(O)[C@H](CS)N=C(O)CN=C(O)C(CS)N=C(O)C(CC(=O)O)N=C(O)CN)C(O)=N[C@@H](CO)C(O)=N[C@@H](CO)C(O)=N[C@@H](CS)C(O)=N[C@H](C(O)=N[C@@H](CS)C(O)=N[C@@H](C)C(O)=N[C@@H](CO)C(O)=NCC(O)=N[C@@H](CCC(=N)O)C(O)=NC(CS)C(O)=N[C@@H](C(O)=N[C@H](CS)C(O)=N[C@H](CO)C(O)=NCC(O)=N[C@H](CS)C(O)=NCC(O)=N[C@H](CCCCN)C(=O)O)[C@H](C)O)[C@H](C)O,7,25,NIST,diol,Polyfunctional / highly functionalized,"InChI=1S/C77H129N27O36S7/c1-30(86-51(114)13-81-62(124)38(19-106)95-71(133)44(25-143)92-55(118)17-85-65(127)43(24-142)98-67(129)36(11-56(119)120)90-50(113)12-79)59(121)94-40(21-108)68(130)97-41(22-109)69(131)100-48(29-147)74(136)104-57(32(3)110)75(137)101-45(26-144)70(132)87-31(2)60(122)93-37(18-105)61(123)82-14-52(115)88-34(8-9-49(80)112)66(128)99-47(28-146)73(135)103-58(33(4)111)76(138)102-46(27-145)72(134)96-39(20-107)63(125)83-16-54(117)91-42(23-141)64(126)84-15-53(116)89-35(77(139)140)7-5-6-10-78/h30-48,57-58,105-111,141-147H,5-29,78-79H2,1-4H3,(H2,80,112)(H,81,124)(H,82,123)(H,83,125)(H,84,126)(H,85,127)(H,86,114)(H,87,132)(H,88,115)(H,89,116)(H,90,113)(H,91,117)(H,92,118)(H,93,122)(H,94,121)(H,95,133)(H,96,134)(H,97,130)(H,98,129)(H,99,128)(H,100,131)(H,101,137)(H,102,138)(H,103,135)(H,104,136)(H,119,120)(H,139,140)/t30-,31-,32-,33-,34-,35+,36?,37-,38-,39+,40-,41-,42+,43?,44-,45-,46+,47?,48-,57-,58+/m0/s1",DIGQNXIGRZPYDK-WKSCXVIASA-N
3342,metglymet,10.04,,CSCC[C@H](N)C(=O)NCC(=O)N[C@@H](CCSC)C(=O)O,1,25,NIST,"sulfide, disulfide",Sulfur-containing organics,"InChI=1S/C12H23N3O4S2/c1-20-5-3-8(13)11(17)14-7-10(16)15-9(12(18)19)4-6-21-2/h8-9H,3-7,13H2,1-2H3,(H,14,17)(H,15,16)(H,18,19)/t8-,9-/m0/s1",UZVKFARGHHMQGX-IUCAKERBSA-N
3343,methacrolein,9.176091259,5077-73-6,C=C(C)C=O,,,https://doi.org/10.1021/acs.est.1c05174,halogenated,Halogenated organics,"InChI=1S/C4H6O/c1-4(2)3-5/h3H,1H2,2H3",STNJBCKSHOAVAJ-UHFFFAOYSA-N
3344,methacrolein,9.18,5077-73-6,C=C(C)C=O,7,25,https://doi.org/10.1021/acs.est.4c11950,halogenated,Halogenated organics,"InChI=1S/C4H6O/c1-4(2)3-5/h3H,1H2,2H3",STNJBCKSHOAVAJ-UHFFFAOYSA-N
3345,methacrylamide,10.11,393110-04-8,C=C(C)C(N)=O,7,25,NIST,halogenated,Halogenated organics,"InChI=1S/C4H7NO/c1-3(2)4(5)6/h1H2,2H3,(H2,5,6)",FQPSGWSUVKBHSU-UHFFFAOYSA-N
3346,methacrylate ion,10.26,18358-13-9,C=C(C)C(=O)[O-],7,25,NIST,halogenated,Halogenated organics,"InChI=1S/C4H6O2/c1-3(2)4(5)6/h1H2,2H3,(H,5,6)/p-1",CERQOIWHTDAKMF-UHFFFAOYSA-M
3347,methacrylonitrile,10.07918125,32376-01-5,C=C(C)C#N,,,https://doi.org/10.1021/acs.est.4c11950,halogenated,Halogenated organics,"InChI=1S/C4H5N/c1-4(2)3-5/h1H2,2H3",GYCMBHHDWRMZGG-UHFFFAOYSA-N
3348,methacrylonitrile,10.08,32376-01-5,CC(=C)C#N,7,25,https://doi.org/10.1021/acs.est.4c11950,alkane,Aliphatic hydrocarbons,"InChI=1S/C4H5N/c1-4(2)3-5/h1H2,2H3",GYCMBHHDWRMZGG-UHFFFAOYSA-N
3349,methacrylonitrile,10.07918125,126-98-7,CC(=C)C#N,,,https://doi.org/10.1021/acsestengg.5c00377,alkane,Aliphatic hydrocarbons,"InChI=1S/C4H5N/c1-4(2)3-5/h1H2,2H3",GYCMBHHDWRMZGG-UHFFFAOYSA-N
3350,methane,8.079181246,15112-21-7,C,,,https://doi.org/10.1021/acs.est.1c05121,alkane,Aliphatic hydrocarbons,InChI=1S/CH4/h1H4,VNWKTOKETHGBQD-UHFFFAOYSA-N
3351,methane,8.08,15112-21-7,C,5.5,25,https://doi.org/10.1021/acs.est.4c11950,alkane,Aliphatic hydrocarbons,InChI=1S/CH4/h1H4,VNWKTOKETHGBQD-UHFFFAOYSA-N
3352,methane,8,15112-21-7,C,7,25,https://doi.org/10.1021/acs.est.4c11950,alkane,Aliphatic hydrocarbons,InChI=1S/CH4/h1H4,VNWKTOKETHGBQD-UHFFFAOYSA-N
3353,methanedisulfonate ion,7.4,20822-56-4,O=S(=O)([O-])CS(=O)(=O)[O-],1.1,25,NIST,"sulfide, disulfide",Sulfur-containing organics,"InChI=1S/CH4O6S2/c2-8(3,4)1-9(5,6)7/h1H2,(H,2,3,4)(H,5,6,7)/p-2",OPUAWDUYWRUIIL-UHFFFAOYSA-L
3354,methanedisulfonate ion,7.63,20822-56-4,O=S(=O)([O-])CS(=O)(=O)[O-],7,25,NIST,"sulfide, disulfide",Sulfur-containing organics,"InChI=1S/CH4O6S2/c2-8(3,4)1-9(5,6)7/h1H2,(H,2,3,4)(H,5,6,7)/p-2",OPUAWDUYWRUIIL-UHFFFAOYSA-L
3355,methanenitronate,9.93,16053-58-0,[CH2-][N+](=O)[O-],10.5,25,https://doi.org/10.1021/acs.est.4c11950,halogenated,Halogenated organics,InChI=1S/CH2NO2/c1-2(3)4/h1H2/q-1,FMXOEQQPVONPBU-UHFFFAOYSA-N
3356,methanesulfonate ion,7.15,16053-58-0,CS(=O)(=O)[O-],8.3,25,NIST,"sulfide, disulfide",Sulfur-containing organics,"InChI=1S/CH4O3S/c1-5(2,3)4/h1H3,(H,2,3,4)/p-1",AFVFQIVMOAPDHO-UHFFFAOYSA-M
3357,methanesulfonate ion,7.08,16053-58-0,CS(=O)(=O)[O-],3.8,25,NIST,"sulfide, disulfide",Sulfur-containing organics,"InChI=1S/CH4O3S/c1-5(2,3)4/h1H3,(H,2,3,4)/p-1",AFVFQIVMOAPDHO-UHFFFAOYSA-M
3358,methanesulfonate ion,7.08,16053-58-0,CS(=O)(=O)[O-],6.4,25,NIST,"sulfide, disulfide",Sulfur-containing organics,"InChI=1S/CH4O3S/c1-5(2,3)4/h1H3,(H,2,3,4)/p-1",AFVFQIVMOAPDHO-UHFFFAOYSA-M
3359,methanesulfonic acid,7.73,2550-62-1,CS(=O)(=O)O,2,25,NIST,"sulfide, disulfide",Sulfur-containing organics,"InChI=1S/CH4O3S/c1-5(2,3)4/h1H3,(H,2,3,4)",AFVFQIVMOAPDHO-UHFFFAOYSA-N
3360,methanol,8.986771734,67-56-1,CO,,,https://doi.org/10.1021/acsestengg.5c00144,halogenated,Halogenated organics,"InChI=1S/CH4O/c1-2/h2H,1H3",OKKJLVBELUTLKV-UHFFFAOYSA-N
3361,methanol,8.919078092,67-56-1,CO,,,https://doi.org/10.1021/acs.est.1c04989,halogenated,Halogenated organics,"InChI=1S/CH4O/c1-2/h2H,1H3",OKKJLVBELUTLKV-UHFFFAOYSA-N
3362,methanol,9.18,67-56-1,CO,7,85,https://doi.org/10.1021/acs.est.4c11950,halogenated,Halogenated organics,"InChI=1S/CH4O/c1-2/h2H,1H3",OKKJLVBELUTLKV-UHFFFAOYSA-N
3363,methanol,9,67-56-1,CO,6,25,https://doi.org/10.1021/acs.est.4c11950,halogenated,Halogenated organics,"InChI=1S/CH4O/c1-2/h2H,1H3",OKKJLVBELUTLKV-UHFFFAOYSA-N
3364,methanol,9.11,67-56-1,CO,7,55,https://doi.org/10.1021/acs.est.4c11950,halogenated,Halogenated organics,"InChI=1S/CH4O/c1-2/h2H,1H3",OKKJLVBELUTLKV-UHFFFAOYSA-N
3365,methanol,8.92,67-56-1,CO,7.5,25,https://doi.org/10.1021/acs.est.4c11950,halogenated,Halogenated organics,"InChI=1S/CH4O/c1-2/h2H,1H3",OKKJLVBELUTLKV-UHFFFAOYSA-N
3366,methanol,9,67-56-1,CO,7,25,https://doi.org/10.1021/acs.est.4c11950,halogenated,Halogenated organics,"InChI=1S/CH4O/c1-2/h2H,1H3",OKKJLVBELUTLKV-UHFFFAOYSA-N
3367,methanol,9.04,67-56-1,CO,7,35,https://doi.org/10.1021/acs.est.4c11950,halogenated,Halogenated organics,"InChI=1S/CH4O/c1-2/h2H,1H3",OKKJLVBELUTLKV-UHFFFAOYSA-N
3368,methanol,9.15,67-56-1,CO,7,65,https://doi.org/10.1021/acs.est.4c11950,halogenated,Halogenated organics,"InChI=1S/CH4O/c1-2/h2H,1H3",OKKJLVBELUTLKV-UHFFFAOYSA-N
3369,methanol,9.15,67-56-1,CO,7,75,https://doi.org/10.1021/acs.est.4c11950,halogenated,Halogenated organics,"InChI=1S/CH4O/c1-2/h2H,1H3",OKKJLVBELUTLKV-UHFFFAOYSA-N
3370,methanol,8.94,67-56-1,CO,10.7,25,https://doi.org/10.1021/acs.est.4c11950,halogenated,Halogenated organics,"InChI=1S/CH4O/c1-2/h2H,1H3",OKKJLVBELUTLKV-UHFFFAOYSA-N
3371,methanol,9.08,67-56-1,CO,7,45,https://doi.org/10.1021/acs.est.4c11950,halogenated,Halogenated organics,"InChI=1S/CH4O/c1-2/h2H,1H3",OKKJLVBELUTLKV-UHFFFAOYSA-N
3372,methanol,9.08,67-56-1,CO,2,25,https://doi.org/10.1021/acs.est.4c11950,halogenated,Halogenated organics,"InChI=1S/CH4O/c1-2/h2H,1H3",OKKJLVBELUTLKV-UHFFFAOYSA-N
3373,methanol,8.9,67-56-1,CO,7,25,https://doi.org/10.1021/acs.est.4c11950,halogenated,Halogenated organics,"InChI=1S/CH4O/c1-2/h2H,1H3",OKKJLVBELUTLKV-UHFFFAOYSA-N
3374,methanol-D3,8.63,1849-29-2,[2H]C([2H])([2H])O,6,25,NIST,halogenated,Halogenated organics,"InChI=1S/CH4O/c1-2/h2H,1H3/i1D3",OKKJLVBELUTLKV-FIBGUPNXSA-N
3375,methicillin,10,7246-14-2,COc1cccc(OC)c1C(=O)NC1C(=O)N2C1SC(C)(C)C2C(=O)O,7,25,https://doi.org/10.1021/acs.est.4c11950,"sulfide, disulfide",Sulfur-containing organics,"InChI=1S/C17H20N2O6S/c1-17(2)12(16(22)23)19-14(21)11(15(19)26-17)18-13(20)10-8(24-3)6-5-7-9(10)25-4/h5-7,11-12,15H,1-4H3,(H,18,20)(H,22,23)",RJQXTJLFIWVMTO-UHFFFAOYSA-N
3376,methional,9.913813852,3268-49-3,CSCCC=O,,,https://doi.org/10.1021/acsestengg.5c00260,"sulfide, disulfide",Sulfur-containing organics,"InChI=1S/C4H8OS/c1-6-4-2-3-5/h3H,2,4H2,1H3",CLUWOWRTHNNBBU-UHFFFAOYSA-N
3377,methional,9.91,136632-32-1,CSCCC=O,7,25,https://doi.org/10.1021/acs.est.4c11950,"sulfide, disulfide",Sulfur-containing organics,"InChI=1S/C4H8OS/c1-6-4-2-3-5/h3H,2,4H2,1H3",CLUWOWRTHNNBBU-UHFFFAOYSA-N
3378,methionine,9.91,116155-75-0,CSCCC(N)C(=O)O,5.6,25,NIST,"sulfide, disulfide",Sulfur-containing organics,"InChI=1S/C5H11NO2S/c1-9-3-2-4(6)5(7)8/h4H,2-3,6H2,1H3,(H,7,8)",FFEARJCKVFRZRR-UHFFFAOYSA-N
3379,methionine,9.89,116155-75-0,CSCCC(N)C(=O)O,2,25,NIST,"sulfide, disulfide",Sulfur-containing organics,"InChI=1S/C5H11NO2S/c1-9-3-2-4(6)5(7)8/h4H,2-3,6H2,1H3,(H,7,8)",FFEARJCKVFRZRR-UHFFFAOYSA-N
3380,methionine,9.93,116155-75-0,CSCCC(N)C(=O)O,7,25,NIST,"sulfide, disulfide",Sulfur-containing organics,"InChI=1S/C5H11NO2S/c1-9-3-2-4(6)5(7)8/h4H,2-3,6H2,1H3,(H,7,8)",FFEARJCKVFRZRR-UHFFFAOYSA-N
3381,methionine,9.87,116155-75-0,CSCCC(N)C(=O)O,7.4,25,NIST,"sulfide, disulfide",Sulfur-containing organics,"InChI=1S/C5H11NO2S/c1-9-3-2-4(6)5(7)8/h4H,2-3,6H2,1H3,(H,7,8)",FFEARJCKVFRZRR-UHFFFAOYSA-N
3382,methoxyacetate ion,8.79,2253638-86-5,COCC(=O)[O-],9,25,NIST,alcohol,Oxygenated organics,"InChI=1S/C3H6O3/c1-6-2-3(4)5/h2H2,1H3,(H,4,5)/p-1",RMIODHQZRUFFFF-UHFFFAOYSA-M
3383,methoxyazanium,8.6,951627-45-5,CO[NH3+],4.5,25,https://doi.org/10.1021/acs.est.4c11950,halogenated,Halogenated organics,InChI=1S/CH6NO/c1-3-2/h1-2H3/q+1,HTGRPWLPIJGRKS-UHFFFAOYSA-N
3384,methoxyazanium chloride,10.14612804,951627-45-5,[Cl-].CO[NH3+],,,https://doi.org/10.1021/acs.est.1c05131,halogenated,Halogenated organics,InChI=1S/CH6NO.ClH/c1-3-2;/h1-2H3;1H/q+1;/p-1,SPUACDWLOLSOQO-UHFFFAOYSA-M
3385,methoxychlor,9.59,2132-70-9,COc1ccc(C(c2ccc(OC)cc2)C(Cl)(Cl)Cl)cc1,7,25,https://doi.org/10.1021/acs.est.4c11950,alcohol,Oxygenated organics,"InChI=1S/C16H15Cl3O2/c1-20-13-7-3-11(4-8-13)15(16(17,18)19)12-5-9-14(21-2)10-6-12/h3-10,15H,1-2H3",IAKOZHOLGAGEJT-UHFFFAOYSA-N
3386,methoxyflurane,7.92,76-38-0,COC(F)(F)C(Cl)Cl,7,25,https://doi.org/10.1021/acs.est.4c11950,alcohol,Oxygenated organics,"InChI=1S/C3H4Cl2F2O/c1-8-3(6,7)2(4)5/h2H,1H3",RFKMCNOHBTXSMU-UHFFFAOYSA-N
3387,methyl (methylsulfinyl)methyl sulfide,9.68,14128-56-4,CSCS(=O)C,4.9,25,https://doi.org/10.1021/acs.est.4c11950,"sulfide, disulfide",Sulfur-containing organics,"InChI=1S/C3H8OS2/c1-5-3-6(2)4/h3H2,1-2H3",OTKFCIVOVKCFHR-UHFFFAOYSA-N
3388,methyl 2-methylprop-2-enoate,10.07554696,52002-56-9,COC(=O)C(C)=C,,,https://doi.org/10.1021/acs.est.1c05012,alcohol,Oxygenated organics,"InChI=1S/C5H8O2/c1-4(2)5(6)7-3/h1H2,2-3H3",VVQNEPGJFQJSBK-UHFFFAOYSA-N
3389,methyl 2-sulfanylacetate,10.25527251,1467497-88-6,COC(=O)CS,,,https://doi.org/10.1021/acs.est.1c05391,"sulfide, disulfide",Sulfur-containing organics,"InChI=1S/C3H6O2S/c1-5-3(4)2-6/h6H,2H2,1H3",MKIJJIMOAABWGF-UHFFFAOYSA-N
3390,methyl acetate,8.08,68683-25-0,COC(C)=O,6,25,https://doi.org/10.1021/acs.est.4c11950,alcohol,Oxygenated organics,InChI=1S/C3H6O2/c1-3(4)5-2/h1-2H3,KXKVLQRXCPHEJC-UHFFFAOYSA-N
3391,methyl acetate,8.34,68683-25-0,COC(C)=O,2,25,NIST,alcohol,Oxygenated organics,InChI=1S/C3H6O2/c1-3(4)5-2/h1-2H3,KXKVLQRXCPHEJC-UHFFFAOYSA-N
3392,methyl acetate,8.079181246,79-20-9,CC(=O)OC,,,https://doi.org/10.1021/acsestengg.5c00198,alcohol,Oxygenated organics,InChI=1S/C3H6O2/c1-3(4)5-2/h1-2H3,KXKVLQRXCPHEJC-UHFFFAOYSA-N
3393,methyl acrylamide,10.11394335,79-39-0,CC(=C)C(=O)N,,,https://doi.org/10.1021/acsestengg.5c00359,alkane,Aliphatic hydrocarbons,"InChI=1S/C4H7NO/c1-3(2)4(5)6/h1H2,2H3,(H2,5,6)",FQPSGWSUVKBHSU-UHFFFAOYSA-N
3394,methyl acrylamide,10.11394335,2319788-93-5,C=CC(=O)NC,,,https://doi.org/10.1021/acs.est.1c04667,halogenated,Halogenated organics,"InChI=1S/C4H7NO/c1-3-4(6)5-2/h3H,1H2,2H3,(H,5,6)",YPHQUSNPXDGUHL-UHFFFAOYSA-N
3395,methyl acrylamide,10.11,2319788-93-5,CNC(=O)C=C,7,25,https://doi.org/10.1021/acs.est.4c11950,halogenated,Halogenated organics,"InChI=1S/C4H7NO/c1-3-4(6)5-2/h3H,1H2,2H3,(H,5,6)",YPHQUSNPXDGUHL-UHFFFAOYSA-N
3396,methyl acrylate,9.72,25853-61-6,C=CC(=O)OC,7,25,NIST,alcohol,Oxygenated organics,"InChI=1S/C4H6O2/c1-3-4(5)6-2/h3H,1H2,2H3",BAPJBEWLBFYGME-UHFFFAOYSA-N
3397,methyl amine,9.755874856,74-89-5,CN,,,https://doi.org/10.1021/acsestengg.5c00300,halogenated,Halogenated organics,"InChI=1S/CH5N/c1-2/h2H2,1H3",BAVYZALUXZFZLV-UHFFFAOYSA-N
3398,methyl butyrate,9.23,51115-64-1,CCCC(=O)OC,7,25,https://doi.org/10.1021/acs.est.4c11950,alcohol,Oxygenated organics,"InChI=1S/C5H10O2/c1-3-4-5(6)7-2/h3-4H2,1-2H3",UUIQMZJEGPQKFD-UHFFFAOYSA-N
3399,methyl ethyl nitrosamine,8.88,208176-48-1,CCN(C)N=O,7,21,https://doi.org/10.1021/acs.est.4c11950,alkane,Aliphatic hydrocarbons,"InChI=1S/C3H8N2O/c1-3-5(2)4-6/h3H2,1-2H3",RTDCJKARQCRONF-UHFFFAOYSA-N
3400,methyl ethyl nitrosamine,8.694605199,10595-95-6,CCN(C)N=O,,,https://doi.org/10.1021/acsestengg.5c00323,alkane,Aliphatic hydrocarbons,"InChI=1S/C3H8N2O/c1-3-5(2)4-6/h3H2,1-2H3",RTDCJKARQCRONF-UHFFFAOYSA-N
3401,methyl glucoside,9.51,25360-07-0,CO[C@@H]1[C@H]([C@@H]([C@H](C(O1)CO)O)O)O,7,25,NIST,diol,Polyfunctional / highly functionalized,"InChI=1S/C7H14O6/c1-12-7-6(11)5(10)4(9)3(2-8)13-7/h3-11H,2H2,1H3/t3?,4-,5+,6-,7-/m0/s1",HOVAGTYPODGVJG-JXUVCOMLSA-N
3402,methyl glucoside,9.38,25360-07-0,CO[C@@H]1[C@H]([C@@H]([C@H](C(O1)CO)O)O)O,6.5,25,NIST,diol,Polyfunctional / highly functionalized,"InChI=1S/C7H14O6/c1-12-7-6(11)5(10)4(9)3(2-8)13-7/h3-11H,2H2,1H3/t3?,4-,5+,6-,7-/m0/s1",HOVAGTYPODGVJG-JXUVCOMLSA-N
3403,methyl glyoxal,8.72427587,78-98-8,CC(=O)C=O,,,https://doi.org/10.1021/acsestengg.5c00196,alkane,Aliphatic hydrocarbons,"InChI=1S/C3H4O2/c1-3(5)2-4/h2H,1H3",AIJULSRZWUXGPQ-UHFFFAOYSA-N
3404,methyl isothiocyanate,8.755112266,16523-56-1,CN=C=S,,,https://doi.org/10.1021/acs.est.1c05351,"sulfide, disulfide",Sulfur-containing organics,InChI=1S/C2H3NS/c1-3-2-4/h1H3,LGDSHSYDSCRFAB-UHFFFAOYSA-N
3405,methyl isothiocyanate,8.76,16523-56-1,CN=C=S,7,25,https://doi.org/10.1021/acs.est.4c11950,"sulfide, disulfide",Sulfur-containing organics,InChI=1S/C2H3NS/c1-3-2-4/h1H3,LGDSHSYDSCRFAB-UHFFFAOYSA-N
3406,methyl methacrylate,10.04139269,88190-20-9,C=C(C)C(=O)OC,,,https://doi.org/10.1021/acs.est.1c05690,alcohol,Oxygenated organics,"InChI=1S/C5H8O2/c1-4(2)5(6)7-3/h1H2,2-3H3",VVQNEPGJFQJSBK-UHFFFAOYSA-N
3407,methyl methacrylate,10.04139269,80-62-6,CC(=C)C(=O)OC,,,https://doi.org/10.1021/acsestengg.5c00368,alcohol,Oxygenated organics,"InChI=1S/C5H8O2/c1-4(2)5(6)7-3/h1H2,2-3H3",VVQNEPGJFQJSBK-UHFFFAOYSA-N
3408,methyl methacrylate,10.04,88190-20-9,COC(=O)C(C)=C,7,25,https://doi.org/10.1021/acs.est.4c11950,alcohol,Oxygenated organics,"InChI=1S/C5H8O2/c1-4(2)5(6)7-3/h1H2,2-3H3",VVQNEPGJFQJSBK-UHFFFAOYSA-N
3409,methyl methoxyacetate,9.26,1484686-43-2,COCC(=O)OC,7,25,https://doi.org/10.1021/acs.est.4c11950,diol,Polyfunctional / highly functionalized,"InChI=1S/C4H8O3/c1-6-3-4(5)7-2/h3H2,1-2H3",QRMHDGWGLNLHMN-UHFFFAOYSA-N
3410,methyl methyl thiomethyl sulfoxide,9.681241237,33577-16-1,CSCS(=O)C,,,https://doi.org/10.1021/acsestengg.5c00267,"sulfide, disulfide",Sulfur-containing organics,"InChI=1S/C3H8OS2/c1-5-3-6(2)4/h3H2,1-2H3",OTKFCIVOVKCFHR-UHFFFAOYSA-N
3411,methyl phenyl sulfoxide,9.986771734,1193-82-4,CS(=O)C1=CC=CC=C1,,,https://doi.org/10.1021/acsestengg.5c00390,"sulfide, disulfide",Sulfur-containing organics,"InChI=1S/C7H8OS/c1-9(8)7-5-3-2-4-6-7/h2-6H,1H3",JXTGICXCHWMCPM-UHFFFAOYSA-N
3412,methyl phenyl sulfoxide,9.98721923,17051-75-1,CS(=O)c1ccccc1,,,https://doi.org/10.1021/acs.est.1c04632,"sulfide, disulfide",Sulfur-containing organics,"InChI=1S/C7H8OS/c1-9(8)7-5-3-2-4-6-7/h2-6H,1H3",JXTGICXCHWMCPM-UHFFFAOYSA-N
3413,methyl phenyl sulfoxide,9.99,17051-75-1,C[S](=O)c1ccccc1,7,25,https://doi.org/10.1021/acs.est.4c11950,"sulfide, disulfide",Sulfur-containing organics,"InChI=1S/C7H8OS/c1-9(8)7-5-3-2-4-6-7/h2-6H,1H3",JXTGICXCHWMCPM-UHFFFAOYSA-N
3414,methyl propionate,8.59,17448-65-6,CCC(=O)OC,7,25,https://doi.org/10.1021/acs.est.4c11950,alcohol,Oxygenated organics,"InChI=1S/C4H8O2/c1-3-4(5)6-2/h3H2,1-2H3",RJUFJBKOKNCXHH-UHFFFAOYSA-N
3415,methyl propionate,9.653212514,554-12-1,CCC(=O)OC,,,https://doi.org/10.1021/acsestengg.5c00201,alcohol,Oxygenated organics,"InChI=1S/C4H8O2/c1-3-4(5)6-2/h3H2,1-2H3",RJUFJBKOKNCXHH-UHFFFAOYSA-N
3416,methyl sulfide ion,9.78,15035-72-0,C[SH2+],11,25,NIST,thiol,Sulfur-containing organics,"InChI=1S/CH4S/c1-2/h2H,1H3/p+1",LSDPWZHWYPCBBB-UHFFFAOYSA-O
3417,methyl tert-butyl ether,9.2,1219795-06-8,CC(C)(C)OC,7,25,https://doi.org/10.1021/acs.est.4c11950,alcohol,Oxygenated organics,"InChI=1S/C5H12O/c1-5(2,3)6-4/h1-4H3",BZLVMXJERCGZMT-UHFFFAOYSA-N
3418,methyl thioglycolate,10.25527251,2365-48-2,COC(=O)CS,,,https://doi.org/10.1021/acsestengg.5c00272,"sulfide, disulfide",Sulfur-containing organics,"InChI=1S/C3H6O2S/c1-5-3(4)2-6/h6H,2H2,1H3",MKIJJIMOAABWGF-UHFFFAOYSA-N
3419,methyl thioglycolate,10.32,137754-72-4,COC(=O)CS,5.1,25,https://doi.org/10.1021/acs.est.4c11950,"sulfide, disulfide",Sulfur-containing organics,"InChI=1S/C3H6O2S/c1-5-3(4)2-6/h6H,2H2,1H3",MKIJJIMOAABWGF-UHFFFAOYSA-N
3420,methyl thioglycolate,10.26,137754-72-4,COC(=O)CS,10.6,25,https://doi.org/10.1021/acs.est.4c11950,"sulfide, disulfide",Sulfur-containing organics,"InChI=1S/C3H6O2S/c1-5-3(4)2-6/h6H,2H2,1H3",MKIJJIMOAABWGF-UHFFFAOYSA-N
3421,methyl-D-arabinopyranoside,9.38,5328-63-2,COC1[C@H]([C@@H]([C@@H](CO1)O)O)O,6.5,25,https://doi.org/10.1021/acs.est.4c11950,diol,Polyfunctional / highly functionalized,"InChI=1S/C6H12O5/c1-10-6-5(9)4(8)3(7)2-11-6/h3-9H,2H2,1H3/t3-,4-,5+,6?/m1/s1",ZBDGHWFPLXXWRD-VRPWFDPXSA-N
3422,methyl-iso-butyl ketone,9.322219295,2177-32-4,CC(=O)CC(C)C,,,https://doi.org/10.1021/acs.est.1c05136,alkane,Aliphatic hydrocarbons,"InChI=1S/C6H12O/c1-5(2)4-6(3)7/h5H,4H2,1-3H3",NTIZESTWPVYFNL-UHFFFAOYSA-N
3423,methyl-iso-butyl ketone,9.32,2177-32-4,CC(C)CC(C)=O,1.5,3,https://doi.org/10.1021/acs.est.4c11950,alkane,Aliphatic hydrocarbons,"InChI=1S/C6H12O/c1-5(2)4-6(3)7/h5H,4H2,1-3H3",NTIZESTWPVYFNL-UHFFFAOYSA-N
3424,methyl-iso-butyl ketone,9.32,2177-32-4,CC(C)CC(C)=O,1.5,25,https://doi.org/10.1021/acs.est.4c11950,alkane,Aliphatic hydrocarbons,"InChI=1S/C6H12O/c1-5(2)4-6(3)7/h5H,4H2,1-3H3",NTIZESTWPVYFNL-UHFFFAOYSA-N
3425,methyl-iso-butyl ketone,9.64,2177-32-4,CC(C)CC(C)=O,1.5,66,https://doi.org/10.1021/acs.est.4c11950,alkane,Aliphatic hydrocarbons,"InChI=1S/C6H12O/c1-5(2)4-6(3)7/h5H,4H2,1-3H3",NTIZESTWPVYFNL-UHFFFAOYSA-N
3426,methyl-iso-butyl ketone,9.322219295,108-10-1,CC(C)CC(=O)C,,,https://doi.org/10.1021/acsestengg.5c00190,alkane,Aliphatic hydrocarbons,"InChI=1S/C6H12O/c1-5(2)4-6(3)7/h5H,4H2,1-3H3",NTIZESTWPVYFNL-UHFFFAOYSA-N
3427,methyl-iso-butyl ketone,9.54,2177-32-4,CC(C)CC(C)=O,1.5,50,https://doi.org/10.1021/acs.est.4c11950,alkane,Aliphatic hydrocarbons,"InChI=1S/C6H12O/c1-5(2)4-6(3)7/h5H,4H2,1-3H3",NTIZESTWPVYFNL-UHFFFAOYSA-N
3428,methylamine,9.61,1449-70-3,CN,11.1,22,https://doi.org/10.1021/acs.est.4c11950,halogenated,Halogenated organics,"InChI=1S/CH5N/c1-2/h2H2,1H3",BAVYZALUXZFZLV-UHFFFAOYSA-N
3429,methylamine,9.26,1449-70-3,CN,10.5,22,https://doi.org/10.1021/acs.est.4c11950,halogenated,Halogenated organics,"InChI=1S/CH5N/c1-2/h2H2,1H3",BAVYZALUXZFZLV-UHFFFAOYSA-N
3430,methylammonium,7.96,479066-07-4,C[NH3+],7,22,https://doi.org/10.1021/acs.est.4c11950,halogenated,Halogenated organics,"InChI=1S/CH5N/c1-2/h2H2,1H3/p+1",BAVYZALUXZFZLV-UHFFFAOYSA-O
3431,methylammonium,7.54,479066-07-4,C[NH3+],4,22,https://doi.org/10.1021/acs.est.4c11950,halogenated,Halogenated organics,"InChI=1S/CH5N/c1-2/h2H2,1H3/p+1",BAVYZALUXZFZLV-UHFFFAOYSA-O
3432,methylbenzene,9.69019608,1138-53-0,Cc1ccccc1,,,https://doi.org/10.1021/acs.est.1c05146,benzene,Aromatic & PAHs,"InChI=1S/C7H8/c1-7-5-3-2-4-6-7/h2-6H,1H3",YXFVVABEGXRONW-UHFFFAOYSA-N
3433,methylcyclohexane,9.85,1341344-94-2,CC1CCCCC1,2,25,NIST,benzene,Aromatic & PAHs,"InChI=1S/C7H14/c1-7-5-3-2-4-6-7/h7H,2-6H2,1H3",UAEPNZWRGJTJPN-UHFFFAOYSA-N
3434,methylcyclopentane,9.85,96-37-7,CC1CCCC1,2,25,https://doi.org/10.1021/acs.est.4c11950,cyclo,Aromatic & PAHs,"InChI=1S/C6H12/c1-6-4-2-3-5-6/h6H,2-5H2,1H3",GDOPTJXRTPNYNR-UHFFFAOYSA-N
3435,methylene blue cation,10.2,1341-90-8,CN(C)c1ccc2nc3ccc(=[N+](C)C)cc-3sc2c1,7,25,NIST,"sulfide, disulfide",Sulfur-containing organics,"InChI=1S/C16H18N3S/c1-18(2)11-5-7-13-15(9-11)20-16-10-12(19(3)4)6-8-14(16)17-13/h5-10H,1-4H3/q+1",RBTBFTRPCNLSDE-UHFFFAOYSA-N
3436,methylethylnitramine,8.880813592,,CCN(C)[N+](=O)[O-],,,https://doi.org/10.1021/acs.est.1c05676,alkane,Aliphatic hydrocarbons,"InChI=1S/C3H8N2O2/c1-3-4(2)5(6)7/h3H2,1-2H3",NNUHLKRNOYVNHI-UHFFFAOYSA-N
3437,methylethylnitramine,8.88,,CCN(C)[N+](=O)[O-],7,25,https://doi.org/10.1021/acs.est.4c11950,alkane,Aliphatic hydrocarbons,"InChI=1S/C3H8N2O2/c1-3-4(2)5(6)7/h3H2,1-2H3",NNUHLKRNOYVNHI-UHFFFAOYSA-N
3438,methylgalactoside,9.2,1824-94-8,CO[C@H]1[C@@H]([C@H]([C@H]([C@H](O1)CO)O)O)O,6,25,NIST,diol,Polyfunctional / highly functionalized,"InChI=1S/C7H14O6/c1-12-7-6(11)5(10)4(9)3(2-8)13-7/h3-11H,2H2,1H3/t3-,4+,5+,6-,7-/m1/s1",HOVAGTYPODGVJG-VOQCIKJUSA-N
3439,methylglyoxal,9.04,37279-01-9,CC(=O)C=O,7,15,https://doi.org/10.1021/acs.est.4c11950,alkane,Aliphatic hydrocarbons,"InChI=1S/C3H4O2/c1-3(5)2-4/h2H,1H3",AIJULSRZWUXGPQ-UHFFFAOYSA-N
3440,methylglyoxal,9.04,37279-01-9,CC(=O)C=O,7,25,https://doi.org/10.1021/acs.est.4c11950,alkane,Aliphatic hydrocarbons,"InChI=1S/C3H4O2/c1-3(5)2-4/h2H,1H3",AIJULSRZWUXGPQ-UHFFFAOYSA-N
3441,methylglyoxal,9.18,37279-01-9,CC(=O)C=O,7,35,https://doi.org/10.1021/acs.est.4c11950,alkane,Aliphatic hydrocarbons,"InChI=1S/C3H4O2/c1-3(5)2-4/h2H,1H3",AIJULSRZWUXGPQ-UHFFFAOYSA-N
3442,methylglyoxal,9.26,37279-01-9,CC(=O)C=O,7,45,https://doi.org/10.1021/acs.est.4c11950,alkane,Aliphatic hydrocarbons,"InChI=1S/C3H4O2/c1-3(5)2-4/h2H,1H3",AIJULSRZWUXGPQ-UHFFFAOYSA-N
3443,methylglyoxal,8.85,37279-01-9,CC(=O)C=O,1.5,45,https://doi.org/10.1021/acs.est.4c11950,alkane,Aliphatic hydrocarbons,"InChI=1S/C3H4O2/c1-3(5)2-4/h2H,1H3",AIJULSRZWUXGPQ-UHFFFAOYSA-N
3444,methylglyoxal,9.3,37279-01-9,CC(=O)C=O,7,55,https://doi.org/10.1021/acs.est.4c11950,alkane,Aliphatic hydrocarbons,"InChI=1S/C3H4O2/c1-3(5)2-4/h2H,1H3",AIJULSRZWUXGPQ-UHFFFAOYSA-N
3445,methylglyoxal,8.72,37279-01-9,CC(=O)C=O,1.5,25,https://doi.org/10.1021/acs.est.4c11950,alkane,Aliphatic hydrocarbons,"InChI=1S/C3H4O2/c1-3(5)2-4/h2H,1H3",AIJULSRZWUXGPQ-UHFFFAOYSA-N
3446,methylglyoxal,8.72,37279-01-9,CC(=O)C=O,1.5,3,https://doi.org/10.1021/acs.est.4c11950,alkane,Aliphatic hydrocarbons,"InChI=1S/C3H4O2/c1-3(5)2-4/h2H,1H3",AIJULSRZWUXGPQ-UHFFFAOYSA-N
3447,methylglyoxal,8.72,37279-01-9,CC(=O)C=O,1.5,15,https://doi.org/10.1021/acs.est.4c11950,alkane,Aliphatic hydrocarbons,"InChI=1S/C3H4O2/c1-3(5)2-4/h2H,1H3",AIJULSRZWUXGPQ-UHFFFAOYSA-N
3448,methylphosphonate ion,8.15,34939-91-8,CP(=O)([O-])[O-],9,25,NIST,phosphorus,Phosphorus-containing organics,"InChI=1S/CH5O3P/c1-5(2,3)4/h1H3,(H2,2,3,4)/p-2",YACKEPLHDIMKIO-UHFFFAOYSA-L
3449,methylstyrene,9.99,98-83-9,C=C(C)c1ccccc1,5.5,25,NIST,benzene,Aromatic & PAHs,"InChI=1S/C9H10/c1-8(2)9-6-4-3-5-7-9/h3-7H,1H2,2H3",XYLMUPLGERFSHI-UHFFFAOYSA-N
3450,methylsulfanylbenzene,9.995635195,38125-62-1,CSc1ccccc1,,,https://doi.org/10.1021/acs.est.1c05371,"sulfide, disulfide",Sulfur-containing organics,"InChI=1S/C7H8S/c1-8-7-5-3-2-4-6-7/h2-6H,1H3",HNKJADCVZUBCPG-UHFFFAOYSA-N
3451,methylsulfanylmethane,10.2787536,914915-20-1,CSC,,,https://doi.org/10.1021/acs.est.1c05295,"sulfide, disulfide",Sulfur-containing organics,InChI=1S/C2H6S/c1-3-2/h1-2H3,QMMFVYPAHWMCMS-UHFFFAOYSA-N
3452,methylsulfate ion,7.7,21228-90-0,COS(=O)(=O)[O-],7,25,NIST,"sulfide, disulfide",Sulfur-containing organics,"InChI=1S/CH4O4S/c1-5-6(2,3)4/h1H3,(H,2,3,4)/p-1",JZMJDSHXVKJFKW-UHFFFAOYSA-M
3453,methylsulfinylbenzene,9.986771734,122199-98-8,C[S](=O)c1ccccc1,,,https://doi.org/10.1021/acs.est.1c04882,"sulfide, disulfide",Sulfur-containing organics,"InChI=1S/C7H8OS/c1-9(8)7-5-3-2-4-6-7/h2-6H,1H3",JXTGICXCHWMCPM-UHFFFAOYSA-N
3454,methylsulfinylmethylsulfanylmethane,9.681241237,33577-16-1,CSC[S](C)=O,,,https://doi.org/10.1021/acs.est.1c05016,"sulfide, disulfide",Sulfur-containing organics,"InChI=1S/C3H8OS2/c1-5-3-6(2)4/h3H2,1-2H3",OTKFCIVOVKCFHR-UHFFFAOYSA-N
3455,methylthio-acetate ion,9.94,139394-25-5,CCC([O-])=S,5.7,25,NIST,"sulfide, disulfide",Sulfur-containing organics,"InChI=1S/C3H6OS/c1-2-3(4)5/h2H2,1H3,(H,4,5)/p-1",KOODSCBKXPPKHE-UHFFFAOYSA-M
3456,methylthiomethyl acetate,9.83,16437-69-7,CSCOC(C)=O,3.7,25,NIST,"sulfide, disulfide",Sulfur-containing organics,"InChI=1S/C4H8O2S/c1-4(5)6-3-7-2/h3H2,1-2H3",LCUMNXCSNFGGGH-UHFFFAOYSA-N
3457,methylurea,9.3,197456-08-9,CNC(N)=O,7,25,https://doi.org/10.1021/acs.est.4c11950,halogenated,Halogenated organics,"InChI=1S/C2H6N2O/c1-4-2(3)5/h1H3,(H3,3,4,5)",XGEGHDBEHXKFPX-UHFFFAOYSA-N
3458,methylurea,9.301029996,598-50-5,CNC(=O)N,,,https://doi.org/10.1021/acsestengg.5c00504,halogenated,Halogenated organics,"InChI=1S/C2H6N2O/c1-4-2(3)5/h1H3,(H3,3,4,5)",XGEGHDBEHXKFPX-UHFFFAOYSA-N
3459,metiazinic acid,9.92,13993-65-2,CN1c2ccccc2Sc2ccc(CC(=O)O)cc21,10,25,NIST,"sulfide, disulfide",Sulfur-containing organics,"InChI=1S/C15H13NO2S/c1-16-11-4-2-3-5-13(11)19-14-7-6-10(8-12(14)16)9-15(17)18/h2-8H,9H2,1H3,(H,17,18)",LMINNBXUMGNKMM-UHFFFAOYSA-N
3460,metolachlor,9.83,171118-09-5,CCc1cccc(C)c1N(C(=O)CCl)C(C)COC,7,25,https://doi.org/10.1021/acs.est.4c11950,alcohol,Oxygenated organics,"InChI=1S/C15H22ClNO2/c1-5-13-8-6-7-11(2)15(13)17(14(18)9-16)12(3)10-19-4/h6-8,12H,5,9-10H2,1-4H3",WVQBLGZPHOPPFO-UHFFFAOYSA-N
3461,metoprolol,9.92,959786-79-9,COCCc1ccc(OCC(O)CNC(C)C)cc1,7,25,https://doi.org/10.1021/acs.est.4c11950,alcohol,Oxygenated organics,"InChI=1S/C15H25NO3/c1-12(2)16-10-14(17)11-19-15-6-4-13(5-7-15)8-9-18-3/h4-7,12,14,16-17H,8-11H2,1-3H3",IUBSYMUCCVWXPE-UHFFFAOYSA-N
3462,mifentidine,8.48,83184-43-4,CC(C)N=CNc1ccc(-c2cnc[nH]2)cc1,7.4,25,NIST,benzene,Aromatic & PAHs,"InChI=1S/C13H16N4/c1-10(2)15-9-16-12-5-3-11(4-6-12)13-7-14-8-17-13/h3-10H,1-2H3,(H,14,17)(H,15,16)",GOZUADYOHPCXLE-UHFFFAOYSA-N
3463,misonidazole,9.85,121244-83-5,COCC(O)Cn1ccnc1[N+](=O)[O-],7,25,NIST,alcohol,Oxygenated organics,"InChI=1S/C7H11N3O4/c1-14-5-6(11)4-9-3-2-8-7(9)10(12)13/h2-3,6,11H,4-5H2,1H3",OBBCSXFCDPPXOL-UHFFFAOYSA-N
3464,molinate,9.48,52236-29-0,CCSC(=O)N1CCCCCC1,7,25,https://doi.org/10.1021/acs.est.4c11950,"sulfide, disulfide",Sulfur-containing organics,"InChI=1S/C9H17NOS/c1-2-12-9(11)10-7-5-3-4-6-8-10/h2-8H2,1H3",DEDOPGXGGQYYMW-UHFFFAOYSA-N
3465,monensin,9.54,65208-36-8,CC[C@@]1([C@@H]2O[C@@H]([C@H]3O[C@@](O)(CO)[C@H](C)C[C@@H]3C)C[C@@H]2C)CC[C@H]([C@]2(C)CC[C@]3(C[C@H](O)[C@@H](C)[C@@H]([C@@H](C)[C@@H](OC)[C@H](C)C(=O)O)O3)O2)O1,7,25,10.1021/es3052685,diol,Polyfunctional / highly functionalized,"InChI=1S/C36H62O11/c1-10-34(31-20(3)16-26(43-31)28-19(2)15-21(4)36(41,18-37)46-28)12-11-27(44-34)33(8)13-14-35(47-33)17-25(38)22(5)30(45-35)23(6)29(42-9)24(7)32(39)40/h19-31,37-38,41H,10-18H2,1-9H3,(H,39,40)/t19-,20-,21+,22+,23-,24-,25-,26+,27+,28-,29+,30-,31+,33-,34-,35+,36-/m0/s1",GAOZTHIDHYLHMS-KEOBGNEYSA-N
3466,monochloromethane,7.74,2108-20-5,CCl,7,25,https://doi.org/10.1021/acs.est.4c11950,alkane,Aliphatic hydrocarbons,InChI=1S/CH3Cl/c1-2/h1H3,NEHMKBQYUWJMIP-UHFFFAOYSA-N
3467,morin,9.23,1173997-99-3,O=c1c(O)c(-c2ccc(O)cc2O)oc2cc(O)cc(O)c12,7,25,https://doi.org/10.1021/acs.est.4c11950,diol,Polyfunctional / highly functionalized,"InChI=1S/C15H10O7/c16-6-1-2-8(9(18)3-6)15-14(21)13(20)12-10(19)4-7(17)5-11(12)22-15/h1-5,16-19,21H",YXOLAZRVSSWPPT-UHFFFAOYSA-N
3468,murexide ion,10.18,14609-76-8,O=C1NC(=O)C(=Nc2c([O-])[nH]c(=O)[nH]c2=O)C(=O)N1,7.4,25,NIST,halogenated,Halogenated organics,"InChI=1S/C8H5N5O6/c14-3-1(4(15)11-7(18)10-3)9-2-5(16)12-8(19)13-6(2)17/h(H2,10,11,14,15,18)(H3,12,13,16,17,19)/p-1",MUMMBXDKKJEASE-UHFFFAOYSA-M
3469,myoinositol sulfate,7,115987-06-9,O=S(=O)([O-])OC1C(OS(=O)(=O)[O-])C(OS(=O)(=O)[O-])C(OS(=O)(=O)[O-])C(OS(=O)(=O)[O-])C1OS(=O)(=O)[O-].[Na+].[Na+].[Na+].[Na+].[Na+].[Na+],7,25,NIST,diol,Polyfunctional / highly functionalized,"InChI=1S/C6H12O24S6.6Na/c7-31(8,9)25-1-2(26-32(10,11)12)4(28-34(16,17)18)6(30-36(22,23)24)5(29-35(19,20)21)3(1)27-33(13,14)15;;;;;;/h1-6H,(H,7,8,9)(H,10,11,12)(H,13,14,15)(H,16,17,18)(H,19,20,21)(H,22,23,24);;;;;;/q;6*+1/p-6",MILACANLZVOKPK-UHFFFAOYSA-H
3470,myricetin,9.32,1292805-08-3,O=c1c(O)c(-c2cc(O)c(O)c(O)c2)oc2cc(O)cc(O)c12,7,25,https://doi.org/10.1021/acs.est.4c11950,alcohol,Oxygenated organics,"InChI=1S/C15H10O8/c16-6-3-7(17)11-10(4-6)23-15(14(22)13(11)21)5-1-8(18)12(20)9(19)2-5/h1-4,16-20,22H",IKMDFBPHZNJCSN-UHFFFAOYSA-N
3471,n butyl acetate,9.255272505,123-86-4,CCCCOC(=O)C,,,https://doi.org/10.1021/acsestengg.5c00205,alcohol,Oxygenated organics,"InChI=1S/C6H12O2/c1-3-4-5-8-6(2)7/h3-5H2,1-2H3",DKPFZGUDAPQIHT-UHFFFAOYSA-N
3472,"n,n-dimethyl acetamide",9.544068044,,CC(=O)N(C)C,,,https://doi.org/10.1021/acs.est.1c05566,alkane,Aliphatic hydrocarbons,InChI=1S/C4H9NO/c1-4(6)5(2)3/h1-3H3,FXHOOIRPVKKKFG-UHFFFAOYSA-N
3473,"n,n-dimethyl acetamide",9.544068044,127-19-5,CC(=O)N(C)C,,,https://doi.org/10.1021/acsestengg.5c00297,alkane,Aliphatic hydrocarbons,InChI=1S/C4H9NO/c1-4(6)5(2)3/h1-3H3,FXHOOIRPVKKKFG-UHFFFAOYSA-N
3474,"n,n-dimethyl pivalamide",9.591064607,24331-71-3,CC(C)(C)C(=O)N(C)C,,,https://doi.org/10.1021/acsestengg.5c00298,alkane,Aliphatic hydrocarbons,"InChI=1S/C7H15NO/c1-7(2,3)6(9)8(4)5/h1-5H3",RLVGHTRVYWUWSH-UHFFFAOYSA-N
3475,n-butane,9.46,53716-54-4,CCCC,8,25,https://doi.org/10.1021/acs.est.4c11950,alkane,Aliphatic hydrocarbons,"InChI=1S/C4H10/c1-3-4-2/h3-4H2,1-2H3",IJDNQMDRQITEOD-UHFFFAOYSA-N
3476,n-butane,9.66,53716-54-4,CCCC,2,25,https://doi.org/10.1021/acs.est.4c11950,alkane,Aliphatic hydrocarbons,"InChI=1S/C4H10/c1-3-4-2/h3-4H2,1-2H3",IJDNQMDRQITEOD-UHFFFAOYSA-N
3477,n-butane,9.56,53716-54-4,CCCC,7,25,https://doi.org/10.1021/acs.est.4c11950,alkane,Aliphatic hydrocarbons,"InChI=1S/C4H10/c1-3-4-2/h3-4H2,1-2H3",IJDNQMDRQITEOD-UHFFFAOYSA-N
3478,n-butyl amine,9.913813852,109-73-9,CCCCN,,,https://doi.org/10.1021/acsestengg.5c00302,alkane,Aliphatic hydrocarbons,"InChI=1S/C4H11N/c1-2-3-4-5/h2-5H2,1H3",HQABUPZFAYXKJW-UHFFFAOYSA-N
3479,n-butylform amide,9.278753601,871-71-6,CCCCNC=O,,,https://doi.org/10.1021/acsestengg.5c00293,alkane,Aliphatic hydrocarbons,"InChI=1S/C5H11NO/c1-2-3-4-6-5-7/h5H,2-4H2,1H3,(H,6,7)",QQGNLKJAIVSNCO-UHFFFAOYSA-N
3480,n-methyl-pival amide,9.380211242,6830-83-7,CC(C)(C)C(=O)NC,,,https://doi.org/10.1021/acsestengg.5c00294,alkane,Aliphatic hydrocarbons,"InChI=1S/C6H13NO/c1-6(2,3)5(8)7-4/h1-4H3,(H,7,8)",QMKKJBRRKIKWFK-UHFFFAOYSA-N
3481,n-methyl-propion amide,9.146128036,1187-58-2,CCC(=O)NC,,,https://doi.org/10.1021/acsestengg.5c00295,alkane,Aliphatic hydrocarbons,"InChI=1S/C4H9NO/c1-3-4(6)5-2/h3H2,1-2H3,(H,5,6)",QJQAMHYHNCADNR-UHFFFAOYSA-N
3482,n-methylacetamide,9.204119983,79-16-3,CC(=O)NC,,,https://doi.org/10.1021/acsestengg.5c00292,alkane,Aliphatic hydrocarbons,"InChI=1S/C3H7NO/c1-3(5)4-2/h1-2H3,(H,4,5)",OHLUUHNLEMFGTQ-UHFFFAOYSA-N
3483,n-methylisobutyr amide,9.278753601,2675-88-9,CC(C)C(=O)NC,,,https://doi.org/10.1021/acsestengg.5c00296,alkane,Aliphatic hydrocarbons,"InChI=1S/C5H11NO/c1-4(2)5(7)6-3/h4H,1-3H3,(H,6,7)",IXHFNEAFAWRVCF-UHFFFAOYSA-N
3484,n-octylamine,10.16435286,111-86-4,CCCCCCCCN,,,https://doi.org/10.1021/acsestengg.5c00308,alkane,Aliphatic hydrocarbons,"InChI=1S/C8H19N/c1-2-3-4-5-6-7-8-9/h2-9H2,1H3",IOQPZZOEVPZRBK-UHFFFAOYSA-N
3485,n-tert-butyl-acetamide,9.041392685,762-84-5,CC(=O)NC(C)(C)C,,,https://doi.org/10.1021/acsestengg.5c00291,alkane,Aliphatic hydrocarbons,"InChI=1S/C6H13NO/c1-5(8)7-6(2,3)4/h1-4H3,(H,7,8)",ACYFWRHALJTSCF-UHFFFAOYSA-N
3486,nalidixic acid,9.83,1887014-17-6,CCn1cc(C(=O)O)c(=O)c2ccc(C)nc21,7,25,https://doi.org/10.1021/acs.est.4c11950,cyclo,Aromatic & PAHs,"InChI=1S/C12H12N2O3/c1-3-14-6-9(12(16)17)10(15)8-5-4-7(2)13-11(8)14/h4-6H,3H2,1-2H3,(H,16,17)",MHWLWQUZZRMNGJ-UHFFFAOYSA-N
3487,naphthalen-1-ol,10.11394335,,Oc1cccc2ccccc12,,,https://doi.org/10.1021/acs.est.1c05572,alcohol,Oxygenated organics,"InChI=1S/C10H8O/c11-10-7-3-5-8-4-1-2-6-9(8)10/h1-7,11H",KJCVRFUGPWSIIH-UHFFFAOYSA-N
3488,naphthalen-1-yl N-methylcarbamate,9.531478917,28837-62-9,CNC(=O)Oc1cccc2ccccc12,,,https://doi.org/10.1021/acs.est.1c04596,alcohol,Oxygenated organics,"InChI=1S/C12H11NO2/c1-13-12(14)15-11-8-4-6-9-5-2-3-7-10(9)11/h2-8H,1H3,(H,13,14)",CVXBEEMKQHEXEN-UHFFFAOYSA-N
3489,naphthalen-2-ol,10.11394335,784984-58-3,Oc1ccc2ccccc2c1,,,https://doi.org/10.1021/acs.est.1c05416,alcohol,Oxygenated organics,"InChI=1S/C10H8O/c11-10-6-5-8-3-1-2-4-9(8)7-10/h1-7,11H",JWAZRIHNYRIHIV-UHFFFAOYSA-N
3490,naphthalene,10.08,1146-65-2,c1ccc2ccccc2c1,5,25,NIST,benzene,Aromatic & PAHs,InChI=1S/C10H8/c1-2-6-10-8-4-3-7-9(10)5-1/h1-8H,UFWIBTONFRDIAS-UHFFFAOYSA-N
3491,naphthalene,9.93,1146-65-2,c1ccc2ccccc2c1,7,25,NIST,benzene,Aromatic & PAHs,InChI=1S/C10H8/c1-2-6-10-8-4-3-7-9(10)5-1/h1-8H,UFWIBTONFRDIAS-UHFFFAOYSA-N
3492,naproxen,9.635483747,119166-66-4,COc1ccc2cc([C@H](C)C(=O)O)ccc2c1,,,https://doi.org/10.1021/acs.est.1c04406,alcohol,Oxygenated organics,"InChI=1S/C14H14O3/c1-9(14(15)16)10-3-4-12-8-13(17-2)6-5-11(12)7-10/h3-9H,1-2H3,(H,15,16)/t9-/m0/s1",CMWTZPSULFXXJA-VIFPVBQESA-N
3493,naproxen anion,10.38,119166-66-4,COc1ccc2cc(C(C)C(=O)O)ccc2c1,7.2,25,NIST,alcohol,Oxygenated organics,"InChI=1S/C14H14O3/c1-9(14(15)16)10-3-4-12-8-13(17-2)6-5-11(12)7-10/h3-9H,1-2H3,(H,15,16)",CMWTZPSULFXXJA-UHFFFAOYSA-N
3494,narasin,9.56,58334-78-4,CC[C@@H](C(=O)[C@@H](C)[C@@H](O)[C@H](C)[C@@H]1O[C@@H]([C@@H](CC)C(=O)O)[C@@H](C)C[C@@H]1C)[C@H]1O[C@]2(C=C[C@@H](O)[C@]3(CC[C@@](C)([C@H]4CC[C@](O)(CC)[C@H](C)O4)O3)O2)[C@H](C)C[C@@H]1C,7,25,10.1021/es3052685,diol,Polyfunctional / highly functionalized,"InChI=1S/C43H72O11/c1-12-30(35(46)27(8)34(45)28(9)36-23(4)21-24(5)37(51-36)31(13-2)39(47)48)38-25(6)22-26(7)42(52-38)18-15-32(44)43(54-42)20-19-40(11,53-43)33-16-17-41(49,14-3)29(10)50-33/h15,18,23-34,36-38,44-45,49H,12-14,16-17,19-22H2,1-11H3,(H,47,48)/t23-,24-,25-,26+,27-,28-,29-,30-,31+,32+,33+,34+,36+,37+,38-,40-,41+,42-,43-/m0/s1",VHKXXVVRRDYCIK-CWCPJSEDSA-N
3495,"nickel(II) 3,7-bis(2-aminoethyl)-1,3,5,7-tetraazabicyclo[3.3.1]nonane",10.2,105949-67-5,NCCN1CN2CN(CCN)CN(C1)C2.[Ni+2],7,25,NIST,halogenated,Halogenated organics,InChI=1S/C9H22N6.Ni/c10-1-3-12-5-14-7-13(4-2-11)8-15(6-12)9-14;/h1-11H2;/q;+2,FQVBREZACBPYPW-UHFFFAOYSA-N
3496,"nickel(II), 1,4,7,10,13-pentaazacyclohexadecane",9.7,116670-14-5,C1CNCCNCCNCCNCCNC1.[Ni+2],7,25,NIST,cyclo,Aromatic & PAHs,"InChI=1S/C11H27N5.Ni/c1-2-12-4-6-14-8-10-16-11-9-15-7-5-13-3-1;/h12-16H,1-11H2;/q;+2",LJWFUFVIQLQFKM-UHFFFAOYSA-N
3497,nicotinamide,9.15,2117346-85-5,C1=CC(=CN=C1)C(=O)N,5.9,25,https://doi.org/10.1021/acs.est.4c11950,halogenated,Halogenated organics,"InChI=1S/C6H6N2O/c7-6(9)5-2-1-3-8-4-5/h1-4H,(H2,7,9)",DFPAKSUCGFBDDF-UHFFFAOYSA-N
3498,nicotinamide,8.26,2117346-85-5,C1=CC(=CN=C1)C(=O)N,1,25,NIST,halogenated,Halogenated organics,"InChI=1S/C6H6N2O/c7-6(9)5-2-1-3-8-4-5/h1-4H,(H2,7,9)",DFPAKSUCGFBDDF-UHFFFAOYSA-N
3499,nicotinamide,9.18,2117346-85-5,C1=CC(=CN=C1)C(=O)N,9,25,https://doi.org/10.1021/acs.est.4c11950,halogenated,Halogenated organics,"InChI=1S/C6H6N2O/c7-6(9)5-2-1-3-8-4-5/h1-4H,(H2,7,9)",DFPAKSUCGFBDDF-UHFFFAOYSA-N
3500,nicotinamide adenine dinucleotide,9.72,108321-29-5,NC(=O)c1ccc[n+](C2OC(COP(=O)([O-])OP(=O)(O)OCC3OC(n4cnc5c(N)ncnc54)C(O)C3O)C(O)C2O)c1,7,25,NIST,diol,Polyfunctional / highly functionalized,"InChI=1S/C21H27N7O14P2/c22-17-12-19(25-7-24-17)28(8-26-12)21-16(32)14(30)11(41-21)6-39-44(36,37)42-43(34,35)38-5-10-13(29)15(31)20(40-10)27-3-1-2-9(4-27)18(23)33/h1-4,7-8,10-11,13-16,20-21,29-32H,5-6H2,(H5-,22,23,24,25,33,34,35,36,37)",BAWFJGJZGIEFAR-UHFFFAOYSA-N
3501,nicotinamide mononucleotide,9.18,108347-85-9,NC(=O)c1ccc[n+]([C@@H]2O[C@H](COP(=O)([O-])O)[C@@H](O)[C@H]2O)c1,7,25,NIST,cyclo,Aromatic & PAHs,"InChI=1S/C11H15N2O8P/c12-10(16)6-2-1-3-13(4-6)11-9(15)8(14)7(21-11)5-20-22(17,18)19/h1-4,7-9,11,14-15H,5H2,(H3-,12,16,17,18,19)/t7-,8-,9-,11-/m1/s1",DAYLJWODMCOQEW-TURQNECASA-N
3502,nicotinamide-N-oxide,9.32,1986-81-8,O=C([NH2+][O-])c1cccnc1,7,25,https://doi.org/10.1021/acs.est.4c11950,cyclo,Aromatic & PAHs,"InChI=1S/C6H6N2O2/c9-6(8-10)5-2-1-3-7-4-5/h1-4H,8H2",ZFFBMPJPNAHVLI-UHFFFAOYSA-N
3503,nicotinamide-N-oxide,9.32,1986-81-8,NC(=O)C1=C[NH+2]([O-])C=C[CH-]1,7,25,NIST,halogenated,Halogenated organics,,
3504,nicotinate ion,9.36,,O=C([O-])c1cccnc1,9.1,25,NIST,cyclo,Aromatic & PAHs,"InChI=1S/C6H5NO2/c8-6(9)5-2-1-3-7-4-5/h1-4H,(H,8,9)/p-1",PVNIIMVLHYAWGP-UHFFFAOYSA-M
3505,nicotinate ion,9.4,,O=C([O-])c1cccnc1,6,25,NIST,cyclo,Aromatic & PAHs,"InChI=1S/C6H5NO2/c8-6(9)5-2-1-3-7-4-5/h1-4H,(H,8,9)/p-1",PVNIIMVLHYAWGP-UHFFFAOYSA-M
3506,nicotinic acid,8.41,2137578-03-9,OC(=O)c1cccnc1,3.1,25,https://doi.org/10.1021/acs.est.4c11950,alcohol,Oxygenated organics,"InChI=1S/C6H5NO2/c8-6(9)5-2-1-3-7-4-5/h1-4H,(H,8,9)",PVNIIMVLHYAWGP-UHFFFAOYSA-N
3507,nicotinic acid,7.34,2137578-03-9,OC(=O)c1cccnc1,9,25,https://doi.org/10.1021/acs.est.4c11950,alcohol,Oxygenated organics,"InChI=1S/C6H5NO2/c8-6(9)5-2-1-3-7-4-5/h1-4H,(H,8,9)",PVNIIMVLHYAWGP-UHFFFAOYSA-N
3508,nicotinic acid,7.41,2137578-03-9,OC(=O)c1cccnc1,1,25,NIST,alcohol,Oxygenated organics,"InChI=1S/C6H5NO2/c8-6(9)5-2-1-3-7-4-5/h1-4H,(H,8,9)",PVNIIMVLHYAWGP-UHFFFAOYSA-N
3509,nicotinurate ion,9.04,14609-76-8,O=C(O)CNC(=O)c1cccnc1,7.5,25,NIST,cyclo,Aromatic & PAHs,"InChI=1S/C8H8N2O3/c11-7(12)5-10-8(13)6-2-1-3-9-4-6/h1-4H,5H2,(H,10,13)(H,11,12)",ZBSGKPYXQINNGF-UHFFFAOYSA-N
3510,nicotinylglycine,9.04,583-08-4,O=C(O)CNCc1cccnc1,7,25,https://doi.org/10.1021/acs.est.4c11950,cyclo,Aromatic & PAHs,"InChI=1S/C8H10N2O2/c11-8(12)6-10-5-7-2-1-3-9-4-7/h1-4,10H,5-6H2,(H,11,12)",FCJPXSDDZZUPQJ-UHFFFAOYSA-N
3511,nifuroxime,10,6236-05-1,C1=C(OC(=C1)[N+](=O)[O-])/C=N\O,,,https://doi.org/10.1021/acsestengg.5c00515,halogenated,Halogenated organics,"InChI=1S/C5H4N2O4/c8-6-3-4-1-2-5(11-4)7(9)10/h1-3,8H/b6-3-",PTBKFATYSVLSSD-UTCJRWHESA-N
3512,nifuroxime,10,555-15-7,O/N=C/c1oc(cc1)[N+]([O-])=O,7,25,https://doi.org/10.1021/acs.est.4c11950,diol,Polyfunctional / highly functionalized,"InChI=1S/C5H4N2O4/c8-6-3-4-1-2-5(11-4)7(9)10/h1-3,8H/b6-3+",PTBKFATYSVLSSD-ZZXKWVIFSA-N
3513,nifuroxime,10,555-15-7,O=[N+]([O-])c1ccc(C=NO)o1,,,https://doi.org/10.1021/acs.est.1c04405,halogenated,Halogenated organics,"InChI=1S/C5H4N2O4/c8-6-3-4-1-2-5(11-4)7(9)10/h1-3,8H",PTBKFATYSVLSSD-UHFFFAOYSA-N
3514,nitrilotriacetate ion,8.88,28528-44-1,O=C([O-])CN(CC(=O)[O-])CC(=O)[O-],4,25,NIST,diol,Polyfunctional / highly functionalized,"InChI=1S/C6H9NO6/c8-4(9)1-7(2-5(10)11)3-6(12)13/h1-3H2,(H,8,9)(H,10,11)(H,12,13)/p-3",MGFYIUFZLHCRTH-UHFFFAOYSA-K
3515,nitrilotriacetate ion,9.4,28528-44-1,O=C([O-])CN(CC(=O)[O-])CC(=O)[O-],9,25,NIST,diol,Polyfunctional / highly functionalized,"InChI=1S/C6H9NO6/c8-4(9)1-7(2-5(10)11)3-6(12)13/h1-3H2,(H,8,9)(H,10,11)(H,12,13)/p-3",MGFYIUFZLHCRTH-UHFFFAOYSA-K
3516,nitrilotriacetatocobaltate(II) ion,9.35,15158-11-9,O=C([O-])CN(CC(=O)[O-])CC(=O)[O-].[Co+2],7,25,NIST,diol,Polyfunctional / highly functionalized,"InChI=1S/C6H9NO6.Co/c8-4(9)1-7(2-5(10)11)3-6(12)13;/h1-3H2,(H,8,9)(H,10,11)(H,12,13);/q;+2/p-3",KBRVZMLUGBMYEF-UHFFFAOYSA-K
3517,nitrilotriacetatozincate(II) ion,9.3,15158-11-9,O=C([O-])CN(CC(=O)[O-])CC(=O)[O-].[Zn+2],7,25,NIST,diol,Polyfunctional / highly functionalized,"InChI=1S/C6H9NO6.Zn/c8-4(9)1-7(2-5(10)11)3-6(12)13;/h1-3H2,(H,8,9)(H,10,11)(H,12,13);/q;+2/p-3",OUZIZSDIHWTACR-UHFFFAOYSA-K
3518,nitrilotriacetic acid,9.322219295,139-13-9,C(C(=O)O)N(CC(=O)O)CC(=O)O,,,https://doi.org/10.1021/acsestengg.5c00319,diol,Polyfunctional / highly functionalized,"InChI=1S/C6H9NO6/c8-4(9)1-7(2-5(10)11)3-6(12)13/h1-3H2,(H,8,9)(H,10,11)(H,12,13)",MGFYIUFZLHCRTH-UHFFFAOYSA-N
3519,nitrilotriacetic acid,9.322219295,1391068-21-5,O=C(O)CN(CC(=O)O)CC(=O)O,,,https://doi.org/10.1021/acs.est.1c05337,diol,Polyfunctional / highly functionalized,"InChI=1S/C6H9NO6/c8-4(9)1-7(2-5(10)11)3-6(12)13/h1-3H2,(H,8,9)(H,10,11)(H,12,13)",MGFYIUFZLHCRTH-UHFFFAOYSA-N
3520,nitrilotriacetic acid,9.32,1391068-21-5,OC(=O)CN(CC(O)=O)CC(O)=O,0,25,https://doi.org/10.1021/acs.est.4c11950,diol,Polyfunctional / highly functionalized,"InChI=1S/C6H9NO6/c8-4(9)1-7(2-5(10)11)3-6(12)13/h1-3H2,(H,8,9)(H,10,11)(H,12,13)",MGFYIUFZLHCRTH-UHFFFAOYSA-N
3521,nitrobenzene,9.51,89059-37-0,[O-][N+](=O)c1ccccc1,7,25,https://doi.org/10.1021/acs.est.4c11950,benzene,Aromatic & PAHs,InChI=1S/C6H5NO2/c8-7(9)6-4-2-1-3-5-6/h1-5H,LQNUZADURLCDLV-UHFFFAOYSA-N
3522,nitrobenzene,9.591064607,89059-37-0,O=[N+]([O-])c1ccccc1,,,https://doi.org/10.1021/acs.est.1c05693,benzene,Aromatic & PAHs,InChI=1S/C6H5NO2/c8-7(9)6-4-2-1-3-5-6/h1-5H,LQNUZADURLCDLV-UHFFFAOYSA-N
3523,nitrobenzene,9.591064607,98-95-3,C1=CC=C(C=C1)[N+](=O)[O-],,,https://doi.org/10.1021/acsestengg.5c00385,halogenated,Halogenated organics,InChI=1S/C6H5NO2/c8-7(9)6-4-2-1-3-5-6/h1-5H,LQNUZADURLCDLV-UHFFFAOYSA-N
3524,nitrochymotrypsin,10.57,,Oc1ccc2cc(Oc3ccc(Cl)cc3O)ccc2c1,6.9,25,NIST,alcohol,Oxygenated organics,"InChI=1S/C16H11ClO3/c17-12-3-6-16(15(19)9-12)20-14-5-2-10-7-13(18)4-1-11(10)8-14/h1-9,18-19H",JPSDMABQCFCGLC-UHFFFAOYSA-N
3525,nitrofuraldehyde,9.74,1346601-92-0,[O-][N+](=O)c1ccoc1C=O,7,25,https://doi.org/10.1021/acs.est.4c11950,diol,Polyfunctional / highly functionalized,InChI=1S/C5H3NO4/c7-3-5-4(6(8)9)1-2-10-5/h1-3H,XPEJRQSXLRKGBZ-UHFFFAOYSA-N
3526,nitrofurazone(cis),10.03,1217220-85-3,NC(=O)N/N=C/c1oc(cc1)[N+]([O-])=O,7,25,https://doi.org/10.1021/acs.est.4c11950,alcohol,Oxygenated organics,"InChI=1S/C6H6N4O4/c7-6(11)9-8-3-4-1-2-5(14-4)10(12)13/h1-3H,(H3,7,9,11)/b8-3+",IAIWVQXQOWNYOU-FPYGCLRLSA-N
3527,nitrofurazone(trans),10.04,1217220-85-3,NC(=O)N/N=C/c1oc(cc1)[N+]([O-])=O,7,25,Zhong et al.,alcohol,Oxygenated organics,"InChI=1S/C6H6N4O4/c7-6(11)9-8-3-4-1-2-5(14-4)10(12)13/h1-3H,(H3,7,9,11)/b8-3+",IAIWVQXQOWNYOU-FPYGCLRLSA-N
3528,nitrofuroic acid,9.72,858795-54-7,OC(=O)c1occc1[N+]([O-])=O,7,25,https://doi.org/10.1021/acs.est.4c11950,diol,Polyfunctional / highly functionalized,"InChI=1S/C5H3NO5/c7-5(8)4-3(6(9)10)1-2-11-4/h1-2H,(H,7,8)",RTVFCULWIQNEPD-UHFFFAOYSA-N
3529,nitrosobenzene,10.26,138272-17-0,O=Nc1ccccc1,7,25,https://doi.org/10.1021/acs.est.4c11950,benzene,Aromatic & PAHs,InChI=1S/C6H5NO/c8-7-6-4-2-1-3-5-6/h1-5H,NLRKCXQQSUWLCH-UHFFFAOYSA-N
3530,no name,9.66,1181082-93-8,Cc1ccc(C)n1C(C)C(=O)O,7,25,NIST,alkane,Aliphatic hydrocarbons,"InChI=1S/C9H13NO2/c1-6-4-5-7(2)10(6)8(3)9(11)12/h4-5,8H,1-3H3,(H,11,12)",KMPVHPUUCYAQFR-UHFFFAOYSA-N
3531,nordihydroguaiaretic acid,10.18,500-38-9,C[C@@H](Cc1ccc(O)c(O)c1)[C@H](C)Cc1ccc(O)c(O)c1,7,25,NIST,benzene,Aromatic & PAHs,"InChI=1S/C18H22O4/c1-11(7-13-3-5-15(19)17(21)9-13)12(2)8-14-4-6-16(20)18(22)10-14/h3-6,9-12,19-22H,7-8H2,1-2H3/t11-,12+",HCZKYJDFEPMADG-TXEJJXNPSA-N
3532,norfloxacin,9.82,1426313-01-0,CCn1cc(C(=O)O)c(=O)c2cc(F)c(N3CCNCC3)cc21,7,25,https://doi.org/10.1021/acs.est.4c11950,benzene,Aromatic & PAHs,"InChI=1S/C16H18FN3O3/c1-2-19-9-11(16(22)23)15(21)10-7-12(17)14(8-13(10)19)20-5-3-18-4-6-20/h7-9,18H,2-6H2,1H3,(H,22,23)",OGJPXUAPXNRGGI-UHFFFAOYSA-N
3533,norpseudopelletierine N-oxyl,9.86,57625-08-8,[O]N1C2CCCC1CC(=O)C2,10.5,25,NIST,cyclo,Aromatic & PAHs,"InChI=1S/C8H12NO2/c10-8-4-6-2-1-3-7(5-8)9(6)11/h6-7H,1-5H2",AMZBXNVXJGUYMF-UHFFFAOYSA-N
3534,norpseudopelletierine N-oxyl,9.65,57625-08-8,[O]N1C2CCCC1CC(=O)C2,7,25,NIST,cyclo,Aromatic & PAHs,"InChI=1S/C8H12NO2/c10-8-4-6-2-1-3-7(5-8)9(6)11/h6-7H,1-5H2",AMZBXNVXJGUYMF-UHFFFAOYSA-N
3535,o-Nitrophenyl-beta-D-glucopyranoside,9.62324929,2816-24-2,O=[N+]([O-])c1ccccc1OC1OC(CO)C(O)C(O)C1O,,,https://doi.org/10.1021/acs.est.1c05033,diol,Polyfunctional / highly functionalized,"InChI=1S/C12H15NO8/c14-5-8-9(15)10(16)11(17)12(21-8)20-7-4-2-1-3-6(7)13(18)19/h1-4,8-12,14-17H,5H2",KUWPCJHYPSUOFW-UHFFFAOYSA-N
3536,o-Tolyl-beta-D-glucopyranoside,9.672097858,7234-31-3,Cc1ccccc1O[C@@H]1O[C@H](CO)[C@@H](O)[C@H](O)[C@H]1O,,,https://doi.org/10.1021/acs.est.1c04913,diol,Polyfunctional / highly functionalized,"InChI=1S/C13H18O6/c1-7-4-2-3-5-8(7)18-13-12(17)11(16)10(15)9(6-14)19-13/h2-5,9-17H,6H2,1H3/t9-,10-,11+,12-,13-/m1/s1",ZMPMKKJITSCZNU-UJPOAAIJSA-N
3537,o-cresol,10.04,68400-73-7,Cc1ccccc1O,9,25,https://doi.org/10.1021/acs.est.4c11950,benzene,Aromatic & PAHs,"InChI=1S/C7H8O/c1-6-4-2-3-5-7(6)8/h2-5,8H,1H3",QWVGKYWNOKOFNN-UHFFFAOYSA-N
3538,o-cresol,10.04139269,95-48-7,CC1=CC=CC=C1O,,,https://doi.org/10.1021/acsestengg.5c00404,cyclo,Aromatic & PAHs,"InChI=1S/C7H8O/c1-6-4-2-3-5-7(6)8/h2-5,8H,1H3",QWVGKYWNOKOFNN-UHFFFAOYSA-N
3539,o-difluorobenzene,9.88,2369-30-4,Fc1ccccc1F,7,25,https://doi.org/10.1021/acs.est.4c11950,benzene,Aromatic & PAHs,InChI=1S/C6H4F2/c7-5-3-1-2-4-6(5)8/h1-4H,GOYDNIKZWGIXJT-UHFFFAOYSA-N
3540,o-difluorobenzene,9.875061263,367-11-3,C1=CC=C(C(=C1)F)F,,,https://doi.org/10.1021/acsestengg.5c00422,halogenated,Halogenated organics,InChI=1S/C6H4F2/c7-5-3-1-2-4-6(5)8/h1-4H,GOYDNIKZWGIXJT-UHFFFAOYSA-N
3541,o-iodohippurate ion,9.72,7230-65-1,O=C([O-])CNC(=O)c1ccccc1I,7,25,NIST,benzene,Aromatic & PAHs,"InChI=1S/C9H8INO3/c10-7-4-2-1-3-6(7)9(14)11-5-8(12)13/h1-4H,5H2,(H,11,14)(H,12,13)/p-1",CORFWQGVBFFZHF-UHFFFAOYSA-M
3542,o-nitrophenyl-beta-D-glucopyranoside,9.62,2816-24-2,O=[N+]([O-])c1ccccc1OC1OC(CO)C(O)C(O)C1O,7,25,https://doi.org/10.1021/acs.est.4c11950,diol,Polyfunctional / highly functionalized,"InChI=1S/C12H15NO8/c14-5-8-9(15)10(16)11(17)12(21-8)20-7-4-2-1-3-6(7)13(18)19/h1-4,8-12,14-17H,5H2",KUWPCJHYPSUOFW-UHFFFAOYSA-N
3543,o-phenanthroline,9.97,14729-20-5,c1cnc2c(c1)ccc1cccnc12,6.7,25,NIST,cyclo,Aromatic & PAHs,InChI=1S/C12H8N2/c1-3-9-5-6-10-4-2-8-14-12(10)11(9)13-7-1/h1-8H,DGEZNRSVGBDHLK-UHFFFAOYSA-N
3544,o-phenanthroline,9.93,14729-20-5,c1cnc2c(c1)ccc1cccnc12,6,25,NIST,cyclo,Aromatic & PAHs,InChI=1S/C12H8N2/c1-3-9-5-6-10-4-2-8-14-12(10)11(9)13-7-1/h1-8H,DGEZNRSVGBDHLK-UHFFFAOYSA-N
3545,o-phenanthroline,9.77,14729-20-5,c1cnc2c(c1)ccc1cccnc12,3,25,NIST,cyclo,Aromatic & PAHs,InChI=1S/C12H8N2/c1-3-9-5-6-10-4-2-8-14-12(10)11(9)13-7-1/h1-8H,DGEZNRSVGBDHLK-UHFFFAOYSA-N
3546,o-phenanthroline,9.85,14729-20-5,c1cnc2c(c1)ccc1cccnc12,7,25,NIST,cyclo,Aromatic & PAHs,InChI=1S/C12H8N2/c1-3-9-5-6-10-4-2-8-14-12(10)11(9)13-7-1/h1-8H,DGEZNRSVGBDHLK-UHFFFAOYSA-N
3547,o-tolyl-beta-D-glucopyranoside,9.67,7234-31-3,Cc1ccccc1O[C@@H]1O[C@H](CO)[C@@H](O)[C@H](O)[C@H]1O,7,25,https://doi.org/10.1021/acs.est.4c11950,diol,Polyfunctional / highly functionalized,"InChI=1S/C13H18O6/c1-7-4-2-3-5-8(7)18-13-12(17)11(16)10(15)9(6-14)19-13/h2-5,9-17H,6H2,1H3/t9-,10-,11+,12-,13-/m1/s1",ZMPMKKJITSCZNU-UJPOAAIJSA-N
3548,o-xylene,9.83,95-47-6,Cc1ccccc1C,7,25,NIST,benzene,Aromatic & PAHs,"InChI=1S/C8H10/c1-7-5-3-4-6-8(7)2/h3-6H,1-2H3",CTQNGGLPUBDAKN-UHFFFAOYSA-N
3549,o-xylene,9.826074803,95-47-6,CC1=CC=CC=C1C,,,https://doi.org/10.1021/acsestengg.5c00445,cyclo,Aromatic & PAHs,"InChI=1S/C8H10/c1-7-5-3-4-6-8(7)2/h3-6H,1-2H3",CTQNGGLPUBDAKN-UHFFFAOYSA-N
3550,octacyanomolybdate(IV) ion,9.76,22542-05-8,[C-]#N.[C-]#N.[C-]#N.[C-]#N.[C-]#N.[C-]#N.[C-]#N.[C-]#N.[Mo+4],6.5,25,NIST,halogenated,Halogenated organics,InChI=1S/8CN.Mo/c8*1-2;/q8*-1;+4,JZKVHJBDGMTVSM-UHFFFAOYSA-N
3551,octan-1-amine,10.16435286,2089258-60-4,CCCCCCCCN,,,https://doi.org/10.1021/acs.est.1c04914,alkane,Aliphatic hydrocarbons,"InChI=1S/C8H19N/c1-2-3-4-5-6-7-8-9/h2-9H2,1H3",IOQPZZOEVPZRBK-UHFFFAOYSA-N
3552,octane,9.959041392,111-65-9,CCCCCCCC,,,https://doi.org/10.1021/acsestengg.5c00140,alkane,Aliphatic hydrocarbons,"InChI=1S/C8H18/c1-3-5-7-8-6-4-2/h3-8H2,1-2H3",TVMXDCGIABBOFY-UHFFFAOYSA-N
3553,octane,9.959041392,329-94-2,CCCCCCCC,,,https://doi.org/10.1021/acs.est.1c04407,alkane,Aliphatic hydrocarbons,"InChI=1S/C8H18/c1-3-5-7-8-6-4-2/h3-8H2,1-2H3",TVMXDCGIABBOFY-UHFFFAOYSA-N
3554,octane,9.96,329-94-2,CCCCCCCC,2,25,https://doi.org/10.1021/acs.est.4c11950,alkane,Aliphatic hydrocarbons,"InChI=1S/C8H18/c1-3-5-7-8-6-4-2/h3-8H2,1-2H3",TVMXDCGIABBOFY-UHFFFAOYSA-N
3555,octyl alcohol,9.89,220713-26-8,CCCCCCCCO,2,25,NIST,alkane,Aliphatic hydrocarbons,"InChI=1S/C8H18O/c1-2-3-4-5-6-7-8-9/h9H,2-8H2,1H3",KBPLFHHGFOOTCA-UHFFFAOYSA-N
3556,octylsulfate ion,9.81,82010-77-3,CCCCCCCCOS(=O)(=O)[O-],7,25,NIST,"sulfide, disulfide",Sulfur-containing organics,"InChI=1S/C8H18O4S/c1-2-3-4-5-6-7-8-12-13(9,10)11/h2-8H2,1H3,(H,9,10,11)/p-1",UZZYXUGECOQHPU-UHFFFAOYSA-M
3557,ofloxacin,9.71,97791-27-0,CC1COc2c(N3CCN(C)CC3)c(F)cc3c(=O)c(C(=O)O)cn1c23,9,25,10.1080/01919512.2013.771530,alcohol,Oxygenated organics,"InChI=1S/C18H20FN3O4/c1-10-9-26-17-14-11(16(23)12(18(24)25)8-22(10)14)7-13(19)15(17)21-5-3-20(2)4-6-21/h7-8,10H,3-6,9H2,1-2H3,(H,24,25)",GSDSWSVVBLHKDQ-UHFFFAOYSA-N
3558,ofloxacin,9.51,97791-27-0,CC1COc2c(N3CCN(C)CC3)c(F)cc3c(=O)c(C(=O)O)cn1c23,4,25,10.1080/01919512.2013.771530,alcohol,Oxygenated organics,"InChI=1S/C18H20FN3O4/c1-10-9-26-17-14-11(16(23)12(18(24)25)8-22(10)14)7-13(19)15(17)21-5-3-20(2)4-6-21/h7-8,10H,3-6,9H2,1-2H3,(H,24,25)",GSDSWSVVBLHKDQ-UHFFFAOYSA-N
3559,ophthalmic acid,9.84,82147-32-8,CC[C@H](N)C(=O)N(CC(=O)O)C(=O)CC[C@H](N)C(=O)O,10.6,25,NIST,alkane,Aliphatic hydrocarbons,"InChI=1S/C11H19N3O6/c1-2-6(12)10(18)14(5-9(16)17)8(15)4-3-7(13)11(19)20/h6-7H,2-5,12-13H2,1H3,(H,16,17)(H,19,20)/t6-,7-/m0/s1",SPLUHYDIQKURQW-BQBZGAKWSA-N
3560,ophthalmic acid,9.28,82147-32-8,CC[C@H](N)C(=O)N(CC(=O)O)C(=O)CC[C@H](N)C(=O)O,4,25,NIST,alkane,Aliphatic hydrocarbons,"InChI=1S/C11H19N3O6/c1-2-6(12)10(18)14(5-9(16)17)8(15)4-3-7(13)11(19)20/h6-7H,2-5,12-13H2,1H3,(H,16,17)(H,19,20)/t6-,7-/m0/s1",SPLUHYDIQKURQW-BQBZGAKWSA-N
3561,orbifloxacin,9.84,113617-63-3,C[C@H]1CN(c2c(F)c(F)c3c(=O)c(C(=O)O)cn(C4CC4)c3c2F)C[C@@H](C)N1,7,25,https://doi.org/10.1021/acs.est.4c11950,cyclo,Aromatic & PAHs,"InChI=1S/C19H20F3N3O3/c1-8-5-24(6-9(2)23-8)17-14(21)13(20)12-16(15(17)22)25(10-3-4-10)7-11(18(12)26)19(27)28/h7-10,23H,3-6H2,1-2H3,(H,27,28)/t8-,9+",QIPQASLPWJVQMH-DTORHVGOSA-N
3562,ornidazole,9.424881637,2389060-45-9,Cc1ncc([N+](=O)[O-])n1CC(O)CCl,,,https://doi.org/10.1021/acs.est.1c05140,alkane,Aliphatic hydrocarbons,"InChI=1S/C7H10ClN3O3/c1-5-9-3-7(11(13)14)10(5)4-6(12)2-8/h3,6,12H,2,4H2,1H3",IPWKIXLWTCNBKN-UHFFFAOYSA-N
3563,ornidazole,9.42,2389060-45-9,Cc1ncc([N+](=O)[O-])n1CC(O)CCl,7,25,https://doi.org/10.1021/acs.est.4c11950,alkane,Aliphatic hydrocarbons,"InChI=1S/C7H10ClN3O3/c1-5-9-3-7(11(13)14)10(5)4-6(12)2-8/h3,6,12H,2,4H2,1H3",IPWKIXLWTCNBKN-UHFFFAOYSA-N
3564,orotate ion,9.83,768386-56-7,O=C([O-])c1cc(=O)[nH]c(=O)[nH]1,5.5,25,NIST,halogenated,Halogenated organics,"InChI=1S/C5H4N2O4/c8-3-1-2(4(9)10)6-5(11)7-3/h1H,(H,9,10)(H2,6,7,8,11)/p-1",PXQPEWDEAKTCGB-UHFFFAOYSA-M
3565,orotate ion,9.81,768386-56-7,O=C([O-])c1cc(=O)[nH]c(=O)[nH]1,5.2,25,NIST,halogenated,Halogenated organics,"InChI=1S/C5H4N2O4/c8-3-1-2(4(9)10)6-5(11)7-3/h1H,(H,9,10)(H2,6,7,8,11)/p-1",PXQPEWDEAKTCGB-UHFFFAOYSA-M
3566,orotate ion,9.71,768386-56-7,O=C([O-])c1cc(=O)[nH]c(=O)[nH]1,7,25,NIST,halogenated,Halogenated organics,"InChI=1S/C5H4N2O4/c8-3-1-2(4(9)10)6-5(11)7-3/h1H,(H,9,10)(H2,6,7,8,11)/p-1",PXQPEWDEAKTCGB-UHFFFAOYSA-M
3567,orotidine,9.6,9024-62-8,O=C(O)c1cc(=O)[nH]c(=O)n1[C@@H]1O[C@H](CO)[C@@H](O)[C@H]1O,7,25,NIST,diol,Polyfunctional / highly functionalized,"InChI=1S/C10H12N2O8/c13-2-4-6(15)7(16)8(20-4)12-3(9(17)18)1-5(14)11-10(12)19/h1,4,6-8,13,15-16H,2H2,(H,17,18)(H,11,14,19)/t4-,6-,7-,8-/m1/s1",FKCRAVPPBFWEJD-XVFCMESISA-N
3568,orotidine monophosphate,9.68,9024-62-8,O=C(O)c1cc(=O)[nH]c(=O)n1C1OC(COP(=O)(O)O)C(O)C1O,7,25,NIST,diol,Polyfunctional / highly functionalized,"InChI=1S/C10H13N2O11P/c13-5-1-3(9(16)17)12(10(18)11-5)8-7(15)6(14)4(23-8)2-22-24(19,20)21/h1,4,6-8,14-15H,2H2,(H,16,17)(H,11,13,18)(H2,19,20,21)",KYOBSHFOBAOFBF-UHFFFAOYSA-N
3569,"osmium(II) tris(2,2'-bipyridine)",10,23648-06-8,[Os+2].c1ccc(-c2ccccn2)nc1.c1ccc(-c2ccccn2)nc1.c1ccc(-c2ccccn2)nc1,7,25,NIST,"sulfide, disulfide",Sulfur-containing organics,InChI=1S/3C10H8N2.Os/c3*1-3-7-11-9(5-1)10-6-2-4-8-12-10;/h3*1-8H;/q;;;+2,RQAMFDNCABNEDI-UHFFFAOYSA-N
3570,oxalate ion,8.04,338-70-5,[O-]C(=O)C([O-])=O,8,15,https://doi.org/10.1021/acs.est.4c11950,halogenated,Halogenated organics,"InChI=1S/C2H2O4/c3-1(4)2(5)6/h(H,3,4)(H,5,6)/p-2",MUBZPKHOEPUJKR-UHFFFAOYSA-L
3571,oxalate ion,8.52,338-70-5,[O-]C(=O)C([O-])=O,8,35,https://doi.org/10.1021/acs.est.4c11950,halogenated,Halogenated organics,"InChI=1S/C2H2O4/c3-1(4)2(5)6/h(H,3,4)(H,5,6)/p-2",MUBZPKHOEPUJKR-UHFFFAOYSA-L
3572,oxalate ion,8.2,338-70-5,[O-]C(=O)C([O-])=O,8,25,https://doi.org/10.1021/acs.est.4c11950,halogenated,Halogenated organics,"InChI=1S/C2H2O4/c3-1(4)2(5)6/h(H,3,4)(H,5,6)/p-2",MUBZPKHOEPUJKR-UHFFFAOYSA-L
3573,oxalate ion,8.7,338-70-5,[O-]C(=O)C([O-])=O,8,45,https://doi.org/10.1021/acs.est.4c11950,halogenated,Halogenated organics,"InChI=1S/C2H2O4/c3-1(4)2(5)6/h(H,3,4)(H,5,6)/p-2",MUBZPKHOEPUJKR-UHFFFAOYSA-L
3574,oxalate ion,8.81,338-70-5,[O-]C(=O)C([O-])=O,8,55,https://doi.org/10.1021/acs.est.4c11950,halogenated,Halogenated organics,"InChI=1S/C2H2O4/c3-1(4)2(5)6/h(H,3,4)(H,5,6)/p-2",MUBZPKHOEPUJKR-UHFFFAOYSA-L
3575,oxalate ion,6.89,338-70-5,[O-]C(=O)C([O-])=O,6,25,https://doi.org/10.1021/acs.est.4c11950,halogenated,Halogenated organics,"InChI=1S/C2H2O4/c3-1(4)2(5)6/h(H,3,4)(H,5,6)/p-2",MUBZPKHOEPUJKR-UHFFFAOYSA-L
3576,oxaldehydic acid,8.770852012,445441-27-0,OC(=O)C=O,,,https://doi.org/10.1021/acs.est.1c05112,alcohol,Oxygenated organics,"InChI=1S/C2H2O3/c3-1-2(4)5/h1H,(H,4,5)",HHLFWLYXYJOTON-UHFFFAOYSA-N
3577,oxalic acid,6.15,6153-56-6,OC(=O)C(O)=O,0.2,25,https://doi.org/10.1021/acs.est.4c11950,alcohol,Oxygenated organics,"InChI=1S/C2H2O4/c3-1(4)2(5)6/h(H,3,4)(H,5,6)",MUBZPKHOEPUJKR-UHFFFAOYSA-N
3578,oxiran-2-ylmethanol,8.672097858,67800-62-8,OCC1CO1,,,https://doi.org/10.1021/acs.est.1c05464,alcohol,Oxygenated organics,"InChI=1S/C3H6O2/c4-1-3-2-5-3/h3-4H,1-2H2",CTKINSOISVBQLD-UHFFFAOYSA-N
3579,oxypurinol,9.7,16220-08-9,O=c1nc2[nH][nH]cc-2c(=O)[nH]1,7,25,NIST,halogenated,Halogenated organics,"InChI=1S/C5H4N4O2/c10-4-2-1-6-9-3(2)7-5(11)8-4/h1H,(H3,6,7,8,9,10,11)",HXNFUBHNUDHIGC-UHFFFAOYSA-N
3580,oxytetracycline,9.75,8017-33-2,CN(C)[C@@H]1C(O)=C(C(N)=O)C(=O)[C@@]2(O)C(O)=C3C(=O)c4c(O)cccc4[C@@](C)(O)[C@H]3[C@H](O)[C@@H]12,7,25,10.1016/j.chemosphere.2009.11.024,halogenated,Halogenated organics,"InChI=1S/C22H24N2O9/c1-21(32)7-5-4-6-8(25)9(7)15(26)10-12(21)17(28)13-14(24(2)3)16(27)11(20(23)31)19(30)22(13,33)18(10)29/h4-6,12-14,17,25,27-29,32-33H,1-3H3,(H2,23,31)/t12-,13-,14+,17+,21-,22+/m1/s1",IWVCMVBTMGNXQD-PXOLEDIWSA-N
3581,oxytetracycline,9.04,8017-33-2,CN(C)[C@@H]1C(=O)/C(=C(\N)O)C(=O)[C@@]2(O)C(=O)[C-]3C(=O)c4c([O-])cccc4[C@@](C)(O)[C@H]3[C@H](O)[C@@H]12.O.O.[Na+].[Na+],1,25,NIST,diol,Polyfunctional / highly functionalized,"InChI=1S/C22H23N2O9.2Na.2H2O/c1-21(32)7-5-4-6-8(25)9(7)15(26)10-12(21)17(28)13-14(24(2)3)16(27)11(20(23)31)19(30)22(13,33)18(10)29;;;;/h4-6,12-14,17,25,28,31-33H,23H2,1-3H3;;;2*1H2/q-1;2*+1;;/p-1/b20-11-;;;;/t12-,13-,14+,17+,21-,22+;;;;/m1..../s1",OLRBUPVCLOPDOT-GETZKYKJSA-M
3582,oxytocin,10.11,75511-62-5,CC[C@H](C)[C@@H]1NC(=O)[C@H](Cc2ccc(O)cc2)NC(=O)[C@@H](N)CSSC[C@@H](C(=O)N2CCC[C@H]2C(=O)N[C@@H](CC(C)C)C(=O)NCC(N)=O)NC(=O)[C@H](CC(N)=O)NC(=O)[C@H](CCC(N)=O)NC1=O,6,25,NIST,diol,Polyfunctional / highly functionalized,"InChI=1S/C43H66N12O12S2/c1-5-22(4)35-42(66)49-26(12-13-32(45)57)38(62)51-29(17-33(46)58)39(63)53-30(20-69-68-19-25(44)36(60)50-28(40(64)54-35)16-23-8-10-24(56)11-9-23)43(67)55-14-6-7-31(55)41(65)52-27(15-21(2)3)37(61)48-18-34(47)59/h8-11,21-22,25-31,35,56H,5-7,12-20,44H2,1-4H3,(H2,45,57)(H2,46,58)(H2,47,59)(H,48,61)(H,49,66)(H,50,60)(H,51,62)(H,52,65)(H,53,63)(H,54,64)/t22-,25-,26-,27-,28-,29-,30-,31-,35-/m0/s1",XNOPRXBHLZRZKH-DSZYJQQASA-N
3583,p-Chlorophenyl-beta-D-glucopyranoside,9.698970004,6032-32-2,OC[C@H]1O[C@@H](Oc2ccc(Cl)cc2)[C@H](O)[C@@H](O)[C@@H]1O,,,https://doi.org/10.1021/acs.est.1c05224,diol,Polyfunctional / highly functionalized,"InChI=1S/C12H15ClO6/c13-6-1-3-7(4-2-6)18-12-11(17)10(16)9(15)8(5-14)19-12/h1-4,8-12,14-17H,5H2/t8-,9-,10+,11-,12-/m1/s1",VTNZLQTUEWINQW-RMPHRYRLSA-N
3584,p-Coumaroylputrescine,9.477121255,34136-53-3,NCCCCNC(=O)/C=C/c1ccc(O)cc1,,,https://doi.org/10.1021/acs.est.1c04678,benzene,Aromatic & PAHs,"InChI=1S/C13H18N2O2/c14-9-1-2-10-15-13(17)8-5-11-3-6-12(16)7-4-11/h3-8,16H,1-2,9-10,14H2,(H,15,17)/b8-5+",CJHDBEPXEKGBDW-VMPITWQZSA-N
3585,p-Hydroxyphenyl-beta-D-glucopyranoside,9.491361694,497-76-7,OCC1OC(Oc2ccc(O)cc2)C(O)C(O)C1O,,,https://doi.org/10.1021/acs.est.1c04640,diol,Polyfunctional / highly functionalized,"InChI=1S/C12H16O7/c13-5-8-9(15)10(16)11(17)12(19-8)18-7-3-1-6(14)2-4-7/h1-4,8-17H,5H2",BJRNKVDFDLYUGJ-UHFFFAOYSA-N
3586,p-Methoxyphenyl-beta-D-glucopyranoside,10,6032-32-2,COc1ccc(O[C@@H]2O[C@H](CO)[C@@H](O)[C@H](O)[C@H]2O)cc1,,,https://doi.org/10.1021/acs.est.1c04458,alcohol,Oxygenated organics,"InChI=1S/C13H18O7/c1-18-7-2-4-8(5-3-7)19-13-12(17)11(16)10(15)9(6-14)20-13/h2-5,9-17H,6H2,1H3/t9-,10-,11+,12-,13-/m1/s1",SIXFVXJMCGPTRB-UJPOAAIJSA-N
3587,p-Nitrophenyl-beta-D-glucopyranoside,9.579783597,2492-87-7,O=[N+]([O-])c1ccc(O[C@@H]2O[C@H](CO)[C@@H](O)[C@H](O)[C@H]2O)cc1,,,https://doi.org/10.1021/acs.est.1c04770,cyclo,Aromatic & PAHs,"InChI=1S/C12H15NO8/c14-5-8-9(15)10(16)11(17)12(21-8)20-7-3-1-6(2-4-7)13(18)19/h1-4,8-12,14-17H,5H2/t8-,9-,10+,11-,12-/m1/s1",IFBHRQDFSNCLOZ-RMPHRYRLSA-N
3588,p-Tolyl-l-D-glucopyranoside,9.505149978,25320-78-9,Cc1ccc(O[C@@H]2O[C@H](CO)[C@@H](O)[C@H](O)[C@H]2O)cc1,,,https://doi.org/10.1021/acs.est.1c05682,cyclo,Aromatic & PAHs,"InChI=1S/C13H18O6/c1-7-2-4-8(5-3-7)18-13-12(17)11(16)10(15)9(6-14)19-13/h2-5,9-17H,6H2,1H3/t9-,10-,11+,12-,13-/m1/s1",MVLBSNPILSLTFZ-UJPOAAIJSA-N
3589,p-coumaroylputrescine,9.48,34136-53-3,NCCCCNC(=O)/C=C/c1ccc(O)cc1,7.4,25,NIST,benzene,Aromatic & PAHs,"InChI=1S/C13H18N2O2/c14-9-1-2-10-15-13(17)8-5-11-3-6-12(16)7-4-11/h3-8,16H,1-2,9-10,14H2,(H,15,17)/b8-5+",CJHDBEPXEKGBDW-VMPITWQZSA-N
3590,p-cresol,10.07918125,106-44-5,CC1=CC=C(C=C1)O,,,https://doi.org/10.1021/acsestengg.5c00405,alkane,Aliphatic hydrocarbons,"InChI=1S/C7H8O/c1-6-2-4-7(8)5-3-6/h2-5,8H,1H3",IWDCLRJOBJJRNH-UHFFFAOYSA-N
3591,p-difluorobenzene,10,540-36-3,C1=CC(=CC=C1F)F,,,https://doi.org/10.1021/acsestengg.5c00423,halogenated,Halogenated organics,InChI=1S/C6H4F2/c7-5-1-2-6(8)4-3-5/h1-4H,QUGUFLJIAFISSW-UHFFFAOYSA-N
3592,p-difluorobenzene,10,1423-09-2,Fc1ccc(F)cc1,7,25,https://doi.org/10.1021/acs.est.4c11950,benzene,Aromatic & PAHs,InChI=1S/C6H4F2/c7-5-1-2-6(8)4-3-5/h1-4H,QUGUFLJIAFISSW-UHFFFAOYSA-N
3593,p-fluorobenzonitrile,9.54,1208078-40-3,Fc1ccc(cc1)C#N,7,25,https://doi.org/10.1021/acs.est.4c11950,halogenated,Halogenated organics,InChI=1S/C7H4FN/c8-7-3-1-6(5-9)2-4-7/h1-4H,AEKVBBNGWBBYLL-UHFFFAOYSA-N
3594,p-fluorobenzonitrile,9.544068044,1208078-40-3,N#Cc1ccc(F)cc1,,,https://doi.org/10.1021/acs.est.1c05045,benzene,Aromatic & PAHs,InChI=1S/C7H4FN/c8-7-3-1-6(5-9)2-4-7/h1-4H,AEKVBBNGWBBYLL-UHFFFAOYSA-N
3595,p-fluorobenzonitrile,9.544068044,1194-02-1,C1=CC(=CC=C1C#N)F,,,https://doi.org/10.1021/acsestengg.5c00420,halogenated,Halogenated organics,InChI=1S/C7H4FN/c8-7-3-1-6(5-9)2-4-7/h1-4H,AEKVBBNGWBBYLL-UHFFFAOYSA-N
3596,p-hydroxyphenyl-beta-D-glucopyranoside,9.49,497-76-7,OCC1OC(Oc2ccc(O)cc2)C(O)C(O)C1O,7,25,https://doi.org/10.1021/acs.est.4c11950,diol,Polyfunctional / highly functionalized,"InChI=1S/C12H16O7/c13-5-8-9(15)10(16)11(17)12(19-8)18-7-3-1-6(14)2-4-7/h1-4,8-17H,5H2",BJRNKVDFDLYUGJ-UHFFFAOYSA-N
3597,p-methoxyphenyl-beta-D-glucopyranoside,10,6032-32-2,COc1ccc(O[C@@H]2O[C@H](CO)[C@@H](O)[C@H](O)[C@H]2O)cc1,7,25,https://doi.org/10.1021/acs.est.4c11950,alcohol,Oxygenated organics,"InChI=1S/C13H18O7/c1-18-7-2-4-8(5-3-7)19-13-12(17)11(16)10(15)9(6-14)20-13/h2-5,9-17H,6H2,1H3/t9-,10-,11+,12-,13-/m1/s1",SIXFVXJMCGPTRB-UJPOAAIJSA-N
3598,p-nitroaniline,10.14612804,100-01-6,C1=CC(=CC=C1N)[N+](=O)[O-],,,https://doi.org/10.1021/acsestengg.5c00427,halogenated,Halogenated organics,"InChI=1S/C6H6N2O2/c7-5-1-3-6(4-2-5)8(9)10/h1-4H,7H2",TYMLOMAKGOJONV-UHFFFAOYSA-N
3599,p-nitroaniline,10.15,43032-53-7,Nc1ccc(cc1)[N+]([O-])=O,6,25,https://doi.org/10.1021/acs.est.4c11950,halogenated,Halogenated organics,"InChI=1S/C6H6N2O2/c7-5-1-3-6(4-2-5)8(9)10/h1-4H,7H2",TYMLOMAKGOJONV-UHFFFAOYSA-N
3600,p-tolyl-l-D-glucopyranoside,9.51,25320-78-9,Cc1ccc(O[C@@H]2O[C@H](CO)[C@@H](O)[C@H](O)[C@H]2O)cc1,7,25,https://doi.org/10.1021/acs.est.4c11950,cyclo,Aromatic & PAHs,"InChI=1S/C13H18O6/c1-7-2-4-8(5-3-7)18-13-12(17)11(16)10(15)9(6-14)19-13/h2-5,9-17H,6H2,1H3/t9-,10-,11+,12-,13-/m1/s1",MVLBSNPILSLTFZ-UJPOAAIJSA-N
3601,p-xylene,9.85,106-42-3,Cc1ccc(C)cc1,7,25,NIST,benzene,Aromatic & PAHs,"InChI=1S/C8H10/c1-7-3-5-8(2)6-4-7/h3-6H,1-2H3",URLKBWYHVLBVBO-UHFFFAOYSA-N
3602,p-xylene,9.84509804,106-42-3,CC1=CC=C(C=C1)C,,,https://doi.org/10.1021/acsestengg.5c00447,alkane,Aliphatic hydrocarbons,"InChI=1S/C8H10/c1-7-3-5-8(2)6-4-7/h3-6H,1-2H3",URLKBWYHVLBVBO-UHFFFAOYSA-N
3603,pantothenate ion,9.65,20938-62-9,CC(C)(CO)[C@@H](O)C(=O)NCCC(=O)[O-],6.6,25,NIST,alkane,Aliphatic hydrocarbons,"InChI=1S/C9H17NO5/c1-9(2,5-11)7(14)8(15)10-4-3-6(12)13/h7,11,14H,3-5H2,1-2H3,(H,10,15)(H,12,13)/p-1/t7-/m0/s1",GHOKWGTUZJEAQD-ZETCQYMHSA-M
3604,papain,10.67,9086-65-1,NCCC(=O)NC(Cc1c[nH]cn1)C(=O)O,6.4,25,NIST,halogenated,Halogenated organics,"InChI=1S/C9H14N4O3/c10-2-1-8(14)13-7(9(15)16)3-6-4-11-5-12-6/h4-5,7H,1-3,10H2,(H,11,12)(H,13,14)(H,15,16)",CQOVPNPJLQNMDC-UHFFFAOYSA-N
3605,parathion,9.99,97067-68-0,CCOP(=S)(OCC)Oc1ccc([N+](=O)[O-])cc1,7,25,https://doi.org/10.1021/acs.est.4c11950,diol,Polyfunctional / highly functionalized,"InChI=1S/C10H14NO5PS/c1-3-14-17(18,15-4-2)16-10-7-5-9(6-8-10)11(12)13/h5-8H,3-4H2,1-2H3",LCCNCVORNKJIRZ-UHFFFAOYSA-N
3606,pazelliptine,9.6,65222-35-7,CCN(CC)CCCNc1nccc2c(C)c3[nH]c4ccncc4c3cc12,7,25,NIST,cyclo,Aromatic & PAHs,"InChI=1S/C22H27N5/c1-4-27(5-2)12-6-9-24-22-18-13-17-19-14-23-10-8-20(19)26-21(17)15(3)16(18)7-11-25-22/h7-8,10-11,13-14,26H,4-6,9,12H2,1-3H3,(H,24,25)",LPHSYQSMAGVYNT-UHFFFAOYSA-N
3607,pelargonidin,8.65,33978-17-5,Oc1ccc(-c2[o+]c3cc(O)cc(O)c3cc2O)cc1,7,25,NIST,alcohol,Oxygenated organics,"InChI=1S/C15H10O5/c16-9-3-1-8(2-4-9)15-13(19)7-11-12(18)5-10(17)6-14(11)20-15/h1-7H,(H3-,16,17,18,19)/p+1",XVFMGWDSJLBXDZ-UHFFFAOYSA-O
3608,pencillamine disulfide,9.98,113626-33-8,CC(C)(SSC(C)(C)[C@H](N)C(=O)O)[C@H](N)C(=O)O,1,25,NIST,alkane,Aliphatic hydrocarbons,"InChI=1S/C10H20N2O4S2/c1-9(2,5(11)7(13)14)17-18-10(3,4)6(12)8(15)16/h5-6H,11-12H2,1-4H3,(H,13,14)(H,15,16)/t5-,6-/m1/s1",POYPKGFSZHXASD-PHDIDXHHSA-N
3609,penicillamine,9.85,1795786-79-6,CC(C)(S)C(N)C(=O)O,1,25,NIST,alkane,Aliphatic hydrocarbons,"InChI=1S/C5H11NO2S/c1-5(2,9)3(6)4(7)8/h3,9H,6H2,1-2H3,(H,7,8)",VVNCNSJFMMFHPL-UHFFFAOYSA-N
3610,penicillamine,9.52,1795786-79-6,CC(C)(S)C(N)C(=O)O,7.4,25,NIST,alkane,Aliphatic hydrocarbons,"InChI=1S/C5H11NO2S/c1-5(2,9)3(6)4(7)8/h3,9H,6H2,1-2H3,(H,7,8)",VVNCNSJFMMFHPL-UHFFFAOYSA-N
3611,penicillin V,9.94,148680-07-3,CC1(C)S[C@@H]2[C@H](NC(=O)COc3ccccc3)C(=O)N2[C@H]1C(=O)[O-],7,25,https://doi.org/10.1021/acs.est.4c11950,"sulfide, disulfide",Sulfur-containing organics,"InChI=1S/C16H18N2O5S/c1-16(2)12(15(21)22)18-13(20)11(14(18)24-16)17-10(19)8-23-9-6-4-3-5-7-9/h3-7,11-12,14H,8H2,1-2H3,(H,17,19)(H,21,22)/p-1/t11-,12+,14-/m1/s1",BPLBGHOLXOTWMN-MBNYWOFBSA-M
3612,pent-1-en-3-one,9.670245853,38940-35-1,CCC(=O)C=C,,,https://doi.org/10.1021/acs.est.1c05038,alkane,Aliphatic hydrocarbons,"InChI=1S/C5H8O/c1-3-5(6)4-2/h3H,1,4H2,2H3",JLIDVCMBCGBIEY-UHFFFAOYSA-N
3613,penta chloro ethane,7,76-01-7,C(C(Cl)(Cl)Cl)(Cl)Cl,,,https://doi.org/10.1021/acsestengg.5c00236,alkane,Aliphatic hydrocarbons,"InChI=1S/C2HCl5/c3-1(4)2(5,6)7/h1H",BNIXVQGCZULYKV-UHFFFAOYSA-N
3614,pentaammine(benzoato)cobalt(III) ion,9.68,22541-63-5,N.N.N.N.N.O=C([O-])c1ccccc1.[Co+3],7,25,NIST,benzene,Aromatic & PAHs,"InChI=1S/C7H6O2.Co.5H3N/c8-7(9)6-4-2-1-3-5-6;;;;;;/h1-5H,(H,8,9);;5*1H3/q;+3;;;;;/p-1",UHSHOOUGYYNHKB-UHFFFAOYSA-M
3615,pentaammine(imidazole)cobalt(III) ion,9.89,22541-63-5,N.N.N.N.N.[Co+3].c1c[nH]cn1,7,25,NIST,halogenated,Halogenated organics,"InChI=1S/C3H4N2.Co.5H3N/c1-2-5-3-4-1;;;;;;/h1-3H,(H,4,5);;5*1H3/q;+3;;;;;",SFJOIODTQPPCHW-UHFFFAOYSA-N
3616,pentaammine(isonicotinamide)cobalt(III) ion,8.9,31279-70-6,N.N.N.N.N.NC(=O)c1ccncc1.[Co+3],5.9,25,NIST,cyclo,Aromatic & PAHs,"InChI=1S/C6H6N2O.Co.5H3N/c7-6(9)5-1-3-8-4-2-5;;;;;;/h1-4H,(H2,7,9);;5*1H3/q;+3;;;;;",UMEOZIQVVRAJRM-UHFFFAOYSA-N
3617,pentaammine(isonicotinamide)ruthenium(II) ion,10.15,31279-70-6,N.N.N.N.N.NC(=O)c1ccncc1.[Ru+2],2.3,25,NIST,cyclo,Aromatic & PAHs,"InChI=1S/C6H6N2O.5H3N.Ru/c7-6(9)5-1-3-8-4-2-5;;;;;;/h1-4H,(H2,7,9);5*1H3;/q;;;;;;+2",XJNBYFPDUCRPSC-UHFFFAOYSA-N
3618,pentaammine(isonicotinamide)ruthenium(III) ion,10.08,31279-70-6,N.N.N.N.N.NC(=O)c1ccncc1.[Ru+3],3.4,25,NIST,cyclo,Aromatic & PAHs,"InChI=1S/C6H6N2O.5H3N.Ru/c7-6(9)5-1-3-8-4-2-5;;;;;;/h1-4H,(H2,7,9);5*1H3;/q;;;;;;+3",AXNTWHDVFGQABN-UHFFFAOYSA-N
3619,pentaammine(nicotinamide)cobalt(III) ion,9.32,22541-63-5,N.N.N.N.N.NC(=O)c1cccnc1.[Co+3],5.9,25,NIST,cyclo,Aromatic & PAHs,"InChI=1S/C6H6N2O.Co.5H3N/c7-6(9)5-2-1-3-8-4-5;;;;;;/h1-4H,(H2,7,9);;5*1H3/q;+3;;;;;",NEPFPTZCCOYNPQ-UHFFFAOYSA-N
3620,pentaammine(pyridine)cobalt(III) ion,8.81,22541-63-5,N.N.N.N.N.[Co+3].c1ccncc1,5.2,25,NIST,cyclo,Aromatic & PAHs,InChI=1S/C5H5N.Co.5H3N/c1-2-4-6-5-3-1;;;;;;/h1-5H;;5*1H3/q;+3;;;;;,SBXILULHZHMGLJ-UHFFFAOYSA-N
3621,pentaammine(pyridine)cobalt(III) ion,8.62,22541-63-5,N.N.N.N.N.[Co+3].c1ccncc1,5.9,25,NIST,cyclo,Aromatic & PAHs,InChI=1S/C5H5N.Co.5H3N/c1-2-4-6-5-3-1;;;;;;/h1-5H;;5*1H3/q;+3;;;;;,SBXILULHZHMGLJ-UHFFFAOYSA-N
3622,pentabromophenoxide ion,9.54,14609-76-8,[O-]c1c(Br)c(Br)c(Br)c(Br)c1Br,8,25,NIST,benzene,Aromatic & PAHs,InChI=1S/C6HBr5O/c7-1-2(8)4(10)6(12)5(11)3(1)9/h12H/p-1,SVHOVVJFOWGYJO-UHFFFAOYSA-M
3623,pentachloroethane,7,76-01-7,C(C(Cl)(Cl)Cl)(Cl)Cl,6,25,https://doi.org/10.1021/acs.est.4c11950,alkane,Aliphatic hydrocarbons,"InChI=1S/C2HCl5/c3-1(4)2(5,6)7/h1H",BNIXVQGCZULYKV-UHFFFAOYSA-N
3624,pentachlorophenoxide ion,9.3,1142-64-9,[O-]c1c(Cl)c(Cl)c(Cl)c(Cl)c1Cl,8,25,NIST,benzene,Aromatic & PAHs,InChI=1S/C6HCl5O/c7-1-2(8)4(10)6(12)5(11)3(1)9/h12H/p-1,IZUPBVBPLAPZRR-UHFFFAOYSA-M
3625,pentacyano(nitrosyl)chromate(II) ion,9.9,18902-42-6,C#N.C#N.C#N.C#N.C#N.[Cr+2].[N]=O,7,25,NIST,halogenated,Halogenated organics,InChI=1S/5CHN.Cr.NO/c5*1-2;;1-2/h5*1H;;/q;;;;;+2;,HNFKHZFAXXNRQL-UHFFFAOYSA-N
3626,pentacyano(nitrosyl)cobaltate(II) ion,8.08,18902-42-6,C#N.C#N.C#N.C#N.C#N.[Co+2].[N]=O,7,25,NIST,halogenated,Halogenated organics,InChI=1S/5CHN.Co.NO/c5*1-2;;1-2/h5*1H;;/q;;;;;+2;,VRIVWIZOGSVSJF-UHFFFAOYSA-N
3627,pentacyano(nitrosyl)manganate(II) ion,9.63,18902-42-6,C#N.C#N.C#N.C#N.C#N.[Mg+2].[N]=O,7,25,NIST,halogenated,Halogenated organics,InChI=1S/5CHN.Mg.NO/c5*1-2;;1-2/h5*1H;;/q;;;;;+2;,KOXHMWUJODWDOI-UHFFFAOYSA-N
3628,pentaerythritol,9.52,65997-11-7,OCC(CO)(CO)CO,9,25,https://doi.org/10.1021/acs.est.4c11950,alcohol,Oxygenated organics,"InChI=1S/C5H12O4/c6-1-5(2-7,3-8)4-9/h6-9H,1-4H2",WXZMFSXDPGVJKK-UHFFFAOYSA-N
3629,pentafluoroacetophenone,9.2,1208078-22-1,CC(=O)C1=C(C(=C(C(=C1F)F)F)F)F,5.9,25,https://doi.org/10.1021/acs.est.4c11950,alkane,Aliphatic hydrocarbons,InChI=1S/C8H3F5O/c1-2(14)3-4(9)6(11)8(13)7(12)5(3)10/h1H3,FBGHCYZBCMDEOX-UHFFFAOYSA-N
3630,pentafluoroacetophenone,9.18,1208078-22-1,CC(=O)C1=C(C(=C(C(=C1F)F)F)F)F,7,25,https://doi.org/10.1021/acs.est.4c11950,alkane,Aliphatic hydrocarbons,InChI=1S/C8H3F5O/c1-2(14)3-4(9)6(11)8(13)7(12)5(3)10/h1H3,FBGHCYZBCMDEOX-UHFFFAOYSA-N
3631,pentafluoroacetophenone (PFA),9.176091259,652-29-9,CC(=O)C1=C(C(=C(C(=C1F)F)F)F)F,,,https://doi.org/10.1021/acsestengg.5c00471,alkane,Aliphatic hydrocarbons,InChI=1S/C8H3F5O/c1-2(14)3-4(9)6(11)8(13)7(12)5(3)10/h1H3,FBGHCYZBCMDEOX-UHFFFAOYSA-N
3632,pentafluoroaniline,9.98,26672-01-5,C1(=C(C(=C(C(=C1F)F)F)F)F)N,7,25,NIST,halogenated,Halogenated organics,InChI=1S/C6H2F5N/c7-1-2(8)4(10)6(12)5(11)3(1)9/h12H2,NOXLGCOSAFGMDV-UHFFFAOYSA-N
3633,pentafluoroaniline,9.98,26672-01-5,FN(F)c1ccc(F)c(F)c1F,7,25,https://doi.org/10.1021/acs.est.4c11950,benzene,Aromatic & PAHs,InChI=1S/C6H2F5N/c7-3-1-2-4(12(10)11)6(9)5(3)8/h1-2H,JHFFDCUKJCATBU-UHFFFAOYSA-N
3634,pentafluoroaniline,9.982271233,771-60-8,C1(=C(C(=C(C(=C1F)F)F)F)F)N,,,https://doi.org/10.1021/acsestengg.5c00474,halogenated,Halogenated organics,InChI=1S/C6H2F5N/c7-1-2(8)4(10)6(12)5(11)3(1)9/h12H2,NOXLGCOSAFGMDV-UHFFFAOYSA-N
3635,pentafluorobenzaldehyde,9.301029996,653-37-2,O=Cc1c(F)c(F)c(F)c(F)c1F,,,https://doi.org/10.1021/acs.est.1c05094,benzene,Aromatic & PAHs,InChI=1S/C7HF5O/c8-3-2(1-13)4(9)6(11)7(12)5(3)10/h1H,QJXCFMJTJYCLFG-UHFFFAOYSA-N
3636,pentafluorobenzaldehyde,9.301029996,653-37-2,C(=O)C1=C(C(=C(C(=C1F)F)F)F)F,,,https://doi.org/10.1021/acsestengg.5c00472,alkane,Aliphatic hydrocarbons,InChI=1S/C7HF5O/c8-3-2(1-13)4(9)6(11)7(12)5(3)10/h1H,QJXCFMJTJYCLFG-UHFFFAOYSA-N
3637,pentafluorobenzaldehyde,9.3,653-37-2,Fc1c(F)c(F)c(C=O)c(F)c1F,7,25,https://doi.org/10.1021/acs.est.4c11950,benzene,Aromatic & PAHs,InChI=1S/C7HF5O/c8-3-2(1-13)4(9)6(11)7(12)5(3)10/h1H,QJXCFMJTJYCLFG-UHFFFAOYSA-N
3638,pentafluorobenzene,9.85,13471-91-5,Fc1cc(F)c(F)c(F)c1F,7,25,"Koester and Asmus, 1973",benzene,Aromatic & PAHs,InChI=1S/C6HF5/c7-2-1-3(8)5(10)6(11)4(2)9/h1H,WACNXHCZHTVBJM-UHFFFAOYSA-N
3639,pentafluorobenzene,9.84509804,363-72-4,C1=C(C(=C(C(=C1F)F)F)F)F,,,https://doi.org/10.1021/acsestengg.5c00453,halogenated,Halogenated organics,InChI=1S/C6HF5/c7-2-1-3(8)5(10)6(11)4(2)9/h1H,WACNXHCZHTVBJM-UHFFFAOYSA-N
3640,pentafluorobenzoic acid,9.04,926021-21-8,OC(=O)c1c(F)c(F)c(F)c(F)c1F,7,25,https://doi.org/10.1021/acs.est.4c11950,alcohol,Oxygenated organics,"InChI=1S/C7HF5O2/c8-2-1(7(13)14)3(9)5(11)6(12)4(2)10/h(H,13,14)",YZERDTREOUSUHF-UHFFFAOYSA-N
3641,pentafluorobenzoic acid,9.041392685,602-94-8,C1(=C(C(=C(C(=C1F)F)F)F)F)C(=O)O,,,https://doi.org/10.1021/acsestengg.5c00473,halogenated,Halogenated organics,"InChI=1S/C7HF5O2/c8-2-1(7(13)14)3(9)5(11)6(12)4(2)10/h(H,13,14)",YZERDTREOUSUHF-UHFFFAOYSA-N
3642,pentafluorobenzoic acid,9.041392685,926021-21-8,O=C(O)c1c(F)c(F)c(F)c(F)c1F,,,https://doi.org/10.1021/acs.est.1c04383,benzene,Aromatic & PAHs,"InChI=1S/C7HF5O2/c8-2-1(7(13)14)3(9)5(11)6(12)4(2)10/h(H,13,14)",YZERDTREOUSUHF-UHFFFAOYSA-N
3643,pentafluorophenol,9.977723605,771-61-9,C1(=C(C(=C(C(=C1F)F)F)F)F)O,,,https://doi.org/10.1021/acsestengg.5c00475,halogenated,Halogenated organics,InChI=1S/C6HF5O/c7-1-2(8)4(10)6(12)5(11)3(1)9/h12H,XBNGYFFABRKICK-UHFFFAOYSA-N
3644,pentafluorophenol,9.98,96157-57-2,Oc1c(F)c(F)c(F)c(F)c1F,7,25,https://doi.org/10.1021/acs.est.4c11950,alcohol,Oxygenated organics,InChI=1S/C6HF5O/c7-1-2(8)4(10)6(12)5(11)3(1)9/h12H,XBNGYFFABRKICK-UHFFFAOYSA-N
3645,pentafluorophenoxide ion,9.66,4615-85-4,[O-]c1c(F)c(F)c(F)c(F)c1F,8,25,NIST,benzene,Aromatic & PAHs,InChI=1S/C6HF5O/c7-1-2(8)4(10)6(12)5(11)3(1)9/h12H/p-1,XBNGYFFABRKICK-UHFFFAOYSA-M
3646,pentamethylbenzene,9.875061263,700-12-9,CC1=CC(=C(C(=C1C)C)C)C,,,https://doi.org/10.1021/acsestengg.5c00454,alkane,Aliphatic hydrocarbons,"InChI=1S/C11H16/c1-7-6-8(2)10(4)11(5)9(7)3/h6H,1-5H3",BEZDDPMMPIDMGJ-UHFFFAOYSA-N
3647,pentamethylbenzene,9.88,13324-25-9,Cc1cc(C)c(C)c(C)c1C,7,25,https://doi.org/10.1021/acs.est.4c11950,benzene,Aromatic & PAHs,"InChI=1S/C11H16/c1-7-6-8(2)10(4)11(5)9(7)3/h6H,1-5H3",BEZDDPMMPIDMGJ-UHFFFAOYSA-N
3648,pentan-1-amine,9.84509804,1019568-24-1,CCCCCN,,,https://doi.org/10.1021/acs.est.1c05024,alkane,Aliphatic hydrocarbons,"InChI=1S/C5H13N/c1-2-3-4-5-6/h2-6H2,1H3",DPBLXKKOBLCELK-UHFFFAOYSA-N
3649,pentan-3-one,9.146128036,109323-28-6,CCC(=O)CC,,,https://doi.org/10.1021/acs.est.1c04515,alkane,Aliphatic hydrocarbons,"InChI=1S/C5H10O/c1-3-5(6)4-2/h3-4H2,1-2H3",FDPIMTJIUBPUKL-UHFFFAOYSA-N
3650,pentane,9.73,90137-38-5,CCCCC,2,25,https://doi.org/10.1021/acs.est.4c11950,alkane,Aliphatic hydrocarbons,"InChI=1S/C5H12/c1-3-5-4-2/h3-5H2,1-2H3",OFBQJSOFQDEBGM-UHFFFAOYSA-N
3651,pentane,9.73239376,109-66-0,CCCCC,,,https://doi.org/10.1021/acsestengg.5c00137,alkane,Aliphatic hydrocarbons,"InChI=1S/C5H12/c1-3-5-4-2/h3-5H2,1-2H3",OFBQJSOFQDEBGM-UHFFFAOYSA-N
3652,pentylazanium,9.67,51325-19-0,CCCCC[NH3+],7,25,NIST,alkane,Aliphatic hydrocarbons,"InChI=1S/C5H13N/c1-2-3-4-5-6/h2-6H2,1H3/p+1",DPBLXKKOBLCELK-UHFFFAOYSA-O
3653,pentylazanium,9.99,51325-19-0,CCCCC[NH3+],4,25,NIST,alkane,Aliphatic hydrocarbons,"InChI=1S/C5H13N/c1-2-3-4-5-6/h2-6H2,1H3/p+1",DPBLXKKOBLCELK-UHFFFAOYSA-O
3654,peroxodisulfate ion,6.54,7727-54-0,O=S(=O)([O-])OOS(=O)(=O)[O-],7,25,NIST,diol,Polyfunctional / highly functionalized,"InChI=1S/H2O8S2/c1-9(2,3)7-8-10(4,5)6/h(H,1,2,3)(H,4,5,6)/p-2",JRKICGRDRMAZLK-UHFFFAOYSA-L
3655,phenethyl alcohol,9.88,107054-74-0,OCCc1ccccc1,7,25,https://doi.org/10.1021/acs.est.4c11950,alcohol,Oxygenated organics,"InChI=1S/C8H10O/c9-7-6-8-4-2-1-3-5-8/h1-5,9H,6-7H2",WRMNZCZEMHIOCP-UHFFFAOYSA-N
3656,phenethylammonium ion,9.99,1629861-75-1,[NH3+]CCc1ccccc1,4,25,NIST,benzene,Aromatic & PAHs,"InChI=1S/C8H11N/c9-7-6-8-4-2-1-3-5-8/h1-5H,6-7,9H2/p+1",BHHGXPLMPWCGHP-UHFFFAOYSA-O
3657,phenol,9.819543936,108-95-2,C1=CC=C(C=C1)O,,,https://doi.org/10.1021/acsestengg.5c00379,halogenated,Halogenated organics,"InChI=1S/C6H6O/c7-6-4-2-1-3-5-6/h1-5,7H",ISWSIDIOOBJBQZ-UHFFFAOYSA-N
3658,phenol,10.26,53379-77-4,Oc1ccccc1,6.5,25,https://doi.org/10.1021/acs.est.4c11950,alcohol,Oxygenated organics,"InChI=1S/C6H6O/c7-6-4-2-1-3-5-6/h1-5,7H",ISWSIDIOOBJBQZ-UHFFFAOYSA-N
3659,phenol,10.15,53379-77-4,Oc1ccccc1,7.6,25,https://doi.org/10.1021/acs.est.4c11950,alcohol,Oxygenated organics,"InChI=1S/C6H6O/c7-6-4-2-1-3-5-6/h1-5,7H",ISWSIDIOOBJBQZ-UHFFFAOYSA-N
3660,phenol,9.82,53379-77-4,Oc1ccccc1,7,25,https://doi.org/10.1021/acs.est.4c11950,alcohol,Oxygenated organics,"InChI=1S/C6H6O/c7-6-4-2-1-3-5-6/h1-5,7H",ISWSIDIOOBJBQZ-UHFFFAOYSA-N
3661,phenolate,9.982271233,31061-59-3,[O-]c1ccccc1,,,https://doi.org/10.1021/acs.est.1c04364,benzene,Aromatic & PAHs,"InChI=1S/C6H6O/c7-6-4-2-1-3-5-6/h1-5,7H/p-1",ISWSIDIOOBJBQZ-UHFFFAOYSA-M
3662,phenolate ion,9.98,31061-59-3,[O-]c1ccccc1,10.7,25,NIST,benzene,Aromatic & PAHs,"InChI=1S/C6H6O/c7-6-4-2-1-3-5-6/h1-5,7H/p-1",ISWSIDIOOBJBQZ-UHFFFAOYSA-M
3663,phenoxyacetic acid,10,2034154-96-4,OC(=O)COc1ccccc1,7,25,https://doi.org/10.1021/acs.est.4c11950,diol,Polyfunctional / highly functionalized,"InChI=1S/C8H8O3/c9-8(10)6-11-7-4-2-1-3-5-7/h1-5H,6H2,(H,9,10)",LCPDWSOZIOUXRV-UHFFFAOYSA-N
3664,phenoxyacetic acid,10,2034154-96-4,O=C(O)COc1ccccc1,,,https://doi.org/10.1021/acs.est.1c04888,alcohol,Oxygenated organics,"InChI=1S/C8H8O3/c9-8(10)6-11-7-4-2-1-3-5-7/h1-5H,6H2,(H,9,10)",LCPDWSOZIOUXRV-UHFFFAOYSA-N
3665,phenoxyacetic acid,10,122-59-8,C1=CC=C(C=C1)OCC(=O)O,,,https://doi.org/10.1021/acsestengg.5c00462,alcohol,Oxygenated organics,"InChI=1S/C8H8O3/c9-8(10)6-11-7-4-2-1-3-5-7/h1-5H,6H2,(H,9,10)",LCPDWSOZIOUXRV-UHFFFAOYSA-N
3666,phenyl hydroxylamine,10.18,1026710-97-3,ONc1ccccc1,7,25,https://doi.org/10.1021/acs.est.4c11950,benzene,Aromatic & PAHs,"InChI=1S/C6H7NO/c8-7-6-4-2-1-3-5-6/h1-5,7-8H",CKRZKMFTZCFYGB-UHFFFAOYSA-N
3667,phenyl hydroxylamine,10.17609126,100-65-2,C1=CC=C(C=C1)NO,,,https://doi.org/10.1021/acsestengg.5c00394,halogenated,Halogenated organics,"InChI=1S/C6H7NO/c8-7-6-4-2-1-3-5-6/h1-5,7-8H",CKRZKMFTZCFYGB-UHFFFAOYSA-N
3668,phenyl selenide,10.04,12039-51-9,c1ccc([Se]c2ccccc2)cc1,7,25,NIST,benzene,Aromatic & PAHs,InChI=1S/C12H10Se/c1-3-7-11(8-4-1)13-12-9-5-2-6-10-12/h1-10H,ORQWTLCYLDRDHK-UHFFFAOYSA-N
3669,phenyl-N-tert-butylnitrone,9.89,168021-77-0,CC(C)(C)[N+]([O-])=Cc1ccccc1,7,25,https://doi.org/10.1021/acs.est.4c11950,benzene,Aromatic & PAHs,"InChI=1S/C11H15NO/c1-11(2,3)12(13)9-10-7-5-4-6-8-10/h4-9H,1-3H3",IYSYLWYGCWTJSG-UHFFFAOYSA-N
3670,phenylacetate ion,9.9,2243508-19-0,O=C([O-])Cc1ccccc1,7,25,NIST,benzene,Aromatic & PAHs,"InChI=1S/C8H8O2/c9-8(10)6-7-4-2-1-3-5-7/h1-5H,6H2,(H,9,10)/p-1",WLJVXDMOQOGPHL-UHFFFAOYSA-M
3671,phenylethanol,10.04139269,60-12-8,C1=CC=C(C=C1)CCO,,,https://doi.org/10.1021/acsestengg.5c00397,halogenated,Halogenated organics,"InChI=1S/C8H10O/c9-7-6-8-4-2-1-3-5-8/h1-5,9H,6-7H2",WRMNZCZEMHIOCP-UHFFFAOYSA-N
3672,phenylethanol,10.04,1321-27-3,CC(O)c1ccccc1,1.8,25,https://doi.org/10.1021/acs.est.4c11950,benzene,Aromatic & PAHs,"InChI=1S/C8H10O/c1-7(9)8-5-3-2-4-6-8/h2-7,9H,1H3",WAPNOHKVXSQRPX-UHFFFAOYSA-N
3673,phenylethanol,10.04139269,1321-27-3,CC(O)c1ccccc1,,,https://doi.org/10.1021/acs.est.1c05128,benzene,Aromatic & PAHs,"InChI=1S/C8H10O/c1-7(9)8-5-3-2-4-6-8/h2-7,9H,1H3",WAPNOHKVXSQRPX-UHFFFAOYSA-N
3674,phenylmethanol,9.924279286,67845-63-0,OCc1ccccc1,,,https://doi.org/10.1021/acs.est.1c04370,alcohol,Oxygenated organics,"InChI=1S/C7H8O/c8-6-7-4-2-1-3-5-7/h1-5,8H,6H2",WVDDGKGOMKODPV-UHFFFAOYSA-N
3675,phenylphosphate ion,9.73,17489-61-1,O=P([O-])([O-])Oc1ccccc1,7,25,NIST,alcohol,Oxygenated organics,"InChI=1S/C6H7O4P/c7-11(8,9)10-6-4-2-1-3-5-6/h1-5H,(H2,7,8,9)/p-2",CMPQUABWPXYYSH-UHFFFAOYSA-L
3676,phloretate,10.08,23795-02-0,C1=CC(=CC=C1CCC(=O)[O-])O,4.6,25,NIST,halogenated,Halogenated organics,"InChI=1S/C9H10O3/c10-8-4-1-7(2-5-8)3-6-9(11)12/h1-2,4-5,10H,3,6H2,(H,11,12)/p-1",NMHMNPHRMNGLLB-UHFFFAOYSA-M
3677,phloretate,10.2,23795-02-0,C1=CC(=CC=C1CCC(=O)[O-])O,11,25,NIST,halogenated,Halogenated organics,"InChI=1S/C9H10O3/c10-8-4-1-7(2-5-8)3-6-9(11)12/h1-2,4-5,10H,3,6H2,(H,11,12)/p-1",NMHMNPHRMNGLLB-UHFFFAOYSA-M
3678,phloretate,10.36,23795-02-0,C1=CC(=CC=C1CCC(=O)[O-])O,10.6,25,NIST,halogenated,Halogenated organics,"InChI=1S/C9H10O3/c10-8-4-1-7(2-5-8)3-6-9(11)12/h1-2,4-5,10H,3,6H2,(H,11,12)/p-1",NMHMNPHRMNGLLB-UHFFFAOYSA-M
3679,phloretate,10.08,23795-02-0,C1=CC(=CC=C1CCC(=O)[O-])O,6.3,25,NIST,halogenated,Halogenated organics,"InChI=1S/C9H10O3/c10-8-4-1-7(2-5-8)3-6-9(11)12/h1-2,4-5,10H,3,6H2,(H,11,12)/p-1",NMHMNPHRMNGLLB-UHFFFAOYSA-M
3680,phloroglucinol,10,108-73-6,C1=C(C=C(C=C1O)O)O,,,https://doi.org/10.1021/acsestengg.5c00431,halogenated,Halogenated organics,"InChI=1S/C6H6O3/c7-4-1-5(8)3-6(9)2-4/h1-3,7-9H",QCDYQQDYXPDABM-UHFFFAOYSA-N
3681,phloroglucinol,10,1329497-24-6,Oc1cc(O)cc(O)c1,5.8,25,https://doi.org/10.1021/acs.est.4c11950,alcohol,Oxygenated organics,"InChI=1S/C6H6O3/c7-4-1-5(8)3-6(9)2-4/h1-3,7-9H",QCDYQQDYXPDABM-UHFFFAOYSA-N
3682,phosphorylcholine,8.81,84601-19-4,C=P([O-])(O)OCC[N+](C)(C)C,7,25,https://doi.org/10.1021/acs.est.4c11950,alcohol,Oxygenated organics,"InChI=1S/C6H16NO3P/c1-7(2,3)5-6-10-11(4,8)9/h4-6H2,1-3H3,(H-,8,9)",NPCQZWXXCOMSPN-UHFFFAOYSA-N
3683,phosphorylcholine,8.81,84601-19-4,C[N+](C)(C)CCOP(=O)(O)O.[Cl-],7,25,NIST,phosphorus,Phosphorus-containing organics,"InChI=1S/C5H14NO4P.ClH/c1-6(2,3)4-5-10-11(7,8)9;/h4-5H2,1-3H3,(H-,7,8,9);1H",PYJNAPOPMIJKJZ-UHFFFAOYSA-N
3684,phosphoserine,9.3,9030-90-4,N[C@@H](COP(=O)(O)O)C(=O)O,7,25,NIST,halogenated,Halogenated organics,"InChI=1S/C3H8NO6P/c4-2(3(5)6)1-10-11(7,8)9/h2H,1,4H2,(H,5,6)(H2,7,8,9)/t2-/m0/s1",BZQFBWGGLXLEPQ-REOHCLBHSA-N
3685,picrolam,9.53,,C1(=C(C(=NC(=C1Cl)Cl)C(=O)O)Cl)N,2.9,24,https://doi.org/10.1021/acs.est.4c11950,halogenated,Halogenated organics,"InChI=1S/C6H3Cl3N2O2/c7-1-3(10)2(8)5(9)11-4(1)6(12)13/h(H2,10,11)(H,12,13)",NQQVFXUMIDALNH-UHFFFAOYSA-N
3686,piroxicam,10.23,1261393-52-5,CN1/C(=C(/O)Nc2ccccn2)C(=O)c2ccccc2S1(=O)=O,7.2,25,NIST,"sulfide, disulfide",Sulfur-containing organics,"InChI=1S/C15H13N3O4S/c1-18-13(15(20)17-12-8-4-5-9-16-12)14(19)10-6-2-3-7-11(10)23(18,21)22/h2-9,20H,1H3,(H,16,17)/b15-13+",LDJVNWFKNMYYNT-FYWRMAATSA-N
3687,pirprofen anion,10.48,31793-07-4,CC(C(=O)O)c1ccc(N2CC=CC2)c(Cl)c1,7.2,25,NIST,benzene,Aromatic & PAHs,"InChI=1S/C13H14ClNO2/c1-9(13(16)17)10-4-5-12(11(14)8-10)15-6-2-3-7-15/h2-5,8-9H,6-7H2,1H3,(H,16,17)",PIDSZXPFGCURGN-UHFFFAOYSA-N
3688,polyadenylic acid,9.08,60164-00-3,Nc1ncnc2c1ncn2[C@@H]1O[C@H](COP(=O)(O)O)[C@@H](O)[C@H]1O,2,25,NIST,diol,Polyfunctional / highly functionalized,"InChI=1S/C10H14N5O7P/c11-8-5-9(13-2-12-8)15(3-14-5)10-7(17)6(16)4(22-10)1-21-23(18,19)20/h2-4,6-7,10,16-17H,1H2,(H2,11,12,13)(H2,18,19,20)/t4-,6-,7-,10-/m1/s1",UDMBCSSLTHHNCD-KQYNXXCUSA-N
3689,polyadenylic acid,8.97,60164-00-3,Nc1ncnc2c1ncn2[C@@H]1O[C@H](COP(=O)(O)O)[C@@H](O)[C@H]1O,7.5,25,NIST,diol,Polyfunctional / highly functionalized,"InChI=1S/C10H14N5O7P/c11-8-5-9(13-2-12-8)15(3-14-5)10-7(17)6(16)4(22-10)1-21-23(18,19)20/h2-4,6-7,10,16-17H,1H2,(H2,11,12,13)(H2,18,19,20)/t4-,6-,7-,10-/m1/s1",UDMBCSSLTHHNCD-KQYNXXCUSA-N
3690,polyadenylic acid,8.59,60164-00-3,Nc1ncnc2c1ncn2[C@@H]1O[C@H](COP(=O)(O)O)[C@@H](O)[C@H]1O,7.3,25,NIST,diol,Polyfunctional / highly functionalized,"InChI=1S/C10H14N5O7P/c11-8-5-9(13-2-12-8)15(3-14-5)10-7(17)6(16)4(22-10)1-21-23(18,19)20/h2-4,6-7,10,16-17H,1H2,(H2,11,12,13)(H2,18,19,20)/t4-,6-,7-,10-/m1/s1",UDMBCSSLTHHNCD-KQYNXXCUSA-N
3691,polyadenylic acid,9.31,60164-00-3,Nc1ncnc2c1ncn2[C@@H]1O[C@H](COP(=O)(O)O)[C@@H](O)[C@H]1O,7,25,NIST,diol,Polyfunctional / highly functionalized,"InChI=1S/C10H14N5O7P/c11-8-5-9(13-2-12-8)15(3-14-5)10-7(17)6(16)4(22-10)1-21-23(18,19)20/h2-4,6-7,10,16-17H,1H2,(H2,11,12,13)(H2,18,19,20)/t4-,6-,7-,10-/m1/s1",UDMBCSSLTHHNCD-KQYNXXCUSA-N
3692,polyadenylic acid,8.74,60164-00-3,Nc1ncnc2c1ncn2[C@@H]1O[C@H](COP(=O)(O)O)[C@@H](O)[C@H]1O,5,25,NIST,diol,Polyfunctional / highly functionalized,"InChI=1S/C10H14N5O7P/c11-8-5-9(13-2-12-8)15(3-14-5)10-7(17)6(16)4(22-10)1-21-23(18,19)20/h2-4,6-7,10,16-17H,1H2,(H2,11,12,13)(H2,18,19,20)/t4-,6-,7-,10-/m1/s1",UDMBCSSLTHHNCD-KQYNXXCUSA-N
3693,polycytidylic acid,9.38,86828-71-9,Nc1ccn([C@@H]2O[C@H](COP(=O)(O)O)[C@@H](O)[C@H]2O)c(=O)n1,7,25,NIST,halogenated,Halogenated organics,"InChI=1S/C9H14N3O8P/c10-5-1-2-12(9(15)11-5)8-7(14)6(13)4(20-8)3-19-21(16,17)18/h1-2,4,6-8,13-14H,3H2,(H2,10,11,15)(H2,16,17,18)/t4-,6-,7-,8-/m1/s1",IERHLVCPSMICTF-XVFCMESISA-N
3694,polyuridylic acid,9.15,28086-43-3,O=c1ccn([C@@H]2O[C@H](COP(=O)(O)O)[C@@H](O)[C@H]2O)c(=O)[nH]1,7,25,NIST,diol,Polyfunctional / highly functionalized,"InChI=1S/C9H13N2O9P/c12-5-1-2-11(9(15)10-5)8-7(14)6(13)4(20-8)3-19-21(16,17)18/h1-2,4,6-8,13-14H,3H2,(H,10,12,15)(H2,16,17,18)/t4-,6-,7-,8-/m1/s1",DJJCXFVJDGTHFX-XVFCMESISA-N
3695,"potassium (2S,5R,6R)-3,3-dimethyl-7-oxo-6-[(2-phenoxyacetyl)amino]-4-thia-1-azabicyclo[3.2.0]heptane-2-carboxylate",9.940018155,55771-83-0,[K+].CC1(C)S[C@@H]2[C@H](NC(=O)COc3ccccc3)C(=O)N2[C@H]1C([O-])=O,,,https://doi.org/10.1021/acs.est.1c05509,"sulfide, disulfide",Sulfur-containing organics,"InChI=1S/C16H18N2O5S.K/c1-16(2)12(15(21)22)18-13(20)11(14(18)24-16)17-10(19)8-23-9-6-4-3-5-7-9;/h3-7,11-12,14H,8H2,1-2H3,(H,17,19)(H,21,22);/q;+1/p-1/t11-,12+,14-;/m1./s1",HCTVWSOKIJULET-LQDWTQKMSA-M
3696,primaquine,10.08,1261393-37-6,COc1cc(NC(C)CCCN)c2ncccc2c1,8.5,25,NIST,alcohol,Oxygenated organics,"InChI=1S/C15H21N3O/c1-11(5-3-7-16)18-14-10-13(19-2)9-12-6-4-8-17-15(12)14/h4,6,8-11,18H,3,5,7,16H2,1-2H3",INDBQLZJXZLFIT-UHFFFAOYSA-N
3697,primidone,9.716837723,125-33-7,CCC1(c2ccccc2)C(=O)NCNC1=O,,,https://doi.org/10.1021/acs.est.1c05331,cyclo,Aromatic & PAHs,"InChI=1S/C12H14N2O2/c1-2-12(9-6-4-3-5-7-9)10(15)13-8-14-11(12)16/h3-7H,2,8H2,1H3,(H,13,15)(H,14,16)",DQMZLTXERSFNPB-UHFFFAOYSA-N
3698,primidone,9.72,125-33-7,CCC1(c2ccccc2)C(=O)NCNC1=O,7,25,https://doi.org/10.1021/acs.est.4c11950,cyclo,Aromatic & PAHs,"InChI=1S/C12H14N2O2/c1-2-12(9-6-4-3-5-7-9)10(15)13-8-14-11(12)16/h3-7H,2,8H2,1H3,(H,13,15)(H,14,16)",DQMZLTXERSFNPB-UHFFFAOYSA-N
3699,procainamide,10.15,7699-39-0,CCN(CC)CCNC(=O)c1ccc(N)cc1,7.4,25,NIST,benzene,Aromatic & PAHs,"InChI=1S/C13H21N3O/c1-3-16(4-2)10-9-15-13(17)11-5-7-12(14)8-6-11/h5-8H,3-4,9-10,14H2,1-2H3,(H,15,17)",REQCZEXYDRLIBE-UHFFFAOYSA-N
3700,proline,8.81,96450-73-6,O=C(O)C1CCCN1,6.8,25,NIST,halogenated,Halogenated organics,"InChI=1S/C5H9NO2/c7-5(8)4-2-1-3-6-4/h4,6H,1-3H2,(H,7,8)",ONIBWKKTOPOVIA-UHFFFAOYSA-N
3701,proline,8.52,96450-73-6,O=C(O)C1CCCN1,2,25,NIST,halogenated,Halogenated organics,"InChI=1S/C5H9NO2/c7-5(8)4-2-1-3-6-4/h4,6H,1-3H2,(H,7,8)",ONIBWKKTOPOVIA-UHFFFAOYSA-N
3702,proline,8.49,96450-73-6,O=C(O)C1CCCN1,6.9,25,NIST,halogenated,Halogenated organics,"InChI=1S/C5H9NO2/c7-5(8)4-2-1-3-6-4/h4,6H,1-3H2,(H,7,8)",ONIBWKKTOPOVIA-UHFFFAOYSA-N
3703,promazine,9.57,26928-74-5,CN(C)CCCN1c2ccccc2Sc2ccccc21,5.5,25,NIST,"sulfide, disulfide",Sulfur-containing organics,"InChI=1S/C17H20N2S/c1-18(2)12-7-13-19-14-8-3-5-10-16(14)20-17-11-6-4-9-15(17)19/h3-6,8-11H,7,12-13H2,1-2H3",ZGUGWUXLJSTTMA-UHFFFAOYSA-N
3704,promethazine,9.95,69376-26-7,CC(CN1c2ccccc2Sc2ccccc21)N(C)C,7,25,NIST,alkane,Aliphatic hydrocarbons,"InChI=1S/C17H20N2S/c1-13(18(2)3)12-19-14-8-4-6-10-16(14)20-17-11-7-5-9-15(17)19/h4-11,13H,12H2,1-3H3",PWWVAXIEGOYWEE-UHFFFAOYSA-N
3705,promethazine,9.99,69376-26-7,CC(CN1c2ccccc2Sc2ccccc21)N(C)C,3.5,25,NIST,alkane,Aliphatic hydrocarbons,"InChI=1S/C17H20N2S/c1-13(18(2)3)12-19-14-8-4-6-10-16(14)20-17-11-7-5-9-15(17)19/h4-11,13H,12H2,1-3H3",PWWVAXIEGOYWEE-UHFFFAOYSA-N
3706,prometone,9.4,1610-18-0,COc1nc(NC(C)C)nc(NC(C)C)n1,7,25,https://doi.org/10.1021/acs.est.4c11950,alcohol,Oxygenated organics,"InChI=1S/C10H19N5O/c1-6(2)11-8-13-9(12-7(3)4)15-10(14-8)16-5/h6-7H,1-5H3,(H2,11,12,13,14,15)",ISEUFVQQFVOBCY-UHFFFAOYSA-N
3707,prop-1-ene,9.84509804,16325-50-1,CC=C,,,https://doi.org/10.1021/acs.est.1c05210,alkane,Aliphatic hydrocarbons,"InChI=1S/C3H6/c1-3-2/h3H,1H2,2H3",QQONPFPTGQHPMA-UHFFFAOYSA-N
3708,prop-2-en-1-ol,9.772321707,109240-66-6,OCC=C,,,https://doi.org/10.1021/acs.est.1c04854,alcohol,Oxygenated organics,"InChI=1S/C3H6O/c1-2-3-4/h2,4H,1,3H2",XXROGKLTLUQVRX-UHFFFAOYSA-N
3709,prop-2-enal,9.84509804,943995-01-5,C=CC=O,,,https://doi.org/10.1021/acs.est.1c04663,halogenated,Halogenated organics,"InChI=1S/C3H4O/c1-2-3-4/h2-3H,1H2",HGINCPLSRVDWNT-UHFFFAOYSA-N
3710,prop-2-enamide,9.675778342,84769-15-3,NC(=O)C=C,,,https://doi.org/10.1021/acs.est.1c04881,halogenated,Halogenated organics,"InChI=1S/C3H5NO/c1-2-3(4)5/h2H,1H2,(H2,4,5)",HRPVXLWXLXDGHG-UHFFFAOYSA-N
3711,prop-2-enoic acid,9.758911892,160648-17-9,OC(=O)C=C,,,https://doi.org/10.1021/acs.est.1c05341,alcohol,Oxygenated organics,"InChI=1S/C3H4O2/c1-2-3(4)5/h2H,1H2,(H,4,5)",NIXOWILDQLNWCW-UHFFFAOYSA-N
3712,propachlor,9.66,2119224-41-6,CC(C)N(C(=O)CCl)c1ccccc1,7,25,https://doi.org/10.1021/acs.est.4c11950,benzene,Aromatic & PAHs,"InChI=1S/C11H14ClNO/c1-9(2)13(11(14)8-12)10-6-4-3-5-7-10/h3-7,9H,8H2,1-2H3",MFOUDYKPLGXPGO-UHFFFAOYSA-N
3713,propan-2-amine,10.11394335,13296-25-8,CC(C)N,,,https://doi.org/10.1021/acs.est.1c04880,alkane,Aliphatic hydrocarbons,"InChI=1S/C3H9N/c1-3(2)4/h3H,4H2,1-2H3",JJWLVOIRVHMVIS-UHFFFAOYSA-N
3714,propan-2-one,8.053078443,13656-84-3,CC(C)=O,,,https://doi.org/10.1021/acs.est.1c05213,alkane,Aliphatic hydrocarbons,InChI=1S/C3H6O/c1-3(2)4/h1-2H3,CSCPPACGZOOCGX-UHFFFAOYSA-N
3715,propan-2-yl acetate,8.653212514,2138001-47-3,CC(C)OC(C)=O,,,https://doi.org/10.1021/acs.est.1c04340,alcohol,Oxygenated organics,"InChI=1S/C5H10O2/c1-4(2)7-5(3)6/h4H,1-3H3",JMMWKPVZQRWMSS-UHFFFAOYSA-N
3716,propanal,9.342422681,125329-03-5,CCC=O,,,https://doi.org/10.1021/acs.est.1c05633,alkane,Aliphatic hydrocarbons,"InChI=1S/C3H6O/c1-2-3-4/h3H,2H2,1H3",NBBJYMSMWIIQGU-UHFFFAOYSA-N
3717,propanal,9.45,125329-03-5,CCC=O,6,25,https://doi.org/10.1021/acs.est.4c11950,alkane,Aliphatic hydrocarbons,"InChI=1S/C3H6O/c1-2-3-4/h3H,2H2,1H3",NBBJYMSMWIIQGU-UHFFFAOYSA-N
3718,propanal,9.34,125329-03-5,CCC=O,5.2,25,https://doi.org/10.1021/acs.est.4c11950,alkane,Aliphatic hydrocarbons,"InChI=1S/C3H6O/c1-2-3-4/h3H,2H2,1H3",NBBJYMSMWIIQGU-UHFFFAOYSA-N
3719,propane,9.46,344239-80-1,CCC,7,25,https://doi.org/10.1021/acs.est.4c11950,alkane,Aliphatic hydrocarbons,"InChI=1S/C3H8/c1-3-2/h3H2,1-2H3",ATUOYWHBWRKTHZ-UHFFFAOYSA-N
3720,propane,9.56,344239-80-1,CCC,2,25,NIST,alkane,Aliphatic hydrocarbons,"InChI=1S/C3H8/c1-3-2/h3H2,1-2H3",ATUOYWHBWRKTHZ-UHFFFAOYSA-N
3721,propane,9.556302501,74-98-6,CCC,,,https://doi.org/10.1021/acsestengg.5c00134,alkane,Aliphatic hydrocarbons,"InChI=1S/C3H8/c1-3-2/h3H2,1-2H3",ATUOYWHBWRKTHZ-UHFFFAOYSA-N
3722,propane-2-nitronate ion,9.4,20846-00-8,C[C-](C)[N+](=O)[O-],7,25,NIST,halogenated,Halogenated organics,InChI=1S/C3H6NO2/c1-3(2)4(5)6/h1-2H3/q-1,MRHSGZMVLDOZCK-UHFFFAOYSA-N
3723,propanedioic acid,7.380211242,94234-82-9,OC(=O)CC(O)=O,,,https://doi.org/10.1021/acs.est.1c05597,alcohol,Oxygenated organics,"InChI=1S/C3H4O4/c4-2(5)1-3(6)7/h1H2,(H,4,5)(H,6,7)",OFOBLEOULBTSOW-UHFFFAOYSA-N
3724,propanil,9.36,709-98-8,CCC(=O)Nc1ccc(Cl)c(Cl)c1,7,25,Zhong et al.,benzene,Aromatic & PAHs,"InChI=1S/C9H9Cl2NO/c1-2-9(13)12-6-3-4-7(10)8(11)5-6/h3-5H,2H2,1H3,(H,12,13)",LFULEKSKNZEWOE-UHFFFAOYSA-N
3725,propazine,9.079181246,139-40-2,CC(C)NC1=NC(=NC(=N1)Cl)NC(C)C,,,https://doi.org/10.1021/acsestengg.5c00524,alkane,Aliphatic hydrocarbons,"InChI=1S/C9H16ClN5/c1-5(2)11-8-13-7(10)14-9(15-8)12-6(3)4/h5-6H,1-4H3,(H2,11,12,13,14,15)",WJNRPILHGGKWCK-UHFFFAOYSA-N
3726,propazine,9.26,446276-68-2,CC(C)Nc1nc(Cl)nc(NC(C)C)n1,7.5,25,https://doi.org/10.1021/acs.est.4c11950,alkane,Aliphatic hydrocarbons,"InChI=1S/C9H16ClN5/c1-5(2)11-8-13-7(10)14-9(15-8)12-6(3)4/h5-6H,1-4H3,(H2,11,12,13,14,15)",WJNRPILHGGKWCK-UHFFFAOYSA-N
3727,propazine,9.08,446276-68-2,CC(C)Nc1nc(Cl)nc(NC(C)C)n1,7,25,https://doi.org/10.1021/acs.est.4c11950,alkane,Aliphatic hydrocarbons,"InChI=1S/C9H16ClN5/c1-5(2)11-8-13-7(10)14-9(15-8)12-6(3)4/h5-6H,1-4H3,(H2,11,12,13,14,15)",WJNRPILHGGKWCK-UHFFFAOYSA-N
3728,propionaldehyde,9.342422681,123-38-6,CCC=O,,,https://doi.org/10.1021/acsestengg.5c00193,alkane,Aliphatic hydrocarbons,"InChI=1S/C3H6O/c1-2-3-4/h3H,2H2,1H3",NBBJYMSMWIIQGU-UHFFFAOYSA-N
3729,propionamide,8.85,10601-74-8,CCC(N)=O,5.5,25,https://doi.org/10.1021/acs.est.4c11950,alkane,Aliphatic hydrocarbons,"InChI=1S/C3H7NO/c1-2-3(4)5/h2H2,1H3,(H2,4,5)",QLNJFJADRCOGBJ-UHFFFAOYSA-N
3730,propionamide,8.84509804,79-05-0,CCC(=O)N,,,https://doi.org/10.1021/acsestengg.5c00289,alkane,Aliphatic hydrocarbons,"InChI=1S/C3H7NO/c1-2-3(4)5/h2H2,1H3,(H2,4,5)",QLNJFJADRCOGBJ-UHFFFAOYSA-N
3731,propionate,9.04,17448-65-6,CCC([O-])=O,7,45,https://doi.org/10.1021/acs.est.4c11950,alkane,Aliphatic hydrocarbons,"InChI=1S/C3H6O2/c1-2-3(4)5/h2H2,1H3,(H,4,5)/p-1",XBDQKXXYIPTUBI-UHFFFAOYSA-M
3732,propionate,8.95,17448-65-6,CCC([O-])=O,7,35,https://doi.org/10.1021/acs.est.4c11950,alkane,Aliphatic hydrocarbons,"InChI=1S/C3H6O2/c1-2-3(4)5/h2H2,1H3,(H,4,5)/p-1",XBDQKXXYIPTUBI-UHFFFAOYSA-M
3733,propionate,8.86,17448-65-6,CCC([O-])=O,7,25,https://doi.org/10.1021/acs.est.4c11950,alkane,Aliphatic hydrocarbons,"InChI=1S/C3H6O2/c1-2-3(4)5/h2H2,1H3,(H,4,5)/p-1",XBDQKXXYIPTUBI-UHFFFAOYSA-M
3734,propionate,8.82,17448-65-6,CCC([O-])=O,7,15,https://doi.org/10.1021/acs.est.4c11950,alkane,Aliphatic hydrocarbons,"InChI=1S/C3H6O2/c1-2-3(4)5/h2H2,1H3,(H,4,5)/p-1",XBDQKXXYIPTUBI-UHFFFAOYSA-M
3735,propionate,8.91,17448-65-6,CCC([O-])=O,9,25,https://doi.org/10.1021/acs.est.4c11950,alkane,Aliphatic hydrocarbons,"InChI=1S/C3H6O2/c1-2-3(4)5/h2H2,1H3,(H,4,5)/p-1",XBDQKXXYIPTUBI-UHFFFAOYSA-M
3736,propionate,9.15,17448-65-6,CCC([O-])=O,7,55,https://doi.org/10.1021/acs.est.4c11950,alkane,Aliphatic hydrocarbons,"InChI=1S/C3H6O2/c1-2-3(4)5/h2H2,1H3,(H,4,5)/p-1",XBDQKXXYIPTUBI-UHFFFAOYSA-M
3737,propionic acid,8.505149978,19136-91-5,CCC(=O)O,,,https://doi.org/10.1021/acs.est.1c05310,alkane,Aliphatic hydrocarbons,"InChI=1S/C3H6O2/c1-2-3(4)5/h2H2,1H3,(H,4,5)",XBDQKXXYIPTUBI-UHFFFAOYSA-N
3738,propionic acid,8.505149978,79-09-4,CCC(=O)O,,,https://doi.org/10.1021/acsestengg.5c00206,alkane,Aliphatic hydrocarbons,"InChI=1S/C3H6O2/c1-2-3(4)5/h2H2,1H3,(H,4,5)",XBDQKXXYIPTUBI-UHFFFAOYSA-N
3739,propionic聽acid,8.58,19136-91-5,CCC(=O)O,1,25,https://doi.org/10.1021/acs.est.4c11950,alkane,Aliphatic hydrocarbons,"InChI=1S/C3H6O2/c1-2-3(4)5/h2H2,1H3,(H,4,5)",XBDQKXXYIPTUBI-UHFFFAOYSA-N
3740,propionic聽acid,8.46,19136-91-5,CCC(=O)O,7,15,https://doi.org/10.1021/acs.est.4c11950,alkane,Aliphatic hydrocarbons,"InChI=1S/C3H6O2/c1-2-3(4)5/h2H2,1H3,(H,4,5)",XBDQKXXYIPTUBI-UHFFFAOYSA-N
3741,propionic聽acid,8.89,19136-91-5,CCC(=O)O,7,55,https://doi.org/10.1021/acs.est.4c11950,alkane,Aliphatic hydrocarbons,"InChI=1S/C3H6O2/c1-2-3(4)5/h2H2,1H3,(H,4,5)",XBDQKXXYIPTUBI-UHFFFAOYSA-N
3742,propionic聽acid,8.72,19136-91-5,CCC(=O)O,7,45,https://doi.org/10.1021/acs.est.4c11950,alkane,Aliphatic hydrocarbons,"InChI=1S/C3H6O2/c1-2-3(4)5/h2H2,1H3,(H,4,5)",XBDQKXXYIPTUBI-UHFFFAOYSA-N
3743,propionic聽acid,8.51,19136-91-5,CCC(=O)O,7,25,https://doi.org/10.1021/acs.est.4c11950,alkane,Aliphatic hydrocarbons,"InChI=1S/C3H6O2/c1-2-3(4)5/h2H2,1H3,(H,4,5)",XBDQKXXYIPTUBI-UHFFFAOYSA-N
3744,propionic聽acid,8.67,19136-91-5,CCC(=O)O,7,35,https://doi.org/10.1021/acs.est.4c11950,alkane,Aliphatic hydrocarbons,"InChI=1S/C3H6O2/c1-2-3(4)5/h2H2,1H3,(H,4,5)",XBDQKXXYIPTUBI-UHFFFAOYSA-N
3745,propionic聽acid,8.79,19136-91-5,CCC(=O)O,2,25,https://doi.org/10.1021/acs.est.4c11950,alkane,Aliphatic hydrocarbons,"InChI=1S/C3H6O2/c1-2-3(4)5/h2H2,1H3,(H,4,5)",XBDQKXXYIPTUBI-UHFFFAOYSA-N
3746,propionitrile,7.97,58380-93-1,CCC#N,7,25,https://doi.org/10.1021/acs.est.4c11950,alkane,Aliphatic hydrocarbons,"InChI=1S/C3H5N/c1-2-3-4/h2H2,1H3",FVSKHRXBFJPNKK-UHFFFAOYSA-N
3747,propionitrile,7.968482949,107-12-0,CCC#N,,,https://doi.org/10.1021/acsestengg.5c00276,alkane,Aliphatic hydrocarbons,"InChI=1S/C3H5N/c1-2-3-4/h2H2,1H3",FVSKHRXBFJPNKK-UHFFFAOYSA-N
3748,propoxur,8.78,1219798-56-7,CC(C)OC1=CC=CC=C1OC(=O)NC,7,25,10.1002/jsfa.7258,diol,Polyfunctional / highly functionalized,"InChI=1S/C11H15NO3/c1-8(2)14-9-6-4-5-7-10(9)15-11(13)12-3/h4-8H,1-3H3,(H,12,13)",ISRUGXGCCGIOQO-UHFFFAOYSA-N
3749,propranolol,10.03,127202-03-3,CC(C)NCC(O)COc1cccc2ccccc12,7,25,https://doi.org/10.1021/acs.est.4c11950,alcohol,Oxygenated organics,"InChI=1S/C16H21NO2/c1-12(2)17-10-14(18)11-19-16-9-5-7-13-6-3-4-8-15(13)16/h3-9,12,14,17-18H,10-11H2,1-2H3",AQHHHDLHHXJYJD-UHFFFAOYSA-N
3750,"propyl 3,4,5-trihydroxybenzoate",10.08,147391-54-6,CCCOC(=O)c1cc(O)c(O)c(O)c1,6.5,25,NIST,alcohol,Oxygenated organics,"InChI=1S/C10H12O5/c1-2-3-15-10(14)6-4-7(11)9(13)8(12)5-6/h4-5,11-13H,2-3H2,1H3",ZTHYODDOHIVTJV-UHFFFAOYSA-N
3751,propyl acetate,9.15,63573-84-2,CCCOC(C)=O,7,25,https://doi.org/10.1021/acs.est.4c11950,alcohol,Oxygenated organics,"InChI=1S/C5H10O2/c1-3-4-7-5(2)6/h3-4H2,1-2H3",YKYONYBAUNKHLG-UHFFFAOYSA-N
3752,propyl acetate,9.146128036,109-60-4,CCCOC(=O)C,,,https://doi.org/10.1021/acsestengg.5c00200,alcohol,Oxygenated organics,"InChI=1S/C5H10O2/c1-3-4-7-5(2)6/h3-4H2,1-2H3",YKYONYBAUNKHLG-UHFFFAOYSA-N
3753,propyl amine,9.86332286,107-10-8,CCCN,,,https://doi.org/10.1021/acsestengg.5c00303,alkane,Aliphatic hydrocarbons,"InChI=1S/C3H9N/c1-2-3-4/h2-4H2,1H3",WGYKZJWCGVVSQN-UHFFFAOYSA-N
3754,propyl amine,9.79,1094641-70-9,CCCN,7,25,https://doi.org/10.1021/acs.est.4c11950,alkane,Aliphatic hydrocarbons,"InChI=1S/C3H9N/c1-2-3-4/h2-4H2,1H3",WGYKZJWCGVVSQN-UHFFFAOYSA-N
3755,propylammonium,8.91,1646171-78-9,CCC[NH3+],13,25,https://doi.org/10.1021/acs.est.4c11950,alkane,Aliphatic hydrocarbons,"InChI=1S/C3H9N/c1-2-3-4/h2-4H2,1H3/p+1",WGYKZJWCGVVSQN-UHFFFAOYSA-O
3756,propylammonium,8.88,1646171-78-9,CCC[NH3+],7,25,https://doi.org/10.1021/acs.est.4c11950,alkane,Aliphatic hydrocarbons,"InChI=1S/C3H9N/c1-2-3-4/h2-4H2,1H3/p+1",WGYKZJWCGVVSQN-UHFFFAOYSA-O
3757,propylene,9.84509804,187737-37-7,C=CC,,,https://doi.org/10.1021/acs.est.1c05257,halogenated,Halogenated organics,"InChI=1S/C3H6/c1-3-2/h3H,1H2,2H3",QQONPFPTGQHPMA-UHFFFAOYSA-N
3758,propylene,9.85,187737-37-7,CC=C,7,25,https://doi.org/10.1021/acs.est.4c11950,alkane,Aliphatic hydrocarbons,"InChI=1S/C3H6/c1-3-2/h3H,1H2,2H3",QQONPFPTGQHPMA-UHFFFAOYSA-N
3759,propylene,9.84509804,115-07-1,CC=C,,,https://doi.org/10.1021/acsestengg.5c00354,alkane,Aliphatic hydrocarbons,"InChI=1S/C3H6/c1-3-2/h3H,1H2,2H3",QQONPFPTGQHPMA-UHFFFAOYSA-N
3760,"protoporphyrin IX, dimethyl ester",10.78,15304-09-3,C=Cc1c(C)c2cc3[nH]c(cc4nc(cc5nc(cc1[nH]2)C(C)=C5CCC(=O)OC)C(CCC(=O)OC)=C4C)c(C)c3C=C,7,25,https://doi.org/10.1021/acs.est.4c11950,diol,Polyfunctional / highly functionalized,"InChI=1S/C36H38N4O4/c1-9-23-19(3)27-15-28-21(5)25(11-13-35(41)43-7)33(39-28)18-34-26(12-14-36(42)44-8)22(6)30(40-34)17-32-24(10-2)20(4)29(38-32)16-31(23)37-27/h9-10,15-18,37-38H,1-2,11-14H2,3-8H3",LQBPATQBTSBIIH-UHFFFAOYSA-N
3761,purine,8.48,122714-66-3,[nH]1cnc2ncncc12,7,25,https://doi.org/10.1021/acs.est.4c11950,halogenated,Halogenated organics,"InChI=1S/C5H4N4/c1-4-5(8-2-6-1)9-3-7-4/h1-3H,(H,6,7,8,9)",KDCGOANMDULRCW-UHFFFAOYSA-N
3762,pyrene,9.15,1718-52-1,c1cc2ccc3cccc4ccc(c1)c2c34,7,25,https://doi.org/10.1021/acs.est.4c11950,cyclo,Aromatic & PAHs,InChI=1S/C16H10/c1-3-11-7-9-13-5-2-6-14-10-8-12(4-1)15(11)16(13)14/h1-10H,BBEAQIROQSPTKN-UHFFFAOYSA-N
3763,pyridin-2-amine,9.924279286,960299-93-8,Nc1ccccn1,,,https://doi.org/10.1021/acs.est.1c04351,halogenated,Halogenated organics,"InChI=1S/C5H6N2/c6-5-3-1-2-4-7-5/h1-4H,(H2,6,7)",ICSNLGPSRYBMBD-UHFFFAOYSA-N
3764,pyridin-3-ol,9.73239376,380849-23-0,Oc1cccnc1,,,https://doi.org/10.1021/acs.est.1c05470,alcohol,Oxygenated organics,"InChI=1S/C5H5NO/c7-5-2-1-3-6-4-5/h1-4,7H",GRFNBEZIAWKNCO-UHFFFAOYSA-N
3765,pyridin-4-amine,9.698970004,1934632-49-1,Nc1ccncc1,,,https://doi.org/10.1021/acs.est.1c04447,cyclo,Aromatic & PAHs,"InChI=1S/C5H6N2/c6-5-1-3-7-4-2-5/h1-4H,(H2,6,7)",NUKYPUAOHBNCPY-UHFFFAOYSA-N
3766,pyridine,9.65,58888-58-7,c1ccncc1,5.9,25,https://doi.org/10.1021/acs.est.4c11950,cyclo,Aromatic & PAHs,InChI=1S/C5H5N/c1-2-4-6-5-3-1/h1-5H,JUJWROOIHBZHMG-UHFFFAOYSA-N
3767,pyridine,9.38,58888-58-7,c1ccncc1,7,25,https://doi.org/10.1021/acs.est.4c11950,cyclo,Aromatic & PAHs,InChI=1S/C5H5N/c1-2-4-6-5-3-1/h1-5H,JUJWROOIHBZHMG-UHFFFAOYSA-N
3768,pyridine,9.48,58888-58-7,c1ccncc1,10,25,https://doi.org/10.1021/acs.est.4c11950,cyclo,Aromatic & PAHs,InChI=1S/C5H5N/c1-2-4-6-5-3-1/h1-5H,JUJWROOIHBZHMG-UHFFFAOYSA-N
3769,pyridine-3-carbonitrile,8.875061263,1219454-19-9,N#Cc1cccnc1,,,https://doi.org/10.1021/acs.est.1c05584,cyclo,Aromatic & PAHs,"InChI=1S/C6H4N2/c7-4-6-2-1-3-8-5-6/h1-3,5H",GZPHSAQLYPIAIN-UHFFFAOYSA-N
3770,pyridine-3-carboxamide,9.146128036,1823943-19-6,NC(=O)c1cccnc1,,,https://doi.org/10.1021/acs.est.1c05579,cyclo,Aromatic & PAHs,"InChI=1S/C6H6N2O/c7-6(9)5-2-1-3-8-4-5/h1-4H,(H2,7,9)",DFPAKSUCGFBDDF-UHFFFAOYSA-N
3771,pyridine-4-carboxamide,9.204119983,100714-45-2,NC(=O)c1ccncc1,,,https://doi.org/10.1021/acs.est.1c05489,cyclo,Aromatic & PAHs,"InChI=1S/C6H6N2O/c7-6(9)5-1-3-8-4-2-5/h1-4H,(H2,7,9)",VFQXVTODMYMSMJ-UHFFFAOYSA-N
3772,pyridine-N-oxide,9.48,19639-76-0,[O-][n+]1ccccc1,7,25,https://doi.org/10.1021/acs.est.4c11950,halogenated,Halogenated organics,InChI=1S/C5H5NO/c7-6-4-2-1-3-5-6/h1-5H,ILVXOBCQQYKLDS-UHFFFAOYSA-N
3773,pyridinium,7.74,39416-48-3,c1cc[nH+]cc1,7,25,NIST,cyclo,Aromatic & PAHs,InChI=1S/C5H5N/c1-2-4-6-5-3-1/h1-5H/p+1,JUJWROOIHBZHMG-UHFFFAOYSA-O
3774,pyridinium,7.3,39416-48-3,c1cc[nH+]cc1,2,25,NIST,cyclo,Aromatic & PAHs,InChI=1S/C5H5N/c1-2-4-6-5-3-1/h1-5H/p+1,JUJWROOIHBZHMG-UHFFFAOYSA-O
3775,pyridoxal 5-phosphate,9.83,1246818-16-5,Cc1ncc(COP(=O)(O)O)c(C=O)c1O,7,25,NIST,cyclo,Aromatic & PAHs,"InChI=1S/C8H10NO6P/c1-5-8(11)7(3-10)6(2-9-5)4-15-16(12,13)14/h2-3,11H,4H2,1H3,(H2,12,13,14)",NGVDGCNFYWLIFO-UHFFFAOYSA-N
3776,pyridoxamine-5-phosphate,9.84,529-96-4,Cc1ncc(COP(=O)(O)O)c(CN)c1O,7,25,NIST,cyclo,Aromatic & PAHs,"InChI=1S/C8H13N2O5P/c1-5-8(11)7(2-9)6(3-10-5)4-15-16(12,13)14/h3,11H,2,4,9H2,1H3,(H2,12,13,14)",ZMJGSOSNSPKHNH-UHFFFAOYSA-N
3777,pyridoxine,9.72,19203-56-6,O=c1cc[nH]cc1,7,25,NIST,cyclo,Aromatic & PAHs,"InChI=1S/C5H5NO/c7-5-1-3-6-4-2-5/h1-4H,(H,6,7)",GCNTZFIIOFTKIY-UHFFFAOYSA-N
3778,pyridoxine,9.87,19203-56-6,O=c1cc[nH]cc1,10.5,25,https://doi.org/10.1021/acs.est.4c11950,cyclo,Aromatic & PAHs,"InChI=1S/C5H5NO/c7-5-1-3-6-4-2-5/h1-4H,(H,6,7)",GCNTZFIIOFTKIY-UHFFFAOYSA-N
3779,pyridoxine,9.8,19203-56-6,O=c1cc[nH]cc1,7.2,25,https://doi.org/10.1021/acs.est.4c11950,cyclo,Aromatic & PAHs,"InChI=1S/C5H5NO/c7-5-1-3-6-4-2-5/h1-4H,(H,6,7)",GCNTZFIIOFTKIY-UHFFFAOYSA-N
3780,pyridoxine,9.63,19203-56-6,O=c1cc[nH]cc1,3.6,25,https://doi.org/10.1021/acs.est.4c11950,cyclo,Aromatic & PAHs,"InChI=1S/C5H5NO/c7-5-1-3-6-4-2-5/h1-4H,(H,6,7)",GCNTZFIIOFTKIY-UHFFFAOYSA-N
3781,pyrimidine,8.2,767-79-3,c1cncnc1,6.5,25,https://doi.org/10.1021/acs.est.4c11950,cyclo,Aromatic & PAHs,InChI=1S/C4H4N2/c1-2-5-4-6-3-1/h1-4H,CZPWVGJYEJSRLH-UHFFFAOYSA-N
3782,pyrrole脗,10.18,,c1cc[nH]c1,7,25,https://doi.org/10.1021/acs.est.4c11950,cyclo,Aromatic & PAHs,InChI=1S/C4H5N/c1-2-4-5-3-1/h1-5H,KAESVJOAVNADME-UHFFFAOYSA-N
3783,pyrrolidinium,9.76,84316-19-8,C1CC[NH2+]C1,6.2,25,NIST,cyclo,Aromatic & PAHs,"InChI=1S/C4H9N/c1-2-4-5-3-1/h5H,1-4H2/p+1",RWRDLPDLKQPQOW-UHFFFAOYSA-O
3784,pyrrolidinium,9.62,84316-19-8,C1CC[NH2+]C1,6,25,NIST,cyclo,Aromatic & PAHs,"InChI=1S/C4H9N/c1-2-4-5-3-1/h5H,1-4H2/p+1",RWRDLPDLKQPQOW-UHFFFAOYSA-O
3785,pyrrolidinium,9.57,84316-19-8,C1CC[NH2+]C1,2,25,NIST,cyclo,Aromatic & PAHs,"InChI=1S/C4H9N/c1-2-4-5-3-1/h5H,1-4H2/p+1",RWRDLPDLKQPQOW-UHFFFAOYSA-O
3786,pyruvate,8.93,9014-20-4,CC(=O)C([O-])=O,1,25,https://doi.org/10.1021/acs.est.4c11950,alkane,Aliphatic hydrocarbons,"InChI=1S/C3H4O3/c1-2(4)3(5)6/h1H3,(H,5,6)/p-1",LCTONWCANYUPML-UHFFFAOYSA-M
3787,pyruvate,8.95,9014-20-4,CC(=O)C([O-])=O,7,35,https://doi.org/10.1021/acs.est.4c11950,alkane,Aliphatic hydrocarbons,"InChI=1S/C3H4O3/c1-2(4)3(5)6/h1H3,(H,5,6)/p-1",LCTONWCANYUPML-UHFFFAOYSA-M
3788,pyruvate,9.08,9014-20-4,CC(=O)C([O-])=O,7,45,https://doi.org/10.1021/acs.est.4c11950,alkane,Aliphatic hydrocarbons,"InChI=1S/C3H4O3/c1-2(4)3(5)6/h1H3,(H,5,6)/p-1",LCTONWCANYUPML-UHFFFAOYSA-M
3789,pyruvate,8.78,9014-20-4,CC(=O)C([O-])=O,7,15,https://doi.org/10.1021/acs.est.4c11950,alkane,Aliphatic hydrocarbons,"InChI=1S/C3H4O3/c1-2(4)3(5)6/h1H3,(H,5,6)/p-1",LCTONWCANYUPML-UHFFFAOYSA-M
3790,pyruvate,7.49,9014-20-4,CC(=O)C([O-])=O,9,25,NIST,alkane,Aliphatic hydrocarbons,"InChI=1S/C3H4O3/c1-2(4)3(5)6/h1H3,(H,5,6)/p-1",LCTONWCANYUPML-UHFFFAOYSA-M
3791,pyruvate,8.85,9014-20-4,CC(=O)C([O-])=O,7,25,https://doi.org/10.1021/acs.est.4c11950,alkane,Aliphatic hydrocarbons,"InChI=1S/C3H4O3/c1-2(4)3(5)6/h1H3,(H,5,6)/p-1",LCTONWCANYUPML-UHFFFAOYSA-M
3792,pyruvate,9.18,9014-20-4,CC(=O)C([O-])=O,7,55,https://doi.org/10.1021/acs.est.4c11950,alkane,Aliphatic hydrocarbons,"InChI=1S/C3H4O3/c1-2(4)3(5)6/h1H3,(H,5,6)/p-1",LCTONWCANYUPML-UHFFFAOYSA-M
3793,pyruvic acid,8.08,74787-41-0,CC(=O)C(O)=O,7,25,https://doi.org/10.1021/acs.est.4c11950,alkane,Aliphatic hydrocarbons,"InChI=1S/C3H4O3/c1-2(4)3(5)6/h1H3,(H,5,6)",LCTONWCANYUPML-UHFFFAOYSA-N
3794,pyruvic acid,8.45,74787-41-0,CC(=O)C(O)=O,7,55,https://doi.org/10.1021/acs.est.4c11950,alkane,Aliphatic hydrocarbons,"InChI=1S/C3H4O3/c1-2(4)3(5)6/h1H3,(H,5,6)",LCTONWCANYUPML-UHFFFAOYSA-N
3795,pyruvic acid,8.32,74787-41-0,CC(=O)C(O)=O,7,45,https://doi.org/10.1021/acs.est.4c11950,alkane,Aliphatic hydrocarbons,"InChI=1S/C3H4O3/c1-2(4)3(5)6/h1H3,(H,5,6)",LCTONWCANYUPML-UHFFFAOYSA-N
3796,pyruvic acid,7.95,74787-41-0,CC(=O)C(O)=O,7,15,https://doi.org/10.1021/acs.est.4c11950,alkane,Aliphatic hydrocarbons,"InChI=1S/C3H4O3/c1-2(4)3(5)6/h1H3,(H,5,6)",LCTONWCANYUPML-UHFFFAOYSA-N
3797,pyruvic acid,8.18,74787-41-0,CC(=O)C(O)=O,7,35,https://doi.org/10.1021/acs.est.4c11950,alkane,Aliphatic hydrocarbons,"InChI=1S/C3H4O3/c1-2(4)3(5)6/h1H3,(H,5,6)",LCTONWCANYUPML-UHFFFAOYSA-N
3798,quercetin,10.18,832692-15-6,O=c1c(O)c(-c2ccc(O)c(O)c2)oc2cc(O)cc(O)c12,7,25,NIST,alcohol,Oxygenated organics,"InChI=1S/C15H10O7/c16-7-4-10(19)12-11(5-7)22-15(14(21)13(12)20)6-1-2-8(17)9(18)3-6/h1-5,16-19,21H",REFJWTPEDVJJIY-UHFFFAOYSA-N
3799,quinclorac,8.71,84087-33-2,O=C(O)c1c(Cl)ccc2cc(Cl)cnc12,7,25,https://doi.org/10.1021/acs.est.4c11950,cyclo,Aromatic & PAHs,"InChI=1S/C10H5Cl2NO2/c11-6-3-5-1-2-7(12)8(10(14)15)9(5)13-4-6/h1-4H,(H,14,15)",FFSSWMQPCJRCRV-UHFFFAOYSA-N
3800,quinidine,10.26,632366-89-3,C=C[C@H]1CN2CC[C@H]1C[C@@H]2[C@@H](O)c1ccnc2ccc(OC)cc12,7.4,25,NIST,cyclo,Aromatic & PAHs,"InChI=1S/C20H24N2O2/c1-3-13-12-22-9-7-14(13)10-19(22)20(23)16-6-8-21-18-5-4-15(24-2)11-17(16)18/h3-6,8,11,13-14,19-20,23H,1,7,9-10,12H2,2H3/t13-,14-,19+,20-/m0/s1",LOUPRKONTZGTKE-LHHVKLHASA-N
3801,quinine,9.89,804-63-7,C=C[C@H]1CN2CC[C@H]1C[C@H]2[C@H](O)c1ccnc2ccc(OC)cc12,8.5,25,NIST,cyclo,Aromatic & PAHs,"InChI=1S/C20H24N2O2/c1-3-13-12-22-9-7-14(13)10-19(22)20(23)16-6-8-21-18-5-4-15(24-2)11-17(16)18/h3-6,8,11,13-14,19-20,23H,1,7,9-10,12H2,2H3/t13-,14-,19-,20+/m0/s1",LOUPRKONTZGTKE-WZBLMQSHSA-N
3802,quinizarin-2-sulfonate dianion,9.99,35345-27-8,O=C1c2ccccc2C(=O)c2c(O)c(S(=O)(=O)[O-])cc(O)c21,11,25,NIST,benzene,Aromatic & PAHs,"InChI=1S/C14H8O7S/c15-8-5-9(22(19,20)21)14(18)11-10(8)12(16)6-3-1-2-4-7(6)13(11)17/h1-5,15,18H,(H,19,20,21)/p-1",CCQSBGJULPBARL-UHFFFAOYSA-M
3803,quinizarin-6-sulfonate dianion,10.04,35345-27-8,O=C1c2cccc(S(=O)(=O)[O-])c2C(=O)c2c(O)ccc(O)c21,11,25,NIST,benzene,Aromatic & PAHs,"InChI=1S/C14H8O7S/c15-7-4-5-8(16)12-11(7)13(17)6-2-1-3-9(22(19,20)21)10(6)14(12)18/h1-5,15-16H,(H,19,20,21)/p-1",GVROGNRSPHBTIH-UHFFFAOYSA-M
3804,quinone,9.08,65110-92-1,O=C1C=CC(=O)C=C1,7,25,NIST,cyclo,Aromatic & PAHs,InChI=1S/C6H4O2/c7-5-1-2-6(8)4-3-5/h1-4H,AZQWKYJCGOJGHM-UHFFFAOYSA-N
3805,ractopamine,9.59,1415398-50-3,CC(CCc1ccc(O)cc1)NCC(O)c1ccc(O)cc1,7,25,https://doi.org/10.1021/acs.est.4c11950,benzene,Aromatic & PAHs,"InChI=1S/C18H23NO3/c1-13(2-3-14-4-8-16(20)9-5-14)19-12-18(22)15-6-10-17(21)11-7-15/h4-11,13,18-22H,2-3,12H2,1H3",YJQZYXCXBBCEAQ-UHFFFAOYSA-N
3806,ranitidine,9.79,1185514-83-3,CN/C(=C\[N+](=O)[O-])NCCSCc1ccc(CN(C)C)o1.[Cl-].[H+],7.4,25,NIST,"sulfide, disulfide",Sulfur-containing organics,"InChI=1S/C13H22N4O3S.ClH/c1-14-13(9-17(18)19)15-6-7-21-10-12-5-4-11(20-12)8-16(2)3;/h4-5,9,14-15H,6-8,10H2,1-3H3;1H/b13-9+;",GGWBHVILAJZWKJ-KJEVSKRMSA-N
3807,ranitidine,9.79,1185514-83-3,CCCCCCCCCC(CCCCCCCC(=O)OC)OS(=O)(=O)[O-],7,25,https://doi.org/10.1021/acs.est.4c11950,diol,Polyfunctional / highly functionalized,"InChI=1S/C19H38O6S/c1-3-4-5-6-7-9-12-15-18(25-26(21,22)23)16-13-10-8-11-14-17-19(20)24-2/h18H,3-17H2,1-2H3,(H,21,22,23)/p-1",XCOALMJLMNBYMY-UHFFFAOYSA-M
3808,rebamipide anion,10.65,1451056-51-1,O=C(NC(Cc1cc(=O)[nH]c2ccccc12)C(=O)O)c1ccc(Cl)cc1,7.8,25,NIST,benzene,Aromatic & PAHs,"InChI=1S/C19H15ClN2O4/c20-13-7-5-11(6-8-13)18(24)22-16(19(25)26)9-12-10-17(23)21-15-4-2-1-3-14(12)15/h1-8,10,16H,9H2,(H,21,23)(H,22,24)(H,25,26)",ALLWOAVDORUJLA-UHFFFAOYSA-N
3809,resorcinol,10.08,751455-55-7,Oc1cccc(O)c1,9,25,https://doi.org/10.1021/acs.est.4c11950,alcohol,Oxygenated organics,"InChI=1S/C6H6O2/c7-5-2-1-3-6(8)4-5/h1-4,7-8H",GHMLBKRAJCXXBS-UHFFFAOYSA-N
3810,resorcinol,10.07918125,108-46-3,C1=CC(=CC(=C1)O)O,,,https://doi.org/10.1021/acsestengg.5c00410,halogenated,Halogenated organics,"InChI=1S/C6H6O2/c7-5-2-1-3-6(8)4-5/h1-4,7-8H",GHMLBKRAJCXXBS-UHFFFAOYSA-N
3811,rhamnetin,9.3,62858-07-5,COc1cc(O)c2c(=O)c(O)c(-c3ccc(O)c(O)c3)oc2c1,7,25,https://doi.org/10.1021/acs.est.4c11950,diol,Polyfunctional / highly functionalized,"InChI=1S/C16H12O7/c1-22-8-5-11(19)13-12(6-8)23-16(15(21)14(13)20)7-2-3-9(17)10(18)4-7/h2-6,17-19,21H,1H3",JGUZGNYPMHHYRK-UHFFFAOYSA-N
3812,rhodamine 101 cation,9.88,64339-18-0,CCN(CC)c1ccc2c(-c3ccccc3C(=O)O)c3ccc(=[N+](CC)CC)cc-3oc2c1.[Cl-],7,25,NIST,alcohol,Oxygenated organics,"InChI=1S/C28H30N2O3.ClH/c1-5-29(6-2)19-13-15-23-25(17-19)33-26-18-20(30(7-3)8-4)14-16-24(26)27(23)21-11-9-10-12-22(21)28(31)32;/h9-18H,5-8H2,1-4H3;1H",PYWVYCXTNDRMGF-UHFFFAOYSA-N
3813,rhodamine 6G,10.04,13161-28-9,CCN=c1cc2oc3cc(NCC)c(C)cc3c(-c3ccccc3C(=O)OCC)c-2cc1C.[Cl-].[H+],7,25,NIST,diol,Polyfunctional / highly functionalized,"InChI=1S/C28H30N2O3.ClH/c1-6-29-23-15-25-21(13-17(23)4)27(19-11-9-10-12-20(19)28(31)32-8-3)22-14-18(5)24(30-7-2)16-26(22)33-25;/h9-16,29H,6-8H2,1-5H3;1H",VYXSBFYARXAAKO-UHFFFAOYSA-N
3814,rhodamine B,10.18,81-88-9,CCN(CC)c1ccc2c(-c3ccccc3C(=O)O)c3ccc(N(CC)CC)cc3[o+]c2c1.[Cl-],7,25,NIST,cyclo,Aromatic & PAHs,"InChI=1S/C28H30N2O3.ClH/c1-5-29(6-2)19-13-15-23-25(17-19)33-26-18-20(30(7-3)8-4)14-16-24(26)27(23)21-11-9-10-12-22(21)28(31)32;/h9-18H,5-8H2,1-4H3;1H",PYWVYCXTNDRMGF-UHFFFAOYSA-N
3815,riboflavin,10.08,80702-44-9,Cc1cc2nc3c(=O)[nH]c(=O)nc-3n(CC(O)C(O)C(O)CO)c2cc1C,7,25,https://doi.org/10.1021/acs.est.4c11950,cyclo,Aromatic & PAHs,"InChI=1S/C17H20N4O6/c1-7-3-9-10(4-8(7)2)21(5-11(23)14(25)12(24)6-22)15-13(18-9)16(26)20-17(27)19-15/h3-4,11-12,14,22-25H,5-6H2,1-2H3,(H,20,26,27)",AUNGANRZJHBGPY-UHFFFAOYSA-N
3816,ribonuclease,10.56,80498-18-6,NCCC(=O)NC(Cc1cnc[nH]1)C(=O)O,3.5,25,NIST,halogenated,Halogenated organics,"InChI=1S/C9H14N4O3/c10-2-1-8(14)13-7(9(15)16)3-6-4-11-5-12-6/h4-5,7H,1-3,10H2,(H,11,12)(H,13,14)(H,15,16)",CQOVPNPJLQNMDC-UHFFFAOYSA-N
3817,ribonuclease,10.28,80498-18-6,NCCC(=O)NC(Cc1cnc[nH]1)C(=O)O,5.6,25,NIST,halogenated,Halogenated organics,"InChI=1S/C9H14N4O3/c10-2-1-8(14)13-7(9(15)16)3-6-4-11-5-12-6/h4-5,7H,1-3,10H2,(H,11,12)(H,13,14)(H,15,16)",CQOVPNPJLQNMDC-UHFFFAOYSA-N
3818,ribonuclease,10.5,80498-18-6,NCCC(=O)NC(Cc1cnc[nH]1)C(=O)O,7,25,NIST,halogenated,Halogenated organics,"InChI=1S/C9H14N4O3/c10-2-1-8(14)13-7(9(15)16)3-6-4-11-5-12-6/h4-5,7H,1-3,10H2,(H,11,12)(H,13,14)(H,15,16)",CQOVPNPJLQNMDC-UHFFFAOYSA-N
3819,ribose,9.2,34466-20-1,O=C[C@H](O)[C@H](O)[C@H](O)CO,7,25,https://doi.org/10.1021/acs.est.4c11950,halogenated,Halogenated organics,"InChI=1S/C5H10O5/c6-1-3(8)5(10)4(9)2-7/h1,3-5,7-10H,2H2/t3-,4+,5-/m0/s1",PYMYPHUHKUWMLA-LMVFSUKVSA-N
3820,ribose,9.32,34466-20-1,OC[C@H]1OC(O)[C@H](O)[C@@H]1O,8.4,25,NIST,diol,Polyfunctional / highly functionalized,"InChI=1S/C5H10O5/c6-1-2-3(7)4(8)5(9)10-2/h2-9H,1H2/t2-,3-,4-,5?/m1/s1",HMFHBZSHGGEWLO-SOOFDHNKSA-N
3821,ribose,9.13,34466-20-1,OC[C@H]1OC(O)[C@H](O)[C@@H]1O,7,25,NIST,diol,Polyfunctional / highly functionalized,"InChI=1S/C5H10O5/c6-1-2-3(7)4(8)5(9)10-2/h2-9H,1H2/t2-,3-,4-,5?/m1/s1",HMFHBZSHGGEWLO-SOOFDHNKSA-N
3822,ribose-5-phosphate,9.11,9054-55-1,O=CC(O)C(O)C(O)COP(=O)(O)O,7,25,NIST,diol,Polyfunctional / highly functionalized,"InChI=1S/C5H11O8P/c6-1-3(7)5(9)4(8)2-13-14(10,11)12/h1,3-5,7-9H,2H2,(H2,10,11,12)",PPQRONHOSHZGFQ-UHFFFAOYSA-N
3823,robinin,9.04,57526-56-4,C[C@@H]1O[C@@H](Oc2cc(O)c3c(=O)c(O[C@@H]4O[C@H](CO[C@@H]5O[C@@H](C)[C@H](O)[C@@H](O)[C@H]5O)[C@H](O)[C@H](O)[C@H]4O)c(-c4ccc(O)cc4)oc3c2)[C@H](O)[C@H](O)[C@H]1O,7,25,https://doi.org/10.1021/acs.est.4c11950,diol,Polyfunctional / highly functionalized,"InChI=1S/C33H40O19/c1-10-19(36)23(40)26(43)31(47-10)46-9-17-21(38)25(42)28(45)33(51-17)52-30-22(39)18-15(35)7-14(49-32-27(44)24(41)20(37)11(2)48-32)8-16(18)50-29(30)12-3-5-13(34)6-4-12/h3-8,10-11,17,19-21,23-28,31-38,40-45H,9H2,1-2H3/t10-,11-,17+,19-,20-,21-,23+,24+,25-,26+,27+,28+,31+,32-,33-/m0/s1",PEFASEPMJYRQBW-HKWQTAEVSA-N
3824,ronidazole,9.352182518,7681-76-7,Cn1c([N+](=O)[O-])cnc1COC(N)=O,,,https://doi.org/10.1021/acs.est.1c04520,diol,Polyfunctional / highly functionalized,"InChI=1S/C6H8N4O4/c1-9-4(3-14-6(7)11)8-2-5(9)10(12)13/h2H,3H2,1H3,(H2,7,11)",PQFRTXSWDXZRRS-UHFFFAOYSA-N
3825,ronidazole,9.35,7681-76-7,Cn1c([N+](=O)[O-])cnc1COC(N)=O,7,25,https://doi.org/10.1021/acs.est.4c11950,diol,Polyfunctional / highly functionalized,"InChI=1S/C6H8N4O4/c1-9-4(3-14-6(7)11)8-2-5(9)10(12)13/h2H,3H2,1H3,(H2,7,11)",PQFRTXSWDXZRRS-UHFFFAOYSA-N
3826,roxithromycin,9.73,134931-00-3,CC[C@H]1OC(=O)[C@H](C)[C@@H](OC2CC(C)(OC)C(O)C(C)O2)[C@H](C)[C@@H](OC2OC(C)CC(N(C)C)C2O)[C@](C)(O)C[C@@H](C)/C(=N\OCOCCOC)[C@H](C)[C@@H](O)[C@]1(C)O,7,25,https://doi.org/10.1021/acs.est.4c11950,diol,Polyfunctional / highly functionalized,"InChI=1S/C41H76N2O15/c1-15-29-41(10,49)34(45)24(4)31(42-53-21-52-17-16-50-13)22(2)19-39(8,48)36(58-38-32(44)28(43(11)12)18-23(3)54-38)25(5)33(26(6)37(47)56-29)57-30-20-40(9,51-14)35(46)27(7)55-30/h22-30,32-36,38,44-46,48-49H,15-21H2,1-14H3/b42-31+/t22-,23?,24+,25+,26-,27?,28?,29-,30?,32?,33+,34-,35?,36-,38?,39-,40?,41-/m1/s1",RXZBMPWDPOLZGW-KMAKEOJNSA-N
3827,"ruthenium(II) tris(2,2'-bipyridine)",9.9,15158-62-0,[Cl-].[Cl-].[Ru+2].c1ccc(-c2ccccn2)nc1.c1ccc(-c2ccccn2)nc1.c1ccc(-c2ccccn2)nc1,4.2,25,NIST,cyclo,Aromatic & PAHs,InChI=1S/3C10H8N2.2ClH.Ru/c3*1-3-7-11-9(5-1)10-6-2-4-8-12-10;;;/h3*1-8H;2*1H;/q;;;;;+2/p-2,SJFYGUKHUNLZTK-UHFFFAOYSA-L
3828,"ruthenium(II) tris(2,2'-bipyridine)",9.84,15158-62-0,[Cl-].[Cl-].[Ru+2].c1ccc(-c2ccccn2)nc1.c1ccc(-c2ccccn2)nc1.c1ccc(-c2ccccn2)nc1,7,25,NIST,cyclo,Aromatic & PAHs,InChI=1S/3C10H8N2.2ClH.Ru/c3*1-3-7-11-9(5-1)10-6-2-4-8-12-10;;;/h3*1-8H;2*1H;/q;;;;;+2/p-2,SJFYGUKHUNLZTK-UHFFFAOYSA-L
3829,sabacic acid,9.806179974,111-20-6,C(CCCCC(=O)O)CCCC(=O)O,,,https://doi.org/10.1021/acsestengg.5c00222,halogenated,Halogenated organics,"InChI=1S/C10H18O4/c11-9(12)7-5-3-1-2-4-6-8-10(13)14/h1-8H2,(H,11,12)(H,13,14)",CXMXRPHRNRROMY-UHFFFAOYSA-N
3830,safranine cation,10.1,477-73-6,Cc1cc2nc3cc(C)c(N)cc3[n+](-c3ccccc3)c2cc1N,7,25,NIST,benzene,Aromatic & PAHs,"InChI=1S/C20H18N4/c1-12-8-17-19(10-15(12)21)24(14-6-4-3-5-7-14)20-11-16(22)13(2)9-18(20)23-17/h3-11H,1-2H3,(H3,21,22)/p+1",WULISCVZERSMML-UHFFFAOYSA-O
3831,safranine chlorine cation,10.53,24203-47-2,Cc1cc2nc3c(C)c(N)ccc3[n+](-c3ccccc3)c2cc1N.[Cl-],0.4,25,NIST,benzene,Aromatic & PAHs,"InChI=1S/C20H18N4.ClH/c1-12-10-17-19(11-16(12)22)24(14-6-4-3-5-7-14)18-9-8-15(21)13(2)20(18)23-17;/h3-11,22H,21H2,1-2H3;1H",QRYAEWIQIBAZOJ-UHFFFAOYSA-N
3832,salbutamol,9.418301291,238762-34-0,CC(C)(C)NCC(O)c1ccc(O)c(CO)c1,,,https://doi.org/10.1021/acs.est.1c05312,benzene,Aromatic & PAHs,"InChI=1S/C13H21NO3/c1-13(2,3)14-7-12(17)9-4-5-11(16)10(6-9)8-15/h4-6,12,14-17H,7-8H2,1-3H3",NDAUXUAQIAJITI-UHFFFAOYSA-N
3833,salbutamol,9.42,238762-34-0,CC(C)(C)NCC(O)c1ccc(O)c(CO)c1,7,25,https://doi.org/10.1021/acs.est.4c11950,benzene,Aromatic & PAHs,"InChI=1S/C13H21NO3/c1-13(2,3)14-7-12(17)9-4-5-11(16)10(6-9)8-15/h4-6,12,14-17H,7-8H2,1-3H3",NDAUXUAQIAJITI-UHFFFAOYSA-N
3834,salicylaldehyde anion,9.93,1649426-95-8,O=Cc1ccccc1O,9,25,NIST,benzene,Aromatic & PAHs,"InChI=1S/C7H6O2/c8-5-6-3-1-2-4-7(6)9/h1-5,9H",SMQUZDBALVYZAC-UHFFFAOYSA-N
3835,salicylic acid,10.43,1189678-81-6,O=C(O)c1ccccc1O,2,25,NIST,benzene,Aromatic & PAHs,"InChI=1S/C7H6O3/c8-6-4-2-1-3-5(6)7(9)10/h1-4,8H,(H,9,10)",YGSDEFSMJLZEOE-UHFFFAOYSA-N
3836,salinomycin,9.6,110947-74-5,CC[C@@H](C(=O)[C@@H](C)[C@@H](O)[C@H](C)[C@@H]1O[C@@H]([C@@H](CC)C(=O)O)CC[C@@H]1C)[C@H]1O[C@]2(C=C[C@@H](O)[C@]3(CC[C@@](C)([C@H]4CC[C@](O)(CC)[C@H](C)O4)O3)O2)[C@H](C)C[C@@H]1C,7,25,10.1021/es3052685,diol,Polyfunctional / highly functionalized,"InChI=1S/C42H70O11/c1-11-29(38(46)47)31-15-14-23(4)36(50-31)27(8)34(44)26(7)35(45)30(12-2)37-24(5)22-25(6)41(51-37)19-16-32(43)42(53-41)21-20-39(10,52-42)33-17-18-40(48,13-3)28(9)49-33/h16,19,23-34,36-37,43-44,48H,11-15,17-18,20-22H2,1-10H3,(H,46,47)/t23-,24-,25+,26-,27-,28-,29+,30-,31+,32+,33+,34+,36+,37-,39-,40+,41-,42-/m0/s1",KQXDHUJYNAXLNZ-XQSDOZFQSA-N
3837,sarcosine anhydride,9.23,5076-82-4,CN1CC(=O)N(C)CC1=O,5.6,25,NIST,halogenated,Halogenated organics,"InChI=1S/C6H10N2O2/c1-7-3-6(10)8(2)4-5(7)9/h3-4H2,1-2H3",PKDGRAULLDDTRN-UHFFFAOYSA-N
3838,sarcosine anhydride,9.23,5076-82-4,CNCC(=O)OC(=O)CNC,7,25,https://doi.org/10.1021/acs.est.4c11950,alcohol,Oxygenated organics,"InChI=1S/C6H12N2O3/c1-7-3-5(9)11-6(10)4-8-2/h7-8H,3-4H2,1-2H3",GPAYXCOQADGNAZ-UHFFFAOYSA-N
3839,sarcosine anhydride,9.41,5076-82-4,CN1CC(=O)N(C)CC1=O,5,25,NIST,halogenated,Halogenated organics,"InChI=1S/C6H10N2O2/c1-7-3-6(10)8(2)4-5(7)9/h3-4H2,1-2H3",PKDGRAULLDDTRN-UHFFFAOYSA-N
3840,sebacic acid,9.806179974,68131-55-5,O=C(O)CCCCCCCCC(=O)O,,,https://doi.org/10.1021/acs.est.1c04388,halogenated,Halogenated organics,"InChI=1S/C10H18O4/c11-9(12)7-5-3-1-2-4-6-8-10(13)14/h1-8H2,(H,11,12)(H,13,14)",CXMXRPHRNRROMY-UHFFFAOYSA-N
3841,sebacic acid,9.81,68131-55-5,C(CCCCC(=O)O)CCCC(=O)O,2,25,https://doi.org/10.1021/acs.est.4c11950,halogenated,Halogenated organics,"InChI=1S/C10H18O4/c11-9(12)7-5-3-1-2-4-6-8-10(13)14/h1-8H2,(H,11,12)(H,13,14)",CXMXRPHRNRROMY-UHFFFAOYSA-N
3842,selenocystine,10.23,29621-88-3,NC(C[Se][Se]CC(N)C(=O)O)C(=O)O,7,25,NIST,halogenated,Halogenated organics,"InChI=1S/C6H12N2O4Se2/c7-3(5(9)10)1-13-14-2-4(8)6(11)12/h3-4H,1-2,7-8H2,(H,9,10)(H,11,12)",JULROCUWKLNBSN-UHFFFAOYSA-N
3843,selenodicysteine,9.91,20710-99-0,O=C(O)[C@H](CS)N[Se]N[C@@H](CS)C(=O)O,7,25,NIST,"sulfide, disulfide",Sulfur-containing organics,"InChI=1S/C6H12N2O4S2Se/c9-5(10)3(1-13)7-15-8-4(2-14)6(11)12/h3-4,7-8,13-14H,1-2H2,(H,9,10)(H,11,12)/t3-,4-/m0/s1",GFCSJLGXGCJBHZ-IMJSIDKUSA-N
3844,selenomethionine,10.11,3211-76-5,C[Se]CC[C@H](N)C(=O)O,7,25,NIST,"sulfide, disulfide",Sulfur-containing organics,"InChI=1S/C5H11NO2Se/c1-9-3-2-4(6)5(7)8/h4H,2-3,6H2,1H3,(H,7,8)/t4-/m0/s1",RJFAYQIBOAGBLC-BYPYZUCNSA-N
3845,selenourea,10.08,537691-68-2,N=C(N)[Se],6.5,25,NIST,"sulfide, disulfide",Sulfur-containing organics,"InChI=1S/CH3N2Se/c2-1(3)4/h(H3,2,3)",ZUCFIOXGLBMWHV-UHFFFAOYSA-N
3846,selenourea,10.11,537691-68-2,NC(N)=[Se],7,25,https://doi.org/10.1021/acs.est.4c11950,"sulfide, disulfide",Sulfur-containing organics,"InChI=1S/CH4N2Se/c2-1(3)4/h(H4,2,3,4)",IYKVLICPFCEZOF-UHFFFAOYSA-N
3847,serine,8.51,83245-14-1,N[C@@H](CO)C(=O)O,6,25,NIST,halogenated,Halogenated organics,"InChI=1S/C3H7NO3/c4-2(1-5)3(6)7/h2,5H,1,4H2,(H,6,7)/t2-/m0/s1",MTCFGRXMJLQNBG-REOHCLBHSA-N
3848,serine,8.4,83245-14-1,N[C@@H](CO)C(=O)O,2,25,NIST,halogenated,Halogenated organics,"InChI=1S/C3H7NO3/c4-2(1-5)3(6)7/h2,5H,1,4H2,(H,6,7)/t2-/m0/s1",MTCFGRXMJLQNBG-REOHCLBHSA-N
3849,silybin,10.26,87725-91-5,COc1cc(C2Oc3cc(C4Oc5cc(O)cc(O)c5C(=O)C4O)ccc3OC2CO)ccc1O,6,25,NIST,diol,Polyfunctional / highly functionalized,"InChI=1S/C25H22O10/c1-32-17-6-11(2-4-14(17)28)24-20(10-26)33-16-5-3-12(7-18(16)34-24)25-23(31)22(30)21-15(29)8-13(27)9-19(21)35-25/h2-9,20,23-29,31H,10H2,1H3",SEBFKMXJBCUCAI-UHFFFAOYSA-N
3850,simazine,9.32,220621-41-0,CCNc1nc(Cl)nc(NCC)n1,7,25,https://doi.org/10.1021/acs.est.4c11950,triazine,Heterocycles,"InChI=1S/C7H12ClN5/c1-3-9-6-11-5(8)12-7(13-6)10-4-2/h3-4H2,1-2H3,(H2,9,10,11,12,13)",ODCWYMIRDDJXKW-UHFFFAOYSA-N
3851,simazine,9.45,220621-41-0,CCNc1nc(Cl)nc(NCC)n1,3.5,25,NIST,triazine,Heterocycles,"InChI=1S/C7H12ClN5/c1-3-9-6-11-5(8)12-7(13-6)10-4-2/h3-4H2,1-2H3,(H2,9,10,11,12,13)",ODCWYMIRDDJXKW-UHFFFAOYSA-N
3852,simazine,9.46,220621-41-0,CCNc1nc(Cl)nc(NCC)n1,7.5,25,NIST,triazine,Heterocycles,"InChI=1S/C7H12ClN5/c1-3-9-6-11-5(8)12-7(13-6)10-4-2/h3-4H2,1-2H3,(H2,9,10,11,12,13)",ODCWYMIRDDJXKW-UHFFFAOYSA-N
3853,simazine,9.322219295,122-34-9,CCNC1=NC(=NC(=N1)Cl)NCC,,,https://doi.org/10.1021/acsestengg.5c00522,alkane,Aliphatic hydrocarbons,"InChI=1S/C7H12ClN5/c1-3-9-6-11-5(8)12-7(13-6)10-4-2/h3-4H2,1-2H3,(H2,9,10,11,12,13)",ODCWYMIRDDJXKW-UHFFFAOYSA-N
3854,simetone,9.672097858,673-04-1,CCNC1=NC(=NC(=N1)OC)NCC,,,https://doi.org/10.1021/acsestengg.5c00525,alcohol,Oxygenated organics,"InChI=1S/C8H15N5O/c1-4-9-6-11-7(10-5-2)13-8(12-6)14-3/h4-5H2,1-3H3,(H2,9,10,11,12,13)",HKAMKLBXTLTVCN-UHFFFAOYSA-N
3855,simetone,10.67,673-04-1,CCNc1nc(NCC)nc(OC)n1,7.5,22,https://doi.org/10.1021/acs.est.4c11950,triazine,Heterocycles,"InChI=1S/C8H15N5O/c1-4-9-6-11-7(10-5-2)13-8(12-6)14-3/h4-5H2,1-3H3,(H2,9,10,11,12,13)",HKAMKLBXTLTVCN-UHFFFAOYSA-N
3856,simetryne,10.41,63028-51-3,CCNc1nc(NCC)nc(SC)n1,7.5,22,https://doi.org/10.1021/acs.est.4c11950,triazine,Heterocycles,"InChI=1S/C8H15N5S/c1-4-9-6-11-7(10-5-2)13-8(12-6)14-3/h4-5H2,1-3H3,(H2,9,10,11,12,13)",MGLWZSOBALDPEK-UHFFFAOYSA-N
3857,simetryne,10.41497335,1014-70-6,CCNC1=NC(=NC(=N1)SC)NCC,,,https://doi.org/10.1021/acsestengg.5c00527,"sulfide, disulfide",Sulfur-containing organics,"InChI=1S/C8H15N5S/c1-4-9-6-11-7(10-5-2)13-8(12-6)14-3/h4-5H2,1-3H3,(H2,9,10,11,12,13)",MGLWZSOBALDPEK-UHFFFAOYSA-N
3858,sinapinate ion,10.22,67460-46-2,COc1cc(/C=C/C(=O)O)cc(OC)c1O,7,25,NIST,diol,Polyfunctional / highly functionalized,"InChI=1S/C11H12O5/c1-15-8-5-7(3-4-10(12)13)6-9(16-2)11(8)14/h3-6,14H,1-2H3,(H,12,13)/b4-3+",PCMORTLOPMLEFB-ONEGZZNKSA-N
3859,"sodium 6-[(2,6-dimethoxybenzoyl)amino]-3,3-dimethyl-7-oxo-4-thia-1-azabicyclo[3.2.0]heptane-2-carboxylate",10,132-92-3,[Na+].COc1cccc(OC)c1C(=O)NC2C3SC(C)(C)C(N3C2=O)C([O-])=O,,,https://doi.org/10.1021/acs.est.1c04713,"sulfide, disulfide",Sulfur-containing organics,"InChI=1S/C17H20N2O6S.Na/c1-17(2)12(16(22)23)19-14(21)11(15(19)26-17)18-13(20)10-8(24-3)6-5-7-9(10)25-4;/h5-7,11-12,15H,1-4H3,(H,18,20)(H,22,23);/q;+1/p-1",MGFZNWDWOKASQZ-UHFFFAOYSA-M
3860,sodium myreth sulfate,9.45,42228-60-4,CCCCCCCCCCCCCCOCCOCCOCCOS(=O)(=O)[O-].[Na+],7,25,NIST,diol,Polyfunctional / highly functionalized,"InChI=1S/C20H42O7S.Na/c1-2-3-4-5-6-7-8-9-10-11-12-13-14-24-15-16-25-17-18-26-19-20-27-28(21,22)23;/h2-20H2,1H3,(H,21,22,23);/q;+1/p-1",MDSQKJDNWUMBQQ-UHFFFAOYSA-M
3861,spermidine,8.08,83268-44-4,NCCCCNCCCN,7.4,25,NIST,halogenated,Halogenated organics,"InChI=1S/C7H19N3/c8-4-1-2-6-10-7-3-5-9/h10H,1-9H2",ATHGHQPFGPMSJY-UHFFFAOYSA-N
3862,spermine,8.11,83268-44-4,NCCCNCCCCNCCCN,7.4,25,NIST,halogenated,Halogenated organics,"InChI=1S/C10H26N4/c11-5-3-9-13-7-1-2-8-14-10-4-6-12/h13-14H,1-12H2",PFNFFQXMRSDOHW-UHFFFAOYSA-N
3863,stachyose,9.04,136232-02-5,OC[C@H]1O[C@@](CO)(O[C@H]2O[C@H](CO[C@H]3O[C@H](CO[C@H]4O[C@H](CO)[C@H](O)[C@H](O)[C@H]4O)[C@H](O)[C@H](O)[C@H]3O)[C@@H](O)[C@H](O)[C@H]2O)[C@@H](O)[C@@H]1O,7,25,https://doi.org/10.1021/acs.est.4c11950,diol,Polyfunctional / highly functionalized,"InChI=1S/C24H42O21/c25-1-6-10(28)14(32)17(35)21(41-6)39-3-8-11(29)15(33)18(36)22(42-8)40-4-9-12(30)16(34)19(37)23(43-9)45-24(5-27)20(38)13(31)7(2-26)44-24/h6-23,25-38H,1-5H2/t6-,7-,8-,9-,10+,11+,12-,13-,14+,15+,16+,17-,18-,19-,20+,21+,22+,23-,24+/m1/s1",UQZIYBXSHAGNOE-XNSRJBNMSA-N
3864,stobadine,9.85,94452-31-0,Cc1ccc2c(c1)[C@H]1CN(C)CC[C@H]1N2,7.5,25,NIST,alkane,Aliphatic hydrocarbons,"InChI=1S/C13H18N2/c1-9-3-4-12-10(7-9)11-8-15(2)6-5-13(11)14-12/h3-4,7,11,13-14H,5-6,8H2,1-2H3/t11-,13-/m1/s1",CYJQCYXRNNCURD-DGCLKSJQSA-N
3865,styrene,9.78,67762-70-3,C=Cc1ccccc1,5.5,25,NIST,benzene,Aromatic & PAHs,"InChI=1S/C8H8/c1-2-8-6-4-3-5-7-8/h2-7H,1H2",PPBRXRYQALVLMV-UHFFFAOYSA-N
3866,suberic acid,9.681241237,505-48-6,C(CCCC(=O)O)CCC(=O)O,,,https://doi.org/10.1021/acsestengg.5c00220,halogenated,Halogenated organics,"InChI=1S/C8H14O4/c9-7(10)5-3-1-2-4-6-8(11)12/h1-6H2,(H,9,10)(H,11,12)",TYFQFVWCELRYAO-UHFFFAOYSA-N
3867,suberic acid,9.68,43199-48-0,C(CCCC(=O)O)CCC(=O)O,2,25,https://doi.org/10.1021/acs.est.4c11950,halogenated,Halogenated organics,"InChI=1S/C8H14O4/c9-7(10)5-3-1-2-4-6-8(11)12/h1-6H2,(H,9,10)(H,11,12)",TYFQFVWCELRYAO-UHFFFAOYSA-N
3868,suberic acid,9.681241237,43199-48-0,O=C(O)CCCCCCC(=O)O,,,https://doi.org/10.1021/acs.est.1c04517,halogenated,Halogenated organics,"InChI=1S/C8H14O4/c9-7(10)5-3-1-2-4-6-8(11)12/h1-6H2,(H,9,10)(H,11,12)",TYFQFVWCELRYAO-UHFFFAOYSA-N
3869,succinate ion,8.11,56-14-4,[O-]C(=O)CCC([O-])=O,8,45,https://doi.org/10.1021/acs.est.4c11950,halogenated,Halogenated organics,"InChI=1S/C4H6O4/c5-3(6)1-2-4(7)8/h1-2H2,(H,5,6)(H,7,8)/p-2",KDYFGRWQOYBRFD-UHFFFAOYSA-L
3870,succinate ion,8.88,56-14-4,[O-]C(=O)CCC([O-])=O,9,25,https://doi.org/10.1021/acs.est.4c11950,halogenated,Halogenated organics,"InChI=1S/C4H6O4/c5-3(6)1-2-4(7)8/h1-2H2,(H,5,6)(H,7,8)/p-2",KDYFGRWQOYBRFD-UHFFFAOYSA-L
3871,succinate ion,8,56-14-4,[O-]C(=O)CCC([O-])=O,8,15,https://doi.org/10.1021/acs.est.4c11950,halogenated,Halogenated organics,"InChI=1S/C4H6O4/c5-3(6)1-2-4(7)8/h1-2H2,(H,5,6)(H,7,8)/p-2",KDYFGRWQOYBRFD-UHFFFAOYSA-L
3872,succinate ion,8.26,56-14-4,[O-]C(=O)CCC([O-])=O,8,55,https://doi.org/10.1021/acs.est.4c11950,halogenated,Halogenated organics,"InChI=1S/C4H6O4/c5-3(6)1-2-4(7)8/h1-2H2,(H,5,6)(H,7,8)/p-2",KDYFGRWQOYBRFD-UHFFFAOYSA-L
3873,succinate ion,8.11,56-14-4,[O-]C(=O)CCC([O-])=O,8,35,https://doi.org/10.1021/acs.est.4c11950,halogenated,Halogenated organics,"InChI=1S/C4H6O4/c5-3(6)1-2-4(7)8/h1-2H2,(H,5,6)(H,7,8)/p-2",KDYFGRWQOYBRFD-UHFFFAOYSA-L
3874,succinate ion,8.04,56-14-4,[O-]C(=O)CCC([O-])=O,8,25,https://doi.org/10.1021/acs.est.4c11950,halogenated,Halogenated organics,"InChI=1S/C4H6O4/c5-3(6)1-2-4(7)8/h1-2H2,(H,5,6)(H,7,8)/p-2",KDYFGRWQOYBRFD-UHFFFAOYSA-L
3875,succinic acid,8.041392685,110-15-6,C(CC(=O)O)C(=O)O,,,https://doi.org/10.1021/acsestengg.5c00217,halogenated,Halogenated organics,"InChI=1S/C4H6O4/c5-3(6)1-2-4(7)8/h1-2H2,(H,5,6)(H,7,8)",KDYFGRWQOYBRFD-UHFFFAOYSA-N
3876,succinic acid,8.71,14493-42-6,OC(=O)CCC(O)=O,8,35,https://doi.org/10.1021/acs.est.4c11950,alcohol,Oxygenated organics,"InChI=1S/C4H6O4/c5-3(6)1-2-4(7)8/h1-2H2,(H,5,6)(H,7,8)",KDYFGRWQOYBRFD-UHFFFAOYSA-N
3877,succinic acid,8.7,14493-42-6,OC(=O)CCC(O)=O,8,25,https://doi.org/10.1021/acs.est.4c11950,alcohol,Oxygenated organics,"InChI=1S/C4H6O4/c5-3(6)1-2-4(7)8/h1-2H2,(H,5,6)(H,7,8)",KDYFGRWQOYBRFD-UHFFFAOYSA-N
3878,succinic acid,8.49,14493-42-6,OC(=O)CCC(O)=O,7,25,https://doi.org/10.1021/acs.est.4c11950,alcohol,Oxygenated organics,"InChI=1S/C4H6O4/c5-3(6)1-2-4(7)8/h1-2H2,(H,5,6)(H,7,8)",KDYFGRWQOYBRFD-UHFFFAOYSA-N
3879,succinic acid,8.86,14493-42-6,OC(=O)CCC(O)=O,8,55,https://doi.org/10.1021/acs.est.4c11950,alcohol,Oxygenated organics,"InChI=1S/C4H6O4/c5-3(6)1-2-4(7)8/h1-2H2,(H,5,6)(H,7,8)",KDYFGRWQOYBRFD-UHFFFAOYSA-N
3880,succinic acid,8.83,14493-42-6,OC(=O)CCC(O)=O,8,45,https://doi.org/10.1021/acs.est.4c11950,alcohol,Oxygenated organics,"InChI=1S/C4H6O4/c5-3(6)1-2-4(7)8/h1-2H2,(H,5,6)(H,7,8)",KDYFGRWQOYBRFD-UHFFFAOYSA-N
3881,succinic acid,8.6,14493-42-6,OC(=O)CCC(O)=O,8,15,https://doi.org/10.1021/acs.est.4c11950,alcohol,Oxygenated organics,"InChI=1S/C4H6O4/c5-3(6)1-2-4(7)8/h1-2H2,(H,5,6)(H,7,8)",KDYFGRWQOYBRFD-UHFFFAOYSA-N
3882,succinic acid,8.041392685,14493-42-6,O=C(O)CCC(=O)O,,,https://doi.org/10.1021/acs.est.1c04991,halogenated,Halogenated organics,"InChI=1S/C4H6O4/c5-3(6)1-2-4(7)8/h1-2H2,(H,5,6)(H,7,8)",KDYFGRWQOYBRFD-UHFFFAOYSA-N
3883,succino nitrile,8.579783597,110-61-2,C(CC#N)C#N,,,https://doi.org/10.1021/acsestengg.5c00277,alkane,Aliphatic hydrocarbons,InChI=1S/C4H4N2/c5-3-1-2-4-6/h1-2H2,IAHFWCOBPZCAEA-UHFFFAOYSA-N
3884,succino nitrile,7.48,82391-37-5,N#CCCC#N,7,25,https://doi.org/10.1021/acs.est.4c11950,halogenated,Halogenated organics,InChI=1S/C4H4N2/c5-3-1-2-4-6/h1-2H2,IAHFWCOBPZCAEA-UHFFFAOYSA-N
3885,succinyl peroxide,7.9,957494-34-7,O=C(O)CCC(=O)OOC(=O)CCC(=O)O,7,25,NIST,diol,Polyfunctional / highly functionalized,"InChI=1S/C8H10O8/c9-5(10)1-3-7(13)15-16-8(14)4-2-6(11)12/h1-4H2,(H,9,10)(H,11,12)",MKTOIPPVFPJEQO-UHFFFAOYSA-N
3886,succinyl peroxide,7.9,957494-34-7,O=C1CCC(=O)OO1,7,25,https://doi.org/10.1021/acs.est.4c11950,diol,Polyfunctional / highly functionalized,InChI=1S/C4H4O4/c5-3-1-2-4(6)8-7-3/h1-2H2,QYFBSUCRERIFQO-UHFFFAOYSA-N
3887,sucrose,9.36,73379-56-3,OC[C@H]1O[C@H](O[C@]2(CO)O[C@H](CO)[C@@H](O)[C@@H]2O)[C@H](O)[C@@H](O)[C@@H]1O,7,25,NIST,diol,Polyfunctional / highly functionalized,"InChI=1S/C12H22O11/c13-1-4-6(16)8(18)9(19)11(21-4)23-12(3-15)10(20)7(17)5(2-14)22-12/h4-11,13-20H,1-3H2/t4-,5-,6-,7-,8+,9-,10+,11-,12+/m1/s1",CZMRCDWAGMRECN-UGDNZRGBSA-N
3888,sulfacetamide,10.04,6209-17-2,CC(=O)NS(=O)(=O)c1ccc(N)cc1,3.8,25,NIST,"sulfide, disulfide",Sulfur-containing organics,"InChI=1S/C8H10N2O3S/c1-6(11)10-14(12,13)8-4-2-7(9)3-5-8/h2-5H,9H2,1H3,(H,10,11)",SKIVFJLNDNKQPD-UHFFFAOYSA-N
3889,sulfacetamide,9.97,6209-17-2,CC(=O)NS(=O)(=O)c1ccc(N)cc1,9.2,25,NIST,"sulfide, disulfide",Sulfur-containing organics,"InChI=1S/C8H10N2O3S/c1-6(11)10-14(12,13)8-4-2-7(9)3-5-8/h2-5H,9H2,1H3,(H,10,11)",SKIVFJLNDNKQPD-UHFFFAOYSA-N
3890,sulfadiazine,9.94,1219149-66-2,Nc1ccc(S(=O)(=O)Nc2ncccn2)cc1,7,25,https://doi.org/10.1021/acs.est.4c11950,cyclo,Aromatic & PAHs,"InChI=1S/C10H10N4O2S/c11-8-2-4-9(5-3-8)17(15,16)14-10-12-6-1-7-13-10/h1-7H,11H2,(H,12,13,14)",SEEPANYCNGTZFQ-UHFFFAOYSA-N
3891,sulfadimethoxypyrimidine,9.910624405,1392211-88-9,COc1cc(NS(=O)(=O)c2ccc(N)cc2)nc(OC)n1,,,https://doi.org/10.1021/acs.est.1c04617,alcohol,Oxygenated organics,"InChI=1S/C12H14N4O4S/c1-19-11-7-10(14-12(15-11)20-2)16-21(17,18)9-5-3-8(13)4-6-9/h3-7H,13H2,1-2H3,(H,14,15,16)",ZZORFUFYDOWNEF-UHFFFAOYSA-N
3892,sulfadimethoxypyrimidine,9.91,1392211-88-9,COc1cc(NS(=O)(=O)c2ccc(N)cc2)nc(OC)n1,7,25,https://doi.org/10.1021/acs.est.4c11950,alcohol,Oxygenated organics,"InChI=1S/C12H14N4O4S/c1-19-11-7-10(14-12(15-11)20-2)16-21(17,18)9-5-3-8(13)4-6-9/h3-7H,13H2,1-2H3,(H,14,15,16)",ZZORFUFYDOWNEF-UHFFFAOYSA-N
3893,sulfadimidine,9.92,77643-91-5,Cc1cc(C)nc(NS(=O)(=O)c2ccc(N)cc2)n1,7,25,https://doi.org/10.1021/acs.est.4c11950,benzene,Aromatic & PAHs,"InChI=1S/C12H14N4O2S/c1-8-7-9(2)15-12(14-8)16-19(17,18)11-5-3-10(13)4-6-11/h3-7H,13H2,1-2H3,(H,14,15,16)",ASWVTGNCAZCNNR-UHFFFAOYSA-N
3894,sulfaguanidine,9.49,781-01-1,NC(N)=NS(=O)(=O)c1ccc(N)cc1,7,25,https://doi.org/10.1021/acs.est.4c11950,"sulfide, disulfide",Sulfur-containing organics,"InChI=1S/C7H10N4O2S/c8-5-1-3-6(4-2-5)14(12,13)11-7(9)10/h1-4H,8H2,(H4,9,10,11)",BRBKOPJOKNSWSG-UHFFFAOYSA-N
3895,sulfamerazine,9.89,127-79-7,Cc1ccnc(NS(=O)(=O)c2ccc(N)cc2)n1,7,25,https://doi.org/10.1021/acs.est.4c11950,benzene,Aromatic & PAHs,"InChI=1S/C11H12N4O2S/c1-8-6-7-13-11(14-8)15-18(16,17)10-4-2-9(12)3-5-10/h2-7H,12H2,1H3,(H,13,14,15)",QPPBRPIAZZHUNT-UHFFFAOYSA-N
3896,sulfamethoxazole,9.93,1346603-52-8,Cc1cc(NS(=O)(=O)c2ccc(N)cc2)no1,7,25,https://doi.org/10.1021/acs.est.4c11950,benzene,Aromatic & PAHs,"InChI=1S/C10H11N3O3S/c1-7-6-10(12-16-7)13-17(14,15)9-4-2-8(11)3-5-9/h2-6H,11H2,1H3,(H,12,13)",JLKIGFTWXXRPMT-UHFFFAOYSA-N
3897,sulfamethoxypyridazine,9.79,1172846-03-5,COc1ccc(NS(=O)(=O)c2ccc(N)cc2)nn1,7,25,https://doi.org/10.1021/acs.est.4c11950,alcohol,Oxygenated organics,"InChI=1S/C11H12N4O3S/c1-18-11-7-6-10(13-14-11)15-19(16,17)9-4-2-8(12)3-5-9/h2-7H,12H2,1H3,(H,13,15)",VLYWMPOKSSWJAL-UHFFFAOYSA-N
3898,sulfamethoxypyridazine,9.7930916,1172846-03-5,COc1ccc(NS(=O)(=O)c2ccc(N)cc2)nn1,,,https://doi.org/10.1021/acs.est.1c05548,alcohol,Oxygenated organics,"InChI=1S/C11H12N4O3S/c1-18-11-7-6-10(13-14-11)15-19(16,17)9-4-2-8(12)3-5-9/h2-7H,12H2,1H3,(H,13,15)",VLYWMPOKSSWJAL-UHFFFAOYSA-N
3899,sulfamonomethoxine,9.97,1286538-12-2,COc1cc(NS(=O)(=O)c2ccc(N)cc2)ncn1,7,25,https://doi.org/10.1021/acs.est.4c11950,alcohol,Oxygenated organics,"InChI=1S/C11H12N4O3S/c1-18-11-6-10(13-7-14-11)15-19(16,17)9-4-2-8(12)3-5-9/h2-7H,12H2,1H3,(H,13,14,15)",WMPXPUYPYQKQCX-UHFFFAOYSA-N
3900,sulfamonomethoxine,9.966610987,1286538-12-2,COc1cc(NS(=O)(=O)c2ccc(N)cc2)ncn1,,,https://doi.org/10.1021/acs.est.1c04923,alcohol,Oxygenated organics,"InChI=1S/C11H12N4O3S/c1-18-11-6-10(13-7-14-11)15-19(16,17)9-4-2-8(12)3-5-9/h2-7H,12H2,1H3,(H,13,14,15)",WMPXPUYPYQKQCX-UHFFFAOYSA-N
3901,sulfanilamide,9.34,130249-47-7,Nc1ccc(S(N)(=O)=O)cc1,7,25,https://doi.org/10.1021/acs.est.4c11950,cyclo,Aromatic & PAHs,"InChI=1S/C6H8N2O2S/c7-5-1-3-6(4-2-5)11(8,9)10/h1-4H,7H2,(H2,8,9,10)",FDDDEECHVMSUSB-UHFFFAOYSA-N
3902,sulfasuccidine,9.66,6101-17-3,O=C(O)CCC(=O)Nc1ccc(S(=O)(=O)Nc2nccs2)cc1,7,25,https://doi.org/10.1021/acs.est.4c11950,"sulfide, disulfide",Sulfur-containing organics,"InChI=1S/C13H13N3O5S2/c17-11(5-6-12(18)19)15-9-1-3-10(4-2-9)23(20,21)16-13-14-7-8-22-13/h1-4,7-8H,5-6H2,(H,14,16)(H,15,17)(H,18,19)",SKVLYVHULOWXTD-UHFFFAOYSA-N
3903,sulfathiazole,9.89,1020719-89-4,Nc1ccc(S(=O)(=O)Nc2nccs2)cc1,7,25,https://doi.org/10.1021/acs.est.4c11950,"sulfide, disulfide",Sulfur-containing organics,"InChI=1S/C9H9N3O2S2/c10-7-1-3-8(4-2-7)16(13,14)12-9-11-5-6-15-9/h1-6H,10H2,(H,11,12)",JNMRHUJNCSQMMB-UHFFFAOYSA-N
3904,sulfisoxazole,9.866287339,37357-67-8,Cc1noc(NS(=O)(=O)c2ccc(N)cc2)c1C,,,https://doi.org/10.1021/acs.est.1c04559,alcohol,Oxygenated organics,"InChI=1S/C11H13N3O3S/c1-7-8(2)13-17-11(7)14-18(15,16)10-5-3-9(12)4-6-10/h3-6,14H,12H2,1-2H3",NHUHCSRWZMLRLA-UHFFFAOYSA-N
3905,sulfisoxazole,9.87,37357-67-8,Cc1noc(NS(=O)(=O)c2ccc(N)cc2)c1C,7,25,https://doi.org/10.1021/acs.est.4c11950,alcohol,Oxygenated organics,"InChI=1S/C11H13N3O3S/c1-7-8(2)13-17-11(7)14-18(15,16)10-5-3-9(12)4-6-10/h3-6,14H,12H2,1-2H3",NHUHCSRWZMLRLA-UHFFFAOYSA-N
3906,sulfite,9.736396502,623-81-4,[O-][S]([O-])=O,,,https://doi.org/10.1021/acs.est.1c04700,"sulfide, disulfide",Sulfur-containing organics,"InChI=1S/H2O3S/c1-4(2)3/h(H2,1,2,3)/p-2",LSNNMFCWUKXFEE-UHFFFAOYSA-L
3907,sulindac anion,10.43,250608-67-4,CC1=C(CC(=O)O)c2cc(F)ccc2/C1=C\c1ccc(S(C)=O)cc1,7.2,25,NIST,benzene,Aromatic & PAHs,"InChI=1S/C20H17FO3S/c1-12-17(9-13-3-6-15(7-4-13)25(2)24)16-8-5-14(21)10-19(16)18(12)11-20(22)23/h3-10H,11H2,1-2H3,(H,22,23)/b17-9-",MLKXDPUZXIRXEP-MFOYZWKCSA-N
3908,syringate ion,10.2,130774-07-1,COc1cc(C(=O)[O-])cc(OC)c1O,7,25,NIST,diol,Polyfunctional / highly functionalized,"InChI=1S/C9H10O5/c1-13-6-3-5(9(11)12)4-7(14-2)8(6)10/h3-4,10H,1-2H3,(H,11,12)/p-1",JMSVCTWVEWCHDZ-UHFFFAOYSA-M
3909,tartaric acid,8.84509804,147-71-7,[C@H]([C@@H](C(=O)O)O)(C(=O)O)O,,,https://doi.org/10.1021/acsestengg.5c00223,diol,Polyfunctional / highly functionalized,"InChI=1S/C4H6O6/c5-1(3(7)8)2(6)4(9)10/h1-2,5-6H,(H,7,8)(H,9,10)/t1-,2-/m0/s1",FEWJPZIEWOKRBE-LWMBPPNESA-N
3910,tartaric acid,8.84509804,87-69-4,O=C(O)C(O)C(O)C(=O)O,,,https://doi.org/10.1021/acs.est.1c05089,halogenated,Halogenated organics,"InChI=1S/C4H6O6/c5-1(3(7)8)2(6)4(9)10/h1-2,5-6H,(H,7,8)(H,9,10)",FEWJPZIEWOKRBE-UHFFFAOYSA-N
3911,tartaric acid,8.85,87-69-4,OC(C(O)C(O)=O)C(O)=O,2,25,https://doi.org/10.1021/acs.est.4c11950,diol,Polyfunctional / highly functionalized,"InChI=1S/C4H6O6/c5-1(3(7)8)2(6)4(9)10/h1-2,5-6H,(H,7,8)(H,9,10)",FEWJPZIEWOKRBE-UHFFFAOYSA-N
3912,tartrate ion,9.02,3715-17-1,C(C(C(=O)[O-])O)(C(=O)[O-])O,9,25,"Kraljic, 1967/NIST",diol,Polyfunctional / highly functionalized,"InChI=1S/C4H6O6/c5-1(3(7)8)2(6)4(9)10/h1-2,5-6H,(H,7,8)(H,9,10)/p-2",FEWJPZIEWOKRBE-UHFFFAOYSA-L
3913,tartronate ion,8.64,102484-57-1,O=C([O-])C(O)C(=O)[O-],7,25,NIST,halogenated,Halogenated organics,"InChI=1S/C3H4O5/c4-1(2(5)6)3(7)8/h1,4H,(H,5,6)(H,7,8)/p-2",ROBFUDYVXSDBQM-UHFFFAOYSA-L
3914,tartronate ion,9.18,102484-57-1,O=C([O-])C(O)C(=O)[O-],9,25,NIST,halogenated,Halogenated organics,"InChI=1S/C3H4O5/c4-1(2(5)6)3(7)8/h1,4H,(H,5,6)(H,7,8)/p-2",ROBFUDYVXSDBQM-UHFFFAOYSA-L
3915,tartronate ion,8.56,102484-57-1,O=C([O-])C(O)C(=O)[O-],3,25,NIST,halogenated,Halogenated organics,"InChI=1S/C3H4O5/c4-1(2(5)6)3(7)8/h1,4H,(H,5,6)(H,7,8)/p-2",ROBFUDYVXSDBQM-UHFFFAOYSA-L
3916,tartronic acid,8.23,80-69-3,O=C(O)C(O)C(=O)O,1,25,NIST,halogenated,Halogenated organics,"InChI=1S/C3H4O5/c4-1(2(5)6)3(7)8/h1,4H,(H,5,6)(H,7,8)",ROBFUDYVXSDBQM-UHFFFAOYSA-N
3917,terbacil,9.87,5902-51-2,Cc1[nH]c(=O)n(C(C)(C)C)c(=O)c1Cl,7,25,https://doi.org/10.1021/acs.est.4c11950,cyclo,Aromatic & PAHs,"InChI=1S/C9H13ClN2O2/c1-5-6(10)7(13)12(8(14)11-5)9(2,3)4/h1-4H3,(H,11,14)",NBQCNZYJJMBDKY-UHFFFAOYSA-N
3918,terbutazine,9.45,5915-41-3,CCNc1nc(Cl)nc(NC(C)(C)C)n1,7.5,22,https://doi.org/10.1021/acs.est.4c11950,alkane,Aliphatic hydrocarbons,"InChI=1S/C9H16ClN5/c1-5-11-7-12-6(10)13-8(14-7)15-9(2,3)4/h5H2,1-4H3,(H2,11,12,13,14,15)",FZXISNSWEXTPMF-UHFFFAOYSA-N
3919,terbutazine,9.447158031,5915-41-3,CCNC1=NC(=NC(=N1)Cl)NC(C)(C)C,,,https://doi.org/10.1021/acsestengg.5c00526,alkane,Aliphatic hydrocarbons,"InChI=1S/C9H16ClN5/c1-5-11-7-12-6(10)13-8(14-7)15-9(2,3)4/h5H2,1-4H3,(H2,11,12,13,14,15)",FZXISNSWEXTPMF-UHFFFAOYSA-N
3920,tert amyl methyl ether,9.36,994-05-8,CCC(C)(C)OC,2,22,https://doi.org/10.1021/acs.est.4c11950,alcohol,Oxygenated organics,"InChI=1S/C6H14O/c1-5-6(2,3)7-4/h5H2,1-4H3",HVZJRWJGKQPSFL-UHFFFAOYSA-N
3921,tert butyl formate,9.18,762-75-4,CC(C)(C)C([O-])=O,9,25,NIST,alkane,Aliphatic hydrocarbons,"InChI=1S/C5H10O2/c1-5(2,3)4(6)7/h1-3H3,(H,6,7)/p-1",IUGYQRQAERSCNH-UHFFFAOYSA-M
3922,tert butyl formate,8.61,762-75-4,CC(C)(C)C([O-])=O,7,25,https://doi.org/10.1021/acs.est.4c11950,alkane,Aliphatic hydrocarbons,"InChI=1S/C5H10O2/c1-5(2,3)4(6)7/h1-3H3,(H,6,7)/p-1",IUGYQRQAERSCNH-UHFFFAOYSA-M
3923,tert-Butyl disulfide,9.81,4151-69-3,CC(C)(C)SSC(C)(C)C,4,25,NIST,"sulfide, disulfide",Sulfur-containing organics,"InChI=1S/C8H18S2/c1-7(2,3)9-10-8(4,5)6/h1-6H3",BKCNDTDWDGQHSD-UHFFFAOYSA-N
3924,tert-amyl methyl ether,9.374748346,994-05-8,CCC(C)(C)OC,,,https://doi.org/10.1021/acsestengg.5c00175,alcohol,Oxygenated organics,"InChI=1S/C6H14O/c1-5-6(2,3)7-4/h5H2,1-4H3",HVZJRWJGKQPSFL-UHFFFAOYSA-N
3925,tert-butanol,9.26,31061-75-3,CC(C)(C)O,7,10,https://doi.org/10.1021/acs.est.4c11950,alkane,Aliphatic hydrocarbons,"InChI=1S/C4H10O/c1-4(2,3)5/h5H,1-3H3",DKGAVHZHDRPRBM-UHFFFAOYSA-N
3926,tert-butanol,9.36,31061-75-3,CC(C)(C)O,7,15,https://doi.org/10.1021/acs.est.4c11950,alkane,Aliphatic hydrocarbons,"InChI=1S/C4H10O/c1-4(2,3)5/h5H,1-3H3",DKGAVHZHDRPRBM-UHFFFAOYSA-N
3927,tert-butanol,9.38,31061-75-3,CC(C)(C)O,7,25,https://doi.org/10.1021/acs.est.4c11950,alkane,Aliphatic hydrocarbons,"InChI=1S/C4H10O/c1-4(2,3)5/h5H,1-3H3",DKGAVHZHDRPRBM-UHFFFAOYSA-N
3928,tert-butanol,9.52,31061-75-3,CC(C)(C)O,7,55,https://doi.org/10.1021/acs.est.4c11950,alkane,Aliphatic hydrocarbons,"InChI=1S/C4H10O/c1-4(2,3)5/h5H,1-3H3",DKGAVHZHDRPRBM-UHFFFAOYSA-N
3929,tert-butanol,9.43,31061-75-3,CC(C)(C)O,7,45,https://doi.org/10.1021/acs.est.4c11950,alkane,Aliphatic hydrocarbons,"InChI=1S/C4H10O/c1-4(2,3)5/h5H,1-3H3",DKGAVHZHDRPRBM-UHFFFAOYSA-N
3930,tert-butanol,8.78,31061-75-3,CC(C)(C)O,6,25,https://doi.org/10.1021/acs.est.4c11950,alkane,Aliphatic hydrocarbons,"InChI=1S/C4H10O/c1-4(2,3)5/h5H,1-3H3",DKGAVHZHDRPRBM-UHFFFAOYSA-N
3931,tert-butanol,8.68,31061-75-3,CC(C)(C)O,7.5,25,https://doi.org/10.1021/acs.est.4c11950,alkane,Aliphatic hydrocarbons,"InChI=1S/C4H10O/c1-4(2,3)5/h5H,1-3H3",DKGAVHZHDRPRBM-UHFFFAOYSA-N
3932,tert-butanol,8.85,31061-75-3,CC(C)(C)O,1.5,25,https://doi.org/10.1021/acs.est.4c11950,alkane,Aliphatic hydrocarbons,"InChI=1S/C4H10O/c1-4(2,3)5/h5H,1-3H3",DKGAVHZHDRPRBM-UHFFFAOYSA-N
3933,tert-butanol,9.48,31061-75-3,CC(C)(C)O,7,35,https://doi.org/10.1021/acs.est.4c11950,alkane,Aliphatic hydrocarbons,"InChI=1S/C4H10O/c1-4(2,3)5/h5H,1-3H3",DKGAVHZHDRPRBM-UHFFFAOYSA-N
3934,tert-butanol (2-Methyl-2-propanol),8.84509804,75-65-0,CC(C)(C)O,,,https://doi.org/10.1021/acsestengg.5c00148,alkane,Aliphatic hydrocarbons,"InChI=1S/C4H10O/c1-4(2,3)5/h5H,1-3H3",DKGAVHZHDRPRBM-UHFFFAOYSA-N
3935,tert-butyl amine,9.77815125,75-64-9,CC(C)(C)N,,,https://doi.org/10.1021/acsestengg.5c00305,alkane,Aliphatic hydrocarbons,"InChI=1S/C4H11N/c1-4(2,3)5/h5H2,1-3H3",YBRBMKDOPFTVDT-UHFFFAOYSA-N
3936,tert-butyl amine,8.38,160287-03-6,CC(C)(C)N,4,25,NIST,alkane,Aliphatic hydrocarbons,"InChI=1S/C4H11N/c1-4(2,3)5/h5H2,1-3H3",YBRBMKDOPFTVDT-UHFFFAOYSA-N
3937,tert-butyl amine,9.78,160287-03-6,CC(C)(C)N,7,25,https://doi.org/10.1021/acs.est.4c11950,alkane,Aliphatic hydrocarbons,"InChI=1S/C4H11N/c1-4(2,3)5/h5H2,1-3H3",YBRBMKDOPFTVDT-UHFFFAOYSA-N
3938,tert-butyl amine,8.85,160287-03-6,CC(C)(C)N,3.2,25,NIST,alkane,Aliphatic hydrocarbons,"InChI=1S/C4H11N/c1-4(2,3)5/h5H2,1-3H3",YBRBMKDOPFTVDT-UHFFFAOYSA-N
3939,tert-butyl ammonium ion,8.38,14158-23-7,CC(C)(C)[NH3+],4,22,https://doi.org/10.1021/acs.est.4c11950,alkane,Aliphatic hydrocarbons,"InChI=1S/C4H11N/c1-4(2,3)5/h5H2,1-3H3/p+1",YBRBMKDOPFTVDT-UHFFFAOYSA-O
3940,tert-butyl ammonium ion,8.85,14158-23-7,CC(C)(C)[NH3+],3.2,25,https://doi.org/10.1021/acs.est.4c11950,alkane,Aliphatic hydrocarbons,"InChI=1S/C4H11N/c1-4(2,3)5/h5H2,1-3H3/p+1",YBRBMKDOPFTVDT-UHFFFAOYSA-O
3941,tert-butyl ethyl ether,9.23,637-92-3,CCOC(C)(C)C,1.5,6,https://doi.org/10.1021/acs.est.4c11950,alcohol,Oxygenated organics,"InChI=1S/C6H14O/c1-5-7-6(2,3)4/h5H2,1-4H3",NUMQCACRALPSHD-UHFFFAOYSA-N
3942,tert-butyl ethyl ether,9.18,637-92-3,CCOC(C)(C)C,1.5,13,https://doi.org/10.1021/acs.est.4c11950,alcohol,Oxygenated organics,"InChI=1S/C6H14O/c1-5-7-6(2,3)4/h5H2,1-4H3",NUMQCACRALPSHD-UHFFFAOYSA-N
3943,tert-butyl ethyl ether,9.18,637-92-3,CCOC(C)(C)C,1.5,24,https://doi.org/10.1021/acs.est.4c11950,alcohol,Oxygenated organics,"InChI=1S/C6H14O/c1-5-7-6(2,3)4/h5H2,1-4H3",NUMQCACRALPSHD-UHFFFAOYSA-N
3944,tert-butyl ethyl ether,9.11,637-92-3,CCOC(C)(C)C,1.5,37,https://doi.org/10.1021/acs.est.4c11950,alcohol,Oxygenated organics,"InChI=1S/C6H14O/c1-5-7-6(2,3)4/h5H2,1-4H3",NUMQCACRALPSHD-UHFFFAOYSA-N
3945,tert-butyl ethyl ether,9.38,637-92-3,CCOC(C)(C)C,1.5,47,https://doi.org/10.1021/acs.est.4c11950,alcohol,Oxygenated organics,"InChI=1S/C6H14O/c1-5-7-6(2,3)4/h5H2,1-4H3",NUMQCACRALPSHD-UHFFFAOYSA-N
3946,tert-butyl ethyl ether,9.36,637-92-3,CCOC(C)(C)C,1.5,60,https://doi.org/10.1021/acs.est.4c11950,alcohol,Oxygenated organics,"InChI=1S/C6H14O/c1-5-7-6(2,3)4/h5H2,1-4H3",NUMQCACRALPSHD-UHFFFAOYSA-N
3947,tert-butyl ethyl ether,9.43,637-92-3,CCOC(C)(C)C,8,25,NIST,alcohol,Oxygenated organics,"InChI=1S/C6H14O/c1-5-7-6(2,3)4/h5H2,1-4H3",NUMQCACRALPSHD-UHFFFAOYSA-N
3948,tert-butyl ethyl ether,9.26,637-92-3,CCOC(C)(C)C,2,22,https://doi.org/10.1021/acs.est.4c11950,alcohol,Oxygenated organics,"InChI=1S/C6H14O/c1-5-7-6(2,3)4/h5H2,1-4H3",NUMQCACRALPSHD-UHFFFAOYSA-N
3949,tert-butyl hydroquinone,9.799340549,1948-33-0,CC(C)(C)C1=C(C=CC(=C1)O)O,,,https://doi.org/10.1021/acsestengg.5c00465,alkane,Aliphatic hydrocarbons,"InChI=1S/C10H14O2/c1-10(2,3)8-6-7(11)4-5-9(8)12/h4-6,11-12H,1-3H3",BGNXCDMCOKJUMV-UHFFFAOYSA-N
3950,tert-butyl hydroquinone,9.8,928163-00-2,CC(C)(C)c1cc(O)ccc1O,6.8,22,https://doi.org/10.1021/acs.est.4c11950,benzene,Aromatic & PAHs,"InChI=1S/C10H14O2/c1-10(2,3)8-6-7(11)4-5-9(8)12/h4-6,11-12H,1-3H3",BGNXCDMCOKJUMV-UHFFFAOYSA-N
3951,tert-butyl-ethyl-ether,9.255272505,637-92-3,CCOC(C)(C)C,,,https://doi.org/10.1021/acsestengg.5c00174,alcohol,Oxygenated organics,"InChI=1S/C6H14O/c1-5-7-6(2,3)4/h5H2,1-4H3",NUMQCACRALPSHD-UHFFFAOYSA-N
3952,tert-butylphenol,10.2787536,27178-34-3,CC(C)(C)C1=CC=CC=C1O,,,https://doi.org/10.1021/acsestengg.5c00421,cyclo,Aromatic & PAHs,"InChI=1S/C10H14O/c1-10(2,3)8-6-4-5-7-9(8)11/h4-7,11H,1-3H3",WJQOZHYUIDYNHM-UHFFFAOYSA-N
3953,tert-butylphenol,10.28,101672-74-6,CC(C)(C)c1ccccc1O,9,25,https://doi.org/10.1021/acs.est.4c11950,benzene,Aromatic & PAHs,"InChI=1S/C10H14O/c1-10(2,3)8-6-4-5-7-9(8)11/h4-7,11H,1-3H3",WJQOZHYUIDYNHM-UHFFFAOYSA-N
3954,tetrabutyl ammonium ion,9.69,14158-23-7,CCCC[N+](CCCC)(CCCC)CCCC.O=[N+]([O-])[O-],7,25,NIST,alkane,Aliphatic hydrocarbons,"InChI=1S/C16H36N.NO3/c1-5-9-13-17(14-10-6-2,15-11-7-3)16-12-8-4;2-1(3)4/h5-16H2,1-4H3;/q+1;-1",QHOKENWFMZXSEU-UHFFFAOYSA-N
3955,tetrabutylphosphonium,7,121240-56-0,CCCC[P+](CCCC)(CCCC)CCCC,7,25,NIST,alkane,Aliphatic hydrocarbons,"InChI=1S/C16H36P/c1-5-9-13-17(14-10-6-2,15-11-7-3)16-12-8-4/h5-16H2,1-4H3/q+1",BJQWBACJIAKDTJ-UHFFFAOYSA-N
3956,tetrachloroethylene,9.45,32781-46-7,ClC(Cl)=C(Cl)Cl,6.5,25,https://doi.org/10.1021/acs.est.4c11950,halogenated,Halogenated organics,InChI=1S/C2Cl4/c3-1(4)2(5)6,CYTYCFOTNPOANT-UHFFFAOYSA-N
3957,tetrachloroethylene,9.301029996,127-18-4,C(=C(Cl)Cl)(Cl)Cl,,,https://doi.org/10.1021/acsestengg.5c00373,alkane,Aliphatic hydrocarbons,InChI=1S/C2Cl4/c3-1(4)2(5)6,CYTYCFOTNPOANT-UHFFFAOYSA-N
3958,tetrachloroethylene,9.3,32781-46-7,ClC(Cl)=C(Cl)Cl,8.5,25,https://doi.org/10.1021/acs.est.4c11950,halogenated,Halogenated organics,InChI=1S/C2Cl4/c3-1(4)2(5)6,CYTYCFOTNPOANT-UHFFFAOYSA-N
3959,tetrachlorotoluene,9.69,81-19-6,Clc1cccc(Cl)c1C(Cl)Cl,7,25,https://doi.org/10.1021/acs.est.4c11950,benzene,Aromatic & PAHs,"InChI=1S/C7H4Cl4/c8-4-2-1-3-5(9)6(4)7(10)11/h1-3,7H",QQPXXHAEIGVZKQ-UHFFFAOYSA-N
3960,"tetracyano(2,2'-bipyridine)ferrate(II) ion",9.99,22941-48-6,[C-]#N.[C-]#N.[C-]#N.[C-]#N.[Fe+2].c1ccc(-c2ccccn2)nc1,7,25,NIST,cyclo,Aromatic & PAHs,InChI=1S/C10H8N2.4CN.Fe/c1-3-7-11-9(5-1)10-6-2-4-8-12-10;4*1-2;/h1-8H;;;;;/q;4*-1;+2,DPMZPGQDUQASAP-UHFFFAOYSA-N
3961,tetracyanonickelate(II) ion,10,15158-11-9,N#C[Ni-2](C#N)(C#N)C#N.[K+].[K+],7,25,NIST,halogenated,Halogenated organics,InChI=1S/4CN.2K.Ni/c4*1-2;;;/q;;;;2*+1;-2,QOOHKAMDWOKKBR-UHFFFAOYSA-N
3962,tetracyanoplatinate(II) ion,10.08,562-76-5,N#C[Pt-2](C#N)(C#N)C#N.[K+].[K+],2,25,NIST,phosphorus,Phosphorus-containing organics,InChI=1S/4CN.2K.Pt/c4*1-2;;;/q;;;;2*+1;-2,GPNDCURIWOPVTF-UHFFFAOYSA-N
3963,tetracycline,9.8,84187-37-1,CN(C)[C@@H]1C(O)=C(C(N)=O)C(=O)[C@@]2(O)C(O)=C3C(=O)c4c(O)cccc4[C@@](C)(O)[C@H]3C[C@@H]12,7,25,10.1016/j.chemosphere.2009.11.024,halogenated,Halogenated organics,"InChI=1S/C22H24N2O8/c1-21(31)8-5-4-6-11(25)12(8)16(26)13-9(21)7-10-15(24(2)3)17(27)14(20(23)30)19(29)22(10,32)18(13)28/h4-6,9-10,15,25,27-28,31-32H,7H2,1-3H3,(H2,23,30)/t9-,10-,15-,21+,22-/m0/s1",OFVLGDICTFRJMM-WESIUVDSSA-N
3964,tetracycline,8.63,84187-37-1,CN(C)[C@@H]1C(=O)/C(=C(\N)O)C(=O)[C@@]2(O)C(=O)C3=C(O)c4c(O)cccc4[C@@](C)(O)[C@H]3C[C@@H]12,1,25,NIST,halogenated,Halogenated organics,"InChI=1S/C22H24N2O8/c1-21(31)8-5-4-6-11(25)12(8)16(26)13-9(21)7-10-15(24(2)3)17(27)14(20(23)30)19(29)22(10,32)18(13)28/h4-6,9-10,15,25-26,30-32H,7,23H2,1-3H3/b20-14-/t9-,10-,15-,21+,22-/m0/s1",JYHCQVWYCGHXGP-BPPSBWQWSA-N
3965,tetraethylammonium ion,8.11,14780-97-3,CC[N+](CC)(CC)CC.[Cl-],7,25,NIST,alkane,Aliphatic hydrocarbons,"InChI=1S/C8H20N.ClH/c1-5-9(6-2,7-3)8-4;/h5-8H2,1-4H3;1H/q+1;/p-1",YMBCJWGVCUEGHA-UHFFFAOYSA-M
3966,"tetrafluoro-1,4-dihydroxy-benzene",9.49,106616-45-9,Oc1c(F)c(F)c(O)c(F)c1F,10.5,25,NIST,alcohol,Oxygenated organics,InChI=1S/C6H2F4O2/c7-1-2(8)6(12)4(10)3(9)5(1)11/h11-12H,ZSDAMBJDFDRLSS-UHFFFAOYSA-N
3967,tetrafluorohydroquinone,9.491361694,771-63-1,C1(=C(C(=C(C(=C1F)F)O)F)F)O,,,https://doi.org/10.1021/acsestengg.5c00467,halogenated,Halogenated organics,InChI=1S/C6H2F4O2/c7-1-2(8)6(12)4(10)3(9)5(1)11/h11-12H,ZSDAMBJDFDRLSS-UHFFFAOYSA-N
3968,tetrafluorohydroquinone,9.49,771-63-1,Oc1cc(F)c(OF)c(F)c1F,10.5,25,https://doi.org/10.1021/acs.est.4c11950,alcohol,Oxygenated organics,"InChI=1S/C6H2F4O2/c7-2-1-3(11)4(8)5(9)6(2)12-10/h1,11H",VTLPCVZCMKFCDC-UHFFFAOYSA-N
3969,tetraglycinamide,8.74,,NC(=O)CC(C(N)=O)C(C(N)=O)C(N)C(N)=O,5.5,25,NIST,diol,Polyfunctional / highly functionalized,"InChI=1S/C8H15N5O4/c9-3(14)1-2(6(11)15)4(7(12)16)5(10)8(13)17/h2,4-5H,1,10H2,(H2,9,14)(H2,11,15)(H2,12,16)(H2,13,17)",ADRYMHYYAHZGCK-UHFFFAOYSA-N
3970,tetraglycinamide,9.17,,NC(=O)CC(C(N)=O)C(C(N)=O)C(N)C(N)=O,10.8,25,NIST,diol,Polyfunctional / highly functionalized,"InChI=1S/C8H15N5O4/c9-3(14)1-2(6(11)15)4(7(12)16)5(10)8(13)17/h2,4-5H,1,10H2,(H2,9,14)(H2,11,15)(H2,12,16)(H2,13,17)",ADRYMHYYAHZGCK-UHFFFAOYSA-N
3971,tetraglycine,8.54,7097-60-1,NCC(=O)NCC(=O)NCC(=O)NCC(=O)O,2.5,25,NIST,halogenated,Halogenated organics,"InChI=1S/C8H14N4O5/c9-1-5(13)10-2-6(14)11-3-7(15)12-4-8(16)17/h1-4,9H2,(H,10,13)(H,11,14)(H,12,15)(H,16,17)",QMOQBVOBWVNSNO-UHFFFAOYSA-N
3972,tetraglycine,8.65,7097-60-1,NCC(=O)NCC(=O)NCC(=O)NCC(=O)O,6,25,NIST,halogenated,Halogenated organics,"InChI=1S/C8H14N4O5/c9-1-5(13)10-2-6(14)11-3-7(15)12-4-8(16)17/h1-4,9H2,(H,10,13)(H,11,14)(H,12,15)(H,16,17)",QMOQBVOBWVNSNO-UHFFFAOYSA-N
3973,tetraglycine,9.3,7097-60-1,NCC(=O)NCC(=O)NCC(=O)NCC(=O)O,7.8,25,NIST,halogenated,Halogenated organics,"InChI=1S/C8H14N4O5/c9-1-5(13)10-2-6(14)11-3-7(15)12-4-8(16)17/h1-4,9H2,(H,10,13)(H,11,14)(H,12,15)(H,16,17)",QMOQBVOBWVNSNO-UHFFFAOYSA-N
3974,tetraglycine,9.48,7097-60-1,NCC(=O)NCC(=O)NCC(=O)NCC(=O)O,9.6,25,NIST,halogenated,Halogenated organics,"InChI=1S/C8H14N4O5/c9-1-5(13)10-2-6(14)11-3-7(15)12-4-8(16)17/h1-4,9H2,(H,10,13)(H,11,14)(H,12,15)(H,16,17)",QMOQBVOBWVNSNO-UHFFFAOYSA-N
3975,tetrahydrofuran,9.6,131063-11-1,C1CCOC1,7,25,https://doi.org/10.1021/acs.est.4c11950,alcohol,Oxygenated organics,InChI=1S/C4H8O/c1-2-4-5-3-1/h1-4H2,WYURNTSHIVDZCO-UHFFFAOYSA-N
3976,tetrahydrofuran,9.602059991,109-99-9,C1CCOC1,,,https://doi.org/10.1021/acsestengg.5c00341,alcohol,Oxygenated organics,InChI=1S/C4H8O/c1-2-4-5-3-1/h1-4H2,WYURNTSHIVDZCO-UHFFFAOYSA-N
3977,tetrahydropyran,9.3,22976-09-6,C1CCOCC1,1,25,NIST,alcohol,Oxygenated organics,InChI=1S/C5H10O/c1-2-4-6-5-3-1/h1-5H2,DHXVGJBLRPWPCS-UHFFFAOYSA-N
3978,tetrahydrothiophene,10.15,39929-21-0,C1CCSC1,7,25,https://doi.org/10.1021/acs.est.4c11950,"sulfide, disulfide",Sulfur-containing organics,InChI=1S/C4H8S/c1-2-4-5-3-1/h1-4H2,RAOIDOHSFRTOEL-UHFFFAOYSA-N
3979,tetrahydroxysuccinate ion,9.11,14609-76-8,O=C([O-])C(O)(O)C(O)(O)C(=O)[O-],9,25,NIST,halogenated,Halogenated organics,"InChI=1S/C4H6O8/c5-1(6)3(9,10)4(11,12)2(7)8/h9-12H,(H,5,6)(H,7,8)/p-2",XHWHHMNORMIBBB-UHFFFAOYSA-L
3980,tetramethyl thiourea,9.9,2782-91-4,CN(C)C(=S)N(C)C,7,25,https://doi.org/10.1021/acs.est.4c11950,halogenated,Halogenated organics,InChI=1S/C5H12N2S/c1-6(2)5(8)7(3)4/h1-4H3,MNOILHPDHOHILI-UHFFFAOYSA-N
3981,tetramethyl thiourea,9.903089987,2782-91-4,CN(C)C(=S)N(C)C,,,https://doi.org/10.1021/acsestengg.5c00501,halogenated,Halogenated organics,InChI=1S/C5H12N2S/c1-6(2)5(8)7(3)4/h1-4H3,MNOILHPDHOHILI-UHFFFAOYSA-N
3982,tetramethyl urea,9.72,58490-51-0,CN(C)C(=O)N(C)C,8,18,https://doi.org/10.1021/acs.est.4c11950,halogenated,Halogenated organics,InChI=1S/C5H12N2O/c1-6(2)5(8)7(3)4/h1-4H3,AVQQQNCBBIEMEU-UHFFFAOYSA-N
3983,tetramethyl urea,9.716003344,632-22-4,CN(C)C(=O)N(C)C,,,https://doi.org/10.1021/acsestengg.5c00505,halogenated,Halogenated organics,InChI=1S/C5H12N2O/c1-6(2)5(8)7(3)4/h1-4H3,AVQQQNCBBIEMEU-UHFFFAOYSA-N
3984,tetramethylene sulfoxide,9.85,1428511-42-5,C1CCS(=O)C1,2,25,https://doi.org/10.1021/acs.est.4c11950,"sulfide, disulfide",Sulfur-containing organics,InChI=1S/C4H8OS/c5-6-3-1-2-4-6/h1-4H2,ISXOBTBCNRIIQO-UHFFFAOYSA-N
3985,tetramethylene sulfoxide,9.84509804,1428511-42-5,O=S1CCCC1,,,https://doi.org/10.1021/acs.est.1c05500,"sulfide, disulfide",Sulfur-containing organics,InChI=1S/C4H8OS/c5-6-3-1-2-4-6/h1-4H2,ISXOBTBCNRIIQO-UHFFFAOYSA-N
3986,tetramethylene sulfoxide,9.84509804,1600-44-8,C1CCS(=O)C1,,,https://doi.org/10.1021/acsestengg.5c00345,"sulfide, disulfide",Sulfur-containing organics,InChI=1S/C4H8OS/c5-6-3-1-2-4-6/h1-4H2,ISXOBTBCNRIIQO-UHFFFAOYSA-N
3987,tetramethylthionine chloride,10.07918125,61-73-4,CN(C)c1ccc2nc3ccc(N(C)C)cc3[s+]c2c1,,,https://doi.org/10.1021/acs.est.1c05389,"sulfide, disulfide",Sulfur-containing organics,"InChI=1S/C16H18N3S/c1-18(2)11-5-7-13-15(9-11)20-16-10-12(19(3)4)6-8-14(16)17-13/h5-10H,1-4H3/q+1",RBTBFTRPCNLSDE-UHFFFAOYSA-N
3988,tetramethylthionine chloride,10.08,61-73-4,CN(C)c1ccc2nc3ccc(N(C)C)cc3[s+]c2c1,7,25,https://doi.org/10.1021/acs.est.4c11950,"sulfide, disulfide",Sulfur-containing organics,"InChI=1S/C16H18N3S/c1-18(2)11-5-7-13-15(9-11)20-16-10-12(19(3)4)6-8-14(16)17-13/h5-10H,1-4H3/q+1",RBTBFTRPCNLSDE-UHFFFAOYSA-N
3989,tetraphenylborate ion,9.79,15522-59-5,[Na+].c1ccc([B-](c2ccccc2)(c2ccccc2)c2ccccc2)cc1,7,25,NIST,benzene,Aromatic & PAHs,"InChI=1S/C24H20B.Na/c1-5-13-21(14-6-1)25(22-15-7-2-8-16-22,23-17-9-3-10-18-23)24-19-11-4-12-20-24;/h1-20H;/q-1;+1",HFSRCEJMTLMDLI-UHFFFAOYSA-N
3990,tetraphenylphosphonium ion,9.86,873113-97-4,[Cl-].c1ccc([P+](c2ccccc2)(c2ccccc2)c2ccccc2)cc1,7,25,NIST,benzene,Aromatic & PAHs,"InChI=1S/C24H20P.ClH/c1-5-13-21(14-6-1)25(22-15-7-2-8-16-22,23-17-9-3-10-18-23)24-19-11-4-12-20-24;/h1-20H;1H/q+1;/p-1",WAGFXJQAIZNSEQ-UHFFFAOYSA-M
3991,tetrapropylammonium ion,9.4,85169-30-8,CCC[N+](CCC)(CCC)CCC,7,25,NIST,alkane,Aliphatic hydrocarbons,"InChI=1S/C12H28N/c1-5-9-13(10-6-2,11-7-3)12-8-4/h5-12H2,1-4H3/q+1",OSBSFAARYOCBHB-UHFFFAOYSA-N
3992,tetrazinc(II) thionein,10.45,12008-25-2,C[C@H](NC(=O)[C@H](CS)NC(=O)[C@H](CS)NC(=O)[C@@H](NC(=O)[C@H](CS)NC(=O)[C@@H](N)CCCCN)[C@@H](C)O)C(=O)O.[Zn+2].[Zn+2].[Zn+2].[Zn+2],7,25,NIST,halogenated,Halogenated organics,"InChI=1S/C22H41N7O8S3.4Zn/c1-10(22(36)37)25-18(32)13(7-38)27-19(33)14(8-39)28-21(35)16(11(2)30)29-20(34)15(9-40)26-17(31)12(24)5-3-4-6-23;;;;/h10-16,30,38-40H,3-9,23-24H2,1-2H3,(H,25,32)(H,26,31)(H,27,33)(H,28,35)(H,29,34)(H,36,37);;;;/q;4*+2/t10-,11+,12-,13-,14-,15-,16-;;;;/m0..../s1",SCWSYLKGLVKDSI-IGUWZRTASA-N
3993,tetronate ion,9.96,108932-56-5,O=C1C=CC(=O)O1,7,25,NIST,halogenated,Halogenated organics,InChI=1S/C4H2O3/c5-3-1-2-4(6)7-3/h1-2H,FPYJFEHAWHCUMM-UHFFFAOYSA-N
3994,thalamyd,9.8,131-69-1,CC(=O)NS(=O)(=O)c1ccc(NC(=O)c2ccccc2C(=O)O)cc1,7,25,https://doi.org/10.1021/acs.est.4c11950,"sulfide, disulfide",Sulfur-containing organics,"InChI=1S/C16H14N2O6S/c1-10(19)18-25(23,24)12-8-6-11(7-9-12)17-15(20)13-4-2-3-5-14(13)16(21)22/h2-9H,1H3,(H,17,20)(H,18,19)(H,21,22)",SNWQKAWITMVCQW-UHFFFAOYSA-N
3995,theobromine,9.763427994,83-67-0,CN1C=NC2=C1C(=O)NC(=O)N2C,,,https://doi.org/10.1021/acsestengg.5c00512,halogenated,Halogenated organics,"InChI=1S/C7H8N4O2/c1-10-3-8-5-4(10)6(12)9-7(13)11(5)2/h3H,1-2H3,(H,9,12,13)",YAPQBXQYLJRXSA-UHFFFAOYSA-N
3996,theophilline,9.799340549,58-55-9,CN1C2=C(C(=O)N(C1=O)C)NC=N2,,,https://doi.org/10.1021/acsestengg.5c00507,halogenated,Halogenated organics,"InChI=1S/C7H8N4O2/c1-10-5-4(8-3-9-5)6(12)11(2)7(10)13/h3H,1-2H3,(H,8,9)",ZFXYFBGIUFBOJW-UHFFFAOYSA-N
3997,theophilline,9.8,22540-11-0,CN1C2=C(C(=O)N(C1=O)C)NC=N2.C1=CC(=CC=C1N)[N+](=O)[O-],7,25,https://doi.org/10.1021/acs.est.4c11950,halogenated,Halogenated organics,"InChI=1S/C7H8N4O2.C6H6N2O2/c1-10-5-4(8-3-9-5)6(12)11(2)7(10)13;7-5-1-3-6(4-2-5)8(9)10/h3H,1-2H3,(H,8,9);1-4H,7H2",KRKGCOLLADNMRK-UHFFFAOYSA-N
3998,theophylline,9.8,28384-81-8,CN1C2=C(C(=O)N(C1=O)C)NC=N2,7,25,NIST,halogenated,Halogenated organics,"InChI=1S/C7H8N4O2/c1-10-5-4(8-3-9-5)6(12)11(2)7(10)13/h3H,1-2H3,(H,8,9)",ZFXYFBGIUFBOJW-UHFFFAOYSA-N
3999,thiamine cation,9.48,96779-44-1,Cc1ncc(C[n+]2csc(CCO)c2C)c(N)n1,4.7,25,NIST,alkane,Aliphatic hydrocarbons,"InChI=1S/C12H17N4OS/c1-8-11(3-4-17)18-7-16(8)6-10-5-14-9(2)15-12(10)13/h5,7,17H,3-4,6H2,1-2H3,(H2,13,14,15)/q+1",JZRWCGZRTZMZEH-UHFFFAOYSA-N
4000,thioanisole,9.54,1803787-20-3,CSc1ccccc1,7,25,https://doi.org/10.1021/acs.est.4c11950,"sulfide, disulfide",Sulfur-containing organics,"InChI=1S/C7H8S/c1-8-7-5-3-2-4-6-7/h2-6H,1H3",HNKJADCVZUBCPG-UHFFFAOYSA-N
4001,thiocyanate ion,10,302-04-5,N#C[S-],6.5,25,NIST,"sulfide, disulfide",Sulfur-containing organics,InChI=1S/CHNS/c2-1-3/h3H/p-1,ZMZDMBWJUHKJPS-UHFFFAOYSA-M
4002,thiocyanate ion,10.04,302-04-5,N#C[S-],7,25,NIST,"sulfide, disulfide",Sulfur-containing organics,InChI=1S/CHNS/c2-1-3/h3H/p-1,ZMZDMBWJUHKJPS-UHFFFAOYSA-M
4003,thiocyanate ion,10.08,302-04-5,N#C[S-],7.5,25,NIST,"sulfide, disulfide",Sulfur-containing organics,InChI=1S/CHNS/c2-1-3/h3H/p-1,ZMZDMBWJUHKJPS-UHFFFAOYSA-M
4004,thiodiacetic acid,9.77815125,132090-49-4,O=C(O)CSCC(=O)O,,,https://doi.org/10.1021/acs.est.1c05099,"sulfide, disulfide",Sulfur-containing organics,"InChI=1S/C4H6O4S/c5-3(6)1-9-2-4(7)8/h1-2H2,(H,5,6)(H,7,8)",UVZICZIVKIMRNE-UHFFFAOYSA-N
4005,thiodiacetic acid,9.81,132090-49-4,O=C(O)CSCC(=O)O,0,25,NIST,"sulfide, disulfide",Sulfur-containing organics,"InChI=1S/C4H6O4S/c5-3(6)1-9-2-4(7)8/h1-2H2,(H,5,6)(H,7,8)",UVZICZIVKIMRNE-UHFFFAOYSA-N
4006,thiodiacetic acid,9.77815125,123-93-3,C(C(=O)O)SCC(=O)O,,,https://doi.org/10.1021/acsestengg.5c00262,"sulfide, disulfide",Sulfur-containing organics,"InChI=1S/C4H6O4S/c5-3(6)1-9-2-4(7)8/h1-2H2,(H,5,6)(H,7,8)",UVZICZIVKIMRNE-UHFFFAOYSA-N
4007,thiodiacetic acid,9.78,132090-49-4,OC(=O)CSCC(O)=O,1,25,https://doi.org/10.1021/acs.est.4c11950,"sulfide, disulfide",Sulfur-containing organics,"InChI=1S/C4H6O4S/c5-3(6)1-9-2-4(7)8/h1-2H2,(H,5,6)(H,7,8)",UVZICZIVKIMRNE-UHFFFAOYSA-N
4008,thiodiglycolate ion,9.96,61371-42-4,O=C([O-])COCC([O-])=S,5.7,25,NIST,"sulfide, disulfide",Sulfur-containing organics,"InChI=1S/C4H6O4S/c5-3(6)1-8-2-4(7)9/h1-2H2,(H,5,6)(H,7,9)/p-2",IBCFHZJCXQOYCM-UHFFFAOYSA-L
4009,thiodiglycolate ion,9.61,61371-42-4,O=C([O-])COCC([O-])=S,6,25,NIST,"sulfide, disulfide",Sulfur-containing organics,"InChI=1S/C4H6O4S/c5-3(6)1-8-2-4(7)9/h1-2H2,(H,5,6)(H,7,9)/p-2",IBCFHZJCXQOYCM-UHFFFAOYSA-L
4010,thioglycolate ion,9.76,34452-51-2,O=C([O-])CS,6.6,25,NIST,"sulfide, disulfide",Sulfur-containing organics,"InChI=1S/C2H4O2S/c3-2(4)1-5/h5H,1H2,(H,3,4)/p-1",CWERGRDVMFNCDR-UHFFFAOYSA-M
4011,thioglycolate ion,10.32,34452-51-2,O=C([O-])CS,10.7,25,NIST,"sulfide, disulfide",Sulfur-containing organics,"InChI=1S/C2H4O2S/c3-2(4)1-5/h5H,1H2,(H,3,4)/p-1",CWERGRDVMFNCDR-UHFFFAOYSA-M
4012,thioglycolate ion,9.74,34452-51-2,O=C([O-])CS,11.1,25,NIST,"sulfide, disulfide",Sulfur-containing organics,"InChI=1S/C2H4O2S/c3-2(4)1-5/h5H,1H2,(H,3,4)/p-1",CWERGRDVMFNCDR-UHFFFAOYSA-M
4013,thioglycolate ion,10.48,34452-51-2,O=C([O-])CS,6,25,NIST,"sulfide, disulfide",Sulfur-containing organics,"InChI=1S/C2H4O2S/c3-2(4)1-5/h5H,1H2,(H,3,4)/p-1",CWERGRDVMFNCDR-UHFFFAOYSA-M
4014,thiolactate ion,10.23,35440-78-9,CC(S)C(=O)[O-],7.2,25,NIST,alkane,Aliphatic hydrocarbons,"InChI=1S/C3H6O2S/c1-2(6)3(4)5/h2,6H,1H3,(H,4,5)/p-1",PMNLUUOXGOOLSP-UHFFFAOYSA-M
4015,thiolactate ion,10.2,35440-78-9,CC(S)C(=O)[O-],10.8,25,NIST,alkane,Aliphatic hydrocarbons,"InChI=1S/C3H6O2S/c1-2(6)3(4)5/h2,6H,1H3,(H,4,5)/p-1",PMNLUUOXGOOLSP-UHFFFAOYSA-M
4016,thiophene,9.61,2036-39-7,s1cccc1,10,25,https://doi.org/10.1021/acs.est.4c11950,"sulfide, disulfide",Sulfur-containing organics,InChI=1S/C4H4S/c1-2-4-5-3-1/h1-4H,YTPLMLYBLZKORZ-UHFFFAOYSA-N
4017,thiophene,9.91,2036-39-7,s1cccc1,7,25,https://doi.org/10.1021/acs.est.4c11950,"sulfide, disulfide",Sulfur-containing organics,InChI=1S/C4H4S/c1-2-4-5-3-1/h1-4H,YTPLMLYBLZKORZ-UHFFFAOYSA-N
4018,thiopurinol,10.08,81944-82-3,Sc1ncnc2[nH]ncc12,7,25,https://doi.org/10.1021/acs.est.4c11950,"sulfide, disulfide",Sulfur-containing organics,"InChI=1S/C5H4N4S/c10-5-3-1-8-9-4(3)6-2-7-5/h1-2H,(H2,6,7,8,9,10)",PYAOPMWCFSVFOT-UHFFFAOYSA-N
4019,thiopurinol,10.11,81944-82-3,O.Sc1ncnc2[nH]ncc12.Sc1ncnc2[nH]ncc12,7,25,NIST,"sulfide, disulfide",Sulfur-containing organics,"InChI=1S/2C5H4N4S.H2O/c2*10-5-3-1-8-9-4(3)6-2-7-5;/h2*1-2H,(H2,6,7,8,9,10);1H2",CDNKXQJYWVECAT-UHFFFAOYSA-N
4020,thiosemicarbazide,9.7,1346414-05-8,NNC(N)=S,0,25,NIST,"sulfide, disulfide",Sulfur-containing organics,"InChI=1S/CH5N3S/c2-1(5)4-3/h3H2,(H3,2,4,5)",BRWIZMBXBAOCCF-UHFFFAOYSA-N
4021,thiosemicarbazide,10.11,1346414-05-8,NNC(N)=S,7,25,NIST,"sulfide, disulfide",Sulfur-containing organics,"InChI=1S/CH5N3S/c2-1(5)4-3/h3H2,(H3,2,4,5)",BRWIZMBXBAOCCF-UHFFFAOYSA-N
4022,thiourea,9.99,883091-83-6,NC(N)=S,7.5,25,NIST,"sulfide, disulfide",Sulfur-containing organics,"InChI=1S/CH4N2S/c2-1(3)4/h(H4,2,3,4)",UMGDCJDMYOKAJW-UHFFFAOYSA-N
4023,thiourea,9.9,883091-83-6,NC(N)=S,7.4,25,NIST,"sulfide, disulfide",Sulfur-containing organics,"InChI=1S/CH4N2S/c2-1(3)4/h(H4,2,3,4)",UMGDCJDMYOKAJW-UHFFFAOYSA-N
4024,thiourea,9.79,883091-83-6,NC(N)=S,7,25,https://doi.org/10.1021/acs.est.4c11950,"sulfide, disulfide",Sulfur-containing organics,"InChI=1S/CH4N2S/c2-1(3)4/h(H4,2,3,4)",UMGDCJDMYOKAJW-UHFFFAOYSA-N
4025,threonine,8.71,129204-38-2,CC(O)C(N)C(=O)O,6.6,25,NIST,alkane,Aliphatic hydrocarbons,"InChI=1S/C4H9NO3/c1-2(6)3(5)4(7)8/h2-3,6H,5H2,1H3,(H,7,8)",AYFVYJQAPQTCCC-UHFFFAOYSA-N
4026,threonine,8.67,129204-38-2,CC(O)C(N)C(=O)O,2,25,NIST,alkane,Aliphatic hydrocarbons,"InChI=1S/C4H9NO3/c1-2(6)3(5)4(7)8/h2-3,6H,5H2,1H3,(H,7,8)",AYFVYJQAPQTCCC-UHFFFAOYSA-N
4027,thymidine,9.89,240407-53-8,Cc1cn(C2CC(O)C(CO)O2)c(=O)[nH]c1=O,5,25,NIST,cyclo,Aromatic & PAHs,"InChI=1S/C10H14N2O5/c1-5-3-12(10(16)11-9(5)15)8-2-6(14)7(4-13)17-8/h3,6-8,13-14H,2,4H2,1H3,(H,11,15,16)",IQFYYKKMVGJFEH-UHFFFAOYSA-N
4028,thymidine,9.67,240407-53-8,Cc1cn(C2CC(O)C(CO)O2)c(=O)[nH]c1=O,7,25,NIST,cyclo,Aromatic & PAHs,"InChI=1S/C10H14N2O5/c1-5-3-12(10(16)11-9(5)15)8-2-6(14)7(4-13)17-8/h3,6-8,13-14H,2,4H2,1H3,(H,11,15,16)",IQFYYKKMVGJFEH-UHFFFAOYSA-N
4029,thymidine,9.66,240407-53-8,Cc1cn(C2CC(O)C(CO)O2)c(=O)[nH]c1=O,7.5,25,NIST,cyclo,Aromatic & PAHs,"InChI=1S/C10H14N2O5/c1-5-3-12(10(16)11-9(5)15)8-2-6(14)7(4-13)17-8/h3,6-8,13-14H,2,4H2,1H3,(H,11,15,16)",IQFYYKKMVGJFEH-UHFFFAOYSA-N
4030,thymidine,9.89,240407-53-8,Cc1cn(C2CC(O)C(CO)O2)c(=O)[nH]c1=O,2,25,NIST,cyclo,Aromatic & PAHs,"InChI=1S/C10H14N2O5/c1-5-3-12(10(16)11-9(5)15)8-2-6(14)7(4-13)17-8/h3,6-8,13-14H,2,4H2,1H3,(H,11,15,16)",IQFYYKKMVGJFEH-UHFFFAOYSA-N
4031,thymidine,9.32,240407-53-8,Cc1cn(C2CC(O)C(CO)O2)c(=O)[nH]c1=O,12.4,25,NIST,cyclo,Aromatic & PAHs,"InChI=1S/C10H14N2O5/c1-5-3-12(10(16)11-9(5)15)8-2-6(14)7(4-13)17-8/h3,6-8,13-14H,2,4H2,1H3,(H,11,15,16)",IQFYYKKMVGJFEH-UHFFFAOYSA-N
4032,thymidine monophosphate,9.72,40705-89-3,Cc1cn(C2CC(O)C(COP(=O)(O)O)O2)c(=O)[nH]c1=O,6.8,25,NIST,diol,Polyfunctional / highly functionalized,"InChI=1S/C10H15N2O8P/c1-5-3-12(10(15)11-9(5)14)8-2-6(13)7(20-8)4-19-21(16,17)18/h3,6-8,13H,2,4H2,1H3,(H,11,14,15)(H2,16,17,18)",GYOZYWVXFNDGLU-UHFFFAOYSA-N
4033,thymidine monophosphate,9.63,40705-89-3,Cc1cn(C2CC(O)C(COP(=O)(O)O)O2)c(=O)[nH]c1=O,2,25,NIST,diol,Polyfunctional / highly functionalized,"InChI=1S/C10H15N2O8P/c1-5-3-12(10(15)11-9(5)14)8-2-6(13)7(20-8)4-19-21(16,17)18/h3,6-8,13H,2,4H2,1H3,(H,11,14,15)(H2,16,17,18)",GYOZYWVXFNDGLU-UHFFFAOYSA-N
4034,thymine,9.92,200417-68-1,Cc1c[nH]c(=O)[nH]c1=O,5,25,NIST,cyclo,Aromatic & PAHs,"InChI=1S/C5H6N2O2/c1-3-2-6-5(9)7-4(3)8/h2H,1H3,(H2,6,7,8,9)",RWQNBRDOKXIBIV-UHFFFAOYSA-N
4035,thymine,9.74,200417-68-1,Cc1c[nH]c(=O)[nH]c1=O,6,25,NIST,cyclo,Aromatic & PAHs,"InChI=1S/C5H6N2O2/c1-3-2-6-5(9)7-4(3)8/h2H,1H3,(H2,6,7,8,9)",RWQNBRDOKXIBIV-UHFFFAOYSA-N
4036,thymine,9.72,200417-68-1,Cc1c[nH]c(=O)[nH]c1=O,1,25,NIST,cyclo,Aromatic & PAHs,"InChI=1S/C5H6N2O2/c1-3-2-6-5(9)7-4(3)8/h2H,1H3,(H2,6,7,8,9)",RWQNBRDOKXIBIV-UHFFFAOYSA-N
4037,thymine,9.04,200417-68-1,Cc1c[nH]c(=O)[nH]c1=O,12,25,NIST,cyclo,Aromatic & PAHs,"InChI=1S/C5H6N2O2/c1-3-2-6-5(9)7-4(3)8/h2H,1H3,(H2,6,7,8,9)",RWQNBRDOKXIBIV-UHFFFAOYSA-N
4038,thymine,9.94,200417-68-1,Cc1c[nH]c(=O)[nH]c1=O,2,25,NIST,cyclo,Aromatic & PAHs,"InChI=1S/C5H6N2O2/c1-3-2-6-5(9)7-4(3)8/h2H,1H3,(H2,6,7,8,9)",RWQNBRDOKXIBIV-UHFFFAOYSA-N
4039,thymine,9.78,200417-68-1,Cc1c[nH]c(=O)[nH]c1=O,7,25,NIST,cyclo,Aromatic & PAHs,"InChI=1S/C5H6N2O2/c1-3-2-6-5(9)7-4(3)8/h2H,1H3,(H2,6,7,8,9)",RWQNBRDOKXIBIV-UHFFFAOYSA-N
4040,thymine,9.72,200417-68-1,Cc1c[nH]c(=O)[nH]c1=O,7.3,25,NIST,cyclo,Aromatic & PAHs,"InChI=1S/C5H6N2O2/c1-3-2-6-5(9)7-4(3)8/h2H,1H3,(H2,6,7,8,9)",RWQNBRDOKXIBIV-UHFFFAOYSA-N
4041,thymine,9.74,200417-68-1,Cc1c[nH]c(=O)[nH]c1=O,9,25,NIST,cyclo,Aromatic & PAHs,"InChI=1S/C5H6N2O2/c1-3-2-6-5(9)7-4(3)8/h2H,1H3,(H2,6,7,8,9)",RWQNBRDOKXIBIV-UHFFFAOYSA-N
4042,thymine,9.59,200417-68-1,Cc1c[nH]c(=O)[nH]c1=O,11,25,NIST,cyclo,Aromatic & PAHs,"InChI=1S/C5H6N2O2/c1-3-2-6-5(9)7-4(3)8/h2H,1H3,(H2,6,7,8,9)",RWQNBRDOKXIBIV-UHFFFAOYSA-N
4043,tiaprofenate ion,10.28,62715-04-2,CC(C(=O)[O-])c1ccc(C(=O)c2ccccc2)s1,7.2,25,NIST,"sulfide, disulfide",Sulfur-containing organics,"InChI=1S/C14H12O3S/c1-9(14(16)17)11-7-8-12(18-11)13(15)10-5-3-2-4-6-10/h2-9H,1H3,(H,16,17)/p-1",GUHPRPJDBZHYCJ-UHFFFAOYSA-M
4044,tinidazole,9.44,159790-76-8,CCS(=O)(=O)CCn1c([N+](=O)[O-])cnc1C,7,25,https://doi.org/10.1021/acs.est.4c11950,"sulfide, disulfide",Sulfur-containing organics,"InChI=1S/C8H13N3O4S/c1-3-16(14,15)5-4-10-7(2)9-6-8(10)11(12)13/h6H,3-5H2,1-2H3",HJLSLZFTEKNLFI-UHFFFAOYSA-N
4045,tinidazole,9.437750563,159790-76-8,CCS(=O)(=O)CCn1c([N+](=O)[O-])cnc1C,,,https://doi.org/10.1021/acs.est.1c05243,"sulfide, disulfide",Sulfur-containing organics,"InChI=1S/C8H13N3O4S/c1-3-16(14,15)5-4-10-7(2)9-6-8(10)11(12)13/h6H,3-5H2,1-2H3",HJLSLZFTEKNLFI-UHFFFAOYSA-N
4046,tiotidine,10,69012-16-4,CN=C(NC#N)NCCSCc1csc(N=C(N)N)n1,7.4,25,NIST,"sulfide, disulfide",Sulfur-containing organics,"InChI=1S/C10H16N8S2/c1-14-9(16-6-11)15-2-3-19-4-7-5-20-10(17-7)18-8(12)13/h5H,2-4H2,1H3,(H2,14,15,16)(H4,12,13,17,18)",YDDXVAXDYKBWDX-UHFFFAOYSA-N
4047,toluene,9.707570176,108-88-3,CC1=CC=CC=C1,,,https://doi.org/10.1021/acsestengg.5c00443,cyclo,Aromatic & PAHs,"InChI=1S/C7H8/c1-7-5-3-2-4-6-7/h2-6H,1H3",YXFVVABEGXRONW-UHFFFAOYSA-N
4048,toluene,9.48,6933-23-9,Cc1ccccc1,3,25,https://doi.org/10.1021/acs.est.4c11950,benzene,Aromatic & PAHs,"InChI=1S/C7H8/c1-7-5-3-2-4-6-7/h2-6H,1H3",YXFVVABEGXRONW-UHFFFAOYSA-N
4049,toluene,9.71,6933-23-9,Cc1ccccc1,7,25,https://doi.org/10.1021/acs.est.4c11950,benzene,Aromatic & PAHs,"InChI=1S/C7H8/c1-7-5-3-2-4-6-7/h2-6H,1H3",YXFVVABEGXRONW-UHFFFAOYSA-N
4050,toxaphene,8.08,102489-36-1,C=C1C(CCl)(CCl)C2(Cl)C(Cl)C(Cl)C1(Cl)C2(Cl)Cl,1.9,25,NIST,cyclo,Aromatic & PAHs,"InChI=1S/C10H8Cl8/c1-4-7(2-11,3-12)9(16)6(14)5(13)8(4,15)10(9,17)18/h5-6H,1-3H2",OEJNXTAZZBRGDN-UHFFFAOYSA-N
4051,trans-bis(glycinato)platinum(II),9.95,15685-00-4,[NH-]CC(=O)O.[NH-]CC(=O)O.[Pt+2],7,25,NIST,phosphorus,Phosphorus-containing organics,"InChI=1S/2C2H4NO2.Pt/c2*3-1-2(4)5;/h2*3H,1H2,(H,4,5);/q2*-1;+2",LZXWEBTYPSKVGU-UHFFFAOYSA-N
4052,trans-bis(glycinato)platinum(II),9.78,15685-00-4,[NH-]CC(=O)O.[NH-]CC(=O)O.[Pt+2],8.5,25,NIST,phosphorus,Phosphorus-containing organics,"InChI=1S/2C2H4NO2.Pt/c2*3-1-2(4)5;/h2*3H,1H2,(H,4,5);/q2*-1;+2",LZXWEBTYPSKVGU-UHFFFAOYSA-N
4053,trans-dichlorobis(ethylenediamine)platinum(IV) ion,8.15,21430-85-3,Cl[Pt+2]Cl.NCCN.NCCN,8.1,25,NIST,phosphorus,Phosphorus-containing organics,InChI=1S/2C2H8N2.2ClH.Pt/c2*3-1-2-4;;;/h2*1-4H2;2*1H;/q;;;;+4/p-2,VWAWJCIOMHLCCV-UHFFFAOYSA-L
4054,tri-methyl-acetic acid,8.812913357,5915-67-3,CC(C)(C)C(=O)O,,,https://doi.org/10.1021/acs.est.1c05305,alkane,Aliphatic hydrocarbons,"InChI=1S/C5H10O2/c1-5(2,3)4(6)7/h1-3H3,(H,6,7)",IUGYQRQAERSCNH-UHFFFAOYSA-N
4055,tri-methyl-acetic acid,8.812913357,75-98-9,CC(C)(C)C(=O)O,,,https://doi.org/10.1021/acsestengg.5c00209,alkane,Aliphatic hydrocarbons,"InChI=1S/C5H10O2/c1-5(2,3)4(6)7/h1-3H3,(H,6,7)",IUGYQRQAERSCNH-UHFFFAOYSA-N
4056,tribromo methane,8.176091259,75-25-2,C(Br)(Br)Br,,,https://doi.org/10.1021/acsestengg.5c00232,halogenated,Halogenated organics,InChI=1S/CHBr3/c2-1(3)4/h1H,DIKBFYAXUHHXCS-UHFFFAOYSA-N
4057,tribromo-nitromethane,8.511883361,32480-00-5,[O-][N+](=O)C(Br)(Br)Br,,,https://doi.org/10.1021/acs.est.1c04626,halogenated,Halogenated organics,"InChI=1S/CBr3NO2/c2-1(3,4)5(6)7",QQZIUHOKWDFXEY-UHFFFAOYSA-N
4058,tribromoacetaldehyde,8.73239376,115-17-3,O=CC(Br)(Br)Br,,,https://doi.org/10.1021/acs.est.1c05360,halogenated,Halogenated organics,"InChI=1S/C2HBr3O/c3-2(4,5)1-6/h1H",YTGSYRVSBPFKMQ-UHFFFAOYSA-N
4059,tribromoacetaldehyde,8.73,115-17-3,O=CC(Br)(Br)Br,7,25,https://doi.org/10.1021/acs.est.4c11950,halogenated,Halogenated organics,"InChI=1S/C2HBr3O/c3-2(4,5)1-6/h1H",YTGSYRVSBPFKMQ-UHFFFAOYSA-N
4060,tribromoacetic acid,7.963787827,75-96-7,O=C(O)C(Br)(Br)Br,,,https://doi.org/10.1021/acs.est.1c04677,halogenated,Halogenated organics,"InChI=1S/C2HBr3O2/c3-2(4,5)1(6)7/h(H,6,7)",QIONYIKHPASLHO-UHFFFAOYSA-N
4061,tribromoacetic acid,7.96,75-96-7,O=C(O)C(Br)(Br)Br,7,25,https://doi.org/10.1021/acs.est.4c11950,halogenated,Halogenated organics,"InChI=1S/C2HBr3O2/c3-2(4,5)1(6)7/h(H,6,7)",QIONYIKHPASLHO-UHFFFAOYSA-N
4062,tribromomethane,8.11,15585-71-4,BrC(Br)Br,8.5,25,NIST,halogenated,Halogenated organics,InChI=1S/CHBr3/c2-1(3)4/h1H,DIKBFYAXUHHXCS-UHFFFAOYSA-N
4063,tribromomethane,8.04,15585-71-4,BrC(Br)Br,7,25,NIST,halogenated,Halogenated organics,InChI=1S/CHBr3/c2-1(3)4/h1H,DIKBFYAXUHHXCS-UHFFFAOYSA-N
4064,tribromonitromethane,8.18,464-10-8,O=[N+]([O-])C(Br)(Br)Br,7,25,https://doi.org/10.1021/acs.est.4c11950,halogenated,Halogenated organics,"InChI=1S/CBr3NO2/c2-1(3,4)5(6)7",QQZIUHOKWDFXEY-UHFFFAOYSA-N
4065,tribromonitromethane,8.176091259,464-10-8,O=[N+]([O-])C(Br)(Br)Br,,,https://doi.org/10.1021/acs.est.1c05149,halogenated,Halogenated organics,"InChI=1S/CBr3NO2/c2-1(3,4)5(6)7",QQZIUHOKWDFXEY-UHFFFAOYSA-N
4066,tributoxy-hydroxyphosphanium,9.810232518,797060-57-2,CCCCO[P](=O)(OCCCC)OCCCC,,,https://doi.org/10.1021/acs.est.1c04563,alcohol,Oxygenated organics,"InChI=1S/C12H27O4P/c1-4-7-10-14-17(13,15-11-8-5-2)16-12-9-6-3/h4-12H2,1-3H3",STCOOQWBFONSKY-UHFFFAOYSA-N
4067,tributyl amine,10.22,91869-14-6,CCCCN(CCCC)CCCC,1,25,https://doi.org/10.1021/acs.est.4c11950,alkane,Aliphatic hydrocarbons,"InChI=1S/C12H27N/c1-4-7-10-13(11-8-5-2)12-9-6-3/h4-12H2,1-3H3",IMFACGCPASFAPR-UHFFFAOYSA-N
4068,tributyl amine,10.23044892,102-82-9,CCCCN(CCCC)CCCC,,,https://doi.org/10.1021/acsestengg.5c00315,alkane,Aliphatic hydrocarbons,"InChI=1S/C12H27N/c1-4-7-10-13(11-8-5-2)12-9-6-3/h4-12H2,1-3H3",IMFACGCPASFAPR-UHFFFAOYSA-N
4069,tributyl phosphate,10,126-73-8,CCCCOP(=O)(OCCCC)OCCCC,,,https://doi.org/10.1021/acsestengg.5c00336,alcohol,Oxygenated organics,"InChI=1S/C12H27O4P/c1-4-7-10-14-17(13,15-11-8-5-2)16-12-9-6-3/h4-12H2,1-3H3",STCOOQWBFONSKY-UHFFFAOYSA-N
4070,tributyl phosphate,10,28089-34-1,CCCCO[P](=O)(OCCCC)OCCCC,1.2,25,https://doi.org/10.1021/acs.est.4c11950,alcohol,Oxygenated organics,"InChI=1S/C12H27O4P/c1-4-7-10-14-17(13,15-11-8-5-2)16-12-9-6-3/h4-12H2,1-3H3",STCOOQWBFONSKY-UHFFFAOYSA-N
4071,tributyl(methyl)ammonium ion,9.57,14158-23-7,CCCC[N+](C)(CCCC)CCCC,7,25,NIST,alkane,Aliphatic hydrocarbons,"InChI=1S/C13H30N/c1-5-8-11-14(4,12-9-6-2)13-10-7-3/h5-13H2,1-4H3/q+1",HJHUXWBTVVFLQI-UHFFFAOYSA-N
4072,trichloro-nitromethane,7.696356389,59316-88-0,[O-][N+](=O)C(Cl)(Cl)Cl,,,https://doi.org/10.1021/acs.est.1c05434,halogenated,Halogenated organics,"InChI=1S/CCl3NO2/c2-1(3,4)5(6)7",LFHISGNCFUNFFM-UHFFFAOYSA-N
4073,trichloroacetaldehyde,8.579783597,883836-30-4,O=CC(Cl)(Cl)Cl,,,https://doi.org/10.1021/acs.est.1c04467,halogenated,Halogenated organics,"InChI=1S/C2HCl3O/c3-2(4,5)1-6/h1H",HFFLGKNGCAIQMO-UHFFFAOYSA-N
4074,trichloroacetaldehyde,8.58,883836-30-4,O=CC(Cl)(Cl)Cl,7,25,https://doi.org/10.1021/acs.est.4c11950,halogenated,Halogenated organics,"InChI=1S/C2HCl3O/c3-2(4,5)1-6/h1H",HFFLGKNGCAIQMO-UHFFFAOYSA-N
4075,trichloroacetamide,6.32,73006-90-3,NC(=O)C(Cl)(Cl)Cl,7,25,https://doi.org/10.1021/acs.est.4c11950,halogenated,Halogenated organics,"InChI=1S/C2H2Cl3NO/c3-2(4,5)1(6)7/h(H2,6,7)",UPQQXPKAYZYUKO-UHFFFAOYSA-N
4076,trichloroacetamide,6.322219295,73006-90-3,NC(=O)C(Cl)(Cl)Cl,,,https://doi.org/10.1021/acs.est.1c04930,halogenated,Halogenated organics,"InChI=1S/C2H2Cl3NO/c3-2(4,5)1(6)7/h(H2,6,7)",UPQQXPKAYZYUKO-UHFFFAOYSA-N
4077,trichloroacetic acid,7.78,173470-69-4,O=C([O-])C(Cl)(Cl)Cl,6.2,25,NIST,halogenated,Halogenated organics,"InChI=1S/C2HCl3O2/c3-2(4,5)1(6)7/h(H,6,7)/p-1",YNJBWRMUSHSURL-UHFFFAOYSA-M
4078,trichloroacetonitrile,7.59,545-06-2,ClC(Cl)(Cl)C#N,7,25,https://doi.org/10.1021/acs.est.4c11950,halogenated,Halogenated organics,"InChI=1S/C2Cl3N/c3-2(4,5)1-6",DRUIESSIVFYOMK-UHFFFAOYSA-N
4079,trichlorobromomethane,7.4,75-62-7,ClC(Cl)(Cl)Br,7,25,https://doi.org/10.1021/acs.est.4c11950,halogenated,Halogenated organics,"InChI=1S/CBrCl3/c2-1(3,4)5",XNNQFQFUQLJSQT-UHFFFAOYSA-N
4080,trichlorobromomethane,7.397940009,75-62-7,ClC(Cl)(Cl)Br,,,https://doi.org/10.1021/acs.est.1c05156,halogenated,Halogenated organics,"InChI=1S/CBrCl3/c2-1(3,4)5",XNNQFQFUQLJSQT-UHFFFAOYSA-N
4081,trichloroethylene,9.46,39628-69-8,ClC=C(Cl)Cl,8.6,25,https://doi.org/10.1021/acs.est.4c11950,halogenated,Halogenated organics,InChI=1S/C2HCl3/c3-1-2(4)5/h1H,XSTXAVWGXDQKEL-UHFFFAOYSA-N
4082,trichloroethylene,9.6,39628-69-8,ClC=C(Cl)Cl,6.5,25,NIST,halogenated,Halogenated organics,InChI=1S/C2HCl3/c3-1-2(4)5/h1H,XSTXAVWGXDQKEL-UHFFFAOYSA-N
4083,trichloroiodomethane,9.544068044,37287-23-3,ClC(Cl)(Cl)I,,,https://doi.org/10.1021/acs.est.1c04909,halogenated,Halogenated organics,"InChI=1S/CCl3I/c2-1(3,4)5",SFLKZLQXODICBP-UHFFFAOYSA-N
4084,trichloroiodomethane,9.54,37287-23-3,ClC(Cl)(Cl)I,7,25,https://doi.org/10.1021/acs.est.4c11950,halogenated,Halogenated organics,"InChI=1S/CCl3I/c2-1(3,4)5",SFLKZLQXODICBP-UHFFFAOYSA-N
4085,trichloronitromethane,7.903089987,37287-23-3,O=[N+]([O-])C(Cl)(Cl)Cl,,,https://doi.org/10.1021/acs.est.1c05419,halogenated,Halogenated organics,"InChI=1S/CCl3NO2/c2-1(3,4)5(6)7",LFHISGNCFUNFFM-UHFFFAOYSA-N
4086,tricine,9.34,352534-96-4,O=C(O)CNC(CO)(CO)CO,8,25,NIST,halogenated,Halogenated organics,"InChI=1S/C6H13NO5/c8-2-6(3-9,4-10)7-1-5(11)12/h7-10H,1-4H2,(H,11,12)",SEQKRHFRPICQDD-UHFFFAOYSA-N
4087,triclosan,9.78,1020720-00-6,Oc1cc(Cl)ccc1Oc1ccc(Cl)cc1Cl,7,25,https://doi.org/10.1021/acs.est.4c11950,diol,Polyfunctional / highly functionalized,"InChI=1S/C12H7Cl3O2/c13-7-1-3-11(9(15)5-7)17-12-4-2-8(14)6-10(12)16/h1-6,16H",XEFQLINVKFYRCS-UHFFFAOYSA-N
4088,triethanol amine,9.903089987,102-71-6,C(CO)N(CCO)CCO,,,https://doi.org/10.1021/acsestengg.5c00318,halogenated,Halogenated organics,"InChI=1S/C6H15NO3/c8-4-1-7(2-5-9)3-6-10/h8-10H,1-6H2",GSEJCLTVZPLZKY-UHFFFAOYSA-N
4089,triethanol amine,9.9,850895-04-4,OCCN(CCO)CCO,7,25,https://doi.org/10.1021/acs.est.4c11950,alcohol,Oxygenated organics,"InChI=1S/C6H15NO3/c8-4-1-7(2-5-9)3-6-10/h8-10H,1-6H2",GSEJCLTVZPLZKY-UHFFFAOYSA-N
4090,triethoxy-hydroxyphosphanium,9.462397998,7238-43-9,CCO[P](=O)(OCC)OCC,,,https://doi.org/10.1021/acs.est.1c05137,alcohol,Oxygenated organics,"InChI=1S/C6H15O4P/c1-4-8-11(7,9-5-2)10-6-3/h4-6H2,1-3H3",DQWPFSLDHJDLRL-UHFFFAOYSA-N
4091,triethyl amine,10,121-44-8,CCN(CC)CC,,,https://doi.org/10.1021/acsestengg.5c00316,alkane,Aliphatic hydrocarbons,"InChI=1S/C6H15N/c1-4-7(5-2)6-3/h4-6H2,1-3H3",ZMANZCXQSJIPKH-UHFFFAOYSA-N
4092,triethyl amine,10,1557424-76-6,CCN(CC)CC,7,25,https://doi.org/10.1021/acs.est.4c11950,alkane,Aliphatic hydrocarbons,"InChI=1S/C6H15N/c1-4-7(5-2)6-3/h4-6H2,1-3H3",ZMANZCXQSJIPKH-UHFFFAOYSA-N
4093,triethyl phosphate,9.46,135942-11-9,CCO[P](=O)(OCC)OCC,7,25,https://doi.org/10.1021/acs.est.4c11950,alcohol,Oxygenated organics,"InChI=1S/C6H15O4P/c1-4-8-11(7,9-5-2)10-6-3/h4-6H2,1-3H3",DQWPFSLDHJDLRL-UHFFFAOYSA-N
4094,triethyl phosphate,9.462397998,78-40-0,CCOP(=O)(OCC)OCC,,,https://doi.org/10.1021/acsestengg.5c00335,alcohol,Oxygenated organics,"InChI=1S/C6H15O4P/c1-4-8-11(7,9-5-2)10-6-3/h4-6H2,1-3H3",DQWPFSLDHJDLRL-UHFFFAOYSA-N
4095,triethylammonium,8.54,182059-38-7,CC[NH+](CC)CC,3.6,25,https://doi.org/10.1021/acs.est.4c11950,alkane,Aliphatic hydrocarbons,"InChI=1S/C6H15N/c1-4-7(5-2)6-3/h4-6H2,1-3H3/p+1",ZMANZCXQSJIPKH-UHFFFAOYSA-O
4096,triethylammonium ion,8.54,182059-38-7,CCN(CC)CC.[H+],3.6,25,NIST,alkane,Aliphatic hydrocarbons,"InChI=1S/C6H15N/c1-4-7(5-2)6-3/h4-6H2,1-3H3/p+1",ZMANZCXQSJIPKH-UHFFFAOYSA-O
4097,trifluoroacetic acid,6,1466515-56-9,O=C([O-])C(F)(F)F,6.2,25,NIST,halogenated,Halogenated organics,"InChI=1S/C2HF3O2/c3-2(4,5)1(6)7/h(H,6,7)/p-1",DTQVDTLACAAQTR-UHFFFAOYSA-M
4098,trifluralin,9.11,347841-79-6,CCCN(CCC)c1c([N+](=O)[O-])cc(C(F)(F)F)cc1[N+](=O)[O-],7,25,https://doi.org/10.1021/acs.est.4c11950,cyclo,Aromatic & PAHs,"InChI=1S/C13H16F3N3O4/c1-3-5-17(6-4-2)12-10(18(20)21)7-9(13(14,15)16)8-11(12)19(22)23/h7-8H,3-6H2,1-2H3",ZSDSQXJSNMTJDA-UHFFFAOYSA-N
4099,triiodomethane,9.86,75-47-8,IC(I)I,7,25,https://doi.org/10.1021/acs.est.4c11950,halogenated,Halogenated organics,InChI=1S/CHI3/c2-1(3)4/h1H,OKJPEAGHQZHRQV-UHFFFAOYSA-N
4100,triiodomethane,9.85672889,75-47-8,IC(I)I,,,https://doi.org/10.1021/acs.est.1c05494,halogenated,Halogenated organics,InChI=1S/CHI3/c2-1(3)4/h1H,OKJPEAGHQZHRQV-UHFFFAOYSA-N
4101,trimethoprim,9.92,304671-81-6,COc1cc(Cc2cnc(N)nc2N)cc(OC)c1OC,7,25,https://doi.org/10.1021/acs.est.4c11950,diol,Polyfunctional / highly functionalized,"InChI=1S/C14H18N4O3/c1-19-10-5-8(6-11(20-2)12(10)21-3)4-9-7-17-14(16)18-13(9)15/h5-7H,4H2,1-3H3,(H4,15,16,17,18)",IEDVJHCEMCRBQM-UHFFFAOYSA-N
4102,trimethyl amine,10.11,80093-49-8,CN(C)C,7,25,https://doi.org/10.1021/acs.est.4c11950,halogenated,Halogenated organics,InChI=1S/C3H9N/c1-4(2)3/h1-3H3,GETQZCLCWQTVFV-UHFFFAOYSA-N
4103,trimethyl phosphate,8.08,28548-14-3,CO[P](=O)(OC)OC,7,25,https://doi.org/10.1021/acs.est.4c11950,alcohol,Oxygenated organics,"InChI=1S/C3H9O4P/c1-5-8(4,6-2)7-3/h1-3H3",WVLBCYQITXONBZ-UHFFFAOYSA-N
4104,trimethyl phosphate,8.079181246,28548-14-3,COP(=O)(OC)OC,,,https://doi.org/10.1021/acs.est.1c04396,alcohol,Oxygenated organics,"InChI=1S/C3H9O4P/c1-5-8(4,6-2)7-3/h1-3H3",WVLBCYQITXONBZ-UHFFFAOYSA-N
4105,trimethyl phosphate,8.079181246,512-56-1,COP(=O)(OC)OC,,,https://doi.org/10.1021/acsestengg.5c00334,alcohol,Oxygenated organics,"InChI=1S/C3H9O4P/c1-5-8(4,6-2)7-3/h1-3H3",WVLBCYQITXONBZ-UHFFFAOYSA-N
4106,trimethyl-methanaminium,6.84,89367-03-3,C[N+](C)(C)C.[Cl-],7,25,NIST,halogenated,Halogenated organics,"InChI=1S/C4H12N.ClH/c1-5(2,3)4;/h1-4H3;1H/q+1;/p-1",OKIZCWYLBDKLSU-UHFFFAOYSA-M
4107,trimethylacetamide,9.18,199855-36-2,CC(C)(C)C(N)=O,5.5,25,https://doi.org/10.1021/acs.est.4c11950,alkane,Aliphatic hydrocarbons,"InChI=1S/C5H11NO/c1-5(2,3)4(6)7/h1-3H3,(H2,6,7)",XIPFMBOWZXULIA-UHFFFAOYSA-N
4108,trimethylacetamide,9.176091259,754-10-9,CC(C)(C)C(=O)N,,,https://doi.org/10.1021/acsestengg.5c00290,alkane,Aliphatic hydrocarbons,"InChI=1S/C5H11NO/c1-5(2,3)4(6)7/h1-3H3,(H2,6,7)",XIPFMBOWZXULIA-UHFFFAOYSA-N
4109,trimethylacetic acid,8.81,1538-75-6,CC(C)(C)C(=O)O,2,25,https://doi.org/10.1021/acs.est.4c11950,alkane,Aliphatic hydrocarbons,"InChI=1S/C5H10O2/c1-5(2,3)4(6)7/h1-3H3,(H,6,7)",IUGYQRQAERSCNH-UHFFFAOYSA-N
4110,trimethylammonium,8.6,386229-80-7,C[NH+](C)C,7.5,25,https://doi.org/10.1021/acs.est.4c11950,halogenated,Halogenated organics,InChI=1S/C3H9N/c1-4(2)3/h1-3H3/p+1,GETQZCLCWQTVFV-UHFFFAOYSA-O
4111,trioxane,9.18,246875-75-2,C1COOOC1,7,25,https://doi.org/10.1021/acs.est.4c11950,diol,Polyfunctional / highly functionalized,InChI=1S/C3H6O3/c1-2-4-6-5-3-1/h1-3H2,KQBSGRWMSNFIPG-UHFFFAOYSA-N
4112,triphenyltin hydroxide,9.97,76-87-9,O[Sn](c1ccccc1)(c1ccccc1)c1ccccc1,7,25,https://doi.org/10.1021/acs.est.4c11950,"sulfide, disulfide",Sulfur-containing organics,InChI=1S/3C6H5.H2O.Sn/c3*1-2-4-6-5-3-1;;/h3*1-5H;1H2;/q;;;;+1/p-1,BFWMWWXRWVJXSE-UHFFFAOYSA-M
4113,tris(1-chloro-2-propyl) phosphate,8.55,13674-84-5,CC(CCl)OP(=O)(OC(C)CCl)OC(C)CCl,7,25,https://doi.org/10.1021/acs.est.4c11950,alcohol,Oxygenated organics,"InChI=1S/C9H18Cl3O4P/c1-7(4-10)14-17(13,15-8(2)5-11)16-9(3)6-12/h7-9H,4-6H2,1-3H3",KVMPUXDNESXNOH-UHFFFAOYSA-N
4114,tris(1-chloropropan-2-yl) phosphate,8.301029996,1447569-78-9,CC(CCl)O[P](=O)(OC(C)CCl)OC(C)CCl,,,https://doi.org/10.1021/acs.est.1c04448,alcohol,Oxygenated organics,"InChI=1S/C9H18Cl3O4P/c1-7(4-10)14-17(13,15-8(2)5-11)16-9(3)6-12/h7-9H,4-6H2,1-3H3",KVMPUXDNESXNOH-UHFFFAOYSA-N
4115,"tris(2,2'-bipyrazine)ruthenium(II) ion",9.74,80907-56-8,[Ru+2].c1cnc(-c2cnccn2)cn1.c1cnc(-c2cnccn2)cn1.c1cnc(-c2cnccn2)cn1,4,25,NIST,cyclo,Aromatic & PAHs,InChI=1S/3C8H6N4.Ru/c3*1-3-11-7(5-9-1)8-6-10-2-4-12-8;/h3*1-6H;/q;;;+2,LGAFSIQNRRRLLT-UHFFFAOYSA-N
4116,"tris(2,2'-bipyridine)chromium(III) ion",10,14751-89-4,[Cr+3].c1ccc(-c2ccccn2)nc1.c1ccc(-c2ccccn2)nc1.c1ccc(-c2ccccn2)nc1,7,25,NIST,cyclo,Aromatic & PAHs,InChI=1S/3C10H8N2.Cr/c3*1-3-7-11-9(5-1)10-6-2-4-8-12-10;/h3*1-8H;/q;;;+3,HJDNEGJMOUFUOP-UHFFFAOYSA-N
4117,tris(2-chloroethyl) phosphate,8.75,115-96-8,O=P(OCCCl)(OCCCl)OCCCl,7,25,https://doi.org/10.1021/acs.est.4c11950,alcohol,Oxygenated organics,"InChI=1S/C6H12Cl3O4P/c7-1-4-11-14(10,12-5-2-8)13-6-3-9/h1-6H2",HQUQLFOMPYWACS-UHFFFAOYSA-N
4118,tris(2-hydroxyethyl)ammonium ion,9.3,14158-23-7,OCC[NH+](CCO)CCO,7,25,NIST,alcohol,Oxygenated organics,"InChI=1S/C6H15NO3/c8-4-1-7(2-5-9)3-6-10/h8-10H,1-6H2/p+1",GSEJCLTVZPLZKY-UHFFFAOYSA-O
4119,"tris(4,4'-dimethyl-2,2'-bipyridine)iron(II) ion",10.23,70811-29-9,Cc1ccnc(-c2cc(C)ccn2)c1.Cc1ccnc(-c2cc(C)ccn2)c1.Cc1ccnc(-c2cc(C)ccn2)c1.[Fe+2],6,25,NIST,cyclo,Aromatic & PAHs,"InChI=1S/3C12H12N2.Fe/c3*1-9-3-5-13-11(7-9)12-8-10(2)4-6-14-12;/h3*3-8H,1-2H3;/q;;;+2",PWZPFFGBSZWDQK-UHFFFAOYSA-N
4120,tris(acetylacetonato)cobalt(III),9.69,13681-88-4,CC(=O)/C=C(/C)[O-].CC(=O)/C=C(/C)[O-].CC(=O)/C=C(/C)[O-].[Co+3],7,25,NIST,diol,Polyfunctional / highly functionalized,"InChI=1S/3C5H8O2.Co/c3*1-4(6)3-5(2)7;/h3*3,6H,1-2H3;/q;;;+3/p-3/b3*4-3-;",RHCQEPWEBDOALW-LNTINUHCSA-K
4121,tris(ethylenediamine)cobalt(III) ion,8.48,6865-68-5,NCCN.NCCN.NCCN.[Co+3],4.4,25,NIST,halogenated,Halogenated organics,InChI=1S/3C2H8N2.Co/c3*3-1-2-4;/h3*1-4H2;/q;;;+3,JHBWUDJPQWKJHP-UHFFFAOYSA-N
4122,tris(glycinato)cobalt(III),8.18,14221-43-3,NCC(=O)[O-].NCC(=O)[O-].NCC(=O)[O-].[Co+3],7,25,NIST,diol,Polyfunctional / highly functionalized,"InChI=1S/3C2H5NO2.Co/c3*3-1-2(4)5;/h3*1,3H2,(H,4,5);/q;;;+3/p-3",WLUUJYQZHIJAJI-UHFFFAOYSA-K
4123,"trisodium (2S,3S,4S)-4-[(2Z,4E,6R)-6-methyl-7-oxido-7-oxohepta-2,4-dien-2-yl]-3-(2-oxido-2-oxoethyl)pyrrolidine-2-carboxylate",9.964730921,56711-43-4,[Na+].[Na+].[Na+].C[C@H](\C=C\C=C(C)/[C@H]1CN[C@@H]([C@H]1CC([O-])=O)C([O-])=O)C([O-])=O,,,https://doi.org/10.1021/acs.est.1c04723,diol,Polyfunctional / highly functionalized,"InChI=1S/C15H21NO6.3Na/c1-8(4-3-5-9(2)14(19)20)11-7-16-13(15(21)22)10(11)6-12(17)18;;;/h3-5,9-11,13,16H,6-7H2,1-2H3,(H,17,18)(H,19,20)(H,21,22);;;/q;3*+1/p-3/b5-3+,8-4-;;;/t9-,10+,11-,13+;;;/m1.../s1",DKZXEHCSMAYDTA-LSCPQTDESA-K
4124,triton X-100,9.94,65256-19-1,CC(C)(C)CC(C)(C)c1ccc(OCCO)cc1,7,25,NIST,benzene,Aromatic & PAHs,"InChI=1S/C16H26O2/c1-15(2,3)12-16(4,5)13-6-8-14(9-7-13)18-11-10-17/h6-9,17H,10-12H2,1-5H3",JYCQQPHGFMYQCF-UHFFFAOYSA-N
4125,trolox C anion,9.85,2314470-99-8,Cc1c(C)c2c(c(C)c1O)CCC(C)(C(=O)O)O2,7.4,25,NIST,diol,Polyfunctional / highly functionalized,"InChI=1S/C14H18O4/c1-7-8(2)12-10(9(3)11(7)15)5-6-14(4,18-12)13(16)17/h15H,5-6H2,1-4H3,(H,16,17)",GLEVLJDDWXEYCO-UHFFFAOYSA-N
4126,trolox C anion,10.44,2314470-99-8,Cc1c(C)c2c(c(C)c1O)CCC(C)(C(=O)O)O2,7,25,NIST,diol,Polyfunctional / highly functionalized,"InChI=1S/C14H18O4/c1-7-8(2)12-10(9(3)11(7)15)5-6-14(4,18-12)13(16)17/h15H,5-6H2,1-4H3,(H,16,17)",GLEVLJDDWXEYCO-UHFFFAOYSA-N
4127,trypsin,10.91,9078-38-0,CC(=O)O.Cc1cc(NC(=O)C(CCCN=C(N)N)NC(=O)C(CO)NC(=O)C(Cc2ccccc2)NC(=O)OC(C)(C)C)cc2oc(=O)ccc12,7,25,NIST,diol,Polyfunctional / highly functionalized,"InChI=1S/C33H43N7O8.C2H4O2/c1-19-15-21(17-26-22(19)12-13-27(42)47-26)37-28(43)23(11-8-14-36-31(34)35)38-30(45)25(18-41)39-29(44)24(16-20-9-6-5-7-10-20)40-32(46)48-33(2,3)4;1-2(3)4/h5-7,9-10,12-13,15,17,23-25,41H,8,11,14,16,18H2,1-4H3,(H,37,43)(H,38,45)(H,39,44)(H,40,46)(H4,34,35,36);1H3,(H,3,4)",WGWZNYKOUXOZTC-UHFFFAOYSA-N
4128,trypsinogen,11,103964-84-7,C[C@H](N)C(=O)N1CCC[C@H]1C(=O)N[C@@H](Cc1ccccc1)C(=O)N[C@@H](CC(=O)O)C(=O)N[C@@H](CC(=O)O)C(=O)N[C@@H](CC(=O)O)C(=O)N[C@@H](CC(=O)O)C(=O)N[C@@H](CCCCN)C(=O)O,7.4,25,NIST,diol,Polyfunctional / highly functionalized,"InChI=1S/C39H55N9O17/c1-19(41)38(63)48-13-7-11-27(48)37(62)47-22(14-20-8-3-2-4-9-20)32(57)43-24(16-29(51)52)34(59)45-26(18-31(55)56)36(61)46-25(17-30(53)54)35(60)44-23(15-28(49)50)33(58)42-21(39(64)65)10-5-6-12-40/h2-4,8-9,19,21-27H,5-7,10-18,40-41H2,1H3,(H,42,58)(H,43,57)(H,44,60)(H,45,59)(H,46,61)(H,47,62)(H,49,50)(H,51,52)(H,53,54)(H,55,56)(H,64,65)/t19-,21-,22-,23-,24-,25-,26-,27-/m0/s1",NDIORHLFYZGYPG-FNRPHRCSSA-N
4129,tryptophan,10.08,6159-33-7,NC(Cc1c[nH]c2ccccc12)C(=O)O,8.8,25,NIST,halogenated,Halogenated organics,"InChI=1S/C11H12N2O2/c12-9(11(14)15)5-7-6-13-10-4-2-1-3-8(7)10/h1-4,6,9,13H,5,12H2,(H,14,15)",QIVBCDIJIAJPQS-UHFFFAOYSA-N
4130,tryptophan,10.15,6159-33-7,NC(Cc1c[nH]c2ccccc12)C(=O)O,6.2,25,NIST,halogenated,Halogenated organics,"InChI=1S/C11H12N2O2/c12-9(11(14)15)5-7-6-13-10-4-2-1-3-8(7)10/h1-4,6,9,13H,5,12H2,(H,14,15)",QIVBCDIJIAJPQS-UHFFFAOYSA-N
4131,tryptophan,10.04,6159-33-7,NC(Cc1c[nH]c2ccccc12)C(=O)O,2,25,NIST,halogenated,Halogenated organics,"InChI=1S/C11H12N2O2/c12-9(11(14)15)5-7-6-13-10-4-2-1-3-8(7)10/h1-4,6,9,13H,5,12H2,(H,14,15)",QIVBCDIJIAJPQS-UHFFFAOYSA-N
4132,tryptophan,10.08,6159-33-7,NC(Cc1c[nH]c2ccccc12)C(=O)O,1,25,NIST,halogenated,Halogenated organics,"InChI=1S/C11H12N2O2/c12-9(11(14)15)5-7-6-13-10-4-2-1-3-8(7)10/h1-4,6,9,13H,5,12H2,(H,14,15)",QIVBCDIJIAJPQS-UHFFFAOYSA-N
4133,tryptophan,10.1,6159-33-7,NC(Cc1c[nH]c2ccccc12)C(=O)O,7,25,https://doi.org/10.1021/acs.est.4c11950,halogenated,Halogenated organics,"InChI=1S/C11H12N2O2/c12-9(11(14)15)5-7-6-13-10-4-2-1-3-8(7)10/h1-4,6,9,13H,5,12H2,(H,14,15)",QIVBCDIJIAJPQS-UHFFFAOYSA-N
4134,tylosin,9.91,74610-55-2,CC[C@H]1OC(=O)C[C@@H](O)[C@H](C)[C@@H](O[C@@H]2O[C@H](C)[C@@H](O[C@H]3C[C@@](C)(O)[C@@H](O)[C@H](C)O3)[C@H](N(C)C)[C@H]2O)[C@@H](CC=O)C[C@@H](C)C(=O)/C=C/C(C)=C/[C@@H]1CO[C@@H]1O[C@H](C)[C@@H](O)[C@@H](OC)[C@H]1OC,7,25,NIST,diol,Polyfunctional / highly functionalized,"InChI=1S/C46H77NO17/c1-13-33-30(22-58-45-42(57-12)41(56-11)37(52)26(5)60-45)18-23(2)14-15-31(49)24(3)19-29(16-17-48)39(25(4)32(50)20-34(51)62-33)64-44-38(53)36(47(9)10)40(27(6)61-44)63-35-21-46(8,55)43(54)28(7)59-35/h14-15,17-18,24-30,32-33,35-45,50,52-55H,13,16,19-22H2,1-12H3/b15-14+,23-18+/t24-,25+,26-,27-,28+,29+,30-,32-,33-,35+,36-,37-,38-,39-,40-,41-,42-,43+,44+,45-,46-/m1/s1",WBPYTXDJUQJLPQ-VMXQISHHSA-N
4135,tyramine,10.18,1001440-14-7,NCCc1ccc(O)cc1,11.2,25,NIST,benzene,Aromatic & PAHs,"InChI=1S/C8H11NO/c9-6-5-7-1-3-8(10)4-2-7/h1-4,10H,5-6,9H2",DZGWFCGJZKJUFP-UHFFFAOYSA-N
4136,tyrosine,10.08,556-03-6,NC(Cc1ccc(O)cc1)C(=O)O,2,25,NIST,halogenated,Halogenated organics,"InChI=1S/C9H11NO3/c10-8(9(12)13)5-6-1-3-7(11)4-2-6/h1-4,8,11H,5,10H2,(H,12,13)",OUYCCCASQSFEME-UHFFFAOYSA-N
4137,tyrosine,9.94,556-03-6,NC(Cc1ccc(O)cc1)C(=O)O,2.9,25,NIST,halogenated,Halogenated organics,"InChI=1S/C9H11NO3/c10-8(9(12)13)5-6-1-3-7(11)4-2-6/h1-4,8,11H,5,10H2,(H,12,13)",OUYCCCASQSFEME-UHFFFAOYSA-N
4138,tyrosine,10.11,556-03-6,NC(Cc1ccc(O)cc1)C(=O)O,11.2,25,NIST,halogenated,Halogenated organics,"InChI=1S/C9H11NO3/c10-8(9(12)13)5-6-1-3-7(11)4-2-6/h1-4,8,11H,5,10H2,(H,12,13)",OUYCCCASQSFEME-UHFFFAOYSA-N
4139,uracil,9.94,64177-90-8,O=C1NC=CC(=O)N1,5,25,https://doi.org/10.1021/acs.est.4c11950,halogenated,Halogenated organics,"InChI=1S/C4H4N2O2/c7-3-1-2-5-4(8)6-3/h1-2H,(H2,5,6,7,8)",ISAKRJDGNUQOIC-UHFFFAOYSA-N
4140,uracil,9.72,64177-90-8,O=C1NC=CC(=O)N1,7.4,25,https://doi.org/10.1021/acs.est.4c11950,halogenated,Halogenated organics,"InChI=1S/C4H4N2O2/c7-3-1-2-5-4(8)6-3/h1-2H,(H2,5,6,7,8)",ISAKRJDGNUQOIC-UHFFFAOYSA-N
4141,uracil,9.88,64177-90-8,O=C1NC=CC(=O)N1,2,25,https://doi.org/10.1021/acs.est.4c11950,halogenated,Halogenated organics,"InChI=1S/C4H4N2O2/c7-3-1-2-5-4(8)6-3/h1-2H,(H2,5,6,7,8)",ISAKRJDGNUQOIC-UHFFFAOYSA-N
4142,uracil,9.75,64177-90-8,O=C1NC=CC(=O)N1,7,25,https://doi.org/10.1021/acs.est.4c11950,halogenated,Halogenated organics,"InChI=1S/C4H4N2O2/c7-3-1-2-5-4(8)6-3/h1-2H,(H2,5,6,7,8)",ISAKRJDGNUQOIC-UHFFFAOYSA-N
4143,urea,5.9,594-05-8,NC(N)=O,7,25,https://doi.org/10.1021/acs.est.4c11950,halogenated,Halogenated organics,"InChI=1S/CH4N2O/c2-1(3)4/h(H4,2,3,4)",XSQUKJJJFZCRTK-UHFFFAOYSA-N
4144,uric acid,9.86,2832998-22-6,O=c1[nH]c(=O)c2[nH]c(=O)[nH]c2[nH]1,7,25,https://doi.org/10.1021/acs.est.4c11950,cyclo,Aromatic & PAHs,"InChI=1S/C5H4N4O3/c10-3-1-2(7-4(11)6-1)8-5(12)9-3/h(H4,6,7,8,9,10,11,12)",LEHOTFFKMJEONL-UHFFFAOYSA-N
4145,uridine,9.65,9025-47-2,O=c1ccn(C2OC(CO)C(O)C2O)c(=O)[nH]1,7,25,NIST,halogenated,Halogenated organics,"InChI=1S/C9H12N2O6/c12-3-4-6(14)7(15)8(17-4)11-2-1-5(13)10-9(11)16/h1-2,4,6-8,12,14-15H,3H2,(H,10,13,16)",DRTQHJPVMGBUCF-UHFFFAOYSA-N
4146,uridine 2'(3')-monophosphate (mixed),9.66,133628-72-5,O=c1ccn([C@@H]2O[C@H](CO)[C@@H](O)[C@H]2OP(=O)(O)O)c(=O)[nH]1.O=c1ccn([C@@H]2O[C@H](CO)[C@@H](OP(=O)(O)O)[C@H]2O)c(=O)[nH]1,7,25,NIST,diol,Polyfunctional / highly functionalized,"InChI=1S/2C9H13N2O9P/c12-3-4-7(20-21(16,17)18)6(14)8(19-4)11-2-1-5(13)10-9(11)15;12-3-4-6(14)7(20-21(16,17)18)8(19-4)11-2-1-5(13)10-9(11)15/h2*1-2,4,6-8,12,14H,3H2,(H,10,13,15)(H2,16,17,18)/t2*4-,6-,7-,8-/m11/s1",HXRKBDKTEWWYRV-SGOXFDQRSA-N
4147,uridine monophosphate,9.65,133628-72-5,O=c1ccn(C2OC(COP(=O)(O)O)C(O)C2O)c(=O)[nH]1,7,25,NIST,diol,Polyfunctional / highly functionalized,"InChI=1S/C9H13N2O9P/c12-5-1-2-11(9(15)10-5)8-7(14)6(13)4(20-8)3-19-21(16,17)18/h1-2,4,6-8,13-14H,3H2,(H,10,12,15)(H2,16,17,18)",DJJCXFVJDGTHFX-UHFFFAOYSA-N
4148,valerate ion,9.46,2240-28-0,CCCCC(=O)[O-],9,25,NIST,alkane,Aliphatic hydrocarbons,"InChI=1S/C5H10O2/c1-2-3-4-5(6)7/h2-4H2,1H3,(H,6,7)/p-1",NQPDZGIKBAWPEJ-UHFFFAOYSA-M
4149,valine,8.93,2144743-44-0,CC(C)[C@H](N)C(=O)O,2,25,NIST,alkane,Aliphatic hydrocarbons,"InChI=1S/C5H11NO2/c1-3(2)4(6)5(7)8/h3-4H,6H2,1-2H3,(H,7,8)/t4-/m0/s1",KZSNJWFQEVHDMF-BYPYZUCNSA-N
4150,valine,8.82,2144743-44-0,CC(C)[C@H](N)C(=O)O,6.6,25,NIST,alkane,Aliphatic hydrocarbons,"InChI=1S/C5H11NO2/c1-3(2)4(6)5(7)8/h3-4H,6H2,1-2H3,(H,7,8)/t4-/m0/s1",KZSNJWFQEVHDMF-BYPYZUCNSA-N
4151,valine,8.93,2144743-44-0,CC(C)[C@H](N)C(=O)O,6.9,25,NIST,alkane,Aliphatic hydrocarbons,"InChI=1S/C5H11NO2/c1-3(2)4(6)5(7)8/h3-4H,6H2,1-2H3,(H,7,8)/t4-/m0/s1",KZSNJWFQEVHDMF-BYPYZUCNSA-N
4152,venlafaxine,9.84,940297-06-3,CN(C)CC(C1=CC=C(C=C1)OC)C2(CCCCC2)O,6.8,25,10.1016/j.psep.2022.08.049,alcohol,Oxygenated organics,"InChI=1S/C17H27NO2/c1-18(2)13-16(17(19)11-5-4-6-12-17)14-7-9-15(20-3)10-8-14/h7-10,16,19H,4-6,11-13H2,1-3H3",PNVNVHUZROJLTJ-UHFFFAOYSA-N
4153,venlafaxine,9.936010796,940297-06-3,COc1ccc(C(CN(C)C)C2(O)CCCCC2)cc1,,,https://doi.org/10.1021/acs.est.1c04627,alcohol,Oxygenated organics,"InChI=1S/C17H27NO2/c1-18(2)13-16(17(19)11-5-4-6-12-17)14-7-9-15(20-3)10-8-14/h7-10,16,19H,4-6,11-13H2,1-3H3",PNVNVHUZROJLTJ-UHFFFAOYSA-N
4154,vinyl alcohol,8.18,26221-27-2,OC=C,7,25,https://doi.org/10.1021/acs.est.4c11950,alcohol,Oxygenated organics,"InChI=1S/C2H4O/c1-2-3/h2-3H,1H2",IMROMDMJAWUWLK-UHFFFAOYSA-N
4155,vinyl alcohol,9.176091259,557-75-5,C=CO,,,https://doi.org/10.1021/acsestengg.5c00361,halogenated,Halogenated organics,"InChI=1S/C2H4O/c1-2-3/h2-3H,1H2",IMROMDMJAWUWLK-UHFFFAOYSA-N
4156,vinyl chloride,10.07918125,75-01-4,C=CCl,,,https://doi.org/10.1021/acsestengg.5c00369,halogenated,Halogenated organics,"InChI=1S/C2H3Cl/c1-2-3/h2H,1H2",BZHJMEDXRYGGRV-UHFFFAOYSA-N
4157,vinyl chloride,10.08,25822-51-9,ClC=C,6.5,25,https://doi.org/10.1021/acs.est.4c11950,halogenated,Halogenated organics,"InChI=1S/C2H3Cl/c1-2-3/h2H,1H2",BZHJMEDXRYGGRV-UHFFFAOYSA-N
4158,vinyl sulfonate ion,9.54,474511-07-4,C=CS(=O)(=O)[O-].C=CS(=O)(=O)[O-],7,25,NIST,"sulfide, disulfide",Sulfur-containing organics,"InChI=1S/2C2H4O3S/c2*1-2-6(3,4)5/h2*2H,1H2,(H,3,4,5)/p-2",LYNZCPPLPJJGES-UHFFFAOYSA-L
4159,vinyl sulfone,9.61,60522-97-6,C=C[S](=O)(=O)C=C,7,25,https://doi.org/10.1021/acs.est.4c11950,"sulfide, disulfide",Sulfur-containing organics,"InChI=1S/C4H6O2S/c1-3-7(5,6)4-2/h3-4H,1-2H2",AFOSIXZFDONLBT-UHFFFAOYSA-N
4160,vinyl sulfone,9.6,60522-97-6,C=C[S](=O)(=O)C=C,6.8,25,https://doi.org/10.1021/acs.est.4c11950,"sulfide, disulfide",Sulfur-containing organics,"InChI=1S/C4H6O2S/c1-3-7(5,6)4-2/h3-4H,1-2H2",AFOSIXZFDONLBT-UHFFFAOYSA-N
4161,vinylidine chloride,9.832508913,75-35-4,C=C(Cl)Cl,,,https://doi.org/10.1021/acsestengg.5c00370,halogenated,Halogenated organics,InChI=1S/C2H2Cl2/c1-2(3)4/h1H2,LGXVIGDEPROXKC-UHFFFAOYSA-N
4162,vitamin B12,9.72,32627-64-8,C/C1=C2/N=C(/C=C3\N=C(/C(C)=C4/[C@@H](CCC(N)=O)[C@](C)(CC(N)=O)[C@](C)([C@@H]5N=C1[C@](C)(CCC(=O)NC[C@@H](C)OP(=O)([O-])O[C@@H]1[C@@H](CO)O[C@H](n6cnc7cc(C)c(C)cc76)[C@@H]1O)[C@H]5CC(N)=O)N4[Co+]C#N)[C@@](C)(CC(N)=O)[C@@H]3CCC(N)=O)C(C)(C)[C@@H]2CCC(N)=O,7,25,NIST,diol,Polyfunctional / highly functionalized,"InChI=1S/C62H90N13O14P.CN.Co/c1-29-20-39-40(21-30(29)2)75(28-70-39)57-52(84)53(41(27-76)87-57)89-90(85,86)88-31(3)26-69-49(83)18-19-59(8)37(22-46(66)80)56-62(11)61(10,25-48(68)82)36(14-17-45(65)79)51(74-62)33(5)55-60(9,24-47(67)81)34(12-15-43(63)77)38(71-55)23-42-58(6,7)35(13-16-44(64)78)50(72-42)32(4)54(59)73-56;1-2;/h20-21,23,28,31,34-37,41,52-53,56-57,76,84H,12-19,22,24-27H2,1-11H3,(H15,63,64,65,66,67,68,69,71,72,73,74,77,78,79,80,81,82,83,85,86);;/q;;+2/p-2/t31-,34-,35-,36-,37+,41-,52-,53-,56-,57+,59-,60+,61+,62+;;/m1../s1",RMRCNWBMXRMIRW-WZHZPDAFSA-L
4163,vitamin B12a,10,13422-52-1,C/C1=C2/N=C(/C=C3\N=C(/C(C)=C4\[N-]C([C@H](CC(N)=O)[C@@]4(C)CCC(=O)NC[C@@H](C)OP(=O)([O-])O[C@@H]4[C@@H](CO)O[C@H](n5cnc6cc(C)c(C)cc65)[C@@H]4O)[C@]4(C)N=C1[C@@H](CCC(N)=O)[C@]4(C)CC(N)=O)[C@@H](CCC(N)=O)C3(C)C)[C@@H](CCC(N)=O)[C@]2(C)CC(N)=O.O.[Co+2],7,25,NIST,diol,Polyfunctional / highly functionalized,"InChI=1S/C62H90N13O14P.Co.H2O/c1-29-20-39-40(21-30(29)2)75(28-70-39)57-52(84)53(41(27-76)87-57)89-90(85,86)88-31(3)26-69-49(83)18-19-59(8)37(22-46(66)80)56-62(11)61(10,25-48(68)82)36(14-17-45(65)79)51(74-62)33(5)55-60(9,24-47(67)81)34(12-15-43(63)77)38(71-55)23-42-58(6,7)35(13-16-44(64)78)50(72-42)32(4)54(59)73-56;;/h20-21,23,28,31,34-37,41,52-53,56-57,76,84H,12-19,22,24-27H2,1-11H3,(H15,63,64,65,66,67,68,69,71,72,73,74,77,78,79,80,81,82,83,85,86);;1H2/q;+2;/p-2/t31-,34-,35-,36-,37+,41-,52-,53-,56?,57+,59-,60+,61+,62+;;/m1../s1",DQOCFCZRZOAIBN-UVKKECPRSA-L
4164,vydate,9.3,32817-80-4,CNC(=O)ON=C(C(=O)N(C)C)SC,3.4,25,NIST,"sulfide, disulfide",Sulfur-containing organics,"InChI=1S/C7H13N3O3S/c1-8-7(12)13-9-5(14-4)6(11)10(2)3/h1-4H3,(H,8,12)",KZAUOCCYDRDERY-UHFFFAOYSA-N
4165,xanthine,9.72,69-89-6,O=C1NC(=O)c2[nH]cnc2N1,7.8,25,https://doi.org/10.1021/acs.est.4c11950,cyclo,Aromatic & PAHs,"InChI=1S/C5H4N4O2/c10-4-2-3(7-1-6-2)8-5(11)9-4/h1H,(H3,6,7,8,9,10,11)",LRFVTYWOQMYALW-UHFFFAOYSA-N
4166,xanthine,9.716003344,69-89-6,O=c1[nH]c(=O)c2[nH]cnc2[nH]1,,,https://doi.org/10.1021/acs.est.1c05576,cyclo,Aromatic & PAHs,"InChI=1S/C5H4N4O2/c10-4-2-3(7-1-6-2)8-5(11)9-4/h1H,(H3,6,7,8,9,10,11)",LRFVTYWOQMYALW-UHFFFAOYSA-N
4167,xanthine,9.716003344,69-89-6,C1=NC2=C(N1)C(=O)NC(=O)N2,,,https://doi.org/10.1021/acsestengg.5c00506,halogenated,Halogenated organics,"InChI=1S/C5H4N4O2/c10-4-2-3(7-1-6-2)8-5(11)9-4/h1H,(H3,6,7,8,9,10,11)",LRFVTYWOQMYALW-UHFFFAOYSA-N
4168,xanthosine monophosphate,10.11,25899-70-1,O=c1[nH]c(=O)c2ncn([C@@H]3O[C@H](COP(=O)(O)O)[C@@H](O)[C@H]3O)c2[nH]1,7,25,NIST,diol,Polyfunctional / highly functionalized,"InChI=1S/C10H13N4O9P/c15-5-3(1-22-24(19,20)21)23-9(6(5)16)14-2-11-4-7(14)12-10(18)13-8(4)17/h2-3,5-6,9,15-16H,1H2,(H2,19,20,21)(H2,12,13,17,18)/t3-,5-,6-,9-/m1/s1",DCTLYFZHFGENCW-UUOKFMHZSA-N
4169,xylenol orange,10.38,3618-43-7,Cc1cc(C2(c3cc(C)c(O)c(CN(CC(=O)O)CC(=O)O)c3)OS(=O)(=O)c3ccccc32)cc(CN(CC(=O)O)CC(=O)O)c1O,11,25,NIST,diol,Polyfunctional / highly functionalized,"InChI=1S/C31H32N2O13S/c1-17-7-21(9-19(29(17)42)11-32(13-25(34)35)14-26(36)37)31(23-5-3-4-6-24(23)47(44,45)46-31)22-8-18(2)30(43)20(10-22)12-33(15-27(38)39)16-28(40)41/h3-10,42-43H,11-16H2,1-2H3,(H,34,35)(H,36,37)(H,38,39)(H,40,41)",ORZHVTYKPFFVMG-UHFFFAOYSA-N
4170,α-Methylstyrene,9.98721923,98-83-9,C=C(C)c1ccccc1,,,https://doi.org/10.1021/acs.est.1c04792,benzene,Aromatic & PAHs,"InChI=1S/C9H10/c1-8(2)9-6-4-3-5-7-9/h3-7H,1H2,2H3",XYLMUPLGERFSHI-UHFFFAOYSA-N
4171,β-Methylglucoside,9.505149978,25360-07-0,COC1OC(CO)C(O)C(O)C1O,,,https://doi.org/10.1021/acs.est.1c04416,diol,Polyfunctional / highly functionalized,"InChI=1S/C7H14O6/c1-12-7-6(11)5(10)4(9)3(2-8)13-7/h3-11H,2H2,1H3",HOVAGTYPODGVJG-UHFFFAOYSA-N
4172,尾-alanine,8.04,201985-01-5,NCCC(=O)O,6.5,25,NIST,halogenated,Halogenated organics,"InChI=1S/C3H7NO2/c4-2-1-3(5)6/h1-2,4H2,(H,5,6)",UCMIRNVEIXFBKS-UHFFFAOYSA-N
4173,尾-alanine,7.65,201985-01-5,NCCC(=O)O,3,25,NIST,halogenated,Halogenated organics,"InChI=1S/C3H7NO2/c4-2-1-3(5)6/h1-2,4H2,(H,5,6)",UCMIRNVEIXFBKS-UHFFFAOYSA-N
