No.,Chemical compound,Logk,Cas,Smiles,Ph,T,Ref,Chemical_class_27,Chemical_class_coarse,InChI,InChIKey
1,(C2H5)2NH,5.792391689,109-89-7,CCNCC,,,NIST,alkane,Aliphatic hydrocarbons,"InChI=1S/C4H11N/c1-3-5-4-2/h5H,3-4H2,1-2H3",HPNMFZURTQLUMO-UHFFFAOYSA-N
2,(C2H5)2O,0.041392685,60-29-7,CCOCC,2,,NIST,alcohol,Oxygenated organics,"InChI=1S/C4H10O/c1-3-5-4-2/h3-4H2,1-2H3",RTZKZFJDLAIYFH-UHFFFAOYSA-N
3,(C2H5)3N,6.322219295,121-44-8,CCN(CC)CC,,,NIST,alkane,Aliphatic hydrocarbons,"InChI=1S/C6H15N/c1-4-7(5-2)6-3/h4-6H2,1-3H3",ZMANZCXQSJIPKH-UHFFFAOYSA-N
4,(CH3)2NCl,3.278753601,1585-74-6,CN(C)Cl,1.6,,NIST,halogenated,Halogenated organics,InChI=1S/C2H6ClN/c1-4(2)3/h1-2H3,MAGVJLLHDZWQFM-UHFFFAOYSA-N
5,(CH3)2NH2+,-0.886056648,17000-01-0,C[NH2+]C,5~6,,NIST,halogenated,Halogenated organics,"InChI=1S/C2H7N/c1-3-2/h3H,1-2H3/p+1",ROSDSFDQCJNGOL-UHFFFAOYSA-O
6,(CH3)2NNO,1.041392685,62-75-9,CN(C)N=O,5,,NIST,halogenated,Halogenated organics,InChI=1S/C2H6N2O/c1-4(2)3-5/h1-2H3,UMFJAHHVKNCGLG-UHFFFAOYSA-N
7,(CH3)3CCO2-,-2.698970004,29650-96-2,CC(C)(C)C(=O)[O-],5.1 - 5.8,,NIST,alkane,Aliphatic hydrocarbons,"InChI=1S/C5H10O2/c1-5(2,3)4(6)7/h1-3H3,(H,6,7)/p-1",IUGYQRQAERSCNH-UHFFFAOYSA-M
8,(CH3)3CNH2,4.653212514,75-64-9,CC(C)(N)C,,,NIST,alkane,Aliphatic hydrocarbons,"InChI=1S/C4H11N/c1-4(2,3)5/h5H2,1-3H3",YBRBMKDOPFTVDT-UHFFFAOYSA-N
9,(CH3)3N,6.612783857,75-50-3,CN(C)C,,,NIST,halogenated,Halogenated organics,InChI=1S/C3H9N/c1-4(2)3/h1-3H3,GETQZCLCWQTVFV-UHFFFAOYSA-N
10,(CH3CH2CH2)2S,5.301029996,638-46-0,CCCCSCC,2,,NIST,"sulfide, disulfide",Sulfur-containing organics,"InChI=1S/C6H14S/c1-3-5-6-7-4-2/h3-6H2,1-2H3",XJIRSLHMKBUGMR-UHFFFAOYSA-N
11,(E)-3-hexen-1-ol,4.571429303,928-97-2,CC/C=C/CCO,,,10.1039/c6ra17107a,alkane,Aliphatic hydrocarbons,"InChI=1S/C6H12O/c1-2-3-4-5-6-7/h3-4,7H,2,5-6H2,1H3/b4-3+",UFLHIIWVXFIJGU-ONEGZZNKSA-N
12,(E)-3-hexene,4.975638566,13269-52-8,CC/C=C/CC,,,https://doi.org/10.5194/essd-12-1203-2020,alkane,Aliphatic hydrocarbons,"InChI=1S/C6H12/c1-3-5-6-4-2/h5-6H,3-4H2,1-2H3/b6-5+",ZQDPJFUHLCOCRG-AATRIKPKSA-N
13,(Z)-2-hexene,4.970072449,7688-21-3,CCC/C=C\C,,,10.1002/kin.10093,alkane,Aliphatic hydrocarbons,"InChI=1S/C6H12/c1-3-5-6-4-2/h3,5H,4,6H2,1-2H3/b5-3-",RYPKRALMXUUNKS-HYXAFXHYSA-N
14,(Z)-2-pentene,4.88694734,627-20-3,CC/C=C\C,,,10.1002/kin.10093,alkane,Aliphatic hydrocarbons,"InChI=1S/C5H10/c1-3-5-4-2/h3,5H,4H2,1-2H3/b5-3-",QMMOXUPEWRXHJS-HYXAFXHYSA-N
15,(Z)-3-hexen-1-ol,4.554986769,928-96-1,CC/C=C\CCO,,,https://doi.org/10.1016/j.atmosenv.2016.09.057,alkane,Aliphatic hydrocarbons,"InChI=1S/C6H12O/c1-2-3-4-5-6-7/h3-4,7H,2,5-6H2,1H3/b4-3-",UFLHIIWVXFIJGU-ARJAWSKDSA-N
16,(Z)-3-methyl-2-penten,5.453682139,922-62-3,C/C(CC)=C/C,,,10.1007/BF00048331,halogenated,Halogenated organics,"InChI=1S/C6H12/c1-4-6(3)5-2/h4H,5H2,1-3H3/b6-4-",BEQGRRJLJLVQAQ-XQRVVYSFSA-N
17,-O2C(CH2)3CO2-,-2.096910013,56-16-6,[O-]C(=O)CCCC(=O)[O-],4~6,,NIST,halogenated,Halogenated organics,"InChI=1S/C5H8O4/c6-4(7)2-1-3-5(8)9/h1-3H2,(H,6,7)(H,8,9)/p-2",JFCQEDHGNNZCLN-UHFFFAOYSA-L
18,-O2CCO2-,-1.397940009,338-70-5,O=C([O-])C(=O)[O-],,,NIST,halogenated,Halogenated organics,"InChI=1S/C2H2O4/c3-1(4)2(5)6/h(H,3,4)(H,5,6)/p-2",MUBZPKHOEPUJKR-UHFFFAOYSA-L
19,"1,1-Dichloroacetone",-2.3,513-88-2,CC(=O)C(Cl)Cl,,,https://doi.org/10.1016/j.jece.2024.112473,alkane,Aliphatic hydrocarbons,"InChI=1S/C3H4Cl2O/c1-2(6)3(4)5/h3H,1H3",CSVFWMMPUJDVKH-UHFFFAOYSA-N
20,"1,1-dichloroethene",2.041392685,75-35-4,C=C(Cl)Cl,2,,10.1016/0043-1354(83)90098-2,halogenated,Halogenated organics,InChI=1S/C2H2Cl2/c1-2(3)4/h1H2,LGXVIGDEPROXKC-UHFFFAOYSA-N
21,"1,1-dichloropropene",3.27073931,563-58-6,CC=C(Cl)Cl,,,doi.org/10.1016/j.watres.2012.06.006,alkane,Aliphatic hydrocarbons,"InChI=1S/C3H4Cl2/c1-2-3(4)5/h2H,1H3",ZAIDIVBQUMFXEC-UHFFFAOYSA-N
22,"1,1-dichloropropene",3.375185,26952-23-8,CC=C(Cl)Cl,,,https://doi.org/10.1016/j.jece.2024.112473,alkane,Aliphatic hydrocarbons,"InChI=1S/C3H4Cl2/c1-2-3(4)5/h2H,1H3",ZAIDIVBQUMFXEC-UHFFFAOYSA-N
23,"1,10-Phenanthroline monohydrate",-0.9395,5144-89-8,C1=CC2=C(C3=C(C=CC=N3)C=C2)N=C1.O,,,10.1016/j.chemosphere.2014.05.068,cyclo,Aromatic & PAHs,InChI=1S/C12H8N2.H2O/c1-3-9-5-6-10-4-2-8-14-12(10)11(9)13-7-1;/h1-8H;1H2,PPQJCISYYXZCAE-UHFFFAOYSA-N
24,"1,10-Phenanthroline monohydrate",-0.9395,5144-89-8,O.c1cnc2c(c1)ccc1cccnc12,,,https://doi.org/10.1016/j.jece.2024.112473,cyclo,Aromatic & PAHs,InChI=1S/C12H8N2.H2O/c1-3-9-5-6-10-4-2-8-14-12(10)11(9)13-7-1;/h1-8H;1H2,PPQJCISYYXZCAE-UHFFFAOYSA-N
25,"1,12-Benzoperylene",3.92,91315-85-4,c1cc2ccc3ccc4ccc5cccc6c(c1)c2c3c4c56,,,https://doi.org/10.1016/j.jece.2024.112473,cyclo,Aromatic & PAHs,InChI=1S/C22H12/c1-3-13-7-9-15-11-12-16-10-8-14-4-2-6-18-17(5-1)19(13)21(15)22(16)20(14)18/h1-12H,GYFAGKUZYNFMBN-UHFFFAOYSA-N
26,"1,2,3-C6H3(CH3)3",2.602059991,526-73-8,CC1=CC=CC(C)=C1C,1.7,,NIST,cyclo,Aromatic & PAHs,"InChI=1S/C9H12/c1-7-5-4-6-8(2)9(7)3/h4-6H,1-3H3",FYGHSUNMUKGBRK-UHFFFAOYSA-N
27,"1,2,3-C6H3Cl3",-1.22184875,87-61-6,ClC1=CC=CC(Cl)=C1Cl,3,,NIST,cyclo,Aromatic & PAHs,InChI=1S/C6H3Cl3/c7-4-2-1-3-5(8)6(4)9/h1-3H,RELMFMZEBKVZJC-UHFFFAOYSA-N
28,"1,2,3-Trichloropropane",-0.06,96-18-4,Clc1cccc(Cl)c1Cl,,,https://doi.org/10.1016/j.jece.2024.112473,benzene,Aromatic & PAHs,InChI=1S/C6H3Cl3/c7-4-2-1-3-5(8)6(4)9/h1-3H,RELMFMZEBKVZJC-UHFFFAOYSA-N
29,"1,2,3-trimethylbenzene",2.60206,57820-96-9,Cc1cccc(C)c1C,1.7,,https://doi.org/10.1016/j.jece.2024.112473,benzene,Aromatic & PAHs,"InChI=1S/C9H12/c1-7-5-4-6-8(2)9(7)3/h4-6H,1-3H3",FYGHSUNMUKGBRK-UHFFFAOYSA-N
30,"1,2,3-trimethylbenzene",2.602059991,526-73-8,CC1=C(C(=CC=C1)C)C,1.7,,10.1016/0043-1354(83)90098-2,alkane,Aliphatic hydrocarbons,"InChI=1S/C9H12/c1-7-5-4-6-8(2)9(7)3/h4-6H,1-3H3",FYGHSUNMUKGBRK-UHFFFAOYSA-N
31,"1,2,3-trimethylbenzene",2.602059991,526-73-8,CC1=C(C(=CC=C1)C)C,,,10.1016/0043-1354(83)90098-2,alkane,Aliphatic hydrocarbons,"InChI=1S/C9H12/c1-7-5-4-6-8(2)9(7)3/h4-6H,1-3H3",FYGHSUNMUKGBRK-UHFFFAOYSA-N
32,"1,2,4-C6H3Cl3",0.204119983,120-82-1,ClC1=CC=C(Cl)C=C1Cl,2,,NIST,cyclo,Aromatic & PAHs,InChI=1S/C6H3Cl3/c7-4-1-2-5(8)6(9)3-4/h1-3H,PBKONEOXTCPAFI-UHFFFAOYSA-N
33,"1,2-C6H4(OH)2",5.491361694,120-80-9,OC1=CC=CC=C1O,2.8,,NIST,alcohol,Oxygenated organics,"InChI=1S/C6H6O2/c7-5-3-1-2-4-6(5)8/h1-4,7-8H",YCIMNLLNPGFGHC-UHFFFAOYSA-N
34,"1,2-Dibromo-3-chloropropane",-1.602059991,96-12-8,C(C(CBr)Br)Cl,2,,NIST,halogenated,Halogenated organics,"InChI=1S/C3H5Br2Cl/c4-1-3(5)2-6/h3H,1-2H2",WBEJYOJJBDISQU-UHFFFAOYSA-N
35,"1,2-dibromoethene",3.176091259,590-12-5,C(=CBr)Br,,,doi.org/10.1016/j.watres.2012.06.006,halogenated,Halogenated organics,InChI=1S/C2H2Br2/c3-1-2-4/h1-2H,UWTUEMKLYAGTNQ-UHFFFAOYSA-N
36,"1,2-dibromoethene",3.176091,52646-68-1,Br/C=C/Br,,,https://doi.org/10.1016/j.jece.2024.112473,halogenated,Halogenated organics,InChI=1S/C2H2Br2/c3-1-2-4/h1-2H/b2-1+,UWTUEMKLYAGTNQ-OWOJBTEDSA-N
37,"1,3,5-C6H3(CH3)3",2.84509804,108-67-8,CC1=CC(C)=CC(C)=C1,1.7,,NIST,cyclo,Aromatic & PAHs,"InChI=1S/C9H12/c1-7-4-8(2)6-9(3)5-7/h4-6H,1-3H3",AUHZEENZYGFFBQ-UHFFFAOYSA-N
38,"1,3,5-trimethoxy benzene",5.973127854,621-23-8,COC1=CC(=CC(=C1)OC)OC,,,doi.org/10.1016/j.watres.2012.06.006,diol,Polyfunctional / highly functionalized,"InChI=1S/C9H12O3/c1-10-7-4-8(11-2)6-9(5-7)12-3/h4-6H,1-3H3",LKUDPHPHKOZXCD-UHFFFAOYSA-N
39,"1,3,5-trimethoxy benzene",5.973128,1622142-76-0,COc1cc(OC)cc(OC)c1,,,https://doi.org/10.1016/j.jece.2024.112473,alcohol,Oxygenated organics,"InChI=1S/C9H12O3/c1-10-7-4-8(11-2)6-9(5-7)12-3/h4-6H,1-3H3",LKUDPHPHKOZXCD-UHFFFAOYSA-N
40,"1,3,5-trimethylbenzene",2.845098,1274-07-3,Cc1cc(C)cc(C)c1,1.7,,https://doi.org/10.1016/j.jece.2024.112473,benzene,Aromatic & PAHs,"InChI=1S/C9H12/c1-7-4-8(2)6-9(3)5-7/h4-6H,1-3H3",AUHZEENZYGFFBQ-UHFFFAOYSA-N
41,"1,3-Benzenediol",4.99,33104-34-6,Oc1cccc(O)c1,,,https://doi.org/10.1016/j.jece.2024.112473,alcohol,Oxygenated organics,"InChI=1S/C6H6O2/c7-5-2-1-3-6(8)4-5/h1-4,7-8H",GHMLBKRAJCXXBS-UHFFFAOYSA-N
42,"1,3-C6H4(CH3)2",1.973127854,108-38-3,CC1=CC=CC(C)=C1,2,,NIST,cyclo,Aromatic & PAHs,"InChI=1S/C8H10/c1-7-4-3-5-8(2)6-7/h3-6H,1-2H3",IVSZLXZYQVIEFR-UHFFFAOYSA-N
43,"1,3-C6H4(OH)2",4.991226076,108-46-3,OC1=CC=CC(O)=C1,2.8,,NIST,alcohol,Oxygenated organics,"InChI=1S/C6H6O2/c7-5-2-1-3-6(8)4-5/h1-4,7-8H",GHMLBKRAJCXXBS-UHFFFAOYSA-N
44,"1,3-C6H4(OH)2",5.477121255,108-46-3,OC1=CC=CC(O)=C1,2,,NIST,alcohol,Oxygenated organics,"InChI=1S/C6H6O2/c7-5-2-1-3-6(8)4-5/h1-4,7-8H",GHMLBKRAJCXXBS-UHFFFAOYSA-N
45,"1,3-C6H4Cl2",-0.244125144,541-73-1,ClC1=CC=CC(Cl)=C1,2,,NIST,cyclo,Aromatic & PAHs,InChI=1S/C6H4Cl2/c7-5-2-1-3-6(8)4-5/h1-4H,ZPQOPVIELGIULI-UHFFFAOYSA-N
46,"1,3-Dichlorobutene-2",-2.280668713,926-57-8,C/C(=C/CCl)/Cl,,,10.1007/s10975-005-0142-4,halogenated,Halogenated organics,"InChI=1S/C4H6Cl2/c1-4(6)2-3-5/h2H,3H2,1H3/b4-2-",WLIADPFXSACYLS-RQOWECAXSA-N
47,"1,3-Dichlorobutene-2",-2.28067,11069-19-5,C[C@@H](Cl)/C=C/Cl,,,https://doi.org/10.1016/j.jece.2024.112473,halogenated,Halogenated organics,"InChI=1S/C4H6Cl2/c1-4(6)2-3-5/h2-4H,1H3/b3-2+/t4-/m1/s1",GVNNGJMKAFLSHZ-FSSWKIGTSA-N
48,"1,3-Dimethyluracil",3.45,119255-07-1,Cn1ccc(=O)n(C)c1=O,,,https://doi.org/10.1016/j.jece.2024.112473,halogenated,Halogenated organics,"InChI=1S/C6H8N2O2/c1-7-4-3-5(9)8(2)6(7)10/h3-4H,1-2H3",JSDBKAHWADVXFU-UHFFFAOYSA-N
49,"1,3.5-Trimethylbenzene",2.84509804,108-67-8,CC1=CC(C)=CC(C)=C1,1.7,,https://doi.org/10.1016/0043-1354(83)90098-2,cyclo,Aromatic & PAHs,"InChI=1S/C9H12/c1-7-4-8(2)6-9(3)5-7/h4-6H,1-3H3",AUHZEENZYGFFBQ-UHFFFAOYSA-N
50,"1,4-Butanediol dimethacrylate",6.61,2082-81-7,C=C(C)C(=O)OCCCCOC(=O)C(=C)C,,,https://doi.org/10.1016/j.jece.2024.112473,diol,Polyfunctional / highly functionalized,"InChI=1S/C12H18O4/c1-9(2)11(13)15-7-5-6-8-16-12(14)10(3)4/h1,3,5-8H2,2,4H3",XOJWAAUYNWGQAU-UHFFFAOYSA-N
51,"1,4-C6H4(CH3)2",2.146128036,106-42-3,CC1=CC=C(C)C=C1,2,,NIST,cyclo,Aromatic & PAHs,"InChI=1S/C8H10/c1-7-3-5-8(2)6-4-7/h3-6H,1-2H3",URLKBWYHVLBVBO-UHFFFAOYSA-N
52,"1,4-C6H4(OH)2",6.176091259,123-31-9,OC1=CC=C(O)C=C1,2.8,,NIST,alcohol,Oxygenated organics,"InChI=1S/C6H6O2/c7-5-1-2-6(8)4-3-5/h1-4,7-8H",QIGBRXMKCJKVMJ-UHFFFAOYSA-N
53,"1,4-C6H4Cl2",0.477121255,106-46-7,ClC1=CC=C(Cl)C=C1,2,,NIST,cyclo,Aromatic & PAHs,InChI=1S/C6H4Cl2/c7-5-1-2-6(8)4-3-5/h1-4H,OCJBOOLMMGQPQU-UHFFFAOYSA-N
54,"1,4-Dichlorobenzene",0.48,201595-59-7,Clc1ccc(Cl)cc1,,,https://doi.org/10.1016/j.jece.2024.112473,benzene,Aromatic & PAHs,InChI=1S/C6H4Cl2/c7-5-1-2-6(8)4-3-5/h1-4H,OCJBOOLMMGQPQU-UHFFFAOYSA-N
55,"1,4-Dioxane",-0.52,123799-84-8,C1COCCO1,,,https://doi.org/10.1016/j.jece.2024.112473,alcohol,Oxygenated organics,InChI=1S/C4H8O2/c1-2-6-4-3-5-1/h1-4H2,RYHBNJHYFVUHQT-UHFFFAOYSA-N
56,"1,4-Dithiothreitol",5.23,203633-21-0,O[C@H](CS)[C@H](O)CS,,,https://doi.org/10.1016/j.jece.2024.112473,"sulfide, disulfide",Sulfur-containing organics,"InChI=1S/C4H10O2S2/c5-3(1-7)4(6)2-8/h3-8H,1-2H2/t3-,4-/m1/s1",VHJLVAABSRFDPM-QWWZWVQMSA-N
57,"1,4-benzoquinone",3.4,106-51-4,C1=CC(=O)C=CC1=O,7,,doi.org/10.1016/j.watres.2012.06.006,cyclo,Aromatic & PAHs,InChI=1S/C6H4O2/c7-5-1-2-6(8)4-3-5/h1-4H,AZQWKYJCGOJGHM-UHFFFAOYSA-N
58,"1,4-benzoquinone",3.4,33876-90-3,O=C1C=CC(=O)C=C1,7,,https://doi.org/10.1016/j.jece.2024.112473,cyclo,Aromatic & PAHs,InChI=1S/C6H4O2/c7-5-1-2-6(8)4-3-5/h1-4H,AZQWKYJCGOJGHM-UHFFFAOYSA-N
59,"1,4-dimethoxy benzene",5.113943352,150-78-7,COC1=CC=C(C=C1)OC,,,doi.org/10.1016/j.watres.2012.06.006,diol,Polyfunctional / highly functionalized,"InChI=1S/C8H10O2/c1-9-7-3-5-8(10-2)6-4-7/h3-6H,1-2H3",OHBQPCCCRFSCAX-UHFFFAOYSA-N
60,1-BuOH,-0.22184875,71-36-3,CCCCO,3.2,,NIST,alkane,Aliphatic hydrocarbons,"InChI=1S/C4H10O/c1-2-3-4-5/h5H,2-4H2,1H3",LRHPLDYGYMQRHN-UHFFFAOYSA-N
61,1-BuOH,-0.22184875,71-36-3,CCCCO,2.1,,NIST,alkane,Aliphatic hydrocarbons,"InChI=1S/C4H10O/c1-2-3-4-5/h5H,2-4H2,1H3",LRHPLDYGYMQRHN-UHFFFAOYSA-N
62,1-BuOH,-0.229884705,71-36-3,CCCCO,2,,NIST,alkane,Aliphatic hydrocarbons,"InChI=1S/C4H10O/c1-2-3-4-5/h5H,2-4H2,1H3",LRHPLDYGYMQRHN-UHFFFAOYSA-N
63,1-BuOH,0.041392685,71-36-3,CCCCO,7.2,,NIST,alkane,Aliphatic hydrocarbons,"InChI=1S/C4H10O/c1-2-3-4-5/h5H,2-4H2,1H3",LRHPLDYGYMQRHN-UHFFFAOYSA-N
64,1-BuOH,-0.15490196,71-36-3,CCCCO,5.8,,NIST,alkane,Aliphatic hydrocarbons,"InChI=1S/C4H10O/c1-2-3-4-5/h5H,2-4H2,1H3",LRHPLDYGYMQRHN-UHFFFAOYSA-N
65,1-Butanol,-0.236572006,71-36-3,CCCCO,2,,https://doi.org/10.1016/0043-1354(83)90098-2,alkane,Aliphatic hydrocarbons,"InChI=1S/C4H10O/c1-2-3-4-5/h5H,2-4H2,1H3",LRHPLDYGYMQRHN-UHFFFAOYSA-N
66,1-Butanol,0.04,31061-75-3,CCCCO,,,https://doi.org/10.1016/j.jece.2024.112473,alkane,Aliphatic hydrocarbons,"InChI=1S/C4H10O/c1-2-3-4-5/h5H,2-4H2,1H3",LRHPLDYGYMQRHN-UHFFFAOYSA-N
67,1-Buten-2-ol,4.9,89211-33-6,C=C(O)CC,,,https://doi.org/10.1016/j.jece.2024.112473,halogenated,Halogenated organics,"InChI=1S/C4H8O/c1-3-4(2)5/h5H,2-3H2,1H3",IKZZIQXKLWDPCD-UHFFFAOYSA-N
68,1-Chloronaphthalene,2.301029996,90-13-1,C1=CC=C2C(=C1)C=CC=C2Cl,5.6,,NIST,cyclo,Aromatic & PAHs,InChI=1S/C10H7Cl/c11-10-7-3-5-8-4-1-2-6-9(8)10/h1-7H,JTPNRXUCIXHOKM-UHFFFAOYSA-N
69,1-Hexen-4-ol,5.26,688-99-3,CCC(CC=C)O,7,,10.1016/j.scitotenv.2020.136816,alkane,Aliphatic hydrocarbons,"InChI=1S/C6H12O/c1-3-5-6(7)4-2/h3,6-7H,1,4-5H2,2H3",UOGFCIYBLKSQHL-UHFFFAOYSA-N
70,1-Hexen-4-ol,5.26,139164-92-4,C=CC[C@@H](O)CC,7,,https://doi.org/10.1016/j.jece.2024.112473,halogenated,Halogenated organics,"InChI=1S/C6H12O/c1-3-5-6(7)4-2/h3,6-7H,1,4-5H2,2H3/t6-/m0/s1",UOGFCIYBLKSQHL-LURJTMIESA-N
71,1-Hexene-3-ol,4,5729-65-7,C=C[C@H](O)CCC,,,https://doi.org/10.1016/j.jece.2024.112473,halogenated,Halogenated organics,"InChI=1S/C6H12O/c1-3-5-6(7)4-2/h4,6-7H,2-3,5H2,1H3/t6-/m0/s1",BVOSSZSHBZQJOI-LURJTMIESA-N
72,1-Hexene-3-ol,5,4798-44-1,CCCC(C=C)O,,,10.1080/01919519108552279,alkane,Aliphatic hydrocarbons,"InChI=1S/C6H12O/c1-3-5-6(7)4-2/h4,6-7H,2-3,5H2,1H3",BVOSSZSHBZQJOI-UHFFFAOYSA-N
73,1-Hexene-4-ol,5.255272505,928-92-7,C/C=C/CCCO,2,,https://doi.org/10.1016/0043-1354(83)90098-2,halogenated,Halogenated organics,"InChI=1S/C6H12O/c1-2-3-4-5-6-7/h2-3,7H,4-6H2,1H3/b3-2+",VTIODUHBZHNXFP-NSCUHMNNSA-N
74,1-Methyl-2-pyrrolidinone,0.3,321572-55-8,CN1CCCC1=O,,,https://doi.org/10.1016/j.jece.2024.112473,halogenated,Halogenated organics,"InChI=1S/C5H9NO/c1-6-4-2-3-5(6)7/h2-4H2,1H3",SECXISVLQFMRJM-UHFFFAOYSA-N
75,1-Octanol,-0.1,21727-90-2,CCCCCCCCO,,,https://doi.org/10.1016/j.jece.2024.112473,alkane,Aliphatic hydrocarbons,"InChI=1S/C8H18O/c1-2-3-4-5-6-7-8-9/h9H,2-8H2,1H3",KBPLFHHGFOOTCA-UHFFFAOYSA-N
76,1-Octanol,-0.096910013,111-87-5,CCCCCCCCO,2,,https://doi.org/10.1016/0043-1354(83)90098-2,alkane,Aliphatic hydrocarbons,"InChI=1S/C8H18O/c1-2-3-4-5-6-7-8-9/h9H,2-8H2,1H3",KBPLFHHGFOOTCA-UHFFFAOYSA-N
77,1-Pentyl-2-pyrrolidone,0.93,65032-11-3,CCCCCN1CCCC1=O,,,https://doi.org/10.1016/j.jece.2024.112473,alkane,Aliphatic hydrocarbons,"InChI=1S/C9H17NO/c1-2-3-4-7-10-8-5-6-9(10)11/h2-8H2,1H3",NNFAFRAQHBRBCQ-UHFFFAOYSA-N
78,1-Propylamine,-2,107-10-8,CCCN,2,,https://doi.org/10.1016/0043-1354(83)90098-2,alkane,Aliphatic hydrocarbons,"InChI=1S/C3H9N/c1-2-3-4/h2-4H2,1H3",WGYKZJWCGVVSQN-UHFFFAOYSA-N
79,1-acetyl-1-cyclohexene,5.361727836,932-66-1,CC(=O)C1=CCCCC1,2.3,25,https://pubs.acs.org/doi/10.1021/acs.est.4c07119,cyclo,Aromatic & PAHs,"InChI=1S/C8H12O/c1-7(9)8-5-3-2-4-6-8/h5H,2-4,6H2,1H3",LTYLUDGDHUEBGX-UHFFFAOYSA-N
80,1-acetyl-1-cyclohexene,5.146128036,932-66-1,CC(=O)C1=CCCCC1,2.3,10,https://pubs.acs.org/doi/10.1021/acs.est.4c07119,cyclo,Aromatic & PAHs,"InChI=1S/C8H12O/c1-7(9)8-5-3-2-4-6-8/h5H,2-4,6H2,1H3",LTYLUDGDHUEBGX-UHFFFAOYSA-N
81,1-acetyl-1-cyclohexene,5.301029996,932-66-1,CC(=O)C1=CCCCC1,2.3,,https://doi.org/10.1021/acs.est.4c07119,cyclo,Aromatic & PAHs,"InChI=1S/C8H12O/c1-7(9)8-5-3-2-4-6-8/h5H,2-4,6H2,1H3",LTYLUDGDHUEBGX-UHFFFAOYSA-N
82,1-acetyl-1-cyclohexene,5.204119983,932-66-1,CC(=O)C1=CCCCC1,2.3,15,https://pubs.acs.org/doi/10.1021/acs.est.4c07119,cyclo,Aromatic & PAHs,"InChI=1S/C8H12O/c1-7(9)8-5-3-2-4-6-8/h5H,2-4,6H2,1H3",LTYLUDGDHUEBGX-UHFFFAOYSA-N
83,1-acetyl-1-cyclohexene,5.301029996,932-66-1,CC(=O)C1=CCCCC1,2.3,20,https://pubs.acs.org/doi/10.1021/acs.est.4c07119,cyclo,Aromatic & PAHs,"InChI=1S/C8H12O/c1-7(9)8-5-3-2-4-6-8/h5H,2-4,6H2,1H3",LTYLUDGDHUEBGX-UHFFFAOYSA-N
84,1-butene,3.76514679,106-98-9,CCC=C,,,https://doi.org/10.1029/2006JD007531,alkane,Aliphatic hydrocarbons,"InChI=1S/C4H8/c1-3-4-2/h3H,1,4H2,2H3",VXNZUUAINFGPBY-UHFFFAOYSA-N
85,1-methylpyrrolidine,6.30103,126084-10-4,C1=C[C@]23N=C2C=13,,,https://doi.org/10.1016/j.jece.2024.112473,halogenated,Halogenated organics,InChI=1S/C5HN/c1-2-5-3(1)4(5)6-5/h2H/t5-/m1/s1,PJMPYFCUTYBQJX-RXMQYKEDSA-N
86,1-methylpyrrolidine,6.301029996,120-94-5,CN1CCCC1,,,doi.org/10.1016/j.watres.2012.06.006,halogenated,Halogenated organics,"InChI=1S/C5H11N/c1-6-4-2-3-5-6/h2-5H2,1H3",AVFZOVWCLRSYKC-UHFFFAOYSA-N
87,1-naphthol,6.816734228,90-15-3,C1=CC=C2C(=C1)C=CC=C2O,,,10.1080/01919512.1995.10555774,cyclo,Aromatic & PAHs,"InChI=1S/C10H8O/c11-10-7-3-5-8-4-1-2-6-9(8)10/h1-7,11H",KJCVRFUGPWSIIH-UHFFFAOYSA-N
88,1-naphthol,6.816734,19481-11-9,Oc1cccc2ccccc12,,,https://doi.org/10.1016/j.jece.2024.112473,alcohol,Oxygenated organics,"InChI=1S/C10H8O/c11-10-7-3-5-8-4-1-2-6-9(8)10/h1-7,11H",KJCVRFUGPWSIIH-UHFFFAOYSA-N
89,1-nonen-4-ol,3.698796252,35192-73-5,CCCCCC(CC=C)O,,,https://doi.org/10.1016/j.jes.2018.04.009,alkane,Aliphatic hydrocarbons,"InChI=1S/C9H18O/c1-3-5-6-8-9(10)7-4-2/h4,9-10H,2-3,5-8H2,1H3",NDUPBTSXOSZHON-UHFFFAOYSA-N
90,1-nonene,3.840419778,124-11-8,CCCCCCCC=C,,,10.1007/BF02987585,alkane,Aliphatic hydrocarbons,"InChI=1S/C9H18/c1-3-5-7-9-8-6-4-2/h3H,1,4-9H2,2H3",JRZJOMJEPLMPRA-UHFFFAOYSA-N
91,1-octen,3.876650764,111-66-0,CCCCCCC=C,,,https://doi.org/10.1002/kin.550271102,alkane,Aliphatic hydrocarbons,"InChI=1S/C8H16/c1-3-5-7-8-6-4-2/h3H,1,4-8H2,2H3",KWKAKUADMBZCLK-UHFFFAOYSA-N
92,1-octen-3-one,3.817142106,4312-99-6,CCCCCC(=O)C=C,,,https://doi.org/10.1016/j.jes.2020.03.031,alkane,Aliphatic hydrocarbons,"InChI=1S/C8H14O/c1-3-5-6-7-8(9)4-2/h4H,2-3,5-7H2,1H3",KLTVSWGXIAYTHO-UHFFFAOYSA-N
93,1-penten-3-one,4.770852012,1629-58-9,CCC(=O)C=C,,,doi.org/10.1016/j.watres.2012.06.006,alkane,Aliphatic hydrocarbons,"InChI=1S/C5H8O/c1-3-5(6)4-2/h3H,1,4H2,2H3",JLIDVCMBCGBIEY-UHFFFAOYSA-N
94,1-penten-3-one,4.770852,96546-66-6,C=CC(=O)CC,,,https://doi.org/10.1016/j.jece.2024.112473,halogenated,Halogenated organics,"InChI=1S/C5H8O/c1-3-5(6)4-2/h3H,1,4H2,2H3",JLIDVCMBCGBIEY-UHFFFAOYSA-N
95,1-pentene,3.778440684,25377-72-4,CCCC=C,,,10.1002/kin.10093,alkane,Aliphatic hydrocarbons,"InChI=1S/C5H10/c1-3-5-4-2/h3H,1,4-5H2,2H3",YWAKXRMUMFPDSH-UHFFFAOYSA-N
96,1-phenoxy-2-propanol,2.51,770-35-4,CC(COC1=CC=CC=C1)O,7,,doi.org/10.1016/j.watres.2012.06.006,alkane,Aliphatic hydrocarbons,"InChI=1S/C9H12O2/c1-8(10)7-11-9-5-3-2-4-6-9/h2-6,8,10H,7H2,1H3",IBLKWZIFZMJLFL-UHFFFAOYSA-N
97,1-phenoxy-2-propanol,2.50515,65488-98-4,C[C@H](O)COc1ccccc1,7,,https://doi.org/10.1016/j.jece.2024.112473,alcohol,Oxygenated organics,"InChI=1S/C9H12O2/c1-8(10)7-11-9-5-3-2-4-6-9/h2-6,8,10H,7H2,1H3/t8-/m0/s1",IBLKWZIFZMJLFL-QMMMGPOBSA-N
98,1-propanol,-0.193820026,71-23-8,CCCO,7,,10.1016/0043-1354(83)90098-2,alkane,Aliphatic hydrocarbons,"InChI=1S/C3H8O/c1-2-3-4/h4H,2-3H2,1H3",BDERNNFJNOPAEC-UHFFFAOYSA-N
99,1-propanol,-0.431798276,71-23-8,CCCO,2,,10.1016/0043-1354(83)90098-2,alkane,Aliphatic hydrocarbons,"InChI=1S/C3H8O/c1-2-3-4/h4H,2-3H2,1H3",BDERNNFJNOPAEC-UHFFFAOYSA-N
100,1.2.3-Trimethylbenzene,2.602059991,526-73-8,CC1=CC=CC(C)=C1C,1.7,,https://doi.org/10.1016/0043-1354(83)90098-2,cyclo,Aromatic & PAHs,"InChI=1S/C9H12/c1-7-5-4-6-8(2)9(7)3/h4-6H,1-3H3",FYGHSUNMUKGBRK-UHFFFAOYSA-N
101,1.2.4-Trichlorobenzene,0.204119983,120-82-1,ClC1=CC=C(Cl)C=C1Cl,2,,https://doi.org/10.1016/0043-1354(83)90098-2,cyclo,Aromatic & PAHs,InChI=1S/C6H3Cl3/c7-4-1-2-5(8)6(9)3-4/h1-3H,PBKONEOXTCPAFI-UHFFFAOYSA-N
102,1.4-Dichlorobenzene,0.477121255,106-46-7,ClC1=CC=C(Cl)C=C1,2,,https://doi.org/10.1016/0043-1354(83)90098-2,cyclo,Aromatic & PAHs,InChI=1S/C6H4Cl2/c7-5-1-2-6(8)4-3-5/h1-4H,OCJBOOLMMGQPQU-UHFFFAOYSA-N
103,17a-ethinylestradiol,6.883533917,57-63-6,C[C@]12CC[C@H]3[C@H]([C@@H]1CC[C@]2(C#C)O)CCC4=C3C=CC(=C4)O,8,,doi.org/10.1016/j.watres.2012.06.006,halogenated,Halogenated organics,"InChI=1S/C20H24O2/c1-3-20(22)11-9-18-17-6-4-13-12-14(21)5-7-15(13)16(17)8-10-19(18,20)2/h1,5,7,12,16-18,21-22H,4,6,8-11H2,2H3/t16-,17-,18+,19+,20+/m1/s1",BFPYWIDHMRZLRN-SLHNCBLASA-N
104,17a-ethinylestradiol,7.03,77538-56-8,C#C[C@]1(O)CC[C@H]2[C@@H]3CCc4cc(O)ccc4[C@H]3CC[C@@]21C,8,,https://doi.org/10.1016/j.jece.2024.112473,halogenated,Halogenated organics,"InChI=1S/C20H24O2/c1-3-20(22)11-9-18-17-6-4-13-12-14(21)5-7-15(13)16(17)8-10-19(18,20)2/h1,5,7,12,16-18,21-22H,4,6,8-11H2,2H3/t16-,17-,18+,19+,20+/m1/s1",BFPYWIDHMRZLRN-SLHNCBLASA-N
105,17a-ethinylestradiol,6.29,77538-56-8,C#C[C@]1(O)CC[C@H]2[C@@H]3CCc4cc(O)ccc4[C@H]3CC[C@@]21C,7,,https://doi.org/10.1016/j.jece.2024.112473,halogenated,Halogenated organics,"InChI=1S/C20H24O2/c1-3-20(22)11-9-18-17-6-4-13-12-14(21)5-7-15(13)16(17)8-10-19(18,20)2/h1,5,7,12,16-18,21-22H,4,6,8-11H2,2H3/t16-,17-,18+,19+,20+/m1/s1",BFPYWIDHMRZLRN-SLHNCBLASA-N
106,17a-ethinylestradiol,6.204119983,57-63-6,C[C@]12CC[C@H]3[C@H]([C@@H]1CC[C@]2(C#C)O)CCC4=C3C=CC(=C4)O,7,,doi.org/10.1016/j.watres.2012.06.006,halogenated,Halogenated organics,"InChI=1S/C20H24O2/c1-3-20(22)11-9-18-17-6-4-13-12-14(21)5-7-15(13)16(17)8-10-19(18,20)2/h1,5,7,12,16-18,21-22H,4,6,8-11H2,2H3/t16-,17-,18+,19+,20+/m1/s1",BFPYWIDHMRZLRN-SLHNCBLASA-N
107,17a-ethinylestradiol-dissociated,9.562293,77538-56-8,C#C[C@]1(O)CC[C@H]2[C@@H]3CCc4cc([O-])ccc4[C@H]3CC[C@@]21C,,,https://doi.org/10.1016/j.jece.2024.112473,halogenated,Halogenated organics,"InChI=1S/C20H24O2/c1-3-20(22)11-9-18-17-6-4-13-12-14(21)5-7-15(13)16(17)8-10-19(18,20)2/h1,5,7,12,16-18,21-22H,4,6,8-11H2,2H3/p-1/t16-,17-,18+,19+,20+/m1/s1",BFPYWIDHMRZLRN-SLHNCBLASA-M
108,17b-estradiol-dissociated,9.577369,32162-96-2,C[C@]12CC[C@@H]3c4ccc([O-])cc4CC[C@H]3[C@@H]1CC[C@@H]2O,,,https://doi.org/10.1016/j.jece.2024.112473,halogenated,Halogenated organics,"InChI=1S/C18H24O2/c1-18-9-8-14-13-5-3-12(19)10-11(13)2-4-15(14)16(18)6-7-17(18)20/h3,5,10,14-17,19-20H,2,4,6-9H2,1H3/p-1/t14-,15-,16+,17+,18+/m1/s1",VOXZDWNPVJITMN-ZBRFXRBCSA-M
109,17b-estradiol-non-dissociated,6.447802102,50-28-2,OC1=CC2=C(C=C1)[C@]3([H])[C@@]([C@@](CC[C@@H]4O)([H])[C@]4(C)CC3)([H])CC2,8,,doi.org/10.1016/j.watres.2012.06.006,alcohol,Oxygenated organics,"InChI=1S/C18H24O2/c1-18-9-8-14-13-5-3-12(19)10-11(13)2-4-15(14)16(18)6-7-17(18)20/h3,5,10,14-17,19-20H,2,4,6-9H2,1H3/t14-,15-,16+,17+,18+/m1/s1",VOXZDWNPVJITMN-ZBRFXRBCSA-N
110,17b-estradiol-non-dissociated,6.230448921,50-28-2,OC1=CC2=C(C=C1)[C@]3([H])[C@@]([C@@](CC[C@@H]4O)([H])[C@]4(C)CC3)([H])CC2,7,,doi.org/10.1016/j.watres.2012.06.006,alcohol,Oxygenated organics,"InChI=1S/C18H24O2/c1-18-9-8-14-13-5-3-12(19)10-11(13)2-4-15(14)16(18)6-7-17(18)20/h3,5,10,14-17,19-20H,2,4,6-9H2,1H3/t14-,15-,16+,17+,18+/m1/s1",VOXZDWNPVJITMN-ZBRFXRBCSA-N
111,17b-estradiol-non-dissociated,6.447802,32162-96-2,C[C@]12CC[C@@H]3c4ccc(O)cc4CC[C@H]3[C@@H]1CC[C@@H]2O,8,,https://doi.org/10.1016/j.jece.2024.112473,halogenated,Halogenated organics,"InChI=1S/C18H24O2/c1-18-9-8-14-13-5-3-12(19)10-11(13)2-4-15(14)16(18)6-7-17(18)20/h3,5,10,14-17,19-20H,2,4,6-9H2,1H3/t14-,15-,16+,17+,18+/m1/s1",VOXZDWNPVJITMN-ZBRFXRBCSA-N
112,17b-estradiol-non-dissociated,6.230449,32162-96-2,C[C@]12CC[C@@H]3c4ccc(O)cc4CC[C@H]3[C@@H]1CC[C@@H]2O,7,,https://doi.org/10.1016/j.jece.2024.112473,halogenated,Halogenated organics,"InChI=1S/C18H24O2/c1-18-9-8-14-13-5-3-12(19)10-11(13)2-4-15(14)16(18)6-7-17(18)20/h3,5,10,14-17,19-20H,2,4,6-9H2,1H3/t14-,15-,16+,17+,18+/m1/s1",VOXZDWNPVJITMN-ZBRFXRBCSA-N
113,17β-Estradiol,5.34,3188-46-3,OC1=CC(CCC2C3CCC4(C)C2CC([2H])([2H])[C@]4([H])O)=C3C=C1,5,,https://doi.org/10.1021/es068007p.,alcohol,Oxygenated organics,"InChI=1S/C18H24O2/c1-18-9-8-14-13-5-3-12(19)10-11(13)2-4-15(14)16(18)6-7-17(18)20/h3,5,10,14-17,19-20H,2,4,6-9H2,1H3/t14?,15?,16?,17-,18?/m0/s1/i7D2",VOXZDWNPVJITMN-WOHCTCDTSA-N
114,17β-estradiol,5.34,1192354-74-7,C[C@]12CC[C@@H]3c4ccc(O)cc4CC[C@H]3[C@@H]1CC[C@@H]2O,,,https://doi.org/10.1016/j.jece.2024.112473,halogenated,Halogenated organics,"InChI=1S/C18H24O2/c1-18-9-8-14-13-5-3-12(19)10-11(13)2-4-15(14)16(18)6-7-17(18)20/h3,5,10,14-17,19-20H,2,4,6-9H2,1H3/t14-,15-,16+,17+,18+/m1/s1",VOXZDWNPVJITMN-ZBRFXRBCSA-N
115,1H-benzotriazole,1.555470169,95-14-7,C1=CC2=NNN=C2C=C1,2,,10.1016/j.watres.2011.01.022,cyclo,Aromatic & PAHs,"InChI=1S/C6H5N3/c1-2-4-6-5(3-1)7-9-8-6/h1-4H,(H,7,8,9)",QRUDEWIWKLJBPS-UHFFFAOYSA-N
116,1H-benzotriazole,1.555470169,95-14-7,C1=CC2=NNN=C2C=C1,5,,10.1016/j.watres.2011.01.022,cyclo,Aromatic & PAHs,"InChI=1S/C6H5N3/c1-2-4-6-5(3-1)7-9-8-6/h1-4H,(H,7,8,9)",QRUDEWIWKLJBPS-UHFFFAOYSA-N
117,1H-benzotriazole,3.288249226,95-14-7,C1=CC2=NNN=C2C=C1,9,,10.1016/j.watres.2011.01.022,cyclo,Aromatic & PAHs,"InChI=1S/C6H5N3/c1-2-4-6-5(3-1)7-9-8-6/h1-4H,(H,7,8,9)",QRUDEWIWKLJBPS-UHFFFAOYSA-N
118,1H-benzotriazole,3.331022171,95-14-7,C1=CC2=NNN=C2C=C1,10,,10.1016/j.watres.2011.01.022,cyclo,Aromatic & PAHs,"InChI=1S/C6H5N3/c1-2-4-6-5(3-1)7-9-8-6/h1-4H,(H,7,8,9)",QRUDEWIWKLJBPS-UHFFFAOYSA-N
119,1H-benzotriazole,1.309630167,95-14-7,C1=CC2=NNN=C2C=C1,4,,10.1016/j.watres.2011.01.022,cyclo,Aromatic & PAHs,"InChI=1S/C6H5N3/c1-2-4-6-5(3-1)7-9-8-6/h1-4H,(H,7,8,9)",QRUDEWIWKLJBPS-UHFFFAOYSA-N
120,1H-benzotriazole,1.555470169,95-14-7,C1=CC2=NNN=C2C=C1,7,,10.1016/j.watres.2011.01.022,cyclo,Aromatic & PAHs,"InChI=1S/C6H5N3/c1-2-4-6-5(3-1)7-9-8-6/h1-4H,(H,7,8,9)",QRUDEWIWKLJBPS-UHFFFAOYSA-N
121,1H-benzotriazole,2.599883072,95-14-7,C1=CC2=NNN=C2C=C1,8,,10.1016/j.watres.2011.01.022,cyclo,Aromatic & PAHs,"InChI=1S/C6H5N3/c1-2-4-6-5(3-1)7-9-8-6/h1-4H,(H,7,8,9)",QRUDEWIWKLJBPS-UHFFFAOYSA-N
122,1H-benzotriazole,1.303196057,95-14-7,C1=CC2=NNN=C2C=C1,3,,10.1016/j.watres.2011.01.022,cyclo,Aromatic & PAHs,"InChI=1S/C6H5N3/c1-2-4-6-5(3-1)7-9-8-6/h1-4H,(H,7,8,9)",QRUDEWIWKLJBPS-UHFFFAOYSA-N
123,1H-benzotriazole,1.84,95-14-7,C1=CC2=NNN=C2C=C1,,,10.1016/j.watres.2011.01.022,cyclo,Aromatic & PAHs,"InChI=1S/C6H5N3/c1-2-4-6-5(3-1)7-9-8-6/h1-4H,(H,7,8,9)",QRUDEWIWKLJBPS-UHFFFAOYSA-N
124,1H-benzotriazole,1.5132176,95-14-7,C1=CC2=NNN=C2C=C1,6,,10.1016/j.watres.2011.01.022,cyclo,Aromatic & PAHs,"InChI=1S/C6H5N3/c1-2-4-6-5(3-1)7-9-8-6/h1-4H,(H,7,8,9)",QRUDEWIWKLJBPS-UHFFFAOYSA-N
125,2'-Deoxyadenosine,1.15,29836-02-0,Nc1ncnc2c1ncn2[C@H]1C[C@H](O)[C@@H](CO)O1,,,https://doi.org/10.1016/j.jece.2024.112473,cyclo,Aromatic & PAHs,"InChI=1S/C10H13N5O3/c11-9-8-10(13-3-12-9)15(4-14-8)7-1-5(17)6(2-16)18-7/h3-7,16-17H,1-2H2,(H2,11,12,13)/t5-,6+,7+/m0/s1",OLXZPDWKRNYJJZ-RRKCRQDMSA-N
126,2'-Deoxycytidine,3.54,9039-45-6,Nc1ccn([C@H]2C[C@H](O)[C@@H](CO)O2)c(=O)n1.O,,,https://doi.org/10.1016/j.jece.2024.112473,halogenated,Halogenated organics,"InChI=1S/C9H13N3O4.H2O/c10-7-1-2-12(9(15)11-7)8-3-5(14)6(4-13)16-8;/h1-2,5-6,8,13-14H,3-4H2,(H2,10,11,15);1H2/t5-,6+,8+;/m0./s1",HXBGOHZLZCFWLH-OERIEOFYSA-N
127,2'-Deoxyguanosine,4.28,39471-28-8,Nc1nc2c(ncn2[C@@H]2C[C@H](O)[C@@H](CO)O2)c(=O)[nH]1,,,https://doi.org/10.1016/j.jece.2024.112473,halogenated,Halogenated organics,"InChI=1S/C10H13N5O4/c11-10-13-8-7(9(18)14-10)12-3-15(8)6-1-4(17)5(2-16)19-6/h3-6,16-17H,1-2H2,(H3,11,13,14,18)/t4-,5+,6-/m0/s1",YKBGVTZYEHREMT-JKUQZMGJSA-N
128,"2,2',4,4',5,5'-Hexachlorobiphenyl",-0.045757491,35065-27-1,C1=C(C(=CC(=C1Cl)Cl)Cl)C2=CC(=C(C=C2Cl)Cl)Cl,2.7 - 6.3,,NIST,halogenated,Halogenated organics,InChI=1S/C12H4Cl6/c13-7-3-11(17)9(15)1-5(7)6-2-10(16)12(18)4-8(6)14/h1-4H,MVWHGTYKUMDIHL-UHFFFAOYSA-N
129,"2,2,6,6-Tetramethylpiperidinooxy",7.11,126517-51-9,CC1(C)CCCC(C)(C)N1O,,,https://doi.org/10.1016/j.jece.2024.112473,alkane,Aliphatic hydrocarbons,"InChI=1S/C9H19NO/c1-8(2)6-5-7-9(3,4)10(8)11/h11H,5-7H2,1-4H3",VUZNLSBZRVZGIK-UHFFFAOYSA-N
130,"2,3,4,6-tetrachlorophenol",4.908308048,58-90-2,C1=C(C(=C(C(=C1Cl)Cl)Cl)O)Cl,3,,10.1016/S0304-3894(00)00269-7,halogenated,Halogenated organics,"InChI=1S/C6H2Cl4O/c7-2-1-3(8)6(11)5(10)4(2)9/h1,11H",VGVRPFIJEJYOFN-UHFFFAOYSA-N
131,"2,3,4,6-tetrachlorophenol",4.562399938,58-90-2,C1=C(C(=C(C(=C1Cl)Cl)Cl)O)Cl,2.5,,10.1016/S0304-3894(00)00269-7,halogenated,Halogenated organics,"InChI=1S/C6H2Cl4O/c7-2-1-3(8)6(11)5(10)4(2)9/h1,11H",VGVRPFIJEJYOFN-UHFFFAOYSA-N
132,"2,3,4,6-tetrachlorophenol",4.177132317,58-90-2,C1=C(C(=C(C(=C1Cl)Cl)Cl)O)Cl,2,,10.1016/S0304-3894(00)00269-7,halogenated,Halogenated organics,"InChI=1S/C6H2Cl4O/c7-2-1-3(8)6(11)5(10)4(2)9/h1,11H",VGVRPFIJEJYOFN-UHFFFAOYSA-N
133,"2,3-(CH3)2C6H3OH",4.431363764,526-75-0,CC(C(O)=CC=C1)=C1C,2.8,,NIST,cyclo,Aromatic & PAHs,"InChI=1S/C8H10O/c1-6-4-3-5-8(9)7(6)2/h3-5,9H,1-2H3",QWBBPBRQALCEIZ-UHFFFAOYSA-N
134,"2,3-Dichlorophenol",2.9,59457-02-2,Oc1cccc(Cl)c1Cl,,,https://doi.org/10.1016/j.jece.2024.112473,alcohol,Oxygenated organics,"InChI=1S/C6H4Cl2O/c7-4-2-1-3-5(9)6(4)8/h1-3,9H",UMPSXRYVXUPCOS-UHFFFAOYSA-N
135,"2,3-Indolinedione",1.322219295,91-56-5,C1=CC=C2C(=C1)C(=O)C(=O)N2,,,NIST,halogenated,Halogenated organics,"InChI=1S/C8H5NO2/c10-7-5-3-1-2-4-6(5)9-8(7)11/h1-4H,(H,9,10,11)",JXDYKVIHCLTXOP-UHFFFAOYSA-N
136,"2,3-dihydroxybenzoic",6.32,303-38-8,O=C(O)C1=CC=CC(O)=C1O,7,,10.1016/j.scitotenv.2020.136816,cyclo,Aromatic & PAHs,"InChI=1S/C7H6O4/c8-5-3-1-2-4(6(5)9)7(10)11/h1-3,8-9H,(H,10,11)",GLDQAMYCGOIJDV-UHFFFAOYSA-N
137,"2,3-dimethyl phenol",4.320146,129644-70-8,Cc1cccc(O)c1C,,,https://doi.org/10.1016/j.jece.2024.112473,benzene,Aromatic & PAHs,"InChI=1S/C8H10O/c1-6-4-3-5-8(9)7(6)2/h3-5,9H,1-2H3",QWBBPBRQALCEIZ-UHFFFAOYSA-N
138,"2,4,5-Cl3C6H2OH",3.477121255,95-95-4,ClC(C=C(Cl)C(O)=C1)=C1Cl,,,NIST,cyclo,Aromatic & PAHs,"InChI=1S/C6H3Cl3O/c7-3-1-5(9)6(10)2-4(3)8/h1-2,10H",LHJGJYXLEPZJPM-UHFFFAOYSA-N
139,"2,4,6-Cl3C6H2OH",4,88-06-2,OC1=C(Cl)C=C(Cl)C=C1Cl,,,NIST,alcohol,Oxygenated organics,"InChI=1S/C6H3Cl3O/c7-3-1-4(8)6(10)5(9)2-3/h1-2,10H",LINPIYWFGCPVIE-UHFFFAOYSA-N
140,"2,4,6-Trichloroanisole",-1.24,352439-08-8,COc1c(Cl)cc(Cl)cc1Cl,,,https://doi.org/10.1016/j.jece.2024.112473,alcohol,Oxygenated organics,"InChI=1S/C7H5Cl3O/c1-11-7-5(9)2-4(8)3-6(7)10/h2-3H,1H3",WCVOGSZTONGSQY-UHFFFAOYSA-N
141,"2,4,6-Triiodophenolate",6.832509,15901-49-2,[O-]c1c(I)cc(I)cc1I,,,https://doi.org/10.1016/j.jece.2024.112473,benzene,Aromatic & PAHs,"InChI=1S/C6H3I3O/c7-3-1-4(8)6(10)5(9)2-3/h1-2,10H/p-1",VAPDZNUFNKUROY-UHFFFAOYSA-M
142,"2,4,6-Triiodophenolate",6.832508913,609-23-4,C1=C(C=C(C(=C1I)[O-])I)I,,,10.1039/b301824p,halogenated,Halogenated organics,"InChI=1S/C6H3I3O/c7-3-1-4(8)6(10)5(9)2-3/h1-2,10H/p-1",VAPDZNUFNKUROY-UHFFFAOYSA-M
143,"2,4,6-trichlorophenol",4.31567652,88-06-2,C1=C(C=C(C(=C1Cl)O)Cl)Cl,2.5,,10.1021/acs.iecr.9b00337,halogenated,Halogenated organics,"InChI=1S/C6H3Cl3O/c7-3-1-4(8)6(10)5(9)2-3/h1-2,10H",LINPIYWFGCPVIE-UHFFFAOYSA-N
144,"2,4,6-trichlorophenol",4.676483269,88-06-2,C1=C(C=C(C(=C1Cl)O)Cl)Cl,3,,10.1021/acs.iecr.9b00337,halogenated,Halogenated organics,"InChI=1S/C6H3Cl3O/c7-3-1-4(8)6(10)5(9)2-3/h1-2,10H",LINPIYWFGCPVIE-UHFFFAOYSA-N
145,"2,4,6-trichlorophenol",3.977174676,88-06-2,C1=C(C=C(C(=C1Cl)O)Cl)Cl,2,,10.1021/acs.iecr.9b00337,halogenated,Halogenated organics,"InChI=1S/C6H3Cl3O/c7-3-1-4(8)6(10)5(9)2-3/h1-2,10H",LINPIYWFGCPVIE-UHFFFAOYSA-N
146,"2,4,6-trichlorophenol",4.498310554,88-06-2,C1=C(C=C(C(=C1Cl)O)Cl)Cl,7,,10.1021/acs.iecr.9b00337,halogenated,Halogenated organics,"InChI=1S/C6H3Cl3O/c7-3-1-4(8)6(10)5(9)2-3/h1-2,10H",LINPIYWFGCPVIE-UHFFFAOYSA-N
147,"2,4,6-trichlorophenol",4.315677,88-06-2,Oc1c(Cl)cc(Cl)cc1Cl,2.5,,https://doi.org/10.1016/j.jece.2024.112473,alcohol,Oxygenated organics,"InChI=1S/C6H3Cl3O/c7-3-1-4(8)6(10)5(9)2-3/h1-2,10H",LINPIYWFGCPVIE-UHFFFAOYSA-N
148,"2,4,6-trichlorophenol",4.676483,88-06-2,Oc1c(Cl)cc(Cl)cc1Cl,3,,https://doi.org/10.1016/j.jece.2024.112473,alcohol,Oxygenated organics,"InChI=1S/C6H3Cl3O/c7-3-1-4(8)6(10)5(9)2-3/h1-2,10H",LINPIYWFGCPVIE-UHFFFAOYSA-N
149,"2,4,6-trichlorophenol",3.977175,88-06-2,Oc1c(Cl)cc(Cl)cc1Cl,2,,https://doi.org/10.1016/j.jece.2024.112473,alcohol,Oxygenated organics,"InChI=1S/C6H3Cl3O/c7-3-1-4(8)6(10)5(9)2-3/h1-2,10H",LINPIYWFGCPVIE-UHFFFAOYSA-N
150,"2,4,6-trichlorophenol",4.498311,88-06-2,Oc1c(Cl)cc(Cl)cc1Cl,7,,https://doi.org/10.1016/j.jece.2024.112473,alcohol,Oxygenated organics,"InChI=1S/C6H3Cl3O/c7-3-1-4(8)6(10)5(9)2-3/h1-2,10H",LINPIYWFGCPVIE-UHFFFAOYSA-N
151,"2,4-(CH3)2C6H3OH",5.041392685,105-67-9,OC1=CC=C(C)C=C1C,2.8,,NIST,alcohol,Oxygenated organics,"InChI=1S/C8H10O/c1-6-3-4-8(9)7(2)5-6/h3-5,9H,1-2H3",KUFFULVDNCHOFZ-UHFFFAOYSA-N
152,"2,4-Bis-(ethylamino)-6-chloro-s-triazine",0.51851394,122-34-9,CCNC1=NC(NCC)=NC(Cl)=N1,2,,NIST,alkane,Aliphatic hydrocarbons,"InChI=1S/C7H12ClN5/c1-3-9-6-11-5(8)12-7(13-6)10-4-2/h3-4H2,1-2H3,(H2,9,10,11,12,13)",ODCWYMIRDDJXKW-UHFFFAOYSA-N
153,"2,4-Bis-(ethylamino)-6-chloro-s-triazine",0.681241237,122-34-9,CCNC1=NC(NCC)=NC(Cl)=N1,4.3,,NIST,alkane,Aliphatic hydrocarbons,"InChI=1S/C7H12ClN5/c1-3-9-6-11-5(8)12-7(13-6)10-4-2/h3-4H2,1-2H3,(H2,9,10,11,12,13)",ODCWYMIRDDJXKW-UHFFFAOYSA-N
154,"2,4-Bis-(ethylamino)-6-chloro-s-triazine",1.230448921,122-34-9,CCNC1=NC(NCC)=NC(Cl)=N1,7.5,,NIST,alkane,Aliphatic hydrocarbons,"InChI=1S/C7H12ClN5/c1-3-9-6-11-5(8)12-7(13-6)10-4-2/h3-4H2,1-2H3,(H2,9,10,11,12,13)",ODCWYMIRDDJXKW-UHFFFAOYSA-N
155,"2,4-D",0.361727836,94-75-7,C1=CC(=C(C=C1Cl)Cl)OCC(=O)O,1.5~2.9,,https://doi.org/10.1016/0043-1354(83)90098-2,alcohol,Oxygenated organics,"InChI=1S/C8H6Cl2O3/c9-5-1-2-7(6(10)3-5)13-4-8(11)12/h1-3H,4H2,(H,11,12)",OVSKIKFHRZPJSS-UHFFFAOYSA-N
156,"2,4-Dichlorophenol",3.48,120-83-2,C1=CC(=C(C=C1Cl)Cl)O,3,,https://doi.org/10.1061/(ASCE)0733-9372(1999)125:5(441).,halogenated,Halogenated organics,"InChI=1S/C6H4Cl2O/c7-4-1-2-6(9)5(8)3-4/h1-3,9H",HFZWRUODUSTPEG-UHFFFAOYSA-N
157,"2,4-Dichlorophenoxyacetate ion",1.462397998,942-98-3,ClC1C(CCC(C1)Cl)OCC(=O)[O-],,,NIST,alcohol,Oxygenated organics,"InChI=1S/C8H12Cl2O3/c9-5-1-2-7(6(10)3-5)13-4-8(11)12/h5-7H,1-4H2,(H,11,12)/p-1",ONZXIMNMSUIZKU-UHFFFAOYSA-M
158,"2,4-Dichlorophenoxyacetic acid",2.079181246,94-75-7,C1=CC(=C(C=C1Cl)Cl)OCC(=O)O,2,,NIST,alcohol,Oxygenated organics,"InChI=1S/C8H6Cl2O3/c9-5-1-2-7(6(10)3-5)13-4-8(11)12/h1-3H,4H2,(H,11,12)",OVSKIKFHRZPJSS-UHFFFAOYSA-N
159,"2,4-dichlorophenol",3.7084209,120-83-2,C1=CC(=C(C=C1Cl)Cl)O,2.5,,10.1016/j.chemosphere.2014.05.068,halogenated,Halogenated organics,"InChI=1S/C6H4Cl2O/c7-4-1-2-6(9)5(8)3-4/h1-3,9H",HFZWRUODUSTPEG-UHFFFAOYSA-N
160,"2,4-dichlorophenol",4.62493361,120-83-2,C1=CC(=C(C=C1Cl)Cl)O,7,,10.1016/j.chemosphere.2014.05.068,halogenated,Halogenated organics,"InChI=1S/C6H4Cl2O/c7-4-1-2-6(9)5(8)3-4/h1-3,9H",HFZWRUODUSTPEG-UHFFFAOYSA-N
161,"2,4-dichlorophenol",3.962227231,120-83-2,C1=CC(=C(C=C1Cl)Cl)O,3,,10.1016/j.chemosphere.2014.05.068,halogenated,Halogenated organics,"InChI=1S/C6H4Cl2O/c7-4-1-2-6(9)5(8)3-4/h1-3,9H",HFZWRUODUSTPEG-UHFFFAOYSA-N
162,"2,4-dichlorophenol",3.275541688,120-83-2,C1=CC(=C(C=C1Cl)Cl)O,2,,10.1016/j.chemosphere.2014.05.068,halogenated,Halogenated organics,"InChI=1S/C6H4Cl2O/c7-4-1-2-6(9)5(8)3-4/h1-3,9H",HFZWRUODUSTPEG-UHFFFAOYSA-N
163,"2,4-dichlorophenoxyacetic acid",0.721480855,94-75-7,C1=CC(=C(C=C1Cl)Cl)OCC(=O)O,2,,10.1080/01919519208552274,alcohol,Oxygenated organics,"InChI=1S/C8H6Cl2O3/c9-5-1-2-7(6(10)3-5)13-4-8(11)12/h1-3H,4H2,(H,11,12)",OVSKIKFHRZPJSS-UHFFFAOYSA-N
164,"2,4-dichlorophenoxyacetic acid",3,94-75-7,C1=CC(=C(C=C1Cl)Cl)OCC(=O)O,7,,10.1080/01919519208552274,alcohol,Oxygenated organics,"InChI=1S/C8H6Cl2O3/c9-5-1-2-7(6(10)3-5)13-4-8(11)12/h1-3H,4H2,(H,11,12)",OVSKIKFHRZPJSS-UHFFFAOYSA-N
165,"2,4-dimethyl phenol",4.922206277,105-67-9,CC1=CC(=C(C=C1)O)C,,,doi.org/10.1016/j.watres.2012.06.006,alkane,Aliphatic hydrocarbons,"InChI=1S/C8H10O/c1-6-3-4-8(9)7(2)5-6/h3-5,9H,1-2H3",KUFFULVDNCHOFZ-UHFFFAOYSA-N
166,"2,5-dichlorophenols",4.835690571,583-78-8,OC1=CC(Cl)=CC=C1Cl,2.1,,10.1021/acs.iecr.9b00337,alcohol,Oxygenated organics,"InChI=1S/C6H4Cl2O/c7-4-1-2-5(8)6(9)3-4/h1-3,9H",RANCECPPZPIPNO-UHFFFAOYSA-N
167,"2,5-dichlorophenols",6.695481676,583-78-8,OC1=CC(Cl)=CC=C1Cl,7,,10.1021/acs.iecr.9b00337,alcohol,Oxygenated organics,"InChI=1S/C6H4Cl2O/c7-4-1-2-5(8)6(9)3-4/h1-3,9H",RANCECPPZPIPNO-UHFFFAOYSA-N
168,"2,5-dichlorophenols",6.889301703,583-78-8,OC1=CC(Cl)=CC=C1Cl,5,,10.1021/acs.iecr.9b00337,alcohol,Oxygenated organics,"InChI=1S/C6H4Cl2O/c7-4-1-2-5(8)6(9)3-4/h1-3,9H",RANCECPPZPIPNO-UHFFFAOYSA-N
169,"2,5-dimethyl phenol",7.340444,29053-91-6,Cc1ccc(C)c(O)c1,7,,https://doi.org/10.1016/j.jece.2024.112473,benzene,Aromatic & PAHs,"InChI=1S/C8H10O/c1-6-3-4-7(2)8(9)5-6/h3-5,9H,1-2H3",NKTOLZVEWDHZMU-UHFFFAOYSA-N
170,"2,5-dimethyl phenol",7.340444115,145929-31-3,CC1=CC(=C(C=C1)C)O,7,,10.1021/acs.iecr.9b00337,alkane,Aliphatic hydrocarbons,"InChI=1S/C8H10O/c1-6-3-4-7(2)8(9)5-6/h3-5,9H,1-2H3",NKTOLZVEWDHZMU-UHFFFAOYSA-N
171,"2,6-Dinitrotoluene",-0.955779273,606-20-2,CC1=C(C=CC=C1[N+](=O)[O-])[N+](=O)[O-],,,10.1016/j.cej.2014.05.073,alkane,Aliphatic hydrocarbons,"InChI=1S/C7H6N2O4/c1-5-6(8(10)11)3-2-4-7(5)9(12)13/h2-4H,1H3",XTRDKALNCIHHNI-UHFFFAOYSA-N
172,"2,6-Nonadienal",4.94,17587-33-6,CC/C=C/CC/C=C/C=O,,,https://doi.org/10.1016/j.jece.2024.112473,alkane,Aliphatic hydrocarbons,"InChI=1S/C9H14O/c1-2-3-4-5-6-7-8-9-10/h3-4,7-9H,2,5-6H2,1H3/b4-3+,8-7+",HZYHMHHBBBSGHB-DYWGDJMRSA-N
173,"2,6-dimethyl phenol",4.217484,1865-00-5,Cc1cccc(C)c1O,,,https://doi.org/10.1016/j.jece.2024.112473,benzene,Aromatic & PAHs,"InChI=1S/C8H10O/c1-6-4-3-5-7(2)8(6)9/h3-5,9H,1-2H3",NXXYKOUNUYWIHA-UHFFFAOYSA-N
174,"2,6-dimethyl phenol",4.217483944,576-26-1,CC1=C(C(=CC=C1)C)O,,,doi.org/10.1016/j.watres.2012.06.006,alkane,Aliphatic hydrocarbons,"InChI=1S/C8H10O/c1-6-4-3-5-7(2)8(6)9/h3-5,9H,1-2H3",NXXYKOUNUYWIHA-UHFFFAOYSA-N
175,"2-(1-Methylpropyl)-4,6-dinitrophenol",2.505149978,88-85-7,CCC(C)C1=C(C(=CC(=C1)[N+](=O)[O-])[N+](=O)[O-])O,,,NIST,diol,Polyfunctional / highly functionalized,"InChI=1S/C10H12N2O5/c1-3-6(2)8-4-7(11(14)15)5-9(10(8)13)12(16)17/h4-6,13H,3H2,1-2H3",OWZPCEFYPSAJFR-UHFFFAOYSA-N
176,"2-(1-Methylpropyl)-4,6-dinitrophenoxide ion",5.176091259,530-17-6,CC(C)CC1=CC(=CC(=C1O)[N+](=O)[O-])[N+](=O)[O-],,,NIST,alkane,Aliphatic hydrocarbons,"InChI=1S/C10H12N2O5/c1-6(2)3-7-4-8(11(14)15)5-9(10(7)13)12(16)17/h4-6,13H,3H2,1-2H3",ZCUZYXAJTZQRHO-UHFFFAOYSA-N
177,"2-(2,4,5-Trichlorophenoxy)propionic acid",0.949390007,93-72-1,CC(C(=O)O)OC1=CC(=C(C=C1Cl)Cl)Cl,,,NIST,alcohol,Oxygenated organics,"InChI=1S/C9H7Cl3O3/c1-4(9(13)14)15-8-3-6(11)5(10)2-7(8)12/h2-4H,1H3,(H,13,14)",ZLSWBLPERHFHIS-UHFFFAOYSA-N
178,"2-(2,4-dioxo-3,4-dihydroquinazolin-1(2h)- yl)Benzaldehyde",0,869377-50-4,O=Cc1ccccc1-n1c(=O)[nH]c(=O)c2ccccc21,,,https://doi.org/10.1016/j.jece.2024.112473,benzene,Aromatic & PAHs,"InChI=1S/C15H10N2O3/c18-9-10-5-1-3-7-12(10)17-13-8-4-2-6-11(13)14(19)16-15(17)20/h1-9H,(H,16,19,20)",TZCUDQGVRQPRCM-UHFFFAOYSA-N
179,2-(4-Chloro-2-methylphenoxy)propionate,1.612783857,93-65-2,ClC1=CC=C(OC(C)C(O)=O)C(C)=C1,7,,NIST,cyclo,Aromatic & PAHs,"InChI=1S/C10H11ClO3/c1-6-5-8(11)3-4-9(6)14-7(2)10(12)13/h3-5,7H,1-2H3,(H,12,13)",WNTGYJSOUMFZEP-UHFFFAOYSA-N
180,2-(4-Chloro-2-methylphenoxy)propionic acid,1.146128036,93-65-2,CC1=C(C=CC(=C1)Cl)OC(C)C(=O)O,2,,NIST,alcohol,Oxygenated organics,"InChI=1S/C10H11ClO3/c1-6-5-8(11)3-4-9(6)14-7(2)10(12)13/h3-5,7H,1-2H3,(H,12,13)",WNTGYJSOUMFZEP-UHFFFAOYSA-N
181,2-(4-Chloro-2-methylphenoxy)propionic acid,1.602059991,93-65-2,CC1=C(C=CC(=C1)Cl)OC(C)C(=O)O,2,,NIST,alcohol,Oxygenated organics,"InChI=1S/C10H11ClO3/c1-6-5-8(11)3-4-9(6)14-7(2)10(12)13/h3-5,7H,1-2H3,(H,12,13)",WNTGYJSOUMFZEP-UHFFFAOYSA-N
182,2-(4-Chloro-2-methylphenoxy)propionic acid,1.462397998,93-65-2,CC1=C(C=CC(=C1)Cl)OC(C)C(=O)O,2,,NIST,alcohol,Oxygenated organics,"InChI=1S/C10H11ClO3/c1-6-5-8(11)3-4-9(6)14-7(2)10(12)13/h3-5,7H,1-2H3,(H,12,13)",WNTGYJSOUMFZEP-UHFFFAOYSA-N
183,2-(4-Chlorophenoxy)-2-methylpropionate,1.653212514,882-09-7,ClC1=CC=C(OC(C)(C)C(O)=O)C=C1,7.5,,NIST,cyclo,Aromatic & PAHs,"InChI=1S/C10H11ClO3/c1-10(2,9(12)13)14-8-5-3-7(11)4-6-8/h3-6H,1-2H3,(H,12,13)",TXCGAZHTZHNUAI-UHFFFAOYSA-N
184,2-(4-Chlorophenoxy)-2-methylpropionic acid,1.792391689,882-09-7,CC(C)(C(=O)O)OC1=CC=C(C=C1)Cl,2,,NIST,alcohol,Oxygenated organics,"InChI=1S/C10H11ClO3/c1-10(2,9(12)13)14-8-5-3-7(11)4-6-8/h3-6H,1-2H3,(H,12,13)",TXCGAZHTZHNUAI-UHFFFAOYSA-N
185,2-(4-Chlorophenoxy)-2-methylpropionic acid,1.57,882-09-7,CC(C)(C(=O)O)OC1=CC=C(C=C1)Cl,2,,https://doi.org/10.1080/01919519208552274.,alcohol,Oxygenated organics,"InChI=1S/C10H11ClO3/c1-10(2,9(12)13)14-8-5-3-7(11)4-6-8/h3-6H,1-2H3,(H,12,13)",TXCGAZHTZHNUAI-UHFFFAOYSA-N
186,2-(4-Chlorophenoxy)-2-methylpropionic acid,1.57,24818-79-9,CC(C)(Oc1ccc(Cl)cc1)C(=O)O,,,https://doi.org/10.1016/j.jece.2024.112473,alkane,Aliphatic hydrocarbons,"InChI=1S/C10H11ClO3/c1-10(2,9(12)13)14-8-5-3-7(11)4-6-8/h3-6H,1-2H3,(H,12,13)",TXCGAZHTZHNUAI-UHFFFAOYSA-N
187,2-Butanone,-1.15490196,78-93-3,CCC(=O)C,2,,https://doi.org/10.1016/0043-1354(83)90098-2,alkane,Aliphatic hydrocarbons,"InChI=1S/C4H8O/c1-3-4(2)5/h3H2,1-2H3",ZWEHNKRNPOVVGH-UHFFFAOYSA-N
188,2-Butanone,-1.1549,101258-83-7,CCC(C)=O,2,,https://doi.org/10.1016/j.jece.2024.112473,alkane,Aliphatic hydrocarbons,"InChI=1S/C4H8O/c1-3-4(2)5/h3H2,1-2H3",ZWEHNKRNPOVVGH-UHFFFAOYSA-N
189,2-CH3C6H4OH,4.079181246,95-48-7,OC1=CC=CC=C1C,1.5,,NIST,alcohol,Oxygenated organics,"InChI=1S/C7H8O/c1-6-4-2-3-5-7(6)8/h2-5,8H,1H3",QWVGKYWNOKOFNN-UHFFFAOYSA-N
190,2-CH3C6H4OH,3.792391689,95-48-7,OC1=CC=CC=C1C,2.8,,NIST,alcohol,Oxygenated organics,"InChI=1S/C7H8O/c1-6-4-2-3-5-7(6)8/h2-5,8H,1H3",QWVGKYWNOKOFNN-UHFFFAOYSA-N
191,2-ClC6H4OH,3.041392685,95-57-8,OC1=CC=CC=C1Cl,,,NIST,alcohol,Oxygenated organics,"InChI=1S/C6H5ClO/c7-5-3-1-2-4-6(5)8/h1-4,8H",ISPYQTSUDJAMAB-UHFFFAOYSA-N
192,2-F aniline,6.862131379,348-54-9,NC1=CC=CC=C1F,,,doi.org/10.1016/j.watres.2012.06.006,cyclo,Aromatic & PAHs,"InChI=1S/C6H6FN/c7-5-3-1-2-4-6(5)8/h1-4H,8H2",FTZQXOJYPFINKJ-UHFFFAOYSA-N
193,2-HOC6H4CO2H,2.698970004,69-72-7,OC1=CC=CC=C1C(O)=O,1.2,,NIST,alcohol,Oxygenated organics,"InChI=1S/C7H6O3/c8-6-4-2-1-3-5(6)7(9)10/h1-4,8H,(H,9,10)",YGSDEFSMJLZEOE-UHFFFAOYSA-N
194,2-Hydroxybenzoate ion,4.477121255,63-36-5,C1=CC=CC(=C1)C(=O)[O-],,,NIST,halogenated,Halogenated organics,"InChI=1S/C7H6O2/c8-7(9)6-4-2-1-3-5-6/h1-5H,(H,8,9)/p-1",WPYMKLBDIGXBTP-UHFFFAOYSA-M
195,2-Methoxy-2-methyl propionaldehyde,0.7,848462-78-2,COC(C)(C)C=O,,,https://doi.org/10.1016/j.jece.2024.112473,alcohol,Oxygenated organics,"InChI=1S/C5H10O2/c1-5(2,4-6)7-3/h4H,1-3H3",HSCUZOQCNBPBST-UHFFFAOYSA-N
196,2-Methyl-4-carboxaldehyde thiazole,2.176091259,20949-84-2,CC1=NC(C=O)=CS1,7,,https://doi.org/10.1021/acs.est.5c01323,"sulfide, disulfide",Sulfur-containing organics,"InChI=1S/C5H5NOS/c1-4-6-5(2-7)3-8-4/h2-3H,1H3",AEHWVNPVEUVPMT-UHFFFAOYSA-N
197,2-Methyl-4-chlorophenoxyacetic acid,1.07,1785255-91-5,Cc1cc(Cl)ccc1OCC(=O)O,,,https://doi.org/10.1016/j.jece.2024.112473,alcohol,Oxygenated organics,"InChI=1S/C9H9ClO3/c1-6-4-7(10)2-3-8(6)13-5-9(11)12/h2-4H,5H2,1H3,(H,11,12)",WHKUVVPPKQRRBV-UHFFFAOYSA-N
198,2-Methylisoborneol,-0.46,2371-42-8,CC1(C)[C@@H]2CC[C@@]1(C)[C@](C)(O)C2,,,https://doi.org/10.1016/j.jece.2024.112473,alkane,Aliphatic hydrocarbons,"InChI=1S/C11H20O/c1-9(2)8-5-6-10(9,3)11(4,12)7-8/h8,12H,5-7H2,1-4H3/t8-,10-,11-/m1/s1",LFYXNXGVLGKVCJ-FBIMIBRVSA-N
199,2-Methylisoborneol,1,514-02-3,C[C@@]12CC[C@@H](C1(C)C)C[C@@]2(C)O,,,https://doi.org/10.1002/j.1551-8833.1990.tb06967.x,halogenated,Halogenated organics,"InChI=1S/C11H20O/c1-9(2)8-5-6-10(9,3)11(4,12)7-8/h8,12H,5-7H2,1-4H3/t8-,10-,11-/m1/s1",LFYXNXGVLGKVCJ-FBIMIBRVSA-N
200,2-Methylnaphthalene,3,91-57-6,CC1=CC2=CC=CC=C2C=C1,5.6,,NIST,cyclo,Aromatic & PAHs,"InChI=1S/C11H10/c1-9-6-7-10-4-2-3-5-11(10)8-9/h2-8H,1H3",QIMMUPPBPVKWKM-UHFFFAOYSA-N
201,2-Methyloxazoline,-0.301029996,1120-64-5,CC1=NCCO1,7,,https://doi.org/10.1021/acs.est.5c01323,alkane,Aliphatic hydrocarbons,"InChI=1S/C4H7NO/c1-4-5-2-3-6-4/h2-3H2,1H3",GUXJXWKCUUWCLX-UHFFFAOYSA-N
202,2-Methylthiazole,3.301029996,3581-87-1,CC1=NC=CS1,7,,https://doi.org/10.1021/acs.est.5c01323,"sulfide, disulfide",Sulfur-containing organics,"InChI=1S/C4H5NS/c1-4-5-2-3-6-4/h2-3H,1H3",VZWOXDYRBDIHMA-UHFFFAOYSA-N
203,2-Methylthiazoline,4.278753601,2346-00-1,CC1=NCCS1,7,,https://doi.org/10.1021/acs.est.5c01323,"sulfide, disulfide",Sulfur-containing organics,"InChI=1S/C4H7NS/c1-4-5-2-3-6-4/h2-3H2,1H3",JUIQOABNSLTJSW-UHFFFAOYSA-N
204,2-Nitroso-1-naphthol,-0.5255,6373-60-0,C1=CC=C2C(=C1)C=CC(=C2O)N=O,,,10.1016/j.chemosphere.2014.05.068,halogenated,Halogenated organics,"InChI=1S/C10H7NO2/c12-10-8-4-2-1-3-7(8)5-6-9(10)11-13/h1-6,12H",SYUYTOYKQOAVDW-UHFFFAOYSA-N
205,2-OCH3 aniline,7.235528447,90-04-0,COC1=CC=CC=C1N,,,doi.org/10.1016/j.watres.2012.06.006,alcohol,Oxygenated organics,"InChI=1S/C7H9NO/c1-9-7-5-3-2-4-6(7)8/h2-5H,8H2,1H3",VMPITZXILSNTON-UHFFFAOYSA-N
206,2-Pentanone,-1.698970004,107-87-9,CCCC(=O)C,2,,https://doi.org/10.1016/0043-1354(83)90098-2,alkane,Aliphatic hydrocarbons,"InChI=1S/C5H10O/c1-3-4-5(2)6/h3-4H2,1-2H3",XNLICIUVMPYHGG-UHFFFAOYSA-N
207,2-Pentanone,-1.7,865-66-7,CCCC(C)=O,,,https://doi.org/10.1016/j.jece.2024.112473,alkane,Aliphatic hydrocarbons,"InChI=1S/C5H10O/c1-3-4-5(2)6/h3-4H2,1-2H3",XNLICIUVMPYHGG-UHFFFAOYSA-N
208,"2-Phosphonobutane-1,2,4-tricarboxylic acid",-0.920818754,37971-36-1,C(CC(CC(=O)O)(C(=O)O)P(=O)(O)O)C(=O)O,,,10.1016/J.WATRES.2018.10.038,diol,Polyfunctional / highly functionalized,"InChI=1S/C7H11O9P/c8-4(9)1-2-7(6(12)13,3-5(10)11)17(14,15)16/h1-3H2,(H,8,9)(H,10,11)(H,12,13)(H2,14,15,16)",SZHQPBJEOCHCKM-UHFFFAOYSA-N
209,2-PrOH,0.397940009,67-63-0,OC(C)C,3.1,,NIST,alcohol,Oxygenated organics,"InChI=1S/C3H8O/c1-3(2)4/h3-4H,1-2H3",KFZMGEQAYNKOFK-UHFFFAOYSA-N
210,2-PrOH,0.278753601,67-63-0,OC(C)C,2~6,,NIST,alcohol,Oxygenated organics,"InChI=1S/C3H8O/c1-3(2)4/h3-4H,1-2H3",KFZMGEQAYNKOFK-UHFFFAOYSA-N
211,2-PrOH,0.462397998,67-63-0,OC(C)C,7,,NIST,alcohol,Oxygenated organics,"InChI=1S/C3H8O/c1-3(2)4/h3-4H,1-2H3",KFZMGEQAYNKOFK-UHFFFAOYSA-N
212,2-PrOH,0.447158031,67-63-0,OC(C)C,5.9,,NIST,alcohol,Oxygenated organics,"InChI=1S/C3H8O/c1-3(2)4/h3-4H,1-2H3",KFZMGEQAYNKOFK-UHFFFAOYSA-N
213,2-PrOH,0.278753601,67-63-0,OC(C)C,2.2,,NIST,alcohol,Oxygenated organics,"InChI=1S/C3H8O/c1-3(2)4/h3-4H,1-2H3",KFZMGEQAYNKOFK-UHFFFAOYSA-N
214,2-Propanol,0.48,67-63-0,CC(C)O,7,,doi.org/10.1016/j.watres.2012.06.006,alkane,Aliphatic hydrocarbons,"InChI=1S/C3H8O/c1-3(2)4/h3-4H,1-2H3",KFZMGEQAYNKOFK-UHFFFAOYSA-N
215,2-Propanol,0.278753601,67-63-0,CC(C)O,4,,doi.org/10.1016/j.watres.2012.06.006,alkane,Aliphatic hydrocarbons,"InChI=1S/C3H8O/c1-3(2)4/h3-4H,1-2H3",KFZMGEQAYNKOFK-UHFFFAOYSA-N
216,2-Pyrrolidone,0.57,2687-94-7,O=C1CCCN1,,,https://doi.org/10.1016/j.jece.2024.112473,halogenated,Halogenated organics,"InChI=1S/C4H7NO/c6-4-2-1-3-5-4/h1-3H2,(H,5,6)",HNJBEVLQSNELDL-UHFFFAOYSA-N
217,2-acetamidoacrylic acid,5.973127854,5429-56-1,CC(=O)NC(=C)C(=O)O,,,doi.org/10.1016/j.watres.2012.06.006,alkane,Aliphatic hydrocarbons,"InChI=1S/C5H7NO3/c1-3(5(8)9)6-4(2)7/h1H2,2H3,(H,6,7)(H,8,9)",UFDFFEMHDKXMBG-UHFFFAOYSA-N
218,"2-amino-4,6-dinitrotoluene",5.161368,41180-47-6,Cc1c(N)cc([N+](=O)[O-])cc1[N+](=O)[O-],,,https://doi.org/10.1016/j.jece.2024.112473,cyclo,Aromatic & PAHs,"InChI=1S/C7H7N3O4/c1-4-6(8)2-5(9(11)12)3-7(4)10(13)14/h2-3H,8H2,1H3",IEEJAAUSLQCGJH-UHFFFAOYSA-N
219,"2-amino-4,6-dinitrotoluene",5.161368002,35572-78-2,CC1=C(C=C(C=C1[N+](=O)[O-])[N+](=O)[O-])N,,,10.1021/es990189i,alkane,Aliphatic hydrocarbons,"InChI=1S/C7H7N3O4/c1-4-6(8)2-5(9(11)12)3-7(4)10(13)14/h2-3H,8H2,1H3",IEEJAAUSLQCGJH-UHFFFAOYSA-N
220,"2-buten-1,4-dialmix",3.851258349,110-64-5,OCC=CCO,2.3,,https://doi.org/10.1021/acs.est.4c07119,alcohol,Oxygenated organics,"InChI=1S/C4H8O2/c5-3-1-2-4-6/h1-2,5-6H,3-4H2",ORTVZLZNOYNASJ-UHFFFAOYSA-N
221,"2-buten-1,4-dialmix",3.939519253,110-64-5,OCC=CCO,2.3,25,https://pubs.acs.org/doi/10.1021/acs.est.4c07119,alcohol,Oxygenated organics,"InChI=1S/C4H8O2/c5-3-1-2-4-6/h1-2,5-6H,3-4H2",ORTVZLZNOYNASJ-UHFFFAOYSA-N
222,"2-buten-1,4-dialmix",3.672097858,110-64-5,OCC=CCO,2.3,10,https://pubs.acs.org/doi/10.1021/acs.est.4c07119,alcohol,Oxygenated organics,"InChI=1S/C4H8O2/c5-3-1-2-4-6/h1-2,5-6H,3-4H2",ORTVZLZNOYNASJ-UHFFFAOYSA-N
223,"2-buten-1,4-dialmix",3.851258349,110-64-5,OCC=CCO,2.3,20,https://pubs.acs.org/doi/10.1021/acs.est.4c07119,alcohol,Oxygenated organics,"InChI=1S/C4H8O2/c5-3-1-2-4-6/h1-2,5-6H,3-4H2",ORTVZLZNOYNASJ-UHFFFAOYSA-N
224,"2-buten-1,4-dialmix",3.740362689,110-64-5,OCC=CCO,2.3,15,https://pubs.acs.org/doi/10.1021/acs.est.4c07119,alcohol,Oxygenated organics,"InChI=1S/C4H8O2/c5-3-1-2-4-6/h1-2,5-6H,3-4H2",ORTVZLZNOYNASJ-UHFFFAOYSA-N
225,2-carboxylato phenol,4.477121255,91-40-7,O=C(O)C1=C(C=CC=C1)NC2=CC=CC=C2,6,,10.1016/0043-1354(83)90098-2,cyclo,Aromatic & PAHs,"InChI=1S/C13H11NO2/c15-13(16)11-8-4-5-9-12(11)14-10-6-2-1-3-7-10/h1-9,14H,(H,15,16)",ZWJINEZUASEZBH-UHFFFAOYSA-N
226,2-carboxylato phenol,4.477121,58034-29-0,O=C([O-])c1ccccc1O,6,,https://doi.org/10.1016/j.jece.2024.112473,benzene,Aromatic & PAHs,"InChI=1S/C7H6O3/c8-6-4-2-1-3-5(6)7(9)10/h1-4,8H,(H,9,10)/p-1",YGSDEFSMJLZEOE-UHFFFAOYSA-M
227,2-chloro phenol,6.558708571,95-57-8,C1=CC=C(C(=C1)O)Cl,7,,10.1016/0043-1354(83)90099-4,halogenated,Halogenated organics,"InChI=1S/C6H5ClO/c7-5-3-1-2-4-6(5)8/h1-4,8H",ISPYQTSUDJAMAB-UHFFFAOYSA-N
228,2-chloro phenol,3.041392685,95-57-8,C1=CC=C(C(=C1)O)Cl,8.301029996,,10.1016/0043-1354(83)90099-4,halogenated,Halogenated organics,"InChI=1S/C6H5ClO/c7-5-3-1-2-4-6(5)8/h1-4,8H",ISPYQTSUDJAMAB-UHFFFAOYSA-N
229,2-chloro phenol,3.041393,105094-80-2,Oc1ccccc1Cl,8.30103,,https://doi.org/10.1016/j.jece.2024.112473,alcohol,Oxygenated organics,"InChI=1S/C6H5ClO/c7-5-3-1-2-4-6(5)8/h1-4,8H",ISPYQTSUDJAMAB-UHFFFAOYSA-N
230,2-chloro phenol,6.558709,105094-80-2,Oc1ccccc1Cl,7,,https://doi.org/10.1016/j.jece.2024.112473,alcohol,Oxygenated organics,"InChI=1S/C6H5ClO/c7-5-3-1-2-4-6(5)8/h1-4,8H",ISPYQTSUDJAMAB-UHFFFAOYSA-N
231,2-chloro phenolate,8.30103,94230-98-5,[O-]c1ccccc1Cl,,,https://doi.org/10.1016/j.jece.2024.112473,benzene,Aromatic & PAHs,"InChI=1S/C6H5ClO/c7-5-3-1-2-4-6(5)8/h1-4,8H/p-1",ISPYQTSUDJAMAB-UHFFFAOYSA-M
232,"2-chloro-4,6-diethylamino-1,3,5-triazine",1.238547888,3397-62-4,ClC1=NC(N)=NC(N)=N1,7.5,,10.1016/j.scitotenv.2020.136816,halogenated,Halogenated organics,"InChI=1S/C3H4ClN5/c4-1-7-2(5)9-3(6)8-1/h(H4,5,6,7,8,9)",FVFVNNKYKYZTJU-UHFFFAOYSA-N
233,"2-chloro-4,6-diethylamino-1,3,5-triazine",0.523746,30894-76-9,CCNc1nc(Cl)nc(NCC)n1,2,,https://doi.org/10.1016/j.jece.2024.112473,triazine,Heterocycles,"InChI=1S/C7H12ClN5/c1-3-9-6-11-5(8)12-7(13-6)10-4-2/h3-4H2,1-2H3,(H2,9,10,11,12,13)",ODCWYMIRDDJXKW-UHFFFAOYSA-N
234,"2-chloro-4,6-diethylamino-1,3,5-triazine",1.075547,30894-76-9,CCNc1nc(Cl)nc(NCC)n1,3,,https://doi.org/10.1016/j.jece.2024.112473,triazine,Heterocycles,"InChI=1S/C7H12ClN5/c1-3-9-6-11-5(8)12-7(13-6)10-4-2/h3-4H2,1-2H3,(H2,9,10,11,12,13)",ODCWYMIRDDJXKW-UHFFFAOYSA-N
235,"2-chloro-4,6-diethylamino-1,3,5-triazine",0.94,580-48-3,CCN(C1=NC(N(CC)CC)=NC(Cl)=N1)CC,7,,10.1016/j.scitotenv.2020.136816,alkane,Aliphatic hydrocarbons,"InChI=1S/C11H20ClN5/c1-5-16(6-2)10-13-9(12)14-11(15-10)17(7-3)8-4/h5-8H2,1-4H3",QHXDTLYEHWXDSO-UHFFFAOYSA-N
236,"2-chloro-4,6-diethylamino-1,3,5-triazine",0.523746467,580-48-3,CCN(C1=NC(N(CC)CC)=NC(Cl)=N1)CC,2,,10.1016/j.scitotenv.2020.136816,alkane,Aliphatic hydrocarbons,"InChI=1S/C11H20ClN5/c1-5-16(6-2)10-13-9(12)14-11(15-10)17(7-3)8-4/h5-8H2,1-4H3",QHXDTLYEHWXDSO-UHFFFAOYSA-N
237,"2-chloro-4,6-diethylamino-1,3,5-triazine",0.681241237,580-48-3,CCN(C1=NC(N(CC)CC)=NC(Cl)=N1)CC,4.3,,10.1016/j.scitotenv.2020.136816,alkane,Aliphatic hydrocarbons,"InChI=1S/C11H20ClN5/c1-5-16(6-2)10-13-9(12)14-11(15-10)17(7-3)8-4/h5-8H2,1-4H3",QHXDTLYEHWXDSO-UHFFFAOYSA-N
238,"2-chloro-4,6-diethylamino-1,3,5-triazine",1.075546961,580-48-3,CCN(C1=NC(N(CC)CC)=NC(Cl)=N1)CC,3,,10.1016/j.scitotenv.2020.136816,alkane,Aliphatic hydrocarbons,"InChI=1S/C11H20ClN5/c1-5-16(6-2)10-13-9(12)14-11(15-10)17(7-3)8-4/h5-8H2,1-4H3",QHXDTLYEHWXDSO-UHFFFAOYSA-N
239,"2-chloro-4,6-diethylamino-1,3,5-triazine",0.94,30894-76-9,CCNc1nc(Cl)nc(NCC)n1,7,,https://doi.org/10.1016/j.jece.2024.112473,triazine,Heterocycles,"InChI=1S/C7H12ClN5/c1-3-9-6-11-5(8)12-7(13-6)10-4-2/h3-4H2,1-2H3,(H2,9,10,11,12,13)",ODCWYMIRDDJXKW-UHFFFAOYSA-N
240,"2-chloro-4,6-diethylamino-1,3,5-triazine",0.681241,30894-76-9,CCNc1nc(Cl)nc(NCC)n1,4.3,,https://doi.org/10.1016/j.jece.2024.112473,triazine,Heterocycles,"InChI=1S/C7H12ClN5/c1-3-9-6-11-5(8)12-7(13-6)10-4-2/h3-4H2,1-2H3,(H2,9,10,11,12,13)",ODCWYMIRDDJXKW-UHFFFAOYSA-N
241,"2-chloro-4,6-diethylamino-1,3,5-triazine",1.238548,30894-76-9,CCNc1nc(Cl)nc(NCC)n1,7.5,,https://doi.org/10.1016/j.jece.2024.112473,triazine,Heterocycles,"InChI=1S/C7H12ClN5/c1-3-9-6-11-5(8)12-7(13-6)10-4-2/h3-4H2,1-2H3,(H2,9,10,11,12,13)",ODCWYMIRDDJXKW-UHFFFAOYSA-N
242,"2-chloro-4,6-diisopropylamino-1,3,5- triazine 3",0.184691,60717-06-8,CC(C)Nc1nc(Cl)nc(NC(C)C)n1,3,,https://doi.org/10.1016/j.jece.2024.112473,alkane,Aliphatic hydrocarbons,"InChI=1S/C9H16ClN5/c1-5(2)11-8-13-7(10)14-9(15-8)12-6(3)4/h5-6H,1-4H3,(H2,11,12,13,14,15)",WJNRPILHGGKWCK-UHFFFAOYSA-N
243,"2-chloro-4,6-diisopropylamino-1,3,5-triazine 3",0.184691431,139-40-2,CC(C)NC1=NC(Cl)=NC(NC(C)C)=N1,3,,10.1080/713610663,alkane,Aliphatic hydrocarbons,"InChI=1S/C9H16ClN5/c1-5(2)11-8-13-7(10)14-9(15-8)12-6(3)4/h5-6H,1-4H3,(H2,11,12,13,14,15)",WJNRPILHGGKWCK-UHFFFAOYSA-N
244,"2-chloro-4,6-dimethylamino-1,3,5-triazine 2",0.397940009,580-48-3,CCN(C1=NC(N(CC)CC)=NC(Cl)=N1)CC,3,,10.1080/713610663,alkane,Aliphatic hydrocarbons,"InChI=1S/C11H20ClN5/c1-5-16(6-2)10-13-9(12)14-11(15-10)17(7-3)8-4/h5-8H2,1-4H3",QHXDTLYEHWXDSO-UHFFFAOYSA-N
245,"2-chloro-4,6-dimethylamino-1,3,5-triazine 2",0.39794,60717-06-8,CNc1nc(Cl)nc(NC)n1,3,,https://doi.org/10.1016/j.jece.2024.112473,triazine,Heterocycles,"InChI=1S/C5H8ClN5/c1-7-4-9-3(6)10-5(8-2)11-4/h1-2H3,(H2,7,8,9,10,11)",JSAYULRNXVSYHK-UHFFFAOYSA-N
246,"2-chloro-4-amino-6-ethylamino-1,3,5- triazine 6",0.683501,841280-35-1,CCNc1nc(N)nc(Cl)n1,,,https://doi.org/10.1016/j.jece.2024.112473,triazine,Heterocycles,"InChI=1S/C5H8ClN5/c1-2-8-5-10-3(6)9-4(7)11-5/h2H2,1H3,(H3,7,8,9,10,11)",IVENSCMCQBJAKW-UHFFFAOYSA-N
247,"2-chloro-4-amino-6-ethylamino-1,3,5- triazine 6",0.502427,841280-35-1,CCNc1nc(N)nc(Cl)n1,3,,https://doi.org/10.1016/j.jece.2024.112473,triazine,Heterocycles,"InChI=1S/C5H8ClN5/c1-2-8-5-10-3(6)9-4(7)11-5/h2H2,1H3,(H3,7,8,9,10,11)",IVENSCMCQBJAKW-UHFFFAOYSA-N
248,"2-chloro-4-ethylamino-6-isopropylamino-1,3,5-triazine 14",1.210624783,102029-43-6,ClC1=NC(=NC(=N1)NCC)NC(C)C,7,,doi.org/10.1016/j.watres.2012.06.006,halogenated,Halogenated organics,"InChI=1S/C8H14ClN5/c1-4-10-7-12-6(9)13-8(14-7)11-5(2)3/h5H,4H2,1-3H3,(H2,10,11,12,13,14)",MXWJVTOOROXGIU-UHFFFAOYSA-N
249,"2-chloro-4-ethylamino-6-isopropylamino-1,3,5-triazine 14",10.47712125,102029-43-6,ClC1=NC(=NC(=N1)NCC)NC(C)C,9,,doi.org/10.1016/j.watres.2012.06.006,halogenated,Halogenated organics,"InChI=1S/C8H14ClN5/c1-4-10-7-12-6(9)13-8(14-7)11-5(2)3/h5H,4H2,1-3H3,(H2,10,11,12,13,14)",MXWJVTOOROXGIU-UHFFFAOYSA-N
250,"2-chloro-4-ethylamino-6-isopropylamino-1,3,5-triazine 14",1.210624783,102029-43-6,ClC1=NC(=NC(=N1)NCC)NC(C)C,7.5,,doi.org/10.1016/j.watres.2012.06.006,halogenated,Halogenated organics,"InChI=1S/C8H14ClN5/c1-4-10-7-12-6(9)13-8(14-7)11-5(2)3/h5H,4H2,1-3H3,(H2,10,11,12,13,14)",MXWJVTOOROXGIU-UHFFFAOYSA-N
251,"2-chloro-4-ethylamino-6-isopropylamino-1,3,5-triazine 14",0.875061263,102029-43-6,C1(NC(C)C)=NC(=NC(NCC)=N1)Cl,2.5,,doi.org/10.1016/j.watres.2012.06.006,halogenated,Halogenated organics,"InChI=1S/C8H14ClN5/c1-4-10-7-12-6(9)13-8(14-7)11-5(2)3/h5H,4H2,1-3H3,(H2,10,11,12,13,14)",MXWJVTOOROXGIU-UHFFFAOYSA-N
252,"2-chloro-4-ethylamino-6-isopropylamino-1,3,5-triazine 14",1.380211242,102029-43-6,C1(NC(C)C)=NC(=NC(NCC)=N1)Cl,4,,doi.org/10.1016/j.watres.2012.06.006,halogenated,Halogenated organics,"InChI=1S/C8H14ClN5/c1-4-10-7-12-6(9)13-8(14-7)11-5(2)3/h5H,4H2,1-3H3,(H2,10,11,12,13,14)",MXWJVTOOROXGIU-UHFFFAOYSA-N
253,"2-chloro-4-ethylamino-6-isopropylamino-1,3,5-triazine 14",1.210624783,102029-43-6,C1(NC(C)C)=NC(=NC(NCC)=N1)Cl,2,,doi.org/10.1016/j.watres.2012.06.006,halogenated,Halogenated organics,"InChI=1S/C8H14ClN5/c1-4-10-7-12-6(9)13-8(14-7)11-5(2)3/h5H,4H2,1-3H3,(H2,10,11,12,13,14)",MXWJVTOOROXGIU-UHFFFAOYSA-N
254,"2-chloro-4-ethylamino-6-isopropylamino-1,3,5-triazine 14",0.897627091,102029-43-6,C1(NC(C)C)=NC(=NC(NCC)=N1)Cl,3,,doi.org/10.1016/j.watres.2012.06.006,halogenated,Halogenated organics,"InChI=1S/C8H14ClN5/c1-4-10-7-12-6(9)13-8(14-7)11-5(2)3/h5H,4H2,1-3H3,(H2,10,11,12,13,14)",MXWJVTOOROXGIU-UHFFFAOYSA-N
255,"2-chloro-4-ethylamino-6-isopropylamino-1,3,5-triazine 14",1.210624783,102029-43-6,C1(NC(C)C)=NC(=NC(NCC)=N1)Cl,4.1,,doi.org/10.1016/j.watres.2012.06.006,halogenated,Halogenated organics,"InChI=1S/C8H14ClN5/c1-4-10-7-12-6(9)13-8(14-7)11-5(2)3/h5H,4H2,1-3H3,(H2,10,11,12,13,14)",MXWJVTOOROXGIU-UHFFFAOYSA-N
256,"2-chloro-4-ethylamino-6-isopropylamino-1,3,5-triazine 14",1.210624783,102029-43-6,C1(NC(C)C)=NC(=NC(NCC)=N1)Cl,5,,doi.org/10.1016/j.watres.2012.06.006,halogenated,Halogenated organics,"InChI=1S/C8H14ClN5/c1-4-10-7-12-6(9)13-8(14-7)11-5(2)3/h5H,4H2,1-3H3,(H2,10,11,12,13,14)",MXWJVTOOROXGIU-UHFFFAOYSA-N
257,"2-chloro-4-ethylamino-6-isopropylamino-1,3,5-triazine 14",1.421603927,102029-43-6,C1(NC(C)C)=NC(=NC(NCC)=N1)Cl,2.8,,doi.org/10.1016/j.watres.2012.06.006,halogenated,Halogenated organics,"InChI=1S/C8H14ClN5/c1-4-10-7-12-6(9)13-8(14-7)11-5(2)3/h5H,4H2,1-3H3,(H2,10,11,12,13,14)",MXWJVTOOROXGIU-UHFFFAOYSA-N
258,"2-chloro-4-ethylamino-6-isopropylamino-1,3,5-triazine 14",1.210624783,102029-43-6,C1(NC(C)C)=NC(=NC(NCC)=N1)Cl,9,,doi.org/10.1016/j.watres.2012.06.006,halogenated,Halogenated organics,"InChI=1S/C8H14ClN5/c1-4-10-7-12-6(9)13-8(14-7)11-5(2)3/h5H,4H2,1-3H3,(H2,10,11,12,13,14)",MXWJVTOOROXGIU-UHFFFAOYSA-N
259,"2-chloro-4-ethylamino-6-isopropylamino-1,3,5-triazine 14",1.113943352,102029-43-6,C1(NC(C)C)=NC(=NC(NCC)=N1)Cl,4.2,,doi.org/10.1016/j.watres.2012.06.006,halogenated,Halogenated organics,"InChI=1S/C8H14ClN5/c1-4-10-7-12-6(9)13-8(14-7)11-5(2)3/h5H,4H2,1-3H3,(H2,10,11,12,13,14)",MXWJVTOOROXGIU-UHFFFAOYSA-N
260,"2-chloro-4-ethylamino-6-t-butylamino- 1,3,5-triazine 16",0.947924,886-50-0,CCNc1nc(Cl)nc(NC(C)(C)C)n1,3,,https://doi.org/10.1016/j.jece.2024.112473,alkane,Aliphatic hydrocarbons,"InChI=1S/C9H16ClN5/c1-5-11-7-12-6(10)13-8(14-7)15-9(2,3)4/h5H2,1-4H3,(H2,11,12,13,14,15)",FZXISNSWEXTPMF-UHFFFAOYSA-N
261,2-cyclopenten-1-one,3.62324929,28982-58-3,C1CC(=O)C=C1,2.3,,https://doi.org/10.1021/acs.est.4c07119,cyclo,Aromatic & PAHs,"InChI=1S/C5H6O/c6-5-3-1-2-4-5/h1,3H,2,4H2",BZKFMUIJRXWWQK-UHFFFAOYSA-N
262,2-ethynylbenzaldehyde,2.204119983,38846-64-9,C#CC1=CC=CC=C1C=O,2.3,,https://doi.org/10.1021/acs.est.4c07119,cyclo,Aromatic & PAHs,"InChI=1S/C9H6O/c1-2-8-5-3-4-6-9(8)7-10/h1,3-7H",ZEDSAJWVTKUHHK-UHFFFAOYSA-N
263,2-hydroxy phenol (catechol),7.334453751,120-80-9,C1=CC=C(C(=C1)O)O,7,,10.1021/acs.iecr.9b00337,halogenated,Halogenated organics,"InChI=1S/C6H6O2/c7-5-3-1-2-4-6(5)8/h1-4,7-8H",YCIMNLLNPGFGHC-UHFFFAOYSA-N
264,2-isopropyl-3- methoxypyrazine,1.700703717,25773-40-4,CC(C)C1=NC=CN=C1OC,,,doi.org/10.1016/j.watres.2012.06.006,alcohol,Oxygenated organics,"InChI=1S/C8H12N2O/c1-6(2)7-8(11-3)10-5-4-9-7/h4-6H,1-3H3",NTOPKICPEQUPPH-UHFFFAOYSA-N
265,2-methyl phenol,3.141369421,84989-04-8,CC1=CC=CC=C1O,7,,10.1016/j.scitotenv.2020.136816,cyclo,Aromatic & PAHs,"InChI=1S/C7H8O/c1-6-4-2-3-5-7(6)8/h2-5,8H,1H3",QWVGKYWNOKOFNN-UHFFFAOYSA-N
266,2-methyl-1-butene,3.932027064,563-46-2,CCC(=C)C,,,10.1002/kin.10093,alkane,Aliphatic hydrocarbons,"InChI=1S/C5H10/c1-4-5(2)3/h2,4H2,1,3H3",MHNNAWXXUZQSNM-UHFFFAOYSA-N
267,2-methyl-2-pentene,5.436795333,625-27-4,CCC=C(C)C,,,https://doi.org/10.1021/jp211480x,alkane,Aliphatic hydrocarbons,"InChI=1S/C6H12/c1-4-5-6(2)3/h5H,4H2,1-3H3",JMMZCWZIJXAGKW-UHFFFAOYSA-N
268,2-methyl-3-buten-1-ol,3.352606954,4516-90-9,CC(CO)C=C,,,https://doi.org/10.1016/j.atmosenv.2010.09.047,alkane,Aliphatic hydrocarbons,"InChI=1S/C5H10O/c1-3-5(2)4-6/h3,5-6H,1,4H2,2H3",NVGOATMUHKIQQG-UHFFFAOYSA-N
269,2-methyl-4-penten-2-ol,3.41015275,624-97-5,CC(C)(CC=C)O,,,https://doi.org/10.1016/j.atmosenv.2021.118394,alkane,Aliphatic hydrocarbons,"InChI=1S/C6H12O/c1-4-5-6(2,3)7/h4,7H,1,5H2,2-3H3",UYOPRNGQFQWYER-UHFFFAOYSA-N
270,2-methyloxazole,4.672097858,23012-10-4,CC1=NC=CO1,7,,https://doi.org/10.1021/acs.est.5c01323,alkane,Aliphatic hydrocarbons,"InChI=1S/C4H5NO/c1-4-5-2-3-6-4/h2-3H,1H3",ZCHCHJQEWYIJDQ-UHFFFAOYSA-N
271,2-nitrophenol,7.146128036,88-75-5,C1=CC=C(C(=C1)[N+](=O)[O-])O,,,https://doi.org/10.1016/0043-1354(83)90098-2,halogenated,Halogenated organics,"InChI=1S/C6H5NO3/c8-6-4-2-1-3-5(6)7(9)10/h1-4,8H",IQUPABOKLQSFBK-UHFFFAOYSA-N
272,2′-Deoxyadenosine,1.15,4754-39-6,NC1=NC=NC2=C1N=CN2[C@H]3[C@H](O)[C@H](O)[C@@H](C)O3,2,,https://doi.org/10.1039/B009388M.,cyclo,Aromatic & PAHs,"InChI=1S/C10H13N5O3/c1-4-6(16)7(17)10(18-4)15-3-14-5-8(11)12-2-13-9(5)15/h2-4,6-7,10,16-17H,1H3,(H2,11,12,13)/t4-,6-,7-,10-/m1/s1",XGYIMTFOTBMPFP-KQYNXXCUSA-N
273,3'-Chloropropiophenone,2.47,34841-36-6,CCC(=O)c1cccc(Cl)c1,,,https://doi.org/10.1016/j.jece.2024.112473,benzene,Aromatic & PAHs,"InChI=1S/C9H9ClO/c1-2-9(11)7-4-3-5-8(10)6-7/h3-6H,2H2,1H3",PQWGFUFROKIJBO-UHFFFAOYSA-N
274,"3,4,5-Trimethoxybenzoic",6.39,1185297-87-3,CCOC(=O)c1cc(OC)c(OC)c(OC)c1,,,https://doi.org/10.1016/j.jece.2024.112473,alcohol,Oxygenated organics,"InChI=1S/C12H16O5/c1-5-17-12(13)8-6-9(14-2)11(16-4)10(7-8)15-3/h6-7H,5H2,1-4H3",UEOFNBCUGJADBM-UHFFFAOYSA-N
275,"3,4-(CH3)2C6H3OH",5.041392685,95-65-8,OC1=CC=C(C)C(C)=C1,2.8,,NIST,alcohol,Oxygenated organics,"InChI=1S/C8H10O/c1-6-3-4-8(9)5-7(6)2/h3-5,9H,1-2H3",YCOXTKKNXUZSKD-UHFFFAOYSA-N
276,"3,4-Dichloroaniline",-1.468,95-76-1,C1=CC(=C(C=C1N)Cl)Cl,,,10.1016/j.chemosphere.2014.05.068,halogenated,Halogenated organics,"InChI=1S/C6H5Cl2N/c7-5-2-1-4(9)3-6(5)8/h1-3H,9H2",SDYWXFYBZPNOFX-UHFFFAOYSA-N
277,"3,4-Dichlorobutene-1",-1.581698709,310447-99-5,C=CC(CCl)Cl,,,10.1007/s10975-005-0142-4,halogenated,Halogenated organics,"InChI=1S/C4H6Cl2/c1-2-4(6)3-5/h2,4H,1,3H2",XVEASTGLHPVZNA-UHFFFAOYSA-N
278,"3,4-dihydroxybenzoic acid",6.25,99-50-3,C1=CC(=C(C=C1C(=O)O)O)O,7,,10.1016/j.scitotenv.2020.136816,diol,Polyfunctional / highly functionalized,"InChI=1S/C7H6O4/c8-5-2-1-4(7(10)11)3-6(5)9/h1-3,8-9H,(H,10,11)",YQUVCSBJEUQKSH-UHFFFAOYSA-N
279,"3,4-dimethoxy benzene",4.576754995,6380-23-0,COC1=CC(C=C)=CC=C1OC,,,doi.org/10.1016/j.watres.2012.06.006,diol,Polyfunctional / highly functionalized,"InChI=1S/C10H12O2/c1-4-8-5-6-9(11-2)10(7-8)12-3/h4-7H,1H2,2-3H3",NJXYTXADXSRFTJ-UHFFFAOYSA-N
280,"3,4-dimethyl phenol",4.922206277,95-65-8,CC1=C(C=C(C=C1)O)C,,,doi.org/10.1016/j.watres.2012.06.006,alkane,Aliphatic hydrocarbons,"InChI=1S/C8H10O/c1-6-3-4-8(9)5-7(6)2/h3-5,9H,1-2H3",YCOXTKKNXUZSKD-UHFFFAOYSA-N
281,3-(Dimethylaminomethyl)indole,9.56,13129-67-4,CN(C)Cc1c[nH]c2ccccc12,,,https://doi.org/10.1016/j.jece.2024.112473,cyclo,Aromatic & PAHs,"InChI=1S/C11H14N2/c1-13(2)8-9-7-12-11-6-4-3-5-10(9)11/h3-7,12H,8H2,1-2H3",OCDGBSUVYYVKQZ-UHFFFAOYSA-N
282,3-Bromopropene,-1.15490196,106-95-6,C=CCBr,,,10.1007/s10975-005-0142-4,halogenated,Halogenated organics,"InChI=1S/C3H5Br/c1-2-3-4/h2H,1,3H2",BHELZAPQIKSEDF-UHFFFAOYSA-N
283,3-CH3 aniline,7.274157849,108-44-1,NC1=CC=CC(C)=C1,,,doi.org/10.1016/j.watres.2012.06.006,cyclo,Aromatic & PAHs,"InChI=1S/C7H9N/c1-6-3-2-4-7(8)5-6/h2-5H,8H2,1H3",JJYPMNFTHPTTDI-UHFFFAOYSA-N
284,3-CH3C6H4OH,3.792391689,108-39-4,OC1=CC=CC(C)=C1,2.8,,NIST,alcohol,Oxygenated organics,"InChI=1S/C7H8O/c1-6-3-2-4-7(8)5-6/h2-5,8H,1H3",RLSSMJSEOOYNOY-UHFFFAOYSA-N
285,3-CH3C6H4OH,4.113943352,108-39-4,OC1=CC=CC(C)=C1,1.5,,NIST,alcohol,Oxygenated organics,"InChI=1S/C7H8O/c1-6-3-2-4-7(8)5-6/h2-5,8H,1H3",RLSSMJSEOOYNOY-UHFFFAOYSA-N
286,3-Chlorocatechol,3.56,201740-93-4,Oc1cccc(Cl)c1O,,,https://doi.org/10.1016/j.jece.2024.112473,alcohol,Oxygenated organics,"InChI=1S/C6H5ClO2/c7-4-2-1-3-5(8)6(4)9/h1-3,8-9H",GQKDZDYQXPOXEM-UHFFFAOYSA-N
287,3-Cl aniline,6.894316063,108-42-9,NC1=CC=CC(Cl)=C1,,,doi.org/10.1016/j.watres.2012.06.006,cyclo,Aromatic & PAHs,"InChI=1S/C6H6ClN/c7-5-2-1-3-6(8)4-5/h1-4H,8H2",PNPCRKVUWYDDST-UHFFFAOYSA-N
288,3-F aniline,6.909556029,372-19-0,NC1=CC=CC(F)=C1,,,doi.org/10.1016/j.watres.2012.06.006,cyclo,Aromatic & PAHs,"InChI=1S/C6H6FN/c7-5-2-1-3-6(8)4-5/h1-4H,8H2",QZVQQUVWFIZUBQ-UHFFFAOYSA-N
289,3-Hexenoic acid,1.53,1577-18-0,CC/C=C/CC(=O)O,,,https://doi.org/10.1016/j.jece.2024.112473,alkane,Aliphatic hydrocarbons,"InChI=1S/C6H10O2/c1-2-3-4-5-6(7)8/h3-4H,2,5H2,1H3,(H,7,8)/b4-3+",XXHDAWYDNSXJQM-ONEGZZNKSA-N
290,3-I aniline,6.870403905,626-01-7,IC1=CC=CC(=C1)N,,,doi.org/10.1016/j.watres.2012.06.006,halogenated,Halogenated organics,"InChI=1S/C6H6IN/c7-5-2-1-3-6(8)4-5/h1-4H,8H2",FFCSRWGYGMRBGD-UHFFFAOYSA-N
291,3-Methylphenol,4.11,41701-84-2,Cc1cccc(O)c1,,,https://doi.org/10.1016/j.jece.2024.112473,benzene,Aromatic & PAHs,"InChI=1S/C7H8O/c1-6-3-2-4-7(8)5-6/h2-5,8H,1H3",RLSSMJSEOOYNOY-UHFFFAOYSA-N
292,3-NO2 aniline,6.376576957,99-09-2,NC1CC(CCC1)[N+](=O)[O-],,,doi.org/10.1016/j.watres.2012.06.006,halogenated,Halogenated organics,"InChI=1S/C6H12N2O2/c7-5-2-1-3-6(4-5)8(9)10/h5-6H,1-4,7H2",AZLDSDRGFNCMTR-UHFFFAOYSA-N
293,3-aminophenol,7.217483944,591-27-5,C1=CC(=CC(=C1)O)N,7,,10.1021/acs.iecr.9b00337,halogenated,Halogenated organics,"InChI=1S/C6H7NO/c7-5-2-1-3-6(8)4-5/h1-4,8H,7H2",CWLKGDAVCFYWJK-UHFFFAOYSA-N
294,3-buten-1-ol,5.556302501,627-27-0,C=CCCO,2.3,,https://doi.org/10.1021/acs.est.4c07119,halogenated,Halogenated organics,"InChI=1S/C4H8O/c1-2-3-4-5/h2,5H,1,3-4H2",ZSPTYLOMNJNZNG-UHFFFAOYSA-N
295,3-buten-2-ol,4.995635195,598-32-3,CC(C=C)O,2.3,,https://doi.org/10.1021/acs.est.4c07119,alkane,Aliphatic hydrocarbons,"InChI=1S/C4H8O/c1-3-4(2)5/h3-5H,1H2,2H3",MKUWVMRNQOOSAT-UHFFFAOYSA-N
296,3-buten-2-one,3.431041945,78-94-4,CC(=O)C=C,,,https://doi.org/10.1002/cphc.201000404,alkane,Aliphatic hydrocarbons,"InChI=1S/C4H6O/c1-3-4(2)5/h3H,1H2,2H3",FUSUHKVFWTUUBE-UHFFFAOYSA-N
297,3-butyn-1-ol,2.69019608,927-74-2,C#CCCO,2.3,,https://doi.org/10.1021/acs.est.4c07119,halogenated,Halogenated organics,"InChI=1S/C4H6O/c1-2-3-4-5/h1,5H,3-4H2",OTJZCIYGRUNXTP-UHFFFAOYSA-N
298,3-butynoic acid,2.792391689,2345-51-9,C#CCC(=O)O,7,,https://doi.org/10.1021/acs.est.4c07119,halogenated,Halogenated organics,"InChI=1S/C4H4O2/c1-2-3-4(5)6/h1H,3H2,(H,5,6)",KKAHGSQLSTUDAV-UHFFFAOYSA-N
299,3-butynoic acid,2.301029996,2345-51-9,C#CCC(=O)O,2.3,,https://doi.org/10.1021/acs.est.4c07119,halogenated,Halogenated organics,"InChI=1S/C4H4O2/c1-2-3-4(5)6/h1H,3H2,(H,5,6)",KKAHGSQLSTUDAV-UHFFFAOYSA-N
300,3-chlorophenol,7.025305865,108-43-0,C1=CC(=CC(=C1)Cl)O,7,,10.1021/acs.iecr.9b00337,halogenated,Halogenated organics,"InChI=1S/C6H5ClO/c7-5-2-1-3-6(8)4-5/h1-4,8H",HORNXRXVQWOLPJ-UHFFFAOYSA-N
301,3-hydroxy (resorcinol)phenol,4.922766,1190021-40-9,Oc1cccc(O)c1,,,https://doi.org/10.1016/j.jece.2024.112473,alcohol,Oxygenated organics,"InChI=1S/C6H6O2/c7-5-2-1-3-6(8)4-5/h1-4,7-8H",GHMLBKRAJCXXBS-UHFFFAOYSA-N
302,3-hydroxy phenol (resorcinol),5.988558957,108-46-3,OC1=CC=CC(O)=C1,7,,10.1021/acs.iecr.9b00337,alcohol,Oxygenated organics,"InChI=1S/C6H6O2/c7-5-2-1-3-6(8)4-5/h1-4,7-8H",GHMLBKRAJCXXBS-UHFFFAOYSA-N
303,3-methoxyphenol,6.344392274,150-19-6,COC1=CC=CC(=C1)O,7,,10.1021/acs.iecr.9b00337,alcohol,Oxygenated organics,"InChI=1S/C7H8O2/c1-9-7-4-2-3-6(8)5-7/h2-5,8H,1H3",ASHGTJPOSUFTGB-UHFFFAOYSA-N
304,3-methyl phenol,4.180325015,155174-22-4,CC1=CC(=CC=C1)O,,,doi.org/10.1016/j.watres.2012.06.006,alkane,Aliphatic hydrocarbons,"InChI=1S/C7H8O/c1-6-3-2-4-7(8)5-6/h2-5,8H,1H3",RLSSMJSEOOYNOY-UHFFFAOYSA-N
305,3-methyl phenol (m-cresol),6.629409599,108-39-4,OC1=CC=CC(C)=C1,7,,10.1021/acs.iecr.9b00337,alcohol,Oxygenated organics,"InChI=1S/C7H8O/c1-6-3-2-4-7(8)5-6/h2-5,8H,1H3",RLSSMJSEOOYNOY-UHFFFAOYSA-N
306,3-methyl-1-butene,3.757927183,563-45-1,CC(C)C=C,,,10.1002/(SICI)1097-4601(1996)28:6<461::AID-KIN8>3.0.CO;2-T,alkane,Aliphatic hydrocarbons,"InChI=1S/C5H10/c1-4-5(2)3/h4-5H,1H2,2-3H3",YHQXBTXEYZIYOV-UHFFFAOYSA-N
307,3-methyl-3-buten-1-ol,3.612249664,781-03-3,CC(=C)CCO,,,https://doi.org/10.1016/j.atmosenv.2010.09.047,alkane,Aliphatic hydrocarbons,"InChI=1S/C5H10O/c1-5(2)3-4-6/h6H,1,3-4H2,2H3",CPJRRXSHAYUTGL-UHFFFAOYSA-N
308,3-methyl-3-buten-2-one,3.851622758,814-78-8,CC(=C)C(=O)C,,,10.1039/c4cp05461j,alkane,Aliphatic hydrocarbons,"InChI=1S/C5H8O/c1-4(2)5(3)6/h1H2,2-3H3",ZGHFDIIVVIFNPS-UHFFFAOYSA-N
309,3-methyl-3-penten-2-one,4.389325592,565-62-8,CC=C(C)C(=O)C,,,10.1039/c4cp05461j,alkane,Aliphatic hydrocarbons,"InChI=1S/C6H10O/c1-4-5(2)6(3)7/h4H,1-3H3",ZAMCMCQRTZKGDX-UHFFFAOYSA-N
310,3-methylindole,5.725911632,83-34-1,CC1=CNC2=CC=CC=C12,8,,10.1016/j.scitotenv.2020.136816,cyclo,Aromatic & PAHs,"InChI=1S/C9H9N/c1-7-6-10-9-5-3-2-4-8(7)9/h2-6,10H,1H3",ZFRKQXVRDFCRJG-UHFFFAOYSA-N
311,3-methylindole,5.716837723,83-34-1,CC1=CNC2=CC=CC=C12,10,,10.1016/j.scitotenv.2020.136816,cyclo,Aromatic & PAHs,"InChI=1S/C9H9N/c1-7-6-10-9-5-3-2-4-8(7)9/h2-6,10H,1H3",ZFRKQXVRDFCRJG-UHFFFAOYSA-N
312,3-methylindole,5.643452676,83-34-1,CC1=CNC2=CC=CC=C12,5,,10.1016/j.scitotenv.2020.136816,cyclo,Aromatic & PAHs,"InChI=1S/C9H9N/c1-7-6-10-9-5-3-2-4-8(7)9/h2-6,10H,1H3",ZFRKQXVRDFCRJG-UHFFFAOYSA-N
313,3-methylindole,5.692846919,83-34-1,CC1=CNC2=CC=CC=C12,9,,10.1016/j.scitotenv.2020.136816,cyclo,Aromatic & PAHs,"InChI=1S/C9H9N/c1-7-6-10-9-5-3-2-4-8(7)9/h2-6,10H,1H3",ZFRKQXVRDFCRJG-UHFFFAOYSA-N
314,3-methylindole,5.629409599,83-34-1,CC1=CNC2=CC=CC=C12,4,,10.1016/j.scitotenv.2020.136816,cyclo,Aromatic & PAHs,"InChI=1S/C9H9N/c1-7-6-10-9-5-3-2-4-8(7)9/h2-6,10H,1H3",ZFRKQXVRDFCRJG-UHFFFAOYSA-N
315,3-methylindole,5.613841822,83-34-1,CC1=CNC2=CC=CC=C12,3,,10.1016/j.scitotenv.2020.136816,cyclo,Aromatic & PAHs,"InChI=1S/C9H9N/c1-7-6-10-9-5-3-2-4-8(7)9/h2-6,10H,1H3",ZFRKQXVRDFCRJG-UHFFFAOYSA-N
316,3-methylindole,5.753583059,83-34-1,CC1=CNC2=CC=CC=C12,6,,10.1016/j.scitotenv.2020.136816,cyclo,Aromatic & PAHs,"InChI=1S/C9H9N/c1-7-6-10-9-5-3-2-4-8(7)9/h2-6,10H,1H3",ZFRKQXVRDFCRJG-UHFFFAOYSA-N
317,3-methylindole,5.728770629,83-34-1,CC1=CNC2=CC=CC=C12,7,,10.1016/j.scitotenv.2020.136816,cyclo,Aromatic & PAHs,"InChI=1S/C9H9N/c1-7-6-10-9-5-3-2-4-8(7)9/h2-6,10H,1H3",ZFRKQXVRDFCRJG-UHFFFAOYSA-N
318,3-nitrophenol,6.167317335,554-84-7,C1=CC(=CC(=C1)O)[N+](=O)[O-],7,,10.1021/acs.iecr.9b00337,halogenated,Halogenated organics,"InChI=1S/C6H5NO3/c8-6-3-1-2-5(4-6)7(9)10/h1-4,8H",RTZZCYNQPHTPPL-UHFFFAOYSA-N
319,3-penten-2-one,4.323808796,625-33-2,C/C=C/C(=O)C,,,https://doi.org/10.1002/kin.550240905,halogenated,Halogenated organics,"InChI=1S/C5H8O/c1-3-4-5(2)6/h3-4H,1-2H3/b4-3+",LABTWGUMFABVFG-ONEGZZNKSA-N
320,4-Acetylamino-n-(5-methyl-3- isoxazolyl)benzenesulfonamide,1.3,169306-48-3,CC(=O)Nc1ccc(S(=O)(=O)Nc2cc(C)on2)cc1,,,https://doi.org/10.1016/j.jece.2024.112473,amide,Nitrogen-containing organics,"InChI=1S/C12H13N3O4S/c1-8-7-12(14-19-8)15-20(17,18)11-5-3-10(4-6-11)13-9(2)16/h3-7H,1-2H3,(H,13,16)(H,14,15)",GXPIUNZCALHVBA-UHFFFAOYSA-N
321,"4-Amino-3,5,6-trichloro-2-pyridinecarboxylate ion",2.146128036,35832-11-2,ClC1=C(Cl)C(N)=C(Cl)C(C(O)=O)=N1,7,,NIST,halogenated,Halogenated organics,"InChI=1S/C6H3Cl3N2O2/c7-1-3(10)2(8)5(9)11-4(1)6(12)13/h(H2,10,11)(H,12,13)",NQQVFXUMIDALNH-UHFFFAOYSA-N
322,4-CH3C6H4OH,4.477121255,106-44-5,OC1=CC=C(C)C=C1,1.5,,NIST,alcohol,Oxygenated organics,"InChI=1S/C7H8O/c1-6-2-4-7(8)5-3-6/h2-5,8H,1H3",IWDCLRJOBJJRNH-UHFFFAOYSA-N
323,4-CH3C6H4OH,4.176091259,106-44-5,OC1=CC=C(C)C=C1,2.8,,NIST,alcohol,Oxygenated organics,"InChI=1S/C7H8O/c1-6-2-4-7(8)5-3-6/h2-5,8H,1H3",IWDCLRJOBJJRNH-UHFFFAOYSA-N
324,4-Chloro-2-methylphenoxy,1.62324929,94-74-6,O=C(O)COC1=CC=C(Cl)C=C1C,7.5,,NIST,alcohol,Oxygenated organics,"InChI=1S/C9H9ClO3/c1-6-4-7(10)2-3-8(6)13-5-9(11)12/h2-4H,5H2,1H3,(H,11,12)",WHKUVVPPKQRRBV-UHFFFAOYSA-N
325,4-Chlorobenzophenone,-0.4,64357-55-7,O=C(c1ccccc1)c1ccc(Cl)cc1,,,https://doi.org/10.1016/j.jece.2024.112473,benzene,Aromatic & PAHs,InChI=1S/C13H9ClO/c14-12-8-6-11(7-9-12)13(15)10-4-2-1-3-5-10/h1-9H,UGVRJVHOJNYEHR-UHFFFAOYSA-N
326,4-Chloroguaiacol,4.58,16766-30-6,COc1cc(Cl)ccc1O,,,https://doi.org/10.1016/j.jece.2024.112473,alcohol,Oxygenated organics,"InChI=1S/C7H7ClO2/c1-10-7-4-5(8)2-3-6(7)9/h2-4,9H,1H3",FVZQMMMRFNURSH-UHFFFAOYSA-N
327,4-Chlorophenol,2.78,1235439-85-6,Oc1ccc(Cl)cc1,,,https://doi.org/10.1016/j.jece.2024.112473,alcohol,Oxygenated organics,"InChI=1S/C6H5ClO/c7-5-1-3-6(8)4-2-5/h1-4,8H",WXNZTHHGJRFXKQ-UHFFFAOYSA-N
328,4-Chlorophenol,2.77815125,106-48-9,C1=CC(=CC=C1O)Cl,2,,https://doi.org/10.1016/0043-1354(83)90098-2,halogenated,Halogenated organics,"InChI=1S/C6H5ClO/c7-5-1-3-6(8)4-2-5/h1-4,8H",WXNZTHHGJRFXKQ-UHFFFAOYSA-N
329,4-Chlorophenoxide ion,8.77815125,24573-38-4,[O-]C1CCC(Cl)CC1,,,NIST,benzene,Aromatic & PAHs,"InChI=1S/C6H10ClO/c7-5-1-3-6(8)4-2-5/h5-6H,1-4H2/q-1",UQGJCUXYDIMQCR-UHFFFAOYSA-N
330,4-Cl aniline,6.581580687,106-47-8,ClC1=CC=C(N)C=C1,,,doi.org/10.1016/j.watres.2012.06.006,cyclo,Aromatic & PAHs,"InChI=1S/C6H6ClN/c7-5-1-3-6(8)4-2-5/h1-4H,8H2",QSNSCYSYFYORTR-UHFFFAOYSA-N
331,4-Cl aniline,6.581581,1361497-78-0,Nc1ccc(Cl)cc1,,,https://doi.org/10.1016/j.jece.2024.112473,benzene,Aromatic & PAHs,"InChI=1S/C6H6ClN/c7-5-1-3-6(8)4-2-5/h1-4H,8H2",QSNSCYSYFYORTR-UHFFFAOYSA-N
332,4-Cl-2-CH3C6H3OCH2CO2H,1.84509804,94-74-6,O=C(O)COC1=CC=C(Cl)C=C1C,2,,NIST,alcohol,Oxygenated organics,"InChI=1S/C9H9ClO3/c1-6-4-7(10)2-3-8(6)13-5-9(11)12/h2-4H,5H2,1H3,(H,11,12)",WHKUVVPPKQRRBV-UHFFFAOYSA-N
333,4-ClC6H4OH,2.77815125,106-48-9,C1=CC(=CC=C1O)Cl,,,NIST,halogenated,Halogenated organics,"InChI=1S/C6H5ClO/c7-5-1-3-6(8)4-2-5/h1-4,8H",WXNZTHHGJRFXKQ-UHFFFAOYSA-N
334,4-Dimethylaminoantipyrine,8.23,91419-95-3,Cc1c(N(C)C)c(=O)n(-c2ccccc2)n1C,,,https://doi.org/10.1016/j.jece.2024.112473,alkane,Aliphatic hydrocarbons,"InChI=1S/C13H17N3O/c1-10-12(14(2)3)13(17)16(15(10)4)11-8-6-5-7-9-11/h5-9H,1-4H3",RMMXTBMQSGEXHJ-UHFFFAOYSA-N
335,4-F aniline,7.089905111,371-40-4,FC1=CC=C(N)C=C1,,,doi.org/10.1016/j.watres.2012.06.006,cyclo,Aromatic & PAHs,"InChI=1S/C6H6FN/c7-5-1-3-6(8)4-2-5/h1-4H,8H2",KRZCOLNOCZKSDF-UHFFFAOYSA-N
336,4-I aniline,6.965671971,540-37-4,IC1=CC=C(N)C=C1,,,doi.org/10.1016/j.watres.2012.06.006,cyclo,Aromatic & PAHs,"InChI=1S/C6H6IN/c7-5-1-3-6(8)4-2-5/h1-4H,8H2",VLVCDUSVTXIWGW-UHFFFAOYSA-N
337,4-Methoxy-1-naphtalene sulfonic acid,3.556302501,29878-31-7,CC1=C2N=NNC2=CC=C1,,,doi.org/10.1016/j.watres.2012.06.006,cyclo,Aromatic & PAHs,"InChI=1S/C7H7N3/c1-5-3-2-4-6-7(5)9-10-8-6/h2-4H,1H3,(H,8,9,10)",CMGDVUCDZOBDNL-UHFFFAOYSA-N
338,4-Methoxycinnamic acid 2-ethylhexyl ester,5.95,16387-18-1,CCCC[C@@H](CC)COC(=O)/C=C/c1ccc(OC)cc1,,,https://doi.org/10.1016/j.jece.2024.112473,alcohol,Oxygenated organics,"InChI=1S/C18H26O3/c1-4-6-7-15(5-2)14-21-18(19)13-10-16-8-11-17(20-3)12-9-16/h8-13,15H,4-7,14H2,1-3H3/b13-10+/t15-/m1/s1",YBGZDTIWKVFICR-NRMKIYEFSA-N
339,4-Methylimidazole,6.491361694,822-36-6,CC1=CN=CN1,,,NIST,alkane,Aliphatic hydrocarbons,"InChI=1S/C4H6N2/c1-4-2-5-3-6-4/h2-3H,1H3,(H,5,6)",XLSZMDLNRCVEIJ-UHFFFAOYSA-N
340,4-Methylimidazole,6.5,83413-07-4,Cc1cnc[nH]1,,,https://doi.org/10.1016/j.jece.2024.112473,alkane,Aliphatic hydrocarbons,"InChI=1S/C4H6N2/c1-4-2-5-3-6-4/h2-3H,1H3,(H,5,6)",XLSZMDLNRCVEIJ-UHFFFAOYSA-N
341,4-NO2 aniline,5.112654641,100-01-6,NC1=CC=C([N+]([O-])=O)C=C1,,,doi.org/10.1016/j.watres.2012.06.006,cyclo,Aromatic & PAHs,"InChI=1S/C6H6N2O2/c7-5-1-3-6(4-2-5)8(9)10/h1-4H,7H2",TYMLOMAKGOJONV-UHFFFAOYSA-N
342,4-Nitrophenoxide ion,7.204119983,14609-74-6,[O-]C1CCC(CC1)[N+](=O)[O-],,,NIST,halogenated,Halogenated organics,"InChI=1S/C6H10NO3/c8-6-3-1-5(2-4-6)7(9)10/h5-6H,1-4H2/q-1",QXFIWWCJLIPFLV-UHFFFAOYSA-N
343,4-Nonylphenol,4.58,84852-15-3,CCCCCCCCCc1ccc(O)cc1,,,https://doi.org/10.1016/j.jece.2024.112473,benzene,Aromatic & PAHs,"InChI=1S/C15H24O/c1-2-3-4-5-6-7-8-9-14-10-12-15(16)13-11-14/h10-13,16H,2-9H2,1H3",IGFHQQFPSIBGKE-UHFFFAOYSA-N
344,4-SO2CH3 aniline,4.672097858,5470-49-5,O=S(C1=CC=C(N)C=C1)(C)=O,,,doi.org/10.1016/j.watres.2012.06.006,"sulfide, disulfide",Sulfur-containing organics,"InChI=1S/C7H9NO2S/c1-11(9,10)7-4-2-6(8)3-5-7/h2-5H,8H2,1H3",XJEVFFNOMKXBLU-UHFFFAOYSA-N
345,4-acetamido-2-chloro-6-isopropylamino- s-triazine,-0.853871964,83364-15-2,CC(NC1=NC(NC(C)=O)=NC(Cl)=N1)C,,,doi.org/10.1016/j.watres.2012.06.006,alkane,Aliphatic hydrocarbons,"InChI=1S/C8H12ClN5O/c1-4(2)10-7-12-6(9)13-8(14-7)11-5(3)15/h4H,1-3H3,(H2,10,11,12,13,14,15)",KIGOTEDYNQVLGZ-UHFFFAOYSA-N
346,"4-amino-2,6-dinitrotoluene",5.255272505,19406-51-0,CC1=C(C=C(C=C1[N+](=O)[O-])N)[N+](=O)[O-],,,10.1021/es990189i,alkane,Aliphatic hydrocarbons,"InChI=1S/C7H7N3O4/c1-4-6(9(11)12)2-5(8)3-7(4)10(13)14/h2-3H,8H2,1H3",KQRJATLINVYHEZ-UHFFFAOYSA-N
347,4-chloro 2-methylphenoxyacetic acid,1.068927612,1329835-48-4,O=[13C](O)[13CH2]O[13C]1=CC=[13C](Cl)[13CH]=[13C]1C,2,,10.1080/01919519208552274,halogenated,Halogenated organics,"InChI=1S/C9H9ClO3/c1-6-4-7(10)2-3-8(6)13-5-9(11)12/h2-4H,5H2,1H3,(H,11,12)/i4+1,5+1,6+1,7+1,8+1,9+1",WHKUVVPPKQRRBV-VFESMUGCSA-N
348,4-chloro phenol,6.82672252,106-48-9,C1=CC(=CC=C1O)Cl,7,,doi.org/10.1016/j.watres.2012.06.006,halogenated,Halogenated organics,"InChI=1S/C6H5ClO/c7-5-1-3-6(8)4-2-5/h1-4,8H",WXNZTHHGJRFXKQ-UHFFFAOYSA-N
349,4-chloro phenol,2.77815125,106-48-9,C1=CC(=CC=C1O)Cl,8.77815125,,doi.org/10.1016/j.watres.2012.06.006,halogenated,Halogenated organics,"InChI=1S/C6H5ClO/c7-5-1-3-6(8)4-2-5/h1-4,8H",WXNZTHHGJRFXKQ-UHFFFAOYSA-N
350,4-chloro phenol,3.386855529,106-48-9,C1=CC(=CC=C1O)Cl,3,,doi.org/10.1016/j.watres.2012.06.006,halogenated,Halogenated organics,"InChI=1S/C6H5ClO/c7-5-1-3-6(8)4-2-5/h1-4,8H",WXNZTHHGJRFXKQ-UHFFFAOYSA-N
351,4-chloro phenol,3.200303183,106-48-9,C1=CC(=CC=C1O)Cl,2.5,,doi.org/10.1016/j.watres.2012.06.006,halogenated,Halogenated organics,"InChI=1S/C6H5ClO/c7-5-1-3-6(8)4-2-5/h1-4,8H",WXNZTHHGJRFXKQ-UHFFFAOYSA-N
352,4-chloro phenol,4.282912507,106-48-9,C1=CC(=CC=C1O)Cl,2,,doi.org/10.1016/j.watres.2012.06.006,halogenated,Halogenated organics,"InChI=1S/C6H5ClO/c7-5-1-3-6(8)4-2-5/h1-4,8H",WXNZTHHGJRFXKQ-UHFFFAOYSA-N
353,4-chloro phenolate,8.77815125,1193-00-6,[O-]C1=CC=C(Cl)C=C1.[Na+],,,doi.org/10.1016/j.watres.2012.06.006,cyclo,Aromatic & PAHs,"InChI=1S/C6H5ClO.Na/c7-5-1-3-6(8)4-2-5;/h1-4,8H;/q;+1/p-1",CFPLEOLETMZLIB-UHFFFAOYSA-M
354,4-chloro-2-methyl phenol,5.64,1570-64-5,CC1=C(C=CC(=C1)Cl)O,7,,10.1016/j.scitotenv.2020.136816,alkane,Aliphatic hydrocarbons,"InChI=1S/C7H7ClO/c1-5-4-6(8)2-3-7(5)9/h2-4,9H,1H3",RHPUJHQBPORFGV-UHFFFAOYSA-N
355,4-chloroguaiacol,4.635714907,16766-30-6,COC1=C(C=CC(=C1)Cl)O,2.5,,10.1016/S0304-3894(00)00269-7,alcohol,Oxygenated organics,"InChI=1S/C7H7ClO2/c1-10-7-4-5(8)2-3-6(7)9/h2-4,9H,1H3",FVZQMMMRFNURSH-UHFFFAOYSA-N
356,4-chloroguaiacol,4.592831593,16766-30-6,COC1=C(C=CC(=C1)Cl)O,2,,10.1016/S0304-3894(00)00269-7,alcohol,Oxygenated organics,"InChI=1S/C7H7ClO2/c1-10-7-4-5(8)2-3-6(7)9/h2-4,9H,1H3",FVZQMMMRFNURSH-UHFFFAOYSA-N
357,4-chloroguaiacol,5.140542609,16766-30-6,COC1=C(C=CC(=C1)Cl)O,3,,10.1016/S0304-3894(00)00269-7,alcohol,Oxygenated organics,"InChI=1S/C7H7ClO2/c1-10-7-4-5(8)2-3-6(7)9/h2-4,9H,1H3",FVZQMMMRFNURSH-UHFFFAOYSA-N
358,"4-cyclopentene-1,3-dione",2.361727836,930-60-9,C1C(=O)C=CC1=O,2.3,,https://doi.org/10.1021/acs.est.4c07119,cyclo,Aromatic & PAHs,"InChI=1S/C5H4O2/c6-4-1-2-5(7)3-4/h1-2H,3H2",MCFZBCCYOPSZLG-UHFFFAOYSA-N
359,4-hexen-3-one,4.583878598,2497-21-4,CCC(=O)/C=C/C,,,10.1023/A:1006122000643,alkane,Aliphatic hydrocarbons,"InChI=1S/C6H10O/c1-3-5-6(7)4-2/h3,5H,4H2,1-2H3/b5-3+",FEWIGMWODIRUJM-HWKANZROSA-N
360,4-hydroxy phenol (hydroquinone),6.876794976,123-31-9,OC1=CC=C(O)C=C1,7,,10.1021/acs.iecr.9b00337,alcohol,Oxygenated organics,"InChI=1S/C6H6O2/c7-5-1-2-6(8)4-3-5/h1-4,7-8H",QIGBRXMKCJKVMJ-UHFFFAOYSA-N
361,4-hydroxyl phenol,6.129220024,123-31-9,OC1=CC=C(O)C=C1,7,,10.1016/j.scitotenv.2020.136816,alcohol,Oxygenated organics,"InChI=1S/C6H6O2/c7-5-1-2-6(8)4-3-5/h1-4,7-8H",QIGBRXMKCJKVMJ-UHFFFAOYSA-N
362,4-hydroxyl phenol,6.255272505,123-31-9,OC1=CC=C(O)C=C1,3,,10.1016/j.scitotenv.2020.136816,alcohol,Oxygenated organics,"InChI=1S/C6H6O2/c7-5-1-2-6(8)4-3-5/h1-4,7-8H",QIGBRXMKCJKVMJ-UHFFFAOYSA-N
363,4-methoxy cinnamic acid,5.113943352,830-09-1,COC1=CC=C(C=C1)C=CC(=O)O,,,doi.org/10.1016/j.watres.2012.06.006,alcohol,Oxygenated organics,"InChI=1S/C10H10O3/c1-13-9-5-2-8(3-6-9)4-7-10(11)12/h2-7H,1H3,(H,11,12)",AFDXODALSZRGIH-UHFFFAOYSA-N
364,4-methoxy cinnamic acid (anion),5.832509,1214790-92-7,COc1ccc(/C=C/C(=O)[O-])cc1,,,https://doi.org/10.1016/j.jece.2024.112473,alcohol,Oxygenated organics,"InChI=1S/C10H10O3/c1-13-9-5-2-8(3-6-9)4-7-10(11)12/h2-7H,1H3,(H,11,12)/p-1/b7-4+",AFDXODALSZRGIH-QPJJXVBHSA-M
365,4-methoxyphenol,7.214843848,105-13-5,COC1=CC=C(C=C1)O,7,,10.1021/acs.iecr.9b00337,alcohol,Oxygenated organics,"InChI=1S/C7H8O2/c1-9-7-4-2-6(8)3-5-7/h2-5,8H,1H3",NWVVVBRKAWDGAB-UHFFFAOYSA-N
366,4-methyl phenol,6.041392685,121474-53-1,CC1=CC=C(C=C1)O,7,,10.1021/es803588k,alkane,Aliphatic hydrocarbons,"InChI=1S/C7H8O/c1-6-2-4-7(8)5-3-6/h2-5,8H,1H3",IWDCLRJOBJJRNH-UHFFFAOYSA-N
367,4-methyl phenol,7.041392685,121474-53-1,CC1=CC=C(C=C1)O,8,,10.1021/es803588k,alkane,Aliphatic hydrocarbons,"InChI=1S/C7H8O/c1-6-2-4-7(8)5-3-6/h2-5,8H,1H3",IWDCLRJOBJJRNH-UHFFFAOYSA-N
368,4-methyl phenol (p-cresol),6.865103975,14609-74-6,O=[N+](C1=CCC(O)[C-]=C1)[O-],7,,10.1021/acs.iecr.9b00337,halogenated,Halogenated organics,"InChI=1S/C6H6NO3/c8-6-3-1-5(2-4-6)7(9)10/h1-2,6,8H,3H2/q-1",HYRTYAKNAQFGNY-UHFFFAOYSA-N
369,4-methyl-1-penten,3.751479265,691-37-2,CC(C)CC=C,,,https://doi.org/10.1039/B919731A,alkane,Aliphatic hydrocarbons,"InChI=1S/C6H12/c1-4-5-6(2)3/h4,6H,1,5H2,2-3H3",WSSSPWUEQFSQQG-UHFFFAOYSA-N
370,4-methyl-3-penten-2-one,3.665017825,141-79-7,CC(=CC(=O)C)C,,,https://doi.org/10.1016/j.atmosenv.2021.118394,alkane,Aliphatic hydrocarbons,"InChI=1S/C6H10O/c1-5(2)4-6(3)7/h4H,1-3H3",SHOJXDKTYKFBRD-UHFFFAOYSA-N
371,4-methyl-benzotriazole,2.892094603,1219151-49-1,CC1=CC=CC2=NNN=C12,,,doi.org/10.1016/j.watres.2012.06.006,cyclo,Aromatic & PAHs,"InChI=1S/C7H7N3/c1-5-3-2-4-6-7(5)9-10-8-6/h2-4H,1H3,(H,8,9,10)",CMGDVUCDZOBDNL-UHFFFAOYSA-N
372,4-n-Nonylphenol,4.58,104-40-5,CCCCCCCCCC1=CC=C(C=C1)O,5,,https://doi.org/10.1021/es068007p.,alkane,Aliphatic hydrocarbons,"InChI=1S/C15H24O/c1-2-3-4-5-6-7-8-9-14-10-12-15(16)13-11-14/h10-13,16H,2-9H2,1H3",IGFHQQFPSIBGKE-UHFFFAOYSA-N
373,4-n-nonylphenol,5.94398,84852-15-3,CCCCCCCCCc1ccc(O)cc1,,,https://doi.org/10.1016/j.jece.2024.112473,benzene,Aromatic & PAHs,"InChI=1S/C15H24O/c1-2-3-4-5-6-7-8-9-14-10-12-15(16)13-11-14/h10-13,16H,2-9H2,1H3",IGFHQQFPSIBGKE-UHFFFAOYSA-N
374,4-n-nonylphenolate,9.834421,93776-65-9,CCCCCCCCCc1ccc([O-])cc1,,,https://doi.org/10.1016/j.jece.2024.112473,benzene,Aromatic & PAHs,"InChI=1S/C15H24O/c1-2-3-4-5-6-7-8-9-14-10-12-15(16)13-11-14/h10-13,16H,2-9H2,1H3/p-1",IGFHQQFPSIBGKE-UHFFFAOYSA-M
375,4-nitro phenolate,7.204119983,14609-74-6,O=[N+](C1=CCC(O)[C-]=C1)[O-],,,doi.org/10.1016/j.watres.2012.06.006,halogenated,Halogenated organics,"InChI=1S/C6H6NO3/c8-6-3-1-5(2-4-6)7(9)10/h1-2,6,8H,3H2/q-1",HYRTYAKNAQFGNY-UHFFFAOYSA-N
376,4-nitro-cinnamic acid (anion),5.079181246,619-89-6,OC(C=CC1=CC=C([N+]([O-])=O)C=C1)=O,,,doi.org/10.1016/j.watres.2012.06.006,diol,Polyfunctional / highly functionalized,"InChI=1S/C9H7NO4/c11-9(12)6-3-7-1-4-8(5-2-7)10(13)14/h1-6H,(H,11,12)",XMMRNCHTDONGRJ-UHFFFAOYSA-N
377,4-nitrophenol,6.6599162,89830-32-0,C1=CC(=CC=C1[N+](=O)[O-])O,7,,10.1021/acs.iecr.9b00337,halogenated,Halogenated organics,"InChI=1S/C6H5NO3/c8-6-3-1-5(2-4-6)7(9)10/h1-4,8H",BTJIUGUIPKRLHP-UHFFFAOYSA-N
378,4-oxazolecarboxaldehyde,2.954242509,118994-84-6,C1=C(N=CO1)C=O,7,,https://doi.org/10.1021/acs.est.5c01323,halogenated,Halogenated organics,InChI=1S/C4H3NO2/c6-1-4-2-7-3-5-4/h1-3H,JBWIIXBEPINWPB-UHFFFAOYSA-N
379,4-penten-2-ol,3.512016969,625-31-0,CC(CC=C)O,,,https://doi.org/10.1016/j.atmosenv.2021.118394,alkane,Aliphatic hydrocarbons,"InChI=1S/C5H10O/c1-3-4-5(2)6/h3,5-6H,1,4H2,2H3",ZHZCYWWNFQUZOR-UHFFFAOYSA-N
380,5-Chloro-2-methylbenzylamine,-0.653,27917-13-1,CC1=C(C=C(C=C1)Cl)CN,,,10.1016/j.chemosphere.2014.05.068,alkane,Aliphatic hydrocarbons,"InChI=1S/C8H10ClN/c1-6-2-3-8(9)4-7(6)5-10/h2-4H,5,10H2,1H3",WXDWGQCDPGFBEN-UHFFFAOYSA-N
381,5-Chlorouracil,3.63,1185171-08-7,O=c1[nH]cc(Cl)c(=O)[nH]1,,,https://doi.org/10.1016/j.jece.2024.112473,halogenated,Halogenated organics,"InChI=1S/C4H3ClN2O2/c5-2-1-6-4(9)7-3(2)8/h1H,(H2,6,7,8,9)",ZFTBZKVVGZNMJR-UHFFFAOYSA-N
382,"6-Acetyl-1,1,2,4,4,7-hexamethyltetralin",2.15,2084-69-7,CC(=O)c1cc2c(cc1C)C(C)(C)[C@H](C)CC2(C)C,,,https://doi.org/10.1016/j.jece.2024.112473,cyclo,Aromatic & PAHs,"InChI=1S/C18H26O/c1-11-8-16-15(9-14(11)13(3)19)17(4,5)10-12(2)18(16,6)7/h8-9,12H,10H2,1-7H3/t12-/m1/s1",DNRJTBAOUJJKDY-GFCCVEGCSA-N
383,6-Methyluracil,2.15,60484-35-7,Cc1cc(=O)[nH]c(=O)[nH]1,,,https://doi.org/10.1016/j.jece.2024.112473,alkane,Aliphatic hydrocarbons,"InChI=1S/C5H6N2O2/c1-3-2-4(8)7-5(9)6-3/h2H,1H3,(H2,6,7,8,9)",SHVCSCWHWMSGTE-UHFFFAOYSA-N
384,AcGly,-0.522878745,543-24-8,O=C(O)CNC(C)=O,3.7,,NIST,halogenated,Halogenated organics,"InChI=1S/C4H7NO3/c1-3(6)5-2-4(7)8/h2H2,1H3,(H,5,6)(H,7,8)",OKJIRPAQVSHGFK-UHFFFAOYSA-N
385,AcGly,0.230448921,543-24-8,O=C(O)CNC(C)=O,6.5,,NIST,halogenated,Halogenated organics,"InChI=1S/C4H7NO3/c1-3(6)5-2-4(7)8/h2H2,1H3,(H,5,6)(H,7,8)",OKJIRPAQVSHGFK-UHFFFAOYSA-N
386,AcHis,5.929418926,2497-02-1,OC([C@@H](NC(C)=O)CC1=CNC=N1)=O,4.5~5.9,,NIST,diol,Polyfunctional / highly functionalized,"InChI=1S/C8H11N3O3/c1-5(12)11-7(8(13)14)2-6-3-9-4-10-6/h3-4,7H,2H2,1H3,(H,9,10)(H,11,12)(H,13,14)/t7-/m0/s1",KBOJOGQFRVVWBH-ZETCQYMHSA-N
387,AcSer,1.146128036,16354-58-8,OC[C@@H](C(O)=O)NC(C)=O,6.8,,NIST,diol,Polyfunctional / highly functionalized,"InChI=1S/C5H9NO4/c1-3(8)6-4(2-7)5(9)10/h4,7H,2H2,1H3,(H,6,8)(H,9,10)/t4-/m0/s1",JJIHLJJYMXLCOY-BYPYZUCNSA-N
388,AcSer,0.763427994,16354-58-8,OC[C@@H](C(O)=O)NC(C)=O,6.3,,NIST,diol,Polyfunctional / highly functionalized,"InChI=1S/C5H9NO4/c1-3(8)6-4(2-7)5(9)10/h4,7H,2H2,1H3,(H,6,8)(H,9,10)/t4-/m0/s1",JJIHLJJYMXLCOY-BYPYZUCNSA-N
389,AcSer,0.176091259,16354-58-8,OC[C@@H](C(O)=O)NC(C)=O,5.7,,NIST,diol,Polyfunctional / highly functionalized,"InChI=1S/C5H9NO4/c1-3(8)6-4(2-7)5(9)10/h4,7H,2H2,1H3,(H,6,8)(H,9,10)/t4-/m0/s1",JJIHLJJYMXLCOY-BYPYZUCNSA-N
390,Acebutanol,3.2793768,37517-30-9,O=C(CCC)NC1=CC(C(C)=O)=C(OCC(O)CNC(C)C)C=C1,7,,doi.org/10.1016/j.watres.2012.06.006,cyclo,Aromatic & PAHs,"InChI=1S/C18H28N2O4/c1-5-6-18(23)20-14-7-8-17(16(9-14)13(4)21)24-11-15(22)10-19-12(2)3/h7-9,12,15,19,22H,5-6,10-11H2,1-4H3,(H,20,23)",GOEMGAFJFRBGGG-UHFFFAOYSA-N
391,Acephate,-0.64,2140327-70-2,CO[P@@](=O)(NC(C)=O)SC,,,https://doi.org/10.1016/j.jece.2024.112473,"sulfide, disulfide",Sulfur-containing organics,"InChI=1S/C4H10NO3PS/c1-4(6)5-9(7,8-2)10-3/h1-3H3,(H,5,6,7)/t9-/m0/s1",YASYVMFAVPKPKE-VIFPVBQESA-N
392,Acesulfame,1.944482672,33665-90-6,CC1=CC(=O)NS(=O)(=O)O1,,,doi.org/10.1016/j.watres.2012.06.006,"sulfide, disulfide",Sulfur-containing organics,"InChI=1S/C4H5NO4S/c1-3-2-4(6)5-10(7,8)9-3/h2H,1H3,(H,5,6)",YGCFIWIQZPHFLU-UHFFFAOYSA-N
393,Acetaldehyde,0.176091259,75-07-0,CC=O,2,,10.1016/0043-1354(83)90098-2,alkane,Aliphatic hydrocarbons,"InChI=1S/C2H4O/c1-2-3/h2H,1H3",IKHGUXGNUITLKF-UHFFFAOYSA-N
394,Acetaminophen,6.409933123,624746-94-7,CC(=O)NC1=CC=C(C=C1)O,7.2,,10.1016/j.seppur.2014.09.004,alkane,Aliphatic hydrocarbons,"InChI=1S/C8H9NO2/c1-6(10)9-7-2-4-8(11)5-3-7/h2-5,11H,1H3,(H,9,10)",RZVAJINKPMORJF-UHFFFAOYSA-N
395,Acetaminophen,4.999724954,624746-94-7,CC(=O)NC1=CC=C(C=C1)O,7,,10.1016/j.seppur.2014.09.004,alkane,Aliphatic hydrocarbons,"InChI=1S/C8H9NO2/c1-6(10)9-7-2-4-8(11)5-3-7/h2-5,11H,1H3,(H,9,10)",RZVAJINKPMORJF-UHFFFAOYSA-N
396,Acetone,-1.494850022,9003-80-9,CC(=O)C,2,,10.1016/0043-1354(83)90098-2,alkane,Aliphatic hydrocarbons,InChI=1S/C3H6O/c1-3(2)4/h1-2H3,CSCPPACGZOOCGX-UHFFFAOYSA-N
397,Acetonitrile,-4.22184875,75-05-8,CC#N,2.1,,https://doi.org/10.1016/0043-1354(83)90098-2,alkane,Aliphatic hydrocarbons,InChI=1S/C2H3N/c1-2-3/h1H3,WEVYAHXRMPXWCK-UHFFFAOYSA-N
398,Adenine,1.08,79364-53-7,Nc1ncnc2[nH]cnc12,,,https://doi.org/10.1016/j.jece.2024.112473,cyclo,Aromatic & PAHs,"InChI=1S/C5H5N5/c6-4-3-5(9-1-7-3)10-2-8-4/h1-2H,(H3,6,7,8,9,10)",GFFGJBXGBJISGV-UHFFFAOYSA-N
399,Adenosine,1.2,66592-84-5,Nc1ncnc2c1ncn2[C@@H]1O[C@H](CO)[C@@H](O)[C@H]1O,,,https://doi.org/10.1016/j.jece.2024.112473,cyclo,Aromatic & PAHs,"InChI=1S/C10H13N5O4/c11-8-5-9(13-2-12-8)15(3-14-5)10-7(18)6(17)4(1-16)19-10/h2-4,6-7,10,16-18H,1H2,(H2,11,12,13)/t4-,6-,7-,10-/m1/s1",OIRDTQYFTABQOQ-KQYNXXCUSA-N
400,Adipic acid,-2.52288,26776-26-1,O=C(O)CCCCC(=O)O,,,https://doi.org/10.1016/j.jece.2024.112473,halogenated,Halogenated organics,"InChI=1S/C6H10O4/c7-5(8)3-1-2-4-6(9)10/h1-4H2,(H,7,8)(H,9,10)",WNLRTRBMVRJNCN-UHFFFAOYSA-N
401,Ag+,-1.455931956,14701-21-4,[Ag+],,,NIST,Others,Others / Unassigned,InChI=1S/Ag/q+1,FOIXSVOLVBLSDH-UHFFFAOYSA-N
402,Ala,1.397940009,56-41-7,N[C@@H](C)C(=O)O,7,,NIST,halogenated,Halogenated organics,"InChI=1S/C3H7NO2/c1-2(4)3(5)6/h2H,4H2,1H3,(H,5,6)/t2-/m0/s1",QNAYBMKLOCPYGJ-REOHCLBHSA-N
403,AlaH+,-2.522878745,56-41-7,O=C(O)[C@@H](N)C,2,,NIST,halogenated,Halogenated organics,"InChI=1S/C3H7NO2/c1-2(4)3(5)6/h2H,4H2,1H3,(H,5,6)/t2-/m0/s1",QNAYBMKLOCPYGJ-REOHCLBHSA-N
404,Aldicarb,4.643452676,116-06-3,CC(C)(/C=N/OC(=O)NC)SC,2.1,,NIST,"sulfide, disulfide",Sulfur-containing organics,"InChI=1S/C7H14N2O2S/c1-7(2,12-4)5-9-11-6(10)8-3/h5H,1-4H3,(H,8,10)/b9-5+",QGLZXHRNAYXIBU-WEVVVXLNSA-N
405,Aldicarb,5.672097858,116-06-3,CC(C)(/C=N/OC(=O)NC)SC,7,,NIST,"sulfide, disulfide",Sulfur-containing organics,"InChI=1S/C7H14N2O2S/c1-7(2,12-4)5-9-11-6(10)8-3/h5H,1-4H3,(H,8,10)/b9-5+",QGLZXHRNAYXIBU-WEVVVXLNSA-N
406,Allyl alcohol,-0.677780705,107-18-6,C=CCO,,,10.1007/s10975-005-0142-4,halogenated,Halogenated organics,"InChI=1S/C3H6O/c1-2-3-4/h2,4H,1,3H2",XXROGKLTLUQVRX-UHFFFAOYSA-N
407,Allylbenzene,5.079181246,300-57-2,C=CCC1=CC=CC=C1,2,,https://doi.org/10.1016/0043-1354(83)90098-2,cyclo,Aromatic & PAHs,"InChI=1S/C9H10/c1-2-6-9-7-4-3-5-8-9/h2-5,7-8H,1,6H2",HJWLCRVIBGQPNF-UHFFFAOYSA-N
408,Alpha-alanine,2.806179974,56-41-7,C[C@@H](C(=O)O)N,,,doi.org/10.1016/j.watres.2012.06.006,halogenated,Halogenated organics,"InChI=1S/C3H7NO2/c1-2(4)3(5)6/h2H,4H2,1H3,(H,5,6)/t2-/m0/s1",QNAYBMKLOCPYGJ-REOHCLBHSA-N
409,Ammonia(NH3/NH+),1.301029996,7664-41-7,N,,,https://doi.org/10.1016/0043-1354(83)90098-2,amine,Nitrogen-containing organics,InChI=1S/H3N/h1H3,QGZKDVFQNNGYKY-UHFFFAOYSA-N
410,Amoxicillin,6.290402651,81030-75-3,CC1([C@@H](N2[C@H](S1)[C@@H](C2=O)NC(=O)[C@@H](C3=CC=C(C=C3)O)N)C(=O)O)C,,,10.1016/j.chemosphere.2008.08.033,alkane,Aliphatic hydrocarbons,"InChI=1S/C16H19N3O5S/c1-16(2)11(15(23)24)19-13(22)10(14(19)25-16)18-12(21)9(17)7-3-5-8(20)6-4-7/h3-6,9-11,14,20H,17H2,1-2H3,(H,18,21)(H,23,24)/t9-,10-,11+,14-/m1/s1",LSQZJLSUYDQPKJ-NJBDSQKTSA-N
411,Amoxicillin,4.672097858,81030-75-3,CC1([C@@H](N2[C@H](S1)[C@@H](C2=O)NC(=O)[C@@H](C3=CC=C(C=C3)O)N)C(=O)O)C,5,,10.1016/j.chemosphere.2008.08.033,alkane,Aliphatic hydrocarbons,"InChI=1S/C16H19N3O5S/c1-16(2)11(15(23)24)19-13(22)10(14(19)25-16)18-12(21)9(17)7-3-5-8(20)6-4-7/h3-6,9-11,14,20H,17H2,1-2H3,(H,18,21)(H,23,24)/t9-,10-,11+,14-/m1/s1",LSQZJLSUYDQPKJ-NJBDSQKTSA-N
412,Amoxicillin,6.290402651,81030-75-3,CC1([C@@H](N2[C@H](S1)[C@@H](C2=O)NC(=O)[C@@H](C3=CC=C(C=C3)O)N)C(=O)O)C,7,,10.1016/j.chemosphere.2008.08.033,alkane,Aliphatic hydrocarbons,"InChI=1S/C16H19N3O5S/c1-16(2)11(15(23)24)19-13(22)10(14(19)25-16)18-12(21)9(17)7-3-5-8(20)6-4-7/h3-6,9-11,14,20H,17H2,1-2H3,(H,18,21)(H,23,24)/t9-,10-,11+,14-/m1/s1",LSQZJLSUYDQPKJ-NJBDSQKTSA-N
413,Amoxicillin,7.079181246,81030-75-3,CC1([C@@H](N2[C@H](S1)[C@@H](C2=O)NC(=O)[C@@H](C3=CC=C(C=C3)O)N)C(=O)O)C,9,,10.1016/j.chemosphere.2008.08.033,alkane,Aliphatic hydrocarbons,"InChI=1S/C16H19N3O5S/c1-16(2)11(15(23)24)19-13(22)10(14(19)25-16)18-12(21)9(17)7-3-5-8(20)6-4-7/h3-6,9-11,14,20H,17H2,1-2H3,(H,18,21)(H,23,24)/t9-,10-,11+,14-/m1/s1",LSQZJLSUYDQPKJ-NJBDSQKTSA-N
414,Amoxicillin,3.361727836,81030-75-3,CC1([C@@H](N2[C@H](S1)[C@@H](C2=O)NC(=O)[C@@H](C3=CC=C(C=C3)O)N)C(=O)O)C,2.5,,10.1016/j.chemosphere.2008.08.033,alkane,Aliphatic hydrocarbons,"InChI=1S/C16H19N3O5S/c1-16(2)11(15(23)24)19-13(22)10(14(19)25-16)18-12(21)9(17)7-3-5-8(20)6-4-7/h3-6,9-11,14,20H,17H2,1-2H3,(H,18,21)(H,23,24)/t9-,10-,11+,14-/m1/s1",LSQZJLSUYDQPKJ-NJBDSQKTSA-N
415,Anatoxin-protonated,4.013470814,64285-06-9,O=C(C)C1=CCC[C@@H]2CC[C@H]1N2.OC(/C=C/C(O)=O)=O,,,10.1016/j.watres.2012.06.006,diol,Polyfunctional / highly functionalized,"InChI=1S/C10H15NO.C4H4O4/c1-7(12)9-4-2-3-8-5-6-10(9)11-8;5-3(6)1-2-4(7)8/h4,8,10-11H,2-3,5-6H2,1H3;1-2H,(H,5,6)(H,7,8)/b;2-1+/t8-,10-;/m1./s1",ZJSIFVODFDHYJU-DDSSZZOXSA-N
416,Anisole,2.462397998,50629-14-6,COC1=CC=CC=C1,2,,https://doi.org/10.1016/0043-1354(83)90098-2,alcohol,Oxygenated organics,"InChI=1S/C7H8O/c1-8-7-5-3-2-4-6-7/h2-6H,1H3",RDOXTESZEPMUJZ-UHFFFAOYSA-N
417,Anthracene,4.414973348,120-12-7,C1=CC=C2C=C3C=CC=CC3=CC2=C1,3.5,,NIST,cyclo,Aromatic & PAHs,InChI=1S/C14H10/c1-2-6-12-10-14-8-4-3-7-13(14)9-11(12)5-1/h1-10H,MWPLVEDNUUSJAV-UHFFFAOYSA-N
418,Anthracene,4.431363764,120-12-7,C1=CC=C2C=C3C=CC=CC3=CC2=C1,6.8,,NIST,cyclo,Aromatic & PAHs,InChI=1S/C14H10/c1-2-6-12-10-14-8-4-3-7-13(14)9-11(12)5-1/h1-10H,MWPLVEDNUUSJAV-UHFFFAOYSA-N
419,Anthracene,4.301029996,120-12-7,C1=CC=C2C=C3C=CC=CC3=CC2=C1,9.2,,NIST,cyclo,Aromatic & PAHs,InChI=1S/C14H10/c1-2-6-12-10-14-8-4-3-7-13(14)9-11(12)5-1/h1-10H,MWPLVEDNUUSJAV-UHFFFAOYSA-N
420,Anthracene,7.414973348,120-12-7,C1=CC=C2C=C3C=CC=CC3=CC2=C1,2.2,,NIST,cyclo,Aromatic & PAHs,InChI=1S/C14H10/c1-2-6-12-10-14-8-4-3-7-13(14)9-11(12)5-1/h1-10H,MWPLVEDNUUSJAV-UHFFFAOYSA-N
421,Arabinose,0.477121255,147-81-9,C1[C@@H]([C@@H]([C@H](C(O1)O)O)O)O,3,,NIST,diol,Polyfunctional / highly functionalized,"InChI=1S/C5H10O5/c6-2-1-10-5(9)4(8)3(2)7/h2-9H,1H2/t2-,3-,4+,5?/m0/s1",SRBFZHDQGSBBOR-HWQSCIPKSA-N
422,Arabinose,0.77815125,147-81-9,C1[C@@H]([C@@H]([C@H](C(O1)O)O)O)O,6,,NIST,diol,Polyfunctional / highly functionalized,"InChI=1S/C5H10O5/c6-2-1-10-5(9)4(8)3(2)7/h2-9H,1H2/t2-,3-,4+,5?/m0/s1",SRBFZHDQGSBBOR-HWQSCIPKSA-N
423,Arabinose,0.544068044,147-81-9,C1[C@@H]([C@@H]([C@H](C(O1)O)O)O)O,3.5,,NIST,diol,Polyfunctional / highly functionalized,"InChI=1S/C5H10O5/c6-2-1-10-5(9)4(8)3(2)7/h2-9H,1H2/t2-,3-,4+,5?/m0/s1",SRBFZHDQGSBBOR-HWQSCIPKSA-N
424,Arabinose,0.602059991,147-81-9,C1[C@@H]([C@@H]([C@H](C(O1)O)O)O)O,4,,NIST,diol,Polyfunctional / highly functionalized,"InChI=1S/C5H10O5/c6-2-1-10-5(9)4(8)3(2)7/h2-9H,1H2/t2-,3-,4+,5?/m0/s1",SRBFZHDQGSBBOR-HWQSCIPKSA-N
425,Arabinose,0.698970004,147-81-9,C1[C@@H]([C@@H]([C@H](C(O1)O)O)O)O,5,,NIST,diol,Polyfunctional / highly functionalized,"InChI=1S/C5H10O5/c6-2-1-10-5(9)4(8)3(2)7/h2-9H,1H2/t2-,3-,4+,5?/m0/s1",SRBFZHDQGSBBOR-HWQSCIPKSA-N
426,Arabinose,0.740362689,147-81-9,C1[C@@H]([C@@H]([C@H](C(O1)O)O)O)O,5.5,,NIST,diol,Polyfunctional / highly functionalized,"InChI=1S/C5H10O5/c6-2-1-10-5(9)4(8)3(2)7/h2-9H,1H2/t2-,3-,4+,5?/m0/s1",SRBFZHDQGSBBOR-HWQSCIPKSA-N
427,Arabinose,-0.15490196,147-81-9,C1[C@@H]([C@@H]([C@H](C(O1)O)O)O)O,2.5,,NIST,diol,Polyfunctional / highly functionalized,"InChI=1S/C5H10O5/c6-2-1-10-5(9)4(8)3(2)7/h2-9H,1H2/t2-,3-,4+,5?/m0/s1",SRBFZHDQGSBBOR-HWQSCIPKSA-N
428,Arg-,4.755874856,74-79-3,O=C([O-])C(N)CCC/[NH+]=C(N)/N,,,NIST,halogenated,Halogenated organics,"InChI=1S/C6H14N4O2/c7-4(5(11)12)2-1-3-10-6(8)9/h4H,1-3,7H2,(H,11,12)(H4,8,9,10)",ODKSFYDXXFIFQN-UHFFFAOYSA-N
429,Arsenite (H2AsO—),0.84509804,15502-74-6,[O-][As]([O-])[O-],,,https://doi.org/10.1016/S0048-9697(99)00470-2,"sulfide, disulfide",Sulfur-containing organics,InChI=1S/AsO3/c2-1(3)4/q-3,OWTFKEBRIAXSMO-UHFFFAOYSA-N
430,Ascorbate ion,7.278753601,50-81-7,O=C1C(O)=C(O)[C@@H]([C@@H](O)CO)O1,3,,NIST,diol,Polyfunctional / highly functionalized,"InChI=1S/C6H8O6/c7-1-2(8)5-3(9)4(10)6(11)12-5/h2,5,7-10H,1H2/t2-,5+/m0/s1",CIWBSHSKHKDKBQ-JLAZNSOCSA-N
431,Ascorbate ion,7.612783857,50-81-7,O=C1C(O)=C(O)[C@@H]([C@@H](O)CO)O1,3.6,,NIST,diol,Polyfunctional / highly functionalized,"InChI=1S/C6H8O6/c7-1-2(8)5-3(9)4(10)6(11)12-5/h2,5,7-10H,1H2/t2-,5+/m0/s1",CIWBSHSKHKDKBQ-JLAZNSOCSA-N
432,Ascorbate ion,7.748188027,50-81-7,O=C1C(O)=C(O)[C@@H]([C@@H](O)CO)O1,4.8,,NIST,diol,Polyfunctional / highly functionalized,"InChI=1S/C6H8O6/c7-1-2(8)5-3(9)4(10)6(11)12-5/h2,5,7-10H,1H2/t2-,5+/m0/s1",CIWBSHSKHKDKBQ-JLAZNSOCSA-N
433,Ascorbate ion,5.77815125,50-81-7,O=C1C(O)=C(O)[C@@H]([C@@H](O)CO)O1,2,,NIST,diol,Polyfunctional / highly functionalized,"InChI=1S/C6H8O6/c7-1-2(8)5-3(9)4(10)6(11)12-5/h2,5,7-10H,1H2/t2-,5+/m0/s1",CIWBSHSKHKDKBQ-JLAZNSOCSA-N
434,Ascorbate ion,6.556302501,50-81-7,O=C1C(O)=C(O)[C@@H]([C@@H](O)CO)O1,0,,NIST,diol,Polyfunctional / highly functionalized,"InChI=1S/C6H8O6/c7-1-2(8)5-3(9)4(10)6(11)12-5/h2,5,7-10H,1H2/t2-,5+/m0/s1",CIWBSHSKHKDKBQ-JLAZNSOCSA-N
435,Ascorbate ion,6.079181246,50-81-7,O=C1C(O)=C(O)[C@@H]([C@@H](O)CO)O1,2.3,,NIST,diol,Polyfunctional / highly functionalized,"InChI=1S/C6H8O6/c7-1-2(8)5-3(9)4(10)6(11)12-5/h2,5,7-10H,1H2/t2-,5+/m0/s1",CIWBSHSKHKDKBQ-JLAZNSOCSA-N
436,Ascorbate ion,7.591064607,50-81-7,O=C1C(O)=C(O)[C@@H]([C@@H](O)CO)O1,4,,NIST,diol,Polyfunctional / highly functionalized,"InChI=1S/C6H8O6/c7-1-2(8)5-3(9)4(10)6(11)12-5/h2,5,7-10H,1H2/t2-,5+/m0/s1",CIWBSHSKHKDKBQ-JLAZNSOCSA-N
437,Ascorbate ion,7.681241237,50-81-7,O=C1C(O)=C(O)[C@@H]([C@@H](O)CO)O1,5,,NIST,diol,Polyfunctional / highly functionalized,"InChI=1S/C6H8O6/c7-1-2(8)5-3(9)4(10)6(11)12-5/h2,5,7-10H,1H2/t2-,5+/m0/s1",CIWBSHSKHKDKBQ-JLAZNSOCSA-N
438,Ascorbate ion,7.681241237,50-81-7,O=C1C(O)=C(O)[C@@H]([C@@H](O)CO)O1,6,,NIST,diol,Polyfunctional / highly functionalized,"InChI=1S/C6H8O6/c7-1-2(8)5-3(9)4(10)6(11)12-5/h2,5,7-10H,1H2/t2-,5+/m0/s1",CIWBSHSKHKDKBQ-JLAZNSOCSA-N
439,Ascorbate ion,5.838849091,50-81-7,O=C1C(O)=C(O)[C@@H]([C@@H](O)CO)O1,2,,NIST,diol,Polyfunctional / highly functionalized,"InChI=1S/C6H8O6/c7-1-2(8)5-3(9)4(10)6(11)12-5/h2,5,7-10H,1H2/t2-,5+/m0/s1",CIWBSHSKHKDKBQ-JLAZNSOCSA-N
440,Ascorbate ion,6.903089987,50-81-7,O=C1C(O)=C(O)[C@@H]([C@@H](O)CO)O1,3.2,,NIST,diol,Polyfunctional / highly functionalized,"InChI=1S/C6H8O6/c7-1-2(8)5-3(9)4(10)6(11)12-5/h2,5,7-10H,1H2/t2-,5+/m0/s1",CIWBSHSKHKDKBQ-JLAZNSOCSA-N
441,Asn,1.84509804,7006-34-0,C([C@@H](C(=O)O)N)C(=O)N,7,,NIST,halogenated,Halogenated organics,"InChI=1S/C4H8N2O3/c5-2(4(8)9)1-3(6)7/h2H,1,5H2,(H2,6,7)(H,8,9)/t2-/m0/s1",DCXYFEDJOCDNAF-REOHCLBHSA-N
442,Asp,1.698970004,56-84-8,C([C@@H](C(=O)O)N)C(=O)O,7,,NIST,halogenated,Halogenated organics,"InChI=1S/C4H7NO4/c5-2(4(8)9)1-3(6)7/h2H,1,5H2,(H,6,7)(H,8,9)/t2-/m0/s1",CKLJMWTZIZZHCS-REOHCLBHSA-N
443,Atenolol,4.20412,1202864-50-3,CC(C)NC[C@H](O)COc1ccc(CC(N)=O)cc1,8,,https://doi.org/10.1016/j.jece.2024.112473,alcohol,Oxygenated organics,"InChI=1S/C14H22N2O3/c1-10(2)16-8-12(17)9-19-13-5-3-11(4-6-13)7-14(15)18/h3-6,10,12,16-17H,7-9H2,1-2H3,(H2,15,18)/t12-/m0/s1",METKIMKYRPQLGS-LBPRGKRZSA-N
444,Atenolol,3.974436837,29122-68-7,CC(C)NCC(COC1=CC=C(C=C1)CC(=O)N)O,,,doi.org/10.1016/j.watres.2012.06.006,alkane,Aliphatic hydrocarbons,"InChI=1S/C14H22N2O3/c1-10(2)16-8-12(17)9-19-13-5-3-11(4-6-13)7-14(15)18/h3-6,10,12,16-17H,7-9H2,1-2H3,(H2,15,18)",METKIMKYRPQLGS-UHFFFAOYSA-N
445,Atenolol,3.974436837,29122-68-7,CC(C)NCC(COC1=CC=C(C=C1)CC(=O)N)O,7,,doi.org/10.1016/j.watres.2012.06.006,alkane,Aliphatic hydrocarbons,"InChI=1S/C14H22N2O3/c1-10(2)16-8-12(17)9-19-13-5-3-11(4-6-13)7-14(15)18/h3-6,10,12,16-17H,7-9H2,1-2H3,(H2,15,18)",METKIMKYRPQLGS-UHFFFAOYSA-N
446,Atenolol acid,3.4,1202864-50-3,CC(C)NC[C@@H](O)COc1ccc(CC(=O)O)cc1,,,https://doi.org/10.1016/j.jece.2024.112473,alcohol,Oxygenated organics,"InChI=1S/C14H21NO4/c1-10(2)15-8-12(16)9-19-13-5-3-11(4-6-13)7-14(17)18/h3-6,10,12,15-16H,7-9H2,1-2H3,(H,17,18)/t12-/m1/s1",PUQIRTNPJRFRCZ-GFCCVEGCSA-N
447,Atrazine,1.380211242,1912-24-9,CCNC1=NC(=NC(=N1)Cl)NC(C)C,4,,https://doi.org/10.1016/0043-1354(83)90098-2,alkane,Aliphatic hydrocarbons,"InChI=1S/C8H14ClN5/c1-4-10-7-12-6(9)13-8(14-7)11-5(2)3/h5H,4H2,1-3H3,(H2,10,11,12,13,14)",MXWJVTOOROXGIU-UHFFFAOYSA-N
448,Atrazine,1.113943352,1912-24-9,CCNC1=NC(=NC(=N1)Cl)NC(C)C,4.2,,https://doi.org/10.1016/0043-1354(83)90098-2,alkane,Aliphatic hydrocarbons,"InChI=1S/C8H14ClN5/c1-4-10-7-12-6(9)13-8(14-7)11-5(2)3/h5H,4H2,1-3H3,(H2,10,11,12,13,14)",MXWJVTOOROXGIU-UHFFFAOYSA-N
449,Atrazine,0.77815125,1912-24-9,CCNC1=NC(=NC(=N1)Cl)NC(C)C,4.1,,NIST,alkane,Aliphatic hydrocarbons,"InChI=1S/C8H14ClN5/c1-4-10-7-12-6(9)13-8(14-7)11-5(2)3/h5H,4H2,1-3H3,(H2,10,11,12,13,14)",MXWJVTOOROXGIU-UHFFFAOYSA-N
450,Atrazine,1.380211242,1912-24-9,CCNC1=NC(=NC(=N1)Cl)NC(C)C,4,,NIST,alkane,Aliphatic hydrocarbons,"InChI=1S/C8H14ClN5/c1-4-10-7-12-6(9)13-8(14-7)11-5(2)3/h5H,4H2,1-3H3,(H2,10,11,12,13,14)",MXWJVTOOROXGIU-UHFFFAOYSA-N
451,Atrazine,0.361727836,1912-24-9,CCNC1=NC(=NC(=N1)Cl)NC(C)C,2,,NIST,alkane,Aliphatic hydrocarbons,"InChI=1S/C8H14ClN5/c1-4-10-7-12-6(9)13-8(14-7)11-5(2)3/h5H,4H2,1-3H3,(H2,10,11,12,13,14)",MXWJVTOOROXGIU-UHFFFAOYSA-N
452,Atrazine,1.079181246,1912-24-9,CCNC1=NC(=NC(=N1)Cl)NC(C)C,7.5,,NIST,alkane,Aliphatic hydrocarbons,"InChI=1S/C8H14ClN5/c1-4-10-7-12-6(9)13-8(14-7)11-5(2)3/h5H,4H2,1-3H3,(H2,10,11,12,13,14)",MXWJVTOOROXGIU-UHFFFAOYSA-N
453,Atrazine,0.653212514,1912-24-9,CCNC1=NC(=NC(=N1)Cl)NC(C)C,2,,NIST,alkane,Aliphatic hydrocarbons,"InChI=1S/C8H14ClN5/c1-4-10-7-12-6(9)13-8(14-7)11-5(2)3/h5H,4H2,1-3H3,(H2,10,11,12,13,14)",MXWJVTOOROXGIU-UHFFFAOYSA-N
454,Atrazine,2,163165-75-1,CCNc1nc(Cl)nc(NC(C)C)n1,,,https://doi.org/10.1016/j.jece.2024.112473,alkane,Aliphatic hydrocarbons,"InChI=1S/C8H14ClN5/c1-4-10-7-12-6(9)13-8(14-7)11-5(2)3/h5H,4H2,1-3H3,(H2,10,11,12,13,14)",MXWJVTOOROXGIU-UHFFFAOYSA-N
455,Atrazine,1.113943352,1912-24-9,CCNC1=NC(=NC(=N1)Cl)NC(C)C,4.2,,NIST,alkane,Aliphatic hydrocarbons,"InChI=1S/C8H14ClN5/c1-4-10-7-12-6(9)13-8(14-7)11-5(2)3/h5H,4H2,1-3H3,(H2,10,11,12,13,14)",MXWJVTOOROXGIU-UHFFFAOYSA-N
456,Azacyclonol,2.54,1798-50-1,OC(c1ccccc1)(c1ccccc1)C1CCNCC1,,,https://doi.org/10.1016/j.jece.2024.112473,alcohol,Oxygenated organics,"InChI=1S/C18H21NO/c20-18(15-7-3-1-4-8-15,16-9-5-2-6-10-16)17-11-13-19-14-12-17/h1-10,17,19-20H,11-14H2",ZMISODWVFHHWNR-UHFFFAOYSA-N
457,Azobenzene,2.342422681,151224-49-6,C1=CC=C(C=C1)N=NC2=CC=CC=C2,2,,https://doi.org/10.1016/0043-1354(83)90098-2,cyclo,Aromatic & PAHs,InChI=1S/C12H10N2/c1-3-7-11(8-4-1)13-14-12-9-5-2-6-10-12/h1-10H,DMLAVOWQYNRWNQ-UHFFFAOYSA-N
458,Azobenzene,2.342422681,151224-49-6,C1=CC=C(C=C1)N=NC2=CC=CC=C2,2,,10.1016/0043-1354(91)90155-J,cyclo,Aromatic & PAHs,InChI=1S/C12H10N2/c1-3-7-11(8-4-1)13-14-12-9-5-2-6-10-12/h1-10H,DMLAVOWQYNRWNQ-UHFFFAOYSA-N
459,Benzaldehyde,0.397940009,17901-93-8,C1=CC=C(C=C1)C=O,1.7,,https://doi.org/10.1016/0043-1354(83)90098-2,halogenated,Halogenated organics,InChI=1S/C7H6O/c8-6-7-4-2-1-3-5-7/h1-6H,HUMNYLRZRPPJDN-UHFFFAOYSA-N
460,Benzaldehyde,0.4,51748-27-7,O=Cc1ccccc1,,,https://doi.org/10.1016/j.jece.2024.112473,benzene,Aromatic & PAHs,InChI=1S/C7H6O/c8-6-7-4-2-1-3-5-7/h1-6H,HUMNYLRZRPPJDN-UHFFFAOYSA-N
461,Benzaldehyde,0.397940009,17901-93-8,C1=CC=C(C=C1)C=O,1.7,,10.1016/0043-1354(83)90098-2,halogenated,Halogenated organics,InChI=1S/C7H6O/c8-6-7-4-2-1-3-5-7/h1-6H,HUMNYLRZRPPJDN-UHFFFAOYSA-N
462,Benzene,0.301029996,64268-28-6,C1=CC=CC=C1,2.8,,doi.org/10.1016/j.watres.2012.06.006,cyclo,Aromatic & PAHs,InChI=1S/C6H6/c1-2-4-6-5-3-1/h1-6H,UHOVQNZJYSORNB-UHFFFAOYSA-N
463,Benzene,0.301029996,64268-28-6,C1=CC=CC=C1,,,https://doi.org/10.1016/0043-1354(83)90098-2,cyclo,Aromatic & PAHs,InChI=1S/C6H6/c1-2-4-6-5-3-1/h1-6H,UHOVQNZJYSORNB-UHFFFAOYSA-N
464,Benzene,0.301029996,64268-28-6,C1=CC=CC=C1,1.7-3,,https://doi.org/10.1016/0043-1354(83)90098-2,cyclo,Aromatic & PAHs,InChI=1S/C6H6/c1-2-4-6-5-3-1/h1-6H,UHOVQNZJYSORNB-UHFFFAOYSA-N
465,Benzene,0.301029996,64268-28-6,C1=CC=CC=C1,,,doi.org/10.1016/j.watres.2012.06.006,cyclo,Aromatic & PAHs,InChI=1S/C6H6/c1-2-4-6-5-3-1/h1-6H,UHOVQNZJYSORNB-UHFFFAOYSA-N
466,Benzene sulfonate ion,-0.638272164,3198-32-1,O=S(C1=CC=CC=C1)(=O)[O-],1.7-2,,https://doi.org/10.1016/0043-1354(83)90098-2,"sulfide, disulfide",Sulfur-containing organics,"InChI=1S/C6H6O3S/c7-10(8,9)6-4-2-1-3-5-6/h1-5H,(H,7,8,9)/p-1",SRSXLGNVWSONIS-UHFFFAOYSA-M
467,Benzene sulfonate ion,-0.638272164,3198-32-1,O=S(C1=CC=CC=C1)(=O)[O-],,,doi.org/10.1016/j.watres.2012.06.006,"sulfide, disulfide",Sulfur-containing organics,"InChI=1S/C6H6O3S/c7-10(8,9)6-4-2-1-3-5-6/h1-5H,(H,7,8,9)/p-1",SRSXLGNVWSONIS-UHFFFAOYSA-M
468,Benzene sulfonate ion,-1.638272164,3198-32-1,O=S(C1=CC=CC=C1)(=O)[O-],1.8,,doi.org/10.1016/j.watres.2012.06.006,"sulfide, disulfide",Sulfur-containing organics,"InChI=1S/C6H6O3S/c7-10(8,9)6-4-2-1-3-5-6/h1-5H,(H,7,8,9)/p-1",SRSXLGNVWSONIS-UHFFFAOYSA-M
469,Benzimidazole,1,51-17-2,C1=CC=C2C(=C1)NC=N2,,,NIST,halogenated,Halogenated organics,"InChI=1S/C7H6N2/c1-2-4-7-6(3-1)8-5-9-7/h1-5H,(H,8,9)",HYZJCKYKOHLVJF-UHFFFAOYSA-N
470,Benzisothiazolinone,6.620136055,54392-15-3,C1=CC=C2C(=C1)C(=O)NS2,,,doi.org/10.1016/j.watres.2012.06.006,"sulfide, disulfide",Sulfur-containing organics,"InChI=1S/C7H5NOS/c9-7-5-3-1-2-4-6(5)10-8-7/h1-4H,(H,8,9)",DMSMPAJRVJJAGA-UHFFFAOYSA-N
471,Benzo[a]pyrene,3.77815125,50-32-8,C1=CC=C2C3=C4C(=CC2=C1)C=CC5=C4C(=CC=C5)C=C3,1~7,,NIST,cyclo,Aromatic & PAHs,InChI=1S/C20H12/c1-2-7-17-15(4-1)12-16-9-8-13-5-3-6-14-10-11-18(17)20(16)19(13)14/h1-12H,FMMWHPNWAFZXNH-UHFFFAOYSA-N
472,Benzoate ion1-1010-100,0.079181246,766-76-7,[O-]C(C1=CC=CC=C1)=O,5,,https://doi.org/10.1016/0043-1354(83)90098-2,halogenated,Halogenated organics,"InChI=1S/C7H6O2/c8-7(9)6-4-2-1-3-5-6/h1-5H,(H,8,9)/p-1",WPYMKLBDIGXBTP-UHFFFAOYSA-M
473,Beta-N-methylamino-L-alanine,7.531478917,15920-93-1,CNC[C@@H](C(=O)O)N,6.5,,10.1016/j.watres.2018.05.056,halogenated,Halogenated organics,"InChI=1S/C4H10N2O2/c1-6-2-3(5)4(7)8/h3,6H,2,5H2,1H3,(H,7,8)/t3-/m0/s1",UJVHVMNGOZXSOZ-VKHMYHEASA-N
474,Beta-N-methylamino-L-alanine,7.755874856,15920-93-1,CNC[C@@H](C(=O)O)N,7,,10.1016/j.watres.2018.05.056,halogenated,Halogenated organics,"InChI=1S/C4H10N2O2/c1-6-2-3(5)4(7)8/h3,6H,2,5H2,1H3,(H,7,8)/t3-/m0/s1",UJVHVMNGOZXSOZ-VKHMYHEASA-N
475,Beta-N-methylamino-L-alanine,10.57054294,15920-93-1,CNC[C@@H](C(=O)O)N,9.5,,10.1016/j.watres.2018.05.056,halogenated,Halogenated organics,"InChI=1S/C4H10N2O2/c1-6-2-3(5)4(7)8/h3,6H,2,5H2,1H3,(H,7,8)/t3-/m0/s1",UJVHVMNGOZXSOZ-VKHMYHEASA-N
476,Beta-N-methylamino-L-alanine,9.450249108,15920-93-1,CNC[C@@H](C(=O)O)N,3,,10.1016/j.watres.2018.05.056,halogenated,Halogenated organics,"InChI=1S/C4H10N2O2/c1-6-2-3(5)4(7)8/h3,6H,2,5H2,1H3,(H,7,8)/t3-/m0/s1",UJVHVMNGOZXSOZ-VKHMYHEASA-N
477,Beta-N-methylamino-L-alanine,9.558708571,15920-93-1,CNC[C@@H](C(=O)O)N,8.5,,10.1016/j.watres.2018.05.056,halogenated,Halogenated organics,"InChI=1S/C4H10N2O2/c1-6-2-3(5)4(7)8/h3,6H,2,5H2,1H3,(H,7,8)/t3-/m0/s1",UJVHVMNGOZXSOZ-VKHMYHEASA-N
478,Beta-N-methylamino-L-alanine,6.274157849,15920-93-1,CNC[C@@H](C(=O)O)N,5.8,,10.1016/j.watres.2018.05.056,halogenated,Halogenated organics,"InChI=1S/C4H10N2O2/c1-6-2-3(5)4(7)8/h3,6H,2,5H2,1H3,(H,7,8)/t3-/m0/s1",UJVHVMNGOZXSOZ-VKHMYHEASA-N
479,Bezafibrate,2.803803993,41859-67-0,CC(C)(C(=O)O)OC1=CC=C(C=C1)CCNC(=O)C2=CC=C(C=C2)Cl,8,,doi.org/10.1016/j.watres.2012.06.006,alcohol,Oxygenated organics,"InChI=1S/C19H20ClNO4/c1-19(2,18(23)24)25-16-9-3-13(4-10-16)11-12-21-17(22)14-5-7-15(20)8-6-14/h3-10H,11-12H2,1-2H3,(H,21,22)(H,23,24)",IIBYAHWJQTYFKB-UHFFFAOYSA-N
480,Bezafibrate,2.803803993,41859-67-0,CC(C)(C(=O)O)OC1=CC=C(C=C1)CCNC(=O)C2=CC=C(C=C2)Cl,,,doi.org/10.1016/j.watres.2012.06.006,alcohol,Oxygenated organics,"InChI=1S/C19H20ClNO4/c1-19(2,18(23)24)25-16-9-3-13(4-10-16)11-12-21-17(22)14-5-7-15(20)8-6-14/h3-10H,11-12H2,1-2H3,(H,21,22)(H,23,24)",IIBYAHWJQTYFKB-UHFFFAOYSA-N
481,Bezafibrate,2.803803993,41859-67-0,CC(C)(C(=O)O)OC1=CC=C(C=C1)CCNC(=O)C2=CC=C(C=C2)Cl,7,,doi.org/10.1016/j.watres.2012.06.006,alcohol,Oxygenated organics,"InChI=1S/C19H20ClNO4/c1-19(2,18(23)24)25-16-9-3-13(4-10-16)11-12-21-17(22)14-5-7-15(20)8-6-14/h3-10H,11-12H2,1-2H3,(H,21,22)(H,23,24)",IIBYAHWJQTYFKB-UHFFFAOYSA-N
482,Bisphenol F,9.155336037,1333-16-0,C1=CC(=CC=C1CC2=CC=C(C=C2)O)O,,,https://doi.org/10.1016/j.scitotenv.2022.157173,halogenated,Halogenated organics,"InChI=1S/C13H12O2/c14-12-5-1-10(2-6-12)9-11-3-7-13(15)8-4-11/h1-8,14-15H,9H2",PXKLMJQFEQBVLD-UHFFFAOYSA-N
483,Bisphenol F,9.117271296,1333-16-0,C1=CC(=CC=C1CC2=CC=C(C=C2)O)O,,,https://doi.org/10.1016/j.scitotenv.2022.157173,halogenated,Halogenated organics,"InChI=1S/C13H12O2/c14-12-5-1-10(2-6-12)9-11-3-7-13(15)8-4-11/h1-8,14-15H,9H2",PXKLMJQFEQBVLD-UHFFFAOYSA-N
484,Bisphenol S,7.450249108,80-09-1,C1=CC(=CC=C1O)S(=O)(=O)C2=CC=C(C=C2)O,,,https://doi.org/10.1016/j.scitotenv.2022.157173,"sulfide, disulfide",Sulfur-containing organics,"InChI=1S/C12H10O4S/c13-9-1-5-11(6-2-9)17(15,16)12-7-3-10(14)4-8-12/h1-8,13-14H",VPWNQTHUCYMVMZ-UHFFFAOYSA-N
485,Br-,2.204119983,24959-67-9,[Br-],3~7,,NIST,halogenated,Halogenated organics,InChI=1S/BrH/h1H/p-1,CPELXLSAUQHCOX-UHFFFAOYSA-M
486,Br-,1.301029996,24959-67-9,[Br-],2,,NIST,halogenated,Halogenated organics,InChI=1S/BrH/h1H/p-1,CPELXLSAUQHCOX-UHFFFAOYSA-M
487,Br-,2.361727836,24959-67-9,[Br-],3,,NIST,halogenated,Halogenated organics,InChI=1S/BrH/h1H/p-1,CPELXLSAUQHCOX-UHFFFAOYSA-M
488,Br-,2.477121255,24959-67-9,[Br-],6.3,,NIST,halogenated,Halogenated organics,InChI=1S/BrH/h1H/p-1,CPELXLSAUQHCOX-UHFFFAOYSA-M
489,BrCH2CH2Br,-1.853871964,106-93-4,C(CBr)Br,2,,NIST,halogenated,Halogenated organics,InChI=1S/C2H4Br2/c3-1-2-4/h1-2H2,PAAZPARNPHGIKF-UHFFFAOYSA-N
490,BrO-,2.716003344,14380-62-2,[O-]Br,8.2,,NIST,halogenated,Halogenated organics,InChI=1S/BrO/c1-2/q-1,JGJLWPGRMCADHB-UHFFFAOYSA-N
491,BrO-,2.51851394,14380-62-2,[O-]Br,6~7,,NIST,halogenated,Halogenated organics,InChI=1S/BrO/c1-2/q-1,JGJLWPGRMCADHB-UHFFFAOYSA-N
492,BrO3-,-3,15541-45-4,[O-]Br(=O)=O,4,,NIST,halogenated,Halogenated organics,InChI=1S/BrO3/c2-1(3)4/q-1,KYHSUUVXZLFMQS-UHFFFAOYSA-N
493,Bromobutide,2.34,75463-73-9,CC(C)(NC(=O)[C@H](Br)C(C)(C)C)c1ccccc1,,,https://doi.org/10.1016/j.jece.2024.112473,benzene,Aromatic & PAHs,"InChI=1S/C15H22BrNO/c1-14(2,3)12(16)13(18)17-15(4,5)11-9-7-6-8-10-11/h6-10,12H,1-5H3,(H,17,18)/t12-/m0/s1",WZDDLAZXUYIVMU-LBPRGKRZSA-N
494,Bromocresol green,1.89,62625-32-5,CC1=C(C(=C(C=C1C2(C3=CC=CC=C3S(=O)(=O)O2)C4=CC(=C(C(=C4C)Br)O)Br)Br)O)Br,,,10.1016/j.chemosphere.2014.05.068,diol,Polyfunctional / highly functionalized,"InChI=1S/C21H14Br4O5S/c1-9-12(7-14(22)19(26)17(9)24)21(13-8-15(23)20(27)18(25)10(13)2)11-5-3-4-6-16(11)31(28,29)30-21/h3-8,26-27H,1-2H3",FRPHFZCDPYBUAU-UHFFFAOYSA-N
495,Bromoform,-0.698970004,2909-52-6,C(Br)(Br)Br,,,https://doi.org/10.1016/0043-1354(83)90098-2,halogenated,Halogenated organics,InChI=1S/CHBr3/c2-1(3)4/h1H,DIKBFYAXUHHXCS-UHFFFAOYSA-N
496,Bromoform,-1.698970004,2909-52-6,C(Br)(Br)Br,2,,https://doi.org/10.1016/0043-1354(83)90098-2,halogenated,Halogenated organics,InChI=1S/CHBr3/c2-1(3)4/h1H,DIKBFYAXUHHXCS-UHFFFAOYSA-N
497,Bromophenol blue,0.728,115-39-9,C1=CC=C2C(=C1)C(OS2(=O)=O)(C3=CC(=C(C(=C3)Br)O)Br)C4=CC(=C(C(=C4)Br)O)Br,,,10.1016/j.chemosphere.2014.05.068,diol,Polyfunctional / highly functionalized,"InChI=1S/C19H10Br4O5S/c20-12-5-9(6-13(21)17(12)24)19(10-7-14(22)18(25)15(23)8-10)11-3-1-2-4-16(11)29(26,27)28-19/h1-8,24-25H",UDSAIICHUKSCKT-UHFFFAOYSA-N
498,Bromoxynil,2.77815125,1689-84-5,C1=C(C=C(C(=C1Br)O)Br)C#N,7,,10.1016/j.chemosphere.2009.11.014,halogenated,Halogenated organics,"InChI=1S/C7H3Br2NO/c8-5-1-4(3-10)2-6(9)7(5)11/h1-2,11H",UPMXNNIRAGDFEH-UHFFFAOYSA-N
499,Bromoxynil,2.715882851,1689-84-5,C1=C(C=C(C(=C1Br)O)Br)C#N,2,,10.1016/j.chemosphere.2009.11.014,halogenated,Halogenated organics,"InChI=1S/C7H3Br2NO/c8-5-1-4(3-10)2-6(9)7(5)11/h1-2,11H",UPMXNNIRAGDFEH-UHFFFAOYSA-N
500,Butylamine,5.07,1208080-07-2,CCCCN,,,https://doi.org/10.1016/j.jece.2024.112473,alkane,Aliphatic hydrocarbons,"InChI=1S/C4H11N/c1-2-3-4-5/h2-5H2,1H3",HQABUPZFAYXKJW-UHFFFAOYSA-N
501,Butylbenzyl phthalate,0.15,72170-45-7,CCCCOC(=O)c1ccccc1C(=O)OCc1ccccc1,,,https://doi.org/10.1016/j.jece.2024.112473,diol,Polyfunctional / highly functionalized,"InChI=1S/C19H20O4/c1-2-3-13-22-18(20)16-11-7-8-12-17(16)19(21)23-14-15-9-5-4-6-10-15/h4-12H,2-3,13-14H2,1H3",IRIAEXORFWYRCZ-UHFFFAOYSA-N
502,Butylparaben,9.12,94-26-8,CCCCOC(=O)C1=CC=C(C=C1)O,12,,"https://doi.org/10.1080/10826070701738787, https://doi.org/10.1016/j.chemosphere.2010.09.015.",alcohol,Oxygenated organics,"InChI=1S/C11H14O3/c1-2-3-8-14-11(13)9-4-6-10(12)7-5-9/h4-7,12H,2-3,8H2,1H3",QFOHBWFCKVYLES-UHFFFAOYSA-N
503,Butylparaben,2.68,94-26-8,CCCCOC(=O)C1=CC=C(C=C1)O,2,,"https://doi.org/10.1080/10826070701738787, https://doi.org/10.1016/j.chemosphere.2010.09.013.",alcohol,Oxygenated organics,"InChI=1S/C11H14O3/c1-2-3-8-14-11(13)9-4-6-10(12)7-5-9/h4-7,12H,2-3,8H2,1H3",QFOHBWFCKVYLES-UHFFFAOYSA-N
504,Butylparaben,6.41,94-26-8,CCCCOC(=O)C1=CC=C(C=C1)O,7,,"https://doi.org/10.1080/10826070701738787, https://doi.org/10.1016/j.chemosphere.2010.09.014.",alcohol,Oxygenated organics,"InChI=1S/C11H14O3/c1-2-3-8-14-11(13)9-4-6-10(12)7-5-9/h4-7,12H,2-3,8H2,1H3",QFOHBWFCKVYLES-UHFFFAOYSA-N
505,C2H5CH(NH2)CH3,4.716003344,13952-84-6,CC(N)CC,,,NIST,alkane,Aliphatic hydrocarbons,"InChI=1S/C4H11N/c1-3-4(2)5/h4H,3,5H2,1-2H3",BHRZNVHARXXAHW-UHFFFAOYSA-N
506,C2H5CHO,0.397940009,123-38-6,CCC=O,2,,NIST,alkane,Aliphatic hydrocarbons,"InChI=1S/C3H6O/c1-2-3-4/h3H,2H2,1H3",NBBJYMSMWIIQGU-UHFFFAOYSA-N
507,C2H5CO2H,-3.397940009,79-09-4,CCC(O)=O,2,,NIST,alkane,Aliphatic hydrocarbons,"InChI=1S/C3H6O2/c1-2-3(4)5/h2H2,1H3,(H,4,5)",XBDQKXXYIPTUBI-UHFFFAOYSA-N
508,C2H5O2CCH2CO2C2H5,-1.22184875,105-53-3,O=C(OCC)CC(OCC)=O,2,,NIST,halogenated,Halogenated organics,"InChI=1S/C7H12O4/c1-3-10-6(8)5-7(9)11-4-2/h3-5H2,1-2H3",IYXGSMUGOJNHAZ-UHFFFAOYSA-N
509,C2H5SH,5.477121255,75-08-1,CCS,4.7,,10.1016/j.cej.2018.11.005,"sulfide, disulfide",Sulfur-containing organics,"InChI=1S/C2H6S/c1-2-3/h3H,2H2,1H3",DNJIEGIFACGWOD-UHFFFAOYSA-N
510,C6Cl5OH,5.477121255,87-86-5,ClC1=C(O)C(Cl)=C(Cl)C(Cl)=C1Cl,2,,NIST,cyclo,Aromatic & PAHs,InChI=1S/C6HCl5O/c7-1-2(8)4(10)6(12)5(11)3(1)9/h12H,IZUPBVBPLAPZRR-UHFFFAOYSA-N
511,C6H5CH(CH3)2,1.041392685,98-82-8,CC(C)C1=CC=CC=C1,2,,NIST,cyclo,Aromatic & PAHs,"InChI=1S/C9H12/c1-8(2)9-6-4-3-5-7-9/h3-8H,1-2H3",RWGFKTVRMDUZSP-UHFFFAOYSA-N
512,C6H5CH2CHCH2,5.079181246,300-57-2,C=CCC1=CC=CC=C1,2,,NIST,cyclo,Aromatic & PAHs,"InChI=1S/C9H10/c1-2-6-9-7-4-3-5-8-9/h2-5,7-8H,1,6H2",HJWLCRVIBGQPNF-UHFFFAOYSA-N
513,C6H5CH3,1.146128036,108-88-3,CC1=CC=CC=C1,1.7,,NIST,cyclo,Aromatic & PAHs,"InChI=1S/C7H8/c1-7-5-3-2-4-6-7/h2-6H,1H3",YXFVVABEGXRONW-UHFFFAOYSA-N
514,C6H5CO2-,0.079181246,766-76-7,[O-]C(C1=CC=CC=C1)=O,5,,NIST,halogenated,Halogenated organics,"InChI=1S/C7H6O2/c8-7(9)6-4-2-1-3-5-6/h1-5H,(H,8,9)/p-1",WPYMKLBDIGXBTP-UHFFFAOYSA-M
515,C6H5Cl,-0.124938737,108-90-7,C1=CC=C(C=C1)Cl,2,,NIST,halogenated,Halogenated organics,InChI=1S/C6H5Cl/c7-6-4-2-1-3-5-6/h1-5H,MVPPADPHJFYWMZ-UHFFFAOYSA-N
516,C6H5NH2,7.954242509,62-53-3,C1=CC=C(C=C1)N,,,NIST,halogenated,Halogenated organics,"InChI=1S/C6H7N/c7-6-4-2-1-3-5-6/h1-5H,7H2",PAYRUJLWNCNPSJ-UHFFFAOYSA-N
517,C6H5NNC6H5,2.342422681,103-33-3,C1(/N=N/C2=CC=CC=C2)=CC=CC=C1,2,,NIST,cyclo,Aromatic & PAHs,InChI=1S/C12H10N2/c1-3-7-11(8-4-1)13-14-12-9-5-2-6-10-12/h1-10H/b14-13+,DMLAVOWQYNRWNQ-BUHFOSPRSA-N
518,C6H5NO2,-1.045757491,98-95-3,C1=C(C=NC=C1O)C=O,2,,NIST,halogenated,Halogenated organics,"InChI=1S/C6H5NO2/c8-4-5-1-6(9)3-7-2-5/h1-4,9H",LMCXPBAARDWGRD-UHFFFAOYSA-N
519,C6H5O-,9.146128036,3229-70-7,[O-]C1=CC=CC=C1,,,NIST,cyclo,Aromatic & PAHs,"InChI=1S/C6H6O/c7-6-4-2-1-3-5-6/h1-5,7H/p-1",ISWSIDIOOBJBQZ-UHFFFAOYSA-M
520,C6H5OH,4.462397998,108-95-2,C1=CC=C(C=C1)O,5.2,,NIST,halogenated,Halogenated organics,"InChI=1S/C6H6O/c7-6-4-2-1-3-5-6/h1-5,7H",ISWSIDIOOBJBQZ-UHFFFAOYSA-N
521,C6H5OH,3.322219295,108-95-2,C1=CC=C(C=C1)O,2.7,,NIST,halogenated,Halogenated organics,"InChI=1S/C6H6O/c7-6-4-2-1-3-5-6/h1-5,7H",ISWSIDIOOBJBQZ-UHFFFAOYSA-N
522,C6H5OH,2.397940009,108-95-2,C1=CC=C(C=C1)O,9,,NIST,halogenated,Halogenated organics,"InChI=1S/C6H6O/c7-6-4-2-1-3-5-6/h1-5,7H",ISWSIDIOOBJBQZ-UHFFFAOYSA-N
523,C6H5OH,2.255272505,108-95-2,C1=CC=C(C=C1)O,8,,NIST,halogenated,Halogenated organics,"InChI=1S/C6H6O/c7-6-4-2-1-3-5-6/h1-5,7H",ISWSIDIOOBJBQZ-UHFFFAOYSA-N
524,C6H5OH,2.146128036,108-95-2,C1=CC=C(C=C1)O,7,,NIST,halogenated,Halogenated organics,"InChI=1S/C6H6O/c7-6-4-2-1-3-5-6/h1-5,7H",ISWSIDIOOBJBQZ-UHFFFAOYSA-N
525,C6H5OH,3.643452676,108-95-2,C1=CC=C(C=C1)O,3.7,,NIST,halogenated,Halogenated organics,"InChI=1S/C6H6O/c7-6-4-2-1-3-5-6/h1-5,7H",ISWSIDIOOBJBQZ-UHFFFAOYSA-N
526,C6H5OH,2.949390007,108-95-2,C1=CC=C(C=C1)O,1.5,,NIST,halogenated,Halogenated organics,"InChI=1S/C6H6O/c7-6-4-2-1-3-5-6/h1-5,7H",ISWSIDIOOBJBQZ-UHFFFAOYSA-N
527,C6H5OH,3.113943352,108-95-2,C1=CC=C(C=C1)O,,,NIST,halogenated,Halogenated organics,"InChI=1S/C6H6O/c7-6-4-2-1-3-5-6/h1-5,7H",ISWSIDIOOBJBQZ-UHFFFAOYSA-N
528,C6H5OH,1.954242509,108-95-2,C1=CC=C(C=C1)O,6,,NIST,halogenated,Halogenated organics,"InChI=1S/C6H6O/c7-6-4-2-1-3-5-6/h1-5,7H",ISWSIDIOOBJBQZ-UHFFFAOYSA-N
529,C6H5SO3-,-0.638272164,3198-32-1,C1=CC=CC=C1S(=O)(=O)[O-],1.9,,NIST,"sulfide, disulfide",Sulfur-containing organics,"InChI=1S/C6H6O3S/c7-10(8,9)6-4-2-1-3-5-6/h1-5H,(H,7,8,9)/p-1",SRSXLGNVWSONIS-UHFFFAOYSA-M
530,C6H6,0.301029996,71-43-2,C1=CC=CC=C1,1.7 - 3.0,,NIST,cyclo,Aromatic & PAHs,InChI=1S/C6H6/c1-2-4-6-5-3-1/h1-6H,UHOVQNZJYSORNB-UHFFFAOYSA-N
531,CCl4,-2.301029996,56-23-5,C(Cl)(Cl)(Cl)Cl,2,,NIST,alkane,Aliphatic hydrocarbons,"InChI=1S/CCl4/c2-1(3,4)5",VZGDMQKNWNREIO-UHFFFAOYSA-N
532,CH2(CO2-)2,0.84509804,156-80-9,O=C([O-])C([O-])=O,,,NIST,halogenated,Halogenated organics,"InChI=1S/C2H2O4/c3-1(4)2(5)6/h(H,3,4)(H,5,6)/p-2",MUBZPKHOEPUJKR-UHFFFAOYSA-L
533,CH2(OH)2,-1,463-57-0,OCO,2,,NIST,alcohol,Oxygenated organics,"InChI=1S/CH4O2/c2-1-3/h2-3H,1H2",CKFGINPQOCXMAZ-UHFFFAOYSA-N
534,CH2Br2,-2.301029996,74-95-3,C(Br)Br,2,,NIST,halogenated,Halogenated organics,InChI=1S/CH2Br2/c2-1-3/h1H2,FJBFPHVGVWTDIP-UHFFFAOYSA-N
535,CH2Cl2,-1,75-09-2,C(Cl)Cl,2,,NIST,alkane,Aliphatic hydrocarbons,InChI=1S/CH2Cl2/c2-1-3/h1H2,YMWUJEATGCHHMB-UHFFFAOYSA-N
536,CH2ClCHClCH3,-2.397940009,78-87-5,CC(Cl)CCl,2,,NIST,alkane,Aliphatic hydrocarbons,"InChI=1S/C3H6Cl2/c1-3(5)2-4/h3H,2H2,1H3",KNKRKFALVUDBJE-UHFFFAOYSA-N
537,CH3(CH2)2NH3+,-2,17033-39-5,CCC[NH3+],2,,NIST,alkane,Aliphatic hydrocarbons,"InChI=1S/C3H9N/c1-2-3-4/h2-4H2,1H3/p+1",WGYKZJWCGVVSQN-UHFFFAOYSA-O
538,CH3(CH2)3NH2,5.079181246,109-73-9,CCCCN,,,NIST,alkane,Aliphatic hydrocarbons,"InChI=1S/C4H11N/c1-2-3-4-5/h2-5H2,1H3",HQABUPZFAYXKJW-UHFFFAOYSA-N
539,CH3(CH2)3NH2,5.230448921,109-73-9,CCCCN,,,NIST,alkane,Aliphatic hydrocarbons,"InChI=1S/C4H11N/c1-2-3-4-5/h2-5H2,1H3",HQABUPZFAYXKJW-UHFFFAOYSA-N
540,CH3(CH2)6CHO,0.903089987,124-13-0,CCCCCCCC=O,1.8 - 5.0,,NIST,alkane,Aliphatic hydrocarbons,"InChI=1S/C8H16O/c1-2-3-4-5-6-7-8-9/h8H,2-7H2,1H3",NUJGJRNETVAIRJ-UHFFFAOYSA-N
541,CH3(CH2)7OH,-0.096910013,111-87-5,CCCCCCCCO,2,,NIST,alkane,Aliphatic hydrocarbons,"InChI=1S/C8H18O/c1-2-3-4-5-6-7-8-9/h9H,2-8H2,1H3",KBPLFHHGFOOTCA-UHFFFAOYSA-N
542,CH3C(O-)CCl2,9,130190-72-6,C/C(O)=C(Cl)/Cl,2.1-7.5,,NIST,halogenated,Halogenated organics,"InChI=1S/C3H4Cl2O/c1-2(6)3(4)5/h6H,1H3",GPABOXVPTAFDBT-UHFFFAOYSA-N
543,CH3CCl3,-1.920818754,71-55-6,CC(Cl)(Cl)Cl,2,,NIST,alkane,Aliphatic hydrocarbons,"InChI=1S/C2H3Cl3/c1-2(3,4)5/h1H3",UOCLXMDMGBRAIB-UHFFFAOYSA-N
544,CH3CH2CH2CH(OH)CHCH2,5,4798-44-1,C=CC(O)CCC,2,,NIST,halogenated,Halogenated organics,"InChI=1S/C6H12O/c1-3-5-6(7)4-2/h4,6-7H,2-3,5H2,1H3",BVOSSZSHBZQJOI-UHFFFAOYSA-N
545,CH3CH2CH2CHCHCO2-,5.531478917,20224-66-2,C=CCCC(=O)[O-],,,NIST,halogenated,Halogenated organics,"InChI=1S/C5H8O2/c1-2-3-4-5(6)7/h2H,1,3-4H2,(H,6,7)/p-1",HVAMZGADVCBITI-UHFFFAOYSA-M
546,CH3CH2CH2CO2H,-2.22184875,107-92-6,OC(CCC)=O,,,NIST,alcohol,Oxygenated organics,"InChI=1S/C4H8O2/c1-2-3-4(5)6/h2-3H2,1H3,(H,5,6)",FERIUCNNQQJTOY-UHFFFAOYSA-N
547,CH3CH2CH2COCH3,-1.698970004,107-87-9,CC(CCC)=O,2,,NIST,alkane,Aliphatic hydrocarbons,"InChI=1S/C5H10O/c1-3-4-5(2)6/h3-4H2,1-2H3",XNLICIUVMPYHGG-UHFFFAOYSA-N
548,CH3CH2CH2NH2,-2,107-10-8,CCCN,2,,NIST,alkane,Aliphatic hydrocarbons,"InChI=1S/C3H9N/c1-2-3-4/h2-4H2,1H3",WGYKZJWCGVVSQN-UHFFFAOYSA-N
549,CH3CH2CHCHCH2CO2-,6.278753601,35194-36-6,O=C(CC/C=C/C)O,,,NIST,halogenated,Halogenated organics,"InChI=1S/C6H10O2/c1-2-3-4-5-6(7)8/h2-3H,4-5H2,1H3,(H,7,8)/b3-2+",NIDHFQDUBOVBKZ-NSCUHMNNSA-N
550,CH3CH2CHOHCH2CHCH2,5.255272505,688-99-3,CCC(CC=C)O,2,,NIST,alkane,Aliphatic hydrocarbons,"InChI=1S/C6H12O/c1-3-5-6(7)4-2/h3,6-7H,1,4-5H2,2H3",UOGFCIYBLKSQHL-UHFFFAOYSA-N
551,CH3CH2CO2-,-3,72-03-7,CCC([O-])=O,2~5,,NIST,alkane,Aliphatic hydrocarbons,"InChI=1S/C3H6O2/c1-2-3(4)5/h2H2,1H3,(H,4,5)/p-1",XBDQKXXYIPTUBI-UHFFFAOYSA-M
552,CH3CH2COCH3,-1.15490196,78-93-3,CC(CC)=O,2,,NIST,alkane,Aliphatic hydrocarbons,"InChI=1S/C4H8O/c1-3-4(2)5/h3H2,1-2H3",ZWEHNKRNPOVVGH-UHFFFAOYSA-N
553,CH3CH2SH,5.301029996,75-08-1,CCS,2,,NIST,"sulfide, disulfide",Sulfur-containing organics,"InChI=1S/C2H6S/c1-2-3/h3H,2H2,1H3",DNJIEGIFACGWOD-UHFFFAOYSA-N
554,CH3CHCCl2,2.973127854,563-58-6,Cl/C(Cl)=C\C,2,,NIST,halogenated,Halogenated organics,"InChI=1S/C3H4Cl2/c1-2-3(4)5/h2H,1H3",ZAIDIVBQUMFXEC-UHFFFAOYSA-N
555,CH3CHCl2CO2-,-3.301029996,15302-86-0,C(C(Cl)Cl)C(=O)[O-],6.4,,NIST,alkane,Aliphatic hydrocarbons,"InChI=1S/C3H4Cl2O2/c4-2(5)1-3(6)7/h2H,1H2,(H,6,7)/p-1",HFPLCFMATPQWMD-UHFFFAOYSA-M
556,CH3CHO,0.176091259,75-07-0,CC=O,2,,NIST,alkane,Aliphatic hydrocarbons,"InChI=1S/C2H4O/c1-2-3/h2H,1H3",IKHGUXGNUITLKF-UHFFFAOYSA-N
557,CH3CN,-4.22184875,75-05-8,CC#N,2.1,,NIST,alkane,Aliphatic hydrocarbons,InChI=1S/C2H3N/c1-2-3/h1H3,WEVYAHXRMPXWCK-UHFFFAOYSA-N
558,CH3CO2CH2CH2CH3,-1.522878745,109-60-4,CC(OCCC)=O,2,,NIST,alkane,Aliphatic hydrocarbons,"InChI=1S/C5H10O2/c1-3-4-7-5(2)6/h3-4H2,1-2H3",YKYONYBAUNKHLG-UHFFFAOYSA-N
559,CH3CO2H,-4.522878745,64-19-7,CC(=O)O,,,NIST,alkane,Aliphatic hydrocarbons,"InChI=1S/C2H4O2/c1-2(3)4/h1H3,(H,3,4)",QTBSBXVTEAMEQO-UHFFFAOYSA-N
560,CH3COCH3,-1.494850022,67-64-1,CC(=O)C,2,,NIST,alkane,Aliphatic hydrocarbons,InChI=1S/C3H6O/c1-3(2)4/h1-2H3,CSCPPACGZOOCGX-UHFFFAOYSA-N
561,CH3CON(CH3)2,-0.15490196,127-19-5,CC(=O)N(C)C,7,,NIST,alkane,Aliphatic hydrocarbons,InChI=1S/C4H9NO/c1-4(6)5(2)3/h1-3H3,FXHOOIRPVKKKFG-UHFFFAOYSA-N
562,CH3CON(CH3)2,-0.301029996,127-19-5,CC(=O)N(C)C,3.3,,NIST,alkane,Aliphatic hydrocarbons,InChI=1S/C4H9NO/c1-4(6)5(2)3/h1-3H3,FXHOOIRPVKKKFG-UHFFFAOYSA-N
563,CH3CON(CH3)2,-1.301029996,127-19-5,CC(=O)N(C)C,2.5,,NIST,alkane,Aliphatic hydrocarbons,InChI=1S/C4H9NO/c1-4(6)5(2)3/h1-3H3,FXHOOIRPVKKKFG-UHFFFAOYSA-N
564,CH3CONHCH3,-0.22184875,79-16-3,CC(=O)NC,7.2,,NIST,alkane,Aliphatic hydrocarbons,"InChI=1S/C3H7NO/c1-3(5)4-2/h1-2H3,(H,4,5)",OHLUUHNLEMFGTQ-UHFFFAOYSA-N
565,CH3NCl2,-2,7651-91-4,CN(Cl)Cl,2,,NIST,halogenated,Halogenated organics,InChI=1S/CH3Cl2N/c1-4(2)3/h1H3,DWEYPOWXNBAIDU-UHFFFAOYSA-N
566,CH3NH2,5.146128036,74-89-5,CN,,,NIST,halogenated,Halogenated organics,"InChI=1S/CH5N/c1-2/h2H2,1H3",BAVYZALUXZFZLV-UHFFFAOYSA-N
567,CH3NHCl,2.908485019,6154-14-9,CNCl,4.2,,NIST,halogenated,Halogenated organics,"InChI=1S/CH4ClN/c1-3-2/h3H,1H3",QXJIABOUHLYVHP-UHFFFAOYSA-N
568,CH3SCH3,8.602059991,75-18-3,CSC,8.6,,NIST,"sulfide, disulfide",Sulfur-containing organics,InChI=1S/C2H6S/c1-3-2/h1-2H3,QMMFVYPAHWMCMS-UHFFFAOYSA-N
569,CHBr3,-1.698970004,75-25-2,C(Br)(Br)Br,2,,NIST,halogenated,Halogenated organics,InChI=1S/CHBr3/c2-1(3)4/h1H,DIKBFYAXUHHXCS-UHFFFAOYSA-N
570,CHCl2COCH3,-2.301029996,513-88-2,CC(C(Cl)Cl)=O,,,NIST,alkane,Aliphatic hydrocarbons,"InChI=1S/C3H4Cl2O/c1-2(6)3(4)5/h3H,1H3",CSVFWMMPUJDVKH-UHFFFAOYSA-N
571,CHCl3,-1,67-66-3,C(Cl)(Cl)Cl,2,,NIST,alkane,Aliphatic hydrocarbons,InChI=1S/CHCl3/c2-1(3)4/h1H,HEDRZPFGACZZDS-UHFFFAOYSA-N
572,CI Reactive Black 5,4.274157849,12225-25-1,C1=CC(=CC=C1N=NC2=C(C3=C(C(=C(C=C3C=C2S(=O)(=O)[O-])S(=O)(=O)[O-])N=NC4=CC=C(C=C4)S(=O)(=O)CCOS(=O)(=O)[O-])N)O)S(=O)(=O)CCOS(=O)(=O)[O-].[Na+].[Na+].[Na+].[Na+],1.88,,doi.org/10.1016/j.watres.2012.06.006,diol,Polyfunctional / highly functionalized,"InChI=1S/C26H25N5O19S6.4Na/c27-23-22-15(13-20(53(37,38)39)24(23)30-28-16-1-5-18(6-2-16)51(33,34)11-9-49-55(43,44)45)14-21(54(40,41)42)25(26(22)32)31-29-17-3-7-19(8-4-17)52(35,36)12-10-50-56(46,47)48;;;;/h1-8,13-14,32H,9-12,27H2,(H,37,38,39)(H,40,41,42)(H,43,44,45)(H,46,47,48);;;;/q;4*+1/p-4",HFIYIRIMGZMCPC-UHFFFAOYSA-J
573,CI Reactive Black 5,5.403120521,17095-24-8,C1=CC(=CC=C1N=NC2=C(C3=C(C(=C(C=C3C=C2S(=O)(=O)[O-])S(=O)(=O)[O-])N=NC4=CC=C(C=C4)S(=O)(=O)CCOS(=O)(=O)[O-])N)O)S(=O)(=O)CCOS(=O)(=O)[O-].[Na+].[Na+].[Na+].[Na+],6.1,,doi.org/10.1016/j.watres.2012.06.006,diol,Polyfunctional / highly functionalized,"InChI=1S/C26H25N5O19S6.4Na/c27-23-22-15(13-20(53(37,38)39)24(23)30-28-16-1-5-18(6-2-16)51(33,34)11-9-49-55(43,44)45)14-21(54(40,41)42)25(26(22)32)31-29-17-3-7-19(8-4-17)52(35,36)12-10-50-56(46,47)48;;;;/h1-8,13-14,32H,9-12,27H2,(H,37,38,39)(H,40,41,42)(H,43,44,45)(H,46,47,48);;;;/q;4*+1/p-4",HFIYIRIMGZMCPC-UHFFFAOYSA-J
574,CN-,4.414973348,57-12-5,[C-]#N,2.5~12,,NIST,halogenated,Halogenated organics,InChI=1S/CN/c1-2/q-1,XFXPMWWXUTWYJX-UHFFFAOYSA-N
575,CN-,3,57-12-5,[C-]#N,,,NIST,halogenated,Halogenated organics,InChI=1S/CN/c1-2/q-1,XFXPMWWXUTWYJX-UHFFFAOYSA-N
576,CO2 •-,9.62324929,124-38-9,[O-][C]=O,8.5,,https://doi.org/10.1021/acs.est.1c07694,halogenated,Halogenated organics,InChI=1S/CO2/c2-1-3/q-1,SSODQXRGMVULMF-UHFFFAOYSA-N
577,CO32-,-1,3812-32-6,C(=O)(O)[O-],8~10,,NIST,halogenated,Halogenated organics,"InChI=1S/CH2O3/c2-1(3)4/h(H2,2,3,4)/p-1",BVKZGUZCCUSVTD-UHFFFAOYSA-M
578,CO3·-,-5,16518-46-0,O=[C]([O-])[O],10.4,,NIST,halogenated,Halogenated organics,"InChI=1S/CHO3/c2-1(3)4/h(H,2,3)/p-1",ZHUXMBYIONRQQX-UHFFFAOYSA-M
579,CaDTPA3—,3.792391689,,[Ca+2].O=C([O-])CN(CCN(CC(=O)[O-])CC(=O)[O-])CC(=O)[O-],,,https://doi.org/10.1021/acs.est.8b00586,diol,Polyfunctional / highly functionalized,"InChI=1S/C10H16N2O8.Ca/c13-7(14)3-11(4-8(15)16)1-2-12(5-9(17)18)6-10(19)20;/h1-6H2,(H,13,14)(H,15,16)(H,17,18)(H,19,20);/q;+2/p-4",NVTRPRFAWJGJAJ-UHFFFAOYSA-J
580,CaEDTA2—,5,6766-87-6,[Ca+2].O=C([O-])CN(CCN(CC(=O)[O-])C([O-])=O)C([O-])=O,,,https://doi.org/10.1039/B004417M,diol,Polyfunctional / highly functionalized,"InChI=1S/C8H12N2O8.Ca/c11-5(12)3-9(7(15)16)1-2-10(8(17)18)4-6(13)14;/h1-4H2,(H,11,12)(H,13,14)(H,15,16)(H,17,18);/q;+2/p-4",DHIGDNSVMRUVNT-UHFFFAOYSA-J
581,Carbamazepine,5.477121255,298-46-4,C1=CC=C2C(=C1)C=CC3=CC=CC=C3N2C(=O)N,,,https://doi.org/10.1016/j.watres.2009.07.031,cyclo,Aromatic & PAHs,"InChI=1S/C15H12N2O/c16-15(18)17-13-7-3-1-5-11(13)9-10-12-6-2-4-8-14(12)17/h1-10H,(H2,16,18)",FFGPTBGBLSHEPO-UHFFFAOYSA-N
582,Carbaryl,2.72,1433961-56-8,CNC(=O)Oc1cccc2ccccc12,,,https://doi.org/10.1016/j.jece.2024.112473,alcohol,Oxygenated organics,"InChI=1S/C12H11NO2/c1-13-12(14)15-11-8-4-6-9-5-2-3-7-10(9)11/h2-8H,1H3,(H,13,14)",CVXBEEMKQHEXEN-UHFFFAOYSA-N
583,Carbofuran,2.792391689,1563-66-2,CC1(CC2=C(O1)C(=CC=C2)OC(=O)NC)C,3.7,,NIST,alcohol,Oxygenated organics,"InChI=1S/C12H15NO3/c1-12(2)7-8-5-4-6-9(10(8)16-12)15-11(14)13-3/h4-6H,7H2,1-3H3,(H,13,14)",DUEPRVBVGDRKAG-UHFFFAOYSA-N
584,Carbofuran,2.792391689,1563-66-2,CC1(CC2=C(O1)C(=CC=C2)OC(=O)NC)C,,,doi.org/10.1016/j.watres.2012.06.006,alcohol,Oxygenated organics,"InChI=1S/C12H15NO3/c1-12(2)7-8-5-4-6-9(10(8)16-12)15-11(14)13-3/h4-6H,7H2,1-3H3,(H,13,14)",DUEPRVBVGDRKAG-UHFFFAOYSA-N
585,Carbofuran,2.792391689,1563-66-2,CC1(CC2=C(O1)C(=CC=C2)OC(=O)NC)C,,,https://doi.org/10.1016/0043-1354(91)90155-J,alcohol,Oxygenated organics,"InChI=1S/C12H15NO3/c1-12(2)7-8-5-4-6-9(10(8)16-12)15-11(14)13-3/h4-6H,7H2,1-3H3,(H,13,14)",DUEPRVBVGDRKAG-UHFFFAOYSA-N
586,Carbofuran,2.792391689,1563-66-2,CC1(CC2=C(O1)C(=CC=C2)OC(=O)NC)C,3.7,,doi.org/10.1016/j.watres.2012.06.006,alcohol,Oxygenated organics,"InChI=1S/C12H15NO3/c1-12(2)7-8-5-4-6-9(10(8)16-12)15-11(14)13-3/h4-6H,7H2,1-3H3,(H,13,14)",DUEPRVBVGDRKAG-UHFFFAOYSA-N
587,Carbon tetrachloride,-2.301029996,56-23-5,C(Cl)(Cl)(Cl)Cl,2,,https://doi.org/10.1016/0043-1354(83)90098-2,alkane,Aliphatic hydrocarbons,"InChI=1S/CCl4/c2-1(3,4)5",VZGDMQKNWNREIO-UHFFFAOYSA-N
588,Catalase,4.748188027,7439-89-6,[Fe],7,,NIST,halogenated,Halogenated organics,InChI=1S/Fe,XEEYBQQBJWHFJM-UHFFFAOYSA-N
589,Cefalexin,4.93976,65870-51-1,CC1=C(C(=O)O)N2C(=O)[C@@H](NC(=O)[C@H](N)c3ccccc3)[C@H]2SC1,7,,https://doi.org/10.1016/j.jece.2024.112473,"sulfide, disulfide",Sulfur-containing organics,"InChI=1S/C16H17N3O4S/c1-8-7-24-15-11(14(21)19(15)12(8)16(22)23)18-13(20)10(17)9-5-3-2-4-6-9/h2-6,10-11,15H,7,17H2,1H3,(H,18,20)(H,22,23)/t10-,11-,15-/m1/s1",ZAIPMKNFIOOWCQ-UEKVPHQBSA-N
590,Cefalexin,4.939759626,15686-71-2,CC1=C(N2[C@@H]([C@@H](C2=O)NC(=O)[C@@H](C3=CC=CC=C3)N)SC1)C(=O)O,7,,10.1016/j.chemosphere.2008.08.033,"sulfide, disulfide",Sulfur-containing organics,"InChI=1S/C16H17N3O4S/c1-8-7-24-15-11(14(21)19(15)12(8)16(22)23)18-13(20)10(17)9-5-3-2-4-6-9/h2-6,10-11,15H,7,17H2,1H3,(H,18,20)(H,22,23)/t10-,11-,15-/m1/s1",ZAIPMKNFIOOWCQ-UEKVPHQBSA-N
591,Cellobiose,-0.68,117698-11-0,O=C[C@H](O)[C@@H](O)[C@H](O[C@@H]1O[C@H](CO)[C@@H](O)[C@H](O)[C@H]1O)[C@H](O)CO,,,https://doi.org/10.1016/j.jece.2024.112473,diol,Polyfunctional / highly functionalized,"InChI=1S/C12H22O11/c13-1-4(16)7(18)11(5(17)2-14)23-12-10(21)9(20)8(19)6(3-15)22-12/h1,4-12,14-21H,2-3H2/t4-,5+,6+,7+,8+,9-,10+,11+,12-/m0/s1",DKXNBNKWCZZMJT-WELRSGGNSA-N
592,Cephalexin,4.939519,2101505-56-8,CC1=C(C(=O)O)N2C(=O)[C@@H](NC(=O)[C@H](N)c3ccccc3)[C@H]2SC1,,,https://doi.org/10.1016/j.jece.2024.112473,"sulfide, disulfide",Sulfur-containing organics,"InChI=1S/C16H17N3O4S/c1-8-7-24-15-11(14(21)19(15)12(8)16(22)23)18-13(20)10(17)9-5-3-2-4-6-9/h2-6,10-11,15H,7,17H2,1H3,(H,18,20)(H,22,23)/t10-,11-,15-/m1/s1",ZAIPMKNFIOOWCQ-UEKVPHQBSA-N
593,Cephalexin,4.939519253,15686-71-2,CC1=C(N2[C@@H]([C@@H](C2=O)NC(=O)[C@@H](C3=CC=CC=C3)N)SC1)C(=O)O,,,doi.org/10.1016/j.watres.2012.06.006,"sulfide, disulfide",Sulfur-containing organics,"InChI=1S/C16H17N3O4S/c1-8-7-24-15-11(14(21)19(15)12(8)16(22)23)18-13(20)10(17)9-5-3-2-4-6-9/h2-6,10-11,15H,7,17H2,1H3,(H,18,20)(H,22,23)/t10-,11-,15-/m1/s1",ZAIPMKNFIOOWCQ-UEKVPHQBSA-N
594,Chlorfenvinphos,0.57,1346606-54-9,CCOP(=O)(OCC)O/C(=C\Cl)c1ccc(Cl)cc1Cl,,,https://doi.org/10.1016/j.jece.2024.112473,benzene,Aromatic & PAHs,"InChI=1S/C12H14Cl3O4P/c1-3-17-20(16,18-4-2)19-12(8-13)10-6-5-9(14)7-11(10)15/h5-8H,3-4H2,1-2H3/b12-8-",FSAVDKDHPDSCTO-WQLSENKSSA-N
595,Chlorobenzene,-0.124938737,108-90-7,C1=CC=C(C=C1)Cl,2,,https://doi.org/10.1016/0043-1354(83)90098-2,halogenated,Halogenated organics,InChI=1S/C6H5Cl/c7-6-4-2-1-3-5-6/h1-5H,MVPPADPHJFYWMZ-UHFFFAOYSA-N
596,Chlorobenzene,-0.124938737,108-90-7,C1=CC=C(C=C1)Cl,,,https://doi.org/10.1016/0043-1354(83)90098-2,halogenated,Halogenated organics,InChI=1S/C6H5Cl/c7-6-4-2-1-3-5-6/h1-5H,MVPPADPHJFYWMZ-UHFFFAOYSA-N
597,Chlorodimethylamine,3.28,1585-74-6,CN(C)Cl,,,https://doi.org/10.1016/j.jece.2024.112473,halogenated,Halogenated organics,InChI=1S/C2H6ClN/c1-4(2)3/h1-2H3,MAGVJLLHDZWQFM-UHFFFAOYSA-N
598,Chloroethene,4.146128036,57495-45-1,C=CCl,,,https://doi.org/10.1039/A909668J,halogenated,Halogenated organics,"InChI=1S/C2H3Cl/c1-2-3/h2H,1H2",BZHJMEDXRYGGRV-UHFFFAOYSA-N
599,Chloroform,-1,67-66-3,C(Cl)(Cl)Cl,,,https://doi.org/10.1016/0043-1354(83)90098-2,alkane,Aliphatic hydrocarbons,InChI=1S/CHCl3/c2-1(3)4/h1H,HEDRZPFGACZZDS-UHFFFAOYSA-N
600,Chloroform,-1,67-66-3,C(Cl)(Cl)Cl,2,,https://doi.org/10.1016/0043-1354(83)90098-2,alkane,Aliphatic hydrocarbons,InChI=1S/CHCl3/c2-1(3)4/h1H,HEDRZPFGACZZDS-UHFFFAOYSA-N
601,Chlorothiazide,0.18,376634-04-7,NS(=O)(=O)c1cc2c(cc1Cl)N=CNS2(=O)=O,,,https://doi.org/10.1016/j.jece.2024.112473,"sulfide, disulfide",Sulfur-containing organics,"InChI=1S/C7H6ClN3O4S2/c8-4-1-5-7(2-6(4)16(9,12)13)17(14,15)11-3-10-5/h1-3H,(H,10,11)(H2,9,12,13)",JBMKAUGHUNFTOL-UHFFFAOYSA-N
602,Chlortoluron,1.7,37341-10-9,Cc1ccc(NC(=O)N(C)C)cc1Cl,,,https://doi.org/10.1016/j.jece.2024.112473,cyclo,Aromatic & PAHs,"InChI=1S/C10H13ClN2O/c1-7-4-5-8(6-9(7)11)12-10(14)13(2)3/h4-6H,1-3H3,(H,12,14)",JXCGFZXSOMJFOA-UHFFFAOYSA-N
603,Chromotropic acid,-0.0685,148-25-4,C1=C2C=C(C=C(C2=C(C=C1S(=O)(=O)O)O)O)S(=O)(=O)O,,,10.1016/j.chemosphere.2014.05.068,diol,Polyfunctional / highly functionalized,"InChI=1S/C10H8O8S2/c11-8-3-6(19(13,14)15)1-5-2-7(20(16,17)18)4-9(12)10(5)8/h1-4,11-12H,(H,13,14,15)(H,16,17,18)",HLVXFWDLRHCZEI-UHFFFAOYSA-N
604,Chromotropic acid,-0.0685,388633-48-5,O=S(=O)(O)c1cc(O)c2c(O)cc(S(=O)(=O)O)cc2c1,,,https://doi.org/10.1016/j.jece.2024.112473,"sulfide, disulfide",Sulfur-containing organics,"InChI=1S/C10H8O8S2/c11-8-3-6(19(13,14)15)1-5-2-7(20(16,17)18)4-9(12)10(5)8/h1-4,11-12H,(H,13,14,15)(H,16,17,18)",HLVXFWDLRHCZEI-UHFFFAOYSA-N
605,"Cis-1,2-dichloroethene",2.73239376,156-59-2,C(=C\Cl)\Cl,,,https://doi.org/10.1039/A909668J,halogenated,Halogenated organics,InChI=1S/C2H2Cl2/c3-1-2-4/h1-2H/b2-1-,KFUSEUYYWQURPO-UPHRSURJSA-N
606,"Cis-1,2-dichloroethene",2.73,156-59-2,Cl/C=C\Cl,,,https://doi.org/10.1016/j.jece.2024.112473,halogenated,Halogenated organics,InChI=1S/C2H2Cl2/c3-1-2-4/h1-2H/b2-1-,KFUSEUYYWQURPO-UPHRSURJSA-N
607,Cl-,-2.522878745,16887-00-6,[Cl-],2~4,,NIST,halogenated,Halogenated organics,InChI=1S/ClH/h1H/p-1,VEXZGXHMUGYJMC-UHFFFAOYSA-M
608,Cl2CCCl2,-1,127-18-4,Cl/C(Cl)=C(Cl)/Cl,2,,NIST,halogenated,Halogenated organics,InChI=1S/C2Cl4/c3-1(4)2(5)6,CYTYCFOTNPOANT-UHFFFAOYSA-N
609,ClCH2CH2Cl,0.633468456,107-06-2,C(CCl)Cl,2,,NIST,alkane,Aliphatic hydrocarbons,InChI=1S/C2H4Cl2/c3-1-2-4/h1-2H2,WSLDOOZREJYCGB-UHFFFAOYSA-N
610,ClCH2CHCl2,-1.096910013,79-00-5,ClC(Cl)CCl,2,,NIST,halogenated,Halogenated organics,"InChI=1S/C2H3Cl3/c3-1-2(4)5/h2H,1H2",UBOXGVDOUJQMTN-UHFFFAOYSA-N
611,ClCHCCl2,2.204119983,79-01-6,Cl/C=C(Cl)\Cl,6.9,,NIST,halogenated,Halogenated organics,InChI=1S/C2HCl3/c3-1-2(4)5/h1H,XSTXAVWGXDQKEL-UHFFFAOYSA-N
612,ClCHCCl2,1.643452676,79-01-6,Cl/C=C(Cl)\Cl,4,,NIST,halogenated,Halogenated organics,InChI=1S/C2HCl3/c3-1-2(4)5/h1H,XSTXAVWGXDQKEL-UHFFFAOYSA-N
613,ClCHCCl2,1.672097858,79-01-6,Cl/C=C(Cl)\Cl,2,,NIST,halogenated,Halogenated organics,InChI=1S/C2HCl3/c3-1-2(4)5/h1H,XSTXAVWGXDQKEL-UHFFFAOYSA-N
614,ClO-,1.477121255,14380-61-1,[O-]Cl,5~10,,NIST,halogenated,Halogenated organics,InChI=1S/ClO/c1-2/q-1,WQYVRQLZKVEZGA-UHFFFAOYSA-N
615,ClO-,2.230448921,14380-61-1,[O-]Cl,5~10,,NIST,halogenated,Halogenated organics,InChI=1S/ClO/c1-2/q-1,WQYVRQLZKVEZGA-UHFFFAOYSA-N
616,ClO-,2.041392685,14380-61-1,[O-]Cl,5~10,,NIST,halogenated,Halogenated organics,InChI=1S/ClO/c1-2/q-1,WQYVRQLZKVEZGA-UHFFFAOYSA-N
617,ClO2,3.146128036,10049-04-4,O=Cl[O],2~6,,NIST,halogenated,Halogenated organics,InChI=1S/ClO2/c2-1-3,OSVXSBDYLRYLIG-UHFFFAOYSA-N
618,ClO2,3.041392685,10049-04-4,O=Cl[O],3~11,,NIST,halogenated,Halogenated organics,InChI=1S/ClO2/c2-1-3,OSVXSBDYLRYLIG-UHFFFAOYSA-N
619,ClO2,3.041392685,10049-04-4,O=Cl[O],2~9,,NIST,halogenated,Halogenated organics,InChI=1S/ClO2/c2-1-3,OSVXSBDYLRYLIG-UHFFFAOYSA-N
620,ClO2,3.113943352,10049-04-4,O=Cl[O],2~6,,NIST,halogenated,Halogenated organics,InChI=1S/ClO2/c2-1-3,OSVXSBDYLRYLIG-UHFFFAOYSA-N
621,ClO4-,-4.301029996,14797-73-0,[O-]Cl(=O)(=O)=O,2,,NIST,halogenated,Halogenated organics,"InChI=1S/ClHO4/c2-1(3,4)5/h(H,2,3,4,5)/p-1",VLTRZXGMWDSKGL-UHFFFAOYSA-M
622,Clarithromycin,4.602059991,81103-11-9,CC[C@@H]1[C@@]([C@@H]([C@H](C(=O)[C@@H](C[C@@]([C@@H]([C@H]([C@@H]([C@H](C(=O)O1)C)O[C@H]2C[C@@]([C@H]([C@@H](O2)C)O)(C)OC)C)O[C@H]3[C@@H]([C@H](C[C@H](O3)C)N(C)C)O)(C)OC)C)C)O)(C)O,7,,doi.org/10.1016/j.watres.2012.06.006,diol,Polyfunctional / highly functionalized,"InChI=1S/C38H69NO13/c1-15-26-38(10,45)31(42)21(4)28(40)19(2)17-37(9,47-14)33(52-35-29(41)25(39(11)12)16-20(3)48-35)22(5)30(23(6)34(44)50-26)51-27-18-36(8,46-13)32(43)24(7)49-27/h19-27,29-33,35,41-43,45H,15-18H2,1-14H3/t19-,20-,21+,22+,23-,24+,25+,26-,27+,29-,30+,31-,32+,33-,35+,36-,37-,38-/m1/s1",AGOYDEPGAOXOCK-KCBOHYOISA-N
623,Clarithromycin,4.60206,959119-17-6,CC[C@H]1OC(=O)[C@H](C)[C@@H](O[C@H]2C[C@@](C)(OC)[C@@H](O)[C@H](C)O2)[C@H](C)[C@@H](O[C@@H]2O[C@H](C)C[C@H](N(C)C)[C@H]2O)[C@](C)(OC)C[C@@H](C)C(=O)[C@H](C)[C@@H](O)[C@]1(C)O,7,,https://doi.org/10.1016/j.jece.2024.112473,diol,Polyfunctional / highly functionalized,"InChI=1S/C38H69NO13/c1-15-26-38(10,45)31(42)21(4)28(40)19(2)17-37(9,47-14)33(52-35-29(41)25(39(11)12)16-20(3)48-35)22(5)30(23(6)34(44)50-26)51-27-18-36(8,46-13)32(43)24(7)49-27/h19-27,29-33,35,41-43,45H,15-18H2,1-14H3/t19-,20-,21+,22+,23-,24+,25+,26-,27+,29-,30+,31-,32+,33-,35+,36-,37-,38-/m1/s1",AGOYDEPGAOXOCK-KCBOHYOISA-N
624,Clarithromycin,4.602059991,81103-11-9,CC[C@@H]1[C@@]([C@@H]([C@H](C(=O)[C@@H](C[C@@]([C@@H]([C@H]([C@@H]([C@H](C(=O)O1)C)O[C@H]2C[C@@]([C@H]([C@@H](O2)C)O)(C)OC)C)O[C@H]3[C@@H]([C@H](C[C@H](O3)C)N(C)C)O)(C)OC)C)C)O)(C)O,,,doi.org/10.1016/j.watres.2012.06.006,diol,Polyfunctional / highly functionalized,"InChI=1S/C38H69NO13/c1-15-26-38(10,45)31(42)21(4)28(40)19(2)17-37(9,47-14)33(52-35-29(41)25(39(11)12)16-20(3)48-35)22(5)30(23(6)34(44)50-26)51-27-18-36(8,46-13)32(43)24(7)49-27/h19-27,29-33,35,41-43,45H,15-18H2,1-14H3/t19-,20-,21+,22+,23-,24+,25+,26-,27+,29-,30+,31-,32+,33-,35+,36-,37-,38-/m1/s1",AGOYDEPGAOXOCK-KCBOHYOISA-N
625,Co2+,-0.207608311,22541-53-3,[Co+2],,,NIST,halogenated,Halogenated organics,InChI=1S/Co/q+2,XLJKHNWPARRRJB-UHFFFAOYSA-N
626,Co2+,-0.187086643,22541-53-3,[Co+2],,,NIST,halogenated,Halogenated organics,InChI=1S/Co/q+2,XLJKHNWPARRRJB-UHFFFAOYSA-N
627,Creatinine,0.301029996,60-27-5,CN1CC(=O)N=C1N,2,,NIST,halogenated,Halogenated organics,"InChI=1S/C4H7N3O/c1-7-2-3(8)6-4(7)5/h2H2,1H3,(H2,5,6,8)",DDRJAANPRJIHGJ-UHFFFAOYSA-N
628,Cresol red,0.713,62625-29-0,CC1=C(C=CC(=C1)C2(C3=CC=CC=C3S(=O)(=O)O2)C4=CC(=C(C=C4)O)C)O,,,10.1016/j.chemosphere.2014.05.068,diol,Polyfunctional / highly functionalized,"InChI=1S/C21H18O5S/c1-13-11-15(7-9-18(13)22)21(16-8-10-19(23)14(2)12-16)17-5-3-4-6-20(17)27(24,25)26-21/h3-12,22-23H,1-2H3",OBRMNDMBJQTZHV-UHFFFAOYSA-N
629,Crystal violet,1.04,548-62-9,CN(C)C1=CC=C(C=C1)C(=C2C=CC(=[N+](C)C)C=C2)C3=CC=C(C=C3)N(C)C.[Cl-],,,10.1016/j.chemosphere.2014.05.068,halogenated,Halogenated organics,"InChI=1S/C25H30N3.ClH/c1-26(2)22-13-7-19(8-14-22)25(20-9-15-23(16-10-20)27(3)4)21-11-17-24(18-12-21)28(5)6;/h7-18H,1-6H3;1H/q+1;/p-1",ZXJXZNDDNMQXFV-UHFFFAOYSA-M
630,Cyanazine,1.79,157673-75-1,CCNc1nc(Cl)nc(NC(C)(C)C#N)n1,,,https://doi.org/10.1016/j.jece.2024.112473,alkane,Aliphatic hydrocarbons,"InChI=1S/C9H13ClN6/c1-4-12-7-13-6(10)14-8(15-7)16-9(2,3)5-11/h4H2,1-3H3,(H2,12,13,14,15,16)",MZZBPDKVEFVLFF-UHFFFAOYSA-N
631,Cyanic acid,-2,71000-82-3,C(#N)O,,,doi.org/10.1016/j.watres.2012.06.006,halogenated,Halogenated organics,InChI=1S/CHNO/c2-1-3/h3H,XLJMAIOERFSOGZ-UHFFFAOYSA-N
632,Cyanic acid,-1,487019-29-4,N#CO,7,,https://doi.org/10.1016/j.jece.2024.112473,halogenated,Halogenated organics,InChI=1S/CHNO/c2-1-3/h3H,XLJMAIOERFSOGZ-UHFFFAOYSA-N
633,Cyanide ion,2.74,373-51-3,COC(=O)c1ccc(CC#N)cc1,,,https://doi.org/10.1016/j.jece.2024.112473,alcohol,Oxygenated organics,"InChI=1S/C10H9NO2/c1-13-10(12)9-4-2-8(3-5-9)6-7-11/h2-5H,6H2,1H3",XRZGMNGGCZTNGE-UHFFFAOYSA-N
634,Cyanide(CN—),3,57-12-5,[C-]#N,,,https://doi.org/10.1016/0043-1354(83)90098-2,halogenated,Halogenated organics,InChI=1S/CN/c1-2/q-1,XFXPMWWXUTWYJX-UHFFFAOYSA-N
635,Cyclollentanol,0.301029996,96-41-3,OC1CCCC1,2,,https://doi.org/10.1016/0043-1354(83)90098-2,alcohol,Oxygenated organics,"InChI=1S/C5H10O/c6-5-3-1-2-4-5/h5-6H,1-4H2",XCIXKGXIYUWCLL-UHFFFAOYSA-N
636,Cyclopentanol,0.130333768,96-41-3,C1CCC(C1)O,,,10.23939/chcht10.04si.531,halogenated,Halogenated organics,"InChI=1S/C5H10O/c6-5-3-1-2-4-5/h5-6H,1-4H2",XCIXKGXIYUWCLL-UHFFFAOYSA-N
637,Cyclopentanol,0.301029996,96-41-3,C1CCC(C1)O,2,,10.23939/chcht10.04si.531,halogenated,Halogenated organics,"InChI=1S/C5H10O/c6-5-3-1-2-4-5/h5-6H,1-4H2",XCIXKGXIYUWCLL-UHFFFAOYSA-N
638,Cylindrospermopsin,1.6,221554-69-4,C[C@H]1[C@@H](OS(=O)(=O)O)C[C@@H]2C[C@H]([C@@H](O)c3cc(=O)[nH]c(=O)[nH]3)N=C3NC[C@H]1N32,,,https://doi.org/10.1016/j.jece.2024.112473,cyclo,Aromatic & PAHs,"InChI=1S/C15H21N5O7S/c1-6-10-5-16-14-17-8(13(22)9-4-12(21)19-15(23)18-9)2-7(20(10)14)3-11(6)27-28(24,25)26/h4,6-8,10-11,13,22H,2-3,5H2,1H3,(H,16,17)(H,24,25,26)(H2,18,19,21,23)/t6-,7+,8-,10-,11+,13-/m1/s1",LHJPHMKIGRLKDR-VDPNAHCISA-N
639,CysS-,10.38021124,52-90-4,SC[C@H](N)C(O)=O,,,NIST,"sulfide, disulfide",Sulfur-containing organics,"InChI=1S/C3H7NO2S/c4-2(1-7)3(5)6/h2,7H,1,4H2,(H,5,6)/t2-/m0/s1",XUJNEKJLAYXESH-REOHCLBHSA-N
640,CysSH,6.77815125,4371-52-2,N[C@@H](CS)C(O)=O,7,,NIST,halogenated,Halogenated organics,"InChI=1S/C3H7NO2S/c4-2(1-7)3(5)6/h2,7H,1,4H2,(H,5,6)/t2-/m0/s1",XUJNEKJLAYXESH-REOHCLBHSA-N
641,CysSH,6.602059991,4371-52-2,N[C@@H](CS)C(O)=O,7,,NIST,halogenated,Halogenated organics,"InChI=1S/C3H7NO2S/c4-2(1-7)3(5)6/h2,7H,1,4H2,(H,5,6)/t2-/m0/s1",XUJNEKJLAYXESH-REOHCLBHSA-N
642,CysSH,4.903089987,4371-52-2,N[C@@H](CS)C(O)=O,7,,NIST,halogenated,Halogenated organics,"InChI=1S/C3H7NO2S/c4-2(1-7)3(5)6/h2,7H,1,4H2,(H,5,6)/t2-/m0/s1",XUJNEKJLAYXESH-REOHCLBHSA-N
643,CysSH,4.477121255,4371-52-2,N[C@@H](CS)C(O)=O,2,,NIST,halogenated,Halogenated organics,"InChI=1S/C3H7NO2S/c4-2(1-7)3(5)6/h2,7H,1,4H2,(H,5,6)/t2-/m0/s1",XUJNEKJLAYXESH-REOHCLBHSA-N
644,CysSH,4.62324929,4371-52-2,N[C@@H](CS)C(O)=O,,,NIST,halogenated,Halogenated organics,"InChI=1S/C3H7NO2S/c4-2(1-7)3(5)6/h2,7H,1,4H2,(H,5,6)/t2-/m0/s1",XUJNEKJLAYXESH-REOHCLBHSA-N
645,Cystine,3.477121255,24645-67-8,C([C@@H](C(=O)O)N)SSC[C@@H](C(=O)O)N,7,,NIST,"sulfide, disulfide",Sulfur-containing organics,"InChI=1S/C6H12N2O4S2/c7-3(5(9)10)1-13-14-2-4(8)6(11)12/h3-4H,1-2,7-8H2,(H,9,10)(H,11,12)/t3-,4-/m0/s1",LEVWYRKDKASIDU-IMJSIDKUSA-N
646,Cystine,2.740362689,24645-67-8,C([C@@H](C(=O)O)N)SSC[C@@H](C(=O)O)N,1.8,,NIST,"sulfide, disulfide",Sulfur-containing organics,"InChI=1S/C6H12N2O4S2/c7-3(5(9)10)1-13-14-2-4(8)6(11)12/h3-4H,1-2,7-8H2,(H,9,10)(H,11,12)/t3-,4-/m0/s1",LEVWYRKDKASIDU-IMJSIDKUSA-N
647,Cystine,3,24645-67-8,C([C@@H](C(=O)O)N)SSC[C@@H](C(=O)O)N,3.1,,NIST,"sulfide, disulfide",Sulfur-containing organics,"InChI=1S/C6H12N2O4S2/c7-3(5(9)10)1-13-14-2-4(8)6(11)12/h3-4H,1-2,7-8H2,(H,9,10)(H,11,12)/t3-,4-/m0/s1",LEVWYRKDKASIDU-IMJSIDKUSA-N
648,Cytosine,3.15,71-30-7,Nc1ccnc(=O)[nH]1,,,https://doi.org/10.1016/j.jece.2024.112473,halogenated,Halogenated organics,"InChI=1S/C4H5N3O/c5-3-1-2-6-4(8)7-3/h1-2H,(H3,5,6,7,8)",OPTASPLRGRRNAP-UHFFFAOYSA-N
649,D-Cellobiose,0.505149978,528-50-7,C([C@@H]1[C@H]([C@@H]([C@H]([C@@H](O1)O[C@@H]2[C@H](OC([C@@H]([C@H]2O)O)O)CO)O)O)O)O,4,,NIST,diol,Polyfunctional / highly functionalized,"InChI=1S/C12H22O11/c13-1-3-5(15)6(16)9(19)12(22-3)23-10-4(2-14)21-11(20)8(18)7(10)17/h3-20H,1-2H2/t3-,4-,5-,6+,7-,8-,9-,10-,11?,12+/m1/s1",GUBGYTABKSRVRQ-CUHNMECISA-N
650,D-Cellobiose,0.255272505,528-50-7,C([C@@H]1[C@H]([C@@H]([C@H]([C@@H](O1)O[C@@H]2[C@H](OC([C@@H]([C@H]2O)O)O)CO)O)O)O)O,2.5,,NIST,diol,Polyfunctional / highly functionalized,"InChI=1S/C12H22O11/c13-1-3-5(15)6(16)9(19)12(22-3)23-10-4(2-14)21-11(20)8(18)7(10)17/h3-20H,1-2H2/t3-,4-,5-,6+,7-,8-,9-,10-,11?,12+/m1/s1",GUBGYTABKSRVRQ-CUHNMECISA-N
651,D-Cellobiose,0.812913357,528-50-7,C([C@@H]1[C@H]([C@@H]([C@H]([C@@H](O1)O[C@@H]2[C@H](OC([C@@H]([C@H]2O)O)O)CO)O)O)O)O,6,,NIST,diol,Polyfunctional / highly functionalized,"InChI=1S/C12H22O11/c13-1-3-5(15)6(16)9(19)12(22-3)23-10-4(2-14)21-11(20)8(18)7(10)17/h3-20H,1-2H2/t3-,4-,5-,6+,7-,8-,9-,10-,11?,12+/m1/s1",GUBGYTABKSRVRQ-CUHNMECISA-N
652,D-Cellobiose,0.740362689,528-50-7,C([C@@H]1[C@H]([C@@H]([C@H]([C@@H](O1)O[C@@H]2[C@H](OC([C@@H]([C@H]2O)O)O)CO)O)O)O)O,5.5,,NIST,diol,Polyfunctional / highly functionalized,"InChI=1S/C12H22O11/c13-1-3-5(15)6(16)9(19)12(22-3)23-10-4(2-14)21-11(20)8(18)7(10)17/h3-20H,1-2H2/t3-,4-,5-,6+,7-,8-,9-,10-,11?,12+/m1/s1",GUBGYTABKSRVRQ-CUHNMECISA-N
653,D-Cellobiose,0.707570176,528-50-7,C([C@@H]1[C@H]([C@@H]([C@H]([C@@H](O1)O[C@@H]2[C@H](OC([C@@H]([C@H]2O)O)O)CO)O)O)O)O,5,,NIST,diol,Polyfunctional / highly functionalized,"InChI=1S/C12H22O11/c13-1-3-5(15)6(16)9(19)12(22-3)23-10-4(2-14)21-11(20)8(18)7(10)17/h3-20H,1-2H2/t3-,4-,5-,6+,7-,8-,9-,10-,11?,12+/m1/s1",GUBGYTABKSRVRQ-CUHNMECISA-N
654,D-Cellobiose,0.322219295,528-50-7,C([C@@H]1[C@H]([C@@H]([C@H]([C@@H](O1)O[C@@H]2[C@H](OC([C@@H]([C@H]2O)O)O)CO)O)O)O)O,3,,NIST,diol,Polyfunctional / highly functionalized,"InChI=1S/C12H22O11/c13-1-3-5(15)6(16)9(19)12(22-3)23-10-4(2-14)21-11(20)8(18)7(10)17/h3-20H,1-2H2/t3-,4-,5-,6+,7-,8-,9-,10-,11?,12+/m1/s1",GUBGYTABKSRVRQ-CUHNMECISA-N
655,D-Cellobiose,0.397940009,528-50-7,C([C@@H]1[C@H]([C@@H]([C@H]([C@@H](O1)O[C@@H]2[C@H](OC([C@@H]([C@H]2O)O)O)CO)O)O)O)O,3.5,,NIST,diol,Polyfunctional / highly functionalized,"InChI=1S/C12H22O11/c13-1-3-5(15)6(16)9(19)12(22-3)23-10-4(2-14)21-11(20)8(18)7(10)17/h3-20H,1-2H2/t3-,4-,5-,6+,7-,8-,9-,10-,11?,12+/m1/s1",GUBGYTABKSRVRQ-CUHNMECISA-N
656,D-Fructose,-1.01,108311-21-3,O=C(CO)[C@@H](O)[C@H](O)[C@H](O)CO,,,https://doi.org/10.1016/j.jece.2024.112473,halogenated,Halogenated organics,"InChI=1S/C6H12O6/c7-1-3(9)5(11)6(12)4(10)2-8/h3,5-9,11-12H,1-2H2/t3-,5-,6-/m1/s1",BJHIKXHVCXFQLS-UYFOZJQFSA-N
657,D-Fructose,0.113943352,57-48-7,C1[C@H]([C@H]([C@@H](C(O1)(CO)O)O)O)O,4,,NIST,diol,Polyfunctional / highly functionalized,"InChI=1S/C6H12O6/c7-2-6(11)5(10)4(9)3(8)1-12-6/h3-5,7-11H,1-2H2/t3-,4-,5+,6?/m1/s1",LKDRXBCSQODPBY-VRPWFDPXSA-N
658,D-Galactonic acid,-0.66,29617-77-4,O=C(O)[C@H](O)[C@@H](O)[C@@H](O)[C@H](O)CO,,,https://doi.org/10.1016/j.jece.2024.112473,halogenated,Halogenated organics,"InChI=1S/C6H12O7/c7-1-2(8)3(9)4(10)5(11)6(12)13/h2-5,7-11H,1H2,(H,12,13)/t2-,3+,4+,5-/m1/s1",RGHNJXZEOKUKBD-MGCNEYSASA-N
659,D-Galactonic acid r-lactone,-1.12,1668-08-2,O=C1O[C@@H]([C@H](O)CO)[C@H](O)[C@H]1O,,,https://doi.org/10.1016/j.jece.2024.112473,diol,Polyfunctional / highly functionalized,"InChI=1S/C6H10O6/c7-1-2(8)5-3(9)4(10)6(11)12-5/h2-5,7-10H,1H2/t2-,3-,4-,5+/m1/s1",SXZYCXMUPBBULW-AIHAYLRMSA-N
660,D-Galactose,0.662757832,59-23-4,C([C@@H]1[C@@H]([C@@H]([C@H](C(O1)O)O)O)O)O,5,,NIST,diol,Polyfunctional / highly functionalized,"InChI=1S/C6H12O6/c7-1-2-3(8)4(9)5(10)6(11)12-2/h2-11H,1H2/t2-,3+,4+,5-,6?/m1/s1",WQZGKKKJIJFFOK-SVZMEOIVSA-N
661,D-Galactose,0.431363764,59-23-4,C([C@@H]1[C@@H]([C@@H]([C@H](C(O1)O)O)O)O)O,4,,NIST,diol,Polyfunctional / highly functionalized,"InChI=1S/C6H12O6/c7-1-2-3(8)4(9)5(10)6(11)12-2/h2-11H,1H2/t2-,3+,4+,5-,6?/m1/s1",WQZGKKKJIJFFOK-SVZMEOIVSA-N
662,D-Galactose,0.342422681,59-23-4,C([C@@H]1[C@@H]([C@@H]([C@H](C(O1)O)O)O)O)O,3.5,,NIST,diol,Polyfunctional / highly functionalized,"InChI=1S/C6H12O6/c7-1-2-3(8)4(9)5(10)6(11)12-2/h2-11H,1H2/t2-,3+,4+,5-,6?/m1/s1",WQZGKKKJIJFFOK-SVZMEOIVSA-N
663,D-Galactose,0.204119983,59-23-4,C([C@@H]1[C@@H]([C@@H]([C@H](C(O1)O)O)O)O)O,3,,NIST,diol,Polyfunctional / highly functionalized,"InChI=1S/C6H12O6/c7-1-2-3(8)4(9)5(10)6(11)12-2/h2-11H,1H2/t2-,3+,4+,5-,6?/m1/s1",WQZGKKKJIJFFOK-SVZMEOIVSA-N
664,D-Galactose,0.176091259,59-23-4,C([C@@H]1[C@@H]([C@@H]([C@H](C(O1)O)O)O)O)O,2.5,,NIST,diol,Polyfunctional / highly functionalized,"InChI=1S/C6H12O6/c7-1-2-3(8)4(9)5(10)6(11)12-2/h2-11H,1H2/t2-,3+,4+,5-,6?/m1/s1",WQZGKKKJIJFFOK-SVZMEOIVSA-N
665,D-Galactose,0.880813592,59-23-4,C([C@@H]1[C@@H]([C@@H]([C@H](C(O1)O)O)O)O)O,6,,NIST,diol,Polyfunctional / highly functionalized,"InChI=1S/C6H12O6/c7-1-2-3(8)4(9)5(10)6(11)12-2/h2-11H,1H2/t2-,3+,4+,5-,6?/m1/s1",WQZGKKKJIJFFOK-SVZMEOIVSA-N
666,D-Galactose,0.748188027,59-23-4,C([C@@H]1[C@@H]([C@@H]([C@H](C(O1)O)O)O)O)O,5.5,,NIST,diol,Polyfunctional / highly functionalized,"InChI=1S/C6H12O6/c7-1-2-3(8)4(9)5(10)6(11)12-2/h2-11H,1H2/t2-,3+,4+,5-,6?/m1/s1",WQZGKKKJIJFFOK-SVZMEOIVSA-N
667,D-Galacturonic acid,0.301029996,685-73-4,[C@@H]1([C@H]([C@H](OC([C@@H]1O)O)C(=O)O)O)O,4,,NIST,diol,Polyfunctional / highly functionalized,"InChI=1S/C6H10O7/c7-1-2(8)4(5(10)11)13-6(12)3(1)9/h1-4,6-9,12H,(H,10,11)/t1-,2+,3+,4-,6?/m0/s1",AEMOLEFTQBMNLQ-YMDCURPLSA-N
668,D-Gluconic acid,-0.62,2464-13-3,O=C(O)[C@H](O)[C@@H](O)[C@H](O)[C@H](O)CO,,,https://doi.org/10.1016/j.jece.2024.112473,halogenated,Halogenated organics,"InChI=1S/C6H12O7/c7-1-2(8)3(9)4(10)5(11)6(12)13/h2-5,7-11H,1H2,(H,12,13)/t2-,3-,4+,5-/m1/s1",RGHNJXZEOKUKBD-SQOUGZDYSA-N
669,D-Gluconic acid ƍ-lacion,-0.64,2464-13-3,O=C1O[C@@H](O)[C@@H](O)[C@H](O)[C@H]1CO,,,https://doi.org/10.1016/j.jece.2024.112473,diol,Polyfunctional / highly functionalized,"InChI=1S/C6H10O6/c7-1-2-3(8)4(9)6(11)12-5(2)10/h2-4,6-9,11H,1H2/t2-,3-,4+,6-/m1/s1",REGAYRVWFRIMAA-KAQMDTKVSA-N
670,D-Glucose,-0.77,13456-61-6,O=C[C@H](O)[C@@H](O)[C@H](O)[C@H](O)CO,,,https://doi.org/10.1016/j.jece.2024.112473,halogenated,Halogenated organics,"InChI=1S/C6H12O6/c7-1-3(9)5(11)6(12)4(10)2-8/h1,3-6,8-12H,2H2/t3-,4+,5+,6+/m0/s1",GZCGUPFRVQAUEE-SLPGGIOYSA-N
671,D-Glucuronic acid,-1.06,576-37-4,O=C[C@H](O)[C@@H](O)[C@H](O)[C@H](O)C(=O)O,,,https://doi.org/10.1016/j.jece.2024.112473,halogenated,Halogenated organics,"InChI=1S/C6H10O7/c7-1-2(8)3(9)4(10)5(11)6(12)13/h1-5,8-11H,(H,12,13)/t2-,3+,4-,5-/m0/s1",IAJILQKETJEXLJ-QTBDOELSSA-N
672,D-Mannose,0.76,4314-62-9,O=C[C@@H](O)[C@@H](O)[C@H](O)[C@H](O)CO,,,https://doi.org/10.1016/j.jece.2024.112473,halogenated,Halogenated organics,"InChI=1S/C6H12O6/c7-1-3(9)5(11)6(12)4(10)2-8/h1,3-6,8-12H,2H2/t3-,4-,5-,6-/m1/s1",GZCGUPFRVQAUEE-KVTDHHQDSA-N
673,D-Mannose,0.079181246,3458-28-4,C([C@@H]1[C@H]([C@@H]([C@@H](C(O1)O)O)O)O)O,2.5,,NIST,diol,Polyfunctional / highly functionalized,"InChI=1S/C6H12O6/c7-1-2-3(8)4(9)5(10)6(11)12-2/h2-11H,1H2/t2-,3-,4+,5+,6?/m1/s1",WQZGKKKJIJFFOK-QTVWNMPRSA-N
674,D-Mannose,0.176091259,3458-28-4,C([C@@H]1[C@H]([C@@H]([C@@H](C(O1)O)O)O)O)O,3,,NIST,diol,Polyfunctional / highly functionalized,"InChI=1S/C6H12O6/c7-1-2-3(8)4(9)5(10)6(11)12-2/h2-11H,1H2/t2-,3-,4+,5+,6?/m1/s1",WQZGKKKJIJFFOK-QTVWNMPRSA-N
675,D-Mannose,0.763427994,3458-28-4,C([C@@H]1[C@H]([C@@H]([C@@H](C(O1)O)O)O)O)O,6,,NIST,diol,Polyfunctional / highly functionalized,"InChI=1S/C6H12O6/c7-1-2-3(8)4(9)5(10)6(11)12-2/h2-11H,1H2/t2-,3-,4+,5+,6?/m1/s1",WQZGKKKJIJFFOK-QTVWNMPRSA-N
676,D-Mannose,0.255272505,3458-28-4,C([C@@H]1[C@H]([C@@H]([C@@H](C(O1)O)O)O)O)O,3.5,,NIST,diol,Polyfunctional / highly functionalized,"InChI=1S/C6H12O6/c7-1-2-3(8)4(9)5(10)6(11)12-2/h2-11H,1H2/t2-,3-,4+,5+,6?/m1/s1",WQZGKKKJIJFFOK-QTVWNMPRSA-N
677,D-Mannose,0.681241237,3458-28-4,C([C@@H]1[C@H]([C@@H]([C@@H](C(O1)O)O)O)O)O,5.5,,NIST,diol,Polyfunctional / highly functionalized,"InChI=1S/C6H12O6/c7-1-2-3(8)4(9)5(10)6(11)12-2/h2-11H,1H2/t2-,3-,4+,5+,6?/m1/s1",WQZGKKKJIJFFOK-QTVWNMPRSA-N
678,D-Mannose,0.568201724,3458-28-4,C([C@@H]1[C@H]([C@@H]([C@@H](C(O1)O)O)O)O)O,5,,NIST,diol,Polyfunctional / highly functionalized,"InChI=1S/C6H12O6/c7-1-2-3(8)4(9)5(10)6(11)12-2/h2-11H,1H2/t2-,3-,4+,5+,6?/m1/s1",WQZGKKKJIJFFOK-QTVWNMPRSA-N
679,D-Mannose,0.380211242,3458-28-4,C([C@@H]1[C@H]([C@@H]([C@@H](C(O1)O)O)O)O)O,4,,NIST,diol,Polyfunctional / highly functionalized,"InChI=1S/C6H12O6/c7-1-2-3(8)4(9)5(10)6(11)12-2/h2-11H,1H2/t2-,3-,4+,5+,6?/m1/s1",WQZGKKKJIJFFOK-QTVWNMPRSA-N
680,D-Xylose,-0.167491087,58-86-6,C1[C@H]([C@@H]([C@H](C(O1)O)O)O)O,3,,NIST,diol,Polyfunctional / highly functionalized,"InChI=1S/C5H10O5/c6-2-1-10-5(9)4(8)3(2)7/h2-9H,1H2/t2-,3+,4-,5?/m1/s1",SRBFZHDQGSBBOR-IOVATXLUSA-N
681,D-Xylose,-0.301029996,58-86-6,C1[C@H]([C@@H]([C@H](C(O1)O)O)O)O,2.5,,NIST,diol,Polyfunctional / highly functionalized,"InChI=1S/C5H10O5/c6-2-1-10-5(9)4(8)3(2)7/h2-9H,1H2/t2-,3+,4-,5?/m1/s1",SRBFZHDQGSBBOR-IOVATXLUSA-N
682,D-Xylose,0,58-86-6,C1[C@H]([C@@H]([C@H](C(O1)O)O)O)O,3.5,,NIST,diol,Polyfunctional / highly functionalized,"InChI=1S/C5H10O5/c6-2-1-10-5(9)4(8)3(2)7/h2-9H,1H2/t2-,3+,4-,5?/m1/s1",SRBFZHDQGSBBOR-IOVATXLUSA-N
683,D-Xylose,0.146128036,58-86-6,C1[C@H]([C@@H]([C@H](C(O1)O)O)O)O,4,,NIST,diol,Polyfunctional / highly functionalized,"InChI=1S/C5H10O5/c6-2-1-10-5(9)4(8)3(2)7/h2-9H,1H2/t2-,3+,4-,5?/m1/s1",SRBFZHDQGSBBOR-IOVATXLUSA-N
684,D-Xylose,0.477121255,58-86-6,C1[C@H]([C@@H]([C@H](C(O1)O)O)O)O,5,,NIST,diol,Polyfunctional / highly functionalized,"InChI=1S/C5H10O5/c6-2-1-10-5(9)4(8)3(2)7/h2-9H,1H2/t2-,3+,4-,5?/m1/s1",SRBFZHDQGSBBOR-IOVATXLUSA-N
685,D-Xylose,0.602059991,58-86-6,C1[C@H]([C@@H]([C@H](C(O1)O)O)O)O,5.5,,NIST,diol,Polyfunctional / highly functionalized,"InChI=1S/C5H10O5/c6-2-1-10-5(9)4(8)3(2)7/h2-9H,1H2/t2-,3+,4-,5?/m1/s1",SRBFZHDQGSBBOR-IOVATXLUSA-N
686,D-Xylose,0.792391689,58-86-6,C1[C@H]([C@@H]([C@H](C(O1)O)O)O)O,6,,NIST,diol,Polyfunctional / highly functionalized,"InChI=1S/C5H10O5/c6-2-1-10-5(9)4(8)3(2)7/h2-9H,1H2/t2-,3+,4-,5?/m1/s1",SRBFZHDQGSBBOR-IOVATXLUSA-N
687,DABCO,6.505149978,280-49-9,C1CN2CCN1CC2,,,doi.org/10.1016/j.watres.2012.06.006,halogenated,Halogenated organics,InChI=1S/C6H12N2/c1-2-8-5-3-7(1)4-6-8/h1-6H2,IMNIMPAHZVJRPE-UHFFFAOYSA-N
688,DABCO,6.4175,33322-06-4,C1CN2CCN1CC2,,,https://doi.org/10.1016/j.jece.2024.112473,halogenated,Halogenated organics,InChI=1S/C6H12N2/c1-2-8-5-3-7(1)4-6-8/h1-6H2,IMNIMPAHZVJRPE-UHFFFAOYSA-N
689,DABCO-H+,3.544068,33322-06-4,C1C[NH+]2CCN1CC2,,,https://doi.org/10.1016/j.jece.2024.112473,halogenated,Halogenated organics,InChI=1S/C6H12N2/c1-2-8-5-3-7(1)4-6-8/h1-6H2/p+1,IMNIMPAHZVJRPE-UHFFFAOYSA-O
690,DABCO-H+,3.544068044,280-57-9,[N+1]12CNCCN1CC2,,,doi.org/10.1016/j.watres.2012.06.006,halogenated,Halogenated organics,"InChI=1S/C5H11N3/c1-2-7-3-4-8(7)5-6-1/h6H,1-5H2/q+1",MOJRVRCEIYOJNQ-UHFFFAOYSA-N
691,DEET,0.848189117,134-62-3,CCN(CC)C(=O)C1=CC=CC(=C1)C,2,40,https://doi.org/10.1016/j.apcatb.2016.09.029,alkane,Aliphatic hydrocarbons,"InChI=1S/C12H17NO/c1-4-13(5-2)12(14)11-8-6-7-10(3)9-11/h6-9H,4-5H2,1-3H3",MMOXZBCLCQITDF-UHFFFAOYSA-N
692,DEET,-0.91721463,134-62-3,CCN(CC)C(=O)C1=CC=CC(=C1)C,2~9,20,https://doi.org/10.1016/j.watres.2012.11.016,alkane,Aliphatic hydrocarbons,"InChI=1S/C12H17NO/c1-4-13(5-2)12(14)11-8-6-7-10(3)9-11/h6-9H,4-5H2,1-3H3",MMOXZBCLCQITDF-UHFFFAOYSA-N
693,DEET,0.627365857,134-62-3,CCN(CC)C(=O)C1=CC=CC(=C1)C,2,25,https://doi.org/10.1016/j.apcatb.2016.09.029,alkane,Aliphatic hydrocarbons,"InChI=1S/C12H17NO/c1-4-13(5-2)12(14)11-8-6-7-10(3)9-11/h6-9H,4-5H2,1-3H3",MMOXZBCLCQITDF-UHFFFAOYSA-N
694,DMSO,0.857332496,67-68-5,CS(=O)C,6,,NIST,"sulfide, disulfide",Sulfur-containing organics,InChI=1S/C2H6OS/c1-4(2)3/h1-2H3,IAZDPXIOMUYVGZ-UHFFFAOYSA-N
695,DMSO,0.875061263,67-68-5,CS(=O)C,4.5,,NIST,"sulfide, disulfide",Sulfur-containing organics,InChI=1S/C2H6OS/c1-4(2)3/h1-2H3,IAZDPXIOMUYVGZ-UHFFFAOYSA-N
696,DMSO,0.913813852,67-68-5,CS(=O)C,2.3,,NIST,"sulfide, disulfide",Sulfur-containing organics,InChI=1S/C2H6OS/c1-4(2)3/h1-2H3,IAZDPXIOMUYVGZ-UHFFFAOYSA-N
697,DMSO,0.755874856,67-68-5,CS(=O)C,2~9,,NIST,"sulfide, disulfide",Sulfur-containing organics,InChI=1S/C2H6OS/c1-4(2)3/h1-2H3,IAZDPXIOMUYVGZ-UHFFFAOYSA-N
698,DMSO,0.908485019,67-68-5,CS(=O)C,7,,NIST,"sulfide, disulfide",Sulfur-containing organics,InChI=1S/C2H6OS/c1-4(2)3/h1-2H3,IAZDPXIOMUYVGZ-UHFFFAOYSA-N
699,Dalapon,-3.30103,58811-23-7,CC(Cl)(Cl)C(=O)O,7,,https://doi.org/10.1016/j.jece.2024.112473,alkane,Aliphatic hydrocarbons,"InChI=1S/C3H4Cl2O2/c1-3(4,5)2(6)7/h1H3,(H,6,7)",NDUPDOJHUQKPAG-UHFFFAOYSA-N
700,Dalapon,-3.301029996,75-99-0,CC(C(=O)O)(Cl)Cl,,,doi.org/10.1016/j.watres.2012.06.006,alkane,Aliphatic hydrocarbons,"InChI=1S/C3H4Cl2O2/c1-3(4,5)2(6)7/h1H3,(H,6,7)",NDUPDOJHUQKPAG-UHFFFAOYSA-N
701,Dalapon,-3.301029996,75-99-0,CC(C(=O)O)(Cl)Cl,6.4,,https://doi.org/10.1016/0043-1354(83)90098-2,alkane,Aliphatic hydrocarbons,"InChI=1S/C3H4Cl2O2/c1-3(4,5)2(6)7/h1H3,(H,6,7)",NDUPDOJHUQKPAG-UHFFFAOYSA-N
702,Deoxyglucose,0.204119983,154-17-6,C(C=O)[C@H]([C@@H]([C@@H](CO)O)O)O,4,,NIST,diol,Polyfunctional / highly functionalized,"InChI=1S/C6H12O5/c7-2-1-4(9)6(11)5(10)3-8/h2,4-6,8-11H,1,3H2/t4-,5-,6+/m1/s1",VRYALKFFQXWPIH-PBXRRBTRSA-N
703,Diazepam,-0.124938737,53320-84-6,CN1C(=O)CN=C(C2=C1C=CC(=C2)Cl)C3=CC=CC=C3,,,doi.org/10.1016/j.watres.2012.06.006,cyclo,Aromatic & PAHs,"InChI=1S/C16H13ClN2O/c1-19-14-8-7-12(17)9-13(14)16(18-10-15(19)20)11-5-3-2-4-6-11/h2-9H,10H2,1H3",AAOVKJBEBIDNHE-UHFFFAOYSA-N
704,Diazepam,-0.122469368,53320-84-6,CN1C(=O)CN=C(C2=C1C=CC(=C2)Cl)C3=CC=CC=C3,7,,doi.org/10.1016/j.watres.2012.06.006,cyclo,Aromatic & PAHs,"InChI=1S/C16H13ClN2O/c1-19-14-8-7-12(17)9-13(14)16(18-10-15(19)20)11-5-3-2-4-6-11/h2-9H,10H2,1H3",AAOVKJBEBIDNHE-UHFFFAOYSA-N
705,Dibutyl phthalate,-1.03621,93952-11-5,CCCCOC(=O)c1ccccc1C(=O)OCCCC,,,https://doi.org/10.1016/j.jece.2024.112473,diol,Polyfunctional / highly functionalized,"InChI=1S/C16H22O4/c1-3-5-11-19-15(17)13-9-7-8-10-14(13)16(18)20-12-6-4-2/h7-10H,3-6,11-12H2,1-2H3",DOIRQSBPFJWKBE-UHFFFAOYSA-N
706,Diclofenac,6,15307-86-5,C1=CC=C(C(=C1)CC(=O)O)NC2=C(C=CC=C2Cl)Cl,,,https://doi.org/10.1016/j.watres.2009.07.031,halogenated,Halogenated organics,"InChI=1S/C14H11Cl2NO2/c15-10-5-3-6-11(16)14(10)17-12-7-2-1-4-9(12)8-13(18)19/h1-7,17H,8H2,(H,18,19)",DCOPUUMXTXDBNB-UHFFFAOYSA-N
707,Dicrotophos,-1.52,141-66-2,COP(=O)(OC)O/C(C)=C/C(=O)N(C)C,,,https://doi.org/10.1016/j.jece.2024.112473,phosphorus,Phosphorus-containing organics,"InChI=1S/C8H16NO5P/c1-7(6-8(10)9(2)3)14-15(11,12-4)13-5/h6H,1-5H3/b7-6+",VEENJGZXVHKXNB-VOTSOKGWSA-N
708,Diethyl ether,-0.05,8013-43-2,CCOCC,,,https://doi.org/10.1016/j.jece.2024.112473,alcohol,Oxygenated organics,"InChI=1S/C4H10O/c1-3-5-4-2/h3-4H2,1-2H3",RTZKZFJDLAIYFH-UHFFFAOYSA-N
709,Diethyl phthalate,0.82,84-66-2,CCOC(=O)C1=CC=CC=C1C(=O)OCC,7,,10.1016/j.scitotenv.2020.136816,diol,Polyfunctional / highly functionalized,"InChI=1S/C12H14O4/c1-3-15-11(13)9-7-5-6-8-10(9)12(14)16-4-2/h5-8H,3-4H2,1-2H3",FLKPEMZONWLCSK-UHFFFAOYSA-N
710,Diethyl phthalate,-0.853871964,84-66-2,CCOC(=O)C1=CC=CC=C1C(=O)OCC,2,,NIST,diol,Polyfunctional / highly functionalized,"InChI=1S/C12H14O4/c1-3-15-11(13)9-7-5-6-8-10(9)12(14)16-4-2/h5-8H,3-4H2,1-2H3",FLKPEMZONWLCSK-UHFFFAOYSA-N
711,Diethyl phthalate,0.82,1817006-92-0,CCOC(=O)c1ccccc1C(=O)OCC,7,,https://doi.org/10.1016/j.jece.2024.112473,diol,Polyfunctional / highly functionalized,"InChI=1S/C12H14O4/c1-3-15-11(13)9-7-5-6-8-10(9)12(14)16-4-2/h5-8H,3-4H2,1-2H3",FLKPEMZONWLCSK-UHFFFAOYSA-N
712,Diethyl vinylphosphonate,3.52,136950-56-6,C=CP(=O)(OCC)OCC,,,https://doi.org/10.1016/j.jece.2024.112473,alcohol,Oxygenated organics,"InChI=1S/C6H13O3P/c1-4-8-10(7,6-3)9-5-2/h6H,3-5H2,1-2H3",DREPONDJUKIQLX-UHFFFAOYSA-N
713,Diethyl-phthalate,0.97,1817006-92-0,CCOC(=O)c1ccccc1C(=O)OCC,,,https://doi.org/10.1016/j.jece.2024.112473,diol,Polyfunctional / highly functionalized,"InChI=1S/C12H14O4/c1-3-15-11(13)9-7-5-6-8-10(9)12(14)16-4-2/h5-8H,3-4H2,1-2H3",FLKPEMZONWLCSK-UHFFFAOYSA-N
714,Diethylamine,5.859041392,109-89-7,CCNCC,,,doi.org/10.1016/j.watres.2012.06.006,alkane,Aliphatic hydrocarbons,"InChI=1S/C4H11N/c1-3-5-4-2/h5H,3-4H2,1-2H3",HPNMFZURTQLUMO-UHFFFAOYSA-N
715,Diethylamine,5.780832563,109-89-7,CCNCC,5,,doi.org/10.1016/j.watres.2012.06.006,alkane,Aliphatic hydrocarbons,"InChI=1S/C4H11N/c1-3-5-4-2/h5H,3-4H2,1-2H3",HPNMFZURTQLUMO-UHFFFAOYSA-N
716,Diethyleneglycol,-0.46,1219804-11-1,OCCOCCO,,,https://doi.org/10.1016/j.jece.2024.112473,diol,Polyfunctional / highly functionalized,"InChI=1S/C4H10O3/c5-1-3-7-4-2-6/h5-6H,1-4H2",MTHSVFCYNBDYFN-UHFFFAOYSA-N
717,Diethylether,0.041392685,60-29-7,CCOCC,2,,https://doi.org/10.1016/0043-1354(83)90098-2,alcohol,Oxygenated organics,"InChI=1S/C4H10O/c1-3-5-4-2/h3-4H2,1-2H3",RTZKZFJDLAIYFH-UHFFFAOYSA-N
718,Diethylether,0.041392685,60-29-7,CCOCC,2,,10.1016/0043-1354(83)90098-2,alcohol,Oxygenated organics,"InChI=1S/C4H10O/c1-3-5-4-2/h3-4H2,1-2H3",RTZKZFJDLAIYFH-UHFFFAOYSA-N
719,Dihydroxymethane,-1,463-57-0,OCO,,,https://doi.org/10.1016/j.jece.2024.112473,alcohol,Oxygenated organics,"InChI=1S/CH4O2/c2-1-3/h2-3H,1H2",CKFGINPQOCXMAZ-UHFFFAOYSA-N
720,Dimedone,5.602059991,126-81-8,CC1(CC(=O)CC(=O)C1)C,2,,NIST,cyclo,Aromatic & PAHs,"InChI=1S/C8H12O2/c1-8(2)4-6(9)3-7(10)5-8/h3-5H2,1-2H3",BADXJIPKFRBFOT-UHFFFAOYSA-N
721,Dimedone,0.04,37110-24-0,CC1(C)CC(=O)CC(=O)C1,,,https://doi.org/10.1016/j.jece.2024.112473,benzene,Aromatic & PAHs,"InChI=1S/C8H12O2/c1-8(2)4-6(9)3-7(10)5-8/h3-5H2,1-2H3",BADXJIPKFRBFOT-UHFFFAOYSA-N
722,Dimethipin,5.08,55290-64-7,CC1=C(C)S(=O)(=O)CCS1(=O)=O,,,https://doi.org/10.1016/j.jece.2024.112473,"sulfide, disulfide",Sulfur-containing organics,"InChI=1S/C6H10O4S2/c1-5-6(2)12(9,10)4-3-11(5,7)8/h3-4H2,1-2H3",PHVNLLCAQHGNKU-UHFFFAOYSA-N
723,Dimethyl phthalate,-0.698970004,131-11-3,COC(=O)C1=CC=CC=C1C(=O)OC,2,,NIST,diol,Polyfunctional / highly functionalized,"InChI=1S/C10H10O4/c1-13-9(11)7-5-3-4-6-8(7)10(12)14-2/h3-6H,1-2H3",NIQCNGHVCWTJSM-UHFFFAOYSA-N
724,Dimethyl-,-0.698970004,115-10-6,COC,2,,https://doi.org/10.1016/0043-1354(83)90098-2,alcohol,Oxygenated organics,InChI=1S/C2H6O/c1-3-2/h1-2H3,LCGLNKUTAGEVQW-UHFFFAOYSA-N
725,Dimethylamine,4.30103,124-40-3,CNC,6,,https://doi.org/10.1016/j.jece.2024.112473,halogenated,Halogenated organics,"InChI=1S/C2H7N/c1-3-2/h3H,1-2H3",ROSDSFDQCJNGOL-UHFFFAOYSA-N
726,Dimethylaminomethy,6.38,88046-09-7,CN(C)Cc1ccc(O)cc1,,,https://doi.org/10.1016/j.jece.2024.112473,benzene,Aromatic & PAHs,"InChI=1S/C9H13NO/c1-10(2)7-8-3-5-9(11)6-4-8/h3-6,11H,7H2,1-2H3",NFVPEIKDMMISQO-UHFFFAOYSA-N
727,Dimethylformamide,-0.62,56955-15-8,CN(C)C=O,,,https://doi.org/10.1016/j.jece.2024.112473,halogenated,Halogenated organics,"InChI=1S/C3H7NO/c1-4(2)3-5/h3H,1-2H3",ZMXDDKWLCZADIW-UHFFFAOYSA-N
728,Dinoseb,2.48,6365-83-9,CC[C@H](C)c1cc([N+](=O)[O-])cc([N+](=O)[O-])c1O,,,https://doi.org/10.1016/j.jece.2024.112473,diol,Polyfunctional / highly functionalized,"InChI=1S/C10H12N2O5/c1-3-6(2)8-4-7(11(14)15)5-9(10(8)13)12(16)17/h4-6,13H,3H2,1-2H3/t6-/m0/s1",OWZPCEFYPSAJFR-LURJTMIESA-N
729,Dinoseb,5.176091259,88-85-7,CCC(C)C1=C(C(=CC(=C1)[N+](=O)[O-])[N+](=O)[O-])O,,,https://doi.org/10.1016/0043-1354(91)90155-J,diol,Polyfunctional / highly functionalized,"InChI=1S/C10H12N2O5/c1-3-6(2)8-4-7(11(14)15)5-9(10(8)13)12(16)17/h4-6,13H,3H2,1-2H3",OWZPCEFYPSAJFR-UHFFFAOYSA-N
730,Dioxane,-0.494850022,123-91-1,C1COCCO1,2,,NIST,alcohol,Oxygenated organics,InChI=1S/C4H8O2/c1-2-6-4-3-5-1/h1-4H2,RYHBNJHYFVUHQT-UHFFFAOYSA-N
731,Dioxane,-0.494850022,5703-46-8,C1COCCO1,2,,https://doi.org/10.1016/0043-1354(83)90098-2,alcohol,Oxygenated organics,InChI=1S/C4H8O2/c1-2-6-4-3-5-1/h1-4H2,RYHBNJHYFVUHQT-UHFFFAOYSA-N
732,Dioxane,-0.494850022,5703-46-8,C1COCCO1,2,,10.1016/0043-1354(83)90098-2,alcohol,Oxygenated organics,InChI=1S/C4H8O2/c1-2-6-4-3-5-1/h1-4H2,RYHBNJHYFVUHQT-UHFFFAOYSA-N
733,Dipropyl phthalate,-0.958607315,131-16-8,CCCOC(=O)C1=CC=CC=C1C(=O)OCCC,,,10.1016/j.jhazmat.2011.08.054,diol,Polyfunctional / highly functionalized,"InChI=1S/C14H18O4/c1-3-9-17-13(15)11-7-5-6-8-12(11)14(16)18-10-4-2/h5-8H,3-4,9-10H2,1-2H3",MQHNKCZKNAJROC-UHFFFAOYSA-N
734,Dipropylsulfide,5.301029996,111-47-7,CCCSCCC,2,,https://doi.org/10.1016/0043-1354(83)90098-2,"sulfide, disulfide",Sulfur-containing organics,"InChI=1S/C6H14S/c1-3-5-7-6-4-2/h3-6H2,1-2H3",ZERULLAPCVRMCO-UHFFFAOYSA-N
735,Diquat,-0.22184875,2764-72-9,C1C[N+]2=CC=CC=C2C3=CC=CC=[N+]31,3.1,,https://doi.org/10.1016/0043-1354(83)90098-2,halogenated,Halogenated organics,"InChI=1S/C12H12N2/c1-3-7-13-9-10-14-8-4-2-6-12(14)11(13)5-1/h1-8H,9-10H2/q+2",SYJFEGQWDCRVNX-UHFFFAOYSA-N
736,Diquat,-0.22184875,2764-72-9,C1C[N+]2=CC=CC=C2C3=CC=CC=[N+]31,3.1,,10.1016/0043-1354(91)90155-J,halogenated,Halogenated organics,"InChI=1S/C12H12N2/c1-3-7-13-9-10-14-8-4-2-6-12(14)11(13)5-1/h1-8H,9-10H2/q+2",SYJFEGQWDCRVNX-UHFFFAOYSA-N
737,Diquat,-0.22184875,2764-72-9,C1C[N+]2=CC=CC=C2C3=CC=CC=[N+]31,3.1,,NIST,halogenated,Halogenated organics,"InChI=1S/C12H12N2/c1-3-7-13-9-10-14-8-4-2-6-12(14)11(13)5-1/h1-8H,9-10H2/q+2",SYJFEGQWDCRVNX-UHFFFAOYSA-N
738,Diuron,1.19,15500-95-5,CN(C)C(=O)Nc1ccc(Cl)c(Cl)c1,,,https://doi.org/10.1016/j.jece.2024.112473,benzene,Aromatic & PAHs,"InChI=1S/C9H10Cl2N2O/c1-13(2)9(14)12-6-3-4-7(10)8(11)5-6/h3-5H,1-2H3,(H,12,14)",XMTQQYYKAHVGBJ-UHFFFAOYSA-N
739,EDTA,6.505149978,60-00-4,C(CN(CC(=O)O)CC(=O)O)N(CC(=O)O)CC(=O)O,,,doi.org/10.1016/j.watres.2012.06.006,diol,Polyfunctional / highly functionalized,"InChI=1S/C10H16N2O8/c13-7(14)3-11(4-8(15)16)1-2-12(5-9(17)18)6-10(19)20/h1-6H2,(H,13,14)(H,15,16)(H,17,18)(H,19,20)",KCXVZYZYPLLWCC-UHFFFAOYSA-N
740,EDTA-H+,5.20412,90294-99-8,O=C([O-])CN(CCN(CC(=O)O)CC(=O)O)CC(=O)O,,,https://doi.org/10.1016/j.jece.2024.112473,diol,Polyfunctional / highly functionalized,"InChI=1S/C10H16N2O8/c13-7(14)3-11(4-8(15)16)1-2-12(5-9(17)18)6-10(19)20/h1-6H2,(H,13,14)(H,15,16)(H,17,18)(H,19,20)/p-1",KCXVZYZYPLLWCC-UHFFFAOYSA-M
741,EDTA4—,6.505149978,64-02-8,O=C([O-])CN(CC([O-])=O)CCN(CC([O-])=O)CC([O-])=O.[Na+].[Na+].[Na+].[Na+],,,https://doi.org/10.1039/B004417M,diol,Polyfunctional / highly functionalized,"InChI=1S/C10H16N2O8.4Na/c13-7(14)3-11(4-8(15)16)1-2-12(5-9(17)18)6-10(19)20;;;;/h1-6H2,(H,13,14)(H,15,16)(H,17,18)(H,19,20);;;;/q;4*+1/p-4",UEUXEKPTXMALOB-UHFFFAOYSA-J
742,Endothall,0.301029996,145-73-3,C1C[C@H]2[C@@H]([C@@H]([C@@H]1O2)C(=O)O)C(=O)O,,,doi.org/10.1016/j.watres.2012.06.006,halogenated,Halogenated organics,"InChI=1S/C8H10O5/c9-7(10)5-3-1-2-4(13-3)6(5)8(11)12/h3-6H,1-2H2,(H,9,10)(H,11,12)/t3-,4+,5-,6+",GXEKYRXVRROBEV-FBXFSONDSA-N
743,Endothall,0.301029996,145-73-3,C1C[C@H]2[C@@H]([C@@H]([C@@H]1O2)C(=O)O)C(=O)O,4.2~6.1,,https://doi.org/10.1016/0043-1354(83)90098-2,halogenated,Halogenated organics,"InChI=1S/C8H10O5/c9-7(10)5-3-1-2-4(13-3)6(5)8(11)12/h3-6H,1-2H2,(H,9,10)(H,11,12)/t3-,4+,5-,6+",GXEKYRXVRROBEV-FBXFSONDSA-N
744,Endothall,0.301029996,145-73-3,C1C[C@H]2[C@@H]([C@@H]([C@@H]1O2)C(=O)O)C(=O)O,,,doi.org/10.1016/j.watres.2012.06.006,halogenated,Halogenated organics,"InChI=1S/C8H10O5/c9-7(10)5-3-1-2-4(13-3)6(5)8(11)12/h3-6H,1-2H2,(H,9,10)(H,11,12)/t3-,4+,5-,6+",GXEKYRXVRROBEV-FBXFSONDSA-N
745,Endothall,0.30103,1276197-30-8,O=C([O-])[C@@H]1[C@H](C(=O)[O-])[C@H]2CC[C@@H]1O2.[Na+].[Na+],6,,https://doi.org/10.1016/j.jece.2024.112473,diol,Polyfunctional / highly functionalized,"InChI=1S/C8H10O5.2Na/c9-7(10)5-3-1-2-4(13-3)6(5)8(11)12;;/h3-6H,1-2H2,(H,9,10)(H,11,12);;/q;2*+1/p-2/t3-,4+,5-,6+;;",XRHVZWWRFMCBAZ-PXYBLNDHSA-L
746,Endothall,0.301029996,145-73-3,C1C[C@H]2[C@@H]([C@@H]([C@@H]1O2)C(=O)O)C(=O)O,4.2 - 6.1,,NIST,halogenated,Halogenated organics,"InChI=1S/C8H10O5/c9-7(10)5-3-1-2-4(13-3)6(5)8(11)12/h3-6H,1-2H2,(H,9,10)(H,11,12)/t3-,4+,5-,6+",GXEKYRXVRROBEV-FBXFSONDSA-N
747,Endrin,-1.698970004,72-20-8,C1[C@@H]2[C@@H]3[C@H]([C@H]1[C@H]4[C@@H]2O4)[C@@]5(C(=C([C@]3(C5(Cl)Cl)Cl)Cl)Cl)Cl,,,https://doi.org/10.1016/0043-1354(91)90155-J,halogenated,Halogenated organics,"InChI=1S/C12H8Cl6O/c13-8-9(14)11(16)5-3-1-2(6-7(3)19-6)4(5)10(8,15)12(11,17)18/h2-7H,1H2/t2-,3+,4-,5+,6-,7+,10-,11+",DFBKLUNHFCTMDC-GKRDHZSOSA-N
748,Epichlorohydrin,-2.522878745,106-89-8,C1C(O1)CCl,4.1,,NIST,halogenated,Halogenated organics,"InChI=1S/C3H5ClO/c4-1-3-2-5-3/h3H,1-2H2",BRLQWZUYTZBJKN-UHFFFAOYSA-N
749,Eriochrome blue black R,0.625,2538-85-4,C1=CC=C2C(=C1)C=CC(=C2N=NC3=C(C=C(C4=CC=CC=C43)S(=O)(=O)[O-])O)O.[Na+],,,10.1016/j.chemosphere.2014.05.068,diol,Polyfunctional / highly functionalized,"InChI=1S/C20H14N2O5S.Na/c23-16-10-9-12-5-1-2-6-13(12)19(16)21-22-20-15-8-4-3-7-14(15)18(11-17(20)24)28(25,26)27;/h1-11,23-24H,(H,25,26,27);/q;+1/p-1",ZQWICJYATMSSSD-UHFFFAOYSA-M
750,EtOH,-0.431798276,64-17-5,CCO,2,,NIST,alkane,Aliphatic hydrocarbons,"InChI=1S/C2H6O/c1-2-3/h3H,2H2,1H3",LFQSCWFLJHTTHZ-UHFFFAOYSA-N
751,EtOH,0.556302501,64-17-5,CCO,7.9,,NIST,alkane,Aliphatic hydrocarbons,"InChI=1S/C2H6O/c1-2-3/h3H,2H2,1H3",LFQSCWFLJHTTHZ-UHFFFAOYSA-N
752,EtOH,0.146128036,64-17-5,CCO,7,,NIST,alkane,Aliphatic hydrocarbons,"InChI=1S/C2H6O/c1-2-3/h3H,2H2,1H3",LFQSCWFLJHTTHZ-UHFFFAOYSA-N
753,EtOH,-0.346787486,64-17-5,CCO,2.2,,NIST,alkane,Aliphatic hydrocarbons,"InChI=1S/C2H6O/c1-2-3/h3H,2H2,1H3",LFQSCWFLJHTTHZ-UHFFFAOYSA-N
754,EtOH,-0.337242168,64-17-5,CCO,5.2,,NIST,alkane,Aliphatic hydrocarbons,"InChI=1S/C2H6O/c1-2-3/h3H,2H2,1H3",LFQSCWFLJHTTHZ-UHFFFAOYSA-N
755,EtOH,-0.113509275,64-17-5,CCO,8.1,,NIST,alkane,Aliphatic hydrocarbons,"InChI=1S/C2H6O/c1-2-3/h3H,2H2,1H3",LFQSCWFLJHTTHZ-UHFFFAOYSA-N
756,EtOH,-0.229147988,64-17-5,CCO,3.4,,NIST,alkane,Aliphatic hydrocarbons,"InChI=1S/C2H6O/c1-2-3/h3H,2H2,1H3",LFQSCWFLJHTTHZ-UHFFFAOYSA-N
757,EtOH,-0.346787486,64-17-5,CCO,2.1,,NIST,alkane,Aliphatic hydrocarbons,"InChI=1S/C2H6O/c1-2-3/h3H,2H2,1H3",LFQSCWFLJHTTHZ-UHFFFAOYSA-N
758,EtOH,-0.142667504,64-17-5,CCO,7.3,,NIST,alkane,Aliphatic hydrocarbons,"InChI=1S/C2H6O/c1-2-3/h3H,2H2,1H3",LFQSCWFLJHTTHZ-UHFFFAOYSA-N
759,EtOH,-0.292429824,64-17-5,CCO,7.2,,NIST,alkane,Aliphatic hydrocarbons,"InChI=1S/C2H6O/c1-2-3/h3H,2H2,1H3",LFQSCWFLJHTTHZ-UHFFFAOYSA-N
760,Ethanol,-0.113509275,64-17-5,CCO,8.1,,10.23939/chcht10.04si.531,alkane,Aliphatic hydrocarbons,"InChI=1S/C2H6O/c1-2-3/h3H,2H2,1H3",LFQSCWFLJHTTHZ-UHFFFAOYSA-N
761,Ethanol,-0.142667504,64-17-5,CCO,7.3,,https://doi.org/10.1016/0043-1354(83)90098-2,alkane,Aliphatic hydrocarbons,"InChI=1S/C2H6O/c1-2-3/h3H,2H2,1H3",LFQSCWFLJHTTHZ-UHFFFAOYSA-N
762,Ethanol,-0.292429824,64-17-5,CCO,7.2,,https://doi.org/10.1016/0043-1354(83)90098-2,alkane,Aliphatic hydrocarbons,"InChI=1S/C2H6O/c1-2-3/h3H,2H2,1H3",LFQSCWFLJHTTHZ-UHFFFAOYSA-N
763,Ethanol,-0.337242168,64-17-5,CCO,5.2,,https://doi.org/10.1016/0043-1354(83)90098-2,alkane,Aliphatic hydrocarbons,"InChI=1S/C2H6O/c1-2-3/h3H,2H2,1H3",LFQSCWFLJHTTHZ-UHFFFAOYSA-N
764,Ethanol,-0.431798276,64-17-5,CCO,2,,https://doi.org/10.1016/0043-1354(83)90098-2,alkane,Aliphatic hydrocarbons,"InChI=1S/C2H6O/c1-2-3/h3H,2H2,1H3",LFQSCWFLJHTTHZ-UHFFFAOYSA-N
765,Ethanol,-0.346787486,64-17-5,CCO,2.2,,https://doi.org/10.1016/0043-1354(83)90098-2,alkane,Aliphatic hydrocarbons,"InChI=1S/C2H6O/c1-2-3/h3H,2H2,1H3",LFQSCWFLJHTTHZ-UHFFFAOYSA-N
766,Ethanol,-0.292429824,64-17-5,CCO,7.2,,10.23939/chcht10.04si.531,alkane,Aliphatic hydrocarbons,"InChI=1S/C2H6O/c1-2-3/h3H,2H2,1H3",LFQSCWFLJHTTHZ-UHFFFAOYSA-N
767,Ethanol,-0.14267,8013-52-3,C1=CO1,7.3,,https://doi.org/10.1016/j.jece.2024.112473,halogenated,Halogenated organics,InChI=1S/C2H2O/c1-2-3-1/h1-2H,BJEYNNFDAPPGST-UHFFFAOYSA-N
768,Ethanol,-0.11351,8013-52-3,C1=CO1,8.1,,https://doi.org/10.1016/j.jece.2024.112473,halogenated,Halogenated organics,InChI=1S/C2H2O/c1-2-3-1/h1-2H,BJEYNNFDAPPGST-UHFFFAOYSA-N
769,Ethanol,-0.4318,8013-52-3,C1=CO1,2,,https://doi.org/10.1016/j.jece.2024.112473,halogenated,Halogenated organics,InChI=1S/C2H2O/c1-2-3-1/h1-2H,BJEYNNFDAPPGST-UHFFFAOYSA-N
770,Ethanol,-0.142667504,64-17-5,CCO,7.3,,10.23939/chcht10.04si.531,alkane,Aliphatic hydrocarbons,"InChI=1S/C2H6O/c1-2-3/h3H,2H2,1H3",LFQSCWFLJHTTHZ-UHFFFAOYSA-N
771,Ethanol,-0.431798276,64-17-5,CCO,2,,10.23939/chcht10.04si.531,alkane,Aliphatic hydrocarbons,"InChI=1S/C2H6O/c1-2-3/h3H,2H2,1H3",LFQSCWFLJHTTHZ-UHFFFAOYSA-N
772,Ethanol,-0.113509275,64-17-5,CCO,8.1,,https://doi.org/10.1016/0043-1354(83)90098-2,alkane,Aliphatic hydrocarbons,"InChI=1S/C2H6O/c1-2-3/h3H,2H2,1H3",LFQSCWFLJHTTHZ-UHFFFAOYSA-N
773,Ethanol,-0.29243,8013-52-3,C1=CO1,7.2,,https://doi.org/10.1016/j.jece.2024.112473,halogenated,Halogenated organics,InChI=1S/C2H2O/c1-2-3-1/h1-2H,BJEYNNFDAPPGST-UHFFFAOYSA-N
774,Ethylamine,5.174347095,75-04-7,CCN,6,,10.1016/j.watres.2019.03.089,alkane,Aliphatic hydrocarbons,"InChI=1S/C2H7N/c1-2-3/h2-3H2,1H3",QUSNBJAOOMFDIB-UHFFFAOYSA-N
775,Ethylbenzene,1.146128036,100-41-4,CCC1=CC=CC=C1,2,,https://doi.org/10.1016/0043-1354(83)90098-2,cyclo,Aromatic & PAHs,"InChI=1S/C8H10/c1-2-8-6-4-3-5-7-8/h3-7H,2H2,1H3",YNQLUTRBYVCPMQ-UHFFFAOYSA-N
776,Ethylene glycol,-0.37,9056-32-0,OCCO,,,https://doi.org/10.1016/j.jece.2024.112473,alcohol,Oxygenated organics,"InChI=1S/C2H6O2/c3-1-2-4/h3-4H,1-2H2",LYCAIKOWRPUZTN-UHFFFAOYSA-N
777,Ethylenzene,1.15,70955-17-8,CCc1ccccc1,,,https://doi.org/10.1016/j.jece.2024.112473,benzene,Aromatic & PAHs,"InChI=1S/C8H10/c1-2-8-6-4-3-5-7-8/h3-7H,2H2,1H3",YNQLUTRBYVCPMQ-UHFFFAOYSA-N
778,Ethylmercaptan,5.301029996,75-08-1,CCS,2,,https://doi.org/10.1016/0043-1354(83)90098-2,"sulfide, disulfide",Sulfur-containing organics,"InChI=1S/C2H6S/c1-2-3/h3H,2H2,1H3",DNJIEGIFACGWOD-UHFFFAOYSA-N
779,Ethylparaben,6.28,120-47-8,CCOC(=O)C1=CC=C(C=C1)O,7,,"https://doi.org/10.1080/10826070701738787, https://doi.org10.1016/j.chemosphere.2010.09.008.",alcohol,Oxygenated organics,"InChI=1S/C9H10O3/c1-2-12-9(11)7-3-5-8(10)6-4-7/h3-6,10H,2H2,1H3",NUVBSKCKDOMJSU-UHFFFAOYSA-N
780,Ethylparaben,9.06,120-47-8,CCOC(=O)C1=CC=C(C=C1)O,12,,"https://doi.org/10.1080/10826070701738787, https://doi.org/10.1016/j.chemosphere.2010.09.009.",alcohol,Oxygenated organics,"InChI=1S/C9H10O3/c1-2-12-9(11)7-3-5-8(10)6-4-7/h3-6,10H,2H2,1H3",NUVBSKCKDOMJSU-UHFFFAOYSA-N
781,Ethylparaben,2.56,120-47-8,CCOC(=O)C1=CC=C(C=C1)O,2,,"https://doi.org/10.1080/10826070701738787, https://doi.org/10.1016/j.chemosphere.2010.09.007.",alcohol,Oxygenated organics,"InChI=1S/C9H10O3/c1-2-12-9(11)7-3-5-8(10)6-4-7/h3-6,10H,2H2,1H3",NUVBSKCKDOMJSU-UHFFFAOYSA-N
782,FA,5.086359831,381-63-5,FCC(N)=N,,,https://doi.org/10.1016/j.chemosphere.2023.138782,halogenated,Halogenated organics,"InChI=1S/C2H5FN2/c3-1-2(4)5/h1H2,(H3,4,5)",HAIYEFMGUXOXIY-UHFFFAOYSA-N
783,FDCA,3.346352974,3238-40-2,C1=C(OC(=C1)C(=O)O)C(=O)O,,,https://doi.org/10.1016/j.chemosphere.2023.138782,halogenated,Halogenated organics,"InChI=1S/C6H4O5/c7-5(8)3-1-2-4(11-3)6(9)10/h1-2H,(H,7,8)(H,9,10)",CHTHALBTIRVDBM-UHFFFAOYSA-N
784,Fe(III)(DTPA2—/,1,12389-75-2,[O-]C(CN(CC([O-])=O)CCN(CC([O-])=O)CCN(CC([O-])=O)CC(O)=O)=O.[Na+].[Fe+3],,,https://doi.org/10.1021/acs.est.8b00586,diol,Polyfunctional / highly functionalized,"InChI=1S/C14H23N3O10.Fe.Na/c18-10(19)5-15(1-3-16(6-11(20)21)7-12(22)23)2-4-17(8-13(24)25)9-14(26)27;;/h1-9H2,(H,18,19)(H,20,21)(H,22,23)(H,24,25)(H,26,27);;/q;+3;+1/p-4",UEHRTZASQAWUOJ-UHFFFAOYSA-J
785,Fe(III)EDTA,2.51851394,15275-07-7,O=C1O[Fe-]([N]2(C1)CC3=O)(O3)(OC4=O)(O5)[N](C4)(CC2)CC5=O,,,https://doi.org/10.1039/B004417M,diol,Polyfunctional / highly functionalized,,
786,Fe2+,5.913813852,15438-31-0,[Fe+2],0~2,,NIST,halogenated,Halogenated organics,InChI=1S/Fe/q+2,CWYNVVGOOAEACU-UHFFFAOYSA-N
787,Fe2+,5.698970004,15438-31-0,[Fe+2],2,,NIST,halogenated,Halogenated organics,InChI=1S/Fe/q+2,CWYNVVGOOAEACU-UHFFFAOYSA-N
788,Fe2+,5.230448921,15438-31-0,[Fe+2],0,,NIST,halogenated,Halogenated organics,InChI=1S/Fe/q+2,CWYNVVGOOAEACU-UHFFFAOYSA-N
789,Fenobucarb,2.42,3766-81-2,CC[C@H](C)c1ccccc1OC(=O)NC,,,https://doi.org/10.1016/j.jece.2024.112473,alcohol,Oxygenated organics,"InChI=1S/C12H17NO2/c1-4-9(2)10-7-5-6-8-11(10)15-12(14)13-3/h5-9H,4H2,1-3H3,(H,13,14)/t9-/m0/s1",DIRFUJHNVNOBMY-VIFPVBQESA-N
790,Fenofibric acid,0.53529412,42017-89-0,CC(C)(C(=O)O)OC1=CC=C(C=C1)C(=O)C2=CC=C(C=C2)Cl,,,doi.org/10.1016/j.watres.2012.06.006,alcohol,Oxygenated organics,"InChI=1S/C17H15ClO4/c1-17(2,16(20)21)22-14-9-5-12(6-10-14)15(19)11-3-7-13(18)8-4-11/h3-10H,1-2H3,(H,20,21)",MQOBSOSZFYZQOK-UHFFFAOYSA-N
791,Fenoprofen,5.152288344,31879-05-7,CC(C1=CC(=CC=C1)OC2=CC=CC=C2)C(=O)O,8,,10.1002/ep.12306,alcohol,Oxygenated organics,"InChI=1S/C15H14O3/c1-11(15(16)17)12-6-5-9-14(10-12)18-13-7-3-2-4-8-13/h2-11H,1H3,(H,16,17)",RDJGLLICXDHJDY-UHFFFAOYSA-N
792,Fenoprop,0.949390007,93-72-1,CC(C(=O)O)OC1=CC(=C(C=C1Cl)Cl)Cl,,,10.1016/0043-1354(91)90155-J,alcohol,Oxygenated organics,"InChI=1S/C9H7Cl3O3/c1-4(9(13)14)15-8-3-6(11)5(10)2-7(8)12/h2-4H,1H3,(H,13,14)",ZLSWBLPERHFHIS-UHFFFAOYSA-N
793,Fenoprop,0.949390007,93-72-1,CC(C(=O)O)OC1=CC(=C(C=C1Cl)Cl)Cl,3.4,,10.1016/0043-1354(91)90155-J,alcohol,Oxygenated organics,"InChI=1S/C9H7Cl3O3/c1-4(9(13)14)15-8-3-6(11)5(10)2-7(8)12/h2-4H,1H3,(H,13,14)",ZLSWBLPERHFHIS-UHFFFAOYSA-N
794,Fenuron,2.16,1219802-06-8,CN(C)C(=O)Nc1ccccc1,,,https://doi.org/10.1016/j.jece.2024.112473,benzene,Aromatic & PAHs,"InChI=1S/C9H12N2O/c1-11(2)9(12)10-8-6-4-3-5-7-8/h3-7H,1-2H3,(H,10,12)",XXOYNJXVWVNOOJ-UHFFFAOYSA-N
795,Fluconazole,0.15,86386-73-4,C1=CC(=C(C=C1F)F)C(CN2C=NC=N2)(CN3C=NC=N3)O,,,doi.org/10.1016/j.watres.2012.06.006,halogenated,Halogenated organics,"InChI=1S/C13H12F2N6O/c14-10-1-2-11(12(15)3-10)13(22,4-20-8-16-6-18-20)5-21-9-17-7-19-21/h1-3,6-9,22H,4-5H2",RFHAOTPXVQNOHP-UHFFFAOYSA-N
796,Flumequine,0.81,42835-68-7,C[C@H]1CCc2cc(F)cc3c(=O)c(C(=O)O)cn1c23,,,https://doi.org/10.1016/j.jece.2024.112473,cyclo,Aromatic & PAHs,"InChI=1S/C14H12FNO3/c1-7-2-3-8-4-9(15)5-10-12(8)16(7)6-11(13(10)17)14(18)19/h4-7H,2-3H2,1H3,(H,18,19)/t7-/m0/s1",DPSPPJIUMHPXMA-ZETCQYMHSA-N
797,Fluoranthene,3.98,93951-69-0,c1ccc2c(c1)-c1cccc3cccc-2c13,,,https://doi.org/10.1016/j.jece.2024.112473,cyclo,Aromatic & PAHs,InChI=1S/C16H10/c1-2-8-13-12(7-1)14-9-3-5-11-6-4-10-15(13)16(11)14/h1-10H,GVEPBJHOBDJJJI-UHFFFAOYSA-N
798,Fluorene,1.218665203,86-73-7,C1C2=CC=CC=C2C3=CC=CC=C31,,,10.1021/ie00044a012,cyclo,Aromatic & PAHs,"InChI=1S/C13H10/c1-3-7-12-10(5-1)9-11-6-2-4-8-13(11)12/h1-8H,9H2",NIHNNTQXNPWCJQ-UHFFFAOYSA-N
799,Formaldehyde,-1,8013-13-6,C=O,2,,https://doi.org/10.1016/0043-1354(83)90098-2,halogenated,Halogenated organics,InChI=1S/CH2O/c1-2/h1H2,WSFSSNUMVMOOMR-UHFFFAOYSA-N
800,Formaldehyde,-1,25155-81-1,C=O,2,,https://doi.org/10.1016/j.jece.2024.112473,halogenated,Halogenated organics,InChI=1S/CH2O/c1-2/h1H2,WSFSSNUMVMOOMR-UHFFFAOYSA-N
801,Formaldehyde,-1,8013-13-6,C=O,2,,10.1016/0043-1354(83)90098-2,halogenated,Halogenated organics,InChI=1S/CH2O/c1-2/h1H2,WSFSSNUMVMOOMR-UHFFFAOYSA-N
802,Formic acid,0.698970004,64-18-6,C(=O)O,2,,10.1016/0043-1354(83)90099-4,halogenated,Halogenated organics,"InChI=1S/CH2O2/c2-1-3/h1H,(H,2,3)",BDAGIHXWWSANSR-UHFFFAOYSA-N
803,Fuchsin Basic,0.73,632-99-5,CC1=CC(=C(C2=CC=C(C=C2)N)C3=CC=C(C=C3)N)C=CC1=N.Cl,,,10.1016/j.cej.2014.05.073,cyclo,Aromatic & PAHs,"InChI=1S/C20H19N3.ClH/c1-13-12-16(6-11-19(13)23)20(14-2-7-17(21)8-3-14)15-4-9-18(22)10-5-15;/h2-12,23H,21-22H2,1H3;1H",AXDJCCTWPBKUKL-UHFFFAOYSA-N
804,Fumarate ion,5,142-44-9,[O-]/C=C/C(=O)[O-],5,,NIST,halogenated,Halogenated organics,"InChI=1S/C3H4O3/c4-2-1-3(5)6/h1-2,4H,(H,5,6)/p-2/b2-1+",ZJKIBABOSPFBNO-OWOJBTEDSA-L
805,Fumarate ion,3.77815125,142-44-9,[O-]/C=C/C(=O)[O-],2,,NIST,halogenated,Halogenated organics,"InChI=1S/C3H4O3/c4-2-1-3(5)6/h1-2,4H,(H,5,6)/p-2/b2-1+",ZJKIBABOSPFBNO-OWOJBTEDSA-L
806,Fumaric acid,3.77815125,110-17-8,C(=C/C(=O)O)\C(=O)O,2,,NIST,halogenated,Halogenated organics,"InChI=1S/C4H4O4/c5-3(6)1-2-4(7)8/h1-2H,(H,5,6)(H,7,8)/b2-1+",VZCYOOQTPOCHFL-OWOJBTEDSA-N
807,Fumaricacid,3.77815125,110-17-8,O=C(/C=C/C(O)=O)O,2,,https://doi.org/10.1016/0043-1354(83)90098-2,diol,Polyfunctional / highly functionalized,"InChI=1S/C4H4O4/c5-3(6)1-2-4(7)8/h1-2H,(H,5,6)(H,7,8)/b2-1+",VZCYOOQTPOCHFL-OWOJBTEDSA-N
808,Furosemide,4.832508913,54-31-9,C1=COC(=C1)CNC2=CC(=C(C=C2C(=O)O)S(=O)(=O)N)Cl,,,doi.org/10.1016/j.watres.2012.06.006,"sulfide, disulfide",Sulfur-containing organics,"InChI=1S/C12H11ClN2O5S/c13-9-5-10(15-6-7-2-1-3-20-7)8(12(16)17)4-11(9)21(14,18)19/h1-5,15H,6H2,(H,16,17)(H2,14,18,19)",ZZUFCTLCJUWOSV-UHFFFAOYSA-N
809,Gabapentin,1.136720567,60142-96-3,C1CCC(CC1)(CC(=O)O)CN,7,,https://doi.org/10.1021/acs.est.2c06709,halogenated,Halogenated organics,"InChI=1S/C9H17NO2/c10-7-9(6-8(11)12)4-2-1-3-5-9/h1-7,10H2,(H,11,12)",UGJMXCAKCUNAIE-UHFFFAOYSA-N
810,Gabapentin,0.230448921,60142-96-3,C1CCC(CC1)(CC(=O)O)CN,6,,https://doi.org/10.1021/acs.est.2c06709,halogenated,Halogenated organics,"InChI=1S/C9H17NO2/c10-7-9(6-8(11)12)4-2-1-3-5-9/h1-7,10H2,(H,11,12)",UGJMXCAKCUNAIE-UHFFFAOYSA-N
811,Gabapentin,4.431363764,60142-96-3,C1CCC(CC1)(CC(=O)O)CN,10,,https://doi.org/10.1021/acs.est.2c06709,halogenated,Halogenated organics,"InChI=1S/C9H17NO2/c10-7-9(6-8(11)12)4-2-1-3-5-9/h1-7,10H2,(H,11,12)",UGJMXCAKCUNAIE-UHFFFAOYSA-N
812,Gabapentin,5.176091259,60142-96-3,C1CCC(CC1)(CC(=O)O)CN,11.5,,https://doi.org/10.1021/acs.est.2c06709,halogenated,Halogenated organics,"InChI=1S/C9H17NO2/c10-7-9(6-8(11)12)4-2-1-3-5-9/h1-7,10H2,(H,11,12)",UGJMXCAKCUNAIE-UHFFFAOYSA-N
813,Gabapentin,1.92992956,60142-96-3,C1CCC(CC1)(CC(=O)O)CN,8,,https://doi.org/10.1021/acs.est.2c06709,halogenated,Halogenated organics,"InChI=1S/C9H17NO2/c10-7-9(6-8(11)12)4-2-1-3-5-9/h1-7,10H2,(H,11,12)",UGJMXCAKCUNAIE-UHFFFAOYSA-N
814,Geosmin,1,5173-69-3,C[C@H]1CCC[C@@]2([C@@]1(CCCC2)O)C,,,https://doi.org/10.1002/j.1551-8833.1990.tb06967.x,halogenated,Halogenated organics,"InChI=1S/C12H22O/c1-10-6-5-8-11(2)7-3-4-9-12(10,11)13/h10,13H,3-9H2,1-2H3/t10-,11+,12-/m0/s1",JLPUXFOGCDVKGO-TUAOUCFPSA-N
815,Gln,1.903089987,56-85-9,C(CC(=O)N)[C@@H](C(=O)O)N,7,,NIST,halogenated,Halogenated organics,"InChI=1S/C5H10N2O3/c6-3(5(9)10)1-2-4(7)8/h3H,1-2,6H2,(H2,7,8)(H,9,10)/t3-/m0/s1",ZDXPYRJPNDTMRX-VKHMYHEASA-N
816,Glucose,-0.045757491,492-61-5,C([C@@H]1[C@H]([C@@H]([C@H](C(O1)O)O)O)O)O,6,,https://doi.org/10.1016/0043-1354(83)90098-2,diol,Polyfunctional / highly functionalized,"InChI=1S/C6H12O6/c7-1-2-3(8)4(9)5(10)6(11)12-2/h2-11H,1H2/t2-,3-,4+,5-,6?/m1/s1",WQZGKKKJIJFFOK-GASJEMHNSA-N
817,Glucose,-0.045757491,93780-23-5,C([C@@H]1[C@H]([C@@H]([C@H](C(O1)O)O)O)O)O,6,,10.1016/0043-1354(83)90098-2,diol,Polyfunctional / highly functionalized,"InChI=1S/C6H12O6/c7-1-2-3(8)4(9)5(10)6(11)12-2/h2-11H,1H2/t2-,3-,4+,5-,6?/m1/s1",WQZGKKKJIJFFOK-GASJEMHNSA-N
818,Glucose,-0.045757491,93780-23-5,C([C@@H]1[C@H]([C@@H]([C@H](C(O1)O)O)O)O)O,2.5,,NIST,diol,Polyfunctional / highly functionalized,"InChI=1S/C6H12O6/c7-1-2-3(8)4(9)5(10)6(11)12-2/h2-11H,1H2/t2-,3-,4+,5-,6?/m1/s1",WQZGKKKJIJFFOK-GASJEMHNSA-N
819,Glucose,0.079181246,93780-23-5,C([C@@H]1[C@H]([C@@H]([C@H](C(O1)O)O)O)O)O,3,,NIST,diol,Polyfunctional / highly functionalized,"InChI=1S/C6H12O6/c7-1-2-3(8)4(9)5(10)6(11)12-2/h2-11H,1H2/t2-,3-,4+,5-,6?/m1/s1",WQZGKKKJIJFFOK-GASJEMHNSA-N
820,Glucose,0.146128036,93780-23-5,C([C@@H]1[C@H]([C@@H]([C@H](C(O1)O)O)O)O)O,2.5,,NIST,diol,Polyfunctional / highly functionalized,"InChI=1S/C6H12O6/c7-1-2-3(8)4(9)5(10)6(11)12-2/h2-11H,1H2/t2-,3-,4+,5-,6?/m1/s1",WQZGKKKJIJFFOK-GASJEMHNSA-N
821,Glucose,0.301029996,93780-23-5,C([C@@H]1[C@H]([C@@H]([C@H](C(O1)O)O)O)O)O,4,,NIST,diol,Polyfunctional / highly functionalized,"InChI=1S/C6H12O6/c7-1-2-3(8)4(9)5(10)6(11)12-2/h2-11H,1H2/t2-,3-,4+,5-,6?/m1/s1",WQZGKKKJIJFFOK-GASJEMHNSA-N
822,Glucose,0.477121255,93780-23-5,C([C@@H]1[C@H]([C@@H]([C@H](C(O1)O)O)O)O)O,5,,NIST,diol,Polyfunctional / highly functionalized,"InChI=1S/C6H12O6/c7-1-2-3(8)4(9)5(10)6(11)12-2/h2-11H,1H2/t2-,3-,4+,5-,6?/m1/s1",WQZGKKKJIJFFOK-GASJEMHNSA-N
823,Glucose,0.602059991,93780-23-5,C([C@@H]1[C@H]([C@@H]([C@H](C(O1)O)O)O)O)O,5.5,,NIST,diol,Polyfunctional / highly functionalized,"InChI=1S/C6H12O6/c7-1-2-3(8)4(9)5(10)6(11)12-2/h2-11H,1H2/t2-,3-,4+,5-,6?/m1/s1",WQZGKKKJIJFFOK-GASJEMHNSA-N
824,Glucose,0.681241237,93780-23-5,C([C@@H]1[C@H]([C@@H]([C@H](C(O1)O)O)O)O)O,6,,NIST,diol,Polyfunctional / highly functionalized,"InChI=1S/C6H12O6/c7-1-2-3(8)4(9)5(10)6(11)12-2/h2-11H,1H2/t2-,3-,4+,5-,6?/m1/s1",WQZGKKKJIJFFOK-GASJEMHNSA-N
825,Glucose,-0.045757491,93780-23-5,C([C@@H]1[C@H]([C@@H]([C@H](C(O1)O)O)O)O)O,6,,NIST,diol,Polyfunctional / highly functionalized,"InChI=1S/C6H12O6/c7-1-2-3(8)4(9)5(10)6(11)12-2/h2-11H,1H2/t2-,3-,4+,5-,6?/m1/s1",WQZGKKKJIJFFOK-GASJEMHNSA-N
826,Glucose,-0.346787486,492-61-5,C([C@@H]1[C@H]([C@@H]([C@H](C(O1)O)O)O)O)O,2,,https://doi.org/10.1016/0043-1354(83)90098-2,diol,Polyfunctional / highly functionalized,"InChI=1S/C6H12O6/c7-1-2-3(8)4(9)5(10)6(11)12-2/h2-11H,1H2/t2-,3-,4+,5-,6?/m1/s1",WQZGKKKJIJFFOK-GASJEMHNSA-N
827,Glucose,-0.346787486,93780-23-5,C([C@@H]1[C@H]([C@@H]([C@H](C(O1)O)O)O)O)O,2,,10.1016/0043-1354(83)90098-2,diol,Polyfunctional / highly functionalized,"InChI=1S/C6H12O6/c7-1-2-3(8)4(9)5(10)6(11)12-2/h2-11H,1H2/t2-,3-,4+,5-,6?/m1/s1",WQZGKKKJIJFFOK-GASJEMHNSA-N
828,Glucose,-0.346787486,93780-23-5,C([C@@H]1[C@H]([C@@H]([C@H](C(O1)O)O)O)O)O,2,,NIST,diol,Polyfunctional / highly functionalized,"InChI=1S/C6H12O6/c7-1-2-3(8)4(9)5(10)6(11)12-2/h2-11H,1H2/t2-,3-,4+,5-,6?/m1/s1",WQZGKKKJIJFFOK-GASJEMHNSA-N
829,Glutamate ion,4.414973348,154679-07-9,N[C@@H](CCC(=O)[O-])C(=O)[O-],,,NIST,halogenated,Halogenated organics,"InChI=1S/C5H9NO4/c6-3(5(9)10)1-2-4(7)8/h3H,1-2,6H2,(H,7,8)(H,9,10)/p-2/t3-/m0/s1",WHUUTDBJXJRKMK-VKHMYHEASA-L
830,Glutamic acid,1.77815125,56-86-0,C(CC(=O)O)[C@@H](C(=O)O)N,7,,NIST,halogenated,Halogenated organics,"InChI=1S/C5H9NO4/c6-3(5(9)10)1-2-4(7)8/h3H,1-2,6H2,(H,7,8)(H,9,10)/t3-/m0/s1",WHUUTDBJXJRKMK-VKHMYHEASA-N
831,Glutamine,4.414973348,39537-23-0,C(CC(=O)N)[C@@H](C(=O)O)N,,,NIST,halogenated,Halogenated organics,"InChI=1S/C5H10N2O3/c6-3(5(9)10)1-2-4(7)8/h3H,1-2,6H2,(H2,7,8)(H,9,10)/t3-/m0/s1",ZDXPYRJPNDTMRX-VKHMYHEASA-N
832,Glutathione,6.477121255,70-18-8,C(CC(=O)N[C@@H](CS)C(=O)NCC(=O)O)[C@@H](C(=O)O)N,7,,NIST,halogenated,Halogenated organics,"InChI=1S/C10H17N3O6S/c11-5(10(18)19)1-2-7(14)13-6(4-20)9(17)12-3-8(15)16/h5-6,20H,1-4,11H2,(H,12,17)(H,13,14)(H,15,16)(H,18,19)/t5-,6-/m0/s1",RWSXRVCMGQZWBV-WDSKDSINSA-N
833,Glutathione,6.301029996,70-18-8,C(CC(=O)N[C@@H](CS)C(=O)NCC(=O)O)[C@@H](C(=O)O)N,7,,NIST,halogenated,Halogenated organics,"InChI=1S/C10H17N3O6S/c11-5(10(18)19)1-2-7(14)13-6(4-20)9(17)12-3-8(15)16/h5-6,20H,1-4,11H2,(H,12,17)(H,13,14)(H,15,16)(H,18,19)/t5-,6-/m0/s1",RWSXRVCMGQZWBV-WDSKDSINSA-N
834,"Glutathione, negative ion",10.60205999,52993-47-2,N[C@@H](CCC(=O)[O-])C(=O)N[C@@H](CS)C(=O)NCC(=O)[O-],1.9~3.1,,NIST,halogenated,Halogenated organics,"InChI=1S/C10H17N3O6S/c11-5(1-2-7(14)15)9(18)13-6(4-20)10(19)12-3-8(16)17/h5-6,20H,1-4,11H2,(H,12,19)(H,13,18)(H,14,15)(H,16,17)/p-2/t5-,6-/m0/s1",ZZIFPJZQHRJERU-WDSKDSINSA-L
835,Glycolic Acid,-2,81277-96-5,O=C(O)CO,,,https://doi.org/10.1016/j.jece.2024.112473,halogenated,Halogenated organics,"InChI=1S/C2H4O3/c3-1-2(4)5/h3H,1H2,(H,4,5)",AEMRFAOFKBGASW-UHFFFAOYSA-N
836,Glyoxal,1.45,3327-62-6,O=CC=O,,,https://doi.org/10.1016/j.jece.2024.112473,halogenated,Halogenated organics,InChI=1S/C2H2O2/c3-1-2-4/h1-2H,LEQAOMBKQFMDFZ-UHFFFAOYSA-N
837,Glyoxylic acid,0.278753601,298-12-4,C(=O)C(=O)O,,,doi.org/10.1016/j.watres.2012.06.006,alkane,Aliphatic hydrocarbons,"InChI=1S/C2H2O3/c3-1-2(4)5/h1H,(H,4,5)",HHLFWLYXYJOTON-UHFFFAOYSA-N
838,Glyoxylic acid,-0.769551079,298-12-4,C(=O)C(=O)O,0.278753601,,doi.org/10.1016/j.watres.2012.06.006,alkane,Aliphatic hydrocarbons,"InChI=1S/C2H2O3/c3-1-2(4)5/h1H,(H,4,5)",HHLFWLYXYJOTON-UHFFFAOYSA-N
839,Glyphosate,3.913813852,1071-83-6,C(C(=O)O)NCP(=O)(O)O,1.8~7,,https://doi.org/10.1016/0043-1354(83)90098-2,phosphorus,Phosphorus-containing organics,"InChI=1S/C3H8NO5P/c5-3(6)1-4-2-10(7,8)9/h4H,1-2H2,(H,5,6)(H2,7,8,9)",XDDAORKBJWWYJS-UHFFFAOYSA-N
840,Glyphosate,3.301029996,1071-83-6,C(C(=O)O)NCP(=O)(O)O,,,NIST,phosphorus,Phosphorus-containing organics,"InChI=1S/C3H8NO5P/c5-3(6)1-4-2-10(7,8)9/h4H,1-2H2,(H,5,6)(H2,7,8,9)",XDDAORKBJWWYJS-UHFFFAOYSA-N
841,Glyphosate dianion,6.698970004,1071-83-6,OC(CNCP(O)(O)=O)=O,,,NIST,diol,Polyfunctional / highly functionalized,"InChI=1S/C3H8NO5P/c5-3(6)1-4-2-10(7,8)9/h4H,1-2H2,(H,5,6)(H2,7,8,9)",XDDAORKBJWWYJS-UHFFFAOYSA-N
842,Glyphosate trianion,7.041392685,1071-83-6,OC(CNCP(O)(O)=O)=O,,,NIST,diol,Polyfunctional / highly functionalized,"InChI=1S/C3H8NO5P/c5-3(6)1-4-2-10(7,8)9/h4H,1-2H2,(H,5,6)(H2,7,8,9)",XDDAORKBJWWYJS-UHFFFAOYSA-N
843,Guanosine,4.2,159496-14-7,Nc1nc2c(ncn2[C@@H]2O[C@H](CO)[C@@H](O)[C@H]2O)c(=O)[nH]1,,,https://doi.org/10.1016/j.jece.2024.112473,halogenated,Halogenated organics,"InChI=1S/C10H13N5O5/c11-10-13-7-4(8(19)14-10)12-2-15(7)9-6(18)5(17)3(1-16)20-9/h2-3,5-6,9,16-18H,1H2,(H3,11,13,14,19)/t3-,5-,6-,9-/m1/s1",NYHBQMYGNKIUIF-UUOKFMHZSA-N
844,H2BO3-,-2.397940009,39201-27-9,OB([O-])O,8,,NIST,halogenated,Halogenated organics,InChI=1S/BH2O3/c2-1(3)4/h2-3H/q-1,URSLCTBXQMKCFE-UHFFFAOYSA-N
845,H2CCCl2,2.041392685,75-35-4,C=C(Cl)Cl,2,,NIST,halogenated,Halogenated organics,InChI=1S/C2H2Cl2/c1-2(3)4/h1H2,LGXVIGDEPROXKC-UHFFFAOYSA-N
846,H2CCHCN,2.919078092,107-13-1,C=CC#N,7.9,,NIST,halogenated,Halogenated organics,"InChI=1S/C3H3N/c1-2-3-4/h2H,1H2",NLHHRLWOUZZQLW-UHFFFAOYSA-N
847,H2CCHCN,2.919078092,107-13-1,C=CC#N,6.2,,NIST,halogenated,Halogenated organics,"InChI=1S/C3H3N/c1-2-3-4/h2H,1H2",NLHHRLWOUZZQLW-UHFFFAOYSA-N
848,H2CCHCN,2.939519253,107-13-1,C=CC#N,7,,NIST,halogenated,Halogenated organics,"InChI=1S/C3H3N/c1-2-3-4/h2H,1H2",NLHHRLWOUZZQLW-UHFFFAOYSA-N
849,H2CCHCONH2,5,79-06-1,C=CC(N)=O,5.6,,NIST,halogenated,Halogenated organics,"InChI=1S/C3H5NO/c1-2-3(4)5/h2H,1H2,(H2,4,5)",HRPVXLWXLXDGHG-UHFFFAOYSA-N
850,H2NC(NH)N(CH3)CH2CO2-,-0.301029996,57-00-1,CN(C(N)=N)CC(O)=O,2,,NIST,halogenated,Halogenated organics,"InChI=1S/C4H9N3O2/c1-7(4(5)6)2-3(8)9/h2H2,1H3,(H3,5,6)(H,8,9)",CVSVTCORWBXHQV-UHFFFAOYSA-N
851,H2NCH2CO2-,5.113943352,23297-34-9,NCC([O-])=O,,,NIST,halogenated,Halogenated organics,"InChI=1S/C2H5NO2/c3-1-2(4)5/h1,3H2,(H,4,5)/p-1",DHMQDGOQFOQNFH-UHFFFAOYSA-M
852,H2NCH2CO2-,5.322219295,23297-34-9,NCC([O-])=O,,,NIST,halogenated,Halogenated organics,"InChI=1S/C2H5NO2/c3-1-2(4)5/h1,3H2,(H,4,5)/p-1",DHMQDGOQFOQNFH-UHFFFAOYSA-M
853,H2NCOCH2CH(NH2)CO2-,4.62324929,70-47-3,N[C@@H](CC(N)=O)C([O-])=O,,,NIST,halogenated,Halogenated organics,"InChI=1S/C4H8N2O3/c5-2(4(8)9)1-3(6)7/h2H,1,5H2,(H2,6,7)(H,8,9)/p-1/t2-/m0/s1",DCXYFEDJOCDNAF-REOHCLBHSA-M
854,H2NCONH2,-1.301029996,57-13-6,O=C(N)N,2~7,,NIST,halogenated,Halogenated organics,"InChI=1S/CH4N2O/c2-1(3)4/h(H4,2,3,4)",XSQUKJJJFZCRTK-UHFFFAOYSA-N
855,H2NTA—,1.919078092,139-13-9,OC(CN(CC(O)=O)CC(O)=O)=O,,,https://doi.org/10.1021/es60165a009,diol,Polyfunctional / highly functionalized,"InChI=1S/C6H9NO6/c8-4(9)1-7(2-5(10)11)3-6(12)13/h1-3H2,(H,8,9)(H,10,11)(H,12,13)",MGFYIUFZLHCRTH-UHFFFAOYSA-N
856,H2O2,-1.187086643,7722-84-1,OO,2,,NIST,alcohol,Oxygenated organics,InChI=1S/H2O2/c1-2/h1-2H,MHAJPDPJQMAIIY-UHFFFAOYSA-N
857,H2O2,-2,7722-84-1,OO,,,NIST,alcohol,Oxygenated organics,InChI=1S/H2O2/c1-2/h1-2H,MHAJPDPJQMAIIY-UHFFFAOYSA-N
858,H2O2,-2.187086643,7722-84-1,OO,,,NIST,alcohol,Oxygenated organics,InChI=1S/H2O2/c1-2/h1-2H,MHAJPDPJQMAIIY-UHFFFAOYSA-N
859,H2PO4-,-3.698970004,14066-20-7,OP(=O)(O)[O-],4,,NIST,phosphorus,Phosphorus-containing organics,"InChI=1S/H3O4P/c1-5(2,3)4/h(H3,1,2,3,4)/p-1",NBIIXXVUZAFLBC-UHFFFAOYSA-M
860,H2S,4.477121255,7783-06-4,S,,,NIST,"sulfide, disulfide",Sulfur-containing organics,InChI=1S/H2S/h1H2,RWSOTUBLDIXVET-UHFFFAOYSA-N
861,H2S,4.477121255,7783-06-4,S,1~5,,NIST,"sulfide, disulfide",Sulfur-containing organics,InChI=1S/H2S/h1H2,RWSOTUBLDIXVET-UHFFFAOYSA-N
862,H2SO3,4.380211242,7782-99-2,OS(=O)O,,,NIST,"sulfide, disulfide",Sulfur-containing organics,"InChI=1S/H2O3S/c1-4(2)3/h(H2,1,2,3)",LSNNMFCWUKXFEE-UHFFFAOYSA-N
863,H3+NCH2CO2-,1.322219295,56-40-6,O=C(O)CN,7,,NIST,halogenated,Halogenated organics,"InChI=1S/C2H5NO2/c3-1-2(4)5/h1,3H2,(H,4,5)",DHMQDGOQFOQNFH-UHFFFAOYSA-N
864,H3N+CH2CO2H,-1.301029996,20813-04-1,C(C(=O)O)[NH3+],2,,NIST,halogenated,Halogenated organics,"InChI=1S/C2H5NO2/c3-1-2(4)5/h1,3H2,(H,4,5)/p+1",DHMQDGOQFOQNFH-UHFFFAOYSA-O
865,H3O+,-3.397940009,13968-08-6,[OH3+],,,NIST,alcohol,Oxygenated organics,InChI=1S/H2O/h1H2/p+1,XLYOFNOQVPJJNP-UHFFFAOYSA-O
866,H3PO4,-1.698970004,7664-38-2,OP(=O)(O)O,4,,NIST,phosphorus,Phosphorus-containing organics,"InChI=1S/H3O4P/c1-5(2,3)4/h(H3,1,2,3,4)",NBIIXXVUZAFLBC-UHFFFAOYSA-N
867,HCN,-3,74-90-8,C#N,3.5-4.5,,NIST,halogenated,Halogenated organics,InChI=1S/CHN/c1-2/h1H,LELOWRISYMNNSU-UHFFFAOYSA-N
868,HCO2-,2,71-47-6,C(=O)[O-],2~4,,NIST,halogenated,Halogenated organics,"InChI=1S/CH2O2/c2-1-3/h1H,(H,2,3)/p-1",BDAGIHXWWSANSR-UHFFFAOYSA-M
869,HCO2H,0.698970004,64-18-6,C(=O)O,2~4,,NIST,halogenated,Halogenated organics,"InChI=1S/CH2O2/c2-1-3/h1H,(H,2,3)",BDAGIHXWWSANSR-UHFFFAOYSA-N
870,HCOCHO,1.544068044,107-22-2,O=CC=O,,,NIST,halogenated,Halogenated organics,InChI=1S/C2H2O2/c3-1-2-4/h1-2H,LEQAOMBKQFMDFZ-UHFFFAOYSA-N
871,HCOCO2-,0.278753601,430-75-1,O=C([O-])C=O,,,NIST,halogenated,Halogenated organics,"InChI=1S/C2H2O3/c3-1-2(4)5/h1H,(H,4,5)/p-1",HHLFWLYXYJOTON-UHFFFAOYSA-M
872,HCOCO2H,-0.769551079,298-12-4,O=C(O)C=O,,,NIST,halogenated,Halogenated organics,"InChI=1S/C2H2O3/c3-1-2(4)5/h1H,(H,4,5)",HHLFWLYXYJOTON-UHFFFAOYSA-N
873,HCOOH,1.84509804,64-18-6,C(=O)O,8.5,,https://doi.org/10.1021/acs.est.1c07694,halogenated,Halogenated organics,"InChI=1S/CH2O2/c2-1-3/h1H,(H,2,3)",BDAGIHXWWSANSR-UHFFFAOYSA-N
874,HEDTA3—,5.204119983,150-39-0,OCCN(CCN(CC(O)=O)CC(O)=O)CC(O)=O,,,https://doi.org/10.1039/B004417M,diol,Polyfunctional / highly functionalized,"InChI=1S/C10H18N2O7/c13-4-3-11(5-8(14)15)1-2-12(6-9(16)17)7-10(18)19/h13H,1-7H2,(H,14,15)(H,16,17)(H,18,19)",URDCARMUOSMFFI-UHFFFAOYSA-N
875,HN3,3.602059991,7782-79-8,C(CCl)N(CCCl)CCCl,,,NIST,halogenated,Halogenated organics,InChI=1S/C6H12Cl3N/c7-1-4-10(5-2-8)6-3-9/h1-6H2,FDAYLTPAFBGXAB-UHFFFAOYSA-N
876,HNO2/NO2-,5.568202,13536-70-4,O=[N+]([O-])O,,,https://doi.org/10.1016/j.jece.2024.112473,amine,Nitrogen-containing organics,"InChI=1S/HNO3/c2-1(3)4/h(H,2,3,4)",GRYLNZFGIOXLOG-UHFFFAOYSA-N
877,HO2-,6.740362689,14691-59-9,O[O-],5~6,,NIST,alcohol,Oxygenated organics,InChI=1S/H2O2/c1-2/h1-2H/p-1,MHAJPDPJQMAIIY-UHFFFAOYSA-M
878,HO2C(CH2)3CO2H,-2.096910013,110-94-1,OC(CCCC(O)=O)=O,,,NIST,diol,Polyfunctional / highly functionalized,"InChI=1S/C5H8O4/c6-4(7)2-1-3-5(8)9/h1-3H2,(H,6,7)(H,8,9)",JFCQEDHGNNZCLN-UHFFFAOYSA-N
879,HO2CCH2CH2CO2H,0.477121255,110-15-6,OC(CCC(O)=O)=O,,,NIST,diol,Polyfunctional / highly functionalized,"InChI=1S/C4H6O4/c5-3(6)1-2-4(7)8/h1-2H2,(H,5,6)(H,7,8)",KDYFGRWQOYBRFD-UHFFFAOYSA-N
880,HO2CCH2CO2H,0.602059991,141-82-2,O=C(O)CC(O)=O,,,NIST,halogenated,Halogenated organics,"InChI=1S/C3H4O4/c4-2(5)1-3(6)7/h1H2,(H,4,5)(H,6,7)",OFOBLEOULBTSOW-UHFFFAOYSA-N
881,HOBr,-2,13517-11-8,OBr,4,,NIST,halogenated,Halogenated organics,InChI=1S/BrHO/c1-2/h2H,CUILPNURFADTPE-UHFFFAOYSA-N
882,HOCH2SO3-,-1,7494-19-1,OCS(=O)(=O)[O-],,,NIST,"sulfide, disulfide",Sulfur-containing organics,"InChI=1S/CH4O4S/c2-1-6(3,4)5/h2H,1H2,(H,3,4,5)/p-1",DETXZQGDWUJKMO-UHFFFAOYSA-M
883,HOCN,-2,420-05-3,C(#N)O,7,,NIST,halogenated,Halogenated organics,InChI=1S/CHNO/c2-1-3/h3H,XLJMAIOERFSOGZ-UHFFFAOYSA-N
884,HS-,9.477121255,15035-72-0,[SH-],,,NIST,thiol,Sulfur-containing organics,InChI=1S/H2S/h1H2/p-1,RWSOTUBLDIXVET-UHFFFAOYSA-M
885,HSO3-,5.740362689,15181-46-1,OS(=O)[O-],,,NIST,"sulfide, disulfide",Sulfur-containing organics,"InChI=1S/H2O3S/c1-4(2)3/h(H2,1,2,3)/p-1",LSNNMFCWUKXFEE-UHFFFAOYSA-M
886,HSO3-,5.568201724,15181-46-1,OS(=O)[O-],,,NIST,"sulfide, disulfide",Sulfur-containing organics,"InChI=1S/H2O3S/c1-4(2)3/h(H2,1,2,3)/p-1",LSNNMFCWUKXFEE-UHFFFAOYSA-M
887,HSO4-,-4,14996-02-2,OS(=O)(=O)[O-],2,,NIST,"sulfide, disulfide",Sulfur-containing organics,"InChI=1S/H2O4S/c1-5(2,3)4/h(H2,1,2,3,4)/p-1",QAOWNCQODCNURD-UHFFFAOYSA-M
888,Hexachlorocyclopentadiene,1.954242509,77-47-4,C1(=C(C(C(=C1Cl)Cl)(Cl)Cl)Cl)Cl,,,NIST,halogenated,Halogenated organics,"InChI=1S/C5Cl6/c6-1-2(7)4(9)5(10,11)3(1)8",VUNCWTMEJYMOOR-UHFFFAOYSA-N
889,"Hexahydro-1,3,5-Trinitro-1,3,5-Triazine",-0.01,870767-29-6,O=[N+]([O-])N1CN([N+](=O)[O-])CN([N+](=O)[O-])C1,,,https://doi.org/10.1016/j.jece.2024.112473,diol,Polyfunctional / highly functionalized,InChI=1S/C3H6N6O6/c10-7(11)4-1-5(8(12)13)3-6(2-4)9(14)15/h1-3H2,XTFIVUDBNACUBN-UHFFFAOYSA-N
890,His,3.591064607,7006-35-1,C1=C(NC=N1)C[C@@H](C(=O)O)N,7,,NIST,halogenated,Halogenated organics,"InChI=1S/C6H9N3O2/c7-5(6(10)11)1-4-2-8-3-9-4/h2-3,5H,1,7H2,(H,8,9)(H,10,11)/t5-/m0/s1",HNDVDQJCIGZPNO-YFKPBYRVSA-N
891,His-,5.322219295,71-00-1,N[C@H](C(O)=O)CC1=CNC=N1,,,NIST,halogenated,Halogenated organics,"InChI=1S/C6H9N3O2/c7-5(6(10)11)1-4-2-8-3-9-4/h2-3,5H,1,7H2,(H,8,9)(H,10,11)/t5-/m0/s1",HNDVDQJCIGZPNO-YFKPBYRVSA-N
892,Hydroquinone,6.36,56924-48-2,Oc1ccc(O)cc1,,,https://doi.org/10.1016/j.jece.2024.112473,alcohol,Oxygenated organics,"InChI=1S/C6H6O2/c7-5-1-2-6(8)4-3-5/h1-4,7-8H",QIGBRXMKCJKVMJ-UHFFFAOYSA-N
893,Hydroxyisobutyraldehyde,0.7,20818-81-9,O=CCCCO,,,https://doi.org/10.1016/j.jece.2024.112473,halogenated,Halogenated organics,"InChI=1S/C4H8O2/c5-3-1-2-4-6/h3,6H,1-2,4H2",PIAOXUVIBAKVSP-UHFFFAOYSA-N
894,H·,10.34242268,12385-13-6,[H-],2,,NIST,Others,Others / Unassigned,InChI=1S/H/q-1,KLGZELKXQMTEMM-UHFFFAOYSA-N
895,I-,6.698970004,20461-54-5,[I-],5.4,,NIST,halogenated,Halogenated organics,InChI=1S/HI/h1H/p-1,XMBWDFGMSWQBCA-UHFFFAOYSA-M
896,IO3-,-4,15454-31-6,[O-]I(=O)=O,3,,NIST,halogenated,Halogenated organics,InChI=1S/IO3/c2-1(3)4/q-1,PTYWDKBPJYCXDN-UHFFFAOYSA-N
897,IO4-,-2,15056-35-6,[I+3]([O-])([O-])([O-])[O-],2,,NIST,halogenated,Halogenated organics,"InChI=1S/IO4/c2-1(3,4)5/q-1",XOYUQZOQLOSQSZ-UHFFFAOYSA-N
898,Ibuprofen,0.982271,462631-86-3,CC(C)Cc1ccc([C@@H](C)C(=O)O)cc1,8,,https://doi.org/10.1016/j.jece.2024.112473,cyclo,Aromatic & PAHs,"InChI=1S/C13H18O2/c1-9(2)8-11-4-6-12(7-5-11)10(3)13(14)15/h4-7,9-10H,8H2,1-3H3,(H,14,15)/t10-/m1/s1",HEFNNWSXXWATRW-SNVBAGLBSA-N
899,Ibuprofen,0.854913022,58560-75-1,CC(C)CC1=CC=C(C=C1)C(C)C(=O)O,2,,doi.org/10.1016/j.watres.2012.06.006,alkane,Aliphatic hydrocarbons,"InChI=1S/C13H18O2/c1-9(2)8-11-4-6-12(7-5-11)10(3)13(14)15/h4-7,9-10H,8H2,1-3H3,(H,14,15)",HEFNNWSXXWATRW-UHFFFAOYSA-N
900,Ibuprofen,0.976583599,58560-75-1,CC(C)CC1=CC=C(C=C1)C(C)C(=O)O,7,,doi.org/10.1016/j.watres.2012.06.006,alkane,Aliphatic hydrocarbons,"InChI=1S/C13H18O2/c1-9(2)8-11-4-6-12(7-5-11)10(3)13(14)15/h4-7,9-10H,8H2,1-3H3,(H,14,15)",HEFNNWSXXWATRW-UHFFFAOYSA-N
901,Ibuprofen,0.976583599,58560-75-1,CC(C)CC1=CC=C(C=C1)C(C)C(=O)O,,,doi.org/10.1016/j.watres.2012.06.006,alkane,Aliphatic hydrocarbons,"InChI=1S/C13H18O2/c1-9(2)8-11-4-6-12(7-5-11)10(3)13(14)15/h4-7,9-10H,8H2,1-3H3,(H,14,15)",HEFNNWSXXWATRW-UHFFFAOYSA-N
902,ImH+,1.342422681,17009-90-4,C1CNC[NH]1,,,NIST,halogenated,Halogenated organics,"InChI=1S/C3H8N2/c1-2-5-3-4-1/h4-5H,1-3H2",WRYCSMQKUKOKBP-UHFFFAOYSA-N
903,Imidazole,5.380211242,288-32-4,C1=CN=CN1,,,NIST,halogenated,Halogenated organics,"InChI=1S/C3H4N2/c1-2-5-3-4-1/h1-3H,(H,4,5)",RAXXELZNTBOGNW-UHFFFAOYSA-N
904,Imidazole,5.602059991,288-32-4,C1=CN=CN1,,,NIST,halogenated,Halogenated organics,"InChI=1S/C3H4N2/c1-2-5-3-4-1/h1-3H,(H,4,5)",RAXXELZNTBOGNW-UHFFFAOYSA-N
905,Imidazole,5.361727836,288-32-4,C1=CN=CN1,7,,doi.org/10.1016/j.watres.2012.06.006,halogenated,Halogenated organics,"InChI=1S/C3H4N2/c1-2-5-3-4-1/h1-3H,(H,4,5)",RAXXELZNTBOGNW-UHFFFAOYSA-N
906,Imidazole,5.295,717908-74-2,c1c[nH]cn1,7,,https://doi.org/10.1016/j.jece.2024.112473,halogenated,Halogenated organics,"InChI=1S/C3H4N2/c1-2-5-3-4-1/h1-3H,(H,4,5)",RAXXELZNTBOGNW-UHFFFAOYSA-N
907,Imidazole,1.342423,717908-74-2,c1c[nH]cn1,5.60206,,https://doi.org/10.1016/j.jece.2024.112473,halogenated,Halogenated organics,"InChI=1S/C3H4N2/c1-2-5-3-4-1/h1-3H,(H,4,5)",RAXXELZNTBOGNW-UHFFFAOYSA-N
908,Imidazole,5.230448921,288-32-4,C1=CN=CN1,7,,doi.org/10.1016/j.watres.2012.06.006,halogenated,Halogenated organics,"InChI=1S/C3H4N2/c1-2-5-3-4-1/h1-3H,(H,4,5)",RAXXELZNTBOGNW-UHFFFAOYSA-N
909,Imidazole,1.342422681,288-32-4,C1=CN=CN1,5.602059991,,doi.org/10.1016/j.watres.2012.06.006,halogenated,Halogenated organics,"InChI=1S/C3H4N2/c1-2-5-3-4-1/h1-3H,(H,4,5)",RAXXELZNTBOGNW-UHFFFAOYSA-N
910,Indole,6.55,86691-38-5,c1ccc2[nH]ccc2c1,,,https://doi.org/10.1016/j.jece.2024.112473,cyclo,Aromatic & PAHs,"InChI=1S/C8H7N/c1-2-4-8-7(3-1)5-6-9-8/h1-6,9H",SIKJAQJRHWYJAI-UHFFFAOYSA-N
911,Iodoform,0.301029996,75-47-8,C(I)(I)I,,,https://doi.org/10.1016/j.watres.2022.118417,halogenated,Halogenated organics,InChI=1S/CHI3/c2-1(3)4/h1H,OKJPEAGHQZHRQV-UHFFFAOYSA-N
912,Iprodione,2.37,2375621-20-6,CC(C)NC(=O)N1CC(=O)N(c2cc(Cl)cc(Cl)c2)C1=O,,,https://doi.org/10.1016/j.jece.2024.112473,alkane,Aliphatic hydrocarbons,"InChI=1S/C13H13Cl2N3O3/c1-7(2)16-12(20)17-6-11(19)18(13(17)21)10-4-8(14)3-9(15)5-10/h3-5,7H,6H2,1-2H3,(H,16,20)",ONUFESLQCSAYKA-UHFFFAOYSA-N
913,Iron(Fe(II)),5.913813852,12597-68-1,[Fe],,,https://doiorg/10.1021/ic00043a009,halogenated,Halogenated organics,InChI=1S/Fe,XEEYBQQBJWHFJM-UHFFFAOYSA-N
914,Isatin,1.322219295,91-56-5,C1=CC=C2C(=C1)C(=O)C(=O)N2,1.1~3,,https://doi.org/10.1016/0043-1354(83)90098-2,halogenated,Halogenated organics,"InChI=1S/C8H5NO2/c10-7-5-3-1-2-4-6(5)9-8(7)11/h1-4H,(H,9,10,11)",JXDYKVIHCLTXOP-UHFFFAOYSA-N
915,Isatin,1.322219295,91-56-5,C1=CC=C2C(=C1)C(=O)C(=O)N2,2,,10.1016/j.chemosphere.2014.05.068,halogenated,Halogenated organics,"InChI=1S/C8H5NO2/c10-7-5-3-1-2-4-6(5)9-8(7)11/h1-4H,(H,9,10,11)",JXDYKVIHCLTXOP-UHFFFAOYSA-N
916,Isobutyraldehyde,0.62,21041-71-4,CC(C)C=O,,,https://doi.org/10.1016/j.jece.2024.112473,alkane,Aliphatic hydrocarbons,"InChI=1S/C4H8O/c1-4(2)3-5/h3-4H,1-2H3",AMIMRNSIRUDHCM-UHFFFAOYSA-N
917,Isopropyl,0.54,24425-18-1,CCCCCCCCCCCC(=O)OC(C)C,,,https://doi.org/10.1016/j.jece.2024.112473,alcohol,Oxygenated organics,"InChI=1S/C15H30O2/c1-4-5-6-7-8-9-10-11-12-13-15(16)17-14(2)3/h14H,4-13H2,1-3H3",UJPPXNXOEVDSRW-UHFFFAOYSA-N
918,Isoprothiolane,2.392872745,50512-35-1,CC(C)OC(=O)C(=C1SCCS1)C(=O)OC(C)C,,,10.1016/j.chemosphere.2019.03.179,diol,Polyfunctional / highly functionalized,"InChI=1S/C12H18O4S2/c1-7(2)15-10(13)9(11(14)16-8(3)4)12-17-5-6-18-12/h7-8H,5-6H2,1-4H3",UFHLMYOGRXOCSL-UHFFFAOYSA-N
919,Isoproturon,2.15,77591-43-6,CC(C)c1ccc(NC(=O)N(C)C)cc1,,,https://doi.org/10.1016/j.jece.2024.112473,cyclo,Aromatic & PAHs,"InChI=1S/C12H18N2O/c1-9(2)10-5-7-11(8-6-10)13-12(15)14(3)4/h5-9H,1-4H3,(H,13,15)",PUIYMUZLKQOUOZ-UHFFFAOYSA-N
920,Isoquinoline,2.34,105012-80-4,c1ccc2cnccc2c1,,,https://doi.org/10.1016/j.jece.2024.112473,cyclo,Aromatic & PAHs,InChI=1S/C9H7N/c1-2-4-9-7-10-6-5-8(9)3-1/h1-7H,AWJUIBRHMBBTKR-UHFFFAOYSA-N
921,Iso·Propylbenzene,1.041392685,98-82-8,CC(C)C1=CC=CC=C1,2,,https://doi.org/10.1016/0043-1354(83)90098-2,cyclo,Aromatic & PAHs,"InChI=1S/C9H12/c1-8(2)9-6-4-3-5-7-9/h3-8H,1-2H3",RWGFKTVRMDUZSP-UHFFFAOYSA-N
922,Ketoprofen,-0.397940009,22071-15-4,CC(C1=CC(=CC=C1)C(=O)C2=CC=CC=C2)C(=O)O,7,,10.1016/j.scitotenv.2020.137150,cyclo,Aromatic & PAHs,"InChI=1S/C16H14O3/c1-11(16(18)19)13-8-5-9-14(10-13)15(17)12-6-3-2-4-7-12/h2-11H,1H3,(H,18,19)",DKYWVDODHFEZIM-UHFFFAOYSA-N
923,Ketoprofen,-0.397940009,22071-15-4,CC(C1=CC(=CC=C1)C(=O)C2=CC=CC=C2)C(=O)O,,,10.1016/j.scitotenv.2020.137150,cyclo,Aromatic & PAHs,"InChI=1S/C16H14O3/c1-11(16(18)19)13-8-5-9-14(10-13)15(17)12-6-3-2-4-7-12/h2-11H,1H3,(H,18,19)",DKYWVDODHFEZIM-UHFFFAOYSA-N
924,L-Asparagine,1.85,204451-47-8,C([C@@H](C(=O)O)N)C(=O)N,7,,10.1016/j.scitotenv.2020.136816,halogenated,Halogenated organics,"InChI=1S/C4H8N2O3/c5-2(4(8)9)1-3(6)7/h2H,1,5H2,(H2,6,7)(H,8,9)/t2-/m0/s1",DCXYFEDJOCDNAF-REOHCLBHSA-N
925,L-Aspartic acid,1.7,56-84-8,C([C@@H](C(=O)O)N)C(=O)O,7,,10.1016/j.scitotenv.2020.136816,halogenated,Halogenated organics,"InChI=1S/C4H7NO4/c5-2(4(8)9)1-3(6)7/h2H,1,5H2,(H,6,7)(H,8,9)/t2-/m0/s1",CKLJMWTZIZZHCS-REOHCLBHSA-N
926,L-Fucose,0.176091259,2438-80-4,C[C@H]1[C@H]([C@H]([C@@H](C(O1)O)O)O)O,4,,NIST,diol,Polyfunctional / highly functionalized,"InChI=1S/C6H12O5/c1-2-3(7)4(8)5(9)6(10)11-2/h2-10H,1H3/t2-,3+,4+,5-,6?/m0/s1",SHZGCJCMOBCMKK-DHVFOXMCSA-N
927,L-Glutamine,1.9,125636-77-3,C(CC(=O)N)[C@@H](C(=O)O)N,7,,doi.org/10.1016/j.watres.2012.06.006,halogenated,Halogenated organics,"InChI=1S/C5H10N2O3/c6-3(5(9)10)1-2-4(7)8/h3H,1-2,6H2,(H2,7,8)(H,9,10)/t3-/m0/s1",ZDXPYRJPNDTMRX-VKHMYHEASA-N
928,L-Histidine,3.59,71-00-1,C1=C(NC=N1)C[C@@H](C(=O)O)N,7,,10.1016/j.scitotenv.2020.136816,halogenated,Halogenated organics,"InChI=1S/C6H9N3O2/c7-5(6(10)11)1-4-2-8-3-9-4/h2-3,5H,1,7H2,(H,8,9)(H,10,11)/t5-/m0/s1",HNDVDQJCIGZPNO-YFKPBYRVSA-N
929,"L-Isoleucine, negative ion",4.748188027,57031-97-7,[NH3+][C@@H](C(C)CC)[C@H](C)[C@H](C)C([O-])=O,3.3~7.0,,NIST,halogenated,Halogenated organics,"InChI=1S/C10H21NO2/c1-5-6(2)9(11)7(3)8(4)10(12)13/h6-9H,5,11H2,1-4H3,(H,12,13)/t6?,7-,8+,9+/m1/s1",IAHWCZNFYAPIBJ-UXGQUHLOSA-N
930,L-Lysine,2.08,56-87-1,C(CCN)C[C@@H](C(=O)O)N,7,,doi.org/10.1016/j.watres.2012.06.006,alkane,Aliphatic hydrocarbons,"InChI=1S/C6H14N2O2/c7-4-2-1-3-5(8)6(9)10/h5H,1-4,7-8H2,(H,9,10)/t5-/m0/s1",KDXKERNSBIXSRK-YFKPBYRVSA-N
931,L-Phenylalanine,3.11,15099-85-1,C1=CC=C(C=C1)C[C@@H](C(=O)O)N,7,,doi.org/10.1016/j.watres.2012.06.006,halogenated,Halogenated organics,"InChI=1S/C9H11NO2/c10-8(9(11)12)6-7-4-2-1-3-5-7/h1-5,8H,6,10H2,(H,11,12)/t8-/m0/s1",COLNVLDHVKWLRT-QMMMGPOBSA-N
932,"L-Proline, negative ion",6.633468456,17781-82-7,O=C([O-])[C@H]1CCCN1,,,NIST,halogenated,Halogenated organics,"InChI=1S/C5H9NO2/c7-5(8)4-2-1-3-6-4/h4,6H,1-3H2,(H,7,8)/p-1/t4-/m1/s1",ONIBWKKTOPOVIA-SCSAIBSYSA-M
933,L-Quinovose,-0.148741651,7658-08-4,C[C@@H]([C@@H]([C@H]([C@@H](C=O)O)O)O)O,4,,NIST,diol,Polyfunctional / highly functionalized,"InChI=1S/C6H12O5/c1-3(8)5(10)6(11)4(9)2-7/h2-6,8-11H,1H3/t3-,4+,5-,6-/m0/s1",PNNNRSAQSRJVSB-FSIIMWSLSA-N
934,L-Sorbose,0,87-79-6,C1[C@@H]([C@H]([C@@H](C(O1)(CO)O)O)O)O,4,,NIST,diol,Polyfunctional / highly functionalized,"InChI=1S/C6H12O6/c7-2-6(11)5(10)4(9)3(8)1-12-6/h3-5,7-11H,1-2H2/t3-,4+,5-,6?/m0/s1",LKDRXBCSQODPBY-AMVSKUEXSA-N
935,L-Valine,1.6,72-18-4,CC(C)[C@@H](C(=O)O)N,7,,doi.org/10.1016/j.watres.2012.06.006,alkane,Aliphatic hydrocarbons,"InChI=1S/C5H11NO2/c1-3(2)4(6)5(7)8/h3-4H,6H2,1-2H3,(H,7,8)/t4-/m0/s1",KZSNJWFQEVHDMF-BYPYZUCNSA-N
936,Lactose,0.602059991,63-42-3,C([C@@H]1[C@@H]([C@@H]([C@H]([C@@H](O1)O[C@@H]2[C@H](OC([C@@H]([C@H]2O)O)O)CO)O)O)O)O,4,,NIST,diol,Polyfunctional / highly functionalized,"InChI=1S/C12H22O11/c13-1-3-5(15)6(16)9(19)12(22-3)23-10-4(2-14)21-11(20)8(18)7(10)17/h3-20H,1-2H2/t3-,4-,5+,6+,7-,8-,9-,10-,11?,12+/m1/s1",GUBGYTABKSRVRQ-QKKXKWKRSA-N
937,Leu,1.698970004,7005-03-0,CC(C)C[C@@H](C(=O)O)N,7,,NIST,alkane,Aliphatic hydrocarbons,"InChI=1S/C6H13NO2/c1-4(2)3-5(7)6(8)9/h4-5H,3,7H2,1-2H3,(H,8,9)/t5-/m0/s1",ROHFNLRQFUQHCH-YFKPBYRVSA-N
938,Leu-,4.72427587,61-90-5,N[C@@H](CC(C)C)C(O)=O,,,NIST,halogenated,Halogenated organics,"InChI=1S/C6H13NO2/c1-4(2)3-5(7)6(8)9/h4-5H,3,7H2,1-2H3,(H,8,9)/t5-/m0/s1",ROHFNLRQFUQHCH-YFKPBYRVSA-N
939,Lidocaine,4.86332286,137-58-6,CCN(CC)CC(=O)NC1=C(C=CC=C1C)C,,,doi.org/10.1016/j.watres.2012.06.006,alkane,Aliphatic hydrocarbons,"InChI=1S/C14H22N2O/c1-5-16(6-2)10-13(17)15-14-11(3)8-7-9-12(14)4/h7-9H,5-6,10H2,1-4H3,(H,15,17)",NNJVILVZKWQKPM-UHFFFAOYSA-N
940,Lincomycin,5.67425697,154-21-2,CCC[C@@H]1C[C@H](N(C1)C)C(=O)N[C@@H]([C@@H]2[C@@H]([C@@H]([C@H]([C@H](O2)SC)O)O)O)[C@@H](C)O,7,,10.1016/j.chemosphere.2008.08.033,diol,Polyfunctional / highly functionalized,"InChI=1S/C18H34N2O6S/c1-5-6-10-7-11(20(3)8-10)17(25)19-12(9(2)21)16-14(23)13(22)15(24)18(26-16)27-4/h9-16,18,21-24H,5-8H2,1-4H3,(H,19,25)/t9-,10-,11+,12-,13+,14-,15-,16-,18-/m1/s1",OJMMVQQUTAEWLP-KIDUDLJLSA-N
941,Linoleic acid,6,60-33-3,CCCCC/C=C\C/C=C\CCCCCCCC(=O)O,2.7,,NIST,alkane,Aliphatic hydrocarbons,"InChI=1S/C18H32O2/c1-2-3-4-5-6-7-8-9-10-11-12-13-14-15-16-17-18(19)20/h6-7,9-10H,2-5,8,11-17H2,1H3,(H,19,20)/b7-6-,10-9-",OYHQOLUKZRVURQ-HZJYTTRNSA-N
942,Linuron,2.51,8070-92-6,CON(C)C(=O)Nc1ccc(Cl)c(Cl)c1,,,https://doi.org/10.1016/j.jece.2024.112473,amide,Nitrogen-containing organics,"InChI=1S/C9H10Cl2N2O2/c1-13(15-2)9(14)12-6-3-4-7(10)8(11)5-6/h3-5H,1-2H3,(H,12,14)",XKJMBINCVNINCA-UHFFFAOYSA-N
943,Lys,2.079181246,56-87-1,C(CCN)C[C@@H](C(=O)O)N,7,,NIST,alkane,Aliphatic hydrocarbons,"InChI=1S/C6H14N2O2/c7-4-2-1-3-5(8)6(9)10/h5H,1-4,7-8H2,(H,9,10)/t5-/m0/s1",KDXKERNSBIXSRK-YFKPBYRVSA-N
944,MCLR,5.612783857,101043-37-2,C[C@H]1[C@@H](NC(=O)[C@@H](NC(=O)[C@H]([C@@H](NC(=O)[C@@H](NC(=O)[C@H](NC(=O)C(=C)N(C(=O)CC[C@@H](NC1=O)C(=O)O)C)C)CC(C)C)C(=O)O)C)CCCN=C(N)N)/C=C/C(=C/[C@H](C)[C@H](CC2=CC=CC=C2)OC)/C,7,,10.1080/10934521003648933,diol,Polyfunctional / highly functionalized,"InChI=1S/C49H74N10O12/c1-26(2)23-37-46(66)58-40(48(69)70)30(6)42(62)55-35(17-14-22-52-49(50)51)45(65)54-34(19-18-27(3)24-28(4)38(71-10)25-33-15-12-11-13-16-33)29(5)41(61)56-36(47(67)68)20-21-39(60)59(9)32(8)44(64)53-31(7)43(63)57-37/h11-13,15-16,18-19,24,26,28-31,34-38,40H,8,14,17,20-23,25H2,1-7,9-10H3,(H,53,64)(H,54,65)(H,55,62)(H,56,61)(H,57,63)(H,58,66)(H,67,68)(H,69,70)(H4,50,51,52)/b19-18+,27-24+/t28-,29-,30-,31+,34-,35-,36+,37-,38-,40+/m0/s1",ZYZCGGRZINLQBL-GWRQVWKTSA-N
945,MCLR,5.612783857,101043-37-2,C[C@H]1[C@@H](NC(=O)[C@@H](NC(=O)[C@H]([C@@H](NC(=O)[C@@H](NC(=O)[C@H](NC(=O)C(=C)N(C(=O)CC[C@@H](NC1=O)C(=O)O)C)C)CC(C)C)C(=O)O)C)CCCN=C(N)N)/C=C/C(=C/[C@H](C)[C@H](CC2=CC=CC=C2)OC)/C,,,10.1080/10934521003648933,diol,Polyfunctional / highly functionalized,"InChI=1S/C49H74N10O12/c1-26(2)23-37-46(66)58-40(48(69)70)30(6)42(62)55-35(17-14-22-52-49(50)51)45(65)54-34(19-18-27(3)24-28(4)38(71-10)25-33-15-12-11-13-16-33)29(5)41(61)56-36(47(67)68)20-21-39(60)59(9)32(8)44(64)53-31(7)43(63)57-37/h11-13,15-16,18-19,24,26,28-31,34-38,40H,8,14,17,20-23,25H2,1-7,9-10H3,(H,53,64)(H,54,65)(H,55,62)(H,56,61)(H,57,63)(H,58,66)(H,67,68)(H,69,70)(H4,50,51,52)/b19-18+,27-24+/t28-,29-,30-,31+,34-,35-,36+,37-,38-,40+/m0/s1",ZYZCGGRZINLQBL-GWRQVWKTSA-N
946,MCLR,4.831869774,101043-37-2,C[C@H]1[C@@H](NC(=O)[C@@H](NC(=O)[C@H]([C@@H](NC(=O)[C@@H](NC(=O)[C@H](NC(=O)C(=C)N(C(=O)CC[C@@H](NC1=O)C(=O)O)C)C)CC(C)C)C(=O)O)C)CCCN=C(N)N)/C=C/C(=C/[C@H](C)[C@H](CC2=CC=CC=C2)OC)/C,2,,10.1080/10934521003648933,diol,Polyfunctional / highly functionalized,"InChI=1S/C49H74N10O12/c1-26(2)23-37-46(66)58-40(48(69)70)30(6)42(62)55-35(17-14-22-52-49(50)51)45(65)54-34(19-18-27(3)24-28(4)38(71-10)25-33-15-12-11-13-16-33)29(5)41(61)56-36(47(67)68)20-21-39(60)59(9)32(8)44(64)53-31(7)43(63)57-37/h11-13,15-16,18-19,24,26,28-31,34-38,40H,8,14,17,20-23,25H2,1-7,9-10H3,(H,53,64)(H,54,65)(H,55,62)(H,56,61)(H,57,63)(H,58,66)(H,67,68)(H,69,70)(H4,50,51,52)/b19-18+,27-24+/t28-,29-,30-,31+,34-,35-,36+,37-,38-,40+/m0/s1",ZYZCGGRZINLQBL-GWRQVWKTSA-N
947,MCLR,5.929418926,101043-37-2,C[C@H]1[C@@H](NC(=O)[C@@H](NC(=O)[C@H]([C@@H](NC(=O)[C@@H](NC(=O)[C@H](NC(=O)C(=C)N(C(=O)CC[C@@H](NC1=O)C(=O)O)C)C)CC(C)C)C(=O)O)C)CCCN=C(N)N)/C=C/C(=C/[C@H](C)[C@H](CC2=CC=CC=C2)OC)/C,7.2,,10.1080/10934521003648933,diol,Polyfunctional / highly functionalized,"InChI=1S/C49H74N10O12/c1-26(2)23-37-46(66)58-40(48(69)70)30(6)42(62)55-35(17-14-22-52-49(50)51)45(65)54-34(19-18-27(3)24-28(4)38(71-10)25-33-15-12-11-13-16-33)29(5)41(61)56-36(47(67)68)20-21-39(60)59(9)32(8)44(64)53-31(7)43(63)57-37/h11-13,15-16,18-19,24,26,28-31,34-38,40H,8,14,17,20-23,25H2,1-7,9-10H3,(H,53,64)(H,54,65)(H,55,62)(H,56,61)(H,57,63)(H,58,66)(H,67,68)(H,69,70)(H4,50,51,52)/b19-18+,27-24+/t28-,29-,30-,31+,34-,35-,36+,37-,38-,40+/m0/s1",ZYZCGGRZINLQBL-GWRQVWKTSA-N
948,MFA,6.764176132,34298-89-0,CN(C=O)C1=CC=CC=C1,,,https://doi.org/10.1016/j.chemosphere.2023.138782,cyclo,Aromatic & PAHs,"InChI=1S/C8H9NO/c1-9(7-10)8-5-3-2-4-6-8/h2-7H,1H3",JIKUXBYRTXDNIY-UHFFFAOYSA-N
949,MTBE,-0.853871964,1634-04-4,CC(C)(C)OC,,,https://doi.org/10.1039/FT9959101631,alcohol,Oxygenated organics,"InChI=1S/C5H12O/c1-5(2,3)6-4/h1-4H3",BZLVMXJERCGZMT-UHFFFAOYSA-N
950,Maleate ion,4.380211242,142-42-7,O=C([O-])/C=C/C(=O)[O-],,,NIST,halogenated,Halogenated organics,"InChI=1S/C4H4O4/c5-3(6)1-2-4(7)8/h1-2H,(H,5,6)(H,7,8)/p-2/b2-1+",VZCYOOQTPOCHFL-OWOJBTEDSA-L
951,Maleate ion,3.698970004,142-42-7,O=C([O-])/C=C/C(=O)[O-],6,,NIST,halogenated,Halogenated organics,"InChI=1S/C4H4O4/c5-3(6)1-2-4(7)8/h1-2H,(H,5,6)(H,7,8)/p-2/b2-1+",VZCYOOQTPOCHFL-OWOJBTEDSA-L
952,MalelCacld,3,110-16-7,O=C(/C=C\C(O)=O)O,2,,https://doi.org/10.1016/0043-1354(83)90098-2,diol,Polyfunctional / highly functionalized,"InChI=1S/C4H4O4/c5-3(6)1-2-4(7)8/h1-2H,(H,5,6)(H,7,8)/b2-1-",VZCYOOQTPOCHFL-UPHRSURJSA-N
953,Malonic acid diethylester,-1.22184875,105-53-3,CCCCC/C=C\C/C=C\CCCCCCCC(O)=O,2,,10.1016/0043-1354(83)90098-2,alkane,Aliphatic hydrocarbons,"InChI=1S/C18H32O2/c1-2-3-4-5-6-7-8-9-10-11-12-13-14-15-16-17-18(19)20/h6-7,9-10H,2-5,8,11-17H2,1H3,(H,19,20)/b7-6-,10-9-",OYHQOLUKZRVURQ-HZJYTTRNSA-N
954,Malonic acid diethylester,-1.22184875,105-53-3,O=C(OCC)CC(OCC)=O,2,,https://doi.org/10.1016/0043-1354(83)90098-2,halogenated,Halogenated organics,"InChI=1S/C7H12O4/c1-3-10-6(8)5-7(9)11-4-2/h3-5H2,1-2H3",IYXGSMUGOJNHAZ-UHFFFAOYSA-N
955,Maltose,0.838849091,69-79-4,C([C@@H]1[C@H]([C@@H]([C@H]([C@H](O1)O[C@@H]2[C@H](OC([C@@H]([C@H]2O)O)O)CO)O)O)O)O,6,,NIST,diol,Polyfunctional / highly functionalized,"InChI=1S/C12H22O11/c13-1-3-5(15)6(16)9(19)12(22-3)23-10-4(2-14)21-11(20)8(18)7(10)17/h3-20H,1-2H2/t3-,4-,5-,6+,7-,8-,9-,10-,11?,12-/m1/s1",GUBGYTABKSRVRQ-PICCSMPSSA-N
956,Maltose,0.62324929,69-79-4,C([C@@H]1[C@H]([C@@H]([C@H]([C@H](O1)O[C@@H]2[C@H](OC([C@@H]([C@H]2O)O)O)CO)O)O)O)O,5,,NIST,diol,Polyfunctional / highly functionalized,"InChI=1S/C12H22O11/c13-1-3-5(15)6(16)9(19)12(22-3)23-10-4(2-14)21-11(20)8(18)7(10)17/h3-20H,1-2H2/t3-,4-,5-,6+,7-,8-,9-,10-,11?,12-/m1/s1",GUBGYTABKSRVRQ-PICCSMPSSA-N
957,Maltose,0.477121255,69-79-4,C([C@@H]1[C@H]([C@@H]([C@H]([C@H](O1)O[C@@H]2[C@H](OC([C@@H]([C@H]2O)O)O)CO)O)O)O)O,4,,NIST,diol,Polyfunctional / highly functionalized,"InChI=1S/C12H22O11/c13-1-3-5(15)6(16)9(19)12(22-3)23-10-4(2-14)21-11(20)8(18)7(10)17/h3-20H,1-2H2/t3-,4-,5-,6+,7-,8-,9-,10-,11?,12-/m1/s1",GUBGYTABKSRVRQ-PICCSMPSSA-N
958,Maltose,0.414973348,69-79-4,C([C@@H]1[C@H]([C@@H]([C@H]([C@H](O1)O[C@@H]2[C@H](OC([C@@H]([C@H]2O)O)O)CO)O)O)O)O,3.5,,NIST,diol,Polyfunctional / highly functionalized,"InChI=1S/C12H22O11/c13-1-3-5(15)6(16)9(19)12(22-3)23-10-4(2-14)21-11(20)8(18)7(10)17/h3-20H,1-2H2/t3-,4-,5-,6+,7-,8-,9-,10-,11?,12-/m1/s1",GUBGYTABKSRVRQ-PICCSMPSSA-N
959,Maltose,0.278753601,69-79-4,C([C@@H]1[C@H]([C@@H]([C@H]([C@H](O1)O[C@@H]2[C@H](OC([C@@H]([C@H]2O)O)O)CO)O)O)O)O,3,,NIST,diol,Polyfunctional / highly functionalized,"InChI=1S/C12H22O11/c13-1-3-5(15)6(16)9(19)12(22-3)23-10-4(2-14)21-11(20)8(18)7(10)17/h3-20H,1-2H2/t3-,4-,5-,6+,7-,8-,9-,10-,11?,12-/m1/s1",GUBGYTABKSRVRQ-PICCSMPSSA-N
960,Maltose,0.72427587,69-79-4,C([C@@H]1[C@H]([C@@H]([C@H]([C@H](O1)O[C@@H]2[C@H](OC([C@@H]([C@H]2O)O)O)CO)O)O)O)O,5.5,,NIST,diol,Polyfunctional / highly functionalized,"InChI=1S/C12H22O11/c13-1-3-5(15)6(16)9(19)12(22-3)23-10-4(2-14)21-11(20)8(18)7(10)17/h3-20H,1-2H2/t3-,4-,5-,6+,7-,8-,9-,10-,11?,12-/m1/s1",GUBGYTABKSRVRQ-PICCSMPSSA-N
961,Maltose,0.204119983,69-79-4,C([C@@H]1[C@H]([C@@H]([C@H]([C@H](O1)O[C@@H]2[C@H](OC([C@@H]([C@H]2O)O)O)CO)O)O)O)O,2.5,,NIST,diol,Polyfunctional / highly functionalized,"InChI=1S/C12H22O11/c13-1-3-5(15)6(16)9(19)12(22-3)23-10-4(2-14)21-11(20)8(18)7(10)17/h3-20H,1-2H2/t3-,4-,5-,6+,7-,8-,9-,10-,11?,12-/m1/s1",GUBGYTABKSRVRQ-PICCSMPSSA-N
962,Maltose,0.84,81295-47-8,O=C[C@H](O)[C@@H](O)[C@H](O[C@H]1O[C@H](CO)[C@@H](O)[C@H](O)[C@H]1O)[C@H](O)CO,,,https://doi.org/10.1016/j.jece.2024.112473,diol,Polyfunctional / highly functionalized,"InChI=1S/C12H22O11/c13-1-4(16)7(18)11(5(17)2-14)23-12-10(21)9(20)8(19)6(3-15)22-12/h1,4-12,14-21H,2-3H2/t4-,5+,6+,7+,8+,9-,10+,11+,12+/m0/s1",DKXNBNKWCZZMJT-WUJBLJFYSA-N
963,Manganese(Mn(II)),3.176091259,7439-96-5,[Mn],,,https://doi.org/10.1002/(SICI)1097-4601(1998)30:3<207::AID-KIN6>3.0.CO;2-W,amine,Nitrogen-containing organics,InChI=1S/Mn,PWHULOQIROXLJO-UHFFFAOYSA-N
964,MeOH,-1.698970004,67-56-1,CO,2~5,,NIST,halogenated,Halogenated organics,"InChI=1S/CH4O/c1-2/h2H,1H3",OKKJLVBELUTLKV-UHFFFAOYSA-N
965,Mefenamic acid,6.806179974,61-68-7,CC1=C(C(=CC=C1)NC2=CC=CC=C2C(=O)O)C,,,doi.org/10.1016/j.watres.2012.06.006,cyclo,Aromatic & PAHs,"InChI=1S/C15H15NO2/c1-10-6-5-9-13(11(10)2)16-14-8-4-3-7-12(14)15(17)18/h3-9,16H,1-2H3,(H,17,18)",HYYBABOKPJLUIN-UHFFFAOYSA-N
966,Melezitose,0.447158031,597-12-6,C([C@@H]1[C@H]([C@@H]([C@H]([C@H](O1)O[C@H]2[C@@H]([C@H](O[C@@]2(CO)O[C@@H]3[C@@H]([C@H]([C@@H]([C@H](O3)CO)O)O)O)CO)O)O)O)O)O,4,,NIST,diol,Polyfunctional / highly functionalized,"InChI=1S/C18H32O16/c19-1-5-8(23)11(26)13(28)16(30-5)32-15-10(25)7(3-21)33-18(15,4-22)34-17-14(29)12(27)9(24)6(2-20)31-17/h5-17,19-29H,1-4H2/t5-,6-,7-,8-,9-,10-,11+,12+,13-,14-,15+,16-,17-,18+/m1/s1",QWIZNVHXZXRPDR-WSCXOGSTSA-N
967,Melibiose,0.431363764,585-99-9,C([C@@H]1[C@@H]([C@@H]([C@H]([C@H](O1)OC[C@@H]2[C@H]([C@@H]([C@H](C(O2)O)O)O)O)O)O)O)O,4,,NIST,diol,Polyfunctional / highly functionalized,"InChI=1S/C12H22O11/c13-1-3-5(14)8(17)10(19)12(23-3)21-2-4-6(15)7(16)9(18)11(20)22-4/h3-20H,1-2H2/t3-,4-,5+,6-,7+,8+,9-,10-,11?,12+/m1/s1",DLRVVLDZNNYCBX-ABXHMFFYSA-N
968,Melibious,0.43,585-99-9,O=C[C@H](O)[C@@H](O)[C@H](O)[C@H](O)CO[C@H]1O[C@H](CO)[C@H](O)[C@H](O)[C@H]1O,,,https://doi.org/10.1016/j.jece.2024.112473,diol,Polyfunctional / highly functionalized,"InChI=1S/C12H22O11/c13-1-4(15)7(17)8(18)5(16)3-22-12-11(21)10(20)9(19)6(2-14)23-12/h1,4-12,14-21H,2-3H2/t4-,5+,6+,7+,8+,9-,10-,11+,12-/m0/s1",AYRXSINWFIIFAE-GFRRCQKTSA-N
969,Met,5.698970004,7005-18-7,CSCC[C@@H](C(=O)O)N,2,,NIST,"sulfide, disulfide",Sulfur-containing organics,"InChI=1S/C5H11NO2S/c1-9-3-2-4(6)5(7)8/h4H,2-3,6H2,1H3,(H,7,8)/t4-/m0/s1",FFEARJCKVFRZRR-BYPYZUCNSA-N
970,Met,6.698970004,7005-18-7,CSCC[C@@H](C(=O)O)N,7,,NIST,"sulfide, disulfide",Sulfur-containing organics,"InChI=1S/C5H11NO2S/c1-9-3-2-4(6)5(7)8/h4H,2-3,6H2,1H3,(H,7,8)/t4-/m0/s1",FFEARJCKVFRZRR-BYPYZUCNSA-N
971,Met,4.799340549,7005-18-7,CSCC[C@@H](C(=O)O)N,7,,NIST,"sulfide, disulfide",Sulfur-containing organics,"InChI=1S/C5H11NO2S/c1-9-3-2-4(6)5(7)8/h4H,2-3,6H2,1H3,(H,7,8)/t4-/m0/s1",FFEARJCKVFRZRR-BYPYZUCNSA-N
972,Met,6.602059991,7005-18-7,CSCC[C@@H](C(=O)O)N,,,NIST,"sulfide, disulfide",Sulfur-containing organics,"InChI=1S/C5H11NO2S/c1-9-3-2-4(6)5(7)8/h4H,2-3,6H2,1H3,(H,7,8)/t4-/m0/s1",FFEARJCKVFRZRR-BYPYZUCNSA-N
973,Metanil Yellow,0.606,5448-80-6,C1=CC=C(C=C1)NC2=CC=C(C=C2)N=NC3=CC(=CC=C3)S(=O)(=O)[O-].[Na+],,,10.1016/j.cej.2014.05.073,"sulfide, disulfide",Sulfur-containing organics,"InChI=1S/C18H15N3O3S.Na/c22-25(23,24)18-8-4-7-17(13-18)21-20-16-11-9-15(10-12-16)19-14-5-2-1-3-6-14;/h1-13,19H,(H,22,23,24);/q;+1/p-1",NYGZLYXAPMMJTE-UHFFFAOYSA-M
974,Methamidophos,-1.7,65960-97-6,CO[P@](N)(=O)SC,,,https://doi.org/10.1016/j.jece.2024.112473,"sulfide, disulfide",Sulfur-containing organics,"InChI=1S/C2H8NO2PS/c1-5-6(3,4)7-2/h1-2H3,(H2,3,4)/t6-/m0/s1",NNKVPIKMPCQWCG-LURJTMIESA-N
975,Methionine sulfone,5.176091259,1118-85-0,CS(=O)(=O)CC[C@@H](C(=O)O)N,,,NIST,"sulfide, disulfide",Sulfur-containing organics,"InChI=1S/C5H11NO4S/c1-11(9,10)3-2-4(6)5(7)8/h4H,2-3,6H2,1H3,(H,7,8)/t4-/m0/s1",UCUNFLYVYCGDHP-BYPYZUCNSA-N
976,Methionine sulfoxide,4.819543936,454-41-1,CS(=O)CC[C@@H](C(=O)O)N,2.3~7.4,,NIST,"sulfide, disulfide",Sulfur-containing organics,"InChI=1S/C5H11NO3S/c1-10(9)3-2-4(6)5(7)8/h4H,2-3,6H2,1H3,(H,7,8)/t4-,10?/m0/s1",QEFRNWWLZKMPFJ-YGVKFDHGSA-N
977,Methoxychlor,2.431363764,72-43-5,COC1=CC=C(C=C1)C(C2=CC=C(C=C2)OC)C(Cl)(Cl)Cl,,,https://doi.org/10.1016/0043-1354(91)90155-J,diol,Polyfunctional / highly functionalized,"InChI=1S/C16H15Cl3O2/c1-20-13-7-3-11(4-8-13)15(16(17,18)19)12-5-9-14(21-2)10-6-12/h3-10,15H,1-2H3",IAKOZHOLGAGEJT-UHFFFAOYSA-N
978,Methoxychlor,2.4,72-43-5,COC1=CC=C(C=C1)C(C2=CC=C(C=C2)OC)C(Cl)(Cl)Cl,7,,10.1016/j.scitotenv.2020.136816,diol,Polyfunctional / highly functionalized,"InChI=1S/C16H15Cl3O2/c1-20-13-7-3-11(4-8-13)15(16(17,18)19)12-5-9-14(21-2)10-6-12/h3-10,15H,1-2H3",IAKOZHOLGAGEJT-UHFFFAOYSA-N
979,Methoxychlor,2.431363764,72-43-5,COC1=CC=C(C=C1)C(C2=CC=C(C=C2)OC)C(Cl)(Cl)Cl,,,10.1016/j.scitotenv.2020.136816,diol,Polyfunctional / highly functionalized,"InChI=1S/C16H15Cl3O2/c1-20-13-7-3-11(4-8-13)15(16(17,18)19)12-5-9-14(21-2)10-6-12/h3-10,15H,1-2H3",IAKOZHOLGAGEJT-UHFFFAOYSA-N
980,Methyl acetate,-1.05,68683-25-0,COC(C)=O,,,https://doi.org/10.1016/j.jece.2024.112473,alcohol,Oxygenated organics,InChI=1S/C3H6O2/c1-3(4)5-2/h1-2H3,KXKVLQRXCPHEJC-UHFFFAOYSA-N
981,Methyl benzoate,0.041392685,36712-21-7,COC(=O)C1=CC=CC=C1,2,,https://doi.org/10.1016/0043-1354(83)90098-2,alcohol,Oxygenated organics,"InChI=1S/C8H8O2/c1-10-8(9)7-5-3-2-4-6-7/h2-6H,1H3",QPJVMBTYPHYUOC-UHFFFAOYSA-N
982,Methyl benzoate,0.041392685,36712-21-7,COC(=O)C1=CC=CC=C1,2,,doi.org/10.1016/j.watres.2012.06.006,alcohol,Oxygenated organics,"InChI=1S/C8H8O2/c1-10-8(9)7-5-3-2-4-6-7/h2-6H,1H3",QPJVMBTYPHYUOC-UHFFFAOYSA-N
983,Methyl benzoate,0.041393,152122-32-2,COC(=O)c1ccccc1,2,,https://doi.org/10.1016/j.jece.2024.112473,alcohol,Oxygenated organics,"InChI=1S/C8H8O2/c1-10-8(9)7-5-3-2-4-6-7/h2-6H,1H3",QPJVMBTYPHYUOC-UHFFFAOYSA-N
984,Methyl benzoate,0.041392685,93-58-3,COC(=O)C1=CC=CC=C1,2,,NIST,alcohol,Oxygenated organics,"InChI=1S/C8H8O2/c1-10-8(9)7-5-3-2-4-6-7/h2-6H,1H3",QPJVMBTYPHYUOC-UHFFFAOYSA-N
985,Methyl benzoate,0.041392685,36712-21-7,COC(=O)C1=CC=CC=C1,,,doi.org/10.1016/j.watres.2012.06.006,alcohol,Oxygenated organics,"InChI=1S/C8H8O2/c1-10-8(9)7-5-3-2-4-6-7/h2-6H,1H3",QPJVMBTYPHYUOC-UHFFFAOYSA-N
986,Methyl glucoside,0.204119983,709-50-2,CO[C@@H]1[C@H]([C@@H]([C@H](C(O1)CO)O)O)O,4,,NIST,diol,Polyfunctional / highly functionalized,"InChI=1S/C7H14O6/c1-12-7-6(11)5(10)4(9)3(2-8)13-7/h3-11H,2H2,1H3/t3?,4-,5+,6-,7-/m0/s1",HOVAGTYPODGVJG-JXUVCOMLSA-N
987,Methyl glucoside,0.079181246,709-50-2,CO[C@@H]1[C@H]([C@@H]([C@H](C(O1)CO)O)O)O,3,,NIST,diol,Polyfunctional / highly functionalized,"InChI=1S/C7H14O6/c1-12-7-6(11)5(10)4(9)3(2-8)13-7/h3-11H,2H2,1H3/t3?,4-,5+,6-,7-/m0/s1",HOVAGTYPODGVJG-JXUVCOMLSA-N
988,Methyl glucoside,0.170261715,709-50-2,CO[C@@H]1[C@H]([C@@H]([C@H](C(O1)CO)O)O)O,3,,NIST,diol,Polyfunctional / highly functionalized,"InChI=1S/C7H14O6/c1-12-7-6(11)5(10)4(9)3(2-8)13-7/h3-11H,2H2,1H3/t3?,4-,5+,6-,7-/m0/s1",HOVAGTYPODGVJG-JXUVCOMLSA-N
989,Methyl linoleate,6.041392685,112-63-0,CCCCC/C=C\C/C=C\CCCCCCCC(=O)OC,4.2,,NIST,alcohol,Oxygenated organics,"InChI=1S/C19H34O2/c1-3-4-5-6-7-8-9-10-11-12-13-14-15-16-17-18-19(20)21-2/h7-8,10-11H,3-6,9,12-18H2,1-2H3/b8-7-,11-10-",WTTJVINHCBCLGX-NQLNTKRDSA-N
990,Methyl methacrylate,-1.48148606,80-62-6,CC(=C)C(=O)OC,,,10.1007/s10975-005-0142-4,alcohol,Oxygenated organics,"InChI=1S/C5H8O2/c1-4(2)5(6)7-3/h1H2,2-3H3",VVQNEPGJFQJSBK-UHFFFAOYSA-N
991,Methyl orange,0.739,547-58-0,CN(C)C1=CC=C(C=C1)N=NC2=CC=C(C=C2)S(=O)(=O)[O-].[Na+],,,10.1016/j.chemosphere.2014.05.068,"sulfide, disulfide",Sulfur-containing organics,"InChI=1S/C14H15N3O3S.Na/c1-17(2)13-7-3-11(4-8-13)15-16-12-5-9-14(10-6-12)21(18,19)20;/h3-10H,1-2H3,(H,18,19,20);/q;+1/p-1",STZCRXQWRGQSJD-UHFFFAOYSA-M
992,Methyl red,1.4255,493-52-7,CN(C)C1=CC=C(C=C1)N=NC2=CC=CC=C2C(=O)O,,,10.1016/j.chemosphere.2014.05.068,cyclo,Aromatic & PAHs,"InChI=1S/C15H15N3O2/c1-18(2)12-9-7-11(8-10-12)16-17-14-6-4-3-5-13(14)15(19)20/h3-10H,1-2H3,(H,19,20)",CEQFOVLGLXCDCX-UHFFFAOYSA-N
993,Methyl tert-butyl ether,1.43,1219795-06-8,COC(C)(C)C,,,https://doi.org/10.1016/j.jece.2024.112473,alcohol,Oxygenated organics,"InChI=1S/C5H12O/c1-5(2,3)6-4/h1-4H3",BZLVMXJERCGZMT-UHFFFAOYSA-N
994,Methylamine,2.447158,1449-70-3,C#N,7,,https://doi.org/10.1016/j.jece.2024.112473,halogenated,Halogenated organics,InChI=1S/CHN/c1-2/h1H,LELOWRISYMNNSU-UHFFFAOYSA-N
995,Methylamine,5.176091259,56209-65-5,CN,7.5,,10.1016/j.watres.2012.11.033,halogenated,Halogenated organics,"InChI=1S/CH5N/c1-2/h2H2,1H3",BAVYZALUXZFZLV-UHFFFAOYSA-N
996,Methylene Blue Trihydrate,0.876,7220-79-3,CN(C)C1=CC2=C(C=C1)N=C3C=CC(=[N+](C)C)C=C3S2.O.O.O.[Cl-],,,10.1016/j.cej.2014.05.073,diol,Polyfunctional / highly functionalized,"InChI=1S/C16H18N3S.ClH.3H2O/c1-18(2)11-5-7-13-15(9-11)20-16-10-12(19(3)4)6-8-14(16)17-13;;;;/h5-10H,1-4H3;1H;3*1H2/q+1;;;;/p-1",XQAXGZLFSSPBMK-UHFFFAOYSA-M
997,Methylene blue trihydrate,0.907,7220-79-3,CN(C)C1=CC2=C(C=C1)N=C3C=CC(=[N+](C)C)C=C3S2.O.O.O.[Cl-],,,10.1016/j.chemosphere.2014.05.068,diol,Polyfunctional / highly functionalized,"InChI=1S/C16H18N3S.ClH.3H2O/c1-18(2)11-5-7-13-15(9-11)20-16-10-12(19(3)4)6-8-14(16)17-13;;;;/h5-10H,1-4H3;1H;3*1H2/q+1;;;;/p-1",XQAXGZLFSSPBMK-UHFFFAOYSA-M
998,Methylene chloride,-1,75-09-2,C(Cl)Cl,2,,https://doi.org/10.1016/0043-1354(83)90098-2,alkane,Aliphatic hydrocarbons,InChI=1S/CH2Cl2/c2-1-3/h1H2,YMWUJEATGCHHMB-UHFFFAOYSA-N
999,Methylisothiazolone,2.041392685,2682-20-4,CN1C(=O)C=CS1,,,10.1016/j.jenvman.2016.08.057,"sulfide, disulfide",Sulfur-containing organics,"InChI=1S/C4H5NOS/c1-5-4(6)2-3-7-5/h2-3H,1H3",BEGLCMHJXHIJLR-UHFFFAOYSA-N
1000,Methylparaben,2.52,99-76-3,COC(=O)C1=CC=C(C=C1)O,2,,"https://doi.org/10.1080/10826070701738787, https://doi.org/10.1016/j.chemosphere.2010.09.004.",alcohol,Oxygenated organics,"InChI=1S/C8H8O3/c1-11-8(10)6-2-4-7(9)5-3-6/h2-5,9H,1H3",LXCFILQKKLGQFO-UHFFFAOYSA-N
1001,Methylparaben,9,99-76-3,COC(=O)C1=CC=C(C=C1)O,12,,"https://doi.org/10.1080/10826070701738787, https://doi.org/10.1016/j.chemosphere.2010.09.006.",alcohol,Oxygenated organics,"InChI=1S/C8H8O3/c1-11-8(10)6-2-4-7(9)5-3-6/h2-5,9H,1H3",LXCFILQKKLGQFO-UHFFFAOYSA-N
1002,Methylparaben,6.3,99-76-3,COC(=O)C1=CC=C(C=C1)O,7,,"https://doi.org/10.1080/10826070701738787, https://doi.org/10.1016/j.chemosphere.2010.09.005.",alcohol,Oxygenated organics,"InChI=1S/C8H8O3/c1-11-8(10)6-2-4-7(9)5-3-6/h2-5,9H,1H3",LXCFILQKKLGQFO-UHFFFAOYSA-N
1003,Metolachlor oxanilic acid,0.85,171118-09-5,CCc1cccc(C)c1N(C(=O)C(=O)O)[C@@H](C)COC,,,https://doi.org/10.1016/j.jece.2024.112473,alcohol,Oxygenated organics,"InChI=1S/C15H21NO4/c1-5-12-8-6-7-10(2)13(12)16(11(3)9-20-4)14(17)15(18)19/h6-8,11H,5,9H2,1-4H3,(H,18,19)/t11-/m0/s1",LNOOSYCKMKZOJB-NSHDSACASA-N
1004,Metoprolol,4.113943352,37350-58-6,CC(C)NCC(COC1=CC=C(C=C1)CCOC)O,9,,10.1016/j.chemosphere.2008.08.033,alcohol,Oxygenated organics,"InChI=1S/C15H25NO3/c1-12(2)16-10-14(17)11-19-15-6-4-13(5-7-15)8-9-18-3/h4-7,12,14,16-17H,8-11H2,1-3H3",IUBSYMUCCVWXPE-UHFFFAOYSA-N
1005,Metoprolol,2.378397901,37350-58-6,CC(C)NCC(COC1=CC=C(C=C1)CCOC)O,2.5,,10.1016/j.chemosphere.2008.08.033,alcohol,Oxygenated organics,"InChI=1S/C15H25NO3/c1-12(2)16-10-14(17)11-19-15-6-4-13(5-7-15)8-9-18-3/h4-7,12,14,16-17H,8-11H2,1-3H3",IUBSYMUCCVWXPE-UHFFFAOYSA-N
1006,Metoprolol,3.267843605,37350-58-6,CC(C)NCC(COC1=CC=C(C=C1)CCOC)O,7,,10.1016/j.chemosphere.2008.08.033,alcohol,Oxygenated organics,"InChI=1S/C15H25NO3/c1-12(2)16-10-14(17)11-19-15-6-4-13(5-7-15)8-9-18-3/h4-7,12,14,16-17H,8-11H2,1-3H3",IUBSYMUCCVWXPE-UHFFFAOYSA-N
1007,Metoprolol,2.436162647,37350-58-6,CC(C)NCC(COC1=CC=C(C=C1)CCOC)O,5,,10.1016/j.chemosphere.2008.08.033,alcohol,Oxygenated organics,"InChI=1S/C15H25NO3/c1-12(2)16-10-14(17)11-19-15-6-4-13(5-7-15)8-9-18-3/h4-7,12,14,16-17H,8-11H2,1-3H3",IUBSYMUCCVWXPE-UHFFFAOYSA-N
1008,Morpholine,3.46,110-91-8,C1COCCN1,7,,10.1016/j.scitotenv.2020.136816,alcohol,Oxygenated organics,"InChI=1S/C4H9NO/c1-3-6-4-2-5-1/h5H,1-4H2",YNAVUWVOSKDBBP-UHFFFAOYSA-N
1009,Morpholine,4.930217009,110-91-8,C1COCCN1,12,,10.1016/j.scitotenv.2020.136816,alcohol,Oxygenated organics,"InChI=1S/C4H9NO/c1-3-6-4-2-5-1/h5H,1-4H2",YNAVUWVOSKDBBP-UHFFFAOYSA-N
1010,Mucic acid,-1.12,348081-92-5,O=C(O)[C@@H](O)[C@H](O)[C@H](O)[C@@H](O)C(=O)O,,,https://doi.org/10.1016/j.jece.2024.112473,halogenated,Halogenated organics,"InChI=1S/C6H10O8/c7-1(3(9)5(11)12)2(8)4(10)6(13)14/h1-4,7-10H,(H,11,12)(H,13,14)/t1-,2+,3+,4-",DSLZVSRJTYRBFB-DUHBMQHGSA-N
1011,N(4)-acetyl sulfamethoxazole,2.397940009,21312-10-7,O=S(C1=NOC(C)=C1)(NC2=CC=C(NC(C)=O)C=C2)=O,,,10.1016/j.scitotenv.2020.136816,diol,Polyfunctional / highly functionalized,"InChI=1S/C12H13N3O4S/c1-8-7-12(14-19-8)20(17,18)15-11-5-3-10(4-6-11)13-9(2)16/h3-7,15H,1-2H3,(H,13,16)",XCFROQPEHZELIM-UHFFFAOYSA-N
1012,N(4)-acetyl sulfamethoxazole,2.4,21312-10-7,O=S(C1=NOC(C)=C1)(NC2=CC=C(NC(C)=O)C=C2)=O,7,,10.1016/j.scitotenv.2020.136816,diol,Polyfunctional / highly functionalized,"InChI=1S/C12H13N3O4S/c1-8-7-12(14-19-8)20(17,18)15-11-5-3-10(4-6-11)13-9(2)16/h3-7,15H,1-2H3,(H,13,16)",XCFROQPEHZELIM-UHFFFAOYSA-N
1013,"N,N-Diethylhydroxylamine",5.84509804,3710-84-7,CCN(CC)O,4.8,,10.1016/j.watres.2019.03.089,alkane,Aliphatic hydrocarbons,"InChI=1S/C4H11NO/c1-3-5(6)4-2/h6H,3-4H2,1-2H3",FVCOIAYSJZGECG-UHFFFAOYSA-N
1014,"N,N-Dimethylaniline",6.204119983,58888-49-6,CN(C)C1=CC=CC=C1,,,doi.org/10.1016/j.watres.2012.06.006,cyclo,Aromatic & PAHs,"InChI=1S/C8H11N/c1-9(2)8-6-4-3-5-7-8/h3-7H,1-2H3",JLTDJTHDQAWBAV-UHFFFAOYSA-N
1015,"N,N-diethyl-m-toluamide",-0.910094889,134-62-3,CCN(CC)C(=O)C1=CC=CC(=C1)C,,,doi.org/10.1016/j.watres.2012.06.006,alkane,Aliphatic hydrocarbons,"InChI=1S/C12H17NO/c1-4-13(5-2)12(14)11-8-6-7-10(3)9-11/h6-9H,4-5H2,1-3H3",MMOXZBCLCQITDF-UHFFFAOYSA-N
1016,"N,N-diethyl-m-toluamide",-0.9,134-62-3,CCN(CC)C(=O)C1=CC=CC(=C1)C,7,,doi.org/10.1016/j.watres.2012.06.006,alkane,Aliphatic hydrocarbons,"InChI=1S/C12H17NO/c1-4-13(5-2)12(14)11-8-6-7-10(3)9-11/h6-9H,4-5H2,1-3H3",MMOXZBCLCQITDF-UHFFFAOYSA-N
1017,"N,N-dimethylacetamide",-0.15,127-19-5,CC(=O)N(C)C,7,,10.1016/j.scitotenv.2020.136816,alkane,Aliphatic hydrocarbons,InChI=1S/C4H9NO/c1-4(6)5(2)3/h1-3H3,FXHOOIRPVKKKFG-UHFFFAOYSA-N
1018,"N,N-dimethylcyclohexylamine",6.568201724,98-94-2,CN(C)C1CCCCC1,,,doi.org/10.1016/j.watres.2012.06.006,benzene,Aromatic & PAHs,"InChI=1S/C8H17N/c1-9(2)8-6-4-3-5-7-8/h8H,3-7H2,1-2H3",SVYKKECYCPFKGB-UHFFFAOYSA-N
1019,N-Hydroxypiperidine,4.886234,1461726-91-9,CCC[C@H]1C=NO1,12,,https://doi.org/10.1016/j.jece.2024.112473,alkane,Aliphatic hydrocarbons,"InChI=1S/C5H9NO/c1-2-3-5-4-6-7-5/h4-5H,2-3H2,1H3/t5-/m0/s1",QGUKSZWISZFRMQ-YFKPBYRVSA-N
1020,N-Hydroxypiperidine,4.8,1461726-91-9,ON1CCCCC1,,,https://doi.org/10.1016/j.jece.2024.112473,pyridine,Heterocycles,"InChI=1S/C5H11NO/c7-6-4-2-1-3-5-6/h7H,1-5H2",LKPFBGKZCCBZDK-UHFFFAOYSA-N
1021,N-Hydroxypiperidine,4.886234202,4801-58-5,C1CCN(CC1)O,12,,10.1016/j.watres.2015.11.027,halogenated,Halogenated organics,"InChI=1S/C5H11NO/c7-6-4-2-1-3-5-6/h7H,1-5H2",LKPFBGKZCCBZDK-UHFFFAOYSA-N
1022,N-Methylacetamide,-0.22,31685-41-3,CC(=O)NC,7.2,,10.1016/j.scitotenv.2020.136816,alkane,Aliphatic hydrocarbons,"InChI=1S/C3H7NO/c1-3(5)4-2/h1-2H3,(H,4,5)",OHLUUHNLEMFGTQ-UHFFFAOYSA-N
1023,N-Methylaniline,6.146128036,100-61-8,CNC1=CC=CC=C1,,,doi.org/10.1016/j.watres.2012.06.006,cyclo,Aromatic & PAHs,"InChI=1S/C7H9N/c1-8-7-5-3-2-4-6-7/h2-6,8H,1H3",AFBPFSWMIHJQDM-UHFFFAOYSA-N
1024,N-acetyl-L-serine,1.15,16354-58-8,CC(=O)N[C@@H](CO)C(=O)O,6.8,,10.1016/j.scitotenv.2020.136816,alkane,Aliphatic hydrocarbons,"InChI=1S/C5H9NO4/c1-3(8)6-4(2-7)5(9)10/h4,7H,2H2,1H3,(H,6,8)(H,9,10)/t4-/m0/s1",JJIHLJJYMXLCOY-BYPYZUCNSA-N
1025,N-dimethylpropyl-2-pyrrolidone,0.54,2687-94-7,CC(C)[C@H](C)N1CCCC1=O,,,https://doi.org/10.1016/j.jece.2024.112473,alkane,Aliphatic hydrocarbons,"InChI=1S/C9H17NO/c1-7(2)8(3)10-6-4-5-9(10)11/h7-8H,4-6H2,1-3H3/t8-/m0/s1",HKBQWGPZONCIPJ-QMMMGPOBSA-N
1026,N-ethyl-2-pyrrolidone,0.78,2687-91-4,CCN1CCCC1=O,,,https://doi.org/10.1016/j.jece.2024.112473,alkane,Aliphatic hydrocarbons,"InChI=1S/C6H11NO/c1-2-7-5-3-4-6(7)8/h2-5H2,1H3",ZFPGARUNNKGOBB-UHFFFAOYSA-N
1027,N-methyl-2-pyrrolidone,0.3,2687-44-7,CN1CCCC1=O,,,https://doi.org/10.1016/j.jece.2024.112473,halogenated,Halogenated organics,"InChI=1S/C5H9NO/c1-6-4-2-3-5(6)7/h2-4H2,1H3",SECXISVLQFMRJM-UHFFFAOYSA-N
1028,N-n-butyl-2-pyrrolidone,0.92,873-56-3,CCCCN1CCCC1=O,,,https://doi.org/10.1016/j.jece.2024.112473,alkane,Aliphatic hydrocarbons,"InChI=1S/C8H15NO/c1-2-3-6-9-7-4-5-8(9)10/h2-7H2,1H3",BNXZHVUCNYMNOS-UHFFFAOYSA-N
1029,N-nitrosodi-n-propylamine,-1.4,93951-96-3,CCCN(CCC)N=O,,,https://doi.org/10.1016/j.jece.2024.112473,alkane,Aliphatic hydrocarbons,"InChI=1S/C6H14N2O/c1-3-5-8(7-9)6-4-2/h3-6H2,1-2H3",YLKFDHTUAUWZPQ-UHFFFAOYSA-N
1030,N-nitrosodiethylamine,-1.096910013,55-18-5,CCN(CC)N=O,,,10.1039/c9ra04127c,alkane,Aliphatic hydrocarbons,"InChI=1S/C4H10N2O/c1-3-6(4-2)5-7/h3-4H2,1-2H3",WBNQDOYYEUMPFS-UHFFFAOYSA-N
1031,N-nitrosopyrrolidine,-0.51,1219802-09-1,O=NN1CCCC1,,,https://doi.org/10.1016/j.jece.2024.112473,halogenated,Halogenated organics,InChI=1S/C4H8N2O/c7-5-6-3-1-2-4-6/h1-4H2,WNYADZVDBIBLJJ-UHFFFAOYSA-N
1032,N-α-Acetyllysine,5,1946-82-3,NCCCC[C@@H](C(O)=O)NC(C)=O,6.0~7.1,,NIST,halogenated,Halogenated organics,"InChI=1S/C8H16N2O3/c1-6(11)10-7(8(12)13)4-2-3-5-9/h7H,2-5,9H2,1H3,(H,10,11)(H,12,13)/t7-/m0/s1",VEYYWZRYIYDQJM-ZETCQYMHSA-N
1033,N-ε-Acetyllysine,4.380211242,692-04-6,CC(NCCCC[C@@H](C(O)=O)N)=O,3.2 - 6.9,,NIST,alkane,Aliphatic hydrocarbons,"InChI=1S/C8H16N2O3/c1-6(11)10-5-3-2-4-7(9)8(12)13/h7H,2-5,9H2,1H3,(H,10,11)(H,12,13)/t7-/m0/s1",DTERQYGMUDWYAZ-ZETCQYMHSA-N
1034,N3-,6.602059991,14343-69-2,[N-]=[N+]=[N-],,,NIST,amine,Nitrogen-containing organics,InChI=1S/N3/c1-3-2/q-1,IVRMZWNICZWHMI-UHFFFAOYSA-N
1035,NH2Br,1.602059991,14519-10-9,NBr,5~8,,NIST,halogenated,Halogenated organics,InChI=1S/BrH2N/c1-2/h2H2,FNXLCIKXHOPCKH-UHFFFAOYSA-N
1036,NH2Cl,1.414973348,10599-90-3,NCl,6.2,,NIST,halogenated,Halogenated organics,InChI=1S/ClH2N/c1-2/h2H2,QDHHCQZDFGDHMP-UHFFFAOYSA-N
1037,NH2OH,4.322219295,7803-49-8,NO,,,NIST,amine,Nitrogen-containing organics,"InChI=1S/H3NO/c1-2/h2H,1H2",AVXURJPOCDRRFD-UHFFFAOYSA-N
1038,NH3,1.301029996,7664-41-7,N,,,NIST,amine,Nitrogen-containing organics,InChI=1S/H3N/h1H3,QGZKDVFQNNGYKY-UHFFFAOYSA-N
1039,NH3OH+,0.301029996,43332-84-9,O[NH3+],2~5,,NIST,amine,Nitrogen-containing organics,"InChI=1S/H4NO/c1-2/h2H,1H3/q+1",RBLWMQWAHONKNC-UHFFFAOYSA-N
1040,NHBr2,1,14519-03-0,BrNBr,5~8,,NIST,halogenated,Halogenated organics,InChI=1S/Br2HN/c1-3-2/h3H,YVKOGZPYYZLUDJ-UHFFFAOYSA-N
1041,NHCl2,0.113943352,3400-09-7,N(Cl)Cl,2.6,,NIST,halogenated,Halogenated organics,InChI=1S/Cl2HN/c1-3-2/h3H,JSYGRUBHOCKMGQ-UHFFFAOYSA-N
1042,NO2-,5.698970004,14797-65-0,N(=O)[O-],1~4,,NIST,amine,Nitrogen-containing organics,"InChI=1S/HNO2/c2-1-3/h(H,2,3)/p-1",IOVCWXUNBOPUCH-UHFFFAOYSA-M
1043,NO2-,5.568201724,14797-65-0,N(=O)[O-],,,NIST,amine,Nitrogen-containing organics,"InChI=1S/HNO2/c2-1-3/h(H,2,3)/p-1",IOVCWXUNBOPUCH-UHFFFAOYSA-M
1044,NO2-,5.51851394,14797-65-0,N(=O)[O-],4,,NIST,amine,Nitrogen-containing organics,"InChI=1S/HNO2/c2-1-3/h(H,2,3)/p-1",IOVCWXUNBOPUCH-UHFFFAOYSA-M
1045,NO2-,5.204119983,14797-65-0,N(=O)[O-],5.9,,NIST,amine,Nitrogen-containing organics,"InChI=1S/HNO2/c2-1-3/h(H,2,3)/p-1",IOVCWXUNBOPUCH-UHFFFAOYSA-M
1046,NO3-,-4,14797-55-8,[N+](=O)([O-])[O-],2,,NIST,amine,Nitrogen-containing organics,InChI=1S/NO3/c2-1(3)4/q-1,NHNBFGGVMKEFGY-UHFFFAOYSA-N
1047,NTA3-,1.919078092,28528-44-1,N(CC(=O)[O-])(CC(=O)[O-])CC(=O)[O-],2,,NIST,diol,Polyfunctional / highly functionalized,"InChI=1S/C6H9NO6/c8-4(9)1-7(2-5(10)11)3-6(12)13/h1-3H2,(H,8,9)(H,10,11)(H,12,13)/p-3",MGFYIUFZLHCRTH-UHFFFAOYSA-K
1048,Naphthalene,3.477121255,91-20-3,C1=CC=C2C=CC=CC2=C1,2,,NIST,cyclo,Aromatic & PAHs,InChI=1S/C10H8/c1-2-6-10-8-4-3-7-9(10)5-1/h1-8H,UFWIBTONFRDIAS-UHFFFAOYSA-N
1049,Naphthalene,3.477121255,91-20-3,C1=CC=C2C=CC=CC2=C1,2,,https://doi.org/10.1016/0043-1354(83)90098-2,cyclo,Aromatic & PAHs,InChI=1S/C10H8/c1-2-6-10-8-4-3-7-9(10)5-1/h1-8H,UFWIBTONFRDIAS-UHFFFAOYSA-N
1050,Naphthalene,2.939519253,91-20-3,C1=CC=C2C=CC=CC2=C1,3,,NIST,cyclo,Aromatic & PAHs,InChI=1S/C10H8/c1-2-6-10-8-4-3-7-9(10)5-1/h1-8H,UFWIBTONFRDIAS-UHFFFAOYSA-N
1051,Naphthalene,3.176091259,91-20-3,C1=CC=C2C=CC=CC2=C1,5.6,,NIST,cyclo,Aromatic & PAHs,InChI=1S/C10H8/c1-2-6-10-8-4-3-7-9(10)5-1/h1-8H,UFWIBTONFRDIAS-UHFFFAOYSA-N
1052,Naphthalene,3.51851394,91-20-3,C1=CC=C2C=CC=CC2=C1,5.6,,NIST,cyclo,Aromatic & PAHs,InChI=1S/C10H8/c1-2-6-10-8-4-3-7-9(10)5-1/h1-8H,UFWIBTONFRDIAS-UHFFFAOYSA-N
1053,Naphthalene,3.579783597,91-20-3,C1=CC=C2C=CC=CC2=C1,7,,NIST,cyclo,Aromatic & PAHs,InChI=1S/C10H8/c1-2-6-10-8-4-3-7-9(10)5-1/h1-8H,UFWIBTONFRDIAS-UHFFFAOYSA-N
1054,Naphthalene-1-sulfonic acid,2.048441804,39363-79-6,C1=CC=C2C(=C1)C=CC=C2S(=O)(=O)O,,,doi.org/10.1016/j.watres.2012.06.006,"sulfide, disulfide",Sulfur-containing organics,"InChI=1S/C10H8O3S/c11-14(12,13)10-7-3-5-8-4-1-2-6-9(8)10/h1-7H,(H,11,12,13)",PSZYNBSKGUBXEH-UHFFFAOYSA-N
1055,Nitrobenzene,-0.57954,89059-37-0,O=[N+]([O-])c1ccccc1,2,,https://doi.org/10.1016/j.jece.2024.112473,benzene,Aromatic & PAHs,InChI=1S/C6H5NO2/c8-7(9)6-4-2-1-3-5-6/h1-5H,LQNUZADURLCDLV-UHFFFAOYSA-N
1056,Nitrobenzene,-1.05,89059-37-0,O=[N+]([O-])c1ccccc1,,,https://doi.org/10.1016/j.jece.2024.112473,benzene,Aromatic & PAHs,InChI=1S/C6H5NO2/c8-7(9)6-4-2-1-3-5-6/h1-5H,LQNUZADURLCDLV-UHFFFAOYSA-N
1057,Nitrobenzene,9.60206,89059-37-0,O=[N+]([O-])c1ccccc1,9,,https://doi.org/10.1016/j.jece.2024.112473,benzene,Aromatic & PAHs,InChI=1S/C6H5NO2/c8-7(9)6-4-2-1-3-5-6/h1-5H,LQNUZADURLCDLV-UHFFFAOYSA-N
1058,Nitrosodimethylamine,0.238667781,62-75-9,CN(C)N=O,,,doi.org/10.1016/j.watres.2012.06.006,halogenated,Halogenated organics,InChI=1S/C2H6N2O/c1-4(2)3-5/h1-2H3,UMFJAHHVKNCGLG-UHFFFAOYSA-N
1059,Nitrosodimethylamine,1,62-75-9,CN(C)N=O,5,,doi.org/10.1016/j.watres.2012.06.006,halogenated,Halogenated organics,InChI=1S/C2H6N2O/c1-4(2)3-5/h1-2H3,UMFJAHHVKNCGLG-UHFFFAOYSA-N
1060,Nonylphenol,5.42,25154-52-3,CCCCCCCCCC1=CC=CC=C1O,8.6,,"https://doi.org/10.1021/es068007p, https://doi.org/10.1016/j.chemosphere.2007.01.059.",cyclo,Aromatic & PAHs,"InChI=1S/C15H24O/c1-2-3-4-5-6-7-8-11-14-12-9-10-13-15(14)16/h9-10,12-13,16H,2-8,11H2,1H3",SNQQPOLDUKLAAF-UHFFFAOYSA-N
1061,Nonylphenol,5.33,25154-52-3,CCCCCCCCCC1=CC=CC=C1O,8.2,,"https://doi.org/10.1021/es068007p, https://doi.org/10.1016/j.chemosphere.2007.01.058.",cyclo,Aromatic & PAHs,"InChI=1S/C15H24O/c1-2-3-4-5-6-7-8-11-14-12-9-10-13-15(14)16/h9-10,12-13,16H,2-8,11H2,1H3",SNQQPOLDUKLAAF-UHFFFAOYSA-N
1062,Nonylphenol,5.16,25154-52-3,CCCCCCCCCC1=CC=CC=C1O,7.9,,"https://doi.org/10.1021/es068007p, https://doi.org/10.1016/j.chemosphere.2007.01.057.",cyclo,Aromatic & PAHs,"InChI=1S/C15H24O/c1-2-3-4-5-6-7-8-11-14-12-9-10-13-15(14)16/h9-10,12-13,16H,2-8,11H2,1H3",SNQQPOLDUKLAAF-UHFFFAOYSA-N
1063,Nonylphenol,5.04,25154-52-3,CCCCCCCCCC1=CC=CC=C1O,7.3,,"https://doi.org/10.1021/es068007p, https://doi.org/10.1016/j.chemosphere.2007.01.056.",cyclo,Aromatic & PAHs,"InChI=1S/C15H24O/c1-2-3-4-5-6-7-8-11-14-12-9-10-13-15(14)16/h9-10,12-13,16H,2-8,11H2,1H3",SNQQPOLDUKLAAF-UHFFFAOYSA-N
1064,Nonylphenol,4.59,84852-15-3,CC(C)CCC[C@H](C)Cc1ccc(O)cc1,,,https://doi.org/10.1016/j.jece.2024.112473,benzene,Aromatic & PAHs,"InChI=1S/C15H24O/c1-12(2)5-4-6-13(3)11-14-7-9-15(16)10-8-14/h7-10,12-13,16H,4-6,11H2,1-3H3/t13-/m0/s1",QFMWIQGYVNZXKN-ZDUSSCGKSA-N
1065,Nonylphenol,4.58,25154-52-3,CCCCCCCCCC1=CC=CC=C1O,2,,"https://doi.org/10.1021/es068007p, https://doi.org/10.1016/j.chemosphere.2007.01.055.",cyclo,Aromatic & PAHs,"InChI=1S/C15H24O/c1-2-3-4-5-6-7-8-11-14-12-9-10-13-15(14)16/h9-10,12-13,16H,2-8,11H2,1H3",SNQQPOLDUKLAAF-UHFFFAOYSA-N
1066,Nonylphenol ethoxylates,2.56,84852-15-3,CCCCCCCCCc1ccc(OCCOCCO)cc1,,,https://doi.org/10.1016/j.jece.2024.112473,benzene,Aromatic & PAHs,"InChI=1S/C19H32O3/c1-2-3-4-5-6-7-8-9-18-10-12-19(13-11-18)22-17-16-21-15-14-20/h10-13,20H,2-9,14-17H2,1H3",BLXVTZPGEOGTGG-UHFFFAOYSA-N
1067,Norchlorcyclizine,4.32,1189925-23-2,Clc1ccc([C@@H](c2ccccc2)N2CCNCC2)cc1,,,https://doi.org/10.1016/j.jece.2024.112473,cyclo,Aromatic & PAHs,"InChI=1S/C17H19ClN2/c18-16-8-6-15(7-9-16)17(14-4-2-1-3-5-14)20-12-10-19-11-13-20/h1-9,17,19H,10-13H2/t17-/m1/s1",UZKBSZSTDQSMDR-QGZVFWFLSA-N
1068,O2 •-,7.361727836,9054-89-1,[O][O-],3,,https://doi.org/10.1021/acs.est.1c07694,alcohol,Oxygenated organics,InChI=1S/O2/c1-2/q-1,MXDZWXWHPVATGF-UHFFFAOYSA-N
1069,O2 •-,9.176091259,9054-89-1,[O][O-],8.5,,https://doi.org/10.1021/acs.est.1c07694,alcohol,Oxygenated organics,InChI=1S/O2/c1-2/q-1,MXDZWXWHPVATGF-UHFFFAOYSA-N
1070,OH-,1.84509804,14280-30-9,[OH-],8.5,,https://doi.org/10.1021/acs.est.1c07694,alcohol,Oxygenated organics,InChI=1S/H2O/h1H2/p-1,XLYOFNOQVPJJNP-UHFFFAOYSA-M
1071,OH-,1.602059991,14280-30-9,[OH-],,,NIST,alcohol,Oxygenated organics,InChI=1S/H2O/h1H2/p-1,XLYOFNOQVPJJNP-UHFFFAOYSA-M
1072,OH-,1.681241237,14280-30-9,[OH-],11~13,,NIST,alcohol,Oxygenated organics,InChI=1S/H2O/h1H2/p-1,XLYOFNOQVPJJNP-UHFFFAOYSA-M
1073,OH-,1.84509804,14280-30-9,[OH-],3,,https://doi.org/10.1021/acs.est.1c07694,alcohol,Oxygenated organics,InChI=1S/H2O/h1H2/p-1,XLYOFNOQVPJJNP-UHFFFAOYSA-M
1074,Octanal,0.90309,99178-22-0,CCCCCCCC=O,5,,https://doi.org/10.1016/j.jece.2024.112473,alkane,Aliphatic hydrocarbons,"InChI=1S/C8H16O/c1-2-3-4-5-6-7-8-9/h8H,2-7H2,1H3",NUJGJRNETVAIRJ-UHFFFAOYSA-N
1075,Octylphenol,5.09,27193-28-8,CCCCCCCCC1=CC=CC=C1O,7.3,,"http://://WOS:000270014100020, https://doi.org/10.1017/",cyclo,Aromatic & PAHs,"InChI=1S/C14H22O/c1-2-3-4-5-6-7-10-13-11-8-9-12-14(13)15/h8-9,11-12,15H,2-7,10H2,1H3",DUIOKRXOKLLURE-UHFFFAOYSA-N
1076,Octylphenol,4.62,27193-28-8,CCCCCCCCC1=CC=CC=C1O,2,,"http://://WOS:000270014100020, https://doi.org/10.1016/",cyclo,Aromatic & PAHs,"InChI=1S/C14H22O/c1-2-3-4-5-6-7-10-13-11-8-9-12-14(13)15/h8-9,11-12,15H,2-7,10H2,1H3",DUIOKRXOKLLURE-UHFFFAOYSA-N
1077,Octylphenol,5.22,27193-28-8,CCCCCCCCC1=CC=CC=C1O,7.9,,"http://://WOS:000270014100020, https://doi.org/10.1018/",cyclo,Aromatic & PAHs,"InChI=1S/C14H22O/c1-2-3-4-5-6-7-10-13-11-8-9-12-14(13)15/h8-9,11-12,15H,2-7,10H2,1H3",DUIOKRXOKLLURE-UHFFFAOYSA-N
1078,Octylphenol,5.51,27193-28-8,CCCCCCCCC1=CC=CC=C1O,9.1,,"http://://WOS:000270014100020, https://doi.org/10.1021/",cyclo,Aromatic & PAHs,"InChI=1S/C14H22O/c1-2-3-4-5-6-7-10-13-11-8-9-12-14(13)15/h8-9,11-12,15H,2-7,10H2,1H3",DUIOKRXOKLLURE-UHFFFAOYSA-N
1079,Octylphenol,5.44,27193-28-8,CCCCCCCCC1=CC=CC=C1O,8.6,,"http://://WOS:000270014100020, https://doi.org/10.1020/",cyclo,Aromatic & PAHs,"InChI=1S/C14H22O/c1-2-3-4-5-6-7-10-13-11-8-9-12-14(13)15/h8-9,11-12,15H,2-7,10H2,1H3",DUIOKRXOKLLURE-UHFFFAOYSA-N
1080,Octylphenol,5.27,27193-28-8,CCCCCCCCC1=CC=CC=C1O,8.2,,"http://://WOS:000270014100020, https://doi.org/10.1019/",cyclo,Aromatic & PAHs,"InChI=1S/C14H22O/c1-2-3-4-5-6-7-10-13-11-8-9-12-14(13)15/h8-9,11-12,15H,2-7,10H2,1H3",DUIOKRXOKLLURE-UHFFFAOYSA-N
1081,Oleic acid,6,112-80-1,CCCCCCCC/C=C\CCCCCCCC(=O)O,2.5 - 3.1,,NIST,alkane,Aliphatic hydrocarbons,"InChI=1S/C18H34O2/c1-2-3-4-5-6-7-8-9-10-11-12-13-14-15-16-17-18(19)20/h9-10H,2-8,11-17H2,1H3,(H,19,20)/b10-9-",ZQPPMHVWECSIRJ-KTKRTIGZSA-N
1082,Omethoate,-1.4,1219804-92-8,CNC(=O)CSP(=O)(OC)OC,,,https://doi.org/10.1016/j.jece.2024.112473,"sulfide, disulfide",Sulfur-containing organics,"InChI=1S/C5H12NO4PS/c1-6-5(7)4-12-11(8,9-2)10-3/h4H2,1-3H3,(H,6,7)",PZXOQEXFMJCDPG-UHFFFAOYSA-N
1083,Orange G,-0.3095,1936-15-8,C1=CC=C(C=C1)N=NC2=C(C=CC3=CC(=CC(=C32)S(=O)(=O)[O-])S(=O)(=O)[O-])O.[Na+].[Na+],,,10.1016/j.chemosphere.2014.05.068,diol,Polyfunctional / highly functionalized,"InChI=1S/C16H12N2O7S2.2Na/c19-13-7-6-10-8-12(26(20,21)22)9-14(27(23,24)25)15(10)16(13)18-17-11-4-2-1-3-5-11;;/h1-9,19H,(H,20,21,22)(H,23,24,25);;/q;2*+1/p-2",HSXUHWZMNJHFRV-UHFFFAOYSA-L
1084,Ortho-phenylphenol,5.46,90-43-7,Oc1ccccc1-c1ccccc1,,,https://doi.org/10.1016/j.jece.2024.112473,alcohol,Oxygenated organics,"InChI=1S/C12H10O/c13-12-9-5-4-8-11(12)10-6-2-1-3-7-10/h1-9,13H",LLEMOWNGBBNAJR-UHFFFAOYSA-N
1085,Oxalate,-1.397940009,2437-29-8,C(=O)(C(=O)[O-])[O-],,,https://doi.org/10.1016/0043-1354(83)90099-4,halogenated,Halogenated organics,"InChI=1S/C2H2O4/c3-1(4)2(5)6/h(H,3,4)(H,5,6)/p-2",MUBZPKHOEPUJKR-UHFFFAOYSA-L
1086,Oxamyl,2.792391689,23135-22-0,CNC(=O)ON=C(C(=O)N(C)C)SC,4.5,,10.1016/0043-1354(91)90155-J,"sulfide, disulfide",Sulfur-containing organics,"InChI=1S/C7H13N3O3S/c1-8-7(12)13-9-5(14-4)6(11)10(2)3/h1-4H3,(H,8,12)",KZAUOCCYDRDERY-UHFFFAOYSA-N
1087,Oxamyl,2.792391689,23135-22-0,CNC(=O)ON=C(C(=O)N(C)C)SC,,,10.1016/0043-1354(91)90155-J,"sulfide, disulfide",Sulfur-containing organics,"InChI=1S/C7H13N3O3S/c1-8-7(12)13-9-5(14-4)6(11)10(2)3/h1-4H3,(H,8,12)",KZAUOCCYDRDERY-UHFFFAOYSA-N
1088,Oxazepam,0,604-75-1,C1=CC=C(C=C1)C2=NC(C(=O)NC3=C2C=C(C=C3)Cl)O,,,doi.org/10.1016/j.watres.2012.06.006,cyclo,Aromatic & PAHs,"InChI=1S/C15H11ClN2O2/c16-10-6-7-12-11(8-10)13(9-4-2-1-3-5-9)18-15(20)14(19)17-12/h1-8,15,20H,(H,17,19)",ADIMAYPTOBDMTL-UHFFFAOYSA-N
1089,Oxybenzone,3.4795,131-57-7,COc1ccc(C(=O)c2ccccc2)c(O)c1,,,https://doi.org/10.1016/j.jece.2024.112473,alcohol,Oxygenated organics,"InChI=1S/C14H12O3/c1-17-11-7-8-12(13(15)9-11)14(16)10-5-3-2-4-6-10/h2-9,15H,1H3",DXGLGDHPHMLXJC-UHFFFAOYSA-N
1090,Oxybenzone,6.18,131-57-7,COC1=CC(=C(C=C1)C(=O)C2=CC=CC=C2)O,7,,https://doi.org/10.1016/j.jhazmat.2017.05.16,alcohol,Oxygenated organics,"InChI=1S/C14H12O3/c1-17-11-7-8-12(13(15)9-11)14(16)10-5-3-2-4-6-10/h2-9,15H,1H3",DXGLGDHPHMLXJC-UHFFFAOYSA-N
1091,PBN,5,3376-24-7,[O-]/[N+](C(C)(C)C)=C\C1=CC=CC=C1,,,NIST,cyclo,Aromatic & PAHs,"InChI=1S/C11H15NO/c1-11(2,3)12(13)9-10-7-5-4-6-8-10/h4-9H,1-3H3/b12-9-",IYSYLWYGCWTJSG-XFXZXTDPSA-N
1092,Paracetamol,6.41,103-90-2,CC(=O)NC1=CC=C(C=C1)O,7.2,,https://doi.org/10.1016/j.seppur.2014.09.004.,alkane,Aliphatic hydrocarbons,"InChI=1S/C8H9NO2/c1-6(10)9-7-2-4-8(11)5-3-7/h2-5,11H,1H3,(H,9,10)",RZVAJINKPMORJF-UHFFFAOYSA-N
1093,Penicillin G,3.680621,8069-87-2,CC1(C)S[C@@H]2[C@H](NC(=O)Cc3ccccc3)C(=O)N2[C@H]1 C(=O)O,7,,https://doi.org/10.1016/j.jece.2024.112473,"sulfide, disulfide",Sulfur-containing organics,"InChI=1S/C16H18N2O4S/c1-16(2)12(15(21)22)18-13(20)11(14(18)23-16)17-10(19)8-9-6-4-3-5-7-9/h3-7,11-12,14H,8H2,1-2H3,(H,17,19)(H,21,22)/t11-,12+,14-/m1/s1",JGSARLDLIJGVTE-MBNYWOFBSA-N
1094,Pentylacetate,0.43,620-11-1,CCCCCOC(C)=O,,,https://doi.org/10.1016/j.jece.2024.112473,alcohol,Oxygenated organics,"InChI=1S/C7H14O2/c1-3-4-5-6-9-7(2)8/h3-6H2,1-2H3",PGMYKACGEOXYJE-UHFFFAOYSA-N
1095,Phe,3.113943352,3617-44-5,C1=CC=C(C=C1)C[C@@H](C(=O)O)N,7,,NIST,halogenated,Halogenated organics,"InChI=1S/C9H11NO2/c10-8(9(11)12)6-7-4-2-1-3-5-7/h1-5,8H,6,10H2,(H,11,12)/t8-/m0/s1",COLNVLDHVKWLRT-QMMMGPOBSA-N
1096,Phenacetin,3.202059991,62-44-2,CCOC1=CC=C(C=C1)NC(=O)C,7,,10.1016/j.chemosphere.2009.05.035,alcohol,Oxygenated organics,"InChI=1S/C10H13NO2/c1-3-13-10-6-4-9(5-7-10)11-8(2)12/h4-7H,3H2,1-2H3,(H,11,12)",CPJSUEIXXCENMM-UHFFFAOYSA-N
1097,Phenacetin,2.33243846,62-44-2,CCOC1=CC=C(C=C1)NC(=O)C,2.5,,10.1016/j.chemosphere.2009.05.035,alcohol,Oxygenated organics,"InChI=1S/C10H13NO2/c1-3-13-10-6-4-9(5-7-10)11-8(2)12/h4-7H,3H2,1-2H3,(H,11,12)",CPJSUEIXXCENMM-UHFFFAOYSA-N
1098,Phenacetin,3.041392685,62-44-2,CCOC1=CC=C(C=C1)NC(=O)C,5,,10.1016/j.chemosphere.2009.05.035,alcohol,Oxygenated organics,"InChI=1S/C10H13NO2/c1-3-13-10-6-4-9(5-7-10)11-8(2)12/h4-7H,3H2,1-2H3,(H,11,12)",CPJSUEIXXCENMM-UHFFFAOYSA-N
1099,Phenacetin,3.204119983,62-44-2,CCOC1=CC=C(C=C1)NC(=O)C,9,,10.1016/j.chemosphere.2009.05.035,alcohol,Oxygenated organics,"InChI=1S/C10H13NO2/c1-3-13-10-6-4-9(5-7-10)11-8(2)12/h4-7H,3H2,1-2H3,(H,11,12)",CPJSUEIXXCENMM-UHFFFAOYSA-N
1100,Phenanthrene,3.77815125,85-01-8,C1=CC=C2C(=C1)C=CC3=CC=CC=C32,3,,NIST,cyclo,Aromatic & PAHs,InChI=1S/C14H10/c1-3-7-13-11(5-1)9-10-12-6-2-4-8-14(12)13/h1-10H,YNPNZTXNASCQKK-UHFFFAOYSA-N
1101,Phenanthrene,4,85-01-8,C1=CC=C2C(=C1)C=CC3=CC=CC=C32,7,,NIST,cyclo,Aromatic & PAHs,InChI=1S/C14H10/c1-3-7-13-11(5-1)9-10-12-6-2-4-8-14(12)13/h1-10H,YNPNZTXNASCQKK-UHFFFAOYSA-N
1102,Phenanthrene,4.681241237,85-01-8,C1=CC=C2C(=C1)C=CC3=CC=CC=C32,7,,NIST,cyclo,Aromatic & PAHs,InChI=1S/C14H10/c1-3-7-13-11(5-1)9-10-12-6-2-4-8-14(12)13/h1-10H,YNPNZTXNASCQKK-UHFFFAOYSA-N
1103,Phenanthrene,3.477121255,85-01-8,C1=CC=C2C(=C1)C=CC3=CC=CC=C32,9,,NIST,cyclo,Aromatic & PAHs,InChI=1S/C14H10/c1-3-7-13-11(5-1)9-10-12-6-2-4-8-14(12)13/h1-10H,YNPNZTXNASCQKK-UHFFFAOYSA-N
1104,Phenanthrene,4.278753601,85-01-8,C1=CC=C2C(=C1)C=CC3=CC=CC=C32,2.2,,NIST,cyclo,Aromatic & PAHs,InChI=1S/C14H10/c1-3-7-13-11(5-1)9-10-12-6-2-4-8-14(12)13/h1-10H,YNPNZTXNASCQKK-UHFFFAOYSA-N
1105,Phenanthrene,4.204119983,85-01-8,C1=CC=C2C(=C1)C=CC3=CC=CC=C32,7,,NIST,cyclo,Aromatic & PAHs,InChI=1S/C14H10/c1-3-7-13-11(5-1)9-10-12-6-2-4-8-14(12)13/h1-10H,YNPNZTXNASCQKK-UHFFFAOYSA-N
1106,Phenol++,3.113943352,108-95-2,OC1=CC=CC=C1,1.7-2,,https://doi.org/10.1016/0043-1354(83)90098-2,alcohol,Oxygenated organics,"InChI=1S/C6H6O/c7-6-4-2-1-3-5-6/h1-5,7H",ISWSIDIOOBJBQZ-UHFFFAOYSA-N
1107,Phenyl vinylsulfonate,2.3,1562-34-1,C=CS(=O)(=O)Oc1ccccc1,,,https://doi.org/10.1016/j.jece.2024.112473,"sulfide, disulfide",Sulfur-containing organics,"InChI=1S/C8H8O3S/c1-2-12(9,10)11-8-6-4-3-5-7-8/h2-7H,1H2",CILDJVVXNMDAGY-UHFFFAOYSA-N
1108,"Phenylalanine, negative ion",5.579783597,63-91-2,N[C@@H](CC1CCCCC1)C([O-])=O,,,NIST,halogenated,Halogenated organics,"InChI=1S/C9H17NO2/c10-8(9(11)12)6-7-4-2-1-3-5-7/h7-8H,1-6,10H2,(H,11,12)/p-1/t8-/m0/s1",ORQXBVXKBGUSBA-QMMMGPOBSA-M
1109,Phenytoin,0.8,57-41-0,C1=CC=C(C=C1)C2(C(=O)NC(=O)N2)C3=CC=CC=C3,,,doi.org/10.1016/j.watres.2012.06.006,cyclo,Aromatic & PAHs,"InChI=1S/C15H12N2O2/c18-13-15(17-14(19)16-13,11-7-3-1-4-8-11)12-9-5-2-6-10-12/h1-10H,(H2,16,17,18,19)",CXOFVDLJLONNDW-UHFFFAOYSA-N
1110,Picloram,2.176091259,1918-02-1,C1(=C(C(=NC(=C1Cl)Cl)C(=O)O)Cl)N,1.5~4.9,,https://doi.org/10.1016/0043-1354(83)90098-2,halogenated,Halogenated organics,"InChI=1S/C6H3Cl3N2O2/c7-1-3(10)2(8)5(9)11-4(1)6(12)13/h(H2,10,11)(H,12,13)",NQQVFXUMIDALNH-UHFFFAOYSA-N
1111,Picloram,2,1194048-58-2,Nc1c(Cl)c(Cl)nc(C(=O)O)c1Cl,5,,https://doi.org/10.1016/j.jece.2024.112473,cyclo,Aromatic & PAHs,"InChI=1S/C6H3Cl3N2O2/c7-1-3(10)2(8)5(9)11-4(1)6(12)13/h(H2,10,11)(H,12,13)",NQQVFXUMIDALNH-UHFFFAOYSA-N
1112,Picloram,2,1918-02-1,C1(=C(C(=NC(=C1Cl)Cl)C(=O)O)Cl)N,,,doi.org/10.1016/j.watres.2012.06.006,halogenated,Halogenated organics,"InChI=1S/C6H3Cl3N2O2/c7-1-3(10)2(8)5(9)11-4(1)6(12)13/h(H2,10,11)(H,12,13)",NQQVFXUMIDALNH-UHFFFAOYSA-N
1113,Picloram,1.698970004,1918-02-1,C1(=C(C(=NC(=C1Cl)Cl)C(=O)O)Cl)N,,,NIST,halogenated,Halogenated organics,"InChI=1S/C6H3Cl3N2O2/c7-1-3(10)2(8)5(9)11-4(1)6(12)13/h(H2,10,11)(H,12,13)",NQQVFXUMIDALNH-UHFFFAOYSA-N
1114,Primidone,0,125-33-7,CCC1(C(=O)NCNC1=O)C2=CC=CC=C2,,,doi.org/10.1016/j.watres.2012.06.006,cyclo,Aromatic & PAHs,"InChI=1S/C12H14N2O2/c1-2-12(9-6-4-3-5-7-9)10(15)13-8-14-11(12)16/h3-7H,2,8H2,1H3,(H,13,15)(H,14,16)",DQMZLTXERSFNPB-UHFFFAOYSA-N
1115,Pro,2.681241237,7005-20-1,C1C[C@H](NC1)C(=O)O,,,NIST,halogenated,Halogenated organics,"InChI=1S/C5H9NO2/c7-5(8)4-2-1-3-6-4/h4,6H,1-3H2,(H,7,8)/t4-/m0/s1",ONIBWKKTOPOVIA-BYPYZUCNSA-N
1116,Pro11anol,0.278753601,525-66-6,OC(CNC(C)C)COC1=CC=CC2=C1C=CC=C2,2~6,,https://doi.org/10.1016/0043-1354(83)90098-2,diol,Polyfunctional / highly functionalized,"InChI=1S/C16H21NO2/c1-12(2)17-10-14(18)11-19-16-9-5-7-13-6-3-4-8-15(13)16/h3-9,12,14,17-18H,10-11H2,1-2H3",AQHHHDLHHXJYJD-UHFFFAOYSA-N
1117,Prollanol,-0.431798276,525-66-6,OC(CNC(C)C)COC1=CC=CC2=C1C=CC=C2,2,,https://doi.org/10.1016/0043-1354(83)90098-2,diol,Polyfunctional / highly functionalized,"InChI=1S/C16H21NO2/c1-12(2)17-10-14(18)11-19-16-9-5-7-13-6-3-4-8-15(13)16/h3-9,12,14,17-18H,10-11H2,1-2H3",AQHHHDLHHXJYJD-UHFFFAOYSA-N
1118,Propan-2-ol,0.278754,1803598-00-6,O=C(O)CCc1c[nH]c2ccccc12,6,,https://doi.org/10.1016/j.jece.2024.112473,cyclo,Aromatic & PAHs,"InChI=1S/C11H11NO2/c13-11(14)6-5-8-7-12-10-4-2-1-3-9(8)10/h1-4,7,12H,5-6H2,(H,13,14)",GOLXRNDWAUTYKT-UHFFFAOYSA-N
1119,Propanal,0.397940009,106588-67-4,CCC=O,2,,https://doi.org/10.1016/0043-1354(83)90098-2,alkane,Aliphatic hydrocarbons,"InChI=1S/C3H6O/c1-2-3-4/h3H,2H2,1H3",NBBJYMSMWIIQGU-UHFFFAOYSA-N
1120,Propanal,0.397940009,123-38-6,CCC=O,2,,10.1016/0043-1354(83)90098-2,alkane,Aliphatic hydrocarbons,"InChI=1S/C3H6O/c1-2-3-4/h3H,2H2,1H3",NBBJYMSMWIIQGU-UHFFFAOYSA-N
1121,Propanolol,5,132005-35-7,CC(C)NC[C@H](O)COc1cccc2ccccc12,7,,https://doi.org/10.1016/j.jece.2024.112473,alcohol,Oxygenated organics,"InChI=1S/C16H21NO2/c1-12(2)17-10-14(18)11-19-16-9-5-7-13-6-3-4-8-15(13)16/h3-9,12,14,17-18H,10-11H2,1-2H3/t14-/m0/s1",AQHHHDLHHXJYJD-AWEZNQCLSA-N
1122,Propranolol,5,525-66-6,CC(C)NCC(COC1=CC=CC2=CC=CC=C21)O,,,doi.org/10.1016/j.watres.2012.06.006,alkane,Aliphatic hydrocarbons,"InChI=1S/C16H21NO2/c1-12(2)17-10-14(18)11-19-16-9-5-7-13-6-3-4-8-15(13)16/h3-9,12,14,17-18H,10-11H2,1-2H3",AQHHHDLHHXJYJD-UHFFFAOYSA-N
1123,Propranolol,5,127202-03-3,CC(C)NC[C@H](O)COc1cccc2ccccc12,7,,https://doi.org/10.1016/j.jece.2024.112473,alcohol,Oxygenated organics,"InChI=1S/C16H21NO2/c1-12(2)17-10-14(18)11-19-16-9-5-7-13-6-3-4-8-15(13)16/h3-9,12,14,17-18H,10-11H2,1-2H3/t14-/m0/s1",AQHHHDLHHXJYJD-AWEZNQCLSA-N
1124,Propranolol,5,525-66-6,CC(C)NCC(COC1=CC=CC2=CC=CC=C21)O,7,,doi.org/10.1016/j.watres.2012.06.006,alkane,Aliphatic hydrocarbons,"InChI=1S/C16H21NO2/c1-12(2)17-10-14(18)11-19-16-9-5-7-13-6-3-4-8-15(13)16/h3-9,12,14,17-18H,10-11H2,1-2H3",AQHHHDLHHXJYJD-UHFFFAOYSA-N
1125,Propyl acetate,-1.52,63573-84-2,CCCOC(C)=O,,,https://doi.org/10.1016/j.jece.2024.112473,alcohol,Oxygenated organics,"InChI=1S/C5H10O2/c1-3-4-7-5(2)6/h3-4H2,1-2H3",YKYONYBAUNKHLG-UHFFFAOYSA-N
1126,Propylene oxide,-1.05,15448-47-2,C[C@@H]1CO1,,,https://doi.org/10.1016/j.jece.2024.112473,halogenated,Halogenated organics,"InChI=1S/C3H6O/c1-3-2-4-3/h3H,2H2,1H3/t3-/m1/s1",GOOHAUXETOMSMM-GSVOUGTGSA-N
1127,Propylparaben,9.08,94-13-3,CCCOC(=O)C1=CC=C(C=C1)O,12,,"https://doi.org/10.1080/10826070701738787, https://doi.org/10.1016/j.chemosphere.2010.09.012.",alcohol,Oxygenated organics,"InChI=1S/C10H12O3/c1-2-7-13-10(12)8-3-5-9(11)6-4-8/h3-6,11H,2,7H2,1H3",QELSKZZBTMNZEB-UHFFFAOYSA-N
1128,Propylparaben,6.4,94-13-3,CCCOC(=O)C1=CC=C(C=C1)O,7,,"https://doi.org/10.1080/10826070701738787, https://doi.org/10.1016/j.chemosphere.2010.09.011.",alcohol,Oxygenated organics,"InChI=1S/C10H12O3/c1-2-7-13-10(12)8-3-5-9(11)6-4-8/h3-6,11H,2,7H2,1H3",QELSKZZBTMNZEB-UHFFFAOYSA-N
1129,Propylparaben,2.6,94-13-3,CCCOC(=O)C1=CC=C(C=C1)O,2,,"https://doi.org/10.1080/10826070701738787, https://doi.org/10.1016/j.chemosphere.2010.09.010.",alcohol,Oxygenated organics,"InChI=1S/C10H12O3/c1-2-7-13-10(12)8-3-5-9(11)6-4-8/h3-6,11H,2,7H2,1H3",QELSKZZBTMNZEB-UHFFFAOYSA-N
1130,Propylphenazone,3.411619706,479-92-5,CC1=C(C(=O)N(N1C)C2=CC=CC=C2)C(C)C,8,,10.1002/ep.12306,cyclo,Aromatic & PAHs,"InChI=1S/C14H18N2O/c1-10(2)13-11(3)15(4)16(14(13)17)12-8-6-5-7-9-12/h5-10H,1-4H3",PXWLVJLKJGVOKE-UHFFFAOYSA-N
1131,Purine,1.5,122714-66-3,c1ncc2nc[nH]c2n1,,,https://doi.org/10.1016/j.jece.2024.112473,cyclo,Aromatic & PAHs,"InChI=1S/C5H4N4/c1-4-5(8-2-6-1)9-3-7-4/h1-3H,(H,6,7,8,9)",KDCGOANMDULRCW-UHFFFAOYSA-N
1132,Pyrazole,1.748188027,288-13-1,C1=CNN=C1,7,,10.1039/C9EW01078E,cyclo,Aromatic & PAHs,"InChI=1S/C3H4N2/c1-2-4-5-3-1/h1-3H,(H,4,5)",WTKZEGDFNFYCGP-UHFFFAOYSA-N
1133,Pyrene,4.602059991,129-00-0,C1=CC2=C3C(=C1)C=CC4=CC=CC(=C43)C=C2,1~7,,NIST,cyclo,Aromatic & PAHs,InChI=1S/C16H10/c1-3-11-7-9-13-5-2-6-14-10-8-12(4-1)15(11)16(13)14/h1-10H,BBEAQIROQSPTKN-UHFFFAOYSA-N
1134,Pyrene,4.59,1718-52-1,c1cc2ccc3cccc4ccc(c1)c2c34,,,https://doi.org/10.1016/j.jece.2024.112473,cyclo,Aromatic & PAHs,InChI=1S/C16H10/c1-3-11-7-9-13-5-2-6-14-10-8-12(4-1)15(11)16(13)14/h1-10H,BBEAQIROQSPTKN-UHFFFAOYSA-N
1135,Pyridine,-2,58888-58-7,c1ccncc1,0.477121,,https://doi.org/10.1016/j.jece.2024.112473,cyclo,Aromatic & PAHs,InChI=1S/C5H5N/c1-2-4-6-5-3-1/h1-5H,JUJWROOIHBZHMG-UHFFFAOYSA-N
1136,Pyridine,0.477121,58888-58-7,c1ccncc1,7,,https://doi.org/10.1016/j.jece.2024.112473,cyclo,Aromatic & PAHs,InChI=1S/C5H5N/c1-2-4-6-5-3-1/h1-5H,JUJWROOIHBZHMG-UHFFFAOYSA-N
1137,Pyridine,0.39794,58888-58-7,c1ccncc1,5,,https://doi.org/10.1016/j.jece.2024.112473,cyclo,Aromatic & PAHs,InChI=1S/C5H5N/c1-2-4-6-5-3-1/h1-5H,JUJWROOIHBZHMG-UHFFFAOYSA-N
1138,Pyridine,-2,288-13-1,C1=CC=NC=C1,0.477121255,,10.1016/j.watres.2012.11.033,cyclo,Aromatic & PAHs,InChI=1S/C5H5N/c1-2-4-6-5-3-1/h1-5H,JUJWROOIHBZHMG-UHFFFAOYSA-N
1139,Pyridine,0.397940009,288-13-1,C1=CC=NC=C1,5,,10.1016/j.watres.2012.11.033,cyclo,Aromatic & PAHs,InChI=1S/C5H5N/c1-2-4-6-5-3-1/h1-5H,JUJWROOIHBZHMG-UHFFFAOYSA-N
1140,Pyridinium,-2,16969-45-2,C1=CC=[NH+]C=C1,,,NIST,cyclo,Aromatic & PAHs,InChI=1S/C5H5N/c1-2-4-6-5-3-1/h1-5H/p+1,JUJWROOIHBZHMG-UHFFFAOYSA-O
1141,Pyrimidine,0.34,767-79-3,c1cncnc1,,,https://doi.org/10.1016/j.jece.2024.112473,cyclo,Aromatic & PAHs,InChI=1S/C4H4N2/c1-2-5-4-6-3-1/h1-4H,CZPWVGJYEJSRLH-UHFFFAOYSA-N
1142,Pyrrolidone,9.342422681,28261-54-3,C1CC(=O)NC1,9,,10.1080/01919519908547257,cyclo,Aromatic & PAHs,"InChI=1S/C4H7NO/c6-4-2-1-3-5-4/h1-3H2,(H,5,6)",HNJBEVLQSNELDL-UHFFFAOYSA-N
1143,Quinoline,1.71,264920-37-8,c1ccc2ncccc2c1,,,https://doi.org/10.1016/j.jece.2024.112473,cyclo,Aromatic & PAHs,InChI=1S/C9H7N/c1-2-6-9-8(4-1)5-3-7-10-9/h1-7H,SMWDFEZZVXVKRB-UHFFFAOYSA-N
1144,Raffinose,0.361727836,512-69-6,C([C@@H]1[C@@H]([C@@H]([C@H]([C@H](O1)OC[C@@H]2[C@H]([C@@H]([C@H]([C@H](O2)O[C@]3([C@H]([C@@H]([C@H](O3)CO)O)O)CO)O)O)O)O)O)O)O,4,,NIST,diol,Polyfunctional / highly functionalized,"InChI=1S/C18H32O16/c19-1-5-8(22)11(25)13(27)16(31-5)30-3-7-9(23)12(26)14(28)17(32-7)34-18(4-21)15(29)10(24)6(2-20)33-18/h5-17,19-29H,1-4H2/t5-,6-,7-,8+,9-,10-,11+,12+,13-,14-,15+,16+,17-,18+/m1/s1",MUPFEKGTMRGPLJ-ZQSKZDJDSA-N
1145,Ranitidine,6.612783857,66357-35-5,CN/C(=C\[N+](=O)[O-])/NCCSCC1=CC=C(O1)CN(C)C,,,doi.org/10.1016/j.watres.2012.06.006,"sulfide, disulfide",Sulfur-containing organics,"InChI=1S/C13H22N4O3S/c1-14-13(9-17(18)19)15-6-7-21-10-12-5-4-11(20-12)8-16(2)3/h4-5,9,14-15H,6-8,10H2,1-3H3/b13-9+",VMXUWOKSQNHOCA-UKTHLTGXSA-N
1146,Resorcinol++,5.477121255,108-46-3,OC1=CC=CC(O)=C1,2,,https://doi.org/10.1016/0043-1354(83)90098-2,alcohol,Oxygenated organics,"InChI=1S/C6H6O2/c7-5-2-1-3-6(8)4-5/h1-4,7-8H",GHMLBKRAJCXXBS-UHFFFAOYSA-N
1147,Rhamnose,0.041392685,10485-94-6,C[C@H]1[C@@H]([C@H]([C@H](C(O1)O)O)O)O,4,,NIST,diol,Polyfunctional / highly functionalized,"InChI=1S/C6H12O5/c1-2-3(7)4(8)5(9)6(10)11-2/h2-10H,1H3/t2-,3-,4+,5+,6?/m0/s1",SHZGCJCMOBCMKK-JFNONXLTSA-N
1148,Rhodamine B,1.2325,69319-23-9,CCN(CC)C1=CC2=C(C=C1)C(=C3C=CC(=[N+](CC)CC)C=C3O2)C4=CC=CC=C4C(=O)O.[Cl-],,,10.1016/j.chemosphere.2014.05.068,alkane,Aliphatic hydrocarbons,"InChI=1S/C28H30N2O3.ClH/c1-5-29(6-2)19-13-15-23-25(17-19)33-26-18-20(30(7-3)8-4)14-16-24(26)27(23)21-11-9-10-12-22(21)28(31)32;/h9-18H,5-8H2,1-4H3;1H",PYWVYCXTNDRMGF-UHFFFAOYSA-N
1149,Ribonuclease,4.62324929,9001-99-4,O=C(O)CN1C(CCC1)C(O)=O,7,,NIST,halogenated,Halogenated organics,"InChI=1S/C7H11NO4/c9-6(10)4-8-3-1-2-5(8)7(11)12/h5H,1-4H2,(H,9,10)(H,11,12)",ZCIXWIPMALYWJT-UHFFFAOYSA-N
1150,Ribose,0.342422681,34466-20-1,C1[C@H]([C@H]([C@H](C(O1)O)O)O)O,4,,NIST,diol,Polyfunctional / highly functionalized,"InChI=1S/C5H10O5/c6-2-1-10-5(9)4(8)3(2)7/h2-9H,1H2/t2-,3-,4-,5?/m1/s1",SRBFZHDQGSBBOR-SOOFDHNKSA-N
1151,S(IV),4.431363764,7704-34-9,[S],1,,NIST,"sulfide, disulfide",Sulfur-containing organics,InChI=1S/S,NINIDFKCEFEMDL-UHFFFAOYSA-N
1152,S(IV),5.041392685,7704-34-9,[S],2,,NIST,"sulfide, disulfide",Sulfur-containing organics,InChI=1S/S,NINIDFKCEFEMDL-UHFFFAOYSA-N
1153,S(IV),7.301029996,7704-34-9,[S],5.5,,NIST,"sulfide, disulfide",Sulfur-containing organics,InChI=1S/S,NINIDFKCEFEMDL-UHFFFAOYSA-N
1154,S(IV),6.77815125,7704-34-9,[S],5,,NIST,"sulfide, disulfide",Sulfur-containing organics,InChI=1S/S,NINIDFKCEFEMDL-UHFFFAOYSA-N
1155,S(IV),5.579783597,7704-34-9,[S],3,,NIST,"sulfide, disulfide",Sulfur-containing organics,InChI=1S/S,NINIDFKCEFEMDL-UHFFFAOYSA-N
1156,S(IV),6.113943352,7704-34-9,[S],4,,NIST,"sulfide, disulfide",Sulfur-containing organics,InChI=1S/S,NINIDFKCEFEMDL-UHFFFAOYSA-N
1157,S(IV),6.84509804,7704-34-9,[S],5.5,,NIST,"sulfide, disulfide",Sulfur-containing organics,InChI=1S/S,NINIDFKCEFEMDL-UHFFFAOYSA-N
1158,S(IV),6.301029996,7704-34-9,[S],4.4,,NIST,"sulfide, disulfide",Sulfur-containing organics,InChI=1S/S,NINIDFKCEFEMDL-UHFFFAOYSA-N
1159,S-(2-Acetamidoethyl)2-acetamidoethane-1-sulfinothioate,1.113943352,143765-02-0,O=C(SCCNC(C)=O)C1CCCCC1,7,,https://doi.org/10.1021/acs.est.5c01323,benzene,Aromatic & PAHs,"InChI=1S/C11H19NO2S/c1-9(13)12-7-8-15-11(14)10-5-3-2-4-6-10/h10H,2-8H2,1H3,(H,12,13)",CGDLYRNYJORDEX-UHFFFAOYSA-N
1160,S2-,9.477121255,18496-25-8,[S-2],,,NIST,"sulfide, disulfide",Sulfur-containing organics,InChI=1S/S/q-2,UCKMPCXJQFINFW-UHFFFAOYSA-N
1161,S2O32-,7.84509804,14383-50-7,S(=O)([O-])([O-])=S,,,NIST,"sulfide, disulfide",Sulfur-containing organics,"InChI=1S/H2O3S2/c1-5(2,3)4/h(H2,1,2,3,4)/p-2",DHCDFWKWKRSZHF-UHFFFAOYSA-L
1162,S2O32-,8.342422681,14383-50-7,S(=O)([O-])([O-])=S,,,NIST,"sulfide, disulfide",Sulfur-containing organics,"InChI=1S/H2O3S2/c1-5(2,3)4/h(H2,1,2,3,4)/p-2",DHCDFWKWKRSZHF-UHFFFAOYSA-L
1163,S2O32-,7.698970004,14383-50-7,S(=O)([O-])([O-])=S,7,,NIST,"sulfide, disulfide",Sulfur-containing organics,"InChI=1S/H2O3S2/c1-5(2,3)4/h(H2,1,2,3,4)/p-2",DHCDFWKWKRSZHF-UHFFFAOYSA-L
1164,SO32-,9,14265-45-3,[O-]S(=O)[O-],,,NIST,"sulfide, disulfide",Sulfur-containing organics,"InChI=1S/H2O3S/c1-4(2)3/h(H2,1,2,3)/p-2",LSNNMFCWUKXFEE-UHFFFAOYSA-L
1165,SO32-,9.176091259,14265-45-3,[O-]S(=O)[O-],,,NIST,"sulfide, disulfide",Sulfur-containing organics,"InChI=1S/H2O3S/c1-4(2)3/h(H2,1,2,3)/p-2",LSNNMFCWUKXFEE-UHFFFAOYSA-L
1166,SO32-,8.924279286,14265-45-3,[O-]S(=O)[O-],,,NIST,"sulfide, disulfide",Sulfur-containing organics,"InChI=1S/H2O3S/c1-4(2)3/h(H2,1,2,3)/p-2",LSNNMFCWUKXFEE-UHFFFAOYSA-L
1167,Saccharose,-0.920818754,57651-76-0,C([C@@H]1[C@H]([C@@H]([C@H]([C@H](O1)O[C@]2([C@H]([C@@H]([C@H](O2)CO)O)O)CO)O)O)O)O,2,,https://doi.org/10.1016/0043-1354(83)90098-2,diol,Polyfunctional / highly functionalized,"InChI=1S/C12H22O11/c13-1-4-6(16)8(18)9(19)11(21-4)23-12(3-15)10(20)7(17)5(2-14)22-12/h4-11,13-20H,1-3H2/t4-,5-,6-,7-,8+,9-,10+,11-,12+/m1/s1",CZMRCDWAGMRECN-UGDNZRGBSA-N
1168,Saccharose,-0.920818754,57651-76-0,C([C@@H]1[C@H]([C@@H]([C@H]([C@H](O1)O[C@]2([C@H]([C@@H]([C@H](O2)CO)O)O)CO)O)O)O)O,2,,10.1016/0043-1354(83)90098-2,diol,Polyfunctional / highly functionalized,"InChI=1S/C12H22O11/c13-1-4-6(16)8(18)9(19)11(21-4)23-12(3-15)10(20)7(17)5(2-14)22-12/h4-11,13-20H,1-3H2/t4-,5-,6-,7-,8+,9-,10+,11-,12+/m1/s1",CZMRCDWAGMRECN-UGDNZRGBSA-N
1169,Salicylate ion,4.477121255,63-36-5,C1=CC=C(C(=C1)C(=O)O)[O-],4~7,,https://doi.org/10.1016/0043-1354(83)90098-2,halogenated,Halogenated organics,"InChI=1S/C7H6O3/c8-6-4-2-1-3-5(6)7(9)10/h1-4,8H,(H,9,10)/p-1",YGSDEFSMJLZEOE-UHFFFAOYSA-M
1170,Salicylic acid++,2.77815125,285979-87-5,O=C(O[2H])C1=C([2H])C([2H])=C([2H])C([2H])=C1O[2H],1.3-3,,https://doi.org/10.1016/0043-1354(83)90098-2,cyclo,Aromatic & PAHs,"InChI=1S/C7H6O3/c8-6-4-2-1-3-5(6)7(9)10/h1-4,8H,(H,9,10)/i1D,2D,3D,4D/hD2",YGSDEFSMJLZEOE-UDDMDDBKSA-N
1171,Ser,2.255272505,632-13-3,C([C@@H](C(=O)O)N)O,7,,NIST,halogenated,Halogenated organics,"InChI=1S/C3H7NO3/c4-2(1-5)3(6)7/h2,5H,1,4H2,(H,6,7)/t2-/m0/s1",MTCFGRXMJLQNBG-REOHCLBHSA-N
1172,Ser-,5.113943352,632-13-3,NC[C@H](O)C(O)=O,,,NIST,halogenated,Halogenated organics,"InChI=1S/C3H7NO3/c4-1-2(5)3(6)7/h2,5H,1,4H2,(H,6,7)/t2-/m0/s1",BMYNFMYTOJXKLE-REOHCLBHSA-N
1173,Serum albumin (human),4.77815125,70024-90-7,Cl.O1CCCC1C(N1CCN(C2N=C(C3C=C(C(=CC=3N=2)OC)OC)N)CC1)=O.O.O,7,,NIST,diol,Polyfunctional / highly functionalized,"InChI=1S/C19H25N5O4.ClH.2H2O/c1-26-15-10-12-13(11-16(15)27-2)21-19(22-17(12)20)24-7-5-23(6-8-24)18(25)14-4-3-9-28-14;;;/h10-11,14H,3-9H2,1-2H3,(H2,20,21,22);1H;2*1H2",NZMOFYDMGFQZLS-UHFFFAOYSA-N
1174,SnCl2,8.929418926,7772-99-8,Cl[Sn]Cl,,,NIST,"sulfide, disulfide",Sulfur-containing organics,InChI=1S/2ClH.Sn/h2*1H;/q;;+2/p-2,AXZWODMDQAVCJE-UHFFFAOYSA-L
1175,Sotalol,4.278753601,3930-20-9,CC(C)NCC(C1=CC=C(C=C1)NS(=O)(=O)C)O,,,doi.org/10.1016/j.watres.2012.06.006,"sulfide, disulfide",Sulfur-containing organics,"InChI=1S/C12H20N2O3S/c1-9(2)13-8-12(15)10-4-6-11(7-5-10)14-18(3,16)17/h4-7,9,12-15H,8H2,1-3H3",ZBMZVLHSJCTVON-UHFFFAOYSA-N
1176,Spectinomycin,5.631971676,1695-77-8,C[C@@H]1CC(=O)[C@]2([C@@H](O1)O[C@@H]3[C@H]([C@@H]([C@@H]([C@@H]([C@H]3O2)NC)O)NC)O)O,7,,10.1016/j.chemosphere.2008.08.033,diol,Polyfunctional / highly functionalized,"InChI=1S/C14H24N2O7/c1-5-4-6(17)14(20)13(21-5)22-12-10(19)7(15-2)9(18)8(16-3)11(12)23-14/h5,7-13,15-16,18-20H,4H2,1-3H3/t5-,7-,8+,9+,10+,11-,12-,13+,14+/m1/s1",UNFWWIHTNXNPBV-WXKVUWSESA-N
1177,Spectinomycin,5.631972,63393-23-7,CN[C@@H]1[C@H](O)[C@H](NC)[C@H]2O[C@@]3(O)C(=O)C[C@@H](C)O[C@H]3O[C@@H]2[C@H]1O,7,,https://doi.org/10.1016/j.jece.2024.112473,diol,Polyfunctional / highly functionalized,"InChI=1S/C14H24N2O7/c1-5-4-6(17)14(20)13(21-5)22-12-10(19)7(15-2)9(18)8(16-3)11(12)23-14/h5,7-13,15-16,18-20H,4H2,1-3H3/t5-,7-,8+,9+,10+,11-,12-,13+,14+/m1/s1",UNFWWIHTNXNPBV-WXKVUWSESA-N
1178,Styrene,5.477121255,100-42-5,C=CC1=CC=CC=C1,,,10.1080/01919519108552279,cyclo,Aromatic & PAHs,"InChI=1S/C8H8/c1-2-8-6-4-3-5-7-8/h2-7H,1H2",PPBRXRYQALVLMV-UHFFFAOYSA-N
1179,Succinic acid,-2.52288,14493-42-6,O=C(O)CCC(=O)O,6,,https://doi.org/10.1016/j.jece.2024.112473,halogenated,Halogenated organics,"InChI=1S/C4H6O4/c5-3(6)1-2-4(7)8/h1-2H2,(H,5,6)(H,7,8)",KDYFGRWQOYBRFD-UHFFFAOYSA-N
1180,Sucrose,0.45,73379-56-3,OC[C@H]1O[C@@](CO)(O[C@H]2O[C@H](CO)[C@@H](O)[C@H](O)[C@H]2O)[C@@H](O)[C@@H]1O,,,https://doi.org/10.1016/j.jece.2024.112473,diol,Polyfunctional / highly functionalized,"InChI=1S/C12H22O11/c13-1-4-6(16)8(18)9(19)11(21-4)23-12(3-15)10(20)7(17)5(2-14)22-12/h4-11,13-20H,1-3H2/t4-,5-,6-,7-,8+,9-,10+,11-,12+/m1/s1",CZMRCDWAGMRECN-UGDNZRGBSA-N
1181,Sucrose,0.041392685,57-50-1,C([C@@H]1[C@H]([C@@H]([C@H]([C@H](O1)O[C@]2([C@H]([C@@H]([C@H](O2)CO)O)O)CO)O)O)O)O,2.5,,NIST,diol,Polyfunctional / highly functionalized,"InChI=1S/C12H22O11/c13-1-4-6(16)8(18)9(19)11(21-4)23-12(3-15)10(20)7(17)5(2-14)22-12/h4-11,13-20H,1-3H2/t4-,5-,6-,7-,8+,9-,10+,11-,12+/m1/s1",CZMRCDWAGMRECN-UGDNZRGBSA-N
1182,Sucrose,0.113943352,57-50-1,C([C@@H]1[C@H]([C@@H]([C@H]([C@H](O1)O[C@]2([C@H]([C@@H]([C@H](O2)CO)O)O)CO)O)O)O)O,3,,NIST,diol,Polyfunctional / highly functionalized,"InChI=1S/C12H22O11/c13-1-4-6(16)8(18)9(19)11(21-4)23-12(3-15)10(20)7(17)5(2-14)22-12/h4-11,13-20H,1-3H2/t4-,5-,6-,7-,8+,9-,10+,11-,12+/m1/s1",CZMRCDWAGMRECN-UGDNZRGBSA-N
1183,Sucrose,-0.920818754,57-50-1,C([C@@H]1[C@H]([C@@H]([C@H]([C@H](O1)O[C@]2([C@H]([C@@H]([C@H](O2)CO)O)O)CO)O)O)O)O,2,,NIST,diol,Polyfunctional / highly functionalized,"InChI=1S/C12H22O11/c13-1-4-6(16)8(18)9(19)11(21-4)23-12(3-15)10(20)7(17)5(2-14)22-12/h4-11,13-20H,1-3H2/t4-,5-,6-,7-,8+,9-,10+,11-,12+/m1/s1",CZMRCDWAGMRECN-UGDNZRGBSA-N
1184,Sucrose,0.176091259,57-50-1,C([C@@H]1[C@H]([C@@H]([C@H]([C@H](O1)O[C@]2([C@H]([C@@H]([C@H](O2)CO)O)O)CO)O)O)O)O,4,,NIST,diol,Polyfunctional / highly functionalized,"InChI=1S/C12H22O11/c13-1-4-6(16)8(18)9(19)11(21-4)23-12(3-15)10(20)7(17)5(2-14)22-12/h4-11,13-20H,1-3H2/t4-,5-,6-,7-,8+,9-,10+,11-,12+/m1/s1",CZMRCDWAGMRECN-UGDNZRGBSA-N
1185,Sucrose,0.361727836,57-50-1,C([C@@H]1[C@H]([C@@H]([C@H]([C@H](O1)O[C@]2([C@H]([C@@H]([C@H](O2)CO)O)O)CO)O)O)O)O,5.5,,NIST,diol,Polyfunctional / highly functionalized,"InChI=1S/C12H22O11/c13-1-4-6(16)8(18)9(19)11(21-4)23-12(3-15)10(20)7(17)5(2-14)22-12/h4-11,13-20H,1-3H2/t4-,5-,6-,7-,8+,9-,10+,11-,12+/m1/s1",CZMRCDWAGMRECN-UGDNZRGBSA-N
1186,Sucrose,-0.301029996,57-50-1,C([C@@H]1[C@H]([C@@H]([C@H]([C@H](O1)O[C@]2([C@H]([C@@H]([C@H](O2)CO)O)O)CO)O)O)O)O,2.1,,NIST,diol,Polyfunctional / highly functionalized,"InChI=1S/C12H22O11/c13-1-4-6(16)8(18)9(19)11(21-4)23-12(3-15)10(20)7(17)5(2-14)22-12/h4-11,13-20H,1-3H2/t4-,5-,6-,7-,8+,9-,10+,11-,12+/m1/s1",CZMRCDWAGMRECN-UGDNZRGBSA-N
1187,Sucrose,0.041392685,57-50-1,C([C@@H]1[C@H]([C@@H]([C@H]([C@H](O1)O[C@]2([C@H]([C@@H]([C@H](O2)CO)O)O)CO)O)O)O)O,3.5,,NIST,diol,Polyfunctional / highly functionalized,"InChI=1S/C12H22O11/c13-1-4-6(16)8(18)9(19)11(21-4)23-12(3-15)10(20)7(17)5(2-14)22-12/h4-11,13-20H,1-3H2/t4-,5-,6-,7-,8+,9-,10+,11-,12+/m1/s1",CZMRCDWAGMRECN-UGDNZRGBSA-N
1188,Sucrose,0.447158031,57-50-1,C([C@@H]1[C@H]([C@@H]([C@H]([C@H](O1)O[C@]2([C@H]([C@@H]([C@H](O2)CO)O)O)CO)O)O)O)O,6.9,,NIST,diol,Polyfunctional / highly functionalized,"InChI=1S/C12H22O11/c13-1-4-6(16)8(18)9(19)11(21-4)23-12(3-15)10(20)7(17)5(2-14)22-12/h4-11,13-20H,1-3H2/t4-,5-,6-,7-,8+,9-,10+,11-,12+/m1/s1",CZMRCDWAGMRECN-UGDNZRGBSA-N
1189,Sucrose,1.204119983,57-50-1,C([C@@H]1[C@H]([C@@H]([C@H]([C@H](O1)O[C@]2([C@H]([C@@H]([C@H](O2)CO)O)O)CO)O)O)O)O,7.8,,NIST,diol,Polyfunctional / highly functionalized,"InChI=1S/C12H22O11/c13-1-4-6(16)8(18)9(19)11(21-4)23-12(3-15)10(20)7(17)5(2-14)22-12/h4-11,13-20H,1-3H2/t4-,5-,6-,7-,8+,9-,10+,11-,12+/m1/s1",CZMRCDWAGMRECN-UGDNZRGBSA-N
1190,Sucrose,0.113943352,57-50-1,C([C@@H]1[C@H]([C@@H]([C@H]([C@H](O1)O[C@]2([C@H]([C@@H]([C@H](O2)CO)O)O)CO)O)O)O)O,3.5,,NIST,diol,Polyfunctional / highly functionalized,"InChI=1S/C12H22O11/c13-1-4-6(16)8(18)9(19)11(21-4)23-12(3-15)10(20)7(17)5(2-14)22-12/h4-11,13-20H,1-3H2/t4-,5-,6-,7-,8+,9-,10+,11-,12+/m1/s1",CZMRCDWAGMRECN-UGDNZRGBSA-N
1191,Sucrose,0.255272505,57-50-1,C([C@@H]1[C@H]([C@@H]([C@H]([C@H](O1)O[C@]2([C@H]([C@@H]([C@H](O2)CO)O)O)CO)O)O)O)O,5,,NIST,diol,Polyfunctional / highly functionalized,"InChI=1S/C12H22O11/c13-1-4-6(16)8(18)9(19)11(21-4)23-12(3-15)10(20)7(17)5(2-14)22-12/h4-11,13-20H,1-3H2/t4-,5-,6-,7-,8+,9-,10+,11-,12+/m1/s1",CZMRCDWAGMRECN-UGDNZRGBSA-N
1192,Sulfapyridine,5.301029996,144-83-2,C1=CC=NC(=C1)NS(=O)(=O)C2=CC=C(C=C2)N,,,doi.org/10.1016/j.watres.2012.06.006,"sulfide, disulfide",Sulfur-containing organics,"InChI=1S/C11H11N3O2S/c12-9-4-6-10(7-5-9)17(15,16)14-11-3-1-2-8-13-11/h1-8H,12H2,(H,13,14)",GECHUMIMRBOMGK-UHFFFAOYSA-N
1193,Tamoxifen,6.237997418,10540-29-1,CC/C(=C(\C1=CC=CC=C1)/C2=CC=C(C=C2)OCCN(C)C)/C3=CC=CC=C3,,,10.1021/acs.est.8b00996,alcohol,Oxygenated organics,"InChI=1S/C26H29NO/c1-4-25(21-11-7-5-8-12-21)26(22-13-9-6-10-14-22)23-15-17-24(18-16-23)28-20-19-27(2)3/h5-18H,4,19-20H2,1-3H3/b26-25-",NKANXQFJJICGDU-QPLCGJKRSA-N
1194,Tert -butyl alcohol,0.77,75-65-0,CC(C)(C)O,,,https://doi.org/10.1016/j.jece.2024.112473,alkane,Aliphatic hydrocarbons,"InChI=1S/C4H10O/c1-4(2,3)5/h5H,1-3H3",DKGAVHZHDRPRBM-UHFFFAOYSA-N
1195,Tert -butylformate,-0.11,1958100-48-5,CC(C)(C)OC=O,,,https://doi.org/10.1016/j.jece.2024.112473,alcohol,Oxygenated organics,"InChI=1S/C5H10O2/c1-5(2,3)7-4-6/h4H,1-3H3",RUPAXCPQAAOIPB-UHFFFAOYSA-N
1196,Tetrabutyltin,2.64,1461-25-2,CCCC[Sn](CCCC)(CCCC)CCCC,,,https://doi.org/10.1016/j.jece.2024.112473,"sulfide, disulfide",Sulfur-containing organics,"InChI=1S/4C4H9.Sn/c4*1-3-4-2;/h4*1,3-4H2,2H3;",AFCAKJKUYFLYFK-UHFFFAOYSA-N
1197,Tetrachlorocatechol,4.19,1198-55-6,C1(=C(C(=C(C(=C1Cl)Cl)Cl)Cl)O)O,3,,https://doi.org/10.1016/S0304-3894(00)00269-7.,halogenated,Halogenated organics,InChI=1S/C6H2Cl4O2/c7-1-2(8)4(10)6(12)5(11)3(1)9/h11-12H,RRBMVWQICIXSEO-UHFFFAOYSA-N
1198,Tetrachloroethene,-1,127-18-4,C(=C(Cl)Cl)(Cl)Cl,,,https://doi.org/10.1016/0043-1354(83)90098-2,alkane,Aliphatic hydrocarbons,InChI=1S/C2Cl4/c3-1(4)2(5)6,CYTYCFOTNPOANT-UHFFFAOYSA-N
1199,Tetracycline,5.875061263,60-54-8,C[C@@]1([C@H]2C[C@H]3[C@@H](C(=O)C(=C([C@]3(C(=O)C2=C(C4=C1C=CC=C4O)O)O)O)C(=O)N)N(C)C)O,9,,10.1016/j.scitotenv.2013.08.032,diol,Polyfunctional / highly functionalized,"InChI=1S/C22H24N2O8/c1-21(31)8-5-4-6-11(25)12(8)16(26)13-9(21)7-10-15(24(2)3)17(27)14(20(23)30)19(29)22(10,32)18(13)28/h4-6,9-10,15,25-26,29,31-32H,7H2,1-3H3,(H2,23,30)/t9-,10-,15-,21+,22-/m0/s1",NWXMGUDVXFXRIG-WESIUVDSSA-N
1200,Tetracycline,6.635301438,60-54-8,C[C@@]1([C@H]2C[C@H]3[C@@H](C(=O)C(=C([C@]3(C(=O)C2=C(C4=C1C=CC=C4O)O)O)O)C(=O)N)N(C)C)O,7,,10.1016/j.scitotenv.2013.08.032,diol,Polyfunctional / highly functionalized,"InChI=1S/C22H24N2O8/c1-21(31)8-5-4-6-11(25)12(8)16(26)13-9(21)7-10-15(24(2)3)17(27)14(20(23)30)19(29)22(10,32)18(13)28/h4-6,9-10,15,25-26,29,31-32H,7H2,1-3H3,(H2,23,30)/t9-,10-,15-,21+,22-/m0/s1",NWXMGUDVXFXRIG-WESIUVDSSA-N
1201,Tetracycline,4.892094603,60-54-8,C[C@@]1([C@H]2C[C@H]3[C@@H](C(=O)C(=C([C@]3(C(=O)C2=C(C4=C1C=CC=C4O)O)O)O)C(=O)N)N(C)C)O,2,,10.1016/j.scitotenv.2013.08.032,diol,Polyfunctional / highly functionalized,"InChI=1S/C22H24N2O8/c1-21(31)8-5-4-6-11(25)12(8)16(26)13-9(21)7-10-15(24(2)3)17(27)14(20(23)30)19(29)22(10,32)18(13)28/h4-6,9-10,15,25-26,29,31-32H,7H2,1-3H3,(H2,23,30)/t9-,10-,15-,21+,22-/m0/s1",NWXMGUDVXFXRIG-WESIUVDSSA-N
1202,Tetrahydrofuran,1.146128036,109-99-9,C1CCOC1,8.1,,NIST,alcohol,Oxygenated organics,InChI=1S/C4H8O/c1-2-4-5-3-1/h1-4H2,WYURNTSHIVDZCO-UHFFFAOYSA-N
1203,Tetrahydrofuran,0.892094603,109-99-9,C1CCOC1,7,,NIST,alcohol,Oxygenated organics,InChI=1S/C4H8O/c1-2-4-5-3-1/h1-4H2,WYURNTSHIVDZCO-UHFFFAOYSA-N
1204,Tetrahydrofuran,0.86923172,109-99-9,C1CCOC1,6,,NIST,alcohol,Oxygenated organics,InChI=1S/C4H8O/c1-2-4-5-3-1/h1-4H2,WYURNTSHIVDZCO-UHFFFAOYSA-N
1205,Tetrahydrofuran,0.832508913,109-99-9,C1CCOC1,2.7,,NIST,alcohol,Oxygenated organics,InChI=1S/C4H8O/c1-2-4-5-3-1/h1-4H2,WYURNTSHIVDZCO-UHFFFAOYSA-N
1206,Tetrahydrofuran,0.785329835,109-99-9,C1CCOC1,2.2,,NIST,alcohol,Oxygenated organics,InChI=1S/C4H8O/c1-2-4-5-3-1/h1-4H2,WYURNTSHIVDZCO-UHFFFAOYSA-N
1207,Tetramethylethene,6,19289-58-8,CC(C)=C(C)C,,,https://doi.org/10.1016/j.jece.2024.112473,alkane,Aliphatic hydrocarbons,InChI=1S/C6H12/c1-5(2)6(3)4/h1-4H3,WGLLSSPDPJPLOR-UHFFFAOYSA-N
1208,Thiazole,2.176091259,288-47-1,C1=CSC=N1,7,,https://doi.org/10.1021/acs.est.5c01323,"sulfide, disulfide",Sulfur-containing organics,InChI=1S/C3H3NS/c1-2-5-3-4-1/h1-3H,FZWLAAWBMGSTSO-UHFFFAOYSA-N
1209,Thiazole-4-carboxaldehyde,1.041392685,3364-80-5,C1=C(N=CS1)C=O,7,,https://doi.org/10.1021/acs.est.5c01323,halogenated,Halogenated organics,InChI=1S/C4H3NOS/c6-1-4-2-7-3-5-4/h1-3H,WRFKSVINLIQRKF-UHFFFAOYSA-N
1210,Thiazole-4-carboxamide,1.079181246,3575-09-5,C1=C(N=CS1)C(=O)N,7,,https://doi.org/10.1021/acs.est.5c01323,halogenated,Halogenated organics,"InChI=1S/C4H4N2OS/c5-4(7)3-1-8-2-6-3/h1-2H,(H2,5,7)",PQQRHWFRZHFGFM-UHFFFAOYSA-N
1211,Thioacetate,6.176091259,29632-72-2,CC(=O)[S-],7,,https://doi.org/10.1021/acs.est.5c01323,"sulfide, disulfide",Sulfur-containing organics,"InChI=1S/C2H4OS/c1-2(3)4/h1H3,(H,3,4)/p-1",DUYAAUVXQSMXQP-UHFFFAOYSA-M
1212,Thr,2.414973348,72-19-5,C[C@H]([C@@H](C(=O)O)N)O,7,,NIST,halogenated,Halogenated organics,"InChI=1S/C4H9NO3/c1-2(6)3(5)4(7)8/h2-3,6H,5H2,1H3,(H,7,8)/t2-,3+/m1/s1",AYFVYJQAPQTCCC-GBXIJSLDSA-N
1213,Thr-,4.653212514,68199-29-1,N[C@@H]([C@H](O)C)C([O-])=O,2.3-7,,NIST,halogenated,Halogenated organics,"InChI=1S/C4H9NO3/c1-2(6)3(5)4(7)8/h2-3,6H,5H2,1H3,(H,7,8)/p-1/t2-,3+/m1/s1",AYFVYJQAPQTCCC-GBXIJSLDSA-M
1214,Thymidine,4.48,240407-53-8,Cc1cn([C@H]2C[C@H](O)[C@@H](CO)O2)c(=O)[nH]c1=O,,,https://doi.org/10.1016/j.jece.2024.112473,cyclo,Aromatic & PAHs,"InChI=1S/C10H14N2O5/c1-5-3-12(10(16)11-9(5)15)8-2-6(14)7(4-13)17-8/h3,6-8,13-14H,2,4H2,1H3,(H,11,15,16)/t6-,7+,8+/m0/s1",IQFYYKKMVGJFEH-XLPZGREQSA-N
1215,Thymine,4.3,200417-68-1,Cc1c[nH]c(=O)[nH]c1=O,,,https://doi.org/10.1016/j.jece.2024.112473,cyclo,Aromatic & PAHs,"InChI=1S/C5H6N2O2/c1-3-2-6-5(9)7-4(3)8/h2H,1H3,(H2,6,7,8,9)",RWQNBRDOKXIBIV-UHFFFAOYSA-N
1216,Tiamulin fumarate,5.579783597,89708-74-7,CCN(CC)CCSCC(=O)O[C@@H]1C[C@@]([C@H]([C@@H]([C@@]23CC[C@H]([C@@]1([C@@H]2C(=O)CC3)C)C)C)O)(C)C=C.C(=C/C(=O)O)\C(=O)O,7,,10.1061/(ASCE)EE.1943-7870.0000404,diol,Polyfunctional / highly functionalized,"InChI=1S/C28H47NO4S.C4H4O4/c1-8-26(6)17-22(33-23(31)18-34-16-15-29(9-2)10-3)27(7)19(4)11-13-28(20(5)25(26)32)14-12-21(30)24(27)28;5-3(6)1-2-4(7)8/h8,19-20,22,24-25,32H,1,9-18H2,2-7H3;1-2H,(H,5,6)(H,7,8)/b;2-1+/t19-,20+,22-,24+,25+,26-,27+,28+;/m1./s1",YXQXDXAHCSEVSD-GCYNEOGWSA-N
1217,Toluene,1.146128036,108-88-3,CC1=CC=CC=C1,,,https://doi.org/10.1016/0043-1354(83)90098-2,cyclo,Aromatic & PAHs,"InChI=1S/C7H8/c1-7-5-3-2-4-6-7/h2-6H,1H3",YXFVVABEGXRONW-UHFFFAOYSA-N
1218,Toluene,1.146128036,108-88-3,CC1=CC=CC=C1,1.7,,https://doi.org/10.1016/0043-1354(83)90098-2,cyclo,Aromatic & PAHs,"InChI=1S/C7H8/c1-7-5-3-2-4-6-7/h2-6H,1H3",YXFVVABEGXRONW-UHFFFAOYSA-N
1219,Toxaphene,0.113943352,8001-35-2,C=C1C(C2(C(C(C1(C2(Cl)Cl)Cl)Cl)Cl)Cl)(CCl)CCl,5.6,,NIST,halogenated,Halogenated organics,"InChI=1S/C10H8Cl8/c1-4-7(2-11,3-12)9(16)6(14)5(13)8(4,15)10(9,17)18/h5-6H,1-3H2",OEJNXTAZZBRGDN-UHFFFAOYSA-N
1220,Trans-3-hexen-1-ol,4.73,928-97-2,CC/C=C/CCO,,,https://doi.org/10.1016/j.jece.2024.112473,alkane,Aliphatic hydrocarbons,"InChI=1S/C6H12O/c1-2-3-4-5-6-7/h3-4,7H,2,5-6H2,1H3/b4-3+",UFLHIIWVXFIJGU-ONEGZZNKSA-N
1221,Trehalose,0.41,111694-11-2,OC[C@H]1O[C@H](O[C@H]2O[C@H](CO)[C@@H](O)[C@H](O)[C@H]2O)[C@H](O)[C@@H](O)[C@@H]1O,,,https://doi.org/10.1016/j.jece.2024.112473,diol,Polyfunctional / highly functionalized,"InChI=1S/C12H22O11/c13-1-3-5(15)7(17)9(19)11(21-3)23-12-10(20)8(18)6(16)4(2-14)22-12/h3-20H,1-2H2/t3-,4-,5-,6-,7+,8+,9-,10-,11-,12-/m1/s1",HDTRYLNUVZCQOY-LIZSDCNHSA-N
1222,Trehalose,0.414973348,99-20-7,C([C@@H]1[C@H]([C@@H]([C@H]([C@H](O1)O[C@@H]2[C@@H]([C@H]([C@@H]([C@H](O2)CO)O)O)O)O)O)O)O,4,,NIST,diol,Polyfunctional / highly functionalized,"InChI=1S/C12H22O11/c13-1-3-5(15)7(17)9(19)11(21-3)23-12-10(20)8(18)6(16)4(2-14)22-12/h3-20H,1-2H2/t3-,4-,5-,6-,7+,8+,9-,10-,11-,12-/m1/s1",HDTRYLNUVZCQOY-LIZSDCNHSA-N
1223,Trichloroacetate,-4.522878745,14357-05-2,C(=O)(C(Cl)(Cl)Cl)O,,,https://doi.org/10.1016/0043-1354(83)90098-2,alkane,Aliphatic hydrocarbons,"InChI=1S/C2HCl3O2/c3-2(4,5)1(6)7/h(H,6,7)",YNJBWRMUSHSURL-UHFFFAOYSA-N
1224,Trichloroethylene,1.15,39628-69-8,ClC=C(Cl)Cl,,,https://doi.org/10.1016/j.jece.2024.112473,halogenated,Halogenated organics,InChI=1S/C2HCl3/c3-1-2(4)5/h1H,XSTXAVWGXDQKEL-UHFFFAOYSA-N
1225,Triclosan,3.11,3380-34-5,C1=CC(=C(C=C1Cl)O)OC2=C(C=C(C=C2)Cl)Cl,2,,https://doi.org/10.1016/j.watres.2007.02.049.,alcohol,Oxygenated organics,"InChI=1S/C12H7Cl3O2/c13-7-1-3-11(9(15)5-7)17-12-4-2-8(14)6-10(12)16/h1-6,16H",XEFQLINVKFYRCS-UHFFFAOYSA-N
1226,Triethylene glycol,-0.27,20600-87-7,OCCOCCOCCO,,,https://doi.org/10.1016/j.jece.2024.112473,diol,Polyfunctional / highly functionalized,"InChI=1S/C6H14O4/c7-1-3-9-5-6-10-4-2-8/h7-8H,1-6H2",ZIBGPFATKBEMQZ-UHFFFAOYSA-N
1227,Triflurali,2.534486809,1582-09-8,O=[N+]([O-])C1=C(N(CCC)CCC)C([N+]([O-])=O)=CC(C(F)(F)F)=C1,7,,10.1016/j.scitotenv.2020.136816,cyclo,Aromatic & PAHs,"InChI=1S/C13H16F3N3O4/c1-3-5-17(6-4-2)12-10(18(20)21)7-9(13(14,15)16)8-11(12)19(22)23/h7-8H,3-6H2,1-2H3",ZSDSQXJSNMTJDA-UHFFFAOYSA-N
1228,Triflurali,2.534486809,1582-09-8,O=[N+]([O-])C1=C(N(CCC)CCC)C([N+]([O-])=O)=CC(C(F)(F)F)=C1,2,,10.1016/j.scitotenv.2020.136816,cyclo,Aromatic & PAHs,"InChI=1S/C13H16F3N3O4/c1-3-5-17(6-4-2)12-10(18(20)21)7-9(13(14,15)16)8-11(12)19(22)23/h7-8H,3-6H2,1-2H3",ZSDSQXJSNMTJDA-UHFFFAOYSA-N
1229,Trifluralin,3.28,347841-79-6,CCCN(CCC)c1c([N+](=O)[O-])cc(C(F)(F)F)cc1[N+](=O)[O-],,,https://doi.org/10.1016/j.jece.2024.112473,cyclo,Aromatic & PAHs,"InChI=1S/C13H16F3N3O4/c1-3-5-17(6-4-2)12-10(18(20)21)7-9(13(14,15)16)8-11(12)19(22)23/h7-8H,3-6H2,1-2H3",ZSDSQXJSNMTJDA-UHFFFAOYSA-N
1230,Trimethoprim,5.497443178,7331-22-8,COC1=CC(=CC(=C1OC)OC)CC2=CN=C(N=C2N)N,,,doi.org/10.1016/j.watres.2012.06.006,diol,Polyfunctional / highly functionalized,"InChI=1S/C14H18N4O3/c1-19-10-5-8(6-11(20-2)12(10)21-3)4-9-7-17-14(16)18-13(9)15/h5-7H,4H2,1-3H3,(H4,15,16,17,18)",IEDVJHCEMCRBQM-UHFFFAOYSA-N
1231,Trimethoprim,5.497443178,7331-22-8,COC1=CC(=CC(=C1OC)OC)CC2=CN=C(N=C2N)N,7,,doi.org/10.1016/j.watres.2012.06.006,diol,Polyfunctional / highly functionalized,"InChI=1S/C14H18N4O3/c1-19-10-5-8(6-11(20-2)12(10)21-3)4-9-7-17-14(16)18-13(9)15/h5-7H,4H2,1-3H3,(H4,15,16,17,18)",IEDVJHCEMCRBQM-UHFFFAOYSA-N
1232,Tylosin tartrate,5.707570176,74610-55-2,CC[C@@H]1[C@H](/C=C(/C=C/C(=O)[C@@H](C[C@@H]([C@@H]([C@H]([C@@H](CC(=O)O1)O)C)O[C@H]2[C@@H]([C@H]([C@@H]([C@H](O2)C)O[C@H]3C[C@@]([C@H]([C@@H](O3)C)O)(C)O)N(C)C)O)CC=O)C)\C)CO[C@H]4[C@@H]([C@@H]([C@@H]([C@H](O4)C)O)OC)OC.[C@@H]([C@H](C(=O)O)O)(C(=O)O)O,7,,doi.org/10.1016/j.watres.2012.06.006,diol,Polyfunctional / highly functionalized,"InChI=1S/C46H77NO17.C4H6O6/c1-13-33-30(22-58-45-42(57-12)41(56-11)37(52)26(5)60-45)18-23(2)14-15-31(49)24(3)19-29(16-17-48)39(25(4)32(50)20-34(51)62-33)64-44-38(53)36(47(9)10)40(27(6)61-44)63-35-21-46(8,55)43(54)28(7)59-35;5-1(3(7)8)2(6)4(9)10/h14-15,17-18,24-30,32-33,35-45,50,52-55H,13,16,19-22H2,1-12H3;1-2,5-6H,(H,7,8)(H,9,10)/b15-14+,23-18+;/t24-,25+,26-,27-,28+,29+,30-,32-,33-,35+,36-,37-,38-,39-,40-,41-,42-,43+,44+,45-,46-;1-,2-/m11/s1",ICVKYYINQHWDLM-KBEWXLTPSA-N
1233,TyrOH,3.681241237,55520-40-6,N[C@@H](Cc1ccc(O)cc1)C(=O)O,7,,NIST,halogenated,Halogenated organics,"InChI=1S/C9H11NO3/c10-8(9(12)13)5-6-1-3-7(11)4-2-6/h1-4,8,11H,5,10H2,(H,12,13)/t8-/m0/s1",OUYCCCASQSFEME-QMMMGPOBSA-N
1234,Tyrosol,6.05,2517772-20-0,OCCc1ccc(O)cc1,,,https://doi.org/10.1016/j.jece.2024.112473,alcohol,Oxygenated organics,"InChI=1S/C8H10O2/c9-6-5-7-1-3-8(10)4-2-7/h1-4,9-10H,5-6H2",YCCILVSKPBXVIP-UHFFFAOYSA-N
1235,Uracil,2.81,64177-90-8,O=c1cc[nH]c(=O)[nH]1,,,https://doi.org/10.1016/j.jece.2024.112473,halogenated,Halogenated organics,"InChI=1S/C4H4N2O2/c7-3-1-2-5-4(8)6-3/h1-2H,(H2,5,6,7,8)",ISAKRJDGNUQOIC-UHFFFAOYSA-N
1236,Urea,-1.301029996,57-13-6,C(=O)(N)N,2~7,,https://doi.org/10.1016/0043-1354(83)90098-2,halogenated,Halogenated organics,"InChI=1S/CH4N2O/c2-1(3)4/h(H4,2,3,4)",XSQUKJJJFZCRTK-UHFFFAOYSA-N
1237,Urea,-1.301029996,57-13-6,C(=O)(N)N,2.7,,10.1080/01919519908547257,halogenated,Halogenated organics,"InChI=1S/CH4N2O/c2-1(3)4/h(H4,2,3,4)",XSQUKJJJFZCRTK-UHFFFAOYSA-N
1238,Uric acid,6.146128036,69-93-2,C12=C(NC(=O)N1)NC(=O)NC2=O,1.9 - 6.1,,NIST,halogenated,Halogenated organics,"InChI=1S/C5H4N4O3/c10-3-1-2(7-4(11)6-1)8-5(12)9-3/h(H4,6,7,8,9,10,11,12)",LEHOTFFKMJEONL-UHFFFAOYSA-N
1239,Val,1.602059991,72-18-4,CC(C)[C@@H](C(=O)O)N,7,,NIST,alkane,Aliphatic hydrocarbons,"InChI=1S/C5H11NO2/c1-3(2)4(6)5(7)8/h3-4H,6H2,1-2H3,(H,7,8)/t4-/m0/s1",KZSNJWFQEVHDMF-BYPYZUCNSA-N
1240,Valsantan,1.579783597,137862-53-4,CC(C)[C@@H](C(O)=O)N(C(CCCC)=O)CC1=CC=C(C=C1)C2=C(C=CC=C2)C3=NN=NN3,,,doi.org/10.1016/j.watres.2012.06.006,alkane,Aliphatic hydrocarbons,"InChI=1S/C24H29N5O3/c1-4-5-10-21(30)29(22(16(2)3)24(31)32)15-17-11-13-18(14-12-17)19-8-6-7-9-20(19)23-25-27-28-26-23/h6-9,11-14,16,22H,4-5,10,15H2,1-3H3,(H,31,32)(H,25,26,27,28)/t22-/m0/s1",ACWBQPMHZXGDFX-QFIPXVFZSA-N
1241,Venlafaxine,3.929418926,93413-69-5,CN(C)CC(C1=CC=C(C=C1)OC)C2(CCCCC2)O,,,doi.org/10.1016/j.watres.2012.06.006,alcohol,Oxygenated organics,"InChI=1S/C17H27NO2/c1-18(2)13-16(17(19)11-5-4-6-12-17)14-7-9-15(20-3)10-8-14/h7-10,16,19H,4-6,11-13H2,1-3H3",PNVNVHUZROJLTJ-UHFFFAOYSA-N
1242,Veratric acid,3.886490725,93-07-2,COC1=C(C=C(C=C1)C(=O)O)OC,,,10.1007/s11172-008-0043-6,diol,Polyfunctional / highly functionalized,"InChI=1S/C9H10O4/c1-12-7-4-3-6(9(10)11)5-8(7)13-2/h3-5H,1-2H3,(H,10,11)",DAUAQNGYDSHRET-UHFFFAOYSA-N
1243,Veratric alcohol,4.59,860749-26-4,COc1ccc(CO)cc1OC,,,https://doi.org/10.1016/j.jece.2024.112473,diol,Polyfunctional / highly functionalized,"InChI=1S/C9H12O3/c1-11-8-4-3-7(6-10)5-9(8)12-2/h3-5,10H,6H2,1-2H3",OEGPRYNGFWGMMV-UHFFFAOYSA-N
1244,Veratric aldehyde,3.612783857,120-14-9,COC1=C(C=C(C=C1)C=O)OC,,,10.1007/s11172-008-0043-6,diol,Polyfunctional / highly functionalized,"InChI=1S/C9H10O3/c1-11-8-4-3-7(6-10)5-9(8)12-2/h3-6H,1-2H3",WJUFSDZVCOTFON-UHFFFAOYSA-N
1245,Veratrol,4.2,861793-39-7,COc1ccccc1OC,,,https://doi.org/10.1016/j.jece.2024.112473,diol,Polyfunctional / highly functionalized,"InChI=1S/C8H10O2/c1-9-7-5-3-4-6-8(7)10-2/h3-6H,1-2H3",ABDKAPXRBAPSQN-UHFFFAOYSA-N
1246,Vinylene carbonate,4.41,872-36-6,O=c1occo1,,,https://doi.org/10.1016/j.jece.2024.112473,diol,Polyfunctional / highly functionalized,InChI=1S/C3H2O3/c4-3-5-1-2-6-3/h1-2H,VAYTZRYEBVHVLE-UHFFFAOYSA-N
1247,Vinylsulfone,-3.233587153,77-77-0,C=CS(=O)(=O)C=C,,,10.1007/s10975-005-0142-4,"sulfide, disulfide",Sulfur-containing organics,"InChI=1S/C4H6O2S/c1-3-7(5,6)4-2/h3-4H,1-2H2",AFOSIXZFDONLBT-UHFFFAOYSA-N
1248,Vydate,2.792391689,23135-22-0,CNC(=O)ON=C(C(=O)N(C)C)SC,,,NIST,"sulfide, disulfide",Sulfur-containing organics,"InChI=1S/C7H13N3O3S/c1-8-7(12)13-9-5(14-4)6(11)10(2)3/h1-4H3,(H,8,12)",KZAUOCCYDRDERY-UHFFFAOYSA-N
1249,Vydate (Oxamyl),2.792391689,23135-22-0,O=C(N(C)C)/C(SC)=N/OC(NC)=O,2~7,,https://doi.org/10.1016/0043-1354(83)90098-2,diol,Polyfunctional / highly functionalized,"InChI=1S/C7H13N3O3S/c1-8-7(12)13-9-5(14-4)6(11)10(2)3/h1-4H3,(H,8,12)/b9-5-",KZAUOCCYDRDERY-UITAMQMPSA-N
1250,ZnDTPA3—,3.544068044,65229-17-6,[Zn+2].O=C([O-])CN(CCN(CC(=O)[O-])CC(=O)[O-])CC(=O)[O-],,,https://doi.org/10.1021/acs.est.8b00586,diol,Polyfunctional / highly functionalized,"InChI=1S/C10H16N2O8.Zn/c13-7(14)3-11(4-8(15)16)1-2-12(5-9(17)18)6-10(19)20;/h1-6H2,(H,13,14)(H,15,16)(H,17,18)(H,19,20);/q;+2/p-4",YTSDVWYUJXKXCC-UHFFFAOYSA-J
1251,abietic acids,3.819543936,514-10-3,C[C@]([C@](CCC(C(C)C)=C1)([H])C1=CC2)(CCC3)[C@]2([H])[C@@]3(C)C(O)=O,,,10.1139/s05-031,cyclo,Aromatic & PAHs,"InChI=1S/C20H30O2/c1-13(2)14-6-8-16-15(12-14)7-9-17-19(16,3)10-5-11-20(17,4)18(21)22/h7,12-13,16-17H,5-6,8-11H2,1-4H3,(H,21,22)/t16-,17+,19+,20-/m0/s1",RSWGJHLUYNHPMX-CUDHKJQZSA-N
1252,acenaphthene,5.26,208-96-8,C1CC2=CC=CC3=C2C1=CC=C3,7,,10.1016/j.scitotenv.2020.136816,cyclo,Aromatic & PAHs,"InChI=1S/C12H10/c1-3-9-4-2-6-11-8-7-10(5-1)12(9)11/h1-6H,7-8H2",CWRYPZZKDGJXCA-UHFFFAOYSA-N
1253,acetamiprid,-0.602059991,135410-20-7,CC(=NC#N)N(C)CC1=CN=C(C=C1)Cl,,,doi.org/10.1016/j.watres.2012.06.006,alkane,Aliphatic hydrocarbons,"InChI=1S/C10H11ClN4/c1-8(14-7-12)15(2)6-9-3-4-10(11)13-5-9/h3-5H,6H2,1-2H3",WCXDHFDTOYPNIE-UHFFFAOYSA-N
1254,acetic acid,-1.522878745,64-19-7,CC(=O)O,,,10.1016/j.cej.2018.10.191,alkane,Aliphatic hydrocarbons,"InChI=1S/C2H4O2/c1-2(3)4/h1H3,(H,3,4)",QTBSBXVTEAMEQO-UHFFFAOYSA-N
1255,acetochlor,0.378397901,34256-82-1,CCC1=CC=CC(=C1N(COCC)C(=O)CCl)C,,,10.1021/ie030229y,alkane,Aliphatic hydrocarbons,"InChI=1S/C14H20ClNO2/c1-4-12-8-6-7-11(3)14(12)16(10-18-5-2)13(17)9-15/h6-8H,4-5,9-10H2,1-3H3",VTNQPKFIQCLBDU-UHFFFAOYSA-N
1256,acetone oxime,2.409425869,127-06-0,CC(=NO)C,7,,10.1016/j.watres.2017.05.074,alkane,Aliphatic hydrocarbons,"InChI=1S/C3H7NO/c1-3(2)4-5/h5H,1-2H3",PXAJQJMDEXJWFB-UHFFFAOYSA-N
1257,acetone oxime,2.409426,1212430-16-4,CC(C)=NO,7,,https://doi.org/10.1016/j.jece.2024.112473,alkane,Aliphatic hydrocarbons,"InChI=1S/C3H7NO/c1-3(2)4-5/h5H,1-2H3",PXAJQJMDEXJWFB-UHFFFAOYSA-N
1258,acridine,1.57054294,260-94-6,C1=CC=C2C(=C1)C=C3C=CC=CC3=N2,3,,10.1080/01919510208901618,cyclo,Aromatic & PAHs,InChI=1S/C13H9N/c1-3-7-12-10(5-1)9-11-6-2-4-8-13(11)14-12/h1-9H,DZBUGLKDJFMEHC-UHFFFAOYSA-N
1259,acrylamide,5,79-06-1,C=CC(=O)N,,,doi.org/10.1016/j.watres.2012.06.006,halogenated,Halogenated organics,"InChI=1S/C3H5NO/c1-2-3(4)5/h2H,1H2,(H2,4,5)",HRPVXLWXLXDGHG-UHFFFAOYSA-N
1260,acrylic acid,4.447158031,79-10-7,C=CC(=O)O,,,doi.org/10.1016/j.watres.2012.06.006,halogenated,Halogenated organics,"InChI=1S/C3H4O2/c1-2-3(4)5/h2H,1H2,(H,4,5)",NIXOWILDQLNWCW-UHFFFAOYSA-N
1261,acrylic acid (anion),5.20412,10344-93-1,C=CC(=O)[O-],,,https://doi.org/10.1016/j.jece.2024.112473,halogenated,Halogenated organics,"InChI=1S/C3H4O2/c1-2-3(4)5/h2H,1H2,(H,4,5)/p-1",NIXOWILDQLNWCW-UHFFFAOYSA-M
1262,acrylonitrile,2.94,60556-87-8,C=CC#N,7,,doi.org/10.1016/j.watres.2012.06.006,halogenated,Halogenated organics,"InChI=1S/C3H3N/c1-2-3-4/h2H,1H2",NLHHRLWOUZZQLW-UHFFFAOYSA-N
1263,adipic acid monoethyl ester,-2.522878745,626-86-8,CCOC(=O)CCCCC(=O)O,,,doi.org/10.1016/j.watres.2012.06.006,alcohol,Oxygenated organics,"InChI=1S/C8H14O4/c1-2-12-8(11)6-4-3-5-7(9)10/h2-6H2,1H3,(H,9,10)",UZNLHJCCGYKCIL-UHFFFAOYSA-N
1264,alachlor,0.397940009,15972-60-8,CCC1=C(C(=CC=C1)CC)N(COC)C(=O)CCl,7,,doi.org/10.1016/j.watres.2012.06.006,alkane,Aliphatic hydrocarbons,"InChI=1S/C14H20ClNO2/c1-4-11-7-6-8-12(5-2)14(11)16(10-18-3)13(17)9-15/h6-8H,4-5,9-10H2,1-3H3",XCSGPAVHZFQHGE-UHFFFAOYSA-N
1265,alachlor,0.579783597,15972-60-8,CCC1=C(C(=CC=C1)CC)N(COC)C(=O)CCl,4,,doi.org/10.1016/j.watres.2012.06.006,alkane,Aliphatic hydrocarbons,"InChI=1S/C14H20ClNO2/c1-4-11-7-6-8-12(5-2)14(11)16(10-18-3)13(17)9-15/h6-8H,4-5,9-10H2,1-3H3",XCSGPAVHZFQHGE-UHFFFAOYSA-N
1266,alanine,4.880813592,62656-85-3,C[C@@H](C(=O)O)N,,,doi.org/10.1016/j.watres.2012.06.006,halogenated,Halogenated organics,"InChI=1S/C3H7NO2/c1-2(4)3(5)6/h2H,4H2,1H3,(H,5,6)/t2-/m0/s1",QNAYBMKLOCPYGJ-REOHCLBHSA-N
1267,aldicarb,5.65,61602-66-2,CC(C)(/C=N/OC(=O)NC)SC,7,,10.1016/j.scitotenv.2020.136816,"sulfide, disulfide",Sulfur-containing organics,"InChI=1S/C7H14N2O2S/c1-7(2,12-4)5-9-11-6(10)8-3/h5H,1-4H3,(H,8,10)/b9-5+",QGLZXHRNAYXIBU-WEVVVXLNSA-N
1268,anatoxin,5.193339,64285-06-9,CC(=O)C1=CCC[C@@H]2CC[C@H]1N2,,,doi.org/10.1016/j.watres.2012.06.006,alkane,Aliphatic hydrocarbons,"InChI=1S/C10H15NO/c1-7(12)9-4-2-3-8-5-6-10(9)11-8/h4,8,10-11H,2-3,5-6H2,1H3/t8-,10-/m1/s1",SGNXVBOIDPPRJJ-PSASIEDQSA-N
1269,aniline,7.146128036,100849-37-4,C1=CC=C(C=C1)N,8,,doi.org/10.1016/j.watres.2012.06.006,halogenated,Halogenated organics,"InChI=1S/C6H7N/c7-6-4-2-1-3-5-6/h1-5H,7H2",PAYRUJLWNCNPSJ-UHFFFAOYSA-N
1270,aniline,7.146128036,100849-37-4,C1=CC=C(C=C1)N,7,,doi.org/10.1016/j.watres.2012.06.006,halogenated,Halogenated organics,"InChI=1S/C6H7N/c7-6-4-2-1-3-5-6/h1-5H,7H2",PAYRUJLWNCNPSJ-UHFFFAOYSA-N
1271,anisole,2.462397998,50629-14-6,COC1=CC=CC=C1,,,10.1016/0043-1354(83)90098-2,alcohol,Oxygenated organics,"InChI=1S/C7H8O/c1-8-7-5-3-2-4-6-7/h2-6H,1H3",RDOXTESZEPMUJZ-UHFFFAOYSA-N
1272,anisole,2.462397998,50629-14-6,COC1=CC=CC=C1,2,,10.1016/0043-1354(83)90098-2,alcohol,Oxygenated organics,"InChI=1S/C7H8O/c1-8-7-5-3-2-4-6-7/h2-6H,1H3",RDOXTESZEPMUJZ-UHFFFAOYSA-N
1273,anthracene,4.43,120-12-7,C1=CC=C2C=C3C=CC=CC3=CC2=C1,6.8,,10.1016/j.scitotenv.2020.136816,cyclo,Aromatic & PAHs,InChI=1S/C14H10/c1-2-6-12-10-14-8-4-3-7-13(14)9-11(12)5-1/h1-10H,MWPLVEDNUUSJAV-UHFFFAOYSA-N
1274,antipyrine,5.79,60-80-0,CC1=CC(=O)N(N1C)C2=CC=CC=C2,7,,10.1016/j.scitotenv.2020.136816,cyclo,Aromatic & PAHs,"InChI=1S/C11H12N2O/c1-9-8-11(14)13(12(9)2)10-6-4-3-5-7-10/h3-8H,1-2H3",VEQOALNAAJBPNY-UHFFFAOYSA-N
1275,arginine,4.755874856,7200-25-1,C(C[C@@H](C(=O)O)N)CN=C(N)N,,,doi.org/10.1016/j.watres.2012.06.006,halogenated,Halogenated organics,"InChI=1S/C6H14N4O2/c7-4(5(11)12)2-1-3-10-6(8)9/h4H,1-3,7H2,(H,11,12)(H4,8,9,10)/t4-/m0/s1",ODKSFYDXXFIFQN-BYPYZUCNSA-N
1276,arginine,2.45,7200-25-1,C(C[C@@H](C(=O)O)N)CN=C(N)N,7,,doi.org/10.1016/j.watres.2012.06.006,halogenated,Halogenated organics,"InChI=1S/C6H14N4O2/c7-4(5(11)12)2-1-3-10-6(8)9/h4H,1-3,7H2,(H,11,12)(H4,8,9,10)/t4-/m0/s1",ODKSFYDXXFIFQN-BYPYZUCNSA-N
1277,ascorbic acid,4.740362689,299-36-5,C([C@@H]([C@@H]1C(=C(C(=O)O1)O)O)O)O,,,doi.org/10.1016/j.watres.2012.06.006,diol,Polyfunctional / highly functionalized,"InChI=1S/C6H8O6/c7-1-2(8)5-3(9)4(10)6(11)12-5/h2,5,7-10H,1H2/t2-,5+/m0/s1",CIWBSHSKHKDKBQ-JLAZNSOCSA-N
1278,aspartate,4.612783857,63-71-8,C([C@@H](C(=O)O)N)C(=O)O,,,doi.org/10.1016/j.watres.2012.06.006,halogenated,Halogenated organics,"InChI=1S/C4H7NO4/c5-2(4(8)9)1-3(6)7/h2H,1,5H2,(H,6,7)(H,8,9)/t2-/m0/s1",CKLJMWTZIZZHCS-REOHCLBHSA-N
1279,azithromycin,5.041392685,83905-01-5,CC[C@@H]1[C@@]([C@@H]([C@H](N(C[C@@H](C[C@@]([C@@H]([C@H]([C@@H]([C@H](C(=O)O1)C)O[C@H]2C[C@@]([C@H]([C@@H](O2)C)O)(C)OC)C)O[C@H]3[C@@H]([C@H](C[C@H](O3)C)N(C)C)O)(C)O)C)C)C)O)(C)O,7,,10.1002/ep.12306,diol,Polyfunctional / highly functionalized,"InChI=1S/C38H72N2O12/c1-15-27-38(10,46)31(42)24(6)40(13)19-20(2)17-36(8,45)33(52-35-29(41)26(39(11)12)16-21(3)48-35)22(4)30(23(5)34(44)50-27)51-28-18-37(9,47-14)32(43)25(7)49-28/h20-33,35,41-43,45-46H,15-19H2,1-14H3/t20-,21-,22+,23-,24-,25+,26+,27-,28+,29-,30+,31-,32+,33-,35+,36-,37-,38-/m1/s1",MQTOSJVFKKJCRP-BICOPXKESA-N
1280,azithromycin,5.041393,756825-20-4,CC[C@H]1OC(=O)[C@H](C)[C@@H](O[C@H]2C[C@@](C)(OC)[C@@H](O)[C@H](C)O2)[C@H](C)[C@@H](O[C@@H]2O[C@H](C)C[C@H](N(C)C)[C@H]2O)[C@](C)(O)C[C@@H](C)CN(C)[C@H](C)[C@@H](O)[C@]1(C)O,7,,https://doi.org/10.1016/j.jece.2024.112473,diol,Polyfunctional / highly functionalized,"InChI=1S/C38H72N2O12/c1-15-27-38(10,46)31(42)24(6)40(13)19-20(2)17-36(8,45)33(52-35-29(41)26(39(11)12)16-21(3)48-35)22(4)30(23(5)34(44)50-27)51-28-18-37(9,47-14)32(43)25(7)49-28/h20-33,35,41-43,45-46H,15-19H2,1-14H3/t20-,21-,22+,23-,24-,25+,26+,27-,28+,29-,30+,31-,32+,33-,35+,36-,37-,38-/m1/s1",MQTOSJVFKKJCRP-BICOPXKESA-N
1281,azithromycin,2.443245,756825-20-4,CC[C@H]1OC(=O)[C@H](C)[C@@H](O[C@H]2C[C@@](C)(OC)[C@@H](O)[C@H](C)O2)[C@H](C)[C@@H](O[C@@H]2O[C@H](C)C[C@H](N(C)C)[C@H]2O)[C@](C)(O)C[C@@H](C)CN(C)[C@H](C)[C@@H](O)[C@]1(C)O,8,,https://doi.org/10.1016/j.jece.2024.112473,diol,Polyfunctional / highly functionalized,"InChI=1S/C38H72N2O12/c1-15-27-38(10,46)31(42)24(6)40(13)19-20(2)17-36(8,45)33(52-35-29(41)26(39(11)12)16-21(3)48-35)22(4)30(23(5)34(44)50-27)51-28-18-37(9,47-14)32(43)25(7)49-28/h20-33,35,41-43,45-46H,15-19H2,1-14H3/t20-,21-,22+,23-,24-,25+,26+,27-,28+,29-,30+,31-,32+,33-,35+,36-,37-,38-/m1/s1",MQTOSJVFKKJCRP-BICOPXKESA-N
1282,azithromycin,2.443245363,83905-01-5,CC[C@@H]1[C@@]([C@@H]([C@H](N(C[C@@H](C[C@@]([C@@H]([C@H]([C@@H]([C@H](C(=O)O1)C)O[C@H]2C[C@@]([C@H]([C@@H](O2)C)O)(C)OC)C)O[C@H]3[C@@H]([C@H](C[C@H](O3)C)N(C)C)O)(C)O)C)C)C)O)(C)O,8,,10.1002/ep.12306,diol,Polyfunctional / highly functionalized,"InChI=1S/C38H72N2O12/c1-15-27-38(10,46)31(42)24(6)40(13)19-20(2)17-36(8,45)33(52-35-29(41)26(39(11)12)16-21(3)48-35)22(4)30(23(5)34(44)50-27)51-28-18-37(9,47-14)32(43)25(7)49-28/h20-33,35,41-43,45-46H,15-19H2,1-14H3/t20-,21-,22+,23-,24-,25+,26+,27-,28+,29-,30+,31-,32+,33-,35+,36-,37-,38-/m1/s1",MQTOSJVFKKJCRP-BICOPXKESA-N
1283,b-ionone,5.204119983,79-77-6,CC1=C(C(CCC1)(C)C)/C=C/C(=O)C,,,doi.org/10.1016/j.watres.2012.06.006,alkane,Aliphatic hydrocarbons,"InChI=1S/C13H20O/c1-10-6-5-9-13(3,4)12(10)8-7-11(2)14/h7-8H,5-6,9H2,1-4H3/b8-7+",PSQYTAPXSHCGMF-BQYQJAHWSA-N
1284,benzo(a)pyrene,3.88,50-32-8,C1=CC=C2C3=C4C(=CC2=C1)C=CC5=C4C(=CC=C5)C=C3,7,,10.1080/01919510490507766,cyclo,Aromatic & PAHs,InChI=1S/C20H12/c1-2-7-17-15(4-1)12-16-9-8-13-5-3-6-14-10-11-18(17)20(16)19(13)14/h1-12H,FMMWHPNWAFZXNH-UHFFFAOYSA-N
1285,benzoate ion,0.079181246,65-85-0,OC(C1=CC=CC=C1)=O,2,,10.1016/0043-1354(83)90098-2,alcohol,Oxygenated organics,"InChI=1S/C7H6O2/c8-7(9)6-4-2-1-3-5-6/h1-5H,(H,8,9)",WPYMKLBDIGXBTP-UHFFFAOYSA-N
1286,benzoate ion,0.079181246,65-85-0,OC(C1=CC=CC=C1)=O,,,10.1016/0043-1354(83)90098-2,alcohol,Oxygenated organics,"InChI=1S/C7H6O2/c8-7(9)6-4-2-1-3-5-6/h1-5H,(H,8,9)",WPYMKLBDIGXBTP-UHFFFAOYSA-N
1287,benzothiazole,0.361727836,95-16-9,C1=CC=C2C(=C1)N=CS2,,,10.2166/wst.2004.0900,"sulfide, disulfide",Sulfur-containing organics,InChI=1S/C7H5NS/c1-2-4-7-6(3-1)8-5-9-7/h1-5H,IOJUPLGTWVMSFF-UHFFFAOYSA-N
1288,benzylamine,4.799340549,100-46-9,C1=CC=C(C=C1)CN,,,doi.org/10.1016/j.watres.2012.06.006,halogenated,Halogenated organics,"InChI=1S/C7H9N/c8-6-7-4-2-1-3-5-7/h1-5H,6,8H2",WGQKYBSKWIADBV-UHFFFAOYSA-N
1289,beta-Alanine,2.491362,6057-90-5,NCCC(=O)O,6,,https://doi.org/10.1016/j.jece.2024.112473,halogenated,Halogenated organics,"InChI=1S/C3H7NO2/c4-2-1-3(5)6/h1-2,4H2,(H,5,6)",UCMIRNVEIXFBKS-UHFFFAOYSA-N
1290,beta-Cyclocitral,3.58995,432-25-7,CC1=C(C=O)C(C)(C)CCC1,7,,https://doi.org/10.1016/j.jece.2024.112473,cyclo,Aromatic & PAHs,"InChI=1S/C10H16O/c1-8-5-4-6-10(2,3)9(8)7-11/h7H,4-6H2,1-3H3",MOQGCGNUWBPGTQ-UHFFFAOYSA-N
1291,bisphenol A,4.049218023,80-05-7,CC(C)(C1=CC=C(C=C1)O)C2=CC=C(C=C2)O,3,,10.1021/es803588k,alkane,Aliphatic hydrocarbons,"InChI=1S/C15H16O2/c1-15(2,11-3-7-13(16)8-4-11)12-5-9-14(17)10-6-12/h3-10,16-17H,1-2H3",IISBACLAFKSPIT-UHFFFAOYSA-N
1292,bisphenol A,4.973127854,80-05-7,CC(C)(C1=CC=C(C=C1)O)C2=CC=C(C=C2)O,5,,10.1021/es803588k,alkane,Aliphatic hydrocarbons,"InChI=1S/C15H16O2/c1-15(2,11-3-7-13(16)8-4-11)12-5-9-14(17)10-6-12/h3-10,16-17H,1-2H3",IISBACLAFKSPIT-UHFFFAOYSA-N
1293,bisphenol A,6.035725861,80-05-7,CC(C)(C1=CC=C(C=C1)O)C2=CC=C(C=C2)O,7,,10.1021/es803588k,alkane,Aliphatic hydrocarbons,"InChI=1S/C15H16O2/c1-15(2,11-3-7-13(16)8-4-11)12-5-9-14(17)10-6-12/h3-10,16-17H,1-2H3",IISBACLAFKSPIT-UHFFFAOYSA-N
1294,bisphenol A,7.414973348,80-05-7,CC(C)(C1=CC=C(C=C1)O)C2=CC=C(C=C2)O,8,,10.1021/es803588k,alkane,Aliphatic hydrocarbons,"InChI=1S/C15H16O2/c1-15(2,11-3-7-13(16)8-4-11)12-5-9-14(17)10-6-12/h3-10,16-17H,1-2H3",IISBACLAFKSPIT-UHFFFAOYSA-N
1295,bisphenol A,9.53529412,80-05-7,CC(C)(C1=CC=C(C=C1)O)C2=CC=C(C=C2)O,11,,10.1021/es803588k,alkane,Aliphatic hydrocarbons,"InChI=1S/C15H16O2/c1-15(2,11-3-7-13(16)8-4-11)12-5-9-14(17)10-6-12/h3-10,16-17H,1-2H3",IISBACLAFKSPIT-UHFFFAOYSA-N
1296,bisphenol A,6.035725861,80-05-7,CC(C)(C1=CC=C(C=C1)O)C2=CC=C(C=C2)O,2,,10.1021/es803588k,alkane,Aliphatic hydrocarbons,"InChI=1S/C15H16O2/c1-15(2,11-3-7-13(16)8-4-11)12-5-9-14(17)10-6-12/h3-10,16-17H,1-2H3",IISBACLAFKSPIT-UHFFFAOYSA-N
1297,bisphenol A,5.064457989,80-05-7,CC(C)(C1=CC=C(C=C1)O)C2=CC=C(C=C2)O,10,,10.1021/es803588k,alkane,Aliphatic hydrocarbons,"InChI=1S/C15H16O2/c1-15(2,11-3-7-13(16)8-4-11)12-5-9-14(17)10-6-12/h3-10,16-17H,1-2H3",IISBACLAFKSPIT-UHFFFAOYSA-N
1298,bisphenol A,9.204119983,80-05-7,CC(C)(C1=CC=C(C=C1)O)C2=CC=C(C=C2)O,12,,10.1021/es803588k,alkane,Aliphatic hydrocarbons,"InChI=1S/C15H16O2/c1-15(2,11-3-7-13(16)8-4-11)12-5-9-14(17)10-6-12/h3-10,16-17H,1-2H3",IISBACLAFKSPIT-UHFFFAOYSA-N
1299,bisphenol-A (phenol),4.225309282,80-05-7,C(C)(C1=CC=C(C=C1)O)C2=CC=C(C=C2)O,,,doi.org/10.1016/j.watres.2012.06.006,halogenated,Halogenated organics,"InChI=1S/C14H14O2/c1-10(11-2-6-13(15)7-3-11)12-4-8-14(16)9-5-12/h2-10,15-16H,1H3",HCNHNBLSNVSJTJ-UHFFFAOYSA-N
1300,bisphenol-A (phenolate),9.045323,68440-77-7,CC(C)(c1ccc(O)cc1)c1ccc(O)cc1.[O-]c1ccccc1,,,https://doi.org/10.1016/j.jece.2024.112473,benzene,Aromatic & PAHs,"InChI=1S/C15H16O2.C6H6O/c1-15(2,11-3-7-13(16)8-4-11)12-5-9-14(17)10-6-12;7-6-4-2-1-3-5-6/h3-10,16-17H,1-2H3;1-5,7H/p-1",PBEHQFUSQJKBAS-UHFFFAOYSA-M
1301,bisphenolA-dissociated,9.045322979,181028-79-5,CC(C1=CC=C(C=C1)OP(O)(O)=O)(C)C2=CC=C(C=C2)OP(O)(O)=O,,,doi.org/10.1016/j.watres.2012.06.006,diol,Polyfunctional / highly functionalized,"InChI=1S/C15H18O8P2/c1-15(2,11-3-7-13(8-4-11)22-24(16,17)18)12-5-9-14(10-6-12)23-25(19,20)21/h3-10H,1-2H3,(H2,16,17,18)(H2,19,20,21)",LAUIXFSZFKWUCT-UHFFFAOYSA-N
1302,bromide,2.414973348,59456-22-3,[Br-],,,10.1016/j.watres.2009.11.045,halogenated,Halogenated organics,InChI=1S/BrH/h1H/p-1,CPELXLSAUQHCOX-UHFFFAOYSA-M
1303,but-1-en-2-ol,4.897627091,91171-39-0,C=C(C[CH2+])O,,,doi.org/10.1016/j.watres.2012.06.006,halogenated,Halogenated organics,InChI=1S/C4H6O/c1-3-4(2)5/h1-3H2/p+1,LQYQRHLRERPOJR-UHFFFAOYSA-O
1304,butachlor,0.725911632,23184-66-9,CCCCOCN(C1=C(C=CC=C1CC)CC)C(=O)CCl,,,10.1021/ie030229y,alcohol,Oxygenated organics,"InChI=1S/C17H26ClNO2/c1-4-7-11-21-13-19(16(20)12-18)17-14(5-2)9-8-10-15(17)6-3/h8-10H,4-7,11-13H2,1-3H3",HKPHPIREJKHECO-UHFFFAOYSA-N
1305,buten-3-ol,4.897627091,598-32-3,C=CC(O)C,8,,10.1021/es803588k,halogenated,Halogenated organics,"InChI=1S/C4H8O/c1-3-4(2)5/h3-5H,1H2,2H3",MKUWVMRNQOOSAT-UHFFFAOYSA-N
1306,buten-3-ol,4.897627091,598-32-3,C=CC(O)C,7,,10.1021/es803588k,halogenated,Halogenated organics,"InChI=1S/C4H8O/c1-3-4(2)5/h3-5H,1H2,2H3",MKUWVMRNQOOSAT-UHFFFAOYSA-N
1307,butyl benzyl phthalate,0.15,85-68-7,CCCCOC(=O)C1=CC=CC=C1C(=O)OCC2=CC=CC=C2,7,,10.1016/j.scitotenv.2020.136816,diol,Polyfunctional / highly functionalized,"InChI=1S/C19H20O4/c1-2-3-13-22-18(20)16-11-7-8-12-17(16)19(21)23-14-15-9-5-4-6-10-15/h4-12H,2-3,13-14H2,1H3",IRIAEXORFWYRCZ-UHFFFAOYSA-N
1308,butylated hydroxyanisole,6.52,43109-72-4,COC1=CC=C(C)C=C1C(C)(C)C,7,,10.1016/j.scitotenv.2020.136816,alcohol,Oxygenated organics,"InChI=1S/C12H18O/c1-9-6-7-11(13-5)10(8-9)12(2,3)4/h6-8H,1-5H3",MFUCHEKLRHJSFE-UHFFFAOYSA-N
1309,butylparaben,6.46,94-26-8,CCCCOC(=O)C1=CC=C(C=C1)O,7,,10.1016/j.scitotenv.2020.136816,alcohol,Oxygenated organics,"InChI=1S/C11H14O3/c1-2-3-8-14-11(13)9-4-6-10(12)7-5-9/h4-7,12H,2-3,8H2,1H3",QFOHBWFCKVYLES-UHFFFAOYSA-N
1310,butylparaben,9.139879086,94-26-8,CCCCOC(=O)C1=CC=C(C=C1)O,12,,10.1016/j.scitotenv.2020.136816,alcohol,Oxygenated organics,"InChI=1S/C11H14O3/c1-2-3-8-14-11(13)9-4-6-10(12)7-5-9/h4-7,12H,2-3,8H2,1H3",QFOHBWFCKVYLES-UHFFFAOYSA-N
1311,butylparaben,5.643452676,94-26-8,CCCCOC(=O)C1=CC=C(C=C1)O,6,,10.1016/j.scitotenv.2020.136816,alcohol,Oxygenated organics,"InChI=1S/C11H14O3/c1-2-3-8-14-11(13)9-4-6-10(12)7-5-9/h4-7,12H,2-3,8H2,1H3",QFOHBWFCKVYLES-UHFFFAOYSA-N
1312,butylparaben,2.62324929,94-26-8,CCCCOC(=O)C1=CC=C(C=C1)O,2,,10.1016/j.scitotenv.2020.136816,alcohol,Oxygenated organics,"InChI=1S/C11H14O3/c1-2-3-8-14-11(13)9-4-6-10(12)7-5-9/h4-7,12H,2-3,8H2,1H3",QFOHBWFCKVYLES-UHFFFAOYSA-N
1313,c-C5H9OH,0.301029996,96-41-3,OC1CCCC1,2,,NIST,alcohol,Oxygenated organics,"InChI=1S/C5H10O/c6-5-3-1-2-4-5/h5-6H,1-4H2",XCIXKGXIYUWCLL-UHFFFAOYSA-N
1314,c-C6H10,6.342422681,110-83-8,C1=CCCCC1,7,,NIST,cyclo,Aromatic & PAHs,"InChI=1S/C6H10/c1-2-4-6-5-3-1/h1-2H,3-6H2",HGCIXCUEYOPUTN-UHFFFAOYSA-N
1315,caffeic,6.68,147219-20-3,CC1=CC=C(/C=C/C(O)=O)C=C1C,7,,10.1016/j.scitotenv.2020.136816,cyclo,Aromatic & PAHs,"InChI=1S/C11H12O2/c1-8-3-4-10(7-9(8)2)5-6-11(12)13/h3-7H,1-2H3,(H,12,13)/b6-5+",FUVFAUBWEXSLEY-AATRIKPKSA-N
1316,caffeine,4.087320596,3920-35-2,CN1C=NC2=C1C(=O)N(C(=O)N2C)C,8,,10.1016/j.scitotenv.2020.136816,halogenated,Halogenated organics,"InChI=1S/C8H10N4O2/c1-10-4-9-6-5(10)7(13)12(3)8(14)11(6)2/h4H,1-3H3",RYYVLZVUVIJVGH-UHFFFAOYSA-N
1317,caffeine,2.812913357,3920-35-2,CN1C=NC2=C1C(=O)N(C(=O)N2C)C,8.1,,10.1016/j.scitotenv.2020.136816,halogenated,Halogenated organics,"InChI=1S/C8H10N4O2/c1-10-4-9-6-5(10)7(13)12(3)8(14)11(6)2/h4H,1-3H3",RYYVLZVUVIJVGH-UHFFFAOYSA-N
1318,caffeine,4.4,3920-35-2,CN1C=NC2=C1C(=O)N(C(=O)N2C)C,7,,10.1016/j.scitotenv.2020.136816,halogenated,Halogenated organics,"InChI=1S/C8H10N4O2/c1-10-4-9-6-5(10)7(13)12(3)8(14)11(6)2/h4H,1-3H3",RYYVLZVUVIJVGH-UHFFFAOYSA-N
1319,carbamazepine,5.477121255,298-46-4,C1=CC=C2C(=C1)C=CC3=CC=CC=C3N2C(=O)N,7,,doi.org/10.1016/j.watres.2012.06.006,cyclo,Aromatic & PAHs,"InChI=1S/C15H12N2O/c16-15(18)17-13-7-3-1-5-11(13)9-10-12-6-2-4-8-14(12)17/h1-10H,(H2,16,18)",FFGPTBGBLSHEPO-UHFFFAOYSA-N
1320,carbamazepine,5.477121255,298-46-4,C1=CC=C2C(=C1)C=CC3=CC=CC=C3N2C(=O)N,,,doi.org/10.1016/j.watres.2012.06.006,cyclo,Aromatic & PAHs,"InChI=1S/C15H12N2O/c16-15(18)17-13-7-3-1-5-11(13)9-10-12-6-2-4-8-14(12)17/h1-10H,(H2,16,18)",FFGPTBGBLSHEPO-UHFFFAOYSA-N
1321,carbamazepine,5.477121255,298-46-4,C1=CC=C2C(=C1)C=CC3=CC=CC=C3N2C(=O)N,8,,doi.org/10.1016/j.watres.2012.06.006,cyclo,Aromatic & PAHs,"InChI=1S/C15H12N2O/c16-15(18)17-13-7-3-1-5-11(13)9-10-12-6-2-4-8-14(12)17/h1-10H,(H2,16,18)",FFGPTBGBLSHEPO-UHFFFAOYSA-N
1322,catechol,5.577795101,120-80-9,C1=CC=C(C(=C1)O)O,7,,doi.org/10.1016/j.watres.2012.06.006,halogenated,Halogenated organics,"InChI=1S/C6H6O2/c7-5-3-1-2-4-6(5)8/h1-4,7-8H",YCIMNLLNPGFGHC-UHFFFAOYSA-N
1323,catechol,5.577795101,120-80-9,C1=CC=C(C(=C1)O)O,,,doi.org/10.1016/j.watres.2012.06.006,halogenated,Halogenated organics,"InChI=1S/C6H6O2/c7-5-3-1-2-4-6(5)8/h1-4,7-8H",YCIMNLLNPGFGHC-UHFFFAOYSA-N
1324,cetirizine,5.230448921,83881-51-0,C1CN(CCN1CCOCC(=O)O)C(C2=CC=CC=C2)C3=CC=C(C=C3)Cl,7,,10.1016/j.watres.2016.02.020,halogenated,Halogenated organics,"InChI=1S/C21H25ClN2O3/c22-19-8-6-18(7-9-19)21(17-4-2-1-3-5-17)24-12-10-23(11-13-24)14-15-27-16-20(25)26/h1-9,21H,10-16H2,(H,25,26)",ZKLPARSLTMPFCP-UHFFFAOYSA-N
1325,cetirizine,5.230449,1219803-84-5,O=C(O)COCCN1CCN([C@H](c2ccccc2)c2ccc(Cl)cc2)CC1,7,,https://doi.org/10.1016/j.jece.2024.112473,alcohol,Oxygenated organics,"InChI=1S/C21H25ClN2O3/c22-19-8-6-18(7-9-19)21(17-4-2-1-3-5-17)24-12-10-23(11-13-24)14-15-27-16-20(25)26/h1-9,21H,10-16H2,(H,25,26)/t21-/m1/s1",ZKLPARSLTMPFCP-OAQYLSRUSA-N
1326,chloro benzene,-0.124938737,108-90-7,C1=CC=C(C=C1)Cl,,,10.1016/0043-1354(83)90098-2,halogenated,Halogenated organics,InChI=1S/C6H5Cl/c7-6-4-2-1-3-5-6/h1-5H,MVPPADPHJFYWMZ-UHFFFAOYSA-N
1327,chloro benzene,-0.124938737,108-90-7,C1=CC=C(C=C1)Cl,2,,10.1016/0043-1354(83)90098-2,halogenated,Halogenated organics,InChI=1S/C6H5Cl/c7-6-4-2-1-3-5-6/h1-5H,MVPPADPHJFYWMZ-UHFFFAOYSA-N
1328,chloro-methyl-isothiazolinone,0.963787827,26172-55-4,O=C1N(C)SC(Cl)=C1,,,10.1016/j.jhazmat.2019.121898,"sulfide, disulfide",Sulfur-containing organics,"InChI=1S/C4H4ClNOS/c1-6-4(7)2-3(5)8-6/h2H,1H3",DHNRXBZYEKSXIM-UHFFFAOYSA-N
1329,chloro-methyl-isothiazolinone,0.963788,96118-96-6,CC1=NS[C@@H](Cl)C1=O,,,https://doi.org/10.1016/j.jece.2024.112473,"sulfide, disulfide",Sulfur-containing organics,"InChI=1S/C4H4ClNOS/c1-2-3(7)4(5)8-6-2/h4H,1H3/t4-/m1/s1",NVRMXPWHXMHEEV-SCSAIBSYSA-N
1330,chlorophene,3.492077297,120-32-1,C1=CC=C(C=C1)CC2=C(C=CC(=C2)Cl)O,7,,10.1016/j.scitotenv.2020.136816,halogenated,Halogenated organics,"InChI=1S/C13H11ClO/c14-12-6-7-13(15)11(9-12)8-10-4-2-1-3-5-10/h1-7,9,15H,8H2",NCKMMSIFQUPKCK-UHFFFAOYSA-N
1331,chlorophene,3.469822016,120-32-1,C1=CC=C(C=C1)CC2=C(C=CC(=C2)Cl)O,4,,10.1016/j.scitotenv.2020.136816,halogenated,Halogenated organics,"InChI=1S/C13H11ClO/c14-12-6-7-13(15)11(9-12)8-10-4-2-1-3-5-10/h1-7,9,15H,8H2",NCKMMSIFQUPKCK-UHFFFAOYSA-N
1332,chlorophene,3.972665592,120-32-1,C1=CC=C(C=C1)CC2=C(C=CC(=C2)Cl)O,8,,10.1016/j.scitotenv.2020.136816,halogenated,Halogenated organics,"InChI=1S/C13H11ClO/c14-12-6-7-13(15)11(9-12)8-10-4-2-1-3-5-10/h1-7,9,15H,8H2",NCKMMSIFQUPKCK-UHFFFAOYSA-N
1333,chlorophene,3.50242712,120-32-1,C1=CC=C(C=C1)CC2=C(C=CC(=C2)Cl)O,5,,10.1016/j.scitotenv.2020.136816,halogenated,Halogenated organics,"InChI=1S/C13H11ClO/c14-12-6-7-13(15)11(9-12)8-10-4-2-1-3-5-10/h1-7,9,15H,8H2",NCKMMSIFQUPKCK-UHFFFAOYSA-N
1334,chlorophene,3.222716471,120-32-1,C1=CC=C(C=C1)CC2=C(C=CC(=C2)Cl)O,3,,10.1016/j.scitotenv.2020.136816,halogenated,Halogenated organics,"InChI=1S/C13H11ClO/c14-12-6-7-13(15)11(9-12)8-10-4-2-1-3-5-10/h1-7,9,15H,8H2",NCKMMSIFQUPKCK-UHFFFAOYSA-N
1335,chlorophene,3.498310554,120-32-1,C1=CC=C(C=C1)CC2=C(C=CC(=C2)Cl)O,6,,10.1016/j.scitotenv.2020.136816,halogenated,Halogenated organics,"InChI=1S/C13H11ClO/c14-12-6-7-13(15)11(9-12)8-10-4-2-1-3-5-10/h1-7,9,15H,8H2",NCKMMSIFQUPKCK-UHFFFAOYSA-N
1336,chlorophene,5.260071388,120-32-1,C1=CC=C(C=C1)CC2=C(C=CC(=C2)Cl)O,11,,10.1016/j.scitotenv.2020.136816,halogenated,Halogenated organics,"InChI=1S/C13H11ClO/c14-12-6-7-13(15)11(9-12)8-10-4-2-1-3-5-10/h1-7,9,15H,8H2",NCKMMSIFQUPKCK-UHFFFAOYSA-N
1337,chlorophene,4.411619706,120-32-1,C1=CC=C(C=C1)CC2=C(C=CC(=C2)Cl)O,9,,10.1016/j.scitotenv.2020.136816,halogenated,Halogenated organics,"InChI=1S/C13H11ClO/c14-12-6-7-13(15)11(9-12)8-10-4-2-1-3-5-10/h1-7,9,15H,8H2",NCKMMSIFQUPKCK-UHFFFAOYSA-N
1338,chlorophene,5.204119983,120-32-1,C1=CC=C(C=C1)CC2=C(C=CC(=C2)Cl)O,10,,10.1016/j.scitotenv.2020.136816,halogenated,Halogenated organics,"InChI=1S/C13H11ClO/c14-12-6-7-13(15)11(9-12)8-10-4-2-1-3-5-10/h1-7,9,15H,8H2",NCKMMSIFQUPKCK-UHFFFAOYSA-N
1339,chlortetracycline,7.230224,51209-76-8,CN(C)[C@@H]1C(O)=C(C(N)=O)C(=O)[C@@]2(O)C(O)=C3C(=O)c4c(O)ccc(Cl)c4[C@@](C)(O)[C@H]3C[C@@H]12,7,,https://doi.org/10.1016/j.jece.2024.112473,halogenated,Halogenated organics,"InChI=1S/C22H23ClN2O8/c1-21(32)7-6-8-15(25(2)3)17(28)13(20(24)31)19(30)22(8,33)18(29)11(7)16(27)12-10(26)5-4-9(23)14(12)21/h4-5,7-8,15,26,28-29,32-33H,6H2,1-3H3,(H2,24,31)/t7-,8-,15-,21-,22-/m0/s1",CYDMQBQPVICBEU-XRNKAMNCSA-N
1340,chlortetracycline,7.230224461,57-62-5,C[C@@]1([C@H]2C[C@H]3[C@@H](C(=O)C(=C([C@]3(C(=O)C2=C(C4=C(C=CC(=C41)Cl)O)O)O)O)C(=O)N)N(C)C)O,7,,10.1016/j.scitotenv.2020.136816,diol,Polyfunctional / highly functionalized,"InChI=1S/C22H23ClN2O8/c1-21(32)7-6-8-15(25(2)3)17(28)13(20(24)31)19(30)22(8,33)18(29)11(7)16(27)12-10(26)5-4-9(23)14(12)21/h4-5,7-8,15,26-27,30,32-33H,6H2,1-3H3,(H2,24,31)/t7-,8-,15-,21-,22-/m0/s1",DHPRQBPJLMKORJ-XRNKAMNCSA-N
1341,chrysene,4.041392685,218-01-9,C1=CC=C2C(=C1)C=CC3=C2C=CC4=CC=CC=C43,,,10.1080/01919510490507766,cyclo,Aromatic & PAHs,InChI=1S/C18H12/c1-3-7-15-13(5-1)9-11-18-16-8-4-2-6-14(16)10-12-17(15)18/h1-12H,WDECIBYCCFPHNR-UHFFFAOYSA-N
1342,cinnamic acid,4.875061263,140-10-3,C1=CC=C(C=C1)/C=C/C(=O)O,2.3,,https://doi.org/10.1021/acs.est.4c07119,halogenated,Halogenated organics,"InChI=1S/C9H8O2/c10-9(11)7-6-8-4-2-1-3-5-8/h1-7H,(H,10,11)/b7-6+",WBYWAXJHAXSJNI-VOTSOKGWSA-N
1343,cinnamic acid,5.149,2734410-01-4,O=C(O)/C=C/c1ccccc1,,,https://doi.org/10.1016/j.jece.2024.112473,benzene,Aromatic & PAHs,"InChI=1S/C9H8O2/c10-9(11)7-6-8-4-2-1-3-5-8/h1-7H,(H,10,11)/b7-6+",WBYWAXJHAXSJNI-VOTSOKGWSA-N
1344,cinnamic acid,5.597315859,140-10-3,C1=CC=C(C=C1)/C=C/C(=O)O,,,doi.org/10.1016/j.watres.2012.06.006,halogenated,Halogenated organics,"InChI=1S/C9H8O2/c10-9(11)7-6-8-4-2-1-3-5-8/h1-7H,(H,10,11)/b7-6+",WBYWAXJHAXSJNI-VOTSOKGWSA-N
1345,cinnamic acid,5.949390007,140-10-3,C1=CC=C(C=C1)/C=C/C(=O)O,7,,https://doi.org/10.1021/acs.est.4c07119,halogenated,Halogenated organics,"InChI=1S/C9H8O2/c10-9(11)7-6-8-4-2-1-3-5-8/h1-7H,(H,10,11)/b7-6+",WBYWAXJHAXSJNI-VOTSOKGWSA-N
1346,cinnamic acid (anion),5.829482,4151-45-5,O=C([O-])/C=C/C1=CC=CC=C1,,,doi.org/10.1016/j.watres.2012.06.006,cyclo,Aromatic & PAHs,"InChI=1S/C9H8O2/c10-9(11)7-6-8-4-2-1-3-5-8/h1-7H,(H,10,11)/p-1/b7-6+",WBYWAXJHAXSJNI-VOTSOKGWSA-M
1347,ciprofloxacin,4.499340707,85721-33-1,C1CC1N2C=C(C(=O)C3=CC(=C(C=C32)N4CCNCC4)F)C(=O)O,7,,doi.org/10.1016/j.watres.2012.06.006,cyclo,Aromatic & PAHs,"InChI=1S/C17H18FN3O3/c18-13-7-11-14(8-15(13)20-5-3-19-4-6-20)21(10-1-2-10)9-12(16(11)22)17(23)24/h7-10,19H,1-6H2,(H,23,24)",MYSWGUAQZAJSOK-UHFFFAOYSA-N
1348,ciprofloxacin,5.113943352,85721-33-1,C1CC1N2C=C(C(=O)C3=CC(=C(C=C32)N4CCNCC4)F)C(=O)O,8,,doi.org/10.1016/j.watres.2012.06.006,cyclo,Aromatic & PAHs,"InChI=1S/C17H18FN3O3/c18-13-7-11-14(8-15(13)20-5-3-19-4-6-20)21(10-1-2-10)9-12(16(11)22)17(23)24/h7-10,19H,1-6H2,(H,23,24)",MYSWGUAQZAJSOK-UHFFFAOYSA-N
1349,ciprofloxacin,4.499340707,85721-33-1,C1CC1N2C=C(C(=O)C3=CC(=C(C=C32)N4CCNCC4)F)C(=O)O,,,doi.org/10.1016/j.watres.2012.06.006,cyclo,Aromatic & PAHs,"InChI=1S/C17H18FN3O3/c18-13-7-11-14(8-15(13)20-5-3-19-4-6-20)21(10-1-2-10)9-12(16(11)22)17(23)24/h7-10,19H,1-6H2,(H,23,24)",MYSWGUAQZAJSOK-UHFFFAOYSA-N
1350,"cis-1,2-Dichloroethylene",2.491361694,156-59-2,C(=C\Cl)\Cl,2,,https://doi.org/10.1016/0043-1354(83)90098-2,halogenated,Halogenated organics,InChI=1S/C2H2Cl2/c3-1-2-4/h1-2H/b2-1-,KFUSEUYYWQURPO-UPHRSURJSA-N
1351,"cis-1,2-Dichloroethylene",2.491361694,156-59-2,C(=C\Cl)\Cl,2,,doi.org/10.1016/j.watres.2012.06.006,halogenated,Halogenated organics,InChI=1S/C2H2Cl2/c3-1-2-4/h1-2H/b2-1-,KFUSEUYYWQURPO-UPHRSURJSA-N
1352,"cis-1,4-dichloro-2-butene",4.278753601,1476-11-5,C(/C=C\CCl)Cl,2.3,,https://doi.org/10.1021/acs.est.4c07119,alkane,Aliphatic hydrocarbons,"InChI=1S/C4H6Cl2/c5-3-1-2-4-6/h1-2H,3-4H2/b2-1-",FQDIANVAWVHZIR-UPHRSURJSA-N
1353,"cis-2-buten-1,4-dial",3.477121255,6117-80-2,OC/C=C\CO,2.3,,https://doi.org/10.1021/acs.est.4c07119,alcohol,Oxygenated organics,"InChI=1S/C4H8O2/c5-3-1-2-4-6/h1-2,5-6H,3-4H2/b2-1-",ORTVZLZNOYNASJ-UPHRSURJSA-N
1354,"cis-2-buten-1,4-diol",5.531478917,1576-95-0,C(/C=C\CO)O,2.3,,https://doi.org/10.1021/acs.est.4c07119,halogenated,Halogenated organics,"InChI=1S/C4H8O2/c5-3-1-2-4-6/h1-2,5-6H,3-4H2/b2-1-",ORTVZLZNOYNASJ-UPHRSURJSA-N
1355,cis-ClCHCHCl,2.491361694,156-59-2,Cl/C=C\Cl,2,,NIST,halogenated,Halogenated organics,InChI=1S/C2H2Cl2/c3-1-2-4/h1-2H/b2-1-,KFUSEUYYWQURPO-UPHRSURJSA-N
1356,cis-ClCHCHCl,2.903089987,156-59-2,Cl/C=C\Cl,2,,NIST,halogenated,Halogenated organics,InChI=1S/C2H2Cl2/c3-1-2-4/h1-2H/b2-1-,KFUSEUYYWQURPO-UPHRSURJSA-N
1357,"cis-D1chloroethylene,I",2.903089987,156-59-2,Cl/C=C\Cl,2,,https://doi.org/10.1016/0043-1354(83)90098-2,halogenated,Halogenated organics,InChI=1S/C2H2Cl2/c3-1-2-4/h1-2H/b2-1-,KFUSEUYYWQURPO-UPHRSURJSA-N
1358,cis-HO2CCHCHCO2-,3,18610-40-7,O=C([O-])/C=C/C(=O)[O-],2,,NIST,halogenated,Halogenated organics,"InChI=1S/C4H4O4/c5-3(6)1-2-4(7)8/h1-2H,(H,5,6)(H,7,8)/p-2/b2-1+",VZCYOOQTPOCHFL-OWOJBTEDSA-L
1359,cis-cis-muconic acid,4.512653,1119-73-9,O=C(O)/C=C\C=C/C(=O)O,,,https://doi.org/10.1016/j.jece.2024.112473,halogenated,Halogenated organics,"InChI=1S/C6H6O4/c7-5(8)3-1-2-4-6(9)10/h1-4H,(H,7,8)(H,9,10)/b3-1-,4-2-",TXXHDPDFNKHHGW-CCAGOZQPSA-N
1360,clofibric acid,3.7,882-09-7,CC(C)(C(=O)O)OC1=CC=C(C=C1)Cl,7,,10.1016/j.watres.2013.08.025,alcohol,Oxygenated organics,"InChI=1S/C10H11ClO3/c1-10(2,9(12)13)14-8-5-3-7(11)4-6-8/h3-6H,1-2H3,(H,12,13)",TXCGAZHTZHNUAI-UHFFFAOYSA-N
1361,cyanazine,0.86569606,21725-46-2,CCNC1=NC(=NC(=N1)Cl)NC(C)(C)C#N,7,,10.1080/01919519408552499,alkane,Aliphatic hydrocarbons,"InChI=1S/C9H13ClN6/c1-4-12-7-13-6(10)14-8(15-7)16-9(2,3)5-11/h4H2,1-3H3,(H2,12,13,14,15,16)",MZZBPDKVEFVLFF-UHFFFAOYSA-N
1362,cyanazine,0.409933123,21725-46-2,CCNC1=NC(=NC(=N1)Cl)NC(C)(C)C#N,5,,10.1080/01919519408552499,alkane,Aliphatic hydrocarbons,"InChI=1S/C9H13ClN6/c1-4-12-7-13-6(10)14-8(15-7)16-9(2,3)5-11/h4H2,1-3H3,(H2,12,13,14,15,16)",MZZBPDKVEFVLFF-UHFFFAOYSA-N
1363,cyclohexane,-2.045757491,110-82-7,C1CCCCC1,,,doi.org/10.1016/j.watres.2012.06.006,benzene,Aromatic & PAHs,InChI=1S/C6H12/c1-2-4-6-5-3-1/h1-6H2,XDTMQSROBMDMFD-UHFFFAOYSA-N
1364,cyclohexanemethylamine,4.851258349,3218-02-8,C1CCC(CC1)CN,,,doi.org/10.1016/j.watres.2012.06.006,halogenated,Halogenated organics,"InChI=1S/C7H15N/c8-6-7-4-2-1-3-5-7/h7H,1-6,8H2",AVKNGPAMCBSNSO-UHFFFAOYSA-N
1365,cyclohexene,6.34,110-83-8,C1CCC=CC1,7,,10.1016/j.scitotenv.2020.136816,cyclo,Aromatic & PAHs,"InChI=1S/C6H10/c1-2-4-6-5-3-1/h1-2H,3-6H2",HGCIXCUEYOPUTN-UHFFFAOYSA-N
1366,cyclohexylamine,4.69019608,1460-16-8,C1CCC(CC1)N,,,doi.org/10.1016/j.watres.2012.06.006,halogenated,Halogenated organics,"InChI=1S/C6H13N/c7-6-4-2-1-3-5-6/h6H,1-5,7H2",PAFZNILMFXTMIY-UHFFFAOYSA-N
1367,cyclophosphamide,0.36794902,50-18-0,C1CNP(=O)(OC1)N(CCCl)CCCl,,,10.1111/j.1747-6593.2009.00169.x,phosphorus,Phosphorus-containing organics,"InChI=1S/C7H15Cl2N2O2P/c8-2-5-11(6-3-9)14(12)10-4-1-7-13-14/h1-7H2,(H,10,12)",CMSMOCZEIVJLDB-UHFFFAOYSA-N
1368,cyclophosphamide,0.51851394,50-18-0,C1CNP(=O)(OC1)N(CCCl)CCCl,8.1,,10.1111/j.1747-6593.2009.00169.x,phosphorus,Phosphorus-containing organics,"InChI=1S/C7H15Cl2N2O2P/c8-2-5-11(6-3-9)14(12)10-4-1-7-13-14/h1-7H2,(H,10,12)",CMSMOCZEIVJLDB-UHFFFAOYSA-N
1369,cysteine,6.64,3374-22-9,C([C@@H](C(=O)O)N)S,7,,10.1016/j.scitotenv.2020.136816,"sulfide, disulfide",Sulfur-containing organics,"InChI=1S/C3H7NO2S/c4-2(1-7)3(5)6/h2,7H,1,4H2,(H,5,6)/t2-/m0/s1",XUJNEKJLAYXESH-REOHCLBHSA-N
1370,cystine,3.48,24645-67-8,C([C@@H](C(=O)O)N)SSC[C@@H](C(=O)O)N,7,,10.1016/j.scitotenv.2020.136816,"sulfide, disulfide",Sulfur-containing organics,"InChI=1S/C6H12N2O4S2/c7-3(5(9)10)1-13-14-2-4(8)6(11)12/h3-4H,1-2,7-8H2,(H,9,10)(H,11,12)/t3-,4-/m0/s1",LEVWYRKDKASIDU-IMJSIDKUSA-N
1371,deethylatrazine,-0.732986947,6190-65-4,CC(C)NC1=NC(=NC(=N1)N)Cl,,,10.1021/es990724e,alkane,Aliphatic hydrocarbons,"InChI=1S/C6H10ClN5/c1-3(2)9-6-11-4(7)10-5(8)12-6/h3H,1-2H3,(H3,8,9,10,11,12)",DFWFIQKMSFGDCQ-UHFFFAOYSA-N
1372,dichlorvos,2.138000995,62-73-7,COP(=O)(OC)OC=C(Cl)Cl,,,10.1016/j.seppur.2017.09.069,alcohol,Oxygenated organics,"InChI=1S/C4H7Cl2O4P/c1-8-11(7,9-2)10-3-4(5)6/h3H,1-2H3",OEBRKCOSUFCWJD-UHFFFAOYSA-N
1373,diclofenac,5.975651231,15307-86-5,C1=CC=C(C(=C1)CC(=O)O)NC2=C(C=CC=C2Cl)Cl,7,,doi.org/10.1016/j.watres.2012.06.006,halogenated,Halogenated organics,"InChI=1S/C14H11Cl2NO2/c15-10-5-3-6-11(16)14(10)17-12-7-2-1-4-9(12)8-13(18)19/h1-7,17H,8H2,(H,18,19)",DCOPUUMXTXDBNB-UHFFFAOYSA-N
1374,diclofenac,5.975651231,15307-86-5,C1=CC=C(C(=C1)CC(=O)O)NC2=C(C=CC=C2Cl)Cl,8,,doi.org/10.1016/j.watres.2012.06.006,halogenated,Halogenated organics,"InChI=1S/C14H11Cl2NO2/c15-10-5-3-6-11(16)14(10)17-12-7-2-1-4-9(12)8-13(18)19/h1-7,17H,8H2,(H,18,19)",DCOPUUMXTXDBNB-UHFFFAOYSA-N
1375,dihydrofolate,5.23,4033-27-6,C1C(=NC2=C(N1)N=C(NC2=O)N)CNC3=CC=C(C=C3)C(=O)N[C@@H](CCC(=O)O)C(=O)O,7.5,,10.1016/j.scitotenv.2020.136816,halogenated,Halogenated organics,"InChI=1S/C19H21N7O6/c20-19-25-15-14(17(30)26-19)23-11(8-22-15)7-21-10-3-1-9(2-4-10)16(29)24-12(18(31)32)5-6-13(27)28/h1-4,12,21H,5-8H2,(H,24,29)(H,27,28)(H,31,32)(H4,20,22,25,26,30)/t12-/m0/s1",OZRNSSUDZOLUSN-LBPRGKRZSA-N
1376,dimethoate,0.568202,1219794-81-6,CNC(=O)CSP(=S)(OC)OC,,,https://doi.org/10.1016/j.jece.2024.112473,"sulfide, disulfide",Sulfur-containing organics,"InChI=1S/C5H12NO3PS2/c1-6-5(7)4-12-10(11,8-2)9-3/h4H2,1-3H3,(H,6,7)",MCWXGJITAZMZEV-UHFFFAOYSA-N
1377,dimethyl phthalate,0.32,131-11-3,COC(=O)C1=CC=CC=C1C(=O)OC,7,,10.1016/j.jhazmat.2011.08.054,diol,Polyfunctional / highly functionalized,"InChI=1S/C10H10O4/c1-13-9(11)7-5-3-4-6-8(7)10(12)14-2/h3-6H,1-2H3",NIQCNGHVCWTJSM-UHFFFAOYSA-N
1378,dimethyl sulfoxide,-0.380697924,67-68-5,CS(=O)C,,,10.1016/j.scitotenv.2020.136816,"sulfide, disulfide",Sulfur-containing organics,InChI=1S/C2H6OS/c1-4(2)3/h1-2H3,IAZDPXIOMUYVGZ-UHFFFAOYSA-N
1379,dimethyl sulfoxide,0.91,67-68-5,CS(=O)C,7,,10.1016/j.scitotenv.2020.136816,"sulfide, disulfide",Sulfur-containing organics,InChI=1S/C2H6OS/c1-4(2)3/h1-2H3,IAZDPXIOMUYVGZ-UHFFFAOYSA-N
1380,dimethylamine,7.301029996,124-40-3,CNC,5.5,,doi.org/10.1016/j.watres.2012.06.006,halogenated,Halogenated organics,"InChI=1S/C2H7N/c1-3-2/h3H,1-2H3",ROSDSFDQCJNGOL-UHFFFAOYSA-N
1381,dimethylamine,3.579783597,124-40-3,CNC,7,,doi.org/10.1016/j.watres.2012.06.006,halogenated,Halogenated organics,"InChI=1S/C2H7N/c1-3-2/h3H,1-2H3",ROSDSFDQCJNGOL-UHFFFAOYSA-N
1382,dimethylamine,4.579783597,124-40-3,CNC,8,,doi.org/10.1016/j.watres.2012.06.006,halogenated,Halogenated organics,"InChI=1S/C2H7N/c1-3-2/h3H,1-2H3",ROSDSFDQCJNGOL-UHFFFAOYSA-N
1383,dimethylchloramine,3.278753601,1585-74-6,CN(C)Cl,,,doi.org/10.1016/j.watres.2012.06.006,halogenated,Halogenated organics,InChI=1S/C2H6ClN/c1-4(2)3/h1-2H3,MAGVJLLHDZWQFM-UHFFFAOYSA-N
1384,dimethylethanolamine,7.041392685,108-01-0,CN(C)CCO,,,doi.org/10.1016/j.watres.2012.06.006,halogenated,Halogenated organics,"InChI=1S/C4H11NO/c1-5(2)3-4-6/h6H,3-4H2,1-2H3",UEEJHVSXFDXPFK-UHFFFAOYSA-N
1385,dimetridazole,2.52,551-92-8,CC1=NC=C(N1C)[N+](=O)[O-],7,,10.1016/j.scitotenv.2020.136816,alkane,Aliphatic hydrocarbons,"InChI=1S/C5H7N3O2/c1-4-6-3-5(7(4)2)8(9)10/h3H,1-2H3",IBXPYPUJPLLOIN-UHFFFAOYSA-N
1386,doxycycline,5.9,17086-28-1,C[C@@H]1[C@H]2[C@@H]([C@H]3[C@@H](C(=O)C(=C([C@]3(C(=O)C2=C(C4=C1C=CC=C4O)O)O)O)C(=O)N)N(C)C)O,7,,10.1016/j.scitotenv.2020.136816,diol,Polyfunctional / highly functionalized,"InChI=1S/C22H24N2O8/c1-7-8-5-4-6-9(25)11(8)16(26)12-10(7)17(27)14-15(24(2)3)18(28)13(21(23)31)20(30)22(14,32)19(12)29/h4-7,10,14-15,17,25-27,30,32H,1-3H3,(H2,23,31)/t7-,10+,14+,15-,17-,22-/m0/s1",SGKRLCUYIXIAHR-AKNGSSGZSA-N
1387,doxycycline,5.9,1902958-13-7,C[C@H]1c2cccc(O)c2C(=O)C2=C(O)[C@]3(O)C(=O)C(C(N)=O)=C(O)[C@@H](N(C)C)[C@@H]3[C@@H](O)[C@@H]21,7,,https://doi.org/10.1016/j.jece.2024.112473,benzene,Aromatic & PAHs,"InChI=1S/C22H24N2O8/c1-7-8-5-4-6-9(25)11(8)16(26)12-10(7)17(27)14-15(24(2)3)18(28)13(21(23)31)20(30)22(14,32)19(12)29/h4-7,10,14-15,17,25,27-29,32H,1-3H3,(H2,23,31)/t7-,10+,14+,15-,17-,22-/m0/s1",JBIWCJUYHHGXTC-AKNGSSGZSA-N
1388,enrofloxacin,5.226731089,93106-60-6,CCN1CCN(CC1)C2=C(C=C3C(=C2)N(C=C(C3=O)C(=O)O)C4CC4)F,7,,doi.org/10.1016/j.watres.2012.06.006,alkane,Aliphatic hydrocarbons,"InChI=1S/C19H22FN3O3/c1-2-21-5-7-22(8-6-21)17-10-16-13(9-15(17)20)18(24)14(19(25)26)11-23(16)12-3-4-12/h9-12H,2-8H2,1H3,(H,25,26)",SPFYMRJSYKOXGV-UHFFFAOYSA-N
1389,enrofloxacin,5.226731089,93106-60-6,CCN1CCN(CC1)C2=C(C=C3C(=C2)N(C=C(C3=O)C(=O)O)C4CC4)F,,,doi.org/10.1016/j.watres.2012.06.006,alkane,Aliphatic hydrocarbons,"InChI=1S/C19H22FN3O3/c1-2-21-5-7-22(8-6-21)17-10-16-13(9-15(17)20)18(24)14(19(25)26)11-23(16)12-3-4-12/h9-12H,2-8H2,1H3,(H,25,26)",SPFYMRJSYKOXGV-UHFFFAOYSA-N
1390,enrofloxacin,5.72427587,93106-60-6,CCN1CCN(CC1)C2=C(C=C3C(=C2)N(C=C(C3=O)C(=O)O)C4CC4)F,8,,doi.org/10.1016/j.watres.2012.06.006,alkane,Aliphatic hydrocarbons,"InChI=1S/C19H22FN3O3/c1-2-21-5-7-22(8-6-21)17-10-16-13(9-15(17)20)18(24)14(19(25)26)11-23(16)12-3-4-12/h9-12H,2-8H2,1H3,(H,25,26)",SPFYMRJSYKOXGV-UHFFFAOYSA-N
1391,equilenin,7,517-09-9,C[C@]12CCC3=C([C@@H]1CCC2=O)C=CC4=C3C=CC(=C4)O,7,,10.1016/j.scitotenv.2020.136816,cyclo,Aromatic & PAHs,"InChI=1S/C18H18O2/c1-18-9-8-14-13-5-3-12(19)10-11(13)2-4-15(14)16(18)6-7-17(18)20/h2-5,10,16,19H,6-9H2,1H3/t16-,18-/m0/s1",PDRGHUMCVRDZLQ-WMZOPIPTSA-N
1392,estriol-dissociated,9.58995,1417721-33-5,C[C@]12CC[C@@H]3c4ccc([O-])cc4CC[C@H]3[C@@H]1C[C@@H](O)[C@@H]2O,,,https://doi.org/10.1016/j.jece.2024.112473,halogenated,Halogenated organics,"InChI=1S/C18H24O3/c1-18-7-6-13-12-5-3-11(19)8-10(12)2-4-14(13)15(18)9-16(20)17(18)21/h3,5,8,13-17,19-21H,2,4,6-7,9H2,1H3/p-1/t13-,14-,15+,16-,17+,18+/m1/s1",PROQIPRRNZUXQM-ZXXIGWHRSA-M
1393,estriol-non-dissociated,6.532864116,50-27-1,O[C@@H]1[C@]2(C)[C@](C[C@H]1O)([H])[C@]3([H])CCC4=C(C=CC(O)=C4)[C@]([H])3CC2,,,doi.org/10.1016/j.watres.2012.06.006,halogenated,Halogenated organics,"InChI=1S/C18H24O3/c1-18-7-6-13-12-5-3-11(19)8-10(12)2-4-14(13)15(18)9-16(20)17(18)21/h3,5,8,13-17,19-21H,2,4,6-7,9H2,1H3/t13-,14-,15+,16-,17+,18+/m1/s1",PROQIPRRNZUXQM-ZXXIGWHRSA-N
1394,estrone,5.97,53-16-7,C[C@]12CC[C@H]3[C@H]([C@@H]1CCC2=O)CCC4=C3C=CC(=C4)O,7,,10.1002/ep.12306,halogenated,Halogenated organics,"InChI=1S/C18H22O2/c1-18-9-8-14-13-5-3-12(19)10-11(13)2-4-15(14)16(18)6-7-17(18)20/h3,5,10,14-16,19H,2,4,6-9H2,1H3/t14-,15-,16+,18+/m1/s1",DNXHEGUUPJUMQT-CBZIJGRNSA-N
1395,estrone,5.992995098,53-16-7,C[C@]12CC[C@H]3[C@H]([C@@H]1CCC2=O)CCC4=C3C=CC(=C4)O,8,,10.1002/ep.12306,halogenated,Halogenated organics,"InChI=1S/C18H22O2/c1-18-9-8-14-13-5-3-12(19)10-11(13)2-4-15(14)16(18)6-7-17(18)20/h3,5,10,14-16,19H,2,4,6-9H2,1H3/t14-,15-,16+,18+/m1/s1",DNXHEGUUPJUMQT-CBZIJGRNSA-N
1396,estrone-dissociated,9.627366,53-16-7,C[C@]12CC[C@@H]3c4ccc([O-])cc4CC[C@H]3[C@@H]1CCC2=O,,,https://doi.org/10.1016/j.jece.2024.112473,halogenated,Halogenated organics,"InChI=1S/C18H22O2/c1-18-9-8-14-13-5-3-12(19)10-11(13)2-4-15(14)16(18)6-7-17(18)20/h3,5,10,14-16,19H,2,4,6-9H2,1H3/p-1/t14-,15-,16+,18+/m1/s1",DNXHEGUUPJUMQT-CBZIJGRNSA-M
1397,ethene,5.255272505,54509-73-8,C=C,,,doi.org/10.1016/j.watres.2012.06.006,halogenated,Halogenated organics,InChI=1S/C2H4/c1-2/h1-2H2,VGGSQFUCUMXWEO-UHFFFAOYSA-N
1398,ethyl N-piperazine arboxylate,6.041392685,120-43-4,O=C(OCC)N1CCNCC1,,,doi.org/10.1016/j.watres.2012.06.006,halogenated,Halogenated organics,"InChI=1S/C7H14N2O2/c1-2-11-7(10)9-5-3-8-4-6-9/h8H,2-6H2,1H3",LNOQURRKNJKKBU-UHFFFAOYSA-N
1399,ethyl N-piperazine arboxylate,6.041393,438613-48-0,CCOC(=O)N1CCNCC1,,,https://doi.org/10.1016/j.jece.2024.112473,alcohol,Oxygenated organics,"InChI=1S/C7H14N2O2/c1-2-11-7(10)9-5-3-8-4-6-9/h8H,2-6H2,1H3",LNOQURRKNJKKBU-UHFFFAOYSA-N
1400,ethyl benzene,1.146128036,100-41-4,CCC1=CC=CC=C1,,,doi.org/10.1016/j.watres.2012.06.006,cyclo,Aromatic & PAHs,"InChI=1S/C8H10/c1-2-8-6-4-3-5-7-8/h3-7H,2H2,1H3",YNQLUTRBYVCPMQ-UHFFFAOYSA-N
1401,ethyl-t-butyl-ether,-0.105130343,637-92-3,CC(C)(C)OCC,,,10.1016/j.molcata.2014.02.014,alcohol,Oxygenated organics,"InChI=1S/C6H14O/c1-5-7-6(2,3)4/h5H2,1-4H3",NUMQCACRALPSHD-UHFFFAOYSA-N
1402,ethyl-t-butyl-ether,-0.10513,69775-79-7,C=C1[C@]23[C@]45O[C@@]42[C@@]153,,,https://doi.org/10.1016/j.jece.2024.112473,halogenated,Halogenated organics,"InChI=1S/C6H2O/c1-2-3-4(2)5(3)6(3,4)7-5/h1H2/t3-,4+,5+,6-",KXJMIFVGMYKAAL-GUCUJZIJSA-N
1403,ethylparaben,2.556302501,120-47-8,CCOC(=O)C1=CC=C(C=C1)O,2,,10.1016/j.scitotenv.2020.136816,alcohol,Oxygenated organics,"InChI=1S/C9H10O3/c1-2-12-9(11)7-3-5-8(10)6-4-7/h3-6,10H,2H2,1H3",NUVBSKCKDOMJSU-UHFFFAOYSA-N
1404,ethylparaben,6.38,35285-68-8,CCOC(=O)c1ccc(O)cc1,7,,https://doi.org/10.1016/j.jece.2024.112473,alcohol,Oxygenated organics,"InChI=1S/C9H10O3/c1-2-12-9(11)7-3-5-8(10)6-4-7/h3-6,10H,2H2,1H3",NUVBSKCKDOMJSU-UHFFFAOYSA-N
1405,ethylparaben,5.531478917,120-47-8,CCOC(=O)C1=CC=C(C=C1)O,6,,10.1016/j.scitotenv.2020.136816,alcohol,Oxygenated organics,"InChI=1S/C9H10O3/c1-2-12-9(11)7-3-5-8(10)6-4-7/h3-6,10H,2H2,1H3",NUVBSKCKDOMJSU-UHFFFAOYSA-N
1406,ethylparaben,9.068185862,120-47-8,CCOC(=O)C1=CC=C(C=C1)O,12,,10.1016/j.scitotenv.2020.136816,alcohol,Oxygenated organics,"InChI=1S/C9H10O3/c1-2-12-9(11)7-3-5-8(10)6-4-7/h3-6,10H,2H2,1H3",NUVBSKCKDOMJSU-UHFFFAOYSA-N
1407,ethylparaben,6.38,120-47-8,CCOC(=O)C1=CC=C(C=C1)O,7,,10.1016/j.scitotenv.2020.136816,alcohol,Oxygenated organics,"InChI=1S/C9H10O3/c1-2-12-9(11)7-3-5-8(10)6-4-7/h3-6,10H,2H2,1H3",NUVBSKCKDOMJSU-UHFFFAOYSA-N
1408,fexofenadine,3.954243,1215900-18-7,CC(C)(C(=O)O)c1ccc([C@@H](O)CCCN2CCC(C(O)(c3ccccc3)c3ccccc3)CC2)cc1,7,,https://doi.org/10.1016/j.jece.2024.112473,benzene,Aromatic & PAHs,"InChI=1S/C32H39NO4/c1-31(2,30(35)36)25-17-15-24(16-18-25)29(34)14-9-21-33-22-19-28(20-23-33)32(37,26-10-5-3-6-11-26)27-12-7-4-8-13-27/h3-8,10-13,15-18,28-29,34,37H,9,14,19-23H2,1-2H3,(H,35,36)/t29-/m0/s1",RWTNPBWLLIMQHL-LJAQVGFWSA-N
1409,fexofenadine,3.954242509,83799-24-0,CC(C)(C1=CC=C(C=C1)C(CCCN2CCC(CC2)C(C3=CC=CC=C3)(C4=CC=CC=C4)O)O)C(=O)O,7,,10.1016/j.watres.2016.02.020,diol,Polyfunctional / highly functionalized,"InChI=1S/C32H39NO4/c1-31(2,30(35)36)25-17-15-24(16-18-25)29(34)14-9-21-33-22-19-28(20-23-33)32(37,26-10-5-3-6-11-26)27-12-7-4-8-13-27/h3-8,10-13,15-18,28-29,34,37H,9,14,19-23H2,1-2H3,(H,35,36)",RWTNPBWLLIMQHL-UHFFFAOYSA-N
1410,fumaric acid,3.880813592,110-17-8,C(=C/C(=O)O)\C(=O)O,2.3,,https://doi.org/10.1021/acs.est.4c07119,halogenated,Halogenated organics,"InChI=1S/C4H4O4/c5-3(6)1-2-4(7)8/h1-2H,(H,5,6)(H,7,8)/b2-1+",VZCYOOQTPOCHFL-OWOJBTEDSA-N
1411,fumaric acid,4.176091259,110-17-8,C(=C/C(=O)O)\C(=O)O,3,,https://doi.org/10.1021/acs.est.4c07119,halogenated,Halogenated organics,"InChI=1S/C4H4O4/c5-3(6)1-2-4(7)8/h1-2H,(H,5,6)(H,7,8)/b2-1+",VZCYOOQTPOCHFL-OWOJBTEDSA-N
1412,fumaric acid,5.113943352,110-17-8,C(=C/C(=O)O)\C(=O)O,7,,https://doi.org/10.1021/acs.est.4c07119,halogenated,Halogenated organics,"InChI=1S/C4H4O4/c5-3(6)1-2-4(7)8/h1-2H,(H,5,6)(H,7,8)/b2-1+",VZCYOOQTPOCHFL-OWOJBTEDSA-N
1413,fumaric acid,3.929418926,110-17-8,C(=C/C(=O)O)\C(=O)O,,,doi.org/10.1016/j.watres.2012.06.006,halogenated,Halogenated organics,"InChI=1S/C4H4O4/c5-3(6)1-2-4(7)8/h1-2H,(H,5,6)(H,7,8)/b2-1+",VZCYOOQTPOCHFL-OWOJBTEDSA-N
1414,fumaric acid,4.176091259,110-17-8,C(=C/C(=O)O)\C(=O)O,3,20,https://pubs.acs.org/doi/10.1021/acs.est.4c07119,halogenated,Halogenated organics,"InChI=1S/C4H4O4/c5-3(6)1-2-4(7)8/h1-2H,(H,5,6)(H,7,8)/b2-1+",VZCYOOQTPOCHFL-OWOJBTEDSA-N
1415,fumaric acid,5.113943352,110-17-8,C(=C/C(=O)O)\C(=O)O,7,20,https://pubs.acs.org/doi/10.1021/acs.est.4c07119,halogenated,Halogenated organics,"InChI=1S/C4H4O4/c5-3(6)1-2-4(7)8/h1-2H,(H,5,6)(H,7,8)/b2-1+",VZCYOOQTPOCHFL-OWOJBTEDSA-N
1416,galaxolide,2.15,1222-05-5,CC1COCC2=CC3=C(C=C12)C(C(C3(C)C)C)(C)C,7,,10.1016/j.scitotenv.2020.136816,alcohol,Oxygenated organics,"InChI=1S/C18H26O/c1-11-9-19-10-13-7-15-16(8-14(11)13)18(5,6)12(2)17(15,3)4/h7-8,11-12H,9-10H2,1-6H3",ONKNPOPIGWHAQC-UHFFFAOYSA-N
1417,gemfibrozil,4.889933569,25812-30-0,CC1=CC(=C(C=C1)C)OCCCC(C)(C)C(=O)O,7,,doi.org/10.1016/j.watres.2012.06.006,alcohol,Oxygenated organics,"InChI=1S/C15H22O3/c1-11-6-7-12(2)13(10-11)18-9-5-8-15(3,4)14(16)17/h6-7,10H,5,8-9H2,1-4H3,(H,16,17)",HEMJJKBWTPKOJG-UHFFFAOYSA-N
1418,gemfibrozil,4.889933569,25812-30-0,CC1=CC(=C(C=C1)C)OCCCC(C)(C)C(=O)O,,,doi.org/10.1016/j.watres.2012.06.006,alcohol,Oxygenated organics,"InChI=1S/C15H22O3/c1-11-6-7-12(2)13(10-11)18-9-5-8-15(3,4)14(16)17/h6-7,10H,5,8-9H2,1-4H3,(H,16,17)",HEMJJKBWTPKOJG-UHFFFAOYSA-N
1419,gentisic acid,6.39,490-79-9,C1=CC(=C(C=C1O)C(=O)O)O,7,,10.1016/j.scitotenv.2020.136816,halogenated,Halogenated organics,"InChI=1S/C7H6O4/c8-4-1-2-6(9)5(3-4)7(10)11/h1-3,8-9H,(H,10,11)",WXTMDXOMEHJXQO-UHFFFAOYSA-N
1420,glutathione,6.4,128960-77-0,C(CC(=O)N[C@@H](CS)C(=O)NCC(=O)O)[C@@H](C(=O)O)N,7,,10.1016/j.scitotenv.2020.136816,halogenated,Halogenated organics,"InChI=1S/C10H17N3O6S/c11-5(10(18)19)1-2-7(14)13-6(4-20)9(17)12-3-8(15)16/h5-6,20H,1-4,11H2,(H,12,17)(H,13,14)(H,15,16)(H,18,19)/t5-,6-/m0/s1",RWSXRVCMGQZWBV-WDSKDSINSA-N
1421,glutathione,1.759667845,128960-77-0,C(CC(=O)N[C@@H](CS)C(=O)NCC(=O)O)[C@@H](C(=O)O)N,,,10.1016/j.scitotenv.2020.136816,halogenated,Halogenated organics,"InChI=1S/C10H17N3O6S/c11-5(10(18)19)1-2-7(14)13-6(4-20)9(17)12-3-8(15)16/h5-6,20H,1-4,11H2,(H,12,17)(H,13,14)(H,15,16)(H,18,19)/t5-,6-/m0/s1",RWSXRVCMGQZWBV-WDSKDSINSA-N
1422,glycine,5.322219295,56-40-6,C(C(=O)O)N,,,doi.org/10.1016/j.watres.2012.06.006,halogenated,Halogenated organics,"InChI=1S/C2H5NO2/c3-1-2(4)5/h1,3H2,(H,4,5)",DHMQDGOQFOQNFH-UHFFFAOYSA-N
1423,hydrochlorothiazide,4.319709463,23141-82-4,C1NC2=CC(=C(C=C2S(=O)(=O)N1)S(=O)(=O)N)Cl,7,,10.1016/j.scitotenv.2020.136816,"sulfide, disulfide",Sulfur-containing organics,"InChI=1S/C7H8ClN3O4S2/c8-4-1-5-7(2-6(4)16(9,12)13)17(14,15)11-3-10-5/h1-2,10-11H,3H2,(H2,9,12,13)",JZUFKLXOESDKRF-UHFFFAOYSA-N
1424,ifosfamide,0.841984805,3778-73-2,C1CN(P(=O)(OC1)NCCCl)CCCl,,,doi.org/10.1016/j.watres.2012.06.006,halogenated,Halogenated organics,"InChI=1S/C7H15Cl2N2O2P/c8-2-4-10-14(12)11(6-3-9)5-1-7-13-14/h1-7H2,(H,10,12)",HOMGKSMUEGBAAB-UHFFFAOYSA-N
1425,imidacloprid,1.038223,2484171-01-7,O=[N+]([O-])NC1=NCCN1Cc1ccc(Cl)nc1,2,,https://doi.org/10.1016/j.jece.2024.112473,cyclo,Aromatic & PAHs,"InChI=1S/C9H10ClN5O2/c10-8-2-1-7(5-12-8)6-14-4-3-11-9(14)13-15(16)17/h1-2,5H,3-4,6H2,(H,11,13)",YWTYJOPNNQFBPC-UHFFFAOYSA-N
1426,imidacloprid,1.038222638,105827-78-9,C1CN(/C(=N/[N+](=O)[O-])/N1)CC2=CN=C(C=C2)Cl,2,,10.1080/09593330.2018.1439105,halogenated,Halogenated organics,"InChI=1S/C9H10ClN5O2/c10-8-2-1-7(5-12-8)6-14-4-3-11-9(14)13-15(16)17/h1-2,5H,3-4,6H2,(H,11,13)",YWTYJOPNNQFBPC-UHFFFAOYSA-N
1427,iminodiacetic acid,6.447158031,142-73-4,C(C(=O)O)NCC(=O)O,,,doi.org/10.1016/j.watres.2012.06.006,halogenated,Halogenated organics,"InChI=1S/C4H7NO4/c6-3(7)1-5-2-4(8)9/h5H,1-2H2,(H,6,7)(H,8,9)",NBZBKCUXIYYUSX-UHFFFAOYSA-N
1428,indole,2.348772,86691-38-5,c1ccc2[nH]ccc2c1,2,,https://doi.org/10.1016/j.jece.2024.112473,cyclo,Aromatic & PAHs,"InChI=1S/C8H7N/c1-2-4-8-7(3-1)5-6-9-8/h1-6,9H",SIKJAQJRHWYJAI-UHFFFAOYSA-N
1429,indole,2.348772014,120-72-9,C1=CC=C2C(=C1)C=CN2,2,,doi.org/10.1016/j.watres.2012.06.006,halogenated,Halogenated organics,"InChI=1S/C8H7N/c1-2-4-8-7(3-1)5-6-9-8/h1-6,9H",SIKJAQJRHWYJAI-UHFFFAOYSA-N
1430,indomethacin,5.841753159,74252-25-8,CC1=C(C2=C(N1C(=O)C3=CC=C(C=C3)Cl)C=CC(=C2)OC)CC(=O)O,,,10.1016/j.jhazmat.2016.05.023,alcohol,Oxygenated organics,"InChI=1S/C19H16ClNO4/c1-11-15(10-18(22)23)16-9-14(25-2)7-8-17(16)21(11)19(24)12-3-5-13(20)6-4-12/h3-9H,10H2,1-2H3,(H,22,23)",CGIGDMFJXJATDK-UHFFFAOYSA-N
1431,iosleucine,4.748188027,73-32-5,CCC([C@@H](C(O)=O)N)C,,,doi.org/10.1016/j.watres.2012.06.006,alkane,Aliphatic hydrocarbons,"InChI=1S/C6H13NO2/c1-3-4(2)5(7)6(8)9/h4-5H,3,7H2,1-2H3,(H,8,9)/t4?,5-/m0/s1",AGPKZVBTJJNPAG-AKGZTFGVSA-N
1432,irgarol,2.703291378,28159-98-0,CC(C)(C)NC1=NC(=NC(=N1)NC2CC2)SC,,,doi.org/10.1016/j.watres.2012.06.006,"sulfide, disulfide",Sulfur-containing organics,"InChI=1S/C11H19N5S/c1-11(2,3)16-9-13-8(12-7-5-6-7)14-10(15-9)17-4/h7H,5-6H2,1-4H3,(H2,12,13,14,15,16)",HDHLIWCXDDZUFH-UHFFFAOYSA-N
1433,isopropyl benzene,1.041392685,68936-98-1,CC(C)C1=CC=CC=C1,,,10.1016/0043-1354(83)90098-2,cyclo,Aromatic & PAHs,"InChI=1S/C9H12/c1-8(2)9-6-4-3-5-7-9/h3-8H,1-2H3",RWGFKTVRMDUZSP-UHFFFAOYSA-N
1434,isopropyl benzene,1.041392685,68936-98-1,CC(C)C1=CC=CC=C1,2,,10.1016/0043-1354(83)90098-2,cyclo,Aromatic & PAHs,"InChI=1S/C9H12/c1-8(2)9-6-4-3-5-7-9/h3-8H,1-2H3",RWGFKTVRMDUZSP-UHFFFAOYSA-N
1435,"l,l-D1chloroethylene",2.041392685,75-35-4,C=C(Cl)Cl,2,,https://doi.org/10.1016/0043-1354(83)90098-2,halogenated,Halogenated organics,InChI=1S/C2H2Cl2/c1-2(3)4/h1H2,LGXVIGDEPROXKC-UHFFFAOYSA-N
1436,l-Hexene-3-ol,5,4798-44-1,C=CC(O)CCC,2,,https://doi.org/10.1016/0043-1354(83)90098-2,halogenated,Halogenated organics,"InChI=1S/C6H12O/c1-3-5-6(7)4-2/h4,6-7H,2-3,5H2,1H3",BVOSSZSHBZQJOI-UHFFFAOYSA-N
1437,l-Hexene-4-ol,5.26,5729-65-7,C=CC[C@@H](O)CC,,,https://doi.org/10.1016/j.jece.2024.112473,halogenated,Halogenated organics,"InChI=1S/C6H12O/c1-3-5-6(7)4-2/h3,6-7H,1,4-5H2,2H3/t6-/m0/s1",UOGFCIYBLKSQHL-LURJTMIESA-N
1438,leuine,4.72427587,61-90-5,N[C@@H](CC(C)C)C(O)=O,,,doi.org/10.1016/j.watres.2012.06.006,halogenated,Halogenated organics,"InChI=1S/C6H13NO2/c1-4(2)3-5(7)6(8)9/h4-5H,3,7H2,1-2H3,(H,8,9)/t5-/m0/s1",ROHFNLRQFUQHCH-YFKPBYRVSA-N
1439,levofloxacin,4.77815125,100986-85-4,C[C@H]1COC2=C3N1C=C(C(=O)C3=CC(=C2N4CCN(CC4)C)F)C(=O)O,7.2,,10.1016/j.chemosphere.2017.12.079,alcohol,Oxygenated organics,"InChI=1S/C18H20FN3O4/c1-10-9-26-17-14-11(16(23)12(18(24)25)8-22(10)14)7-13(19)15(17)21-5-3-20(2)4-6-21/h7-8,10H,3-6,9H2,1-2H3,(H,24,25)/t10-/m0/s1",GSDSWSVVBLHKDQ-JTQLQIEISA-N
1440,levofloxacin,5.311753861,100986-85-4,C[C@H]1COC2=C3N1C=C(C(=O)C3=CC(=C2N4CCN(CC4)C)F)C(=O)O,7.1,,10.1016/j.chemosphere.2017.12.079,alcohol,Oxygenated organics,"InChI=1S/C18H20FN3O4/c1-10-9-26-17-14-11(16(23)12(18(24)25)8-22(10)14)7-13(19)15(17)21-5-3-20(2)4-6-21/h7-8,10H,3-6,9H2,1-2H3,(H,24,25)/t10-/m0/s1",GSDSWSVVBLHKDQ-JTQLQIEISA-N
1441,levonorgestrel,3.154423973,797-63-7,CC[C@]12CC[C@H]3[C@H]([C@@H]1CC[C@]2(C#C)O)CCC4=CC(=O)CC[C@H]34,8.1,,10.1016/j.watres.2009.07.031,alkane,Aliphatic hydrocarbons,"InChI=1S/C21H28O2/c1-3-20-11-9-17-16-8-6-15(22)13-14(16)5-7-18(17)19(20)10-12-21(20,23)4-2/h2,13,16-19,23H,3,5-12H2,1H3/t16-,17+,18+,19-,20-,21-/m0/s1",WWYNJERNGUHSAO-XUDSTZEESA-N
1442,linoleic acids,4,60-33-3,CCCCC/C=C\C/C=C\CCCCCCCC(O)=O,,,10.1139/s05-031,alkane,Aliphatic hydrocarbons,"InChI=1S/C18H32O2/c1-2-3-4-5-6-7-8-9-10-11-12-13-14-15-16-17-18(19)20/h6-7,9-10H,2-5,8,11-17H2,1H3,(H,19,20)/b7-6-,10-9-",OYHQOLUKZRVURQ-HZJYTTRNSA-N
1443,m-Chloronitrobenzene,-1.41,89749-36-0,O=[N+]([O-])c1cccc(Cl)c1,,,https://doi.org/10.1016/j.jece.2024.112473,benzene,Aromatic & PAHs,InChI=1S/C6H4ClNO2/c7-5-2-1-3-6(4-5)8(9)10/h1-4H,KMAQZIILEGKYQZ-UHFFFAOYSA-N
1444,m-Cresol purple,0.1555,2303-01-7,CC1=C(C=CC(=C1)O)C2(C3=CC=CC=C3S(=O)(=O)O2)C4=C(C=C(C=C4)O)C,,,10.1016/j.chemosphere.2014.05.068,diol,Polyfunctional / highly functionalized,"InChI=1S/C21H18O5S/c1-13-11-15(22)7-9-17(13)21(18-10-8-16(23)12-14(18)2)19-5-3-4-6-20(19)27(24,25)26-21/h3-12,22-23H,1-2H3",OLQIKGSZDTXODA-UHFFFAOYSA-N
1445,m-Cresol purple,0.1555,62625-31-4,Cc1cc(O)ccc1C1(c2ccc(O)cc2C)OS(=O)(=O)c2ccccc21,,,https://doi.org/10.1016/j.jece.2024.112473,"sulfide, disulfide",Sulfur-containing organics,"InChI=1S/C21H18O5S/c1-13-11-15(22)7-9-17(13)21(18-10-8-16(23)12-14(18)2)19-5-3-4-6-20(19)27(24,25)26-21/h3-12,22-23H,1-2H3",OLQIKGSZDTXODA-UHFFFAOYSA-N
1446,m-Dichlorobenzene,-0.244125144,541-73-1,C1=CC(=CC(=C1)Cl)Cl,2,,10.1016/0043-1354(91)90155-J,halogenated,Halogenated organics,InChI=1S/C6H4Cl2/c7-5-2-1-3-6(8)4-5/h1-4H,ZPQOPVIELGIULI-UHFFFAOYSA-N
1447,m-Dichlorobenzene,-0.24413,541-73-1,Clc1cccc(Cl)c1,2,,https://doi.org/10.1016/j.jece.2024.112473,benzene,Aromatic & PAHs,InChI=1S/C6H4Cl2/c7-5-2-1-3-6(8)4-5/h1-4H,ZPQOPVIELGIULI-UHFFFAOYSA-N
1448,m-Dichlorobenzene,-0.244125144,541-73-1,C1=CC(=CC(=C1)Cl)Cl,2,,https://doi.org/10.1016/0043-1354(83)90098-2,halogenated,Halogenated organics,InChI=1S/C6H4Cl2/c7-5-2-1-3-6(8)4-5/h1-4H,ZPQOPVIELGIULI-UHFFFAOYSA-N
1449,m-Xylene,1.973127854,108-38-3,CC1=CC(=CC=C1)C,2,,https://doi.org/10.1016/0043-1354(83)90098-2,alkane,Aliphatic hydrocarbons,"InChI=1S/C8H10/c1-7-4-3-5-8(2)6-7/h3-6H,1-2H3",IVSZLXZYQVIEFR-UHFFFAOYSA-N
1450,m-xylene,1.973127854,108-38-3,CC1=CC(=CC=C1)C,2,,10.1016/0043-1354(83)90098-2,alkane,Aliphatic hydrocarbons,"InChI=1S/C8H10/c1-7-4-3-5-8(2)6-7/h3-6H,1-2H3",IVSZLXZYQVIEFR-UHFFFAOYSA-N
1451,m-xylene,1.973127854,108-38-3,CC1=CC(=CC=C1)C,,,10.1016/0043-1354(83)90098-2,alkane,Aliphatic hydrocarbons,"InChI=1S/C8H10/c1-7-4-3-5-8(2)6-7/h3-6H,1-2H3",IVSZLXZYQVIEFR-UHFFFAOYSA-N
1452,maleic acid,3.342422681,110-16-7,C(=C\C(=O)O)\C(=O)O,6,20,https://pubs.acs.org/doi/10.1021/acs.est.4c07119,halogenated,Halogenated organics,"InChI=1S/C4H4O4/c5-3(6)1-2-4(7)8/h1-2H,(H,5,6)(H,7,8)/b2-1-",VZCYOOQTPOCHFL-UPHRSURJSA-N
1453,maleic acid,3.716003344,110-16-7,C(=C\C(=O)O)\C(=O)O,7.8,20,https://pubs.acs.org/doi/10.1021/acs.est.4c07119,halogenated,Halogenated organics,"InChI=1S/C4H4O4/c5-3(6)1-2-4(7)8/h1-2H,(H,5,6)(H,7,8)/b2-1-",VZCYOOQTPOCHFL-UPHRSURJSA-N
1454,maleic acid,3.073064018,110-16-7,C(=C\C(=O)O)\C(=O)O,,,doi.org/10.1016/j.watres.2012.06.006,halogenated,Halogenated organics,"InChI=1S/C4H4O4/c5-3(6)1-2-4(7)8/h1-2H,(H,5,6)(H,7,8)/b2-1-",VZCYOOQTPOCHFL-UPHRSURJSA-N
1455,maleic acid,2.986771734,110-16-7,C(=C\C(=O)O)\C(=O)O,1.7,,https://doi.org/10.1021/acs.est.4c07119,halogenated,Halogenated organics,"InChI=1S/C4H4O4/c5-3(6)1-2-4(7)8/h1-2H,(H,5,6)(H,7,8)/b2-1-",VZCYOOQTPOCHFL-UPHRSURJSA-N
1456,maleic acid,3.204119983,110-16-7,C(=C\C(=O)O)\C(=O)O,2.3,,https://doi.org/10.1021/acs.est.4c07119,halogenated,Halogenated organics,"InChI=1S/C4H4O4/c5-3(6)1-2-4(7)8/h1-2H,(H,5,6)(H,7,8)/b2-1-",VZCYOOQTPOCHFL-UPHRSURJSA-N
1457,maleic acid,3.342422681,110-16-7,C(=C\C(=O)O)\C(=O)O,3,,https://doi.org/10.1021/acs.est.4c07119,halogenated,Halogenated organics,"InChI=1S/C4H4O4/c5-3(6)1-2-4(7)8/h1-2H,(H,5,6)(H,7,8)/b2-1-",VZCYOOQTPOCHFL-UPHRSURJSA-N
1458,maleic acid,3.69019608,110-16-7,C(=C\C(=O)O)\C(=O)O,7,,https://doi.org/10.1021/acs.est.4c07119,halogenated,Halogenated organics,"InChI=1S/C4H4O4/c5-3(6)1-2-4(7)8/h1-2H,(H,5,6)(H,7,8)/b2-1-",VZCYOOQTPOCHFL-UPHRSURJSA-N
1459,maleic acid,3.716003344,110-16-7,C(=C\C(=O)O)\C(=O)O,7.8,,https://doi.org/10.1021/acs.est.4c07119,halogenated,Halogenated organics,"InChI=1S/C4H4O4/c5-3(6)1-2-4(7)8/h1-2H,(H,5,6)(H,7,8)/b2-1-",VZCYOOQTPOCHFL-UPHRSURJSA-N
1460,maleic acid,3.69019608,110-16-7,C(=C\C(=O)O)\C(=O)O,7,20,https://pubs.acs.org/doi/10.1021/acs.est.4c07119,halogenated,Halogenated organics,"InChI=1S/C4H4O4/c5-3(6)1-2-4(7)8/h1-2H,(H,5,6)(H,7,8)/b2-1-",VZCYOOQTPOCHFL-UPHRSURJSA-N
1461,maleic acid,3.568201724,110-16-7,C(=C\C(=O)O)\C(=O)O,6,,https://doi.org/10.1021/acs.est.4c07119,halogenated,Halogenated organics,"InChI=1S/C4H4O4/c5-3(6)1-2-4(7)8/h1-2H,(H,5,6)(H,7,8)/b2-1-",VZCYOOQTPOCHFL-UPHRSURJSA-N
1462,maleic acid,2.301029996,110-16-7,C(=C\C(=O)O)\C(=O)O,3,20,https://pubs.acs.org/doi/10.1021/acs.est.4c07119,halogenated,Halogenated organics,"InChI=1S/C4H4O4/c5-3(6)1-2-4(7)8/h1-2H,(H,5,6)(H,7,8)/b2-1-",VZCYOOQTPOCHFL-UPHRSURJSA-N
1463,maleic acid,2.986771734,110-16-7,C(=C\C(=O)O)\C(=O)O,1.7,20,https://pubs.acs.org/doi/10.1021/acs.est.4c07119,halogenated,Halogenated organics,"InChI=1S/C4H4O4/c5-3(6)1-2-4(7)8/h1-2H,(H,5,6)(H,7,8)/b2-1-",VZCYOOQTPOCHFL-UPHRSURJSA-N
1464,maleimide,3.62324929,541-59-3,C1=CC(=O)NC1=O,7,,10.1039/C9EW01078E,cyclo,Aromatic & PAHs,"InChI=1S/C4H3NO2/c6-3-1-2-4(7)5-3/h1-2H,(H,5,6,7)",PEEHTFAAVSWFBL-UHFFFAOYSA-N
1465,mecoprop,1.088029718,7085-19-0,CC1=C(C=CC(=C1)Cl)OC(C)C(=O)O,2,,10.1080/01919519208552274,alcohol,Oxygenated organics,"InChI=1S/C10H11ClO3/c1-6-5-8(11)3-4-9(6)14-7(2)10(12)13/h3-5,7H,1-2H3,(H,12,13)",WNTGYJSOUMFZEP-UHFFFAOYSA-N
1466,mecoprop,2.05,7085-19-0,CC1=C(C=CC(=C1)Cl)OC(C)C(=O)O,7,,10.1080/01919519208552274,alcohol,Oxygenated organics,"InChI=1S/C10H11ClO3/c1-6-5-8(11)3-4-9(6)14-7(2)10(12)13/h3-5,7H,1-2H3,(H,12,13)",WNTGYJSOUMFZEP-UHFFFAOYSA-N
1467,mecoprop,1.08803,37341-10-9,Cc1cc(Cl)ccc1O[C@@H](C)C(=O)O,2,,https://doi.org/10.1016/j.jece.2024.112473,benzene,Aromatic & PAHs,"InChI=1S/C10H11ClO3/c1-6-5-8(11)3-4-9(6)14-7(2)10(12)13/h3-5,7H,1-2H3,(H,12,13)/t7-/m0/s1",WNTGYJSOUMFZEP-ZETCQYMHSA-N
1468,mecoprop,2.05,37341-10-9,Cc1cc(Cl)ccc1O[C@@H](C)C(=O)O,7,,https://doi.org/10.1016/j.jece.2024.112473,benzene,Aromatic & PAHs,"InChI=1S/C10H11ClO3/c1-6-5-8(11)3-4-9(6)14-7(2)10(12)13/h3-5,7H,1-2H3,(H,12,13)/t7-/m0/s1",WNTGYJSOUMFZEP-ZETCQYMHSA-N
1469,medroxyprogesterone,2.73,2128317-86-0,CC(=O)[C@@]1(O)CC[C@H]2[C@@H]3C[C@H](C)C4=CC(=O)CC[C@]4(C)[C@H]3CC[C@@]21C,7.1,,https://doi.org/10.1016/j.jece.2024.112473,alkane,Aliphatic hydrocarbons,"InChI=1S/C22H32O3/c1-13-11-16-17(20(3)8-5-15(24)12-19(13)20)6-9-21(4)18(16)7-10-22(21,25)14(2)23/h12-13,16-18,25H,5-11H2,1-4H3/t13-,16+,17-,18-,20+,21-,22-/m0/s1",FRQMUZJSZHZSGN-HBNHAYAOSA-N
1470,medroxyprogesterone,2.746634,2128317-86-0,CC(=O)[C@@]1(O)CC[C@H]2[C@@H]3C[C@H](C)C4=CC(=O)CC[C@]4(C)[C@H]3CC[C@@]21C,8.1,,https://doi.org/10.1016/j.jece.2024.112473,alkane,Aliphatic hydrocarbons,"InChI=1S/C22H32O3/c1-13-11-16-17(20(3)8-5-15(24)12-19(13)20)6-9-21(4)18(16)7-10-22(21,25)14(2)23/h12-13,16-18,25H,5-11H2,1-4H3/t13-,16+,17-,18-,20+,21-,22-/m0/s1",FRQMUZJSZHZSGN-HBNHAYAOSA-N
1471,medroxyprogesterone,2.73,520-85-4,C[C@H]1C[C@@H]2[C@H](CC[C@]3([C@H]2CC[C@@]3(C(=O)C)O)C)[C@@]4(C1=CC(=O)CC4)C,7.1,,10.1016/j.scitotenv.2020.136816,halogenated,Halogenated organics,"InChI=1S/C22H32O3/c1-13-11-16-17(20(3)8-5-15(24)12-19(13)20)6-9-21(4)18(16)7-10-22(21,25)14(2)23/h12-13,16-18,25H,5-11H2,1-4H3/t13-,16+,17-,18-,20+,21-,22-/m0/s1",FRQMUZJSZHZSGN-HBNHAYAOSA-N
1472,medroxyprogesterone,2.746634199,520-85-4,C[C@H]1C[C@@H]2[C@H](CC[C@]3([C@H]2CC[C@@]3(C(=O)C)O)C)[C@@]4(C1=CC(=O)CC4)C,8.1,,10.1016/j.scitotenv.2020.136816,halogenated,Halogenated organics,"InChI=1S/C22H32O3/c1-13-11-16-17(20(3)8-5-15(24)12-19(13)20)6-9-21(4)18(16)7-10-22(21,25)14(2)23/h12-13,16-18,25H,5-11H2,1-4H3/t13-,16+,17-,18-,20+,21-,22-/m0/s1",FRQMUZJSZHZSGN-HBNHAYAOSA-N
1473,meta-phenylphenol,2.767155866,947-84-2,OC(C1=CC=CC=C1C2=CC=CC=C2)=O,,,10.2478/s11696-013-0325-9,alcohol,Oxygenated organics,"InChI=1S/C13H10O2/c14-13(15)12-9-5-4-8-11(12)10-6-2-1-3-7-10/h1-9H,(H,14,15)",ILYSAKHOYBPSPC-UHFFFAOYSA-N
1474,metformin,0.08,657-24-9,CN(C)C(=N)N=C(N)N,7,,10.1016/j.scitotenv.2020.136816,halogenated,Halogenated organics,"InChI=1S/C4H11N5/c1-9(2)4(7)8-3(5)6/h1-2H3,(H5,5,6,7,8)",XZWYZXLIPXDOLR-UHFFFAOYSA-N
1475,methacrylic acid,1.358210367,79-41-4,CC(=C)C(=O)O,,,doi.org/10.1016/j.watres.2012.06.006,alkane,Aliphatic hydrocarbons,"InChI=1S/C4H6O2/c1-3(2)4(5)6/h1H2,2H3,(H,5,6)",CERQOIWHTDAKMF-UHFFFAOYSA-N
1476,methacrylic acid (anion),6.568201724,18358-13-9,CC(C([O-])=O)=C,,,doi.org/10.1016/j.watres.2012.06.006,alkane,Aliphatic hydrocarbons,"InChI=1S/C4H6O2/c1-3(2)4(5)6/h1H2,2H3,(H,5,6)/p-1",CERQOIWHTDAKMF-UHFFFAOYSA-M
1477,methanol,-1.61979,50-00-0,C=O,5,,https://doi.org/10.1016/j.jece.2024.112473,halogenated,Halogenated organics,InChI=1S/CH2O/c1-2/h1H2,WSFSSNUMVMOOMR-UHFFFAOYSA-N
1478,methicillin,4.59,7246-14-2,COc1cccc(OC)c1C(=O)N[C@H]1C(=O)N2[C@@H](C(=O)[O-])C(C)(C)S[C@@H]12.[Na+],7,,https://doi.org/10.1016/j.jece.2024.112473,"sulfide, disulfide",Sulfur-containing organics,"InChI=1S/C17H20N2O6S.Na/c1-17(2)12(16(22)23)19-14(21)11(15(19)26-17)18-13(20)10-8(24-3)6-5-7-9(10)25-4;/h5-7,11-12,15H,1-4H3,(H,18,20)(H,22,23);/q;+1/p-1/t11-,12-,15-;/m0./s1",MGFZNWDWOKASQZ-XIQFXCCNSA-M
1479,methicillin,4.59,61-32-5,CC1([C@@H](N2[C@H](S1)[C@@H](C2=O)NC(=O)C3=C(C=CC=C3OC)OC)C(=O)O)C,7,,10.1016/j.scitotenv.2020.136816,alcohol,Oxygenated organics,"InChI=1S/C17H20N2O6S/c1-17(2)12(16(22)23)19-14(21)11(15(19)26-17)18-13(20)10-8(24-3)6-5-7-9(10)25-4/h5-7,11-12,15H,1-4H3,(H,18,20)(H,22,23)/t11-,12+,15-/m1/s1",RJQXTJLFIWVMTO-TYNCELHUSA-N
1480,methyl nitroacetate,2.174641193,2483-57-0,COC(=O)C[N+](=O)[O-],7,,10.1016/j.watres.2017.05.074,alcohol,Oxygenated organics,"InChI=1S/C3H5NO4/c1-8-3(5)2-4(6)7/h2H2,1H3",ALBSWLMUHHZLLR-UHFFFAOYSA-N
1481,methyl-isothiazolinone,2.301897717,2682-20-4,CN1C(=O)C=CS1,,,10.1016/j.jhazmat.2019.121898,"sulfide, disulfide",Sulfur-containing organics,"InChI=1S/C4H5NOS/c1-5-4(6)2-3-7-5/h2-3H,1H3",BEGLCMHJXHIJLR-UHFFFAOYSA-N
1482,methyl-t-butylether,1.43,1634-04-4,CC(C)(C)OC,7.2,,doi.org/10.1016/j.watres.2012.06.006,alcohol,Oxygenated organics,"InChI=1S/C5H12O/c1-5(2,3)6-4/h1-4H3",BZLVMXJERCGZMT-UHFFFAOYSA-N
1483,methylchloramine,2.908485019,6154-14-9,ClNC,,,doi.org/10.1016/j.watres.2012.06.006,halogenated,Halogenated organics,"InChI=1S/CH4ClN/c1-3-2/h3H,1H3",QXJIABOUHLYVHP-UHFFFAOYSA-N
1484,methylparaben,9.008600172,99-76-3,COC(=O)C1=CC=C(C=C1)O,12,,10.1016/j.chemosphere.2010.09.004,alcohol,Oxygenated organics,"InChI=1S/C8H8O3/c1-11-8(10)6-2-4-7(9)5-3-6/h2-5,9H,1H3",LXCFILQKKLGQFO-UHFFFAOYSA-N
1485,methylparaben,6.34,99-76-3,COC(=O)C1=CC=C(C=C1)O,7,,10.1016/j.chemosphere.2010.09.004,alcohol,Oxygenated organics,"InChI=1S/C8H8O3/c1-11-8(10)6-2-4-7(9)5-3-6/h2-5,9H,1H3",LXCFILQKKLGQFO-UHFFFAOYSA-N
1486,methylparaben,5.397940009,99-76-3,COC(=O)C1=CC=C(C=C1)O,6,,10.1016/j.chemosphere.2010.09.004,alcohol,Oxygenated organics,"InChI=1S/C8H8O3/c1-11-8(10)6-2-4-7(9)5-3-6/h2-5,9H,1H3",LXCFILQKKLGQFO-UHFFFAOYSA-N
1487,methylparaben,2.51851394,99-76-3,COC(=O)C1=CC=C(C=C1)O,2,,10.1016/j.chemosphere.2010.09.004,alcohol,Oxygenated organics,"InChI=1S/C8H8O3/c1-11-8(10)6-2-4-7(9)5-3-6/h2-5,9H,1H3",LXCFILQKKLGQFO-UHFFFAOYSA-N
1488,metolachlor,0.308,171118-09-5,CCc1cccc(C)c1N(C(=O)CCl)[C@@H](C)COC,,,https://doi.org/10.1016/j.jece.2024.112473,alcohol,Oxygenated organics,"InChI=1S/C15H22ClNO2/c1-5-13-8-6-7-11(2)15(13)17(14(18)9-16)12(3)10-19-4/h6-8,12H,5,9-10H2,1-4H3/t12-/m0/s1",WVQBLGZPHOPPFO-LBPRGKRZSA-N
1489,metolachlor,0.045322979,51218-45-2,CCC1=CC=CC(=C1N(C(C)COC)C(=O)CCl)C,,,10.1021/ie030229y,alcohol,Oxygenated organics,"InChI=1S/C15H22ClNO2/c1-5-13-8-6-7-11(2)15(13)17(14(18)9-16)12(3)10-19-4/h6-8,12H,5,9-10H2,1-4H3",WVQBLGZPHOPPFO-UHFFFAOYSA-N
1490,metronidazole,2.4,443-48-1,CC1=NC=C(N1CCO)[N+](=O)[O-],7,,10.1016/j.scitotenv.2020.136816,alkane,Aliphatic hydrocarbons,"InChI=1S/C6H9N3O3/c1-5-7-4-6(9(11)12)8(5)2-3-10/h4,10H,2-3H2,1H3",VAOCPAMSLUNLGC-UHFFFAOYSA-N
1491,monoethyl ester,-2.522878745,2306-33-4,OC(C1=CC=CC=C1C(OCC)=O)=O,3.8~4.5,,https://doi.org/10.1016/0043-1354(83)90098-2,diol,Polyfunctional / highly functionalized,"InChI=1S/C10H10O4/c1-2-14-10(13)8-6-4-3-5-7(8)9(11)12/h3-6H,2H2,1H3,(H,11,12)",YWWHKOHZGJFMIE-UHFFFAOYSA-N
1492,muconic acid,4.204119983,1119-72-8,C(=C/C(=O)O)\C=C\C(=O)O,,,doi.org/10.1016/j.watres.2012.06.006,halogenated,Halogenated organics,"InChI=1S/C6H6O4/c7-5(8)3-1-2-4-6(9)10/h1-4H,(H,7,8)(H,9,10)/b3-1+,4-2+",TXXHDPDFNKHHGW-ZPUQHVIOSA-N
1493,muconic acid,4.204119983,1119-72-8,C(=C/C(=O)O)\C=C\C(=O)O,3,,doi.org/10.1016/j.watres.2012.06.006,halogenated,Halogenated organics,"InChI=1S/C6H6O4/c7-5(8)3-1-2-4-6(9)10/h1-4H,(H,7,8)(H,9,10)/b3-1+,4-2+",TXXHDPDFNKHHGW-ZPUQHVIOSA-N
1494,muconic acid,5.148064018,1119-72-8,C(=C/C(=O)O)\C=C\C(=O)O,7,,doi.org/10.1016/j.watres.2012.06.006,halogenated,Halogenated organics,"InChI=1S/C6H6O4/c7-5(8)3-1-2-4-6(9)10/h1-4H,(H,7,8)(H,9,10)/b3-1+,4-2+",TXXHDPDFNKHHGW-ZPUQHVIOSA-N
1495,n-Butanol,-0.236572006,1219794-84-9,CCCCO,2,,10.1016/0043-1354(83)90098-2,alkane,Aliphatic hydrocarbons,"InChI=1S/C4H10O/c1-2-3-4-5/h5H,2-4H2,1H3",LRHPLDYGYMQRHN-UHFFFAOYSA-N
1496,n-Butanol,-0.338270817,1219794-84-9,CCCCO,,,10.1016/0043-1354(83)90098-2,alkane,Aliphatic hydrocarbons,"InChI=1S/C4H10O/c1-2-3-4-5/h5H,2-4H2,1H3",LRHPLDYGYMQRHN-UHFFFAOYSA-N
1497,n-C3H7CO2-,-2.22184875,461-55-2,CCCC([O-])=O,2~4,,NIST,alkane,Aliphatic hydrocarbons,"InChI=1S/C4H8O2/c1-2-3-4(5)6/h2-3H2,1H3,(H,5,6)/p-1",FERIUCNNQQJTOY-UHFFFAOYSA-M
1498,n-Octanal,0.903089987,124-13-0,CCCCCCCC=O,1.8-5,,https://doi.org/10.1016/0043-1354(83)90098-2,alkane,Aliphatic hydrocarbons,"InChI=1S/C8H16O/c1-2-3-4-5-6-7-8-9/h8H,2-7H2,1H3",NUJGJRNETVAIRJ-UHFFFAOYSA-N
1499,n-Octanal,0.90309,99178-22-0,CCCCCCCC=O,3.4,,https://doi.org/10.1016/j.jece.2024.112473,alkane,Aliphatic hydrocarbons,"InChI=1S/C8H16O/c1-2-3-4-5-6-7-8-9/h8H,2-7H2,1H3",NUJGJRNETVAIRJ-UHFFFAOYSA-N
1500,n-Octanal,0.903089987,124-13-0,CCCCCCCC=O,3.4,,doi.org/10.1016/j.watres.2012.06.006,alkane,Aliphatic hydrocarbons,"InChI=1S/C8H16O/c1-2-3-4-5-6-7-8-9/h8H,2-7H2,1H3",NUJGJRNETVAIRJ-UHFFFAOYSA-N
1501,n-Octanal,0.903089987,124-13-0,CCCCCCCC=O,,,doi.org/10.1016/j.watres.2012.06.006,alkane,Aliphatic hydrocarbons,"InChI=1S/C8H16O/c1-2-3-4-5-6-7-8-9/h8H,2-7H2,1H3",NUJGJRNETVAIRJ-UHFFFAOYSA-N
1502,n-Propylacetate,-1.522878745,10023-74-2,CCCCC(=O)[O-],2,,https://doi.org/10.1016/0043-1354(83)90098-2,alkane,Aliphatic hydrocarbons,"InChI=1S/C5H10O2/c1-2-3-4-5(6)7/h2-4H2,1H3,(H,6,7)/p-1",NQPDZGIKBAWPEJ-UHFFFAOYSA-M
1503,n-Propylacetate,-1.522878745,10023-74-2,CCCCC(=O)[O-],2,,10.1016/0043-1354(83)90098-2,alkane,Aliphatic hydrocarbons,"InChI=1S/C5H10O2/c1-2-3-4-5(6)7/h2-4H2,1H3,(H,6,7)/p-1",NQPDZGIKBAWPEJ-UHFFFAOYSA-M
1504,n-butylamine,5.230448921,109-73-9,CCCCN,8,,10.1080/01919519908547257,alkane,Aliphatic hydrocarbons,"InChI=1S/C4H11N/c1-2-3-4-5/h2-5H2,1H3",HQABUPZFAYXKJW-UHFFFAOYSA-N
1505,n-butylamine,5.130448921,109-73-9,CCCCN,,,10.1080/01919519908547257,alkane,Aliphatic hydrocarbons,"InChI=1S/C4H11N/c1-2-3-4-5/h2-5H2,1H3",HQABUPZFAYXKJW-UHFFFAOYSA-N
1506,naphthalene,3.477121255,91-20-3,C1=CC=C2C=CC=CC2=C1,2,,10.1016/j.scitotenv.2020.136816,cyclo,Aromatic & PAHs,InChI=1S/C10H8/c1-2-6-10-8-4-3-7-9(10)5-1/h1-8H,UFWIBTONFRDIAS-UHFFFAOYSA-N
1507,naphthalene,3.58,91-20-3,C1=CC=C2C=CC=CC2=C1,7,,10.1016/j.scitotenv.2020.136816,cyclo,Aromatic & PAHs,InChI=1S/C10H8/c1-2-6-10-8-4-3-7-9(10)5-1/h1-8H,UFWIBTONFRDIAS-UHFFFAOYSA-N
1508,"naphthalene-1,3,6-trisulfonic acid",0.826074803,86-66-8,C1=CC2=C(C=C(C=C2C=C1S(=O)(=O)O)S(=O)(=O)O)S(=O)(=O)O,,,doi.org/10.1016/j.watres.2012.06.006,diol,Polyfunctional / highly functionalized,"InChI=1S/C10H8O9S3/c11-20(12,13)7-1-2-9-6(3-7)4-8(21(14,15)16)5-10(9)22(17,18)19/h1-5H,(H,11,12,13)(H,14,15,16)(H,17,18,19)",ZPBSAMLXSQCSOX-UHFFFAOYSA-N
1509,"naphthalene-1,5-disulfonic acid",1.372912003,81-04-9,C1=CC2=C(C=CC=C2S(=O)(=O)O)C(=C1)S(=O)(=O)O,,,doi.org/10.1016/j.watres.2012.06.006,"sulfide, disulfide",Sulfur-containing organics,"InChI=1S/C10H8O6S2/c11-17(12,13)9-5-1-3-7-8(9)4-2-6-10(7)18(14,15)16/h1-6H,(H,11,12,13)(H,14,15,16)",XTEGVFVZDVNBPF-UHFFFAOYSA-N
1510,naphthenic acids,0.401995788,1338-24-5,O=C(O)CCC1CC(CC)CC1,,,10.1007/s11270-015-2600-6,cyclo,Aromatic & PAHs,"InChI=1S/C10H18O2/c1-2-8-3-4-9(7-8)5-6-10(11)12/h8-9H,2-7H2,1H3,(H,11,12)",WVRFSLWCFASCIS-UHFFFAOYSA-N
1511,naproxen,4.924279286,22204-53-1,C[C@@H](C1=CC2=C(C=C1)C=C(C=C2)OC)C(=O)O,5,,doi.org/10.1016/j.watres.2012.06.006,alcohol,Oxygenated organics,"InChI=1S/C14H14O3/c1-9(14(15)16)10-3-4-12-8-13(17-2)6-5-11(12)7-10/h3-9H,1-2H3,(H,15,16)/t9-/m0/s1",CMWTZPSULFXXJA-VIFPVBQESA-N
1512,naproxen,4.414973348,22204-53-1,C[C@@H](C1=CC2=C(C=C1)C=C(C=C2)OC)C(=O)O,2.5,,doi.org/10.1016/j.watres.2012.06.006,alcohol,Oxygenated organics,"InChI=1S/C14H14O3/c1-9(14(15)16)10-3-4-12-8-13(17-2)6-5-11(12)7-10/h3-9H,1-2H3,(H,15,16)/t9-/m0/s1",CMWTZPSULFXXJA-VIFPVBQESA-N
1513,naproxen,5.332874761,22204-53-1,C[C@@H](C1=CC2=C(C=C1)C=C(C=C2)OC)C(=O)O,,,doi.org/10.1016/j.watres.2012.06.006,alcohol,Oxygenated organics,"InChI=1S/C14H14O3/c1-9(14(15)16)10-3-4-12-8-13(17-2)6-5-11(12)7-10/h3-9H,1-2H3,(H,15,16)/t9-/m0/s1",CMWTZPSULFXXJA-VIFPVBQESA-N
1514,naproxen,5.332874761,22204-53-1,C[C@@H](C1=CC2=C(C=C1)C=C(C=C2)OC)C(=O)O,7,,doi.org/10.1016/j.watres.2012.06.006,alcohol,Oxygenated organics,"InChI=1S/C14H14O3/c1-9(14(15)16)10-3-4-12-8-13(17-2)6-5-11(12)7-10/h3-9H,1-2H3,(H,15,16)/t9-/m0/s1",CMWTZPSULFXXJA-VIFPVBQESA-N
1515,naproxen,5.477121255,22204-53-1,C[C@@H](C1=CC2=C(C=C1)C=C(C=C2)OC)C(=O)O,9,,doi.org/10.1016/j.watres.2012.06.006,alcohol,Oxygenated organics,"InChI=1S/C14H14O3/c1-9(14(15)16)10-3-4-12-8-13(17-2)6-5-11(12)7-10/h3-9H,1-2H3,(H,15,16)/t9-/m0/s1",CMWTZPSULFXXJA-VIFPVBQESA-N
1516,nitrilotriacetic acid,5.991226076,18662-53-8,C(C(=O)O)N(CC(=O)O)CC(=O)O,,,doi.org/10.1016/j.watres.2012.06.006,diol,Polyfunctional / highly functionalized,"InChI=1S/C6H9NO6/c8-4(9)1-7(2-5(10)11)3-6(12)13/h1-3H2,(H,8,9)(H,10,11)(H,12,13)",MGFYIUFZLHCRTH-UHFFFAOYSA-N
1517,nitrilotriacetic acid,5.99,18662-53-8,C(C(=O)O)N(CC(=O)O)CC(=O)O,7,,doi.org/10.1016/j.watres.2012.06.006,diol,Polyfunctional / highly functionalized,"InChI=1S/C6H9NO6/c8-4(9)1-7(2-5(10)11)3-6(12)13/h1-3H2,(H,8,9)(H,10,11)(H,12,13)",MGFYIUFZLHCRTH-UHFFFAOYSA-N
1518,nitrilotriacetic acid,5.99,1391068-21-5,O=C(O)CN(CC(=O)O)CC(=O)O,7,,https://doi.org/10.1016/j.jece.2024.112473,diol,Polyfunctional / highly functionalized,"InChI=1S/C6H9NO6/c8-4(9)1-7(2-5(10)11)3-6(12)13/h1-3H2,(H,8,9)(H,10,11)(H,12,13)",MGFYIUFZLHCRTH-UHFFFAOYSA-N
1519,nitrite ion,5.568201724,14797-65-0,N(=O)[O-],,,10.1080/01919512.1995.10555774,amine,Nitrogen-containing organics,"InChI=1S/HNO2/c2-1-3/h(H,2,3)/p-1",IOVCWXUNBOPUCH-UHFFFAOYSA-M
1520,nonylphenol,5.44713,84852-15-3,CCCCCCCCCc1ccccc1O,,,https://doi.org/10.1016/j.jece.2024.112473,benzene,Aromatic & PAHs,"InChI=1S/C15H24O/c1-2-3-4-5-6-7-8-11-14-12-9-10-13-15(14)16/h9-10,12-13,16H,2-8,11H2,1H3",SNQQPOLDUKLAAF-UHFFFAOYSA-N
1521,norethindrone,3.345373731,68-22-4,C[C@]12CC[C@H]3[C@H]([C@@H]1CC[C@]2(C#C)O)CCC4=CC(=O)CC[C@H]34,8.1,,10.1016/j.watres.2009.07.031,halogenated,Halogenated organics,"InChI=1S/C20H26O2/c1-3-20(22)11-9-18-17-6-4-13-12-14(21)5-7-15(13)16(17)8-10-19(18,20)2/h1,12,15-18,22H,4-11H2,2H3/t15-,16+,17+,18-,19-,20-/m0/s1",VIKNJXKGJWUCNN-XGXHKTLJSA-N
1522,norfloxacin,5.51,70458-96-7,CCN1C=C(C(=O)C2=CC(=C(C=C21)N3CCNCC3)F)C(=O)O,7,,10.1016/j.scitotenv.2020.136816,alkane,Aliphatic hydrocarbons,"InChI=1S/C16H18FN3O3/c1-2-19-9-11(16(22)23)15(21)10-7-12(17)14(8-13(10)19)20-5-3-18-4-6-20/h7-9,18H,2-6H2,1H3,(H,22,23)",OGJPXUAPXNRGGI-UHFFFAOYSA-N
1523,nortriptyline,4.477843875,72-69-5,CNCCC=C1C2=CC=CC=C2CCC3=CC=CC=C31,,,10.1016/j.scitotenv.2020.136816,cyclo,Aromatic & PAHs,"InChI=1S/C19H21N/c1-20-14-6-11-19-17-9-4-2-7-15(17)12-13-16-8-3-5-10-18(16)19/h2-5,7-11,20H,6,12-14H2,1H3",PHVGLTMQBUFIQQ-UHFFFAOYSA-N
1524,nortriptyline,3.44,72-69-5,CNCCC=C1C2=CC=CC=C2CCC3=CC=CC=C31,7,,10.1016/j.scitotenv.2020.136816,cyclo,Aromatic & PAHs,"InChI=1S/C19H21N/c1-20-14-6-11-19-17-9-4-2-7-15(17)12-13-16-8-3-5-10-18(16)19/h2-5,7-11,20H,6,12-14H2,1H3",PHVGLTMQBUFIQQ-UHFFFAOYSA-N
1525,o-Hydroxyaniline,7.255272505,27598-85-2,C1=CC=C(C(=C1)N)O,7,,10.1021/acs.iecr.9b00337,halogenated,Halogenated organics,"InChI=1S/C6H7NO/c7-5-3-1-2-4-6(5)8/h1-4,8H,7H2",CDAWCLOXVUBKRW-UHFFFAOYSA-N
1526,o-Nitroaniline,-0.5385,88-74-4,C1=CC=C(C(=C1)N)[N+](=O)[O-],,,10.1016/j.chemosphere.2014.05.068,halogenated,Halogenated organics,"InChI=1S/C6H6N2O2/c7-5-3-1-2-4-6(5)8(9)10/h1-4H,7H2",DPJCXCZTLWNFOH-UHFFFAOYSA-N
1527,o-Xylene,1.954242509,95-47-6,CC1=CC=CC=C1C,,,https://doi.org/10.1016/0043-1354(83)90098-2,cyclo,Aromatic & PAHs,"InChI=1S/C8H10/c1-7-5-3-4-6-8(7)2/h3-6H,1-2H3",CTQNGGLPUBDAKN-UHFFFAOYSA-N
1528,o-Xylene,1.954242509,95-47-6,CC1=CC=CC=C1C,1.7-5,,https://doi.org/10.1016/0043-1354(83)90098-2,cyclo,Aromatic & PAHs,"InChI=1S/C8H10/c1-7-5-3-4-6-8(7)2/h3-6H,1-2H3",CTQNGGLPUBDAKN-UHFFFAOYSA-N
1529,o-cresol,5.88,68400-73-7,Cc1ccccc1O,,,https://doi.org/10.1016/j.jece.2024.112473,benzene,Aromatic & PAHs,"InChI=1S/C7H8O/c1-6-4-2-3-5-7(6)8/h2-5,8H,1H3",QWVGKYWNOKOFNN-UHFFFAOYSA-N
1530,o-phenylphenol,2.61203074,90-43-7,C1=CC=C(C=C1)C2=CC=CC=C2O,2,,doi.org/10.1016/j.watres.2012.06.006,cyclo,Aromatic & PAHs,"InChI=1S/C12H10O/c13-12-9-5-4-8-11(12)10-6-2-1-3-7-10/h1-9,13H",LLEMOWNGBBNAJR-UHFFFAOYSA-N
1531,o-xylene,1.954242509,95-47-6,CC1=CC=CC=C1C,3.4,,10.1016/0043-1354(83)90098-2,cyclo,Aromatic & PAHs,"InChI=1S/C8H10/c1-7-5-3-4-6-8(7)2/h3-6H,1-2H3",CTQNGGLPUBDAKN-UHFFFAOYSA-N
1532,o-xylene,1.954242509,95-47-6,CC1=CC=CC=C1C,,,10.1016/0043-1354(83)90098-2,cyclo,Aromatic & PAHs,"InChI=1S/C8H10/c1-7-5-3-4-6-8(7)2/h3-6H,1-2H3",CTQNGGLPUBDAKN-UHFFFAOYSA-N
1533,octinoxate,4.720159303,5466-77-3,CCCCC(CC)COC(=O)/C=C/C1=CC=C(C=C1)OC,,,10.1016/j.jhazmat.2017.05.016,diol,Polyfunctional / highly functionalized,"InChI=1S/C18H26O3/c1-4-6-7-15(5-2)14-21-18(19)13-10-16-8-11-17(20-3)12-9-16/h8-13,15H,4-7,14H2,1-3H3/b13-10+",YBGZDTIWKVFICR-JLHYYAGUSA-N
1534,octocrylene,2.198657087,6197-30-4,CCCCC(CC)COC(=O)C(=C(C1=CC=CC=C1)C2=CC=CC=C2)C#N,,,10.1016/j.jhazmat.2017.05.016,alcohol,Oxygenated organics,"InChI=1S/C24H27NO2/c1-3-5-12-19(4-2)18-27-24(26)22(17-25)23(20-13-8-6-9-14-20)21-15-10-7-11-16-21/h6-11,13-16,19H,3-5,12,18H2,1-2H3",FMJSMJQBSVNSBF-UHFFFAOYSA-N
1535,octylphenol,4.636487896,27193-28-8,CCCCCCCCC1=CC=CC=C1O,,,doi.org/10.1016/j.watres.2012.06.006,cyclo,Aromatic & PAHs,"InChI=1S/C14H22O/c1-2-3-4-5-6-7-10-13-11-8-9-12-14(13)15/h8-9,11-12,15H,2-7,10H2,1H3",DUIOKRXOKLLURE-UHFFFAOYSA-N
1536,ofloxacin,6.300514998,82419-36-1,CC1COC2=C3N1C=C(C(=O)C3=CC(=C2N4CCN(CC4)C)F)C(=O)O,7,,10.1016/j.jhazmat.2017.08.067,alcohol,Oxygenated organics,"InChI=1S/C18H20FN3O4/c1-10-9-26-17-14-11(16(23)12(18(24)25)8-22(10)14)7-13(19)15(17)21-5-3-20(2)4-6-21/h7-8,10H,3-6,9H2,1-2H3,(H,24,25)",GSDSWSVVBLHKDQ-UHFFFAOYSA-N
1537,oseltamivir acid,5.230448921,187227-45-8,CCC(CC)O[C@@H]1C=C(C[C@@H]([C@H]1NC(=O)C)N)C(=O)O,,,doi.org/10.1016/j.watres.2012.06.006,alkane,Aliphatic hydrocarbons,"InChI=1S/C14H24N2O4/c1-4-10(5-2)20-12-7-9(14(18)19)6-11(15)13(12)16-8(3)17/h7,10-13H,4-6,15H2,1-3H3,(H,16,17)(H,18,19)/t11-,12+,13+/m0/s1",NENPYTRHICXVCS-YNEHKIRRSA-N
1538,oxalic acid,-1.397940009,144-62-7,C(=O)(C(=O)O)O,,,10.1016/j.cej.2018.10.191,halogenated,Halogenated organics,"InChI=1S/C2H2O4/c3-1(4)2(5)6/h(H,3,4)(H,5,6)",MUBZPKHOEPUJKR-UHFFFAOYSA-N
1539,oxazole,3.875061263,233-70-5,C1=COC=N1,7,,https://doi.org/10.1021/acs.est.5c01323,alcohol,Oxygenated organics,InChI=1S/C3H3NO/c1-2-5-3-4-1/h1-3H,ZCQWOFVYLHDMMC-UHFFFAOYSA-N
1540,oxazole-4-carboxamide,3.322219295,23012-15-9,C1=C(N=CO1)C(=O)N,7,,https://doi.org/10.1021/acs.est.5c01323,halogenated,Halogenated organics,"InChI=1S/C4H4N2O2/c5-4(7)3-1-8-2-6-3/h1-2H,(H2,5,7)",VAELWSLNTRVXQS-UHFFFAOYSA-N
1541,oxytetracycline hydrochloride,6.839232727,2058-46-0,C[C@@]1([C@H]2[C@@H]([C@H]3[C@@H](C(=O)C(=C([C@]3(C(=O)C2=C(C4=C1C=CC=C4O)O)O)O)C(=O)N)N(C)C)O)O.Cl,7,,doi.org/10.1016/j.watres.2012.06.006,diol,Polyfunctional / highly functionalized,"InChI=1S/C22H24N2O9.ClH/c1-21(32)7-5-4-6-8(25)9(7)15(26)10-12(21)17(28)13-14(24(2)3)16(27)11(20(23)31)19(30)22(13,33)18(10)29;/h4-6,12-14,17,25-26,28,30,32-33H,1-3H3,(H2,23,31);1H/t12-,13-,14+,17+,21-,22+;/m1./s1",SVDOODSCHVSYEK-IFLJXUKPSA-N
1542,oxytetracycline hydrochloride,2.738780558,2058-46-0,C[C@@]1([C@H]2[C@@H]([C@H]3[C@@H](C(=O)C(=C([C@]3(C(=O)C2=C(C4=C1C=CC=C4O)O)O)O)C(=O)N)N(C)C)O)O.Cl,,,doi.org/10.1016/j.watres.2012.06.006,diol,Polyfunctional / highly functionalized,"InChI=1S/C22H24N2O9.ClH/c1-21(32)7-5-4-6-8(25)9(7)15(26)10-12(21)17(28)13-14(24(2)3)16(27)11(20(23)31)19(30)22(13,33)18(10)29;/h4-6,12-14,17,25-26,28,30,32-33H,1-3H3,(H2,23,31);1H/t12-,13-,14+,17+,21-,22+;/m1./s1",SVDOODSCHVSYEK-IFLJXUKPSA-N
1543,p-Aminobenzene sulfonic acid,-0.345,121-57-3,C1=CC(=CC=C1N)S(=O)(=O)O,,,10.1016/j.chemosphere.2014.05.068,"sulfide, disulfide",Sulfur-containing organics,"InChI=1S/C6H7NO3S/c7-5-1-3-6(4-2-5)11(8,9)10/h1-4H,7H2,(H,8,9,10)",HVBSAKJJOYLTQU-UHFFFAOYSA-N
1544,p-Aminobenzoic acid,5.929418926,150-13-0,C1=CC(=CC=C1C(=O)O)N,,,doi.org/10.1016/j.watres.2012.06.006,halogenated,Halogenated organics,"InChI=1S/C7H7NO2/c8-6-3-1-5(2-4-6)7(9)10/h1-4H,8H2,(H,9,10)",ALYNCZNDIQEVRV-UHFFFAOYSA-N
1545,p-CBA,-1.823908741,619-66-9,C1=CC(=CC=C1C=O)C(=O)O,,,https://doi.org/10.1080/01919519908547239,halogenated,Halogenated organics,"InChI=1S/C8H6O3/c9-5-6-1-3-7(4-2-6)8(10)11/h1-5H,(H,10,11)",GOUHYARYYWKXHS-UHFFFAOYSA-N
1546,p-Chloronitrobenzene,0.204119983,100-00-5,C1=CC(=CC=C1[N+](=O)[O-])Cl,,,10.1016/j.jhazmat.2007.08.009,halogenated,Halogenated organics,InChI=1S/C6H4ClNO2/c7-5-1-3-6(4-2-5)8(9)10/h1-4H,CZGCEKJOLUNIFY-UHFFFAOYSA-N
1547,p-Dichlorobenzene,0.477121255,106-46-7,C1=CC(=CC=C1Cl)Cl,,,https://doi.org/10.1016/0043-1354(83)90098-2,halogenated,Halogenated organics,InChI=1S/C6H4Cl2/c7-5-1-2-6(8)4-3-5/h1-4H,OCJBOOLMMGQPQU-UHFFFAOYSA-N
1548,p-Dimethylaminobenzaldehyde,0.629,100-10-7,CN(C)C1=CC=C(C=C1)C=O,,,10.1016/j.chemosphere.2014.05.068,halogenated,Halogenated organics,"InChI=1S/C9H11NO/c1-10(2)9-5-3-8(7-11)4-6-9/h3-7H,1-2H3",BGNGWHSBYQYVRX-UHFFFAOYSA-N
1549,p-Hydroxyaniline,5.892094603,123-30-8,C1=CC(=CC=C1N)O,,,doi.org/10.1016/j.watres.2012.06.006,halogenated,Halogenated organics,"InChI=1S/C6H7NO/c7-5-1-3-6(8)4-2-5/h1-4,8H,7H2",PLIKAWJENQZMHA-UHFFFAOYSA-N
1550,p-Methoxyaniline,6.041392685,104-94-9,COC1=CC=C(C=C1)N,,,doi.org/10.1016/j.watres.2012.06.006,alcohol,Oxygenated organics,"InChI=1S/C7H9NO/c1-9-7-4-2-6(8)3-5-7/h2-5H,8H2,1H3",BHAAPTBBJKJZER-UHFFFAOYSA-N
1551,p-Methylaniline,6.380211242,106-49-0,CC1=CC=C(C=C1)N,,,doi.org/10.1016/j.watres.2012.06.006,alkane,Aliphatic hydrocarbons,"InChI=1S/C7H9N/c1-6-2-4-7(8)5-3-6/h2-5H,8H2,1H3",RZXMPPFPUUCRFN-UHFFFAOYSA-N
1552,p-Phenylenediamine,6.113943352,106-50-3,C1=CC(=CC=C1N)N,,,doi.org/10.1016/j.watres.2012.06.006,halogenated,Halogenated organics,"InChI=1S/C6H8N2/c7-5-1-2-6(8)4-3-5/h1-4H,7-8H2",CBCKQZAAMUWICA-UHFFFAOYSA-N
1553,p-Phthalic acid,-0.079,100-21-0,C1=CC(=CC=C1C(=O)O)C(=O)O,,,10.1016/j.chemosphere.2014.05.068,halogenated,Halogenated organics,"InChI=1S/C8H6O4/c9-7(10)5-1-2-6(4-3-5)8(11)12/h1-4H,(H,9,10)(H,11,12)",KKEYFWRCBNTPAC-UHFFFAOYSA-N
1554,p-Xylene,2.146128036,106-42-3,CC1=CC=C(C=C1)C,2,,https://doi.org/10.1016/0043-1354(83)90098-2,alkane,Aliphatic hydrocarbons,"InChI=1S/C8H10/c1-7-3-5-8(2)6-4-7/h3-6H,1-2H3",URLKBWYHVLBVBO-UHFFFAOYSA-N
1555,p-chlorobenzoic acid,0.653212514,74-11-3,C1=CC(=CC=C1C(=O)O)Cl,,,doi.org/10.1016/j.watres.2012.06.006,halogenated,Halogenated organics,"InChI=1S/C7H5ClO2/c8-6-3-1-5(2-4-6)7(9)10/h1-4H,(H,9,10)",XRHGYUZYPHTUJZ-UHFFFAOYSA-N
1556,p-coumaric,6.61,501-98-4,O=C(O)C=CC1=CC=C(O)C=C1,7,,10.1016/j.scitotenv.2020.136816,cyclo,Aromatic & PAHs,"InChI=1S/C9H8O3/c10-8-4-1-7(2-5-8)3-6-9(11)12/h1-6,10H,(H,11,12)",NGSWKAQJJWESNS-UHFFFAOYSA-N
1557,p-hydroxybenzoic acid,6.187773481,99-96-7,C1=CC(=CC=C1C(=O)O)O,7,,10.1016/j.scitotenv.2020.136816,halogenated,Halogenated organics,"InChI=1S/C7H6O3/c8-6-3-1-5(2-4-6)7(9)10/h1-4,8H,(H,9,10)",FJKROLUGYXJWQN-UHFFFAOYSA-N
1558,p-xylene,2.146128036,106-42-3,CC1=CC=C(C=C1)C,,,10.1016/0043-1354(83)90098-2,alkane,Aliphatic hydrocarbons,"InChI=1S/C8H10/c1-7-3-5-8(2)6-4-7/h3-6H,1-2H3",URLKBWYHVLBVBO-UHFFFAOYSA-N
1559,p-xylene,2.146128036,106-42-3,CC1=CC=C(C=C1)C,2,,10.1016/0043-1354(83)90098-2,alkane,Aliphatic hydrocarbons,"InChI=1S/C8H10/c1-7-3-5-8(2)6-4-7/h3-6H,1-2H3",URLKBWYHVLBVBO-UHFFFAOYSA-N
1560,para-phenylphenol,2.949390007,92-69-3,C1=CC=C(C=C1)C2=CC=C(C=C2)O,,,doi.org/10.1016/j.watres.2012.06.006,halogenated,Halogenated organics,"InChI=1S/C12H10O/c13-12-8-6-11(7-9-12)10-4-2-1-3-5-10/h1-9,13H",YXVFYQXJAXKLAK-UHFFFAOYSA-N
1561,pentabromo phenolate,6.230448921,608-71-9,OC1=C(Br)C(Br)=C(Br)C(Br)=C1Br,,,doi.org/10.1016/j.watres.2012.06.006,alcohol,Oxygenated organics,InChI=1S/C6HBr5O/c7-1-2(8)4(10)6(12)5(11)3(1)9/h12H,SVHOVVJFOWGYJO-UHFFFAOYSA-N
1562,pentachlorophenol,7.396199347,87-86-5,C1(=C(C(=C(C(=C1Cl)Cl)Cl)Cl)Cl)O,7,,10.1080/01919519808547284,halogenated,Halogenated organics,InChI=1S/C6HCl5O/c7-1-2(8)4(10)6(12)5(11)3(1)9/h12H,IZUPBVBPLAPZRR-UHFFFAOYSA-N
1563,pentachlorophenol,4.877946952,87-86-5,C1(=C(C(=C(C(=C1Cl)Cl)Cl)Cl)Cl)O,2,,10.1080/01919519808547284,halogenated,Halogenated organics,InChI=1S/C6HCl5O/c7-1-2(8)4(10)6(12)5(11)3(1)9/h12H,IZUPBVBPLAPZRR-UHFFFAOYSA-N
1564,pentachlorophenol,7.385606274,87-86-5,C1(=C(C(=C(C(=C1Cl)Cl)Cl)Cl)Cl)O,5.25,,10.1080/01919519808547284,halogenated,Halogenated organics,InChI=1S/C6HCl5O/c7-1-2(8)4(10)6(12)5(11)3(1)9/h12H,IZUPBVBPLAPZRR-UHFFFAOYSA-N
1565,pentachlorophenol,7.44,87-86-5,C1(=C(C(=C(C(=C1Cl)Cl)Cl)Cl)Cl)O,7,,10.1080/01919519808547284,halogenated,Halogenated organics,InChI=1S/C6HCl5O/c7-1-2(8)4(10)6(12)5(11)3(1)9/h12H,IZUPBVBPLAPZRR-UHFFFAOYSA-N
1566,pentachlorophenol,7.5774918,87-86-5,C1(=C(C(=C(C(=C1Cl)Cl)Cl)Cl)Cl)O,,,10.1080/01919519808547284,halogenated,Halogenated organics,InChI=1S/C6HCl5O/c7-1-2(8)4(10)6(12)5(11)3(1)9/h12H,IZUPBVBPLAPZRR-UHFFFAOYSA-N
1567,pentachlorophenol,6.603144373,87-86-5,C1(=C(C(=C(C(=C1Cl)Cl)Cl)Cl)Cl)O,4,,10.1080/01919519808547284,halogenated,Halogenated organics,InChI=1S/C6HCl5O/c7-1-2(8)4(10)6(12)5(11)3(1)9/h12H,IZUPBVBPLAPZRR-UHFFFAOYSA-N
1568,pentachlorophenolate,6.079181246,131-52-2,C1(=C(C(=C(C(=C1Cl)Cl)Cl)Cl)Cl)[O-],,,doi.org/10.1016/j.watres.2012.06.006,halogenated,Halogenated organics,InChI=1S/C6HCl5O/c7-1-2(8)4(10)6(12)5(11)3(1)9/h12H/p-1,IZUPBVBPLAPZRR-UHFFFAOYSA-M
1569,phenanthrene,3.880105621,85-01-8,C1=CC=C2C(=C1)C=CC3=CC=CC=C32,7,,10.1016/j.scitotenv.2020.136816,cyclo,Aromatic & PAHs,InChI=1S/C14H10/c1-3-7-13-11(5-1)9-10-12-6-2-4-8-14(12)13/h1-10H,YNPNZTXNASCQKK-UHFFFAOYSA-N
1570,phenanthrydine,0.50242712,229-87-8,C12=C(C=CC=C3)C3=NC=C1C=CC=C2,3,,10.1080/01919510208901618,cyclo,Aromatic & PAHs,InChI=1S/C13H9N/c1-2-6-11-10(5-1)9-14-13-8-4-3-7-12(11)13/h1-9H,RDOWQLZANAYVLL-UHFFFAOYSA-N
1571,phenazine,2.298853076,92-82-0,C1=CC=C2C(=C1)N=C3C=CC=CC3=N2,3,,10.1080/01919510208901618,cyclo,Aromatic & PAHs,InChI=1S/C12H8N2/c1-2-6-10-9(5-1)13-11-7-3-4-8-12(11)14-10/h1-8H,PCNDJXKNXGMECE-UHFFFAOYSA-N
1572,phenol,3.113943352,108-95-2,C1=CC=C(C=C1)O,1.8,,10.1016/j.cej.2014.05.073,halogenated,Halogenated organics,"InChI=1S/C6H6O/c7-6-4-2-1-3-5-6/h1-5,7H",ISWSIDIOOBJBQZ-UHFFFAOYSA-N
1573,phenol,3.537883338,108-95-2,C1=CC=C(C=C1)O,,,10.1016/j.cej.2014.05.073,halogenated,Halogenated organics,"InChI=1S/C6H6O/c7-6-4-2-1-3-5-6/h1-5,7H",ISWSIDIOOBJBQZ-UHFFFAOYSA-N
1574,phenol,3.113943352,108-95-2,C1=CC=C(C=C1)O,10.14612804,,10.1016/j.cej.2014.05.073,halogenated,Halogenated organics,"InChI=1S/C6H6O/c7-6-4-2-1-3-5-6/h1-5,7H",ISWSIDIOOBJBQZ-UHFFFAOYSA-N
1575,phenol,3.537883338,108-95-2,C1=CC=C(C=C1)O,7,,10.1016/j.cej.2014.05.073,halogenated,Halogenated organics,"InChI=1S/C6H6O/c7-6-4-2-1-3-5-6/h1-5,7H",ISWSIDIOOBJBQZ-UHFFFAOYSA-N
1576,phenol,6.408239965,108-95-2,C1=CC=C(C=C1)O,,,https://doi.org/10.1080/10934529609376415,halogenated,Halogenated organics,"InChI=1S/C6H6O/c7-6-4-2-1-3-5-6/h1-5,7H",ISWSIDIOOBJBQZ-UHFFFAOYSA-N
1577,phenolate,9.146128036,139-02-6,C1=CC=C(C=C1)[O-],,,doi.org/10.1016/j.watres.2012.06.006,halogenated,Halogenated organics,"InChI=1S/C6H6O/c7-6-4-2-1-3-5-6/h1-5,7H/p-1",ISWSIDIOOBJBQZ-UHFFFAOYSA-M
1578,piperazine,3.6,110-85-0,C1CNCCN1,7,,10.1016/j.scitotenv.2020.136816,halogenated,Halogenated organics,"InChI=1S/C4H10N2/c1-2-6-4-3-5-1/h5-6H,1-4H2",GLUUGHFHXGJENI-UHFFFAOYSA-N
1579,piperazine,4.613284995,110-85-0,C1CNCCN1,12,,10.1016/j.scitotenv.2020.136816,halogenated,Halogenated organics,"InChI=1S/C4H10N2/c1-2-6-4-3-5-1/h5-6H,1-4H2",GLUUGHFHXGJENI-UHFFFAOYSA-N
1580,piperidine,5.329579092,110-89-4,C1CCNCC1,12,,10.1016/j.scitotenv.2020.136816,cyclo,Aromatic & PAHs,"InChI=1S/C5H11N/c1-2-4-6-5-3-1/h6H,1-5H2",NQRYJNQNLNOLGT-UHFFFAOYSA-N
1581,piperidine,1.56,73855-66-0,C1CCNCC1,7,,10.1016/j.scitotenv.2020.136816,cyclo,Aromatic & PAHs,"InChI=1S/C5H11N/c1-2-4-6-5-3-1/h6H,1-5H2",NQRYJNQNLNOLGT-UHFFFAOYSA-N
1582,progesterone,2.681241237,57-83-0,CC(=O)[C@H]1CC[C@@H]2[C@@]1(CC[C@H]3[C@H]2CCC4=CC(=O)CC[C@]34C)C,,,10.1016/j.scitotenv.2020.136816,alkane,Aliphatic hydrocarbons,"InChI=1S/C21H30O2/c1-13(22)17-6-7-18-16-5-4-14-12-15(23)8-10-20(14,2)19(16)9-11-21(17,18)3/h12,16-19H,4-11H2,1-3H3/t16-,17+,18-,19-,20-,21+/m0/s1",RJKFOVLPORLFTN-LEKSSAKUSA-N
1583,progesterone,2.778874472,57-83-0,CC(=O)[C@H]1CC[C@@H]2[C@@]1(CC[C@H]3[C@H]2CCC4=CC(=O)CC[C@]34C)C,8.1,,10.1016/j.scitotenv.2020.136816,alkane,Aliphatic hydrocarbons,"InChI=1S/C21H30O2/c1-13(22)17-6-7-18-16-5-4-14-12-15(23)8-10-20(14,2)19(16)9-11-21(17,18)3/h12,16-19H,4-11H2,1-3H3/t16-,17+,18-,19-,20-,21+/m0/s1",RJKFOVLPORLFTN-LEKSSAKUSA-N
1584,progesterone,2.75,57-83-0,CC(=O)[C@H]1CC[C@@H]2[C@@]1(CC[C@H]3[C@H]2CCC4=CC(=O)CC[C@]34C)C,7,,10.1016/j.scitotenv.2020.136816,alkane,Aliphatic hydrocarbons,"InChI=1S/C21H30O2/c1-13(22)17-6-7-18-16-5-4-14-12-15(23)8-10-20(14,2)19(16)9-11-21(17,18)3/h12,16-19H,4-11H2,1-3H3/t16-,17+,18-,19-,20-,21+/m0/s1",RJKFOVLPORLFTN-LEKSSAKUSA-N
1585,proline,2.68,147-85-3,C1C[C@H](NC1)C(=O)O,7,,10.1016/j.scitotenv.2020.136816,halogenated,Halogenated organics,"InChI=1S/C5H9NO2/c7-5(8)4-2-1-3-6-4/h4,6H,1-3H2,(H,7,8)/t4-/m0/s1",ONIBWKKTOPOVIA-BYPYZUCNSA-N
1586,propachlor,0.093421685,1918-16-7,CC(C)N(C1=CC=CC=C1)C(=O)CCl,,,10.1021/ie030229y,alkane,Aliphatic hydrocarbons,"InChI=1S/C11H14ClNO/c1-9(2)13(11(14)8-12)10-6-4-3-5-7-10/h3-7,9H,8H2,1-2H3",MFOUDYKPLGXPGO-UHFFFAOYSA-N
1587,propene,5.903089987,115-07-1,CC=C,,,doi.org/10.1016/j.watres.2012.06.006,alkane,Aliphatic hydrocarbons,"InChI=1S/C3H6/c1-3-2/h3H,1H2,2H3",QQONPFPTGQHPMA-UHFFFAOYSA-N
1588,propionic acid,-2.69897,19136-91-5,CCC(=O)O,5,,https://doi.org/10.1016/j.jece.2024.112473,alkane,Aliphatic hydrocarbons,"InChI=1S/C3H6O2/c1-2-3(4)5/h2H2,1H3,(H,4,5)",XBDQKXXYIPTUBI-UHFFFAOYSA-N
1589,propionic acid,-2.698970004,79-09-4,CCC(=O)O,,,doi.org/10.1016/j.watres.2012.06.006,alkane,Aliphatic hydrocarbons,"InChI=1S/C3H6O2/c1-2-3(4)5/h2H2,1H3,(H,4,5)",XBDQKXXYIPTUBI-UHFFFAOYSA-N
1590,propoxur,5.36,114-26-1,CC(C)OC1=CC=CC=C1OC(=O)NC,7,,10.1016/j.scitotenv.2020.136816,diol,Polyfunctional / highly functionalized,"InChI=1S/C11H15NO3/c1-8(2)14-9-6-4-5-7-10(9)15-11(13)12-3/h4-8H,1-3H3,(H,12,13)",ISRUGXGCCGIOQO-UHFFFAOYSA-N
1591,propylparaben,9.096910013,94-13-3,CCCOC(=O)C1=CC=C(C=C1)O,12,,10.1016/j.scitotenv.2020.136816,alcohol,Oxygenated organics,"InChI=1S/C10H12O3/c1-2-7-13-10(12)8-3-5-9(11)6-4-8/h3-6,11H,2,7H2,1H3",QELSKZZBTMNZEB-UHFFFAOYSA-N
1592,propylparaben,2.591064607,94-13-3,CCCOC(=O)C1=CC=C(C=C1)O,2,,10.1016/j.scitotenv.2020.136816,alcohol,Oxygenated organics,"InChI=1S/C10H12O3/c1-2-7-13-10(12)8-3-5-9(11)6-4-8/h3-6,11H,2,7H2,1H3",QELSKZZBTMNZEB-UHFFFAOYSA-N
1593,propylparaben,5.612783857,94-13-3,CCCOC(=O)C1=CC=C(C=C1)O,6,,10.1016/j.scitotenv.2020.136816,alcohol,Oxygenated organics,"InChI=1S/C10H12O3/c1-2-7-13-10(12)8-3-5-9(11)6-4-8/h3-6,11H,2,7H2,1H3",QELSKZZBTMNZEB-UHFFFAOYSA-N
1594,propylparaben,6.4,94-13-3,CCCOC(=O)C1=CC=C(C=C1)O,7,,10.1016/j.scitotenv.2020.136816,alcohol,Oxygenated organics,"InChI=1S/C10H12O3/c1-2-7-13-10(12)8-3-5-9(11)6-4-8/h3-6,11H,2,7H2,1H3",QELSKZZBTMNZEB-UHFFFAOYSA-N
1595,pyrene,4.56,129-00-0,C1=CC2=C3C(=C1)C=CC4=CC=CC(=C43)C=C2,7,,10.1016/j.scitotenv.2020.136816,cyclo,Aromatic & PAHs,InChI=1S/C16H10/c1-3-11-7-9-13-5-2-6-14-10-8-12(4-1)15(11)16(13)14/h1-10H,BBEAQIROQSPTKN-UHFFFAOYSA-N
1596,pyrrole,6.146128036,109-97-7,C1=CNC=C1,4,,10.1039/C9EW01078E,cyclo,Aromatic & PAHs,InChI=1S/C4H5N/c1-2-4-5-3-1/h1-5H,KAESVJOAVNADME-UHFFFAOYSA-N
1597,pyrrole,5.934498451,109-97-7,C1=CNC=C1,7,,10.1039/C9EW01078E,cyclo,Aromatic & PAHs,InChI=1S/C4H5N/c1-2-4-5-3-1/h1-5H,KAESVJOAVNADME-UHFFFAOYSA-N
1598,pyrrolidine,1.37,123-75-1,C1CCNC1,7,,10.1016/j.scitotenv.2020.136816,cyclo,Aromatic & PAHs,"InChI=1S/C4H9N/c1-2-4-5-3-1/h5H,1-4H2",RWRDLPDLKQPQOW-UHFFFAOYSA-N
1599,reactive orange 16,5.397940009,12225-83-1,CC(=O)NC1=CC2=C(C(=C(C=C2C=C1)S(=O)(=O)O)N=NC3=CC=C(C=C3)S(=O)(=O)CCOS(=O)(=O)O)O.[Na],2,,10.1016/j.cej.2011.08.014,diol,Polyfunctional / highly functionalized,"InChI=1S/C20H19N3O11S3.Na/c1-12(24)21-15-3-2-13-10-18(36(28,29)30)19(20(25)17(13)11-15)23-22-14-4-6-16(7-5-14)35(26,27)9-8-34-37(31,32)33;/h2-7,10-11,25H,8-9H2,1H3,(H,21,24)(H,28,29,30)(H,31,32,33);",MYNWOBSXSQNNEN-UHFFFAOYSA-N
1600,reactive orange 16,5.507574989,12225-83-1,CC(=O)NC1=CC2=C(C(=C(C=C2C=C1)S(=O)(=O)O)N=NC3=CC=C(C=C3)S(=O)(=O)CCOS(=O)(=O)O)O.[Na],7,,10.1016/j.cej.2011.08.014,diol,Polyfunctional / highly functionalized,"InChI=1S/C20H19N3O11S3.Na/c1-12(24)21-15-3-2-13-10-18(36(28,29)30)19(20(25)17(13)11-15)23-22-14-4-6-16(7-5-14)35(26,27)9-8-34-37(31,32)33;/h2-7,10-11,25H,8-9H2,1H3,(H,21,24)(H,28,29,30)(H,31,32,33);",MYNWOBSXSQNNEN-UHFFFAOYSA-N
1601,reactive orange 16,6.146128036,12225-83-1,CC(=O)NC1=CC2=C(C(=C(C=C2C=C1)S(=O)(=O)O)N=NC3=CC=C(C=C3)S(=O)(=O)CCOS(=O)(=O)O)O.[Na],11,,10.1016/j.cej.2011.08.014,diol,Polyfunctional / highly functionalized,"InChI=1S/C20H19N3O11S3.Na/c1-12(24)21-15-3-2-13-10-18(36(28,29)30)19(20(25)17(13)11-15)23-22-14-4-6-16(7-5-14)35(26,27)9-8-34-37(31,32)33;/h2-7,10-11,25H,8-9H2,1H3,(H,21,24)(H,28,29,30)(H,31,32,33);",MYNWOBSXSQNNEN-UHFFFAOYSA-N
1602,resorcinol-phenol,1.84509804,108-46-3,C1=CC=C(C=C1)O.C1=CC(=CC(=C1)O)O,2.5,,10.1021/ie00049a034,diol,Polyfunctional / highly functionalized,"InChI=1S/C6H6O2.C6H6O/c7-5-2-1-3-6(8)4-5;7-6-4-2-1-3-5-6/h1-4,7-8H;1-5,7H",JXHGEIHXCLLHPI-UHFFFAOYSA-N
1603,ronidazole,1.94,7681-76-7,CN1C(=CN=C1COC(=O)N)[N+](=O)[O-],7,,10.1016/j.scitotenv.2020.136816,halogenated,Halogenated organics,"InChI=1S/C6H8N4O4/c1-9-4(3-14-6(7)11)8-2-5(9)10(12)13/h2H,3H2,1H3,(H2,7,11)",PQFRTXSWDXZRRS-UHFFFAOYSA-N
1604,roxithromycin,5.706812288,80214-83-1,CC[C@@H]1[C@@]([C@@H]([C@H](/C(=N/OCOCCOC)/[C@@H](C[C@@]([C@@H]([C@H]([C@@H]([C@H](C(=O)O1)C)O[C@H]2C[C@@]([C@H]([C@@H](O2)C)O)(C)OC)C)O[C@H]3[C@@H]([C@H](C[C@H](O3)C)N(C)C)O)(C)O)C)C)O)(C)O,,,10.1016/j.chemosphere.2008.08.033,diol,Polyfunctional / highly functionalized,"InChI=1S/C41H76N2O15/c1-15-29-41(10,49)34(45)24(4)31(42-53-21-52-17-16-50-13)22(2)19-39(8,48)36(58-38-32(44)28(43(11)12)18-23(3)54-38)25(5)33(26(6)37(47)56-29)57-30-20-40(9,51-14)35(46)27(7)55-30/h22-30,32-36,38,44-46,48-49H,15-21H2,1-14H3/b42-31+/t22-,23-,24+,25+,26-,27+,28+,29-,30+,32-,33+,34-,35+,36-,38+,39-,40-,41-/m1/s1",RXZBMPWDPOLZGW-XMRMVWPWSA-N
1605,roxithromycin,4.799340549,80214-83-1,CC[C@@H]1[C@@]([C@@H]([C@H](/C(=N/OCOCCOC)/[C@@H](C[C@@]([C@@H]([C@H]([C@@H]([C@H](C(=O)O1)C)O[C@H]2C[C@@]([C@H]([C@@H](O2)C)O)(C)OC)C)O[C@H]3[C@@H]([C@H](C[C@H](O3)C)N(C)C)O)(C)O)C)C)O)(C)O,7,,10.1016/j.chemosphere.2008.08.033,diol,Polyfunctional / highly functionalized,"InChI=1S/C41H76N2O15/c1-15-29-41(10,49)34(45)24(4)31(42-53-21-52-17-16-50-13)22(2)19-39(8,48)36(58-38-32(44)28(43(11)12)18-23(3)54-38)25(5)33(26(6)37(47)56-29)57-30-20-40(9,51-14)35(46)27(7)55-30/h22-30,32-36,38,44-46,48-49H,15-21H2,1-14H3/b42-31+/t22-,23-,24+,25+,26-,27+,28+,29-,30+,32-,33+,34-,35+,36-,38+,39-,40-,41-/m1/s1",RXZBMPWDPOLZGW-XMRMVWPWSA-N
1606,roxithromycin,5.706812288,80214-83-1,CC[C@@H]1[C@@]([C@@H]([C@H](/C(=N/OCOCCOC)/[C@@H](C[C@@]([C@@H]([C@H]([C@@H]([C@H](C(=O)O1)C)O[C@H]2C[C@@]([C@H]([C@@H](O2)C)O)(C)OC)C)O[C@H]3[C@@H]([C@H](C[C@H](O3)C)N(C)C)O)(C)O)C)C)O)(C)O,8,,10.1016/j.chemosphere.2008.08.033,diol,Polyfunctional / highly functionalized,"InChI=1S/C41H76N2O15/c1-15-29-41(10,49)34(45)24(4)31(42-53-21-52-17-16-50-13)22(2)19-39(8,48)36(58-38-32(44)28(43(11)12)18-23(3)54-38)25(5)33(26(6)37(47)56-29)57-30-20-40(9,51-14)35(46)27(7)55-30/h22-30,32-36,38,44-46,48-49H,15-21H2,1-14H3/b42-31+/t22-,23-,24+,25+,26-,27+,28+,29-,30+,32-,33+,34-,35+,36-,38+,39-,40-,41-/m1/s1",RXZBMPWDPOLZGW-XMRMVWPWSA-N
1607,sec-butylamine,4.716003344,13952-84-6,CCC(C)N,,,doi.org/10.1016/j.watres.2012.06.006,alkane,Aliphatic hydrocarbons,"InChI=1S/C4H11N/c1-3-4(2)5/h4H,3,5H2,1-2H3",BHRZNVHARXXAHW-UHFFFAOYSA-N
1608,serine,5.113943352,862458-01-3,C([C@@H](C(=O)O)N)O,,,doi.org/10.1016/j.watres.2012.06.006,halogenated,Halogenated organics,"InChI=1S/C3H7NO3/c4-2(1-5)3(6)7/h2,5H,1,4H2,(H,6,7)/t2-/m0/s1",MTCFGRXMJLQNBG-REOHCLBHSA-N
1609,sodium dodecylbenzenesulfonate,0.565847819,25155-30-0,CCCCCCCCCCCCC1=CC=CC=C1S(=O)(=O)[O-].[Na+],,,10.1021/ie990721a,"sulfide, disulfide",Sulfur-containing organics,"InChI=1S/C18H30O3S.Na/c1-2-3-4-5-6-7-8-9-10-11-14-17-15-12-13-16-18(17)22(19,20)21;/h12-13,15-16H,2-11,14H2,1H3,(H,19,20,21);/q;+1/p-1",HFQQZARZPUDIFP-UHFFFAOYSA-M
1610,sorbic acid,6.301029996,110-44-1,C/C=C/C=C/C(=O)O,7,20,https://pubs.acs.org/doi/10.1021/acs.est.4c07119,halogenated,Halogenated organics,"InChI=1S/C6H8O2/c1-2-3-4-5-6(7)8/h2-5H,1H3,(H,7,8)/b3-2+,5-4+",WSWCOQWTEOXDQX-MQQKCMAXSA-N
1611,sorbic acid,5.643452676,110-44-1,C/C=C/C=C/C(=O)O,2.3,20,https://pubs.acs.org/doi/10.1021/acs.est.4c07119,halogenated,Halogenated organics,"InChI=1S/C6H8O2/c1-2-3-4-5-6(7)8/h2-5H,1H3,(H,7,8)/b3-2+,5-4+",WSWCOQWTEOXDQX-MQQKCMAXSA-N
1612,sorbic acid,5.716003344,110-44-1,C/C=C/C=C/C(=O)O,2.3,25,https://pubs.acs.org/doi/10.1021/acs.est.4c07119,halogenated,Halogenated organics,"InChI=1S/C6H8O2/c1-2-3-4-5-6(7)8/h2-5H,1H3,(H,7,8)/b3-2+,5-4+",WSWCOQWTEOXDQX-MQQKCMAXSA-N
1613,sorbic acid,5.568201724,110-44-1,C/C=C/C=C/C(=O)O,2.3,15,https://pubs.acs.org/doi/10.1021/acs.est.4c07119,halogenated,Halogenated organics,"InChI=1S/C6H8O2/c1-2-3-4-5-6(7)8/h2-5H,1H3,(H,7,8)/b3-2+,5-4+",WSWCOQWTEOXDQX-MQQKCMAXSA-N
1614,sorbic acid,5.643452676,110-44-1,C/C=C/C=C/C(=O)O,2.3,,https://doi.org/10.1021/acs.est.4c07119,halogenated,Halogenated organics,"InChI=1S/C6H8O2/c1-2-3-4-5-6(7)8/h2-5H,1H3,(H,7,8)/b3-2+,5-4+",WSWCOQWTEOXDQX-MQQKCMAXSA-N
1615,sorbic acid,6.301029996,110-44-1,C/C=C/C=C/C(=O)O,7,,https://doi.org/10.1021/acs.est.4c07119,halogenated,Halogenated organics,"InChI=1S/C6H8O2/c1-2-3-4-5-6(7)8/h2-5H,1H3,(H,7,8)/b3-2+,5-4+",WSWCOQWTEOXDQX-MQQKCMAXSA-N
1616,sorbic acid,5.477121255,110-44-1,C/C=C/C=C/C(=O)O,2.3,10,https://pubs.acs.org/doi/10.1021/acs.est.4c07119,halogenated,Halogenated organics,"InChI=1S/C6H8O2/c1-2-3-4-5-6(7)8/h2-5H,1H3,(H,7,8)/b3-2+,5-4+",WSWCOQWTEOXDQX-MQQKCMAXSA-N
1617,sorbic acid (protonated),5.505149978,110-44-1,C(=O)O/C=C/C=C/C,,,doi.org/10.1016/j.watres.2012.06.006,halogenated,Halogenated organics,"InChI=1S/C6H8O2/c1-2-3-4-5-8-6-7/h2-6H,1H3/b3-2+,5-4+",MELABPHVCFCKBM-MQQKCMAXSA-N
1618,sorbic alcohol,5.892094603,111-28-4,C/C=C/C=C/CO,2.3,,https://doi.org/10.1021/acs.est.4c07119,halogenated,Halogenated organics,"InChI=1S/C6H10O/c1-2-3-4-5-6-7/h2-5,7H,6H2,1H3/b3-2+,5-4+",MEIRRNXMZYDVDW-MQQKCMAXSA-N
1619,sorbic aldehyde,5.255272505,142-83-6,C/C=C/C=C/C=O,2.3,,https://doi.org/10.1021/acs.est.4c07119,halogenated,Halogenated organics,"InChI=1S/C6H8O/c1-2-3-4-5-6-7/h2-6H,1H3/b3-2+,5-4+",BATOPAZDIZEVQF-MQQKCMAXSA-N
1620,sulfadimethoxine,6.430681882,122-11-2,COC1=NC(=NC(=C1)NS(=O)(=O)C2=CC=C(C=C2)N)OC,7,,10.1016/j.scitotenv.2020.136816,diol,Polyfunctional / highly functionalized,"InChI=1S/C12H14N4O4S/c1-19-11-7-10(14-12(15-11)20-2)16-21(17,18)9-5-3-8(13)4-6-9/h3-7H,13H2,1-2H3,(H,14,15,16)",ZZORFUFYDOWNEF-UHFFFAOYSA-N
1621,sulfamethazine,6.461198999,35762-76-6,CC1=CC(=NC(=N1)NS(=O)(=O)C2=CC=C(C=C2)N)C,7,,10.1016/j.scitotenv.2020.136816,"sulfide, disulfide",Sulfur-containing organics,"InChI=1S/C12H14N4O2S/c1-8-7-9(2)15-12(14-8)16-19(17,18)11-5-3-10(13)4-6-11/h3-7H,13H2,1-2H3,(H,14,15,16)",ASWVTGNCAZCNNR-UHFFFAOYSA-N
1622,sulfamethizole,6.2793768,144-82-1,CC1=NN=C(S1)NS(=O)(=O)C2=CC=C(C=C2)N,7,,10.1016/j.scitotenv.2020.136816,"sulfide, disulfide",Sulfur-containing organics,"InChI=1S/C9H10N4O2S2/c1-6-11-12-9(16-6)13-17(14,15)8-4-2-7(10)3-5-8/h2-5H,10H2,1H3,(H,12,13)",VACCAVUAMIDAGB-UHFFFAOYSA-N
1623,sulfamethoxazole,5.932348843,13053-79-7,CC1=CC(=NO1)NS(=O)(=O)C2=CC=C(C=C2)N,7,,doi.org/10.1016/j.watres.2012.06.006,"sulfide, disulfide",Sulfur-containing organics,"InChI=1S/C10H11N3O3S/c1-7-6-10(12-16-7)13-17(14,15)9-4-2-8(11)3-5-9/h2-6H,11H2,1H3,(H,12,13)",JLKIGFTWXXRPMT-UHFFFAOYSA-N
1624,sulfamethoxazole,5.2045,1346603-52-8,Cc1cc(NS(=O)(=O)c2ccc(N)cc2)no1,8,,https://doi.org/10.1016/j.jece.2024.112473,benzene,Aromatic & PAHs,"InChI=1S/C10H11N3O3S/c1-7-6-10(12-16-7)13-17(14,15)9-4-2-8(11)3-5-9/h2-6H,11H2,1H3,(H,12,13)",JLKIGFTWXXRPMT-UHFFFAOYSA-N
1625,sulfamethoxazole,5.932348843,13053-79-7,CC1=CC(=NO1)NS(=O)(=O)C2=CC=C(C=C2)N,,,doi.org/10.1016/j.watres.2012.06.006,"sulfide, disulfide",Sulfur-containing organics,"InChI=1S/C10H11N3O3S/c1-7-6-10(12-16-7)13-17(14,15)9-4-2-8(11)3-5-9/h2-6H,11H2,1H3,(H,12,13)",JLKIGFTWXXRPMT-UHFFFAOYSA-N
1626,sulfathiazole,6.792391689,72-14-0,C1=CC(=CC=C1N)S(=O)(=O)NC2=NC=CS2,7,,10.1061/(ASCE)EE.1943-7870.0000404,"sulfide, disulfide",Sulfur-containing organics,"InChI=1S/C9H9N3O2S2/c10-7-1-3-8(4-2-7)16(13,14)12-9-11-5-6-15-9/h1-6H,10H2,(H,11,12)",JNMRHUJNCSQMMB-UHFFFAOYSA-N
1627,sulfathiazole,5.90579588,72-14-0,C1=CC(=CC=C1N)S(=O)(=O)NC2=NC=CS2,8,,10.1061/(ASCE)EE.1943-7870.0000404,"sulfide, disulfide",Sulfur-containing organics,"InChI=1S/C9H9N3O2S2/c10-7-1-3-8(4-2-7)16(13,14)12-9-11-5-6-15-9/h1-6H,10H2,(H,11,12)",JNMRHUJNCSQMMB-UHFFFAOYSA-N
1628,t-BuOH,-2.522878745,75-91-2,CC(C)(C)O,,,https://doi.org/10.1016/0043-1354(83)90098-2,alkane,Aliphatic hydrocarbons,"InChI=1S/C4H10O/c1-4(2,3)5/h5H,1-3H3",DKGAVHZHDRPRBM-UHFFFAOYSA-N
1629,t-amyl-ethyl-ether,-0.017728767,919-94-8,CCOCC(C)(C)C,,,doi.org/10.1016/j.watres.2012.06.006,alcohol,Oxygenated organics,"InChI=1S/C7H16O/c1-5-8-6-7(2,3)4/h5-6H2,1-4H3",BQMLWEKOSHSOFT-UHFFFAOYSA-N
1630,tert-BuOH,-3,75-65-0,CC(C)(C)O,2.3,,NIST,alkane,Aliphatic hydrocarbons,"InChI=1S/C4H10O/c1-4(2,3)5/h5H,1-3H3",DKGAVHZHDRPRBM-UHFFFAOYSA-N
1631,tert-Butanol,-0.346787486,75-65-0,CC(C)(C)O,2.2,,doi.org/10.1016/j.watres.2012.06.006,alkane,Aliphatic hydrocarbons,"InChI=1S/C4H10O/c1-4(2,3)5/h5H,1-3H3",DKGAVHZHDRPRBM-UHFFFAOYSA-N
1632,tert-Butanol,-1.941302914,75-65-0,CC(C)(C)O,,,doi.org/10.1016/j.watres.2012.06.006,alkane,Aliphatic hydrocarbons,"InChI=1S/C4H10O/c1-4(2,3)5/h5H,1-3H3",DKGAVHZHDRPRBM-UHFFFAOYSA-N
1633,tert-Butanol,-3,75-65-0,CC(C)(C)O,2.3,,doi.org/10.1016/j.watres.2012.06.006,alkane,Aliphatic hydrocarbons,"InChI=1S/C4H10O/c1-4(2,3)5/h5H,1-3H3",DKGAVHZHDRPRBM-UHFFFAOYSA-N
1634,tert-Butanol,-0.337242168,75-65-0,CC(C)(C)O,5.2,,doi.org/10.1016/j.watres.2012.06.006,alkane,Aliphatic hydrocarbons,"InChI=1S/C4H10O/c1-4(2,3)5/h5H,1-3H3",DKGAVHZHDRPRBM-UHFFFAOYSA-N
1635,tert-Butanol,-2.522878745,75-65-0,CC(C)(C)O,2~6,,https://doi.org/10.1016/0043-1354(83)90098-2,alkane,Aliphatic hydrocarbons,"InChI=1S/C4H10O/c1-4(2,3)5/h5H,1-3H3",DKGAVHZHDRPRBM-UHFFFAOYSA-N
1636,tert-Butanol,-3,75-65-0,CC(C)(C)O,2.3,,https://doi.org/10.1016/0043-1354(83)90098-2,alkane,Aliphatic hydrocarbons,"InChI=1S/C4H10O/c1-4(2,3)5/h5H,1-3H3",DKGAVHZHDRPRBM-UHFFFAOYSA-N
1637,tert-butylamine,4.653212514,75-64-9,CC(C)(C)N,,,doi.org/10.1016/j.watres.2012.06.006,alkane,Aliphatic hydrocarbons,"InChI=1S/C4H11N/c1-4(2,3)5/h5H2,1-3H3",YBRBMKDOPFTVDT-UHFFFAOYSA-N
1638,tetrachlorocatechol,4.780274097,1198-55-6,C1(=C(C(=C(C(=C1Cl)Cl)Cl)Cl)O)O,2.5,,10.1016/S0304-3894(00)00269-7,halogenated,Halogenated organics,InChI=1S/C6H2Cl4O2/c7-1-2(8)4(10)6(12)5(11)3(1)9/h11-12H,RRBMVWQICIXSEO-UHFFFAOYSA-N
1639,tetrachlorocatechol,4.409375111,1198-55-6,C1(=C(C(=C(C(=C1Cl)Cl)Cl)Cl)O)O,2,,10.1016/S0304-3894(00)00269-7,halogenated,Halogenated organics,InChI=1S/C6H2Cl4O2/c7-1-2(8)4(10)6(12)5(11)3(1)9/h11-12H,RRBMVWQICIXSEO-UHFFFAOYSA-N
1640,tetrachlorocatechol,4.733277534,1198-55-6,C1(=C(C(=C(C(=C1Cl)Cl)Cl)Cl)O)O,3,,10.1016/S0304-3894(00)00269-7,halogenated,Halogenated organics,InChI=1S/C6H2Cl4O2/c7-1-2(8)4(10)6(12)5(11)3(1)9/h11-12H,RRBMVWQICIXSEO-UHFFFAOYSA-N
1641,tetracycline hydrochloride,6.99,64-75-5,C[C@@]1([C@H]2C[C@H]3[C@@H](C(=O)C(=C([C@]3(C(=O)C2=C(C4=C1C=CC=C4O)O)O)O)C(=O)N)N(C)C)O.Cl,7,,10.1016/j.scitotenv.2020.136816,diol,Polyfunctional / highly functionalized,"InChI=1S/C22H24N2O8.ClH/c1-21(31)8-5-4-6-11(25)12(8)16(26)13-9(21)7-10-15(24(2)3)17(27)14(20(23)30)19(29)22(10,32)18(13)28;/h4-6,9-10,15,25-26,29,31-32H,7H2,1-3H3,(H2,23,30);1H/t9-,10-,15-,21+,22-;/m0./s1",YCIHPQHVWDULOY-FMZCEJRJSA-N
1642,tetrahydrofuran,0.89,109-99-9,C1CCOC1,7,,10.1016/j.scitotenv.2020.136816,alcohol,Oxygenated organics,InChI=1S/C4H8O/c1-2-4-5-3-1/h1-4H2,WYURNTSHIVDZCO-UHFFFAOYSA-N
1643,thiamethoxam,1.187520721,153719-23-4,CN\1COCN(/C1=N/[N+](=O)[O-])CC2=CN=C(S2)Cl,7,,10.1016/j.jhazmat.2020.122180,alcohol,Oxygenated organics,"InChI=1S/C8H10ClN5O3S/c1-12-4-17-5-13(8(12)11-14(15)16)3-6-2-10-7(9)18-6/h2H,3-5H2,1H3/b11-8+",NWWZPOKUUAIXIW-DHZHZOJOSA-N
1644,threonine,2.41,23926-51-4,C[C@H]([C@@H](C(=O)O)N)O,7,,10.1016/j.scitotenv.2020.136816,halogenated,Halogenated organics,"InChI=1S/C4H9NO3/c1-2(6)3(5)4(7)8/h2-3,6H,5H2,1H3,(H,7,8)/t2-,3+/m1/s1",AYFVYJQAPQTCCC-GBXIJSLDSA-N
1645,tinidazole,2.11,19387-91-8,CCS(=O)(=O)CCN1C(=NC=C1[N+](=O)[O-])C,7,,10.1016/j.scitotenv.2020.136816,"sulfide, disulfide",Sulfur-containing organics,"InChI=1S/C8H13N3O4S/c1-3-16(14,15)5-4-10-7(2)9-6-8(10)11(12)13/h6H,3-5H2,1-2H3",HJLSLZFTEKNLFI-UHFFFAOYSA-N
1646,tolune,1.146128036,108-88-3,CC1=CC=CC=C1,1.7,,10.1016/0043-1354(83)90098-2,cyclo,Aromatic & PAHs,"InChI=1S/C7H8/c1-7-5-3-2-4-6-7/h2-6H,1H3",YXFVVABEGXRONW-UHFFFAOYSA-N
1647,tolune,1.146128036,108-88-3,CC1=CC=CC=C1,,,10.1016/0043-1354(83)90098-2,cyclo,Aromatic & PAHs,"InChI=1S/C7H8/c1-7-5-3-2-4-6-7/h2-6H,1H3",YXFVVABEGXRONW-UHFFFAOYSA-N
1648,toremifene,5.792955187,89778-26-7,CN(C)CCOC1=CC=C(C=C1)/C(=C(/CCCl)\C2=CC=CC=C2)/C3=CC=CC=C3,,,10.1021/acs.est.8b00996,alcohol,Oxygenated organics,"InChI=1S/C26H28ClNO/c1-28(2)19-20-29-24-15-13-23(14-16-24)26(22-11-7-4-8-12-22)25(17-18-27)21-9-5-3-6-10-21/h3-16H,17-20H2,1-2H3/b26-25-",XFCLJVABOIYOMF-QPLCGJKRSA-N
1649,tramadol,3.854268788,73806-55-0,CN(C)C[C@H]1CCCC[C@@]1(C2=CC(=CC=C2)OC)O,8,,doi.org/10.1016/j.watres.2012.06.006,alcohol,Oxygenated organics,"InChI=1S/C16H25NO2/c1-17(2)12-14-7-4-5-10-16(14,18)13-8-6-9-15(11-13)19-3/h6,8-9,11,14,18H,4-5,7,10,12H2,1-3H3/t14-,16+/m1/s1",TVYLLZQTGLZFBW-ZBFHGGJFSA-N
1650,tramadol,3.602059991,73806-55-0,CN(C)C[C@H]1CCCC[C@@]1(C2=CC(=CC=C2)OC)O,,,doi.org/10.1016/j.watres.2012.06.006,alcohol,Oxygenated organics,"InChI=1S/C16H25NO2/c1-17(2)12-14-7-4-5-10-16(14,18)13-8-6-9-15(11-13)19-3/h6,8-9,11,14,18H,4-5,7,10,12H2,1-3H3/t14-,16+/m1/s1",TVYLLZQTGLZFBW-ZBFHGGJFSA-N
1651,tramadol,3.854268788,73806-55-0,CN(C)C[C@H]1CCCC[C@@]1(C2=CC(=CC=C2)OC)O,7,,doi.org/10.1016/j.watres.2012.06.006,alcohol,Oxygenated organics,"InChI=1S/C16H25NO2/c1-17(2)12-14-7-4-5-10-16(14,18)13-8-6-9-15(11-13)19-3/h6,8-9,11,14,18H,4-5,7,10,12H2,1-3H3/t14-,16+/m1/s1",TVYLLZQTGLZFBW-ZBFHGGJFSA-N
1652,"trans,trans-muconic acid",5.230448921,3588-17-8,C(=C/C(=O)O)\C=C\C(=O)O,7,,https://doi.org/10.1021/acs.est.4c07119,halogenated,Halogenated organics,"InChI=1S/C6H6O4/c7-5(8)3-1-2-4-6(9)10/h1-4H,(H,7,8)(H,9,10)/b3-1+,4-2+",TXXHDPDFNKHHGW-ZPUQHVIOSA-N
1653,"trans,trans-muconic acid",5.230448921,3588-17-8,C(=C/C(=O)O)\C=C\C(=O)O,7,20,https://pubs.acs.org/doi/10.1021/acs.est.4c07119,halogenated,Halogenated organics,"InChI=1S/C6H6O4/c7-5(8)3-1-2-4-6(9)10/h1-4H,(H,7,8)(H,9,10)/b3-1+,4-2+",TXXHDPDFNKHHGW-ZPUQHVIOSA-N
1654,"trans,trans-muconic acid",4.079181246,3588-17-8,C(=C/C(=O)O)\C=C\C(=O)O,3,20,https://pubs.acs.org/doi/10.1021/acs.est.4c07119,halogenated,Halogenated organics,"InChI=1S/C6H6O4/c7-5(8)3-1-2-4-6(9)10/h1-4H,(H,7,8)(H,9,10)/b3-1+,4-2+",TXXHDPDFNKHHGW-ZPUQHVIOSA-N
1655,"trans,trans-muconic acid",4.079181246,3588-17-8,C(=C/C(=O)O)\C=C\C(=O)O,3,,https://doi.org/10.1021/acs.est.4c07119,halogenated,Halogenated organics,"InChI=1S/C6H6O4/c7-5(8)3-1-2-4-6(9)10/h1-4H,(H,7,8)(H,9,10)/b3-1+,4-2+",TXXHDPDFNKHHGW-ZPUQHVIOSA-N
1656,"trans,trans-muconic acid",3.919078092,3588-17-8,C(=C/C(=O)O)\C=C\C(=O)O,2.3,,https://doi.org/10.1021/acs.est.4c07119,halogenated,Halogenated organics,"InChI=1S/C6H6O4/c7-5(8)3-1-2-4-6(9)10/h1-4H,(H,7,8)(H,9,10)/b3-1+,4-2+",TXXHDPDFNKHHGW-ZPUQHVIOSA-N
1657,"trans-1,2-dichloroethene",3.755874856,156-60-5,C(=C/Cl)\Cl,2,,10.1016/0043-1354(83)90098-2,halogenated,Halogenated organics,InChI=1S/C2H2Cl2/c3-1-2-4/h1-2H/b2-1+,KFUSEUYYWQURPO-OWOJBTEDSA-N
1658,"trans-2-buten-1,4-dial",4.079181246,3675-14-7,O=C/C=C/C=O,2.3,,https://doi.org/10.1021/acs.est.4c07119,halogenated,Halogenated organics,InChI=1S/C4H4O2/c5-3-1-2-4-6/h1-4H/b2-1+,JGEMYUOFGVHXKV-OWOJBTEDSA-N
1659,trans-2-methyl-2-butenal,4.62324929,497-03-0,C/C=C(\C)/C=O,2.3,,https://doi.org/10.1021/acs.est.4c07119,halogenated,Halogenated organics,"InChI=1S/C5H8O/c1-3-5(2)4-6/h3-4H,1-2H3/b5-3+",ACWQBUSCFPJUPN-HWKANZROSA-N
1660,trans-2-methyl-2-butenal,4.51851394,497-03-0,C/C=C(\C)/C=O,2.3,15,https://pubs.acs.org/doi/10.1021/acs.est.4c07119,halogenated,Halogenated organics,"InChI=1S/C5H8O/c1-3-5(2)4-6/h3-4H,1-2H3/b5-3+",ACWQBUSCFPJUPN-HWKANZROSA-N
1661,trans-2-methyl-2-butenal,4.447158031,497-03-0,C/C=C(\C)/C=O,2.3,10,https://pubs.acs.org/doi/10.1021/acs.est.4c07119,halogenated,Halogenated organics,"InChI=1S/C5H8O/c1-3-5(2)4-6/h3-4H,1-2H3/b5-3+",ACWQBUSCFPJUPN-HWKANZROSA-N
1662,trans-2-methyl-2-butenal,4.716003344,497-03-0,C/C=C(\C)/C=O,2.3,25,https://pubs.acs.org/doi/10.1021/acs.est.4c07119,halogenated,Halogenated organics,"InChI=1S/C5H8O/c1-3-5(2)4-6/h3-4H,1-2H3/b5-3+",ACWQBUSCFPJUPN-HWKANZROSA-N
1663,trans-2-methyl-2-butenal,4.62324929,497-03-0,C/C=C(\C)/C=O,2.3,20,https://pubs.acs.org/doi/10.1021/acs.est.4c07119,halogenated,Halogenated organics,"InChI=1S/C5H8O/c1-3-5(2)4-6/h3-4H,1-2H3/b5-3+",ACWQBUSCFPJUPN-HWKANZROSA-N
1664,trans-2-pentenal,4,1576-87-0,CC/C=C/C=O,2.3,,https://doi.org/10.1021/acs.est.4c07119,alkane,Aliphatic hydrocarbons,"InChI=1S/C5H8O/c1-2-3-4-5-6/h3-5H,2H2,1H3/b4-3+",DTCCTIQRPGSLPT-ONEGZZNKSA-N
1665,"trans-4,5-Dihydroxy-1,2-dithiane",5.32,14193-38-5,O[C@H]1CSSC[C@@H]1O,,,https://doi.org/10.1016/j.jece.2024.112473,"sulfide, disulfide",Sulfur-containing organics,"InChI=1S/C4H8O2S2/c5-3-1-7-8-2-4(3)6/h3-6H,1-2H2/t3-,4-/m0/s1",YPGMOWHXEQDBBV-IMJSIDKUSA-N
1666,trans-ClCHCHCl,3.755874856,156-60-5,Cl/C=C/Cl,2,,NIST,halogenated,Halogenated organics,InChI=1S/C2H2Cl2/c3-1-2-4/h1-2H/b2-1+,KFUSEUYYWQURPO-OWOJBTEDSA-N
1667,"trans-cis-2,6-nonadienal",5.939519253,557-48-2,O=C/C=C/CC/C=C\CC,,,doi.org/10.1016/j.watres.2012.06.006,halogenated,Halogenated organics,"InChI=1S/C9H14O/c1-2-3-4-5-6-7-8-9-10/h3-4,7-9H,2,5-6H2,1H3/b4-3-,8-7+",HZYHMHHBBBSGHB-ODYTWBPASA-N
1668,trans-Diehloroeth:i:Jene,3.755874856,156-60-5,Cl/C=C/Cl,2,,https://doi.org/10.1016/0043-1354(83)90098-2,halogenated,Halogenated organics,InChI=1S/C2H2Cl2/c3-1-2-4/h1-2H/b2-1+,KFUSEUYYWQURPO-OWOJBTEDSA-N
1669,trichloroethene,1.23,79-01-6,C(=C(Cl)Cl)Cl,7,,10.1016/0043-1354(91)90155-J,alkane,Aliphatic hydrocarbons,InChI=1S/C2HCl3/c3-1-2(4)5/h1H,XSTXAVWGXDQKEL-UHFFFAOYSA-N
1670,trichloroethene,1.23,29406-20-0,ClC=C(Cl)Cl,7,,https://doi.org/10.1016/j.jece.2024.112473,halogenated,Halogenated organics,InChI=1S/C2HCl3/c3-1-2(4)5/h1H,XSTXAVWGXDQKEL-UHFFFAOYSA-N
1671,trichloroethene,0.36052,29406-20-0,ClC=C(Cl)Cl,2,,https://doi.org/10.1016/j.jece.2024.112473,halogenated,Halogenated organics,InChI=1S/C2HCl3/c3-1-2(4)5/h1H,XSTXAVWGXDQKEL-UHFFFAOYSA-N
1672,triclocarban,3.699485002,101-20-2,C1=CC(=CC=C1NC(=O)NC2=CC(=C(C=C2)Cl)Cl)Cl,7,,10.1016/j.scitotenv.2020.136816,halogenated,Halogenated organics,"InChI=1S/C13H9Cl3N2O/c14-8-1-3-9(4-2-8)17-13(19)18-10-5-6-11(15)12(16)7-10/h1-7H,(H2,17,18,19)",ICUTUKXCWQYESQ-UHFFFAOYSA-N
1673,triclocarban,3.699485,1216457-76-9,O=C(Nc1ccc(Cl)cc1)Nc1ccc(Cl)c(Cl)c1,7,,https://doi.org/10.1016/j.jece.2024.112473,benzene,Aromatic & PAHs,"InChI=1S/C13H9Cl3N2O/c14-8-1-3-9(4-2-8)17-13(19)18-10-5-6-11(15)12(16)7-10/h1-7H,(H2,17,18,19)",ICUTUKXCWQYESQ-UHFFFAOYSA-N
1674,triclosan,7.38495808,3380-34-5,C1=CC(=C(C=C1Cl)O)OC2=C(C=C(C=C2)Cl)Cl,,,10.1021/es803588k,alcohol,Oxygenated organics,"InChI=1S/C12H7Cl3O2/c13-7-1-3-11(9(15)5-7)17-12-4-2-8(14)6-10(12)16/h1-6,16H",XEFQLINVKFYRCS-UHFFFAOYSA-N
1675,triclosan,7.38495808,3380-34-5,C1=CC(=C(C=C1Cl)O)OC2=C(C=C(C=C2)Cl)Cl,7,,10.1021/es803588k,alcohol,Oxygenated organics,"InChI=1S/C12H7Cl3O2/c13-7-1-3-11(9(15)5-7)17-12-4-2-8(14)6-10(12)16/h1-6,16H",XEFQLINVKFYRCS-UHFFFAOYSA-N
1676,triclosan,8.361727836,3380-34-5,C1=CC(=C(C=C1Cl)O)OC2=C(C=C(C=C2)Cl)Cl,8,,10.1021/es803588k,alcohol,Oxygenated organics,"InChI=1S/C12H7Cl3O2/c13-7-1-3-11(9(15)5-7)17-12-4-2-8(14)6-10(12)16/h1-6,16H",XEFQLINVKFYRCS-UHFFFAOYSA-N
1677,triclosan (phenolate),8.70757,1020720-00-6,[O-]c1cc(Cl)ccc1Oc1ccc(Cl)cc1Cl,,,https://doi.org/10.1016/j.jece.2024.112473,alcohol,Oxygenated organics,"InChI=1S/C12H7Cl3O2/c13-7-1-3-11(9(15)5-7)17-12-4-2-8(14)6-10(12)16/h1-6,16H/p-1",XEFQLINVKFYRCS-UHFFFAOYSA-M
1678,triethylamine,6.467502,121-44-8,CCN(CC)CC,,,10.1016/j.watres.2019.03.089,alkane,Aliphatic hydrocarbons,"InChI=1S/C6H15N/c1-4-7(5-2)6-3/h4-6H2,1-3H3",ZMANZCXQSJIPKH-UHFFFAOYSA-N
1679,triethylamine,6.425808611,121-44-8,CCN(CC)CC,5.25,,10.1016/j.watres.2019.03.089,alkane,Aliphatic hydrocarbons,"InChI=1S/C6H15N/c1-4-7(5-2)6-3/h4-6H2,1-3H3",ZMANZCXQSJIPKH-UHFFFAOYSA-N
1680,trimethylamine,6.602059991,2082-81-7,CN(C)C,4,,doi.org/10.1016/j.watres.2012.06.006,halogenated,Halogenated organics,InChI=1S/C3H9N/c1-4(2)3/h1-3H3,GETQZCLCWQTVFV-UHFFFAOYSA-N
1681,trimethylamine,4.806179974,2082-81-7,CN(C)C,8,,doi.org/10.1016/j.watres.2012.06.006,halogenated,Halogenated organics,InChI=1S/C3H9N/c1-4(2)3/h1-3H3,GETQZCLCWQTVFV-UHFFFAOYSA-N
1682,trimethylamine,3.812913357,2082-81-7,CN(C)C,7,,doi.org/10.1016/j.watres.2012.06.006,halogenated,Halogenated organics,InChI=1S/C3H9N/c1-4(2)3/h1-3H3,GETQZCLCWQTVFV-UHFFFAOYSA-N
1683,tris(2-butoxyethyl) phosphate,0.66,78-51-3,CCCCOCCOP(=O)(OCCOCCCC)OCCOCCCC,7,,10.1016/j.scitotenv.2020.136816,diol,Polyfunctional / highly functionalized,"InChI=1S/C18H39O7P/c1-4-7-10-20-13-16-23-26(19,24-17-14-21-11-8-5-2)25-18-15-22-12-9-6-3/h4-18H2,1-3H3",WTLBZVNBAKMVDP-UHFFFAOYSA-N
1684,tris(2-chloroethyl) phosphate,0.66,115-96-8,C(CCl)OP(=O)(OCCCl)OCCCl,7,,10.1016/j.scitotenv.2020.136816,alcohol,Oxygenated organics,"InChI=1S/C6H12Cl3O4P/c7-1-4-11-14(10,12-5-2-8)13-6-3-9/h1-6H2",HQUQLFOMPYWACS-UHFFFAOYSA-N
1685,tryptophan,6.84509804,153-94-6,C1=CC=C2C(=C1)C(=CN2)C[C@@H](C(=O)O)N,8,,10.1016/j.scitotenv.2020.136816,halogenated,Halogenated organics,"InChI=1S/C11H12N2O2/c12-9(11(14)15)5-7-6-13-10-4-2-1-3-8(7)10/h1-4,6,9,13H,5,12H2,(H,14,15)/t9-/m0/s1",QIVBCDIJIAJPQS-VIFPVBQESA-N
1686,tryptophan,4.75,153-94-6,C1=CC=C2C(=C1)C(=CN2)C[C@@H](C(=O)O)N,7,,10.1016/j.scitotenv.2020.136816,halogenated,Halogenated organics,"InChI=1S/C11H12N2O2/c12-9(11(14)15)5-7-6-13-10-4-2-1-3-8(7)10/h1-4,6,9,13H,5,12H2,(H,14,15)/t9-/m0/s1",QIVBCDIJIAJPQS-VIFPVBQESA-N
1687,tylosin (protonated),4.886490725,1401-69-0,O=C(C[C@H]([C@H](C)[C@H]([C@@H](CC=O)C[C@H]1C)O[C@H](O[C@@H]([C@@H](O[C@H]2C[C@@](C)(O)[C@@H](O)[C@H](C)O2)[C@@H]3N(C)C)C)[C@@H]3O)O)O[C@H](CC)[C@@H](CO[C@H]4[C@H](OC)[C@H](OC)[C@H](O)[C@@H](C)O4)/C=C(C)/C=C/C1=O,,,doi.org/10.1016/j.watres.2012.06.006,diol,Polyfunctional / highly functionalized,"InChI=1S/C46H77NO17/c1-13-33-30(22-58-45-42(57-12)41(56-11)37(52)26(5)60-45)18-23(2)14-15-31(49)24(3)19-29(16-17-48)39(25(4)32(50)20-34(51)62-33)64-44-38(53)36(47(9)10)40(27(6)61-44)63-35-21-46(8,55)43(54)28(7)59-35/h14-15,17-18,24-30,32-33,35-45,50,52-55H,13,16,19-22H2,1-12H3/b15-14+,23-18+/t24-,25+,26-,27-,28+,29+,30-,32-,33-,35+,36-,37-,38-,39-,40-,41-,42-,43+,44+,45-,46-/m1/s1",WBPYTXDJUQJLPQ-VMXQISHHSA-N
1688,tyrosine,3.68,556-03-6,C1=CC(=CC=C1C[C@@H](C(=O)O)N)O,7,,10.1016/j.scitotenv.2020.136816,halogenated,Halogenated organics,"InChI=1S/C9H11NO3/c10-8(9(12)13)5-6-1-3-7(11)4-2-6/h1-4,8,11H,5,10H2,(H,12,13)/t8-/m0/s1",OUYCCCASQSFEME-QMMMGPOBSA-N
1689,uric acid,4.765668555,69-93-2,C12=C(NC(=O)N1)NC(=O)NC2=O,,,10.1016/j.abb.2006.04.015,halogenated,Halogenated organics,"InChI=1S/C5H4N4O3/c10-3-1-2(7-4(11)6-1)8-5(12)9-3/h(H4,6,7,8,9,10,11,12)",LEHOTFFKMJEONL-UHFFFAOYSA-N
1690,vanillic acid,6.6,121-34-6,COC1=C(C=CC(=C1)C(=O)O)O,7,,10.1016/j.scitotenv.2020.136816,diol,Polyfunctional / highly functionalized,"InChI=1S/C8H8O4/c1-12-7-4-5(8(10)11)2-3-6(7)9/h2-4,9H,1H3,(H,10,11)",WKOLLVMJNQIZCI-UHFFFAOYSA-N
1691,vinyl acetate,5.204119983,108-05-4,CC(=O)OC=C,,,doi.org/10.1016/j.watres.2012.06.006,alcohol,Oxygenated organics,"InChI=1S/C4H6O2/c1-3-6-4(2)5/h3H,1H2,2H3",XTXRWKRVRITETP-UHFFFAOYSA-N
1692,vinyl bromide,4,593-60-2,C=CBr,,,doi.org/10.1016/j.watres.2012.06.006,halogenated,Halogenated organics,"InChI=1S/C2H3Br/c1-2-3/h2H,1H2",INLLPKCGLOXCIV-UHFFFAOYSA-N
1693,vinyl chloride,4.146128036,21370-57-0,C=CCl,,,doi.org/10.1016/j.watres.2012.06.006,halogenated,Halogenated organics,"InChI=1S/C2H3Cl/c1-2-3/h2H,1H2",BZHJMEDXRYGGRV-UHFFFAOYSA-N
1694,vinyl phosphonic acid (monoanion),4.431363764,1746-03-8,OP(C=C)(O)=O,,,doi.org/10.1016/j.watres.2012.06.006,phosphorus,Phosphorus-containing organics,"InChI=1S/C2H5O3P/c1-2-6(3,4)5/h2H,1H2,(H2,3,4,5)",ZTWTYVWXUKTLCP-UHFFFAOYSA-N
1695,vinylsulfonate ion,3.919078092,3039-83-6,C=CS(=O)([O-])=O.[Na+],,,doi.org/10.1016/j.watres.2012.06.006,"sulfide, disulfide",Sulfur-containing organics,"InChI=1S/C2H4O3S.Na/c1-2-6(3,4)5;/h2H,1H2,(H,3,4,5);/q;+1/p-1",BWYYYTVSBPRQCN-UHFFFAOYSA-M
1696,vitamin E,5.88,14638-18-7,CC1=C(C2=C(CC[C@@](O2)(C)CCC[C@H](C)CCC[C@H](C)CCCC(C)C)C(=C1O)C)C,7,,10.1016/j.scitotenv.2020.136816,alkane,Aliphatic hydrocarbons,"InChI=1S/C29H50O2/c1-20(2)12-9-13-21(3)14-10-15-22(4)16-11-18-29(8)19-17-26-25(7)27(30)23(5)24(6)28(26)31-29/h20-22,30H,9-19H2,1-8H3/t21-,22-,29-/m1/s1",GVJHHUAWPYXKBD-IEOSBIPESA-N
1697,·CH2CO2-,9.176091259,19513-45-2,O=C([O-])[CH2],9~10,,NIST,halogenated,Halogenated organics,"InChI=1S/C2H3O2/c1-2(3)4/h1H2,(H,3,4)/p-1",OHJDEAGRLYWOPX-UHFFFAOYSA-M
1698,·OH,8.041392685,3352-57-6,[OH],1~10,,NIST,alcohol,Oxygenated organics,InChI=1S/HO/h1H,TUJKJAMUKRIRHC-UHFFFAOYSA-N
1699,·OH,8,3352-57-6,[OH],10.3,,NIST,alcohol,Oxygenated organics,InChI=1S/HO/h1H,TUJKJAMUKRIRHC-UHFFFAOYSA-N
1700,α-Methylglucoside,0.204119983,97-30-3,O[C@H]1[C@H](O)[C@@H](O)[C@@H](OC)O[C@@H]1CO,4,,NIST,diol,Polyfunctional / highly functionalized,"InChI=1S/C7H14O6/c1-12-7-6(11)5(10)4(9)3(2-8)13-7/h3-11H,2H2,1H3/t3-,4-,5+,6-,7+/m1/s1",HOVAGTYPODGVJG-ZFYZTMLRSA-N
1701,α-Tocopherol,5.819543936,1406-18-4,CC1=C2C(O[C@@](CCC[C@H](C)CCC[C@H](C)CCCC(C)C)(C)CC2)=C(C)C(C)=C1O,6.8,,NIST,cyclo,Aromatic & PAHs,"InChI=1S/C29H50O2/c1-20(2)12-9-13-21(3)14-10-15-22(4)16-11-18-29(8)19-17-26-25(7)27(30)23(5)24(6)28(26)31-29/h20-22,30H,9-19H2,1-8H3/t21-,22-,29-/m1/s1",GVJHHUAWPYXKBD-IEOSBIPESA-N
1702,α-Tocopherol,5.505149978,1406-18-4,CC1=C2C(O[C@@](CCC[C@H](C)CCC[C@H](C)CCCC(C)C)(C)CC2)=C(C)C(C)=C1O,6.3,,NIST,cyclo,Aromatic & PAHs,"InChI=1S/C29H50O2/c1-20(2)12-9-13-21(3)14-10-15-22(4)16-11-18-29(8)19-17-26-25(7)27(30)23(5)24(6)28(26)31-29/h20-22,30H,9-19H2,1-8H3/t21-,22-,29-/m1/s1",GVJHHUAWPYXKBD-IEOSBIPESA-N
1703,α-Tocopherol,5.86332286,1406-18-4,CC1=C2C(O[C@@](CCC[C@H](C)CCC[C@H](C)CCCC(C)C)(C)CC2)=C(C)C(C)=C1O,7.1,,NIST,cyclo,Aromatic & PAHs,"InChI=1S/C29H50O2/c1-20(2)12-9-13-21(3)14-10-15-22(4)16-11-18-29(8)19-17-26-25(7)27(30)23(5)24(6)28(26)31-29/h20-22,30H,9-19H2,1-8H3/t21-,22-,29-/m1/s1",GVJHHUAWPYXKBD-IEOSBIPESA-N
1704,α-Tocopherol,5.875061263,1406-18-4,CC1=C2C(O[C@@](CCC[C@H](C)CCC[C@H](C)CCCC(C)C)(C)CC2)=C(C)C(C)=C1O,7,,NIST,cyclo,Aromatic & PAHs,"InChI=1S/C29H50O2/c1-20(2)12-9-13-21(3)14-10-15-22(4)16-11-18-29(8)19-17-26-25(7)27(30)23(5)24(6)28(26)31-29/h20-22,30H,9-19H2,1-8H3/t21-,22-,29-/m1/s1",GVJHHUAWPYXKBD-IEOSBIPESA-N
1705,α-Tocopherol,4.113943352,1406-18-4,CC1=C2C(O[C@@](CCC[C@H](C)CCC[C@H](C)CCCC(C)C)(C)CC2)=C(C)C(C)=C1O,2.3,,NIST,cyclo,Aromatic & PAHs,"InChI=1S/C29H50O2/c1-20(2)12-9-13-21(3)14-10-15-22(4)16-11-18-29(8)19-17-26-25(7)27(30)23(5)24(6)28(26)31-29/h20-22,30H,9-19H2,1-8H3/t21-,22-,29-/m1/s1",GVJHHUAWPYXKBD-IEOSBIPESA-N
1706,α-Tocopherol,4.176091259,1406-18-4,CC1=C2C(O[C@@](CCC[C@H](C)CCC[C@H](C)CCCC(C)C)(C)CC2)=C(C)C(C)=C1O,2.8,,NIST,cyclo,Aromatic & PAHs,"InChI=1S/C29H50O2/c1-20(2)12-9-13-21(3)14-10-15-22(4)16-11-18-29(8)19-17-26-25(7)27(30)23(5)24(6)28(26)31-29/h20-22,30H,9-19H2,1-8H3/t21-,22-,29-/m1/s1",GVJHHUAWPYXKBD-IEOSBIPESA-N
1707,α-Tocopherol,4.342422681,1406-18-4,CC1=C2C(O[C@@](CCC[C@H](C)CCC[C@H](C)CCCC(C)C)(C)CC2)=C(C)C(C)=C1O,2.9,,NIST,cyclo,Aromatic & PAHs,"InChI=1S/C29H50O2/c1-20(2)12-9-13-21(3)14-10-15-22(4)16-11-18-29(8)19-17-26-25(7)27(30)23(5)24(6)28(26)31-29/h20-22,30H,9-19H2,1-8H3/t21-,22-,29-/m1/s1",GVJHHUAWPYXKBD-IEOSBIPESA-N
1708,α-Tocopherol,5.041392685,1406-18-4,CC1=C2C(O[C@@](CCC[C@H](C)CCC[C@H](C)CCCC(C)C)(C)CC2)=C(C)C(C)=C1O,4.8,,NIST,cyclo,Aromatic & PAHs,"InChI=1S/C29H50O2/c1-20(2)12-9-13-21(3)14-10-15-22(4)16-11-18-29(8)19-17-26-25(7)27(30)23(5)24(6)28(26)31-29/h20-22,30H,9-19H2,1-8H3/t21-,22-,29-/m1/s1",GVJHHUAWPYXKBD-IEOSBIPESA-N
1709,α-Tocopheryl acetate,4.176091259,7695-91-2,CC1=C2C(O[C@@](CCC[C@H](C)CCC[C@H](C)CCCC(C)C)(C)CC2)=C(C)C(C)=C1OC(C)=O,5.8,,NIST,alcohol,Oxygenated organics,"InChI=1S/C31H52O3/c1-21(2)13-10-14-22(3)15-11-16-23(4)17-12-19-31(9)20-18-28-26(7)29(33-27(8)32)24(5)25(6)30(28)34-31/h21-23H,10-20H2,1-9H3/t22-,23-,31-/m1/s1",ZAKOWWREFLAJOT-CEFNRUSXSA-N
1710,α-Tocopheryl acetate,4.113943352,7695-91-2,CC1=C2C(O[C@@](CCC[C@H](C)CCC[C@H](C)CCCC(C)C)(C)CC2)=C(C)C(C)=C1OC(C)=O,2.3,,NIST,alcohol,Oxygenated organics,"InChI=1S/C31H52O3/c1-21(2)13-10-14-22(3)15-11-16-23(4)17-12-19-31(9)20-18-28-26(7)29(33-27(8)32)24(5)25(6)30(28)34-31/h21-23H,10-20H2,1-9H3/t22-,23-,31-/m1/s1",ZAKOWWREFLAJOT-CEFNRUSXSA-N
1711,α-Tocopheryl acetate,4.255272505,7695-91-2,CC1=C2C(O[C@@](CCC[C@H](C)CCC[C@H](C)CCCC(C)C)(C)CC2)=C(C)C(C)=C1OC(C)=O,6.9,,NIST,alcohol,Oxygenated organics,"InChI=1S/C31H52O3/c1-21(2)13-10-14-22(3)15-11-16-23(4)17-12-19-31(9)20-18-28-26(7)29(33-27(8)32)24(5)25(6)30(28)34-31/h21-23H,10-20H2,1-9H3/t22-,23-,31-/m1/s1",ZAKOWWREFLAJOT-CEFNRUSXSA-N
1712,α-tocopheryl acetate,4.26,7695-91-2,CC1=C2C(O[C@@](CCC[C@H](C)CCC[C@H](C)CCCC(C)C)(C)CC2)=C(C)C(C)=C1OC(C)=O.CC3=C4C(O[C@](CCC[C@@H](C)CCC[C@@H](C)CCCC(C)C)(C)CC4)=C(C)C(C)=C3OC(C)=O,6.9,,doi.org/10.1016/j.watres.2012.06.006,diol,Polyfunctional / highly functionalized,"InChI=1S/2C31H52O3/c2*1-21(2)13-10-14-22(3)15-11-16-23(4)17-12-19-31(9)20-18-28-26(7)29(33-27(8)32)24(5)25(6)30(28)34-31/h2*21-23H,10-20H2,1-9H3/t2*22-,23-,31-/m10/s1",ZEATWFXXHRYSDJ-XDCDWSORSA-N
1713,β-Ala-,4.792391689,107-95-9,O=C(O)CCN,5,,NIST,halogenated,Halogenated organics,"InChI=1S/C3H7NO2/c4-2-1-3(5)6/h1-2,4H2,(H,5,6)",UCMIRNVEIXFBKS-UHFFFAOYSA-N
1714,β-cyclocitral,3.832508913,432-25-7,CC1=C(C=O)C(C)(C)CCC1,2.3,,https://doi.org/10.1021/acs.est.4c07119,cyclo,Aromatic & PAHs,"InChI=1S/C10H16O/c1-8-5-4-6-10(2,3)9(8)7-11/h7H,4-6H2,1-3H3",MOQGCGNUWBPGTQ-UHFFFAOYSA-N
