No.,Chemical compound,Logk,Cas,Smiles,Ph,T,Ref,Pubchem_cid,Chemical_class_27,Chemical_class_coarse,InChI,InChIKey
1,4-Nitrophenol,6.4,100-02-7,O=[N+] ([O-]) c1ccc(O)cc1,8.8,,https://doi.org/10.1016/0045-6535(87)90004-X,,phenol,Oxygenated organics,"InChI=1S/C6H5NO3/c8-6-3-1-5(2-4-6)7(9)10/h1-4,8H",BTJIUGUIPKRLHP-UHFFFAOYSA-N
2,4-Nitrophenol,6.48,100-02-7,O=[N+] ([O-]) c1ccc(O)cc1,10,,https://doi.org/10.1080/02772249009357622,,phenol,Oxygenated organics,"InChI=1S/C6H5NO3/c8-6-3-1-5(2-4-6)7(9)10/h1-4,8H",BTJIUGUIPKRLHP-UHFFFAOYSA-N
3,Microcystin YR,8.01,101064-48-6,[H]/N=C (\N) NCCC····(C(=O) O) N[C@H]1Cc1ccc(O)cc1,11.6,,https://doi.org/10.1021/acs.est.1c04194,,amine,Nitrogen-containing organics,,
4,Methionine methyl,6.85,10332-17-9,COC(=O) [C@@H] (N)CCSC,7,,https://doi.org/10.1111/j.1751-1097.1993.tb02317.x,,"sulfide, disulfide",Sulfur-containing organics,"InChI=1S/C6H13NO2S/c1-9-6(8)5(7)3-4-10-2/h5H,3-4,7H2,1-2H3/t5-/m0/s1",UIHPNZDZCOEZEN-YFKPBYRVSA-N
5,Imazapic,5.79,104098-48-8,Cc1cnc(C2=N[C@@] (C)(C(C)C) C(=O) N2) c(C(=O) O) c1,7,,https://doi.org/10.1016/j.scitotenv.2022.160473,,pyridine,Heterocycles,"InChI=1S/C14H17N3O3/c1-7(2)14(4)13(20)16-11(17-14)10-9(12(18)19)5-8(3)6-15-10/h5-7H,1-4H3,(H,18,19)(H,16,17,20)/t14-/m0/s1",PVSGXWMWNRGTKE-AWEZNQCLSA-N
6,mesotrione,5.84,104206-82-8,CS(=O) (=O) c1ccc(C(=O) C2C(=O) CCCC2=O) c([N+] (=O) [O-]) c1,8.51,,https://doi.org/10.1021/es3030808,,sulfoxide,Sulfur-containing organics,"InChI=1S/C14H13NO7S/c1-23(21,22)8-5-6-9(10(7-8)15(19)20)14(18)13-11(16)3-2-4-12(13)17/h5-7,13H,2-4H2,1H3",KPUREKXXPHOJQT-UHFFFAOYSA-N
7,"2,4-dimethylphenol",6.36,105-67-9,Cc1ccc(O)c(C)c1,3,,https://doi.org/10.1039/C6EM00580B,,phenol,Oxygenated organics,"InChI=1S/C8H10O/c1-6-3-4-8(9)7(2)5-6/h3-5,9H,1-2H3",KUFFULVDNCHOFZ-UHFFFAOYSA-N
8,carbendazim,6.3,10605-21-7,COC(=O) Nc1nc2ccccc2[nH]1,6,,https://doi.org/10.1016/j.chemosphere.2006.02.057,,imidazole,Heterocycles,"InChI=1S/C9H9N3O2/c1-14-9(13)12-8-10-6-4-2-3-5-7(6)11-8/h2-5H,1H3,(H2,10,11,12,13)",TWFZGCMQGLPBSX-UHFFFAOYSA-N
9,4-bromophenol,8.18,106-41-2,Oc1ccc (Br)cc1,11,,https://doi.org/10.1139/v93-160,,halogenated,Halogenated organics,"InChI=1S/C6H5BrO/c7-5-1-3-6(8)4-2-5/h1-4,8H",GZFGOTFRPZRKDS-UHFFFAOYSA-N
10,p-Cresol,7.04,106-44-5,Cc1ccc(O)cc1,8.3,,https://doi.org/10.1016/0045-6535(87)90004-X,,phenol,Oxygenated organics,"InChI=1S/C7H8O/c1-6-2-4-7(8)5-3-6/h2-5,8H,1H3",IWDCLRJOBJJRNH-UHFFFAOYSA-N
11,p-Cresol,7.38,106-44-5,Cc1ccc(O)cc1,8.8,,https://doi.org/10.1016/0045-6535(87)90004-X,,phenol,Oxygenated organics,"InChI=1S/C7H8O/c1-6-2-4-7(8)5-3-6/h2-5,8H,1H3",IWDCLRJOBJJRNH-UHFFFAOYSA-N
12,p-Cresol,8.2,106-44-5,Cc1ccc(O)cc1,10,,https://doi.org/10.1016/0045-6535(87)90004-X,,phenol,Oxygenated organics,"InChI=1S/C7H8O/c1-6-2-4-7(8)5-3-6/h2-5,8H,1H3",IWDCLRJOBJJRNH-UHFFFAOYSA-N
13,p-Cresol,8.54,106-44-5,Cc1ccc(O)cc1,11.5,,https://doi.org/10.1016/0045-6535(87)90004-X,,phenol,Oxygenated organics,"InChI=1S/C7H8O/c1-6-2-4-7(8)5-3-6/h2-5,8H,1H3",IWDCLRJOBJJRNH-UHFFFAOYSA-N
14,p-Cresol,8.55,106-44-5,Cc1ccc(O)cc1,12,,https://doi.org/10.1039/C6EM00580B,,phenol,Oxygenated organics,"InChI=1S/C7H8O/c1-6-2-4-7(8)5-3-6/h2-5,8H,1H3",IWDCLRJOBJJRNH-UHFFFAOYSA-N
15,4-chlorophenol,8,106-48-9,Oc1ccc (Cl)cc1,11,,https://doi.org/10.1139/v93-160,,halogenated,Halogenated organics,"InChI=1S/C6H5ClO/c7-5-1-3-6(8)4-2-5/h1-4,8H",WXNZTHHGJRFXKQ-UHFFFAOYSA-N
16,"2,5-dihydroxy biphenyl",7.38,1079-21-6,Oc1ccc(O)c(-c2ccccc2) c1,8,,https://doi.org/10.1016/0045-6535(93)90113-J,,phenol,Oxygenated organics,"InChI=1S/C12H10O2/c13-10-6-7-12(14)11(8-10)9-4-2-1-3-5-9/h1-8,13-14H",XCZKKZXWDBOGPA-UHFFFAOYSA-N
17,3-methylphenol,7.26,108-39-4,Cc1cccc(O)c1,3,,https://doi.org/10.1039/C6EM00580B,,phenol,Oxygenated organics,"InChI=1S/C7H8O/c1-6-3-2-4-7(8)5-6/h2-5,8H,1H3",RLSSMJSEOOYNOY-UHFFFAOYSA-N
18,3-methylphenol,8.31,108-39-4,Cc1cccc(O)c1,12,,https://doi.org/10.1039/C6EM00580B,,phenol,Oxygenated organics,"InChI=1S/C7H8O/c1-6-3-2-4-7(8)5-6/h2-5,8H,1H3",RLSSMJSEOOYNOY-UHFFFAOYSA-N
19,3-chlorophenol,6.52,108-43-0,Oc1cccc (Cl)c1,3,,https://doi.org/10.1039/C6EM00580B,,halogenated,Halogenated organics,"InChI=1S/C6H5ClO/c7-5-2-1-3-6(8)4-5/h1-4,8H",HORNXRXVQWOLPJ-UHFFFAOYSA-N
20,3-chlorophenol,7.18,108-43-0,Oc1cccc (Cl)c1,11.5,,https://doi.org/10.1080/02772249009357622,,halogenated,Halogenated organics,"InChI=1S/C6H5ClO/c7-5-2-1-3-6(8)4-5/h1-4,8H",HORNXRXVQWOLPJ-UHFFFAOYSA-N
21,3-chlorophenol,8.17,108-43-0,Oc1cccc (Cl)c1,12,,https://doi.org/10.1039/C6EM00580B,,halogenated,Halogenated organics,"InChI=1S/C6H5ClO/c7-5-2-1-3-6(8)4-5/h1-4,8H",HORNXRXVQWOLPJ-UHFFFAOYSA-N
22,Phenol,6.4,108-95-2,Oc1ccccc1,8,,https://doi.org/10.1016/0045-6535(87)90004-X,,phenol,Oxygenated organics,"InChI=1S/C6H6O/c7-6-4-2-1-3-5-6/h1-5,7H",ISWSIDIOOBJBQZ-UHFFFAOYSA-N
23,Phenol,7.28,108-95-2,Oc1ccccc1,9,,https://doi.org/10.1016/0045-6535(87)90004-X,,phenol,Oxygenated organics,"InChI=1S/C6H6O/c7-6-4-2-1-3-5-6/h1-5,7H",ISWSIDIOOBJBQZ-UHFFFAOYSA-N
24,Phenol,7.66,108-95-2,Oc1ccccc1,9.5,,https://doi.org/10.1016/0045-6535(87)90004-X,,phenol,Oxygenated organics,"InChI=1S/C6H6O/c7-6-4-2-1-3-5-6/h1-5,7H",ISWSIDIOOBJBQZ-UHFFFAOYSA-N
25,Phenol,7.95,108-95-2,Oc1ccccc1,10,,https://doi.org/10.1016/0045-6535(87)90004-X,,phenol,Oxygenated organics,"InChI=1S/C6H6O/c7-6-4-2-1-3-5-6/h1-5,7H",ISWSIDIOOBJBQZ-UHFFFAOYSA-N
26,Phenol,8.26,108-95-2,Oc1ccccc1,11.5,,https://doi.org/10.1016/0045-6535(87)90004-X,,phenol,Oxygenated organics,"InChI=1S/C6H6O/c7-6-4-2-1-3-5-6/h1-5,7H",ISWSIDIOOBJBQZ-UHFFFAOYSA-N
27,3-Hydroxypyridine,7.41,109-00-2,Oc1cccnc1,7,,https://doi.org/10.1016/S1010-6030(99)00115-X,,pyridine,Heterocycles,"InChI=1S/C5H5NO/c7-5-2-1-3-6-4-5/h1-4,7H",GRFNBEZIAWKNCO-UHFFFAOYSA-N
28,3-Hydroxypyridine,8.41,109-00-2,Oc1cccnc1,11,,https://doi.org/10.1016/S1010-6030(99)00115-X,,pyridine,Heterocycles,"InChI=1S/C5H5NO/c7-5-2-1-3-6-4-5/h1-4,7H",GRFNBEZIAWKNCO-UHFFFAOYSA-N
29,allylthiourea,6.6,109-57-9,C=CCNC(N)=S,7.1,,https://doi.org/10.1111/j.1751-1097.1978.tb07557.x,,sulfur-containing,Sulfur-containing organics,"InChI=1S/C4H8N2S/c1-2-3-6-4(5)7/h2H,1,3H2,(H3,5,6,7)",HTKFORQRBXIQHD-UHFFFAOYSA-N
30,pyrrole,8.7,109-97-7,c1cc[nH]c1,7,,https://doi.org/10.1021/acs.est.9b03948,,heterocycle,Heterocycles,InChI=1S/C4H5N/c1-2-4-5-3-1/h1-5H,KAESVJOAVNADME-UHFFFAOYSA-N
31,2-methyl-3-hydroxypyridine,7.72,1121-25-1,Cc1ncccc1O,7,,https://doi.org/10.1016/S1010-6030(99)00115-X,,pyridine,Heterocycles,"InChI=1S/C6H7NO/c1-5-6(8)3-2-4-7-5/h2-4,8H,1H3",AQSRRZGQRFFFGS-UHFFFAOYSA-N
32,2-methyl-3-hydroxypyridine,8.45,1121-25-1,Cc1ncccc1O,11,,https://doi.org/10.1016/S1010-6030(99)00115-X,,pyridine,Heterocycles,"InChI=1S/C6H7NO/c1-5-6(8)3-2-4-7-5/h2-4,8H,1H3",AQSRRZGQRFFFGS-UHFFFAOYSA-N
33,glycyl-tyrosyl-alanine,8,112898-27-8,C[C@H] (NC(=O) [C@H] (Cc1ccc(O)cc1) NC(=O) CN) C(=O) O,11.5,,https://doi.org/10.1007/bf00805805,,phenol,Oxygenated organics,"InChI=1S/C14H19N3O5/c1-8(14(21)22)16-13(20)11(17-12(19)7-15)6-9-2-4-10(18)5-3-9/h2-5,8,11,18H,6-7,15H2,1H3,(H,16,20)(H,17,19)(H,21,22)/t8-,11-/m0/s1",UIQGJYUEQDOODF-KWQFWETISA-N
34,"7,8-dihydroxanthopterin",8.88,1131-35-7,Nc1nc2c(c(=O) [nH]1) NC(=O) CN2,7,,https://doi.org/10.1021/jp071278h,,amide,Nitrogen-containing organics,"InChI=1S/C6H7N5O2/c7-6-10-4-3(5(13)11-6)9-2(12)1-8-4/h1H2,(H,9,12)(H4,7,8,10,11,13)",JLRDKNBQJOODBP-UHFFFAOYSA-N
35,2-methyl-3-butene-2-ol,5.9,115-18-4,C=CC(C)(C) O,5.1,,https://doi.org/10.1021/es503656m,,alkene,Aliphatic hydrocarbons,"InChI=1S/C5H10O/c1-4-5(2,3)6/h4,6H,1H2,2-3H3",HNVRRHSXBLFLIG-UHFFFAOYSA-N
36,Succinylsulfathiazole,8.06,116-43-8,O=C(O)CCC(=O) Nc1ccc(S(=O) (=O) Nc2nccs2) cc,12,,https://doi.org/10.1016/S0143-7208(00)00010-3,,alkane,Aliphatic hydrocarbons,,
37,Succinylsulfathiazole,5.78,116-43-8,O=C(O)CCC(=O) Ncccc1 (S(=O) (=O) Nc2nccs2) cc,6,,https://doi.org/10.1016/S0143-7208(00)00010-3,,alkane,Aliphatic hydrocarbons,,
38,"2,4,6-tribromophenol",6.43,118-79-6,Oc1c(Br)cc (Br)cc1Br,3,,https://doi.org/10.1039/C6EM00580B,,halogenated,Halogenated organics,"InChI=1S/C6H3Br3O/c7-3-1-4(8)6(10)5(9)2-3/h1-2,10H",BSWWXRFVMJHFBN-UHFFFAOYSA-N
39,"2,4,6-tribromophenol",7.92,118-79-6,Oc1c(Br)cc (Br)cc1Br,12,,https://doi.org/10.1039/C6EM00580B,,halogenated,Halogenated organics,"InChI=1S/C6H3Br3O/c7-3-1-4(8)6(10)5(9)2-3/h1-2,10H",BSWWXRFVMJHFBN-UHFFFAOYSA-N
40,pteroic acid,7.08,119-24-4,Nc1nc2ncc (CNc3ccc(C(=O) O) cc) nc2c(=O) [nH]1,10.5,,https://doi.org/10.1562/2006-09-15-ra-1041,,carboxylic acid,Oxygenated organics,,
41,2-nitro-4-methylphenolate,7.45,119-33-5,Cc1ccc(O)c([N+] (=O) [O-]) c1,10,,https://doi.org/10.1080/02772249009357622,,phenol,Oxygenated organics,"InChI=1S/C7H7NO3/c1-5-2-3-7(9)6(4-5)8(10)11/h2-4,9H,1H3",SYDNSSSQVSOXTN-UHFFFAOYSA-N
42,Indole,7.64,120-72-9,c1ccc2[nH]ccc2c1,7.5,,https://doi.org/10.1039/C5EM00045A,,heterocycle,Heterocycles,"InChI=1S/C8H7N/c1-2-4-8-7(3-1)5-6-9-8/h1-6,9H",SIKJAQJRHWYJAI-UHFFFAOYSA-N
43,"2,4-Dichlorophenol",6.3,120-83-2,Oc1ccc (Cl)cc1Cl,6,,https://doi.org/10.1016/0045-6535(87)90004-X,,halogenated,Halogenated organics,"InChI=1S/C6H4Cl2O/c7-4-1-2-6(9)5(8)3-4/h1-3,9H",HFZWRUODUSTPEG-UHFFFAOYSA-N
44,"2,4-Dichlorophenol",7,120-83-2,Oc1ccc (Cl)cc1Cl,6.6,,https://doi.org/10.1016/0045-6535(87)90004-X,,halogenated,Halogenated organics,"InChI=1S/C6H4Cl2O/c7-4-1-2-6(9)5(8)3-4/h1-3,9H",HFZWRUODUSTPEG-UHFFFAOYSA-N
45,"2,4-Dichlorophenol",7.18,120-83-2,Oc1ccc (Cl)cc1Cl,7,,https://doi.org/10.1016/0045-6535(87)90004-X,,halogenated,Halogenated organics,"InChI=1S/C6H4Cl2O/c7-4-1-2-6(9)5(8)3-4/h1-3,9H",HFZWRUODUSTPEG-UHFFFAOYSA-N
46,"2,4-Dichlorophenol",7.88,120-83-2,Oc1ccc (Cl)cc1Cl,7.9,,https://doi.org/10.1016/0045-6535(87)90004-X,,halogenated,Halogenated organics,"InChI=1S/C6H4Cl2O/c7-4-1-2-6(9)5(8)3-4/h1-3,9H",HFZWRUODUSTPEG-UHFFFAOYSA-N
47,"2,4-Dichlorophenol",8.08,120-83-2,Oc1ccc (Cl)cc1Cl,9,,https://doi.org/10.1016/0045-6535(87)90004-X,,halogenated,Halogenated organics,"InChI=1S/C6H4Cl2O/c7-4-1-2-6(9)5(8)3-4/h1-3,9H",HFZWRUODUSTPEG-UHFFFAOYSA-N
48,"2,4-Dichlorophenol",8.08,120-83-2,Oc1ccc (Cl)cc1Cl,9.6,,https://doi.org/10.1016/0045-6535(87)90004-X,,halogenated,Halogenated organics,"InChI=1S/C6H4Cl2O/c7-4-1-2-6(9)5(8)3-4/h1-3,9H",HFZWRUODUSTPEG-UHFFFAOYSA-N
49,vanillin,6.66,121-33-5,COc1cc(C=O) ccc1O,5,,https://doi.org/10.1016/j.watres.2023.120586,,aldehyde,Oxygenated organics,"InChI=1S/C8H8O3/c1-11-8-4-6(5-9)2-3-7(8)10/h2-5,10H,1H3",MWOOGOJBHIARFG-UHFFFAOYSA-N
50,"7,8-dihydroneopterin",8.62,1218-98-0,Nc1nc2c(c(=O) [nH]1) N=C([C@H] (O)[C@H] (O)CO) CN2,7,,https://doi.org/10.1021/jp071278h,,amine,Nitrogen-containing organics,"InChI=1S/C9H13N5O4/c10-9-13-7-5(8(18)14-9)12-3(1-11-7)6(17)4(16)2-15/h4,6,15-17H,1-2H2,(H4,10,11,13,14,18)/t4-,6+/m1/s1",YQIFAMYNGGOTFB-XINAWCOVSA-N
51,maleic hydrazide,7.18,123-33-1,O=c1ccc(=O) [nH][nH]1,7,,https://doi.org/10.1016/j.jphotobiol.2014.04.002,,heterocycle,Heterocycles,"InChI=1S/C4H4N2O2/c7-3-1-2-4(8)6-5-3/h1-2H,(H,5,7)(H,6,8)",BGRDGMRNKXEXQD-UHFFFAOYSA-N
52,maleic hydrazide,8.08,123-33-1,O=c1ccc(=O) [nH][nH]1,9,,https://doi.org/10.1016/j.jphotobiol.2014.04.002,,heterocycle,Heterocycles,"InChI=1S/C4H4N2O2/c7-3-1-2-4(8)6-5-3/h1-2H,(H,5,7)(H,6,8)",BGRDGMRNKXEXQD-UHFFFAOYSA-N
53,Sulfisoxazole,7.74,127-69-5,Cc1noc (NS(=O) (=O) c2ccc(N)cc2) c1C,10.2,,https://doi.org/10.1021/es0353053,,sulfoxide,Sulfur-containing organics,"InChI=1S/C11H13N3O3S/c1-7-8(2)13-17-11(7)14-18(15,16)10-5-3-9(12)4-6-10/h3-6,14H,12H2,1-2H3",NHUHCSRWZMLRLA-UHFFFAOYSA-N
54,Sulfamerazine,6.96,127-79-7,Cc1ccnc (NS(=O) (=O) c2ccc(N)cc2) n1,8,,https://doi.org/10.1021/es048331p,,sulfoxide,Sulfur-containing organics,"InChI=1S/C11H12N4O2S/c1-8-6-7-13-11(14-8)15-18(16,17)10-4-2-9(12)3-5-10/h2-7H,12H2,1H3,(H,13,14,15)",QPPBRPIAZZHUNT-UHFFFAOYSA-N
55,rhamnopterin,6.38,13392-24-0,C[C@@H] (O)[C@H] (O)[C@H] (O)c1cnc2nc(N)[nH]c(=O) c2n1,10.5,,https://doi.org/10.1562/2006-09-15-ra-1041,,amine,Nitrogen-containing organics,"InChI=1S/C10H13N5O4/c1-3(16)6(17)7(18)4-2-12-8-5(13-4)9(19)15-10(11)14-8/h2-3,6-7,16-18H,1H3,(H3,11,12,14,15,19)/t3-,6+,7-/m1/s1",QSVZLFABRHDXRR-QXGXAUQUSA-N
56,lamivudine,5.72,134678-17-4,Nc1ccn([C@@H]2CS[C@H] (CO)O2) c(=O) n1,7,,https://doi.org/10.1016/j.chemosphere.2015.08.033,,"sulfide, disulfide",Sulfur-containing organics,"InChI=1S/C8H11N3O3S/c9-5-1-2-11(8(13)10-5)6-4-15-7(3-12)14-6/h1-2,6-7,12H,3-4H2,(H2,9,10,13)/t6-,7+/m0/s1",JTEGQNOMFQHVDC-NKWVEPMBSA-N
57,2-hydroxynaphthalene,6.93,135-19-3,Oc1ccc2ccccc2c1,7,,https://doi.org/10.1016/S1010-6030(99)00172-0,,phenol,Oxygenated organics,"InChI=1S/C10H8O/c11-10-6-5-8-3-1-2-4-9(8)7-10/h1-7,11H",JWAZRIHNYRIHIV-UHFFFAOYSA-N
58,2-hydroxynaphthalene,8.4,135-19-3,Oc1ccc2ccccc2c1,11,,https://doi.org/10.1016/S1010-6030(99)00172-0,,phenol,Oxygenated organics,"InChI=1S/C10H8O/c11-10-6-5-8-3-1-2-4-9(8)7-10/h1-7,11H",JWAZRIHNYRIHIV-UHFFFAOYSA-N
59,Pindolol,8.06,13523-86-9,CC(C) ···c1cccc2[nH]ccc12,6,,https://doi.org/10.1039/b203359c,,alkane,Aliphatic hydrocarbons,,
60,Tolfenamic acid,7.11,13710-19-5,Cc1c(Cl)cccc1Nc1ccccc1C(=O) O,7.5,,https://doi.org/10.1039/c7em00079k,,carboxylic acid,Oxygenated organics,"InChI=1S/C14H12ClNO2/c1-9-11(15)6-4-8-12(9)16-13-7-3-2-5-10(13)14(17)18/h2-8,16H,1H3,(H,17,18)",YEZNLOUZAIOMLT-UHFFFAOYSA-N
61,Imidacloprid,6.58,138261-41-3,O=[N+] ([O-])/N=C1\NCCN1Cc1ccc (Cl)nc1,7,,https://doi.org/10.1016/j.cej.2023.145636,,halogenated,Halogenated organics,"InChI=1S/C9H10ClN5O2/c10-8-2-1-7(5-12-8)6-14-4-3-11-9(14)13-15(16)17/h1-2,5H,3-4,6H2,(H,11,13)",YWTYJOPNNQFBPC-UHFFFAOYSA-N
62,Gentamycin,5.42,1403-66-3,C[C@@H] ([C@@H]1CC[C@H] ···(CO3) (C)O) NC) O) N) N) N) NC,7,,https://doi.org/10.1021/acs.est.5b05234,,inorganic,Others / Unassigned,,
63,zeaxanthin,9.77,144-68-3,CC1=C(/C=C/C(C)···(O)CC2(C) C) C(C)(C) C[C@H] (O)C1,7.4,,https://doi.org/10.1021/acs.jafc.6b04329,,inorganic,Others / Unassigned,,
64,8-hydroxyquinoline,6.9,148-24-3,Oc1cccc2cccnc12,6,,https://doi.org/10.1016/S1010-6030(98)00394-3,,pyridine,Heterocycles,"InChI=1S/C9H7NO/c11-8-5-1-3-7-4-2-6-10-9(7)8/h1-6,11H",MCJGNVYPOGVAJF-UHFFFAOYSA-N
65,8-hydroxyquinoline,8.23,148-24-3,Oc1cccc2cccnc12,11,,https://doi.org/10.1016/S1010-6030(98)00394-3,,pyridine,Heterocycles,"InChI=1S/C9H7NO/c11-8-5-1-3-7-4-2-6-10-9(7)8/h1-6,11H",MCJGNVYPOGVAJF-UHFFFAOYSA-N
66,4-methoxyphenol,7.72,150-76-5,COc1ccc(O)cc1,7.6,,https://doi.org/10.1562/2006-09-15-ra-1041,,phenol,Oxygenated organics,"InChI=1S/C7H8O2/c1-9-7-4-2-6(8)3-5-7/h2-5,8H,1H3",NWVVVBRKAWDGAB-UHFFFAOYSA-N
67,"2,4-diaminoprimidine cation",6.48,156-81-0,Nc1ccnc(N)n1,6,,https://doi.org/10.1016/j.watres.2011.12.052,,amine,Nitrogen-containing organics,"InChI=1S/C4H6N4/c5-3-1-2-7-4(6)8-3/h1-2H,(H4,5,6,7,8)",YAAWASYJIRZXSZ-UHFFFAOYSA-N
68,bisphenol AP,7.34,1571-75-1,CC(c1ccccc1) (c1ccc(O)cc1) c1ccc(O)cc1,12,,https://doi.org/10.1039/C6EM00580B,,phenol,Oxygenated organics,"InChI=1S/C20H18O2/c1-20(15-5-3-2-4-6-15,16-7-11-18(21)12-8-16)17-9-13-19(22)14-10-17/h2-14,21-22H,1H3",VOWWYDCFAISREI-UHFFFAOYSA-N
69,Alachlor,5.52,15972-60-8,CCc1cccc (CC)c1N(COC)C(=O) CCl,8.51,,https://doi.org/10.1021/es3030808,,halogenated,Halogenated organics,"InChI=1S/C14H20ClNO2/c1-4-11-7-6-8-12(5-2)14(11)16(10-18-3)13(17)9-15/h6-8H,4-5,9-10H2,1-3H3",XCSGPAVHZFQHGE-UHFFFAOYSA-N
70,4-methyl-indole,8.09,16096-32-5,Cc1cccc2[nH]ccc12,6,,https://doi.org/10.1039/b203359c,,heterocycle,Heterocycles,"InChI=1S/C9H9N/c1-7-3-2-4-9-8(7)5-6-10-9/h2-6,10H,1H3",PZOUSPYUWWUPPK-UHFFFAOYSA-N
71,Anabaenopeptin B,7.98,161897-74-1,[H]/N=C(\N) NCCC···[C@H] (C(C)C) NC1=O) C(=O) O,11.6,,https://doi.org/10.1021/acs.est.1c04194,,amine,Nitrogen-containing organics,,
72,2-amino-3-hydroxypyridine,8.13,16867-03-1,Nc1ncccc1O,7,,https://doi.org/10.1016/S1010-6030(99)00115-X,,amine,Nitrogen-containing organics,"InChI=1S/C5H6N2O/c6-5-4(8)2-1-3-7-5/h1-3,8H,(H2,6,7)",BMTSZVZQNMNPCT-UHFFFAOYSA-N
73,2-amino-3-hydroxypyridine,8.46,16867-03-1,Nc1ncccc1O,11,,https://doi.org/10.1016/S1010-6030(99)00115-X,,amine,Nitrogen-containing organics,"InChI=1S/C5H6N2O/c6-5-4(8)2-1-3-7-5/h1-3,8H,(H2,6,7)",BMTSZVZQNMNPCT-UHFFFAOYSA-N
74,Clopyralid,5.85,1702-17-6,O=C(O)c1nc (Cl)ccc1Cl,8.51,,https://doi.org/10.1021/es3030808,,pyridine,Heterocycles,"InChI=1S/C6H3Cl2NO2/c7-3-1-2-4(8)9-5(3)6(10)11/h1-2H,(H,10,11)",HUBANNPOLNYSAD-UHFFFAOYSA-N
75,"2,2'--dihydroxy biphenyl",7.34,1806-29-7,Oc1ccccc1-c1ccccc1O,11,,https://doi.org/10.1016/0045-6535(93)90113-J,,phenol,Oxygenated organics,"InChI=1S/C12H10O2/c13-11-7-3-1-5-9(11)10-6-2-4-8-12(10)14/h1-8,13-14H",IMHDGJOMLMDPJN-UHFFFAOYSA-N
76,Atrazine,5.3,1912-24-9,CCNc1nc (Cl)nc(NC(C)C)n1,8.51,,https://doi.org/10.1021/es3030808,,triazine,Heterocycles,"InChI=1S/C8H14ClN5/c1-4-10-7-12-6(9)13-8(14-7)11-5(2)3/h5H,4H2,1-3H3,(H2,10,11,12,13,14)",MXWJVTOOROXGIU-UHFFFAOYSA-N
77,metoxuron,6.04,19937-59-8,COc1ccc (NC(=O) N(C)C) cc1Cl,8.51,,https://doi.org/10.1021/es3030808,,halogenated,Halogenated organics,"InChI=1S/C10H13ClN2O2/c1-13(2)10(14)12-7-4-5-9(15-3)8(11)6-7/h4-6H,1-3H3,(H,12,14)",DSRNRYQBBJQVCW-UHFFFAOYSA-N
78,2-chlorobiphenyl,6.05,2051-60-7,Clc1ccccc1-c1ccccc1,7.92,,https://doi.org/10.1007/s11356-021-17010-7,,halogenated,Halogenated organics,InChI=1S/C12H9Cl/c13-12-9-5-4-8-11(12)10-6-2-1-3-7-10/h1-9H,LAXBNTIAOJWAOP-UHFFFAOYSA-N
79,Coniferyl aldehyde,7.03,20649-42-7,COc1cc(/C=C/C=O) ccc1O,5,,https://doi.org/10.1016/j.watres.2023.120586,,aldehyde,Oxygenated organics,"InChI=1S/C10H10O3/c1-13-10-7-8(3-2-6-11)4-5-9(10)12/h2-7,12H,1H3/b3-2+",DKZBBWMURDFHNE-NSCUHMNNSA-N
80,Daunomycin,7.2,20830-81-3,COc1cccc2c1C(=O) c1c(O)c3c(c(O)c1C2=O) C···(C)O1,7.8,,https://doi.org/10.1016/0009-2614(89)87490-1,,phenol,Oxygenated organics,,
81,Cyanazine,5.23,21725-46-2,CCNc1nc (Cl)nc(NC(C)(C)CN)n1,8.51,,https://doi.org/10.1021/es3030808,,triazine,Heterocycles,"InChI=1S/C9H17ClN6/c1-4-12-7-13-6(10)14-8(15-7)16-9(2,3)5-11/h4-5,11H2,1-3H3,(H2,12,13,14,15,16)",HAHABHYRGAUUMG-UHFFFAOYSA-N
82,Nicotin,6.53,22083-74-5,CN1CCC[C@@H]1c1cccnc1,7,,https://doi.org/10.1016/j.watres.2014.02.016,,pyridine,Heterocycles,"InChI=1S/C10H14N2/c1-12-7-3-5-10(12)9-4-2-6-11-8-9/h2,4,6,8,10H,3,5,7H2,1H3/t10-/m1/s1",SNICXCGAKADSCV-SNVBAGLBSA-N
83,naproxen,6.82,22204-53-1,COc1ccc2cc([C@H] (C)C(=O) O) ccc2c1,7,,https://doi.org/10.1016/j.chemosphere.2017.08.110,,carboxylic acid,Oxygenated organics,"InChI=1S/C14H14O3/c1-9(14(15)16)10-3-4-12-8-13(17-2)6-5-11(12)7-10/h3-9H,1-2H3,(H,15,16)/t9-/m0/s1",CMWTZPSULFXXJA-VIFPVBQESA-N
84,naproxen,6.95,22204-53-1,COc1ccc2cc([C@H] (C)C(=O) O) ccc2c1,5,,https://doi.org/10.1016/j.chemosphere.2017.08.110,,carboxylic acid,Oxygenated organics,"InChI=1S/C14H14O3/c1-9(14(15)16)10-3-4-12-8-13(17-2)6-5-11(12)7-10/h3-9H,1-2H3,(H,15,16)/t9-/m0/s1",CMWTZPSULFXXJA-VIFPVBQESA-N
85,naproxen,7.15,22204-53-1,COc1ccc2cc([C@H] (C)C(=O) O) ccc2c1,3,,https://doi.org/10.1016/j.chemosphere.2017.08.110,,carboxylic acid,Oxygenated organics,"InChI=1S/C14H14O3/c1-9(14(15)16)10-3-4-12-8-13(17-2)6-5-11(12)7-10/h3-9H,1-2H3,(H,15,16)/t9-/m0/s1",CMWTZPSULFXXJA-VIFPVBQESA-N
86,pterin,5.4,2236-60-4,Nc1nc2nccnc2c(=O) [nH]1,10.5,,https://doi.org/10.1562/2006-09-15-ra-1041,,heterocycle,Heterocycles,"InChI=1S/C6H5N5O/c7-6-10-4-3(5(12)11-6)8-1-2-9-4/h1-2H,(H3,7,9,10,11,12)",HNXQXTQTPAJEJL-UHFFFAOYSA-N
87,diflunisal,6.28,22494-42-4,O=C(O)c1cc(-c2ccc(F)cc2F) ccc1O,7,,https://doi.org/10.1111/php.12114,,halogenated,Halogenated organics,"InChI=1S/C13H8F2O3/c14-8-2-3-9(11(15)6-8)7-1-4-12(16)10(5-7)13(17)18/h1-6,16H,(H,17,18)",HUPFGZXOMWLGNK-UHFFFAOYSA-N
88,Terbutaline,6.85,23031-25-6,CC(C)(C) NC [C@H] (O)c1cc(O)cc(O)c1,7,,https://doi.org/10.1016/j.watres.2013.08.029,,phenol,Oxygenated organics,"InChI=1S/C12H19NO3/c1-12(2,3)13-7-11(16)8-4-9(14)6-10(15)5-8/h4-6,11,13-16H,7H2,1-3H3/t11-/m0/s1",XWTYSIMOBUGWOL-NSHDSACASA-N
89,Adriamycin,7.18,23214-92-8,COc1cccc2c1C(=O) c1c(O)c3c(c(O)c1C2=O) ···(C)O1,7.8,,https://doi.org/10.1016/0009-2614(89)87490-1,,alkane,Aliphatic hydrocarbons,,
90,tyrosyl-glycine,7.63,23514-44-5,NCC(=O) N [C@@H] (Cc1ccc(O)cc1) C(=O) O,7,,https://doi.org/10.1016/1011-1344(91)80212-Z,,phenol,Oxygenated organics,"InChI=1S/C11H14N2O4/c12-6-10(15)13-9(11(16)17)5-7-1-3-8(14)4-2-7/h1-4,9,14H,5-6,12H2,(H,13,15)(H,16,17)/t9-/m0/s1",XBGGUPMXALFZOT-VIFPVBQESA-N
91,"2,6-dimethyl-4-bromophenol",8.59,2374-05-2,Cc1cc (Br)cc(C)c1O,11,,https://doi.org/10.1002/prac.19943360310,,halogenated,Halogenated organics,"InChI=1S/C8H9BrO/c1-5-3-7(9)4-6(2)8(5)10/h3-4,10H,1-2H3",ZLVFYUORUHNMBO-UHFFFAOYSA-N
92,4-hydroxyindole,8.16,2380-94-1,Oc1cccc2[nH]ccc12,6,,https://doi.org/10.1039/b203359c,,phenol,Oxygenated organics,"InChI=1S/C8H7NO/c10-8-3-1-2-7-6(8)4-5-9-7/h1-5,9-10H",NLMQHXUGJIAKTH-UHFFFAOYSA-N
93,"2,2,6,6-tetramethylpiperidin-4-ol",7.6,2403-88-5,CC1(C)CC(O)CC(C) (C)N1,8,,https://doi.org/10.1111/j.1751-1097.1980.tb02545.x,,amine,Nitrogen-containing organics,"InChI=1S/C9H19NO/c1-8(2)5-7(11)6-9(3,4)10-8/h7,10-11H,5-6H2,1-4H3",VDVUCLWJZJHFAV-UHFFFAOYSA-N
94,glycyl-L-histidine,7.92,2489-13-6,NCC(=O) N [C@@H] (Cc1c[nH]cn1) C(=O) O,7,,https://doi.org/10.1111/j.1751-1097.1993.tb02317.x,,imidazole,Heterocycles,"InChI=1S/C8H12N4O3/c9-2-7(13)12-6(8(14)15)1-5-3-10-4-11-5/h3-4,6H,1-2,9H2,(H,10,11)(H,12,13)(H,14,15)/t6-/m0/s1",YIWFXZNIBQBFHR-LURJTMIESA-N
95,L-histidylglycine,7.82,2578-58-7,N[C@@H] (Cc1c[nH]cn1) C(=O) NCC(=O) O,7,,https://doi.org/10.1111/j.1751-1097.1993.tb02317.x,,imidazole,Heterocycles,"InChI=1S/C8H12N4O3/c9-6(1-5-2-10-4-12-5)8(15)11-3-7(13)14/h2,4,6H,1,3,9H2,(H,10,12)(H,11,15)(H,13,14)/t6-/m0/s1",LYCVKHSJGDMDLM-LURJTMIESA-N
96,4-HOBt,8.12,26725-51-9,Oc1cccc2nn[nH]c12,7.5,,https://doi.org/10.1039/C5EM00045A,,phenol,Oxygenated organics,"InChI=1S/C6H5N3O/c10-5-3-1-2-4-6(5)8-9-7-4/h1-3,10H,(H,7,8,9)",JMTMSDXUXJISAY-UHFFFAOYSA-N
97,Timolol,7.79,26839-75-8,CC(C)(C) NC[C@H] (O)COc1nsnc1N1CCOCC1,6,,https://doi.org/10.1016/j.jhazmat.2013.02.035,,sulfur-containing,Sulfur-containing organics,"InChI=1S/C13H24N4O3S/c1-13(2,3)14-8-10(18)9-20-12-11(15-21-16-12)17-4-6-19-7-5-17/h10,14,18H,4-9H2,1-3H3/t10-/m0/s1",BLJRIMJGRPQVNF-JTQLQIEISA-N
98,Timolol,7.11,26839-75-8,CC(C)(C) NC[C@H] (O)COc1nsnc1N1CCOCC1,7,,https://doi.org/10.1016/j.jhazmat.2013.02.035,,sulfur-containing,Sulfur-containing organics,"InChI=1S/C13H24N4O3S/c1-13(2,3)14-8-10(18)9-20-12-11(15-21-16-12)17-4-6-19-7-5-17/h10,14,18H,4-9H2,1-3H3/t10-/m0/s1",BLJRIMJGRPQVNF-JTQLQIEISA-N
99,Timolol,6.81,26839-75-8,CC(C)(C) NC[C@H] (O)COc1nsnc1N1CCOCC1,8,,https://doi.org/10.1016/j.jhazmat.2013.02.035,,sulfur-containing,Sulfur-containing organics,"InChI=1S/C13H24N4O3S/c1-13(2,3)14-8-10(18)9-20-12-11(15-21-16-12)17-4-6-19-7-5-17/h10,14,18H,4-9H2,1-3H3/t10-/m0/s1",BLJRIMJGRPQVNF-JTQLQIEISA-N
100,Timolol,7.23,26839-75-8,CC(C)(C) NC[C@H] (O)COc1nsnc1N1CCOCC1,9,,https://doi.org/10.1016/j.jhazmat.2013.02.035,,sulfur-containing,Sulfur-containing organics,"InChI=1S/C13H24N4O3S/c1-13(2,3)14-8-10(18)9-20-12-11(15-21-16-12)17-4-6-19-7-5-17/h10,14,18H,4-9H2,1-3H3/t10-/m0/s1",BLJRIMJGRPQVNF-JTQLQIEISA-N
101,Timolol,7.67,26839-75-8,CC(C)(C) NC[C@H] (O)COc1nsnc1N1CCOCC1,10,,https://doi.org/10.1016/j.jhazmat.2013.02.035,,sulfur-containing,Sulfur-containing organics,"InChI=1S/C13H24N4O3S/c1-13(2,3)14-8-10(18)9-20-12-11(15-21-16-12)17-4-6-19-7-5-17/h10,14,18H,4-9H2,1-3H3/t10-/m0/s1",BLJRIMJGRPQVNF-JTQLQIEISA-N
102,"1,4-diazabicyclo [2.2.2] octane",8.45,280-57-9,C1CN2CCN1CC2,8,,https://doi.org/10.1111/j.1751-1097.1980.tb02545.x,,alkane,Aliphatic hydrocarbons,InChI=1S/C6H12N2/c1-2-8-5-3-7(1)4-6-8/h1-6H2,IMNIMPAHZVJRPE-UHFFFAOYSA-N
103,imidazole,7.57,288-32-4,c1c[nH]cn1,7.1,,https://doi.org/10.1111/j.1751-1097.1978.tb06973.x,,imidazole,Heterocycles,"InChI=1S/C3H4N2/c1-2-5-3-4-1/h1-3H,(H,4,5)",RAXXELZNTBOGNW-UHFFFAOYSA-N
104,imidazole,7.53,288-32-4,c1c[nH]cn1,7,,https://doi.org/10.1021/acs.est.1c01712,,imidazole,Heterocycles,"InChI=1S/C3H4N2/c1-2-5-3-4-1/h1-3H,(H,4,5)",RAXXELZNTBOGNW-UHFFFAOYSA-N
105,2-benzylphenol,7.64,28994-41-4,Oc1ccccc1Cc1ccccc1,11,,https://doi.org/10.1016/0045-6535(93)90113-J,,phenol,Oxygenated organics,"InChI=1S/C13H12O/c14-13-9-5-4-8-12(13)10-11-6-2-1-3-7-11/h1-9,14H,10H2",CDMGNVWZXRKJNS-UHFFFAOYSA-N
106,Chlorpyrifos,6.28,2921-88-2,CCOP(=S) (OCC)Oc1nc (Cl)c(Cl)cc1Cl,8.51,,https://doi.org/10.1021/es3030808,,halogenated,Halogenated organics,"InChI=1S/C9H11Cl3NO3PS/c1-3-14-17(18,15-4-2)16-9-7(11)5-6(10)8(12)13-9/h5H,3-4H2,1-2H3",SBPBAQFWLVIOKP-UHFFFAOYSA-N
107,zidovudine,4.83,30516-87-1,Cc1cn([CH]2C[CH] (N=[N+] =[N-]) [CH] (CO)O2) c(=O) [nH]c1=O,7,,https://doi.org/10.1016/j.chemosphere.2015.08.033,,alcohol,Oxygenated organics,"InChI=1S/C10H13N5O4/c1-5-3-15(10(18)12-9(5)17)8-2-6(13-14-11)7(4-16)19-8/h3,6-8,16H,2,4H2,1H3,(H,12,17,18)",HBOMLICNUCNMMY-UHFFFAOYSA-N
108,Carnosine,8.11,305-84-0,NCCC(=O) N[C@@H] (Cc1c[nH]cn1) C(=O) O,7.4,,https://doi.org/10.1016/j.jphotochem.2007.01.005,,imidazole,Heterocycles,"InChI=1S/C9H14N4O3/c10-2-1-8(14)13-7(9(15)16)3-6-4-11-5-12-6/h4-5,7H,1-3,10H2,(H,11,12)(H,13,14)(H,15,16)/t7-/m0/s1",CQOVPNPJLQNMDC-ZETCQYMHSA-N
109,Tobramycin,5.13,32986-56-4,NC[C@H]1O[C@H] (O[C@H]2[C@H] (O)[C@@H] ···O,7,,https://doi.org/10.1021/acs.est.5b05234,,inorganic,Others / Unassigned,,
110,diuron,5.46,330-54-1,CN(C)C(=O) Nc1ccc (Cl)c(Cl)c1,8.51,,https://doi.org/10.1021/es3030808,,halogenated,Halogenated organics,"InChI=1S/C9H10Cl2N2O/c1-13(2)9(14)12-6-3-4-7(10)8(11)5-6/h3-5H,1-2H3,(H,12,14)",XMTQQYYKAHVGBJ-UHFFFAOYSA-N
111,isoproturon,6,34123-59-6,CC(C)c1ccc (NC(=O) N(C)C) cc1,8.51,,https://doi.org/10.1021/es3030808,,urea,Nitrogen-containing organics,"InChI=1S/C12H18N2O/c1-9(2)10-5-7-11(8-6-10)13-12(15)14(3)4/h5-9H,1-4H3,(H,13,15)",PUIYMUZLKQOUOZ-UHFFFAOYSA-N
112,Acetochlor,5.72,34256-82-1,CCOCN(C(=O) CCl) c1c(C)cccc1CC,8.51,,https://doi.org/10.1021/es3030808,,halogenated,Halogenated organics,"InChI=1S/C14H20ClNO2/c1-4-12-8-6-7-11(3)14(12)16(10-18-5-2)13(17)9-15/h6-8H,4-5,9-10H2,1-3H3",VTNQPKFIQCLBDU-UHFFFAOYSA-N
113,Dithiothreitol,6.18,3483-12-3,O[C@@H] (CS)[C@@H] (O)CS,7.4,,https://doi.org/10.1016/1011-1344(91)80008-6,,thiol,Sulfur-containing organics,"InChI=1S/C4H10O2S2/c5-3(1-7)4(6)2-8/h3-8H,1-2H2/t3-,4-/m0/s1",VHJLVAABSRFDPM-IMJSIDKUSA-N
114,Diethylsulfide,7.26,352-93-2,CCSCC,7,,https://doi.org/10.1016/0045-6535(87)90004-X,,"sulfide, disulfide",Sulfur-containing organics,"InChI=1S/C4H10S/c1-3-5-4-2/h3-4H2,1-2H3",LJSQFQKUNVCTIA-UHFFFAOYSA-N
115,cis-3-hexenyl,6.59,3681-71-8,CC/C=C\CCOC(C)=O,5.1,,https://doi.org/10.1021/es503656m,,ester,Oxygenated organics,"InChI=1S/C8H14O2/c1-3-4-5-6-7-10-8(2)9/h4-5H,3,6-7H2,1-2H3/b5-4-",NPFVOOAXDOBMCE-PLNGDYQASA-N
116,4-fluorophenol,8.54,371-41-5,Oc1ccc(F)cc1,11,,https://doi.org/10.1139/v93-160,,halogenated,Halogenated organics,"InChI=1S/C6H5FO/c7-5-1-3-6(8)4-2-5/h1-4,8H",RHMPLDJJXGPMEX-UHFFFAOYSA-N
117,Amikacin,5.91,37517-28-5,NCC[C@H] ···[C@@H] (O)[C@H] (N)[C@H]1O,7,,https://doi.org/10.1021/acs.est.5b05234,,amine,Nitrogen-containing organics,,
118,glycyl-tyrosine,7.28,39630-46-1,NCC(=O) N[C@@H] (Cc1ccc(O)cc1) C(=O) OO,7,,https://doi.org/10.1016/1011-1344(91)80212-Z,,phenol,Oxygenated organics,"InChI=1S/C11H14N2O5/c12-6-10(15)13-9(11(16)18-17)5-7-1-3-8(14)4-2-7/h1-4,9,14,17H,5-6,12H2,(H,13,15)/t9-/m0/s1",CUKKKHACBJOFDK-VIFPVBQESA-N
119,Penciclovir,6.41,39809-25-1,Nc1nc2c(ncn2CCC(CO)CO) c(=O) [nH]1,5,,https://doi.org/10.1002/etc.3238,,imidazole,Heterocycles,"InChI=1S/C10H15N5O3/c11-10-13-8-7(9(18)14-10)12-5-15(8)2-1-6(3-16)4-17/h5-6,16-17H,1-4H2,(H3,11,13,14,18)",JNTOCHDNEULJHD-UHFFFAOYSA-N
120,Penciclovir,6.6,39809-25-1,Nc1nc2c(ncn2CCC(CO)CO) c(=O) [nH]1,7,,https://doi.org/10.1002/etc.3238,,imidazole,Heterocycles,"InChI=1S/C10H15N5O3/c11-10-13-8-7(9(18)14-10)12-5-15(8)2-1-6(3-16)4-17/h5-6,16-17H,1-4H2,(H3,11,13,14,18)",JNTOCHDNEULJHD-UHFFFAOYSA-N
121,Penciclovir,7.18,39809-25-1,Nc1nc2c(ncn2CCC(CO)CO) c(=O) [nH]1,9,,https://doi.org/10.1002/etc.3238,,imidazole,Heterocycles,"InChI=1S/C10H15N5O3/c11-10-13-8-7(9(18)14-10)12-5-15(8)2-1-6(3-16)4-17/h5-6,16-17H,1-4H2,(H3,11,13,14,18)",JNTOCHDNEULJHD-UHFFFAOYSA-N
122,Penciclovir,7.4,39809-25-1,Nc1nc2c(ncn2CCC(CO)CO) c(=O) [nH]1,10,,https://doi.org/10.1002/etc.3238,,imidazole,Heterocycles,"InChI=1S/C10H15N5O3/c11-10-13-8-7(9(18)14-10)12-5-15(8)2-1-6(3-16)4-17/h5-6,16-17H,1-4H2,(H3,11,13,14,18)",JNTOCHDNEULJHD-UHFFFAOYSA-N
123,MethyI jasmonate,6.78,39924-52-2,CC/C=C/C[C@@H]1C(=O) CC[C@H]1CC(=O) OC,5.1,,https://doi.org/10.1021/es503656m,,ester,Oxygenated organics,"InChI=1S/C13H20O3/c1-3-4-5-6-11-10(7-8-12(11)14)9-13(15)16-2/h4-5,10-11H,3,6-9H2,1-2H3/b5-4+/t10-,11-/m0/s1",GEWDNTWNSAZUDX-NNOMMRTBSA-N
124,"7,8-dihydrofolic acid",8.72,4033-27-6,Nc1nc2c(c(=O) [nH]1) N=C···(CCC(=O) O) C(=O) O) cc1) CN2,7,,https://doi.org/10.1021/jp071278h,,carboxylic acid,Oxygenated organics,,
125,"2-dimethylamino-5,6- dimethylpyrimidin-4-ol",7.64,40778-16-3,Cc1nc(N(C)C) [nH]c(=O) c1C,4,,https://doi.org/10.1002/ps.2780140415,,amine,Nitrogen-containing organics,"InChI=1S/C8H13N3O/c1-5-6(2)9-8(11(3)4)10-7(5)12/h1-4H3,(H,9,10,12)",MUEHLDAHWSCFAG-UHFFFAOYSA-N
126,"2-dimethylamino-5,6- dimethylpyrimidin-4-ol",7.91,40778-16-3,Cc1nc(N(C)C) [nH]c(=O) c1C,7,,https://doi.org/10.1002/ps.2780140415,,amine,Nitrogen-containing organics,"InChI=1S/C8H13N3O/c1-5-6(2)9-8(11(3)4)10-7(5)12/h1-4H3,(H,9,10,12)",MUEHLDAHWSCFAG-UHFFFAOYSA-N
127,"2-dimethylamino-5,6- dimethylpyrimidin-4-ol",8.15,40778-16-3,Cc1nc(N(C)C) [nH]c(=O) c1C,9,,https://doi.org/10.1002/ps.2780140415,,amine,Nitrogen-containing organics,"InChI=1S/C8H13N3O/c1-5-6(2)9-8(11(3)4)10-7(5)12/h1-4H3,(H,9,10,12)",MUEHLDAHWSCFAG-UHFFFAOYSA-N
128,sinapaldehyde,7.26,4206-58-0,COc1cc(/C=C/C=O) cc (OC)c1O,5,,https://doi.org/10.1016/j.watres.2023.120586,,phenol,Oxygenated organics,"InChI=1S/C11H12O4/c1-14-9-6-8(4-3-5-12)7-10(15-2)11(9)13/h3-7,13H,1-2H3/b4-3+",CDICDSOGTRCHMG-ONEGZZNKSA-N
129,genistein,7.55,446-72-0,O=c1c(-c2ccc(O)cc2) coc2cc(O)cc(O)c12,5,,https://doi.org/10.1021/es300041f,,phenol,Oxygenated organics,"InChI=1S/C15H10O5/c16-9-3-1-8(2-4-9)11-7-20-13-6-10(17)5-12(18)14(13)15(11)19/h1-7,16-18H",TZBJGXHYKVUXJN-UHFFFAOYSA-N
130,genistein,7.49,446-72-0,O=c1c(-c2ccc(O)cc2) coc2cc(O)cc(O)c12,7,,https://doi.org/10.1021/es301205a,,phenol,Oxygenated organics,"InChI=1S/C15H10O5/c16-9-3-1-8(2-4-9)11-7-20-13-6-10(17)5-12(18)14(13)15(11)19/h1-7,16-18H",TZBJGXHYKVUXJN-UHFFFAOYSA-N
131,genistein,7.51,446-72-0,O=c1c(-c2ccc(O)cc2) coc2cc(O)cc(O)c12,8,,https://doi.org/10.1021/es301205a,,phenol,Oxygenated organics,"InChI=1S/C15H10O5/c16-9-3-1-8(2-4-9)11-7-20-13-6-10(17)5-12(18)14(13)15(11)19/h1-7,16-18H",TZBJGXHYKVUXJN-UHFFFAOYSA-N
132,genistein,8.04,446-72-0,O=c1c(-c2ccc(O)cc2) coc2cc(O)cc(O)c12,10,,https://doi.org/10.1021/es301205a,,phenol,Oxygenated organics,"InChI=1S/C15H10O5/c16-9-3-1-8(2-4-9)11-7-20-13-6-10(17)5-12(18)14(13)15(11)19/h1-7,16-18H",TZBJGXHYKVUXJN-UHFFFAOYSA-N
133,capsanthin,9.66,465-42-9,CC1=C···(O)CC2(C)C) C(C)(C) C[C@@H] (O)C1,7.4,,https://doi.org/10.1021/acs.jafc.6b04329,,inorganic,Others / Unassigned,,
134,astaxanthin,9.85,472-61-7,CC1=C···C[C@H] (O)C1=O,7.4,,https://doi.org/10.1021/acs.jafc.6b04329,,inorganic,Others / Unassigned,,
135,β-cryptoxanthin,9.64,472-70-8,CC1=C(/C=C/C(C)···(O)CC2(C)C) C(C)(C) CCC1,7.4,,https://doi.org/10.1021/acs.jafc.6b04329,,inorganic,Others / Unassigned,,
136,Microcystin HtyR,7.98,478001-08-0,[H]/N=C(\N) NCCC···[C@H] (C(=O) O) NC1=O,11.6,,https://doi.org/10.1021/acs.est.1c04194,,amine,Nitrogen-containing organics,,
137,4-methoxy-indole,8.14,4837-90-5,COc1cccc2[nH]ccc12,6,,https://doi.org/10.1039/b203359c,,heterocycle,Heterocycles,"InChI=1S/C9H9NO/c1-11-9-4-2-3-8-7(9)5-6-10-8/h2-6,10H,1H3",LUNOXNMCFPFPMO-UHFFFAOYSA-N
138,diadzein,7.26,486-66-8,O=c1c(-c2ccc(O)cc2) coc2cc(O)ccc12,5,,https://doi.org/10.1021/es300041f,,phenol,Oxygenated organics,"InChI=1S/C15H10O4/c16-10-3-1-9(2-4-10)13-8-19-14-7-11(17)5-6-12(14)15(13)18/h1-8,16-17H",ZQSIJRDFPHDXIC-UHFFFAOYSA-N
139,biochanin A,7.23,491-80-5,COc1ccc(-c2coc3cc(O)cc(O)c3c2=O) cc1,7,,https://doi.org/10.1021/es301205a,,phenol,Oxygenated organics,"InChI=1S/C16H12O5/c1-20-11-4-2-9(3-5-11)12-8-21-14-7-10(17)6-13(18)15(14)16(12)19/h2-8,17-18H,1H3",WUADCCWRTIWANL-UHFFFAOYSA-N
140,biochanin A,7.83,491-80-5,COc1ccc(-c2coc3cc(O)cc(O)c3c2=O) cc1,8,,https://doi.org/10.1021/es301205a,,phenol,Oxygenated organics,"InChI=1S/C16H12O5/c1-20-11-4-2-9(3-5-11)12-8-21-14-7-10(17)6-13(18)15(14)16(12)19/h2-8,17-18H,1H3",WUADCCWRTIWANL-UHFFFAOYSA-N
141,biochanin A,7.95,491-80-5,COc1ccc(-c2coc3cc(O)cc(O)c3c2=O) cc1,10,,https://doi.org/10.1021/es301205a,,phenol,Oxygenated organics,"InChI=1S/C16H12O5/c1-20-11-4-2-9(3-5-11)12-8-21-14-7-10(17)6-13(18)15(14)16(12)19/h2-8,17-18H,1H3",WUADCCWRTIWANL-UHFFFAOYSA-N
142,ascorbic acid,8.15,50-81-7,O=C1O[C@H] ([C@@H] (O)CO) C(O)=C1O,7.4,,https://doi.org/10.1016/j.jphotochem.2004.03.029,,carboxylic acid,Oxygenated organics,"InChI=1S/C6H8O6/c7-1-2(8)5-3(9)4(10)6(11)12-5/h2,5,7-10H,1H2/t2-,5+/m0/s1",CIWBSHSKHKDKBQ-JLAZNSOCSA-N
143,ascorbic acid,7.46,50-81-7,O=C1O[C@H] ([C@@H] (O)CO) C(O)=C1O,3.56,,https://doi.org/10.1016/j.jphotochem.2004.03.029,,carboxylic acid,Oxygenated organics,"InChI=1S/C6H8O6/c7-1-2(8)5-3(9)4(10)6(11)12-5/h2,5,7-10H,1H2/t2-,5+/m0/s1",CIWBSHSKHKDKBQ-JLAZNSOCSA-N
144,benzimidazole,6.4,51-17-2,c1ccc2[nH]cnc2c1,6,,https://doi.org/10.1016/j.chemosphere.2006.02.057,,imidazole,Heterocycles,"InChI=1S/C7H6N2/c1-2-4-7-6(3-1)8-5-9-7/h1-5H,(H,8,9)",HYZJCKYKOHLVJF-UHFFFAOYSA-N
145,Metolachlor,5.64,51218-45-2,CCc1cccc(C)c1N(C(=O) CCl) [C@@H] (C)COC,8.51,,https://doi.org/10.1021/es3030808,,halogenated,Halogenated organics,"InChI=1S/C15H22ClNO2/c1-5-13-8-6-7-11(2)15(13)17(14(18)9-16)12(3)10-19-4/h6-8,12H,5,9-10H2,1-4H3/t12-/m0/s1",WVQBLGZPHOPPFO-LBPRGKRZSA-N
146,histamine,7.94,51-45-6,NCCc1cnc[nH]1,7.7,,https://doi.org/10.1071/EN17155,,imidazole,Heterocycles,"InChI=1S/C5H9N3/c6-2-1-5-3-7-4-8-5/h3-4H,1-2,6H2,(H,7,8)",NTYJJOPFIAHURM-UHFFFAOYSA-N
147,histamine,7.45,51-45-6,NCCc1cnc[nH]1,7.1,,https://doi.org/10.1111/j.1751-1097.1978.tb06973.x,,imidazole,Heterocycles,"InChI=1S/C5H9N3/c6-2-1-5-3-7-4-8-5/h3-4H,1-2,6H2,(H,7,8)",NTYJJOPFIAHURM-UHFFFAOYSA-N
148,Cimetidine,8.4,51481-61-9,C/N=C(/NC#N) NCCSCc1[nH]cnc1C,10.2,,https://doi.org/10.1021/es0340782,,"sulfide, disulfide",Sulfur-containing organics,"InChI=1S/C10H16N6S/c1-8-9(16-7-15-8)5-17-4-3-13-10(12-2)14-6-11/h7H,3-5H2,1-2H3,(H,15,16)(H2,12,13,14)",AQIXAKUUQRKLND-UHFFFAOYSA-N
149,Cimetidine,8.34,51481-61-9,C/N=C(/NC#N) NCCSCc1[nH]cnc1C,8.2,,https://doi.org/10.1021/es0340782,,"sulfide, disulfide",Sulfur-containing organics,"InChI=1S/C10H16N6S/c1-8-9(16-7-15-8)5-17-4-3-13-10(12-2)14-6-11/h7H,3-5H2,1-2H3,(H,15,16)(H2,12,13,14)",AQIXAKUUQRKLND-UHFFFAOYSA-N
150,Cimetidine,7.96,51481-61-9,C/N=C(/NC#N) NCCSCc1[nH]cnc1C,6.9,,https://doi.org/10.1021/es0340782,,"sulfide, disulfide",Sulfur-containing organics,"InChI=1S/C10H16N6S/c1-8-9(16-7-15-8)5-17-4-3-13-10(12-2)14-6-11/h7H,3-5H2,1-2H3,(H,15,16)(H2,12,13,14)",AQIXAKUUQRKLND-UHFFFAOYSA-N
151,Cimetidine,6.52,51481-61-9,C/N=C(/NC#N) NCCSCc1[nH]cnc1C,4.2,,https://doi.org/10.1021/es0340782,,"sulfide, disulfide",Sulfur-containing organics,"InChI=1S/C10H16N6S/c1-8-9(16-7-15-8)5-17-4-3-13-10(12-2)14-6-11/h7H,3-5H2,1-2H3,(H,15,16)(H2,12,13,14)",AQIXAKUUQRKLND-UHFFFAOYSA-N
152,dopamine,6.94,51-61-6,NCCc1ccc(O)c(O)c1,6,,https://doi.org/10.1111/j.1751-1097.2008.00320.x,,phenol,Oxygenated organics,"InChI=1S/C8H11NO2/c9-4-3-6-1-2-7(10)8(11)5-6/h1-2,5,10-11H,3-4,9H2",VYFYYTLLBUKUHU-UHFFFAOYSA-N
153,tyramine,8.45,51-67-2,NCCc1ccc(O)cc1,10,,https://doi.org/10.1007/bf00805805,,phenol,Oxygenated organics,"InChI=1S/C8H11NO/c9-6-5-7-1-3-8(10)4-2-7/h1-4,10H,5-6,9H2",DZGWFCGJZKJUFP-UHFFFAOYSA-N
154,Pyridoxamine dihydrochloride,5.1,524-36-7,Cc1ncc (CO)c(CN)c1OClCl,8.2,,https://doi.org/10.1562/0031-8655(2000)071%3C0129:sipvbp%3E2.0.co;2,,pyridine,Heterocycles,,
155,Pyridoxamine dihydrochloride,4.92,524-36-7,Cc1ncc (CO)c(CN)c1OClCl,7.2,,https://doi.org/10.1562/0031-8655(2000)071%3C0129:sipvbp%3E2.0.co;2,,pyridine,Heterocycles,,
156,Pyridoxamine dihydrochloride,4.69,524-36-7,Cc1ncc (CO)c(CN)c1OClCl,6.3,,https://doi.org/10.1562/0031-8655(2000)071%3C0129:sipvbp%3E2.0.co;2,,pyridine,Heterocycles,,
157,"2,4,6-trimethylphenol",6.51,527-60-6,Cc1cc(C)c(O)c(C)c1,3,,https://doi.org/10.1039/C6EM00580B,,phenol,Oxygenated organics,"InChI=1S/C9H12O/c1-6-4-7(2)9(10)8(3)5-6/h4-5,10H,1-3H3",BPRYUXCVCCNUFE-UHFFFAOYSA-N
158,"2,4,6-trimethylphenol",8.78,527-60-6,Cc1cc(C)c(O)c(C)c1,12,,https://doi.org/10.1039/C6EM00580B,,phenol,Oxygenated organics,"InChI=1S/C9H12O/c1-6-4-7(2)9(10)8(3)5-6/h4-5,10H,1-3H3",BPRYUXCVCCNUFE-UHFFFAOYSA-N
159,Cysteine,6.92,52-90-4,N[C@@H] (CS)C(=O) O,7.4,,https://doi.org/10.1016/1011-1344(91)80008-6,,thiol,Sulfur-containing organics,"InChI=1S/C3H7NO2S/c4-2(1-7)3(5)6/h2,7H,1,4H2,(H,5,6)/t2-/m0/s1",XUJNEKJLAYXESH-REOHCLBHSA-N
160,Flufenamic acid,7.11,530-78-9,O=C(O)c1ccccc1Nc1cccc(C(F)(F) F) c1,7.5,,https://doi.org/10.1039/c7em00079k,,carboxylic acid,Oxygenated organics,"InChI=1S/C14H10F3NO2/c15-14(16,17)9-4-3-5-10(8-9)18-12-7-2-1-6-11(12)13(19)20/h1-8,18H,(H,19,20)",LPEPZBJOKDYZAD-UHFFFAOYSA-N
161,trolox,8.34,53188-07-1,Cc1c(C)c2c(c(C)c1O) CC [C@] (C)(C(=O) O) O2,6,,https://doi.org/10.1016/1011-1344(95)07137-Q,,phenol,Oxygenated organics,"InChI=1S/C14H18O4/c1-7-8(2)12-10(9(3)11(7)15)5-6-14(4,18-12)13(16)17/h15H,5-6H2,1-4H3,(H,16,17)/t14-/m1/s1",GLEVLJDDWXEYCO-CQSZACIVSA-N
162,trolox,8.64,53188-07-1,Cc1c(C)c2c(c(C)c1O) CC[C@] (C)(C(=O) O) O2,7.6,,https://doi.org/10.1021/jp990838c,,phenol,Oxygenated organics,"InChI=1S/C14H18O4/c1-7-8(2)12-10(9(3)11(7)15)5-6-14(4,18-12)13(16)17/h15H,5-6H2,1-4H3,(H,16,17)/t14-/m1/s1",GLEVLJDDWXEYCO-CQSZACIVSA-N
163,trolox,8.78,53188-07-1,Cc1c(C)c2c(c(C)c1O) CC[C@] (C) (C(=O) O) O2,12,,https://doi.org/10.1016/1011-1344(95)07137-Q,,phenol,Oxygenated organics,"InChI=1S/C14H18O4/c1-7-8(2)12-10(9(3)11(7)15)5-6-14(4,18-12)13(16)17/h15H,5-6H2,1-4H3,(H,16,17)/t14-/m1/s1",GLEVLJDDWXEYCO-CQSZACIVSA-N
164,equol,7.23,531-95-3,Oc1ccc([C@H]2COc3cc(O)ccc3C2) cc1,7,,https://doi.org/10.1021/es301205a,,phenol,Oxygenated organics,"InChI=1S/C15H14O3/c16-13-4-1-10(2-5-13)12-7-11-3-6-14(17)8-15(11)18-9-12/h1-6,8,12,16-17H,7,9H2/t12-/m1/s1",ADFCQWZHKCXPAJ-GFCCVEGCSA-N
165,equol,7.6,531-95-3,Oc1ccc([C@H]2COc3cc(O)ccc3C2) cc1,8,,https://doi.org/10.1021/es301205a,,phenol,Oxygenated organics,"InChI=1S/C15H14O3/c16-13-4-1-10(2-5-13)12-7-11-3-6-14(17)8-15(11)18-9-12/h1-6,8,12,16-17H,7,9H2/t12-/m1/s1",ADFCQWZHKCXPAJ-GFCCVEGCSA-N
166,equol,8.49,531-95-3,Oc1ccc([C@H]2COc3cc(O)ccc3C2) cc1,10,,https://doi.org/10.1021/es301205a,,phenol,Oxygenated organics,"InChI=1S/C15H14O3/c16-13-4-1-10(2-5-13)12-7-11-3-6-14(17)8-15(11)18-9-12/h1-6,8,12,16-17H,7,9H2/t12-/m1/s1",ADFCQWZHKCXPAJ-GFCCVEGCSA-N
167,sesamol,7.98,533-31-3,Oc1ccc2c(c1) OCO2,3,,https://doi.org/10.1039/C6EM00580B,,phenol,Oxygenated organics,"InChI=1S/C7H6O3/c8-5-1-2-6-7(3-5)10-4-9-6/h1-3,8H,4H2",LUSZGTFNYDARNI-UHFFFAOYSA-N
168,sesamol,9.29,533-31-3,Oc1ccc2c(c1) OCO2,12,,https://doi.org/10.1039/C6EM00580B,,phenol,Oxygenated organics,"InChI=1S/C7H6O3/c8-5-1-2-6-7(3-5)10-4-9-6/h1-3,8H,4H2",LUSZGTFNYDARNI-UHFFFAOYSA-N
169,2-methylfuran,7.88,534-22-5,Cc1ccco1,7,,https://doi.org/10.1021/jp990838c,,furan,Heterocycles,"InChI=1S/C5H6O/c1-5-3-2-4-6-5/h2-4H,1H3",VQKFNUFAXTZWDK-UHFFFAOYSA-N
170,Indomethacin,7.43,53-86-1,COc1ccc2c(c1) c (CC(=O) O) c(C)n2C(=O) c1ccc (Cl)cc1,7,,https://doi.org/10.1111/php.12114,,halogenated,Halogenated organics,"InChI=1S/C19H16ClNO4/c1-11-15(10-18(22)23)16-9-14(25-2)7-8-17(16)21(11)19(24)12-3-5-13(20)6-4-12/h3-9H,10H2,1-2H3,(H,22,23)",CGIGDMFJXJATDK-UHFFFAOYSA-N
171,4-iodophenol,7.9,540-38-5,Oc1ccc(I)cc1,11,,https://doi.org/10.1139/v93-160,,halogenated,Halogenated organics,"InChI=1S/C6H5IO/c7-5-1-3-6(8)4-2-5/h1-4,8H",VSMDINRNYYEDRN-UHFFFAOYSA-N
172,9-Methylguanine,7.66,5502-78-3,Cn1cnc2c(=O) [nH]c(N)nc21,10,,https://doi.org/10.1021/acs.jpcb.9b08796,,imidazole,Heterocycles,"InChI=1S/C6H7N5O/c1-11-2-8-3-4(11)9-6(7)10-5(3)12/h2H,1H3,(H3,7,9,10,12)",UUWJNBOCAPUTBK-UHFFFAOYSA-N
173,9-Methylguanine,6.08,5502-78-3,Cn1cnc2c(=O) [nH]c(N)nc21,7,,https://doi.org/10.1021/acs.jpcb.9b08796,,imidazole,Heterocycles,"InChI=1S/C6H7N5O/c1-11-2-8-3-4(11)9-6(7)10-5(3)12/h2H,1H3,(H3,7,9,10,12)",UUWJNBOCAPUTBK-UHFFFAOYSA-N
174,3-nitrophenol,6.47,554-84-7,O=[N+] ([O-]) c1cccc(O)c1,3,,https://doi.org/10.1039/C6EM00580B,,phenol,Oxygenated organics,"InChI=1S/C6H5NO3/c8-6-3-1-2-5(4-6)7(9)10/h1-4,8H",RTZZCYNQPHTPPL-UHFFFAOYSA-N
175,3-nitrophenol,7.61,554-84-7,O=[N+] ([O-]) c1cccc(O)c1,12,,https://doi.org/10.1039/C6EM00580B,,phenol,Oxygenated organics,"InChI=1S/C6H5NO3/c8-6-3-1-2-5(4-6)7(9)10/h1-4,8H",RTZZCYNQPHTPPL-UHFFFAOYSA-N
176,Glycyl-L-methionine,7.11,554-94-9,CSCC[C@H] (NC(=O) CN) C(=O) O,7,,https://doi.org/10.1111/j.1751-1097.1993.tb02317.x,,"sulfide, disulfide",Sulfur-containing organics,"InChI=1S/C7H14N2O3S/c1-13-3-2-5(7(11)12)9-6(10)4-8/h5H,2-4,8H2,1H3,(H,9,10)(H,11,12)/t5-/m0/s1",PFMUCCYYAAFKTH-YFKPBYRVSA-N
177,"2,3-Dimethyl-2-butene",8.04,563-79-1,CC(C)=C(C)C,7,,https://doi.org/10.1016/0045-6535(87)90004-X,,alkene,Aliphatic hydrocarbons,InChI=1S/C6H12/c1-5(2)6(3)4/h1-4H3,WGLLSSPDPJPLOR-UHFFFAOYSA-N
178,alanine,6.3,56-41-7,C[C@H] (N)C(=O) O,8.4,,https://doi.org/10.1071/EN17155,,amine,Nitrogen-containing organics,"InChI=1S/C3H7NO2/c1-2(4)3(5)6/h2H,4H2,1H3,(H,5,6)/t2-/m0/s1",QNAYBMKLOCPYGJ-REOHCLBHSA-N
179,alanine,7.48,56-41-7,C[C@H] (N)C(=O) O,10.6,,https://doi.org/10.1080/02772249209357813,,amine,Nitrogen-containing organics,"InChI=1S/C3H7NO2/c1-2(4)3(5)6/h2H,4H2,1H3,(H,5,6)/t2-/m0/s1",QNAYBMKLOCPYGJ-REOHCLBHSA-N
180,"2,6-dimethylphenol",6.71,576-26-1,Cc1cccc(C)c1O,3,,https://doi.org/10.1039/C6EM00580B,,phenol,Oxygenated organics,"InChI=1S/C8H10O/c1-6-4-3-5-7(2)8(6)9/h3-5,9H,1-2H3",NXXYKOUNUYWIHA-UHFFFAOYSA-N
181,"2,6-dimethylphenol",8.02,576-26-1,Cc1cccc(C)c1O,12,,https://doi.org/10.1039/C6EM00580B,,phenol,Oxygenated organics,"InChI=1S/C8H10O/c1-6-4-3-5-7(2)8(6)9/h3-5,9H,1-2H3",NXXYKOUNUYWIHA-UHFFFAOYSA-N
182,Sulfamethazine,6.78,57-68-1,Cc1cc(C)nc(NS(=O)(=O)c2ccc(N)cc2)n1,8,,https://doi.org/10.1021/es048331p,,sulfoxide,Sulfur-containing organics,"InChI=1S/C12H14N4O2S/c1-8-7-9(2)15-12(14-8)16-19(17,18)11-5-3-10(13)4-6-11/h3-7H,13H2,1-2H3,(H,14,15,16)",ASWVTGNCAZCNNR-UHFFFAOYSA-N
183,Streptomycin,5.2,57-92-1,[H]/N=C(\N) N···[C@@H] (N/C(N)=N/[H]) [C@@H]1O,7,,https://doi.org/10.1021/acs.est.5b05234,,amine,Nitrogen-containing organics,,
184,Pyridoxine hydrochloride,4.89,58-56-0,Cc1ncc (CO)c(CO)c1O.Cl,8.2,,https://doi.org/10.1562/0031-8655(2000)071%3C0129:sipvbp%3E2.0.co;2,,pyridine,Heterocycles,"InChI=1S/C8H11NO3.ClH/c1-5-8(12)7(4-11)6(3-10)2-9-5;/h2,10-12H,3-4H2,1H3;1H",ZUFQODAHGAHPFQ-UHFFFAOYSA-N
185,Pyridoxine hydrochloride,4.77,58-56-0,Cc1ncc (CO)c(CO)c1O.Cl,7.2,,https://doi.org/10.1562/0031-8655(2000)071%3C0129:sipvbp%3E2.0.co;2,,pyridine,Heterocycles,"InChI=1S/C8H11NO3.ClH/c1-5-8(12)7(4-11)6(3-10)2-9-5;/h2,10-12H,3-4H2,1H3;1H",ZUFQODAHGAHPFQ-UHFFFAOYSA-N
186,Pyridoxine hydrochloride,4.71,58-56-0,Cc1ncc (CO)c(CO)c1O.Cl,6.3,,https://doi.org/10.1562/0031-8655(2000)071%3C0129:sipvbp%3E2.0.co;2,,pyridine,Heterocycles,"InChI=1S/C8H11NO3.ClH/c1-5-8(12)7(4-11)6(3-10)2-9-5;/h2,10-12H,3-4H2,1H3;1H",ZUFQODAHGAHPFQ-UHFFFAOYSA-N
187,K anamycin,5.84,,NC[C@H]1O···[C@H] (O)[C@@H] (O)[C@@H] O,7,,https://doi.org/10.1021/acs.est.5b05234,,inorganic,Others / Unassigned,,
188,α-tocopherol,8.5,10191-41-0,Ccc(C)cc(c(C)cO) CC[C] (C)(CCC[CH] (C)CC[CH] (C)CCCC(C)C) O,7.4,,https://doi.org/10.1021/acs.jafc.6b04329,,phenol,Oxygenated organics,,
189,Acyclovir,6.34,59277-89-3,Nc1nc2c(ncn2COCCO) c(=O) [nH]1,5,,https://doi.org/10.1002/etc.3238,,imidazole,Heterocycles,"InChI=1S/C8H11N5O3/c9-8-11-6-5(7(15)12-8)10-3-13(6)4-16-2-1-14/h3,14H,1-2,4H2,(H3,9,11,12,15)",MKUXAQIIEYXACX-UHFFFAOYSA-N
190,Acyclovir,6.54,59277-89-3,Nc1nc2c(ncn2COCCO) c(=O) [nH]1,7,,https://doi.org/10.1002/etc.3238,,imidazole,Heterocycles,"InChI=1S/C8H11N5O3/c9-8-11-6-5(7(15)12-8)10-3-13(6)4-16-2-1-14/h3,14H,1-2,4H2,(H3,9,11,12,15)",MKUXAQIIEYXACX-UHFFFAOYSA-N
191,Acyclovir,7.2,59277-89-3,Nc1nc2c(ncn2COCCO) c(=O) [nH]1,9,,https://doi.org/10.1002/etc.3238,,imidazole,Heterocycles,"InChI=1S/C8H11N5O3/c9-8-11-6-5(7(15)12-8)10-3-13(6)4-16-2-1-14/h3,14H,1-2,4H2,(H3,9,11,12,15)",MKUXAQIIEYXACX-UHFFFAOYSA-N
192,Acyclovir,7.2,59277-89-3,Nc1nc2c(ncn2COCCO) c(=O) [nH]1,10,,https://doi.org/10.1002/etc.3238,,imidazole,Heterocycles,"InChI=1S/C8H11N5O3/c9-8-11-6-5(7(15)12-8)10-3-13(6)4-16-2-1-14/h3,14H,1-2,4H2,(H3,9,11,12,15)",MKUXAQIIEYXACX-UHFFFAOYSA-N
193,Met hionine,6.93,59-51-8,CSCC[C@H] (N)C(=O) O,7.1,,https://doi.org/10.1111/j.1751-1097.1978.tb06973.x,,"sulfide, disulfide",Sulfur-containing organics,"InChI=1S/C5H11NO2S/c1-9-3-2-4(6)5(7)8/h4H,2-3,6H2,1H3,(H,7,8)/t4-/m0/s1",FFEARJCKVFRZRR-BYPYZUCNSA-N
194,N-methylthiourea,6.3,598-52-7,CNC(N)=S,7.1,,https://doi.org/10.1111/j.1751-1097.1978.tb06973.x,,sulfur-containing,Sulfur-containing organics,"InChI=1S/C2H6N2S/c1-4-2(3)5/h1H3,(H3,3,4,5)",KQJQICVXLJTWQD-UHFFFAOYSA-N
195,Tyrosine,8.12,60-18-4,N[C@@H] (Cc1ccc(O)cc1) C(=O) O,11.6,,https://doi.org/10.1021/acs.est.1c04194,,phenol,Oxygenated organics,"InChI=1S/C9H11NO3/c10-8(9(12)13)5-6-1-3-7(11)4-2-6/h1-4,8,11H,5,10H2,(H,12,13)/t8-/m0/s1",OUYCCCASQSFEME-QMMMGPOBSA-N
196,Tyrosine,6.94,60-18-4,N[C@@H] (Cc1ccc(O)cc1) C(=O) O,3,,https://doi.org/10.1039/C6EM00580B,,phenol,Oxygenated organics,"InChI=1S/C9H11NO3/c10-8(9(12)13)5-6-1-3-7(11)4-2-6/h1-4,8,11H,5,10H2,(H,12,13)/t8-/m0/s1",OUYCCCASQSFEME-QMMMGPOBSA-N
197,Tyrosine,7.04,60-18-4,N[C@@H] (Cc1ccc(O)cc1) C(=O) O,5.1,,https://doi.org/10.1021/es503656m,,phenol,Oxygenated organics,"InChI=1S/C9H11NO3/c10-8(9(12)13)5-6-1-3-7(11)4-2-6/h1-4,8,11H,5,10H2,(H,12,13)/t8-/m0/s1",OUYCCCASQSFEME-QMMMGPOBSA-N
198,Tyrosine,7.43,60-18-4,N[C@@H] (Cc1ccc(O)cc1) C(=O) O,7,,https://doi.org/10.1016/1011-1344(91)80212-Z,,phenol,Oxygenated organics,"InChI=1S/C9H11NO3/c10-8(9(12)13)5-6-1-3-7(11)4-2-6/h1-4,8,11H,5,10H2,(H,12,13)/t8-/m0/s1",OUYCCCASQSFEME-QMMMGPOBSA-N
199,Propiconazole,6.59,60207-90-1,CCC[C@@H]1CO[C@@] (Cn2cncn2) (c2ccc (Cl)cc2Cl) O1,8.51,,https://doi.org/10.1021/es3030808,,halogenated,Halogenated organics,"InChI=1S/C15H17Cl2N3O2/c1-2-3-12-7-21-15(22-12,8-20-10-18-9-19-20)13-5-4-11(16)6-14(13)17/h4-6,9-10,12H,2-3,7-8H2,1H3/t12-,15-/m1/s1",STJLVHWMYQXCPB-IUODEOHRSA-N
200,2’-HO-BDE-7,6.63,602326-09-0,Oc1ccccc1Oc1ccc (Br)cc1Br,7,,https://doi.org/10.1016/j.chemosphere.2012.06.033,,halogenated,Halogenated organics,"InChI=1S/C12H8Br2O2/c13-8-5-6-11(9(14)7-8)16-12-4-2-1-3-10(12)15/h1-7,15H",DHJLSOOTGCFPDV-UHFFFAOYSA-N
201,2’-HO-BDE-7,8.35,602326-09-0,Oc1ccccc1Oc1ccc (Br)cc1Br,10,,https://doi.org/10.1016/j.chemosphere.2012.06.033,,halogenated,Halogenated organics,"InChI=1S/C12H8Br2O2/c13-8-5-6-11(9(14)7-8)16-12-4-2-1-3-10(12)15/h1-7,15H",DHJLSOOTGCFPDV-UHFFFAOYSA-N
202,4’-HO-BDE-17,6.9,602326-21-6,Oc1cc (Oc2ccc (Br)cc2Br) c(Br)c1,7,,https://doi.org/10.1016/j.chemosphere.2012.06.033,,halogenated,Halogenated organics,,
203,4’-HO-BDE-90,6.48,602326-24-9,Oc1c(Br)cc (Oc2ccc (Br)cc2Br) c(Br)c1Br,4,,https://doi.org/10.1016/j.chemosphere.2012.06.033,,halogenated,Halogenated organics,"InChI=1S/C12H5Br5O2/c13-5-1-2-8(6(14)3-5)19-9-4-7(15)12(18)11(17)10(9)16/h1-4,18H",GRKFDJWAZMWBEI-UHFFFAOYSA-N
204,Tetracycline,8.11,60-54-8,CN(C)···(=O) c4c(O)cccc4[C@@] (C)(O) [C@H]3C[C@@H]12,11,,https://doi.org/10.1016/S1011-1344(98)00104-3,,phenol,Oxygenated organics,,
205,4-hydroxyquinoline,7.41,611-36-9,Oc1ccnc2ccccc12,11,,https://doi.org/10.1016/S1010-6030(98)00394-3,,pyridine,Heterocycles,"InChI=1S/C9H7NO/c11-9-5-6-10-8-4-2-1-3-7(8)9/h1-6H,(H,10,11)",PMZDQRJGMBOQBF-UHFFFAOYSA-N
206,"6,7-dimethylpterin",7,611-55-2,Cc1nc2nc(N)[nH]c(=O) c2nc1C,10.5,,https://doi.org/10.1562/2006-09-15-ra-1041,,amine,Nitrogen-containing organics,"InChI=1S/C8H9N5O/c1-3-4(2)11-6-5(10-3)7(14)13-8(9)12-6/h1-2H3,(H3,9,11,12,13,14)",ZKWZUPPXTCQQJL-UHFFFAOYSA-N
207,amp,6.94,61-19-8,Nc1ncnc2c1ncn2[C@@H]1O[CH] (COP (=O O) O) [CH] (O)[C@H]1O,7,,https://doi.org/10.1021/acsestwater.3c00244,,phosphorus,Phosphorus-containing organics,,
208,amp,7.08,61-19-8,Nc1ncnc2c1ncn2[CH]1O[C@H] (COP(=O) (O)O) [CH] (O)[C@H]1O,8.5,,https://doi.org/10.1021/acsestwater.3c00244,,phosphorus,Phosphorus-containing organics,"InChI=1S/C10H14N5O7P/c11-8-5-9(13-2-12-8)15(3-14-5)10-7(17)6(16)4(22-10)1-21-23(18,19)20/h2-4,6-7,10,16-17H,1H2,(H2,11,12,13)(H2,18,19,20)/t4-,6?,7-,10?/m1/s1",UDMBCSSLTHHNCD-HZWLUPLTSA-N
209,2-methylbenzimidazole,6.3,615-15-6,Cc1nc2ccccc2[nH]1,6,,https://doi.org/10.1016/j.chemosphere.2006.02.057,,imidazole,Heterocycles,"InChI=1S/C8H8N2/c1-6-9-7-4-2-3-5-8(7)10-6/h2-5H,1H3,(H,9,10)",LDZYRENCLPUXAX-UHFFFAOYSA-N
210,2-hydroxybenzimidazole,6.36,615-16-7,O=c1[nH]c2ccccc2[nH]1,6,,https://doi.org/10.1016/j.chemosphere.2006.02.057,,phenol,Oxygenated organics,"InChI=1S/C7H6N2O/c10-7-8-5-3-1-2-4-6(5)9-7/h1-4H,(H2,8,9,10)",SILNNFMWIMZVEQ-UHFFFAOYSA-N
211,2-hydroxybenzimidazole,6.59,615-16-7,O=c1[nH]c2ccccc2[nH]1,10,,https://doi.org/10.1016/j.chemosphere.2006.02.057,,phenol,Oxygenated organics,"InChI=1S/C7H6N2O/c10-7-8-5-3-1-2-4-6(5)9-7/h1-4H,(H2,8,9,10)",SILNNFMWIMZVEQ-UHFFFAOYSA-N
212,2-hydroxybenzimidazole,7.04,615-16-7,O=c1[nH]c2ccccc2[nH]1,12,,https://doi.org/10.1016/j.chemosphere.2006.02.057,,phenol,Oxygenated organics,"InChI=1S/C7H6N2O/c10-7-8-5-3-1-2-4-6(5)9-7/h1-4H,(H2,8,9,10)",SILNNFMWIMZVEQ-UHFFFAOYSA-N
213,Mefenamic acid,7.2,61-68-7,Cc1cccc (Nc2ccccc2C(=O) O) c1C,7.5,,https://doi.org/10.1039/c7em00079k,,carboxylic acid,Oxygenated organics,"InChI=1S/C15H15NO2/c1-10-6-5-9-13(11(10)2)16-14-8-4-3-7-12(14)15(17)18/h3-9,16H,1-2H3,(H,17,18)",HYYBABOKPJLUIN-UHFFFAOYSA-N
214,N-acetyl-L-cysteine,5.78,616-91-1,CC(=O) N [C@@H] (CS)C(=O) O,7.4,,https://doi.org/10.1016/1011-1344(91)80008-6,,thiol,Sulfur-containing organics,"InChI=1S/C5H9NO3S/c1-3(7)6-4(2-10)5(8)9/h4,10H,2H2,1H3,(H,6,7)(H,8,9)/t4-/m0/s1",PWKSKIMOESPYIA-BYPYZUCNSA-N
215,Paroxetine,8.07,61869-08-7,Fc1ccc([C@@H]2CCNC[C@H]2COc2ccc3c (c2) OCO3) cc1,7,,https://doi.org/10.1016/j.scitotenv.2016.12.008,,halogenated,Halogenated organics,"InChI=1S/C19H20FNO3/c20-15-3-1-13(2-4-15)17-7-8-21-10-14(17)11-22-16-5-6-18-19(9-16)24-12-23-18/h1-6,9,14,17,21H,7-8,10-12H2/t14-,17-/m0/s1",AHOUBRCZNHFOSL-YOEHRIQHSA-N
216,Dimethylfuran,8.91,625-86-5,Cc1ccc(C)o1,7,,https://doi.org/10.1016/0045-6535(87)90004-X,,furan,Heterocycles,"InChI=1S/C6H8O/c1-5-3-4-6(2)7-5/h3-4H,1-2H3",GSNUFIFRDBKVIE-UHFFFAOYSA-N
217,Carbaryl,5.47,63-25-2,CNC(=O) Oc1cccc2ccccc12,6.8,,https://doi.org/10.1016/j.chemosphere.2019.125464,,amide,Nitrogen-containing organics,"InChI=1S/C12H11NO2/c1-13-12(14)15-11-8-4-6-9-5-2-3-7-10(9)11/h2-8H,1H3,(H,13,14)",CVXBEEMKQHEXEN-UHFFFAOYSA-N
218,Cefotaxime,6.88,63527-52-6,CO/N=C(\C(=O) N [C@@H]1C···CS[C@H]12) c1csc(N)n1,7.4,,https://doi.org/10.1016/j.jphotobiol.2014.11.004,,"sulfide, disulfide",Sulfur-containing organics,,
219,methionine,7.32,63-68-3,CSCC[C@H] (N)C(=O) O,7,,https://doi.org/10.1111/j.1751-1097.1993.tb02317.x,,"sulfide, disulfide",Sulfur-containing organics,"InChI=1S/C5H11NO2S/c1-9-3-2-4(6)5(7)8/h4H,2-3,6H2,1H3,(H,7,8)/t4-/m0/s1",FFEARJCKVFRZRR-BYPYZUCNSA-N
220,methionine,7.45,63-68-3,CSCC[C@H] (N)C(=O) O,10.6,,https://doi.org/10.1016/j.chemosphere.2012.06.033,,"sulfide, disulfide",Sulfur-containing organics,"InChI=1S/C5H11NO2S/c1-9-3-2-4(6)5(7)8/h4H,2-3,6H2,1H3,(H,7,8)/t4-/m0/s1",FFEARJCKVFRZRR-BYPYZUCNSA-N
221,Meclofenamic acid,7.45,644-62-2,Cc1ccc (Cl)c(Nc2ccccc2C(=O) O) c1Cl,7.5,,https://doi.org/10.1039/c7em00079k,,carboxylic acid,Oxygenated organics,"InChI=1S/C14H11Cl2NO2/c1-8-6-7-10(15)13(12(8)16)17-11-5-3-2-4-9(11)14(18)19/h2-7,17H,1H3,(H,18,19)",SBDNJUWAMKYJOX-UHFFFAOYSA-N
222,Pyridoxal hydrochloride,4.97,65-22-5,Cc1ncc (CO)c(C=O) c1OCl,8.2,,https://doi.org/10.1562/0031-8655(2000)071%3C0129:sipvbp%3E2.0.co;2,,pyridine,Heterocycles,"InChI=1S/C8H8ClNO3/c1-5-8(13-9)7(4-12)6(3-11)2-10-5/h2,4,11H,3H2,1H3",PFCYDMYYCNCBQO-UHFFFAOYSA-N
223,Pyridoxal hydrochloride,4.75,65-22-5,Cc1ncc (CO)c(C=O) c1OCl,7.2,,https://doi.org/10.1562/0031-8655(2000)071%3C0129:sipvbp%3E2.0.co;2,,pyridine,Heterocycles,"InChI=1S/C8H8ClNO3/c1-5-8(13-9)7(4-12)6(3-11)2-10-5/h2,4,11H,3H2,1H3",PFCYDMYYCNCBQO-UHFFFAOYSA-N
224,Pyridoxal hydrochloride,4.58,65-22-5,Cc1ncc (CO)c(C=O) c1OCl,6.3,,https://doi.org/10.1562/0031-8655(2000)071%3C0129:sipvbp%3E2.0.co;2,,pyridine,Heterocycles,"InChI=1S/C8H8ClNO3/c1-5-8(13-9)7(4-12)6(3-11)2-10-5/h2,4,11H,3H2,1H3",PFCYDMYYCNCBQO-UHFFFAOYSA-N
225,Uracil,7.18,66-22-8,O=c1cc[nH]c(=O) [nH]1,11,,https://doi.org/10.1562/2006-07-25-ra-982,,heterocycle,Heterocycles,"InChI=1S/C4H4N2O2/c7-3-1-2-5-4(8)6-3/h1-2H,(H2,5,6,7,8)",ISAKRJDGNUQOIC-UHFFFAOYSA-N
226,Uracil,7.68,66-22-8,O=c1cc[nH]c(=O) [nH]1,14,,https://doi.org/10.1562/2006-07-25-ra-982,,heterocycle,Heterocycles,"InChI=1S/C4H4N2O2/c7-3-1-2-5-4(8)6-3/h1-2H,(H2,5,6,7,8)",ISAKRJDGNUQOIC-UHFFFAOYSA-N
227,Ranitidine,7.81,66357-35-5,CN/C(=C\[N+] (=O) [O]) NCCSCc1ccc (CN(C)C) o,9.8,,https://doi.org/10.1021/es0340782,,"sulfide, disulfide",Sulfur-containing organics,,
228,2-chloro-3-hydroxypyridine,7.08,6636-78-8,Oc1cccnc1Cl,7,,https://doi.org/10.1016/S1010-6030(99)00115-X,,halogenated,Halogenated organics,"InChI=1S/C5H4ClNO/c6-5-4(8)2-1-3-7-5/h1-3,8H",RSOPTYAZDFSMTN-UHFFFAOYSA-N
229,L-tyrosyl-glycine,7.63,673-08-5,N[C@@H] (Cc1ccc(O)cc1) C(=O) NCC(=O) O,11.5,,https://doi.org/10.1007/bf00805805,,phenol,Oxygenated organics,"InChI=1S/C11H14N2O4/c12-9(11(17)13-6-10(15)16)5-7-1-3-8(14)4-2-7/h1-4,9,14H,5-6,12H2,(H,13,17)(H,15,16)/t9-/m0/s1",HPYDSVWYXXKHRD-VIFPVBQESA-N
230,"7,8-dihydrobiopterin",8.49,6779-87-9,C[C@H] (O)[C@H] (O)C1=Nc2c(nc(N)[nH]c2=O) NC1,7,,https://doi.org/10.1021/jp071278h,,amine,Nitrogen-containing organics,"InChI=1S/C9H13N5O3/c1-3(15)6(16)4-2-11-7-5(12-4)8(17)14-9(10)13-7/h3,6,15-16H,2H2,1H3,(H4,10,11,13,14,17)/t3-,6-/m0/s1",FEMXZDUTFRTWPE-DZSWIPIPSA-N
231,Sulfadiazine,6.95,68-35-9,Nc1ccc(S(=O) (=O) Nc2ncccn2) cc1,8,,https://doi.org/10.1021/es048331p,,sulfoxide,Sulfur-containing organics,"InChI=1S/C10H10N4O2S/c11-8-2-4-9(5-3-8)17(15,16)14-10-12-6-1-7-13-10/h1-7H,11H2,(H,12,13,14)",SEEPANYCNGTZFQ-UHFFFAOYSA-N
232,Sulfadiazine,6.79,68-35-9,Nc1ccc(S(=O) (=O) Nc2ncccn2) cc1,7,,https://doi.org/10.1021/es048331p,,sulfoxide,Sulfur-containing organics,"InChI=1S/C10H10N4O2S/c11-8-2-4-9(5-3-8)17(15,16)14-10-12-6-1-7-13-10/h1-7H,11H2,(H,12,13,14)",SEEPANYCNGTZFQ-UHFFFAOYSA-N
233,hypoxanthine,6.48,68-94-0,O=c1[nH]cnc2[nH]cnc12,7,,https://doi.org/10.1016/j.jphotochem.2007.06.013,,imidazole,Heterocycles,"InChI=1S/C5H4N4O/c10-5-3-4(7-1-6-3)8-2-9-5/h1-2H,(H2,6,7,8,9,10)",FDGQSTZJBFJUBT-UHFFFAOYSA-N
234,hypoxanthine,6.7,68-94-0,O=c1[nH]cnc2[nH]cnc12,9,,https://doi.org/10.1016/j.jphotochem.2007.06.013,,imidazole,Heterocycles,"InChI=1S/C5H4N4O/c10-5-3-4(7-1-6-3)8-2-9-5/h1-2H,(H2,6,7,8,9,10)",FDGQSTZJBFJUBT-UHFFFAOYSA-N
235,hypoxanthine,7.3,68-94-0,O=c1[nH]cnc2[nH]cnc12,12,,https://doi.org/10.1016/j.jphotochem.2007.06.013,,imidazole,Heterocycles,"InChI=1S/C5H4N4O/c10-5-3-4(7-1-6-3)8-2-9-5/h1-2H,(H2,6,7,8,9,10)",FDGQSTZJBFJUBT-UHFFFAOYSA-N
236,xanthine,7.58,69-89-6,O=c1[nH]c(=O) c2nc[nH]c2[nH]1,7,,https://doi.org/10.1016/j.jphotochem.2007.06.013,,heterocycle,Heterocycles,"InChI=1S/C5H4N4O2/c10-4-2-3(7-1-6-2)8-5(11)9-4/h1H,(H3,6,7,8,9,10,11)",LRFVTYWOQMYALW-UHFFFAOYSA-N
237,xanthine,7.57,69-89-6,O=c1[nH]c(=O) c2nc[nH]c2[nH]1,9,,https://doi.org/10.1016/j.jphotochem.2007.06.013,,heterocycle,Heterocycles,"InChI=1S/C5H4N4O2/c10-4-2-3(7-1-6-2)8-5(11)9-4/h1H,(H3,6,7,8,9,10,11)",LRFVTYWOQMYALW-UHFFFAOYSA-N
238,xanthine,7.6,69-89-6,O=c1[nH]c(=O) c2nc[nH]c2[nH]1,12,,https://doi.org/10.1016/j.jphotochem.2007.06.013,,heterocycle,Heterocycles,"InChI=1S/C5H4N4O2/c10-4-2-3(7-1-6-2)8-5(11)9-4/h1H,(H3,6,7,8,9,10,11)",LRFVTYWOQMYALW-UHFFFAOYSA-N
239,uric acid,7,69-93-2,O=c1[nH]c(=O) c2[nH]c(=O) [nH]c2[nH]1,5,,https://doi.org/10.1016/j.jphotochem.2007.06.013,,carboxylic acid,Oxygenated organics,"InChI=1S/C5H4N4O3/c10-3-1-2(7-4(11)6-1)8-5(12)9-3/h(H4,6,7,8,9,10,11,12)",LEHOTFFKMJEONL-UHFFFAOYSA-N
240,uric acid,8.08,69-93-2,O=c1[nH]c(=O) c2[nH]c(=O) [nH]c2[nH]1,7,,https://doi.org/10.1016/j.jphotochem.2007.06.013,,carboxylic acid,Oxygenated organics,"InChI=1S/C5H4N4O3/c10-3-1-2(7-4(11)6-1)8-5(12)9-3/h(H4,6,7,8,9,10,11,12)",LEHOTFFKMJEONL-UHFFFAOYSA-N
241,uric acid,8.26,69-93-2,O=c1[nH]c(=O) c2[nH]c(=O) [nH]c2[nH]1,9,,https://doi.org/10.1016/j.jphotochem.2007.06.013,,carboxylic acid,Oxygenated organics,"InChI=1S/C5H4N4O3/c10-3-1-2(7-4(11)6-1)8-5(12)9-3/h(H4,6,7,8,9,10,11,12)",LEHOTFFKMJEONL-UHFFFAOYSA-N
242,uric acid,8.72,69-93-2,O=c1[nH]c(=O) c2[nH]c(=O) [nH]c2[nH]1,12,,https://doi.org/10.1016/j.jphotochem.2007.06.013,,carboxylic acid,Oxygenated organics,"InChI=1S/C5H4N4O3/c10-3-1-2(7-4(11)6-1)8-5(12)9-3/h(H4,6,7,8,9,10,11,12)",LEHOTFFKMJEONL-UHFFFAOYSA-N
243,6-methylpterin,6.69,708-75-8,Cc1cnc2nc(N)[nH]c(=O) c2n1,10.5,,https://doi.org/10.1562/2006-09-15-ra-1041,,amine,Nitrogen-containing organics,"InChI=1S/C7H7N5O/c1-3-2-9-5-4(10-3)6(13)12-7(8)11-5/h2H,1H3,(H3,8,9,11,12,13)",UDOGNMDURIJYQC-UHFFFAOYSA-N
244,histidine,7.95,71-00-1,N[C@@H] (Cc1c[nH]cn1) C(=O) O,7,,https://doi.org/10.1111/j.1751-1097.1993.tb02317.x,,imidazole,Heterocycles,"InChI=1S/C6H9N3O2/c7-5(6(10)11)1-4-2-8-3-9-4/h2-3,5H,1,7H2,(H,8,9)(H,10,11)/t5-/m0/s1",HNDVDQJCIGZPNO-YFKPBYRVSA-N
245,histidine,7.76,71-00-1,N[C@@H] (Cc1c[nH]cn1) C(=O) O,10.6,,https://doi.org/10.1080/02772249209357813,,imidazole,Heterocycles,"InChI=1S/C6H9N3O2/c7-5(6(10)11)1-4-2-8-3-9-4/h2-3,5H,1,7H2,(H,8,9)(H,10,11)/t5-/m0/s1",HNDVDQJCIGZPNO-YFKPBYRVSA-N
246,histidine,7.89,71-00-1,N[C@@H] (Cc1c[nH]cn1) C(=O) O,7.4,,https://doi.org/10.1016/j.jphotochem.2007.01.005,,imidazole,Heterocycles,"InChI=1S/C6H9N3O2/c7-5(6(10)11)1-4-2-8-3-9-4/h2-3,5H,1,7H2,(H,8,9)(H,10,11)/t5-/m0/s1",HNDVDQJCIGZPNO-YFKPBYRVSA-N
247,6-hydroxymethylpterin,6.08,712-29-8,Nc1nc2ncc (CO)nc2c(=O) [nH]1,10.5,,https://doi.org/10.1562/2006-09-15-ra-1041,,amine,Nitrogen-containing organics,"InChI=1S/C7H7N5O2/c8-7-11-5-4(6(14)12-7)10-3(2-13)1-9-5/h1,13H,2H2,(H3,8,9,11,12,14)",XGWIBNWDLMIPNF-UHFFFAOYSA-N
248,3-cyanopyrrole,7.53,7126-38-7,N#Cc1cc[nH]c1,7,,https://doi.org/10.1021/acs.est.9b03948,,nitrile,Nitrogen-containing organics,"InChI=1S/C5H4N2/c6-3-5-1-2-7-4-5/h1-2,4,7H",PCYWMDGJYQAMCR-UHFFFAOYSA-N
249,"9,10-anthracenedipropionic acid",8.08,71367-28-7,O=C(O)CCc1c2ccccc2c(CCC(=O) O) c2ccccc12,6.8,,https://doi.org/10.1016/1010-6030(92)85132-E,,carboxylic acid,Oxygenated organics,"InChI=1S/C20H18O4/c21-19(22)11-9-17-13-5-1-2-6-14(13)18(10-12-20(23)24)16-8-4-3-7-15(16)17/h1-8H,9-12H2,(H,21,22)(H,23,24)",PHRHANASDXMZLU-UHFFFAOYSA-N
250,Sulfathiazole,7.72,72-14-0,Nc1ccc(S(=O) (=O) Nc2nccs2) cc1,12,,https://doi.org/10.1016/S0143-7208(00)00010-3,,sulfoxide,Sulfur-containing organics,"InChI=1S/C9H9N3O2S2/c10-7-1-3-8(4-2-7)16(13,14)12-9-11-5-6-15-9/h1-6H,10H2,(H,11,12)",JNMRHUJNCSQMMB-UHFFFAOYSA-N
251,β-carotene,9.63,7235-40-7,CC1···(C)/C=C/C2=C(C)CCCC2(C)C) C(C)(C) CCC1,7.4,,https://doi.org/10.1021/acs.jafc.6b04329,,inorganic,Others / Unassigned,,
252,2-hydroxypyridine,7.3,72762-00-6,Oc1ccccn1,11,,https://doi.org/10.1016/S1010-6030(98)00394-3,,pyridine,Heterocycles,"InChI=1S/C5H5NO/c7-5-3-1-2-4-6-5/h1-4H,(H,6,7)",UBQKCCHYAOITMY-UHFFFAOYSA-N
253,Sulfamoxole,7.84,729-99-7,Cc1nc (NS(=O) (=O) c2ccc(N)cc2) oc1C,10.2,,https://doi.org/10.1021/es0353053,,sulfoxide,Sulfur-containing organics,"InChI=1S/C11H13N3O3S/c1-7-8(2)17-11(13-7)14-18(15,16)10-5-3-9(12)4-6-10/h3-6H,12H2,1-2H3,(H,13,14)",CYFLXLSBHQBMFT-UHFFFAOYSA-N
254,l-Tryptophan,8.51,73-22-3,N[C@@H] (Cc1c[nH]c2ccccc12) C(=O) O,7.4,,https://doi.org/10.1016/j.jphotochem.2007.01.005,,amine,Nitrogen-containing organics,"InChI=1S/C11H12N2O2/c12-9(11(14)15)5-7-6-13-10-4-2-1-3-8(7)10/h1-4,6,9,13H,5,12H2,(H,14,15)/t9-/m0/s1",QIVBCDIJIAJPQS-VIFPVBQESA-N
255,Trimethoprim,6.51,738-70-5,COc1cc (Cc2cnc(N)nc2N) cc (OC)c1OC,6,,https://doi.org/10.1016/j.watres.2011.12.052,,amine,Nitrogen-containing organics,"InChI=1S/C14H18N4O3/c1-19-10-5-8(6-11(20-2)12(10)21-3)4-9-7-17-14(16)18-13(9)15/h5-7H,4H2,1-3H3,(H4,15,16,17,18)",IEDVJHCEMCRBQM-UHFFFAOYSA-N
256,α-carotene,9.76,7488-99-5,CC1···C/C=C/C=C(C)/C=C/C=C(C)/C=C/C1=C(C)CCCC1(C)C,7.4,,https://doi.org/10.1021/acs.jafc.6b04329,,inorganic,Others / Unassigned,,
257,tetrabromobisphenol,8.18,79-94-7,CC(C) (c1cc (Br)c(O)c(Br)c1) c1cc (Br)c(O)c(Br)c1,12,,https://doi.org/10.1016/j.chemosphere.2008.06.013,,halogenated,Halogenated organics,"InChI=1S/C15H12Br4O2/c1-15(2,7-3-9(16)13(20)10(17)4-7)8-5-11(18)14(21)12(19)6-8/h3-6,20-21H,1-2H3",VEORPZCZECFIRK-UHFFFAOYSA-N
258,Bisphenol A,8,80-05-7,CC(C)(c1ccc(O)cc1) c1ccc(O)cc1,10,,https://doi.org/10.1016/j.chemosphere.2008.06.013,,phenol,Oxygenated organics,"InChI=1S/C15H16O2/c1-15(2,11-3-7-13(16)8-4-11)12-5-9-14(17)10-6-12/h3-10,16-17H,1-2H3",IISBACLAFKSPIT-UHFFFAOYSA-N
259,Bisphenol A,8.3,80-05-7,CC(C)(c1ccc(O)cc1) c1ccc(O)cc1,12,,https://doi.org/10.1016/j.chemosphere.2008.06.013,,phenol,Oxygenated organics,"InChI=1S/C15H16O2/c1-15(2,11-3-7-13(16)8-4-11)12-5-9-14(17)10-6-12/h3-10,16-17H,1-2H3",IISBACLAFKSPIT-UHFFFAOYSA-N
260,2’-HO-BDE-123,6.28,80246-24-8,Oc1c (Oc2ccc (Br)cc2Br) cc (Br)c(Br)c1Br,4,,https://doi.org/10.1016/j.chemosphere.2012.06.033,,halogenated,Halogenated organics,"InChI=1S/C12H5Br5O2/c13-5-1-2-8(6(14)3-5)19-9-4-7(15)10(16)11(17)12(9)18/h1-4,18H",FSIJSYKTNOYMTQ-UHFFFAOYSA-N
261,2’-HO-BDE-68,6.72,80246-25-9,Oc1c(Br)cc (Br)cc1Oc1ccc (Br)cc1Br,5,,https://doi.org/10.1016/j.chemosphere.2012.06.033,,halogenated,Halogenated organics,"InChI=1S/C12H6Br4O2/c13-6-1-2-10(8(15)3-6)18-11-5-7(14)4-9(16)12(11)17/h1-5,17H",QEPYTQFGTBSZQY-UHFFFAOYSA-N
262,2’-HO-BDE-68,8.25,80246-25-9,Oc1c(Br)cc (Br)cc1Oc1ccc (Br)cc1Br,8,,https://doi.org/10.1016/j.chemosphere.2012.06.033,,halogenated,Halogenated organics,"InChI=1S/C12H6Br4O2/c13-6-1-2-10(8(15)3-6)18-11-5-7(14)4-9(16)12(11)17/h1-5,17H",QEPYTQFGTBSZQY-UHFFFAOYSA-N
263,Sulfachloropyridazine,6.83,80-32-0,Nc1ccc(S(=O) (=O) Nc2ccc (Cl)nn2) cc1,8,,https://doi.org/10.1021/es048331p,,halogenated,Halogenated organics,"InChI=1S/C10H9ClN4O2S/c11-9-5-6-10(14-13-9)15-18(16,17)8-3-1-7(12)2-4-8/h1-6H,12H2,(H,14,15)",XOXHILFPRYWFOD-UHFFFAOYSA-N
264,bisphenol Z,6.68,843-55-0,Oc1ccc(C2(c3ccc(O)cc3) CCCCC2) cc1,3,,https://doi.org/10.1039/C6EM00580B,,phenol,Oxygenated organics,"InChI=1S/C18H20O2/c19-16-8-4-14(5-9-16)18(12-2-1-3-13-18)15-6-10-17(20)11-7-15/h4-11,19-20H,1-3,12-13H2",SDDLEVPIDBLVHC-UHFFFAOYSA-N
265,bisphenol Z,7.74,843-55-0,Oc1ccc(C2(c3ccc(O)cc3) CCCCC2) cc1,12,,https://doi.org/10.1039/C6EM00580B,,phenol,Oxygenated organics,"InChI=1S/C18H20O2/c19-16-8-4-14(5-9-16)18(12-2-1-3-13-18)15-6-10-17(20)11-7-15/h4-11,19-20H,1-3,12-13H2",SDDLEVPIDBLVHC-UHFFFAOYSA-N
266,Pyridoxal 5-phosphate,5.07,853645-22-4,Cc1ncc (COP(=O) (O)O) c(C=O) c1O,8.2,,https://doi.org/10.1562/0031-8655(2000)071%3C0129:sipvbp%3E2.0.co;2,,phosphorus,Phosphorus-containing organics,"InChI=1S/C8H10NO6P/c1-5-8(11)7(3-10)6(2-9-5)4-15-16(12,13)14/h2-3,11H,4H2,1H3,(H2,12,13,14)",NGVDGCNFYWLIFO-UHFFFAOYSA-N
267,Pyridoxal 5-phosphate,4.72,853645-22-4,Cc1ncc (COP(=O) (O)O) c(C=O) c1O,7.2,,https://doi.org/10.1562/0031-8655(2000)071%3C0129:sipvbp%3E2.0.co;2,,phosphorus,Phosphorus-containing organics,"InChI=1S/C8H10NO6P/c1-5-8(11)7(3-10)6(2-9-5)4-15-16(12,13)14/h2-3,11H,4H2,1H3,(H2,12,13,14)",NGVDGCNFYWLIFO-UHFFFAOYSA-N
268,Pyridoxal 5-phosphate,4.49,853645-22-4,Cc1ncc (COP(=O) (O)O) c(C=O) c1O,6.3,,https://doi.org/10.1562/0031-8655(2000)071%3C0129:sipvbp%3E2.0.co;2,,phosphorus,Phosphorus-containing organics,"InChI=1S/C8H10NO6P/c1-5-8(11)7(3-10)6(2-9-5)4-15-16(12,13)14/h2-3,11H,4H2,1H3,(H2,12,13,14)",NGVDGCNFYWLIFO-UHFFFAOYSA-N
269,"2,4,6-Trichlorophenol",6.3,88-06-2,Oc1c(Cl)cc (Cl)cc1Cl,4.2,,https://doi.org/10.1016/0045-6535(87)90004-X,,halogenated,Halogenated organics,"InChI=1S/C6H3Cl3O/c7-3-1-4(8)6(10)5(9)2-3/h1-2,10H",LINPIYWFGCPVIE-UHFFFAOYSA-N
270,"2,4,6-Trichlorophenol",6.78,88-06-2,Oc1c(Cl)cc (Cl)cc1Cl,4.8,,https://doi.org/10.1016/0045-6535(87)90004-X,,halogenated,Halogenated organics,"InChI=1S/C6H3Cl3O/c7-3-1-4(8)6(10)5(9)2-3/h1-2,10H",LINPIYWFGCPVIE-UHFFFAOYSA-N
271,"2,4,6-Trichlorophenol",7.18,88-06-2,Oc1c(Cl)cc (Cl)cc1Cl,5.2,,https://doi.org/10.1016/0045-6535(87)90004-X,,halogenated,Halogenated organics,"InChI=1S/C6H3Cl3O/c7-3-1-4(8)6(10)5(9)2-3/h1-2,10H",LINPIYWFGCPVIE-UHFFFAOYSA-N
272,"2,4,6-Trichlorophenol",7.41,88-06-2,Oc1c(Cl)cc (Cl)cc1Cl,5.5,,https://doi.org/10.1016/0045-6535(87)90004-X,,halogenated,Halogenated organics,"InChI=1S/C6H3Cl3O/c7-3-1-4(8)6(10)5(9)2-3/h1-2,10H",LINPIYWFGCPVIE-UHFFFAOYSA-N
273,"2,4,6-Trichlorophenol",7.74,88-06-2,Oc1c(Cl)cc (Cl)cc1Cl,6,,https://doi.org/10.1016/0045-6535(87)90004-X,,halogenated,Halogenated organics,"InChI=1S/C6H3Cl3O/c7-3-1-4(8)6(10)5(9)2-3/h1-2,10H",LINPIYWFGCPVIE-UHFFFAOYSA-N
274,"2,4,6-Trichlorophenol",7.98,88-06-2,Oc1c(Cl)cc (Cl)cc1Cl,7,,https://doi.org/10.1016/0045-6535(87)90004-X,,halogenated,Halogenated organics,"InChI=1S/C6H3Cl3O/c7-3-1-4(8)6(10)5(9)2-3/h1-2,10H",LINPIYWFGCPVIE-UHFFFAOYSA-N
275,"2,4,6-Trichlorophenol",8.08,88-06-2,Oc1c(Cl)cc (Cl)cc1Cl,9,,https://doi.org/10.1016/0045-6535(87)90004-X,,halogenated,Halogenated organics,"InChI=1S/C6H3Cl3O/c7-3-1-4(8)6(10)5(9)2-3/h1-2,10H",LINPIYWFGCPVIE-UHFFFAOYSA-N
276,2-nitrophenol,7.2,88-75-5,O=[N+] ([O-]) c1ccccc1O,10,,https://doi.org/10.1002/prac.19943360310,,phenol,Oxygenated organics,"InChI=1S/C6H5NO3/c8-6-4-2-1-3-5(6)7(9)10/h1-4,8H",IQUPABOKLQSFBK-UHFFFAOYSA-N
277,2-nitrophenol,7.65,88-75-5,O=[N+] ([O-]) c1ccccc1O,12,,https://doi.org/10.1002/prac.19943360310,,phenol,Oxygenated organics,"InChI=1S/C6H5NO3/c8-6-4-2-1-3-5(6)7(9)10/h1-4,8H",IQUPABOKLQSFBK-UHFFFAOYSA-N
278,2-nitro-4-chlorophenol,7.33,89-64-5,O=[N+] ([O-]) c1cc (Cl)ccc1O,8,,https://doi.org/10.1016/j.scitotenv.2012.03.034,,halogenated,Halogenated organics,"InChI=1S/C6H4ClNO3/c7-4-1-2-6(9)5(3-4)8(10)11/h1-3,9H",NWSIFTLPLKCTSX-UHFFFAOYSA-N
279,1-hydroxynaphthalene,7.32,90-15-3,Oc1cccc2ccccc12,7,,https://doi.org/10.1016/S1010-6030(99)00172-0,,phenol,Oxygenated organics,"InChI=1S/C10H8O/c11-10-7-3-5-8-4-1-2-6-9(8)10/h1-7,11H",KJCVRFUGPWSIIH-UHFFFAOYSA-N
280,1-hydroxynaphthalene,8.59,90-15-3,Oc1cccc2ccccc12,11,,https://doi.org/10.1016/S1010-6030(99)00172-0,,phenol,Oxygenated organics,"InChI=1S/C10H8O/c11-10-7-3-5-8-4-1-2-6-9(8)10/h1-7,11H",KJCVRFUGPWSIIH-UHFFFAOYSA-N
281,2-deoxyguanosine-5-monophosphate anion,7.23,902-04-5,Nc1nc2c(ncn2[C@H]2C[C@H] (O)[C@@H] (COP(=O) (O)O) O2) c(=O) [nH]1,5.5,,https://doi.org/10.1021/ja075367j,,phosphorus,Phosphorus-containing organics,"InChI=1S/C10H14N5O7P/c11-10-13-8-7(9(17)14-10)12-3-15(8)6-1-4(16)5(22-6)2-21-23(18,19)20/h3-6,16H,1-2H2,(H2,18,19,20)(H3,11,13,14,17)/t4-,5+,6+/m0/s1",LTFMZDNNPPEQNG-KVQBGUIXSA-N
282,2-deoxyguanosine-5-monophosphate anion,7.98,902-04-5,Nc1nc2c(ncn2[C@H]2C[C@H] (O)[C@@H] (COP(=O) (O)O) O2) c(=O) [nH]1,10.5,,https://doi.org/10.1021/ja075367j,,phosphorus,Phosphorus-containing organics,"InChI=1S/C10H14N5O7P/c11-10-13-8-7(9(17)14-10)12-3-15(8)6-1-4(16)5(22-6)2-21-23(18,19)20/h3-6,16H,1-2H2,(H2,18,19,20)(H3,11,13,14,17)/t4-,5+,6+/m0/s1",LTFMZDNNPPEQNG-KVQBGUIXSA-N
283,2-hydroxybiphenyl,7.64,90-43-7,Oc1ccccc1-c1ccccc1,11,,https://doi.org/10.1016/0045-6535(93)90113-J,,phenol,Oxygenated organics,"InChI=1S/C12H10O/c13-12-9-5-4-8-11(12)10-6-2-1-3-7-10/h1-9,13H",LLEMOWNGBBNAJR-UHFFFAOYSA-N
284,2-hydroxybiphenyl,6.77,90-43-7,Oc1ccccc1-c1ccccc1,10,,https://doi.org/10.1016/0045-6535(93)90113-J,,phenol,Oxygenated organics,"InChI=1S/C12H10O/c13-12-9-5-4-8-11(12)10-6-2-1-3-7-10/h1-9,13H",LLEMOWNGBBNAJR-UHFFFAOYSA-N
285,2-hydroxybiphenyl,6.51,90-43-7,Oc1ccccc1-c1ccccc1,9,,https://doi.org/10.1016/0045-6535(93)90113-J,,phenol,Oxygenated organics,"InChI=1S/C12H10O/c13-12-9-5-4-8-11(12)10-6-2-1-3-7-10/h1-9,13H",LLEMOWNGBBNAJR-UHFFFAOYSA-N
286,"2,6-Dimethoxyphenol",7.56,91-10-1,COc1cccc (OC)c1O,12,,https://doi.org/10.1039/C6EM00580B,,phenol,Oxygenated organics,"InChI=1S/C8H10O3/c1-10-6-4-3-5-7(11-2)8(6)9/h3-5,9H,1-2H3",KLIDCXVFHGNTTM-UHFFFAOYSA-N
287,4-phenylphenol,7.6,92-69-3,Oc1ccc(-c2ccccc2) cc1,11,,https://doi.org/10.1139/v93-160,,phenol,Oxygenated organics,"InChI=1S/C12H10O/c13-12-8-6-11(7-9-12)10-4-2-1-3-5-10/h1-9,13H",YXVFYQXJAXKLAK-UHFFFAOYSA-N
288,"1,2-dihydro-5-nitro-3H-1,2,4-triazol- 3-one",6.29,932-64-9,O=c1nc([N+] (=O) [O-]) [nH][nH]1,8.5,,https://doi.org/10.1021/acsestwater.2c00567,,nitro,Nitrogen-containing organics,"InChI=1S/C2H2N4O3/c7-2-3-1(4-5-2)6(8)9/h(H2,3,4,5,7)",QJTIRVUEVSKJTK-UHFFFAOYSA-N
289,"2,3,5-trichlorophenol",5.17,933-78-8,Oc1cc (Cl)cc (Cl)c1Cl,3,,https://doi.org/10.1039/C6EM00580B,,halogenated,Halogenated organics,"InChI=1S/C6H3Cl3O/c7-3-1-4(8)6(9)5(10)2-3/h1-2,10H",WWGQHTJIFOQAOC-UHFFFAOYSA-N
290,venlafaxine,7.32,93413-69-5,COc1ccc([C@@H] (CN(C)C) C2(O)CCCCC2) cc1,6.8,,https://doi.org/10.1016/j.psep.2022.08.049,,amine,Nitrogen-containing organics,"InChI=1S/C17H27NO2/c1-18(2)13-16(17(19)11-5-4-6-12-17)14-7-9-15(20-3)10-8-14/h7-10,16,19H,4-6,11-13H2,1-3H3/t16-/m1/s1",PNVNVHUZROJLTJ-MRXNPFEDSA-N
291,2-aminobenzimidazole,6.6,934-32-7,Nc1nc2ccccc2[nH]1,6,,https://doi.org/10.1016/j.chemosphere.2006.02.057,,imidazole,Heterocycles,"InChI=1S/C7H7N3/c8-7-9-5-3-1-2-4-6(5)10-7/h1-4H,(H3,8,9,10)",JWYUFVNJZUSCSM-UHFFFAOYSA-N
292,Fluvastatin,8.21,93957-54-1,CC(C)n1c(/C=C/[CH] (O)C[CH] (O)CC(=O) O) c(c2ccc(F)cc2) cccccc2,7,,https://doi.org/10.1016/j.scitotenv.2016.12.008,,halogenated,Halogenated organics,,
293,benzyl-4-hydroxybenzoate,6.34,94-18-8,O=C(OCc1ccccc1) c1ccc(O)cc1,7,,https://doi.org/10.1016/j.cej.2012.08.097,,phenol,Oxygenated organics,"InChI=1S/C14H12O3/c15-13-8-6-12(7-9-13)14(16)17-10-11-4-2-1-3-5-11/h1-9,15H,10H2",MOZDKDIOPSPTBH-UHFFFAOYSA-N
294,benzyl-4-hydroxybenzoate,6.8,94-18-8,O=C(OCc1ccccc1) c1ccc(O)cc1,10.8,,https://doi.org/10.1016/j.cej.2012.08.097,,phenol,Oxygenated organics,"InChI=1S/C14H12O3/c15-13-8-6-12(7-9-13)14(16)17-10-11-4-2-1-3-5-11/h1-9,15H,10H2",MOZDKDIOPSPTBH-UHFFFAOYSA-N
295,butylparaben,6.34,94-26-8,CCCCOC(=O) c1ccc(O)cc1,7,,https://doi.org/10.1016/j.cej.2012.08.097,,phenol,Oxygenated organics,"InChI=1S/C11H14O3/c1-2-3-8-14-11(13)9-4-6-10(12)7-5-9/h4-7,12H,2-3,8H2,1H3",QFOHBWFCKVYLES-UHFFFAOYSA-N
296,butylparaben,6.8,94-26-8,CCCCOC(=O) c1ccc(O)cc1,10.4,,https://doi.org/10.1016/j.cej.2012.08.097,,phenol,Oxygenated organics,"InChI=1S/C11H14O3/c1-2-3-8-14-11(13)9-4-6-10(12)7-5-9/h4-7,12H,2-3,8H2,1H3",QFOHBWFCKVYLES-UHFFFAOYSA-N
297,2-chlorophenol,7.23,95-57-8,Oc1ccccc1Cl,11.5,,https://doi.org/10.1080/02772249009357622,,halogenated,Halogenated organics,"InChI=1S/C6H5ClO/c7-5-3-1-2-4-6(5)8/h1-4,8H",ISPYQTSUDJAMAB-UHFFFAOYSA-N
298,Furfuryl Alcohol,8.08,98-00-0,OCc1ccco1,7,,https://doi.org/10.1016/0045-6535(87)90004-X,,alcohol,Oxygenated organics,"InChI=1S/C5H6O2/c6-4-5-2-1-3-7-5/h1-3,6H,4H2",XPFVYQJUAUNWIW-UHFFFAOYSA-N
299,Sertaconazole nitrate,6.4,99592-32-2,Clc1ccc([C@@H] (Cn2ccnc2) O Cc2csc3c(Cl)cccc23) c(Cl)c1,3,,https://doi.org/10.1007/s11356-018-2555-4,,halogenated,Halogenated organics,"InChI=1S/C20H15Cl3N2OS/c21-14-4-5-16(18(23)8-14)19(9-25-7-6-24-12-25)26-10-13-11-27-20-15(13)2-1-3-17(20)22/h1-8,11-12,19H,9-10H2/t19-/m1/s1",JLGKQTAYUIMGRK-LJQANCHMSA-N
300,Sertaconazole nitrate,6.59,99592-32-2,Clc1ccc([C@@H] (Cn2ccnc2) O Cc2csc3c(Cl)cccc23) c(Cl)c1,7,,https://doi.org/10.1007/s11356-018-2555-4,,halogenated,Halogenated organics,"InChI=1S/C20H15Cl3N2OS/c21-14-4-5-16(18(23)8-14)19(9-25-7-6-24-12-25)26-10-13-11-27-20-15(13)2-1-3-17(20)22/h1-8,11-12,19H,9-10H2/t19-/m1/s1",JLGKQTAYUIMGRK-LJQANCHMSA-N
301,phenolate,8.230448921,108-95-2,c1ccccc1O,,25,https://doi.org/10.1016/0045-6535(87)90004-X and https://doi.org/10.1021/es00021a011?ref=pdf,,phenol,Oxygenated organics,"InChI=1S/C6H6O/c7-6-4-2-1-3-5-6/h1-5,7H",ISWSIDIOOBJBQZ-UHFFFAOYSA-N
302,2-chlorophenolate,8.204119983,29650-97-3,Clc1ccccc1O,,25,https://doi.org/10.1039/C6EM00580B and https://doi.org/10.1021/es00021a011?ref=pdf,,halogenated,Halogenated organics,"InChI=1S/C6H5ClO/c7-5-3-1-2-4-6(5)8/h1-4,8H",ISPYQTSUDJAMAB-UHFFFAOYSA-N
303,2-methoxyphenolate,8.643452676,90-05-1,COc1ccccc1O,,25,https://doi.org/10.1021/es00021a011?ref=pdf,,phenol,Oxygenated organics,"InChI=1S/C7H8O2/c1-9-7-5-3-2-4-6(7)8/h2-5,8H,1H3",LHGVFZTZFXWLCP-UHFFFAOYSA-N
304,Methyl salicylate,8.204119983,119-36-8,COC(=O)c1ccccc1O,,25,https://doi.org/10.1016/0045-6535(87)90004-X,,phenol,Oxygenated organics,"InChI=1S/C8H8O3/c1-11-8(10)6-4-2-3-5-7(6)9/h2-5,9H,1H3",OSWPMRLSEDHDFF-UHFFFAOYSA-N
305,2-nitrophenolate,7.505149978,88-75-5,O=N+c1ccccc1O,,25,"https://doi.org/10.1039/C6EM00580B, https://doi.org/10.1021/es00021a011?ref=pdf, and https://doi.org/10.1016/1011-1344(90)85141-I",,phenol,Oxygenated organics,,
306,3-chlorophenolate,8.041392685,108-43-0,Clc1cccc(O)c1,,25,"https://doi.org/10.1039/C6EM00580B, https://doi.org/10.1021/es00021a011?ref=pdf, and https://doi.org/10.1016/1011-1344(90)85141-I",,halogenated,Halogenated organics,"InChI=1S/C6H5ClO/c7-5-2-1-3-6(8)4-5/h1-4,8H",HORNXRXVQWOLPJ-UHFFFAOYSA-N
307,3-methoxyphenolate,8.447158031,150-19-6,COc1cccc(O)c1,,25,https://doi.org/10.1039/C6EM00580B and https://doi.org/10.1021/es00021a011?ref=pdf,,phenol,Oxygenated organics,"InChI=1S/C7H8O2/c1-9-7-4-2-3-6(8)5-7/h2-5,8H,1H3",ASHGTJPOSUFTGB-UHFFFAOYSA-N
308,3-methylphenol,8.301029996,108-39-4,CC1=CC(=CC=C1)O,,25,https://doi.org/10.1039/C6EM00580B,342,phenol,Oxygenated organics,"InChI=1S/C7H8O/c1-6-3-2-4-7(8)5-6/h2-5,8H,1H3",RLSSMJSEOOYNOY-UHFFFAOYSA-N
309,3-nitrophenolate,7.591064607,554-84-7,O=N+c1cccc(O)c1,,25,"https://doi.org/10.1039/C6EM00580B, https://doi.org/10.1021/es00021a011?ref=pdf, and https://doi.org/10.1016/1011-1344(90)85141-I",,phenol,Oxygenated organics,,
310,4-acetylphenolate,7.380211242,99-93-4,CC(=O)c1ccc(O)cc1,,25,https://doi.org/10.1021/es00021a011?ref=pdf,,phenol,Oxygenated organics,"InChI=1S/C8H8O2/c1-6(9)7-2-4-8(10)5-3-7/h2-5,10H,1H3",TXFPEBPIARQUIG-UHFFFAOYSA-N
311,4-chlorophenolate,8.041392685,106-48-9,Clc1ccc(O)cc1,,25,"https://doi.org/10.1021/es00021a011?ref=pdf, https://doi.org/10.1016/1011-1344(90)85141-I, and https://doi.org/10.1139/v93-160",,halogenated,Halogenated organics,"InChI=1S/C6H5ClO/c7-5-1-3-6(8)4-2-5/h1-4,8H",WXNZTHHGJRFXKQ-UHFFFAOYSA-N
312,4-cyanophenolate,6.792391689,767-00-0,N#Cc1ccc(O)cc1,,25,https://doi.org/10.1021/es00021a011?ref=pdf,,phenol,Oxygenated organics,"InChI=1S/C7H5NO/c8-5-6-1-3-7(9)4-2-6/h1-4,9H",CVNOWLNNPYYEOH-UHFFFAOYSA-N
313,4-methoxyphenolate,8.819543936,150-76-5,COc1ccc(O)cc1,,25,https://doi.org/10.1021/es00021a011?ref=pdf,,phenol,Oxygenated organics,"InChI=1S/C7H8O2/c1-9-7-4-2-6(8)3-5-7/h2-5,8H,1H3",NWVVVBRKAWDGAB-UHFFFAOYSA-N
314,4-methylphenolate,8.556302501,106-44-5,Cc1ccc(O)cc1,,25,https://doi.org/10.1016/0045-6535(87)90004-X and https://doi.org/10.1021/es00021a011?ref=pdf,,phenol,Oxygenated organics,"InChI=1S/C7H8O/c1-6-2-4-7(8)5-3-6/h2-5,8H,1H3",IWDCLRJOBJJRNH-UHFFFAOYSA-N
315,4-nitrophenolate,6.612783857,100-02-7,O=N+c1ccc(O)cc1,,25,https://doi.org/10.1016/0045-6535(87)90004-X and https://doi.org/10.1021/es00021a011?ref=pdf,,phenol,Oxygenated organics,,
316,4-tert-butylphenolate,8.556302501,98-54-4,CC(C)(C)C1=CC=C(C=C1)O,,25,https://doi.org/10.1021/es00021a011?ref=pdf,7393,phenol,Oxygenated organics,"InChI=1S/C10H14O/c1-10(2,3)8-4-6-9(11)7-5-8/h4-7,11H,1-3H3",QHPQWRBYOIRBIT-UHFFFAOYSA-N
317,"2,4-dimethylphenolate",8.544068044,105-67-9,Cc1ccc(O)c(C)c1,,25,https://doi.org/10.1039/C6EM00580B,,phenol,Oxygenated organics,"InChI=1S/C8H10O/c1-6-3-4-8(9)7(2)5-6/h3-5,9H,1-2H3",KUFFULVDNCHOFZ-UHFFFAOYSA-N
318,"2,4-dichlorophenolate",8.176091259,120-83-2,Clc1ccc(O)cc1Cl,,25,https://doi.org/10.1016/0045-6535(87)90004-X and https://doi.org/10.1021/es00021a011?ref=pdf,,halogenated,Halogenated organics,"InChI=1S/C6H4Cl2O/c7-5-2-1-4(9)3-6(5)8/h1-3,9H",WDNBURPWRNALGP-UHFFFAOYSA-N
319,"2,6-dimethylphenolate",8.301029996,576-26-1,CC1=C(C(=CC=C1)C)O,,25,https://doi.org/10.1039/C6EM00580B,11335,phenol,Oxygenated organics,"InChI=1S/C8H10O/c1-6-4-3-5-7(2)8(6)9/h3-5,9H,1-2H3",NXXYKOUNUYWIHA-UHFFFAOYSA-N
320,4-hydroxyphenolate,7.748188027,123-31-9,c1ccc(O)cc1O,,25,https://doi.org/10.1080/02772249209357813,,phenol,Oxygenated organics,"InChI=1S/C6H6O2/c7-5-2-1-3-6(8)4-5/h1-4,7-8H",GHMLBKRAJCXXBS-UHFFFAOYSA-N
321,"2,6-dimethoxyphenolate",8.939519253,91-10-1,COc1cccc(OC)c1O,,25,https://doi.org/10.1016/0045-6535(87)90004-X,,phenol,Oxygenated organics,"InChI=1S/C8H10O3/c1-10-6-4-3-5-7(11-2)8(6)9/h3-5,9H,1-2H3",KLIDCXVFHGNTTM-UHFFFAOYSA-N
322,3-methyl-4-chlorophenolate,8.113943352,59-50-7,Cc1ccc(O)c(Cl)c1,,25,https://doi.org/10.1039/C6EM00580B,,halogenated,Halogenated organics,"InChI=1S/C7H7ClO/c1-5-2-3-7(9)6(8)4-5/h2-4,9H,1H3",AQJFATAFTQCRGC-UHFFFAOYSA-N
323,"2,3,5-trichlorophenolate",6.633468456,933-78-8,Clc1cc(O)cc(Cl)c1Cl,,25,https://doi.org/10.1039/C6EM00580B,,halogenated,Halogenated organics,"InChI=1S/C6H3Cl3O/c7-4-1-3(10)2-5(8)6(4)9/h1-2,10H",GBNHEBQXJVDXSW-UHFFFAOYSA-N
324,"2,4,6-trimethylphenolate",8.77815125,527-60-6,Cc1cc(O)cc(C)c1C,,25,https://doi.org/10.1039/C6EM00580B,,phenol,Oxygenated organics,"InChI=1S/C9H12O/c1-6-4-9(10)5-7(2)8(6)3/h4-5,10H,1-3H3",FDQQNNZKEJIHMS-UHFFFAOYSA-N
325,"2,4,6-tribromophenolate",7.919078092,118-79-6,Brc1cc(O)cc(Br)c1Br,,25,https://doi.org/10.1039/C6EM00580B,,halogenated,Halogenated organics,"InChI=1S/C6H3Br3O/c7-4-1-3(10)2-5(8)6(4)9/h1-2,10H",KAVNMOZXRFSVPM-UHFFFAOYSA-N
326,"2,4,6-trichlorophenolate",8.146128036,118-79-6,Clc1cc(O)cc(Cl)c1Cl,,25,https://doi.org/10.1016/0045-6535(87)90004-X and https://doi.org/10.1021/es00021a011?ref=pdf,,halogenated,Halogenated organics,"InChI=1S/C6H3Cl3O/c7-4-1-3(10)2-5(8)6(4)9/h1-2,10H",GBNHEBQXJVDXSW-UHFFFAOYSA-N
327,4-bromophenolate,8.176091259,106-41-2,Brc1ccc(O)cc1,,25,https://doi.org/10.1002/prac.19943360310,,halogenated,Halogenated organics,"InChI=1S/C6H5BrO/c7-5-1-3-6(8)4-2-5/h1-4,8H",GZFGOTFRPZRKDS-UHFFFAOYSA-N
328,"2,6-dimethyl-4-bromophenolate",8.591064607,203808-81-5,Cc1cc(Br)cc(O)c1C,,25,https://doi.org/10.1002/prac.19943360310,,halogenated,Halogenated organics,"InChI=1S/C8H9BrO/c1-5-3-7(9)4-8(10)6(5)2/h3-4,10H,1-2H3",MDGGSGJFRHAVSY-UHFFFAOYSA-N
329,"2,4-dinitrophenolate",5.612783857,51-28-5,O=N+c1ccc(O)c(N+=O)c1,,25,https://doi.org/10.1021/es00021a011?ref=pdf,,phenol,Oxygenated organics,,
330,4-fluorophenolate,8.544068044,371-41-5,Fc1ccc(O)cc1,,25,https://doi.org/10.1139/v93-160,,halogenated,Halogenated organics,"InChI=1S/C6H5FO/c7-5-1-3-6(8)4-2-5/h1-4,8H",RHMPLDJJXGPMEX-UHFFFAOYSA-N
331,2-nitro-4-chlorophenolate,7.322219295,89-64-5,Clc1ccc(O)c(N+=O)c1,,25,https://doi.org/10.1016/j.scitotenv.2012.03.034,,halogenated,Halogenated organics,,
332,"4,6-dinitro-2-methylphenolate",5.113943352,534-52-1,Cc1ccc(O)c(N+=O)c(N+=O)c1,,25,https://doi.org/10.1021/es00021a011?ref=pdf,,phenol,Oxygenated organics,,
333,"2,6-dinitro-4- methylphenolate",7.146128036,609-93-8,Cc1cc(N+=O)cc(O)c1N+=O,,25,https://doi.org/10.1021/es00021a011?ref=pdf,,phenol,Oxygenated organics,,
334,tyrosine,7.716003344,60-18-4,C1=CC(=CC=C1CC(C(=O)O)N)O,,25,https://doi.org/10.1016/1011-1344(91)80212-Z,1153,phenol,Oxygenated organics,"InChI=1S/C9H11NO3/c10-8(9(12)13)5-6-1-3-7(11)4-2-6/h1-4,8,11H,5,10H2,(H,12,13)",OUYCCCASQSFEME-UHFFFAOYSA-N
335,glycyl-tyrosine,7.278753601,658-79-7,NCC(=O)NC@@HC(=O)O,,25,https://doi.org/10.1016/1011-1344(91)80212-Z,,phenol,Oxygenated organics,,
336,glycyl-tyrosyl-alanine,8,112898-27-8,CC@HC(=O)O,,25,https://doi.org/10.1007/BF00805805,,phenol,Oxygenated organics,,
337,tyrosyl-glycine,7.633468456,673-08-5,NC@@HC(=O)NCC(=O)O,,25,https://doi.org/10.1016/1011-1344(91)80212-Z,,phenol,Oxygenated organics,,
338,tyramine,8.361727836,51-67-2,NCCc1ccc(O)cc1,,25,https://doi.org/10.1111/j.1751-1097.1977.tb07461.x,,phenol,Oxygenated organics,"InChI=1S/C8H11NO/c9-6-5-7-1-3-8(10)4-2-7/h1-4,10H,5-6,9H2",DZGWFCGJZKJUFP-UHFFFAOYSA-N
339,phenol,6.897627091,108-95-2,C1=CC=C(C=C1)O,,25,"https://doi.org/10.1021/es00021a011?ref=pdf, https://doi.org/10.1016/0045-6535(93)90113-J, and https://doi.org/10.1252/jcej.15.368",996,phenol,Oxygenated organics,"InChI=1S/C6H6O/c7-6-4-2-1-3-5-6/h1-5,7H",ISWSIDIOOBJBQZ-UHFFFAOYSA-N
340,2-chlorophenol,6.959041392,95-57-8,C1=CC=C(C(=C1)O)Cl,,25,https://doi.org/10.1021/es00021a011?ref=pdf,7245,halogenated,Halogenated organics,"InChI=1S/C6H5ClO/c7-5-3-1-2-4-6(5)8/h1-4,8H",ISPYQTSUDJAMAB-UHFFFAOYSA-N
341,2-methoxyphenol,6.77815125,90-05-1,COC1=CC=CC=C1O,,25,https://doi.org/10.1021/es00021a011?ref=pdf,460,phenol,Oxygenated organics,"InChI=1S/C7H8O2/c1-9-7-5-3-2-4-6(7)8/h2-5,8H,1H3",LHGVFZTZFXWLCP-UHFFFAOYSA-N
342,2-methyl ester phenol,6.301029996,119-36-8,COC(=O)C1=CC=CC=C1O,,25,https://doi.org/10.1016/0045-6535(87)90004-X,4133,phenol,Oxygenated organics,"InChI=1S/C8H8O3/c1-11-8(10)6-4-2-3-5-7(6)9/h2-5,9H,1H3",OSWPMRLSEDHDFF-UHFFFAOYSA-N
343,2-nitrophenol,6.113943352,88-75-5,C1=CC=C(C(=C1)[N+](=O)[O-])O,,25,https://doi.org/10.1021/es00021a011?ref=pdf,6947,phenol,Oxygenated organics,"InChI=1S/C6H5NO3/c8-6-4-2-1-3-5(6)7(9)10/h1-4,8H",IQUPABOKLQSFBK-UHFFFAOYSA-N
344,3-chlorophenol,6.51851394,108-43-0,C1=CC(=CC(=C1)Cl)O,,25,https://doi.org/10.1021/es00021a011?ref=pdf,7933,halogenated,Halogenated organics,"InChI=1S/C6H5ClO/c7-5-2-1-3-6(8)4-5/h1-4,8H",HORNXRXVQWOLPJ-UHFFFAOYSA-N
345,3-methoxyphenol,7.113943352,150-19-6,COC1=CC=CC(=C1)O,,25,https://doi.org/10.1021/es00021a011?ref=pdf,9007,phenol,Oxygenated organics,"InChI=1S/C7H8O2/c1-9-7-4-2-3-6(8)5-7/h2-5,8H,1H3",ASHGTJPOSUFTGB-UHFFFAOYSA-N
346,3-methylphenol,7.255272505,108-39-4,CC1=CC(=CC=C1)O,,25,https://doi.org/10.1039/C6EM00580B,342,phenol,Oxygenated organics,"InChI=1S/C7H8O/c1-6-3-2-4-7(8)5-6/h2-5,8H,1H3",RLSSMJSEOOYNOY-UHFFFAOYSA-N
347,"1,3-benzenediol-4-chloro",7.322219295,95-88-5,Clc1ccc(O)c(O)c1,,25,https://doi.org/10.1016/0045-6535(93)90113-J,,halogenated,Halogenated organics,"InChI=1S/C6H5ClO2/c7-4-1-2-5(8)6(9)3-4/h1-3,8-9H",WWOBYPKUYODHDG-UHFFFAOYSA-N
348,"1,4-benzenediol-chloro",7.230448921,615-67-8,C1=CC(=C(C=C1O)Cl)O,,25,https://doi.org/10.1016/0045-6535(93)90113-J,301,halogenated,Halogenated organics,"InChI=1S/C6H5ClO2/c7-5-3-4(8)1-2-6(5)9/h1-3,8-9H",AJPXTSMULZANCB-UHFFFAOYSA-N
349,"1,3-benzenediol",7.301029996,108-46-3,C1=CC(=CC(=C1)O)O,,25,https://doi.org/10.1016/0045-6535(93)90113-J,5054,phenol,Oxygenated organics,"InChI=1S/C6H6O2/c7-5-2-1-3-6(8)4-5/h1-4,7-8H",GHMLBKRAJCXXBS-UHFFFAOYSA-N
350,3-nitrophenol,6.447158031,554-84-7,C1=CC(=CC(=C1)O)[N+](=O)[O-],,25,https://doi.org/10.1039/C6EM00580B,11137,phenol,Oxygenated organics,"InChI=1S/C6H5NO3/c8-6-3-1-2-5(4-6)7(9)10/h1-4,8H",RTZZCYNQPHTPPL-UHFFFAOYSA-N
351,"1,4-dihydroxybenzene",7.579783597,123-31-9,C1=CC(=CC=C1O)O,,25,https://doi.org/10.1021/es00021a011?ref=pdf,785,phenol,Oxygenated organics,"InChI=1S/C6H6O2/c7-5-1-2-6(8)4-3-5/h1-4,7-8H",QIGBRXMKCJKVMJ-UHFFFAOYSA-N
352,4-acetylphenol,6.176091259,99-93-4,CC(=O)C1=CC=C(C=C1)O,,25,https://doi.org/10.1021/es00021a011?ref=pdf,7469,phenol,Oxygenated organics,"InChI=1S/C8H8O2/c1-6(9)7-2-4-8(10)5-3-7/h2-5,10H,1H3",TXFPEBPIARQUIG-UHFFFAOYSA-N
353,4-chlorophenol,6.77815125,106-48-9,C1=CC(=CC=C1O)Cl,,25,https://doi.org/10.1021/es00021a011?ref=pdf,4684,halogenated,Halogenated organics,"InChI=1S/C6H5ClO/c7-5-1-3-6(8)4-2-5/h1-4,8H",WXNZTHHGJRFXKQ-UHFFFAOYSA-N
354,4-cyanophenol,5.380211242,767-00-0,C1=CC(=CC=C1C#N)O,,25,https://doi.org/10.1021/es00021a011?ref=pdf,13019,phenol,Oxygenated organics,"InChI=1S/C7H5NO/c8-5-6-1-3-7(9)4-2-6/h1-4,9H",CVNOWLNNPYYEOH-UHFFFAOYSA-N
355,4-methoxyphenol,7.230448921,150-76-5,COC1=CC=C(C=C1)O,,25,https://doi.org/10.1021/es00021a011?ref=pdf,9015,phenol,Oxygenated organics,"InChI=1S/C7H8O2/c1-9-7-4-2-6(8)3-5-7/h2-5,8H,1H3",NWVVVBRKAWDGAB-UHFFFAOYSA-N
356,4-methylphenol,6.86332286,106-44-5,CC1=CC=C(C=C1)O,,25,https://doi.org/10.1021/es00021a011?ref=pdf,2879,phenol,Oxygenated organics,"InChI=1S/C7H8O/c1-6-2-4-7(8)5-3-6/h2-5,8H,1H3",IWDCLRJOBJJRNH-UHFFFAOYSA-N
357,4-nitrophenol,5.414973348,100-02-7,C1=CC(=CC=C1[N+](=O)[O-])O,,25,https://doi.org/10.1021/es00021a011?ref=pdf,980,phenol,Oxygenated organics,"InChI=1S/C6H5NO3/c8-6-3-1-5(2-4-6)7(9)10/h1-4,8H",BTJIUGUIPKRLHP-UHFFFAOYSA-N
358,4-tert-butylphenol,7.079181246,98-54-4,CC(C)(C)C1=CC=C(C=C1)O,,25,https://doi.org/10.1021/es00021a011?ref=pdf,7393,phenol,Oxygenated organics,"InChI=1S/C10H14O/c1-10(2,3)8-4-6-9(11)7-5-8/h4-7,11H,1-3H3",QHPQWRBYOIRBIT-UHFFFAOYSA-N
359,"2,4-dimethylphenol",6.361727836,105-67-9,CC1=CC(=C(C=C1)O)C,,25,https://doi.org/10.1039/C6EM00580B,7771,phenol,Oxygenated organics,"InChI=1S/C8H10O/c1-6-3-4-8(9)7(2)5-6/h3-5,9H,1-2H3",KUFFULVDNCHOFZ-UHFFFAOYSA-N
360,"2,4-dichlorophenol",6.447158031,120-83-2,C1=CC(=C(C=C1Cl)Cl)O,,25,https://doi.org/10.1021/es00021a011?ref=pdf,8449,halogenated,Halogenated organics,"InChI=1S/C6H4Cl2O/c7-4-1-2-6(9)5(8)3-4/h1-3,9H",HFZWRUODUSTPEG-UHFFFAOYSA-N
361,"2,6-dimethylphenol",6.707570176,576-26-1,CC1=C(C(=CC=C1)C)O,,25,https://doi.org/10.1039/C6EM00580B,11335,phenol,Oxygenated organics,"InChI=1S/C8H10O/c1-6-4-3-5-7(2)8(6)9/h3-5,9H,1-2H3",NXXYKOUNUYWIHA-UHFFFAOYSA-N
362,"2,6-dimethoxyphenol",7.556302501,91-10-1,,,25,https://doi.org/10.1021/es00021a011?ref=pdf,,phenol,Oxygenated organics,,
363,3-methyl-4-chlorophenol,7.477121255,59-50-7,CC1=C(C=CC(=C1)O)Cl,,25,https://doi.org/10.1039/C6EM00580B,1732,halogenated,Halogenated organics,"InChI=1S/C7H7ClO/c1-5-4-6(9)2-3-7(5)8/h2-4,9H,1H3",CFKMVGJGLGKFKI-UHFFFAOYSA-N
364,"2,3,5-trichlorophenol",5.176091259,933-78-8,C1=C(C=C(C(=C1O)Cl)Cl)Cl,,25,https://doi.org/10.1039/C6EM00580B,13619,halogenated,Halogenated organics,"InChI=1S/C6H3Cl3O/c7-3-1-4(8)6(9)5(10)2-3/h1-2,10H",WWGQHTJIFOQAOC-UHFFFAOYSA-N
365,"2,4,6-trimethylphenol",6.505149978,118-79-6,C1=C(C=C(C(=C1Br)O)Br)Br,,25,https://doi.org/10.1039/C6EM00580B,1483,phenol,Oxygenated organics,"InChI=1S/C6H3Br3O/c7-3-1-4(8)6(10)5(9)2-3/h1-2,10H",BSWWXRFVMJHFBN-UHFFFAOYSA-N
366,"2,4,6-tribromophenol",6.431363764,118-79-6,C1=C(C=C(C(=C1Br)O)Br)Br,,25,https://doi.org/10.1039/C6EM00580B,1483,halogenated,Halogenated organics,"InChI=1S/C6H3Br3O/c7-3-1-4(8)6(10)5(9)2-3/h1-2,10H",BSWWXRFVMJHFBN-UHFFFAOYSA-N
367,"2,4,6-trichlorophenol",7.230448921,118-79-6,C1=C(C=C(C(=C1Br)O)Br)Br,,25,https://doi.org/10.1021/es00021a011?ref=pdf,1483,halogenated,Halogenated organics,"InChI=1S/C6H3Br3O/c7-3-1-4(8)6(10)5(9)2-3/h1-2,10H",BSWWXRFVMJHFBN-UHFFFAOYSA-N
368,pentachlorophenol,5.301029996,87-86-5,C1(=C(C(=C(C(=C1Cl)Cl)Cl)Cl)Cl)O,,25,https://doi.org/10.1021/es00021a011?ref=pdf,992,halogenated,Halogenated organics,InChI=1S/C6HCl5O/c7-1-2(8)4(10)6(12)5(11)3(1)9/h12H,IZUPBVBPLAPZRR-UHFFFAOYSA-N
369,"3,4-dihydroxyphenylalanine",8.954242509,59-92-7,C1=CC(=C(C=C1CC(C(=O)O)N)O)O,,25,https://doi.org/10.1111/j.1751-1097.1979.tb07364.x,836,phenol,Oxygenated organics,"InChI=1S/C9H11NO4/c10-6(9(13)14)3-5-1-2-7(11)8(12)4-5/h1-2,4,6,11-12H,3,10H2,(H,13,14)",WTDRDQBEARUVNC-UHFFFAOYSA-N
370,2-methylfuran,7.77815125,534-22-5,CC1CCCO1,,25,https://doi.org/10.1016/0047-2670(78)80059-8,7301,furan,Heterocycles,"InChI=1S/C5H10O/c1-5-3-2-4-6-5/h5H,2-4H2,1H3",JWUJQDFVADABEY-UHFFFAOYSA-N
371,"2,5-dimethylfuran",9.079181246,625-86-5,CC1=CC=C(O1)C,,25,https://doi.org/10.1016/0045-6535(87)90004-X，https://doi.org/10.1021/j100397a010?ref=pdf，https://doi.org/10.1021/es00021a011?ref=pdf,12266,furan,Heterocycles,"InChI=1S/C6H8O/c1-5-3-4-6(2)7-5/h3-4H,1-2H3",GSNUFIFRDBKVIE-UHFFFAOYSA-N
372,furfuryl alcohol,8.041392685,98-00-0,COP(=S)(OC)OC1=CC=C(C=C1)[N+](=O)[O-],,25,https://doi.org/10.1039/C6EM00646A,4130,alcohol,Oxygenated organics,"InChI=1S/C8H10NO5PS/c1-12-15(16,13-2)14-8-5-3-7(4-6-8)9(10)11/h3-6H,1-2H3",RLBIQVVOMOPOHC-UHFFFAOYSA-N
373,"N,N-dimethyl-4-nitrosoaniline",7.748188027,138-89-6,CN(C)C1=CC=C(C=C1)N=O,,25,https://doi.org/10.1016/1011-1344(91)80116-Y，https://doi.org/10.1111/j.1751-1097.1988.tb02801.x,8749,"nitroso, nitramine",Nitrogen-containing organics,"InChI=1S/C8H10N2O/c1-10(2)8-5-3-7(9-11)4-6-8/h3-6H,1-2H3",CMEWLCATCRTSGF-UHFFFAOYSA-N
374,"N,N,N,N-tetramethyl-p-phenylenediamine",9.51851394,100-22-1,CN(C)C1=CC=C(C=C1)N(C)C,,25,https://doi.org/10.1021/j100397a010?ref=pdf,7490,amine,Nitrogen-containing organics,"InChI=1S/C10H16N2/c1-11(2)9-5-7-10(8-6-9)12(3)4/h5-8H,1-4H3",CJAOGUFAAWZWNI-UHFFFAOYSA-N
375,"2-dimethylamino-5,6-dimethylpyrimidin-4-ol",7.954242509,40778-16-3,CCCCCC1=CC(=C2C3CC(CCC3C(OC2=C1)(C)C)(C)O)O,,25,https://doi.org/10.1002/ps.2780140415,169742,amine,Nitrogen-containing organics,"InChI=1S/C21H32O3/c1-5-6-7-8-14-11-17(22)19-15-13-21(4,23)10-9-16(15)20(2,3)24-18(19)12-14/h11-12,15-16,22-23H,5-10,13H2,1-4H3",KSGRDIFQZVURIF-UHFFFAOYSA-N
376,methionine,7.602059991,59-51-8,CSCCC(C(=O)O)N,,25,https://doi.org/10.1007/BF00805805，https://doi.org/10.1111/j.1751-1097.1978.tb06973.x，https://doi.org/10.1111/j.1751-1097.1977.tb07443.x,876,"sulfide, disulfide",Sulfur-containing organics,"InChI=1S/C5H11NO2S/c1-9-3-2-4(6)5(7)8/h4H,2-3,6H2,1H3,(H,7,8)",FFEARJCKVFRZRR-UHFFFAOYSA-N
377,diethyl sulfide,7.255272505,352-93-2,CCSCC,,25,https://doi.org/10.1016/0045-6535(87)90004-X,9609,"sulfide, disulfide",Sulfur-containing organics,"InChI=1S/C4H10S/c1-3-5-4-2/h3-4H2,1-2H3",LJSQFQKUNVCTIA-UHFFFAOYSA-N
378,H-Gly-Met-OH,7.113943352,554-94-9,CSCCC(C(=O)O)NC(=O)CN,,25,https://doi.org/10.1007/BF00805805,96757,"sulfide, disulfide",Sulfur-containing organics,"InChI=1S/C7H14N2O3S/c1-13-3-2-5(7(11)12)9-6(10)4-8/h5H,2-4,8H2,1H3,(H,9,10)(H,11,12)",PFMUCCYYAAFKTH-UHFFFAOYSA-N
379,methionine methyl ester,6.84509804,10332-17-9,COC(=O)[C@H](CCSC)N,,25,https://doi.org/10.1007/BF00805805,64684,ester,Oxygenated organics,"InChI=1S/C6H13NO2S/c1-9-6(8)5(7)3-4-10-2/h5H,3-4,7H2,1-2H3/t5-/m0/s1",UIHPNZDZCOEZEN-YFKPBYRVSA-N
380,histamine,8.041392685,51-45-6,C1=C(NC=N1)CCN,,25,https://doi.org/10.1007/BF00805805,774,imidazole,Heterocycles,"InChI=1S/C5H9N3/c6-2-1-5-3-7-4-8-5/h3-4H,1-2,6H2,(H,7,8)",NTYJJOPFIAHURM-UHFFFAOYSA-N
381,histidyl-glycine,7.819543936,2578-58-7,C1=C(NC=N1)C[C@@H](C(=O)NCC(=O)O)N,,25,https://doi.org/10.1007/BF00805805,101179,imidazole,Heterocycles,"InChI=1S/C8H12N4O3/c9-6(1-5-2-10-4-12-5)8(15)11-3-7(13)14/h2,4,6H,1,3,9H2,(H,10,12)(H,11,15)(H,13,14)/t6-/m0/s1",LYCVKHSJGDMDLM-LURJTMIESA-N
382,histidine,7.785329835,71-00-1,C1=C(NC=N1)CC(C(=O)O)N,,25,https://doi.org/10.1007/BF00805805,773,imidazole,Heterocycles,"InChI=1S/C6H9N3O2/c7-5(6(10)11)1-4-2-8-3-9-4/h2-3,5H,1,7H2,(H,8,9)(H,10,11)",HNDVDQJCIGZPNO-UHFFFAOYSA-N
383,Gly-His,7.919078092,2489-13-6,C1=NC=NC1C[C@@H](C(=O)O)NC(=O)CN,,25,https://doi.org/10.1007/BF00805805,142774,amide,Nitrogen-containing organics,"InChI=1S/C8H12N4O3/c9-2-7(13)12-6(8(14)15)1-5-3-10-4-11-5/h3-6H,1-2,9H2,(H,12,13)(H,14,15)/t5?,6-/m0/s1",RXAOVSDTBKWPLP-GDVGLLTNSA-N
384,imidazole,7.556302501,288-32-4,C1=CN=CN1,,25,https://doi.org/10.1016/0047-2670(78)80059-8，https://doi.org/10.1016/1011-1344(91)80116-Y，https://doi.org/10.1111/j.1751-1097.1978.tb06973.x,795,imidazole,Heterocycles,"InChI=1S/C3H4N2/c1-2-5-3-4-1/h1-3H,(H,4,5)",RAXXELZNTBOGNW-UHFFFAOYSA-N
385,thiourea,6.643452676,62-56-6,C(=S)(N)N,,25,https://doi.org/10.1111/j.1751-1097.1978.tb06973.x,2723790,sulfur-containing,Sulfur-containing organics,"InChI=1S/CH4N2S/c2-1(3)4/h(H4,2,3,4)",UMGDCJDMYOKAJW-UHFFFAOYSA-N
386,allylthiourea,6.602059991,109-57-9,CC(CCC(=O)O)(C1=CC=C(C=C1)O)C2=CC=C(C=C2)O,,25,https://doi.org/10.1111/j.1751-1097.1978.tb06973.x,67174,sulfur-containing,Sulfur-containing organics,"InChI=1S/C17H18O4/c1-17(11-10-16(20)21,12-2-6-14(18)7-3-12)13-4-8-15(19)9-5-13/h2-9,18-19H,10-11H2,1H3,(H,20,21)",VKOUCJUTMGHNOR-UHFFFAOYSA-N
387,methyl-thiourea,6.301029996,598-52-7,CSC(=N)N,,25,https://doi.org/10.1111/j.1751-1097.1978.tb06973.x,5142,sulfur-containing,Sulfur-containing organics,"InChI=1S/C2H6N2S/c1-5-2(3)4/h1H3,(H3,3,4)",SDDKIZNHOCEXTF-UHFFFAOYSA-N
388,pyrrole,8.698970004,109-97-7,C1=CNC=C1,,25,https://doi.org/10.1021/acs.est.9b03948?ref=pdf,8027,heterocycle,Heterocycles,InChI=1S/C4H5N/c1-2-4-5-3-1/h1-5H,KAESVJOAVNADME-UHFFFAOYSA-N
389,3-cyanopyrrole,7.531478917,7126-38-7,CC1(CC(CC(C1)(C)CN2C(=O)N(C(=O)N(C2=O)CC3(CC(CC(C3)(C)C)NC(=O)N4CCCCCC4=O)C)CC5(CC(CC(C5)(C)C)NC(=O)N6CCCCCC6=O)C)NC(=O)N7CCCCCC7=O)C,,25,https://doi.org/10.1021/acs.est.9b03948?ref=pdf,112130,nitrile,Nitrogen-containing organics,"InChI=1S/C54H87N9O9/c1-49(2)25-37(55-43(67)58-22-16-10-13-19-40(58)64)28-52(7,31-49)34-61-46(70)62(35-53(8)29-38(26-50(3,4)32-53)56-44(68)59-23-17-11-14-20-41(59)65)48(72)63(47(61)71)36-54(9)30-39(27-51(5,6)33-54)57-45(69)60-24-18-12-15-21-42(60)66/h37-39H,10-36H2,1-9H3,(H,55,67)(H,56,68)(H,57,69)",XAUGVXXNNOTSRJ-UHFFFAOYSA-N
390,3-phenylpyrrole,8.897627091,27649-43-0,C1=CC=C(C=C1)C2=CNC=C2,,25,https://doi.org/10.1021/acs.est.9b03948?ref=pdf,5324110,heterocycle,Heterocycles,"InChI=1S/C10H9N/c1-2-4-9(5-3-1)10-6-7-11-8-10/h1-8,11H",LJDRAKFYYGCAQC-UHFFFAOYSA-N
391,"2,2,6,6-tetramethylpiperidin-4-ol",7.602059991,2403-88-5,CC1(CC(CC(N1)(C)C)O)C,,25,https://doi.org/10.1111/j.1751-1097.1980.tb02545.x,75471,amine,Nitrogen-containing organics,"InChI=1S/C9H19NO/c1-8(2)5-7(11)6-9(3,4)10-8/h7,10-11H,5-6H2,1-4H3",VDVUCLWJZJHFAV-UHFFFAOYSA-N
392,"1,4-diazabicyclo [2.2.2] octane",8.447158031,280-57-9,C1CN2CCN1CC2,,25,https://doi.org/10.1111/j.1751-1097.1980.tb02545.x,9237,alkane,Aliphatic hydrocarbons,InChI=1S/C6H12N2/c1-2-8-5-3-7(1)4-6-8/h1-6H2,IMNIMPAHZVJRPE-UHFFFAOYSA-N
393,alanine,7.477121255,56-41-7,CC(C(=O)O)N,,25,https://doi.org/10.1080/02772249209357813,602,amine,Nitrogen-containing organics,"InChI=1S/C3H7NO2/c1-2(4)3(5)6/h2H,4H2,1H3,(H,5,6)",QNAYBMKLOCPYGJ-UHFFFAOYSA-N
394,indole-3-carboxylic acid,7.146128036,771-50-6,C1=CC=C2C(=C1)C(=CN2)C(=O)O,,25,https://doi.org/10.1007/BF00805805,69867,heterocycle,Heterocycles,"InChI=1S/C9H7NO2/c11-9(12)7-5-10-8-4-2-1-3-6(7)8/h1-5,10H,(H,11,12)",KMAKOBLIOCQGJP-UHFFFAOYSA-N
395,indole-3-butyric acid,7.857332496,133-32-4,,,25,https://doi.org/10.1007/BF00805805,,heterocycle,Heterocycles,,
396,indole-3-propionic acid,7.86332286,830-96-6,C1=CC=C2C(=C1)C(=CN2)CCC(=O)O,,25,https://doi.org/10.1007/BF00805805,3744,heterocycle,Heterocycles,"InChI=1S/C11H11NO2/c13-11(14)6-5-8-7-12-10-4-2-1-3-9(8)10/h1-4,7,12H,5-6H2,(H,13,14)",GOLXRNDWAUTYKT-UHFFFAOYSA-N
397,indole-3-acetate ion,7.963787827,93672-51-6,C1=CC=C2C(=C1)C(=CN2)CC(=O)[O-],,25,https://doi.org/10.1007/BF00805805,801,heterocycle,Heterocycles,"InChI=1S/C10H9NO2/c12-10(13)5-7-6-11-9-4-2-1-3-8(7)9/h1-4,6,11H,5H2,(H,12,13)/p-1",SEOVTRFCIGRIMH-UHFFFAOYSA-M
398,indole-3-acetic acid,7.301029996,87-51-4,C1=CC=C2C(=C1)C(=CN2)CC(=O)[O-],,25,https://doi.org/10.1016/1011-1344(90)85141-I,801,heterocycle,Heterocycles,"InChI=1S/C10H9NO2/c12-10(13)5-7-6-11-9-4-2-1-3-8(7)9/h1-4,6,11H,5H2,(H,12,13)/p-1",SEOVTRFCIGRIMH-UHFFFAOYSA-M
399,indole,7.84509804,120-72-9,C1=CC=C2C(=C1)C=CN2,,25,https://doi.org/10.1111/j.1751-1097.1988.tb02864.x,798,heterocycle,Heterocycles,"InChI=1S/C8H7N/c1-2-4-8-7(3-1)5-6-9-8/h1-6,9H",SIKJAQJRHWYJAI-UHFFFAOYSA-N
400,tryptophan,7.414973348,73-22-3,C1=CC=C2C(=C1)C(=CN2)CC(C(=O)O)N,,25,https://doi.org/10.1080/02772249209357813,1148,amine,Nitrogen-containing organics,"InChI=1S/C11H12N2O2/c12-9(11(14)15)5-7-6-13-10-4-2-1-3-8(7)10/h1-4,6,9,13H,5,12H2,(H,14,15)",QIVBCDIJIAJPQS-UHFFFAOYSA-N
401,mitomycin C,9.95,50-07-7,CC1=C(C(=O)C2=C(C1=O)N3C[C@H]4[C@@H]([C@@]3([C@@H]2COC(=O)N)OC)N4)N,N.A.,,https://doi.org/10.1093/oxfordjournals.jbchem.a132617,,amide,Nitrogen-containing organics,"InChI=1S/C15H18N4O5/c1-5-9(16)12(21)8-6(4-24-14(17)22)15(23-2)13-7(18-13)3-19(15)10(8)11(5)20/h6-7,13,18H,3-4,16H2,1-2H3,(H2,17,22)/t6-,7+,13+,15-/m1/s1",NWIBSHFKIJFRCO-WUDYKRTCSA-N
402,17β-estradiol,7.28,50-28-2,OC1=CC2=C(C=C1)[C@]3([H])[C@@]([C@@](CC[C@@H]4O)([H])[C@]4(C)CC3)([H])CC2,N.A.,,https://doi.org/10.1021/es304334w,,phenol,Oxygenated organics,"InChI=1S/C18H24O2/c1-18-9-8-14-13-5-3-12(19)10-11(13)2-4-15(14)16(18)6-7-17(18)20/h3,5,10,14-17,19-20H,2,4,6-9H2,1H3/t14-,15-,16+,17+,18+/m1/s1",VOXZDWNPVJITMN-ZBRFXRBCSA-N
403,17β-estradiol,8.81,50-28-2,OC1=CC2=C(C=C1)[C@]3([H])[C@@]([C@@](CC[C@@H]4O)([H])[C@]4(C)CC3)([H])CC2,N.A.,,https://doi.org/10.1021/es304334w,,phenol,Oxygenated organics,"InChI=1S/C18H24O2/c1-18-9-8-14-13-5-3-12(19)10-11(13)2-4-15(14)16(18)6-7-17(18)20/h3,5,10,14-17,19-20H,2,4,6-9H2,1H3/t14-,15-,16+,17+,18+/m1/s1",VOXZDWNPVJITMN-ZBRFXRBCSA-N
404,"2,4-dinitrophenolate",5.61,51-28-5,C1=CC(=C(C=C1[N+](=O)[O-])[N+](=O)[O-])[O-],N.A.,,https://doi.org/10.1039/C6EM00580B,,phenol,Oxygenated organics,"InChI=1S/C6H4N2O5/c9-6-2-1-4(7(10)11)3-5(6)8(12)13/h1-3,9H/p-1",UFBJCMHMOXMLKC-UHFFFAOYSA-M
405,histamine,7.45,51-45-6,C1=C(NC=N1)CCN,7.1,,https://doi.org/10.1111/j.1751-1097.1978.tb06973.x?urlappend=%3Futm_source%3Dresearchgate.net%26utm_medium%3Darticle,,imidazole,Heterocycles,"InChI=1S/C5H9N3/c6-2-1-5-3-7-4-8-5/h3-4H,1-2,6H2,(H,7,8)",NTYJJOPFIAHURM-UHFFFAOYSA-N
406,dopamine,6.94,51-61-6,C1=CC(=C(C=C1CCN)O)O,6,,https://doi.org/10.1111/j.1751-1097.2008.00320.x,,phenol,Oxygenated organics,"InChI=1S/C8H11NO2/c9-4-3-6-1-2-7(10)8(11)5-6/h1-2,5,10-11H,3-4,9H2",VYFYYTLLBUKUHU-UHFFFAOYSA-N
407,penicillamine,6.38,52-67-5,CC(C)([C@H](C(=O)O)N)S,N.A.,,https://doi.org/10.1111/j.1751-1097.1991.tb08464.x,,thiol,Sulfur-containing organics,"InChI=1S/C5H11NO2S/c1-5(2,9)3(6)4(7)8/h3,9H,6H2,1-2H3,(H,7,8)/t3-/m0/s1",VVNCNSJFMMFHPL-VKHMYHEASA-N
408,3-methyl-4-chlorophenol,7.47,59-50-7,CC1=C(C=CC(=C1)O)Cl,3,,https://doi.org/10.1039/C6EM00580B,,halogenated,Halogenated organics,"InChI=1S/C7H7ClO/c1-5-4-6(9)2-3-7(5)8/h2-4,9H,1H3",CFKMVGJGLGKFKI-UHFFFAOYSA-N
409,3-methyl-4-chlorophenol ate,8.11,59-50-7,CC1=C(C=CC(=C1)O)Cl,12,,https://doi.org/10.1039/C6EM00580B,,halogenated,Halogenated organics,"InChI=1S/C7H7ClO/c1-5-4-6(9)2-3-7(5)8/h2-4,9H,1H3",CFKMVGJGLGKFKI-UHFFFAOYSA-N
410,2-ammonio-4-(methylsul fanyl) butanoate,7,59-51-8,CSCCC([NH3+])C([O-])=O,7,,https://doi.org/10.1111/j.1751-1097.1978.tb06973.x?urlappend=%3Futm_source%3Dresearchgate.net%26utm_medium%3Darticle，https://doi.org/10.1111/j.1751-1097.1977.tb07443.x,,"sulfide, disulfide",Sulfur-containing organics,"InChI=1S/C5H11NO2S/c1-9-3-2-4(6)5(7)8/h4H,2-3,6H2,1H3,(H,7,8)",FFEARJCKVFRZRR-UHFFFAOYSA-N
411,tyrosine,6.94,60-18-4,C1=CC(=CC=C1C[C@@H](C(=O)O)N)O,3,,https://doi.org/10.1039/C6EM00580B,,phenol,Oxygenated organics,"InChI=1S/C9H11NO3/c10-8(9(12)13)5-6-1-3-7(11)4-2-6/h1-4,8,11H,5,10H2,(H,12,13)/t8-/m0/s1",OUYCCCASQSFEME-QMMMGPOBSA-N
412,2-aminoethanethiol,6.92,60-23-1,C(CS)N,N.A.,,https://doi.org/10.1111/j.1751-1097.1991.tb08464.x,,thiol,Sulfur-containing organics,"InChI=1S/C2H7NS/c3-1-2-4/h4H,1-3H2",UFULAYFCSOUIOV-UHFFFAOYSA-N
413,tryptamine,9.89,61-54-1,C1=CC=C2C(=C1)C(=CN2)CCN,7,,https://doi.org/10.1135/cccc19931299,,amine,Nitrogen-containing organics,"InChI=1S/C10H12N2/c11-6-5-8-7-12-10-4-2-1-3-9(8)10/h1-4,7,12H,5-6,11H2",APJYDQYYACXCRM-UHFFFAOYSA-N
414,mefenamic acid,7.2,61-68-7,CC1=C(C(=CC=C1)NC2=CC=CC=C2C(=O)O)C,7.5,,https://doi.org/10.1039/c7em00079k,,carboxylic acid,Oxygenated organics,"InChI=1S/C15H15NO2/c1-10-6-5-9-13(11(10)2)16-14-8-4-3-7-12(14)15(17)18/h3-9,16H,1-2H3,(H,17,18)",HYYBABOKPJLUIN-UHFFFAOYSA-N
415,thiourea,6.64,62-56-6,C(=S)(N)N,7.1,,https://doi.org/10.1111/j.1751-1097.1978.tb06973.x?urlappend=%3Futm_source%3Dresearchgate.net%26utm_medium%3Darticle,,sulfur-containing,Sulfur-containing organics,"InChI=1S/CH4N2S/c2-1(3)4/h(H4,2,3,4)",UMGDCJDMYOKAJW-UHFFFAOYSA-N
416,uracil,5.48,66-22-8,C1=CNC(=O)NC1=O,9,,https://doi.org/10.1562/2006-07-25-ra-982,,heterocycle,Heterocycles,"InChI=1S/C4H4N2O2/c7-3-1-2-5-4(8)6-3/h1-2H,(H2,5,6,7,8)",ISAKRJDGNUQOIC-UHFFFAOYSA-N
417,hypoxanthine,6.48,68-94-0,C1=NC2=C(N1)C(=O)NC=N2,7,,https://doi.org/10.1016/j.jphotochem.2007.06.013,,imidazole,Heterocycles,"InChI=1S/C5H4N4O/c10-5-3-4(7-1-6-3)8-2-9-5/h1-2H,(H2,6,7,8,9,10)",FDGQSTZJBFJUBT-UHFFFAOYSA-N
418,xanthine,7.58,69-89-6,C1=NC2=C(N1)C(=O)NC(=O)N2,7,,https://doi.org/10.1016/j.jphotochem.2007.06.013,,heterocycle,Heterocycles,"InChI=1S/C5H4N4O2/c10-4-2-3(7-1-6-2)8-5(11)9-4/h1H,(H3,6,7,8,9,10,11)",LRFVTYWOQMYALW-UHFFFAOYSA-N
419,uric acid,8.08,69-93-2,C12=C(NC(=O)N1)NC(=O)NC2=O,7,,https://doi.org/10.1016/j.jphotochem.2007.06.013,,carboxylic acid,Oxygenated organics,"InChI=1S/C5H4N4O3/c10-3-1-2(7-4(11)6-1)8-5(12)9-3/h(H4,6,7,8,9,10,11,12)",LEHOTFFKMJEONL-UHFFFAOYSA-N
420,L-histidine,7.92,71-00-1,C1=C(NC=N1)C[C@@H](C(=O)O)N,7,,https://doi.org/10.1016/j.jphotochem.2007.01.005，https://doi.org/10.1111/j.1751-1097.1993.tb02317.x,,imidazole,Heterocycles,"InChI=1S/C6H9N3O2/c7-5(6(10)11)1-4-2-8-3-9-4/h2-3,5H,1,7H2,(H,8,9)(H,10,11)/t5-/m0/s1",HNDVDQJCIGZPNO-YFKPBYRVSA-N
421,sulfathiazole,7.74,72-14-0,C1=CC(=CC=C1N)S(=O)(=O)NC2=NC=CS2,N.A.,,https://doi.org/10.1039/c7em00079k,,sulfoxide,Sulfur-containing organics,"InChI=1S/C9H9N3O2S2/c10-7-1-3-8(4-2-7)16(13,14)12-9-11-5-6-15-9/h1-6H,10H2,(H,11,12)",JNMRHUJNCSQMMB-UHFFFAOYSA-N
422,L-tryptophan,8.51,73-22-3,C1=CC=C2C(=C1)C(=CN2)C[C@@H](C(=O)O)N,7.4,,https://doi.org/10.1016/j.jphotochem.2007.01.005,,amine,Nitrogen-containing organics,"InChI=1S/C11H12N2O2/c12-9(11(14)15)5-7-6-13-10-4-2-1-3-8(7)10/h1-4,6,9,13H,5,12H2,(H,14,15)/t9-/m0/s1",QIVBCDIJIAJPQS-VIFPVBQESA-N
423,tetrabromobisphenol,5.95,79-94-7,C1=CC(=C(C(=C1C2=CC(=C(C=C2Br)Br)O)Br)Br)O,N.A.,,https://doi.org/10.1016/j.chemosphere.2008.06.013,,halogenated,Halogenated organics,"InChI=1S/C12H6Br4O2/c13-7-4-8(14)10(18)3-6(7)5-1-2-9(17)12(16)11(5)15/h1-4,17-18H",CMQUQOHNANGDOR-UHFFFAOYSA-N
424,tetrabromobisphenolate,8.18,79-94-7,C1=CC(=C(C(=C1C2=CC(=C(C=C2Br)Br)O)Br)Br)O,12,,https://doi.org/10.1016/j.chemosphere.2008.06.013,,halogenated,Halogenated organics,"InChI=1S/C12H6Br4O2/c13-7-4-8(14)10(18)3-6(7)5-1-2-9(17)12(16)11(5)15/h1-4,17-18H",CMQUQOHNANGDOR-UHFFFAOYSA-N
425,bisphenol A,5.48,80-05-7,CC(C)(C1=CC=C(C=C1)O)C2=CC=C(C=C2)O,N.A.,,https://doi.org/10.1016/j.chemosphere.2008.06.013,,phenol,Oxygenated organics,"InChI=1S/C15H16O2/c1-15(2,11-3-7-13(16)8-4-11)12-5-9-14(17)10-6-12/h3-10,16-17H,1-2H3",IISBACLAFKSPIT-UHFFFAOYSA-N
426,bisphenol A,8.3,80-05-7,CC(C)(C1=CC=C(C=C1)O)C2=CC=C(C=C2)O,12,,https://doi.org/10.1016/j.chemosphere.2008.06.013,,phenol,Oxygenated organics,"InChI=1S/C15H16O2/c1-15(2,11-3-7-13(16)8-4-11)12-5-9-14(17)10-6-12/h3-10,16-17H,1-2H3",IISBACLAFKSPIT-UHFFFAOYSA-N
427,"4,4'-Sulfonyldiphenol",7.11,80-09-1,C1=CC(=CC=C1O)S(=O)(=O)C2=CC=C(C=C2)O,12,,https://doi.org/10.1039/C6EM00580B,,phenol,Oxygenated organics,"InChI=1S/C12H10O4S/c13-9-1-5-11(6-2-9)17(15,16)12-7-3-10(14)4-8-12/h1-8,13-14H",VPWNQTHUCYMVMZ-UHFFFAOYSA-N
428,pentachlorophenol,5.3,87-86-5,C1(=C(C(=C(C(=C1Cl)Cl)Cl)Cl)Cl)O,N.A.,,https://doi.org/10.1021/es00021a011,,halogenated,Halogenated organics,InChI=1S/C6HCl5O/c7-1-2(8)4(10)6(12)5(11)3(1)9/h12H,IZUPBVBPLAPZRR-UHFFFAOYSA-N
429,pentachlorophenolate,8.3,87-86-5,C1(=C(C(=C(C(=C1Cl)Cl)Cl)Cl)Cl)[O-],N.A.,,https://doi.org/10.1021/es00021a011,,halogenated,Halogenated organics,InChI=1S/C6HCl5O/c7-1-2(8)4(10)6(12)5(11)3(1)9/h12H/p-1,IZUPBVBPLAPZRR-UHFFFAOYSA-M
430,"2,4,6-trichlorophenol",7.23,88-06-2,C1=C(C=C(C(=C1Cl)O)Cl)Cl,3,,https://doi.org/10.1039/C6EM00580B,,halogenated,Halogenated organics,"InChI=1S/C6H3Cl3O/c7-3-1-4(8)6(10)5(9)2-3/h1-2,10H",LINPIYWFGCPVIE-UHFFFAOYSA-N
431,"2,4,6-Trichlorophenol",8.16,88-06-2,C1=C(C=C(C(=C1Cl)[O-])Cl)Cl,9,,https://doi.org/10.1021/es00021a011，https://doi.org/10.1016/0045-6535(87)90004-X,,halogenated,Halogenated organics,"InChI=1S/C6H3Cl3O/c7-3-1-4(8)6(10)5(9)2-3/h1-2,10H/p-1",LINPIYWFGCPVIE-UHFFFAOYSA-M
432,2-nitrophenol,6.11,88-75-5,C1=CC=C(C(=C1)[N+](=O)[O-])O,N.A.,,https://doi.org/10.1021/es00021a011,,phenol,Oxygenated organics,"InChI=1S/C6H5NO3/c8-6-4-2-1-3-5(6)7(9)10/h1-4,8H",IQUPABOKLQSFBK-UHFFFAOYSA-N
433,2-nitrophenolate,7.65,88-75-5,C1=CC=C(C(=C1)[N+](=O)[O-])[O-],12,,https://doi.org/10.1039/C6EM00580B，https://doi.org/10.1021/es00021a011,,phenol,Oxygenated organics,"InChI=1S/C6H5NO3/c8-6-4-2-1-3-5(6)7(9)10/h1-4,8H/p-1",IQUPABOKLQSFBK-UHFFFAOYSA-M
434,2-nitro-4-chlorophenolat e,7.33,89-64-5,OC1=CC=C(Cl)C=C1[N+]([O-])=O,8,,https://doi.org/10.1016/j.scitotenv.2012.03.034,,halogenated,Halogenated organics,"InChI=1S/C6H4ClNO3/c7-4-1-2-6(9)5(3-4)8(10)11/h1-3,9H",NWSIFTLPLKCTSX-UHFFFAOYSA-N
435,2-methoxyphenol,6.78,90-05-1,COC1=CC=CC=C1O,N.A.,,https://doi.org/10.1021/es00021a011,,phenol,Oxygenated organics,"InChI=1S/C7H8O2/c1-9-7-5-3-2-4-6(7)8/h2-5,8H,1H3",LHGVFZTZFXWLCP-UHFFFAOYSA-N
436,2-methoxyphenolate,8.64,90-05-1,COC1=CC=CC=C1[O-],N.A.,,https://doi.org/10.1021/es00021a011,,phenol,Oxygenated organics,"InChI=1S/C7H8O2/c1-9-7-5-3-2-4-6(7)8/h2-5,8H,1H3/p-1",LHGVFZTZFXWLCP-UHFFFAOYSA-M
437,1-hydroxynaphthalene,7.32,90-15-3,C1=CC=C2C(=C1)C=CC=C2O,7,,https://doi.org/10.1016/S1010-6030(99)00172-0,,phenol,Oxygenated organics,"InChI=1S/C10H8O/c11-10-7-3-5-8-4-1-2-6-9(8)10/h1-7,11H",KJCVRFUGPWSIIH-UHFFFAOYSA-N
438,2-hydroxybiphenyl,7.64,90-43-7,C1=CC=C(C=C1)C2=CC=CC=C2O,11,,https://doi.org/10.1016/0045-6535(93)90113-J,,phenol,Oxygenated organics,"InChI=1S/C12H10O/c13-12-9-5-4-8-11(12)10-6-2-1-3-7-10/h1-9,13H",LLEMOWNGBBNAJR-UHFFFAOYSA-N
439,"2,6-dimethoxyphenol",7.56,91-10-1,COC1=C(C(=CC=C1)OC)O,3,,https://doi.org/10.1016/0045-6535(93)90113-J,,phenol,Oxygenated organics,"InChI=1S/C8H10O3/c1-10-6-4-3-5-7(11-2)8(6)9/h3-5,9H,1-2H3",KLIDCXVFHGNTTM-UHFFFAOYSA-N
440,"2,6-dimethoxyphenolate",8.94,91-10-1,COC1=C(C(=CC=C1)OC)[O-],N.A.,,https://doi.org/10.1021/es00021a011,,phenol,Oxygenated organics,"InChI=1S/C8H10O3/c1-10-6-4-3-5-7(11-2)8(6)9/h3-5,9H,1-2H3/p-1",KLIDCXVFHGNTTM-UHFFFAOYSA-M
441,2-aminonaphthalene,7,91-59-8,C1=CC=C2C=C(C=CC2=C1)N,7,,https://doi.org/10.1016/S1010-6030(99)00172-0,,amine,Nitrogen-containing organics,"InChI=1S/C10H9N/c11-10-6-5-8-3-1-2-4-9(8)7-10/h1-7H,11H2",JBIJLHTVPXGSAM-UHFFFAOYSA-N
442,benzyl-4-hydroxybenzoat e,6.34,94-18-8,O=C(C1=CC=C(O)C=C1)OCC2=CC=CC=C2,7,,https://doi.org/10.1016/j.cej.2012.08.097,,phenol,Oxygenated organics,"InChI=1S/C14H12O3/c15-13-8-6-12(7-9-13)14(16)17-10-11-4-2-1-3-5-11/h1-9,15H,10H2",MOZDKDIOPSPTBH-UHFFFAOYSA-N
443,benzyl-4-hydroxybenzoat e,6.8,94-18-8,O=C(C1=CC=C(O)C=C1)OCC2=CC=CC=C2,10.8,,https://doi.org/10.1016/j.cej.2012.08.097,,phenol,Oxygenated organics,"InChI=1S/C14H12O3/c15-13-8-6-12(7-9-13)14(16)17-10-11-4-2-1-3-5-11/h1-9,15H,10H2",MOZDKDIOPSPTBH-UHFFFAOYSA-N
444,butylparaben,6.38,94-26-8,CCCCOC(=O)C1=CC=C(C=C1)O,7,,https://doi.org/10.1016/j.cattod.2010.03.040,,phenol,Oxygenated organics,"InChI=1S/C11H14O3/c1-2-3-8-14-11(13)9-4-6-10(12)7-5-9/h4-7,12H,2-3,8H2,1H3",QFOHBWFCKVYLES-UHFFFAOYSA-N
445,2-chlorophenol,6.96,95-57-8,C1=CC=C(C(=C1)O)Cl,N.A.,,https://doi.org/10.1021/es00021a011,,halogenated,Halogenated organics,"InChI=1S/C6H5ClO/c7-5-3-1-2-4-6(5)8/h1-4,8H",ISPYQTSUDJAMAB-UHFFFAOYSA-N
446,2-chlorophenolate,8.13,95-57-8,C1=CC=C(C(=C1)[O-])Cl,N.A.,,https://doi.org/10.1021/es00021a011,,halogenated,Halogenated organics,"InChI=1S/C6H5ClO/c7-5-3-1-2-4-6(5)8/h1-4,8H/p-1",ISPYQTSUDJAMAB-UHFFFAOYSA-M
447,4-chlororesorcinol,7.32,95-88-5,C1=CC(=C(C=C1O)O)Cl,N.A.,,https://doi.org/10.1016/1010-6030(91)85079-V,,halogenated,Halogenated organics,"InChI=1S/C6H5ClO2/c7-5-2-1-4(8)3-6(5)9/h1-3,8-9H",JQVAPEJNIZULEK-UHFFFAOYSA-N
448,furfuryl alcohol,8.1,98-00-0,C1=COC(=C1)CO,N.A.,,https://doi.org/10.1111/j.1751-1097.1993.tb02317.x，https://doi.org/10.1021/es070656t,,alcohol,Oxygenated organics,"InChI=1S/C5H6O2/c6-4-5-2-1-3-7-5/h1-3,6H,4H2",XPFVYQJUAUNWIW-UHFFFAOYSA-N
449,4-tert-butylphenol,7.08,98-54-4,CC(C)(C)C1=CC=C(C=C1)O,N.A.,,https://doi.org/10.1021/es00021a011,,phenol,Oxygenated organics,"InChI=1S/C10H14O/c1-10(2,3)8-4-6-9(11)7-5-8/h4-7,11H,1-3H3",QHPQWRBYOIRBIT-UHFFFAOYSA-N
450,4-tert-butylphenolate,8.55,98-54-4,CC(C)(C)C1=CC=C(C=C1)[O-],N.A.,,https://doi.org/10.1021/es00021a011,,phenol,Oxygenated organics,"InChI=1S/C10H14O/c1-10(2,3)8-4-6-9(11)7-5-8/h4-7,11H,1-3H3/p-1",QHPQWRBYOIRBIT-UHFFFAOYSA-M
451,4-acetylphenol,6.18,99-93-4,CC(=O)C1=CC=C(C=C1)O,N.A.,,https://doi.org/10.1021/es00021a011,,phenol,Oxygenated organics,"InChI=1S/C8H8O2/c1-6(9)7-2-4-8(10)5-3-7/h2-5,10H,1H3",TXFPEBPIARQUIG-UHFFFAOYSA-N
452,4-acetylphenolate,7.37,99-93-4,CC(=O)C1=CC=C(C=C1)[O-],N.A.,,https://doi.org/10.1021/es00021a011,,phenol,Oxygenated organics,"InChI=1S/C8H8O2/c1-6(9)7-2-4-8(10)5-3-7/h2-5,10H,1H3/p-1",TXFPEBPIARQUIG-UHFFFAOYSA-M
453,4-nitrophenol,5.41,100-02-7,C1=CC(=CC=C1[N+](=O)[O-])O,N.A.,,https://doi.org/10.1021/es00021a011,,phenol,Oxygenated organics,"InChI=1S/C6H5NO3/c8-6-3-1-5(2-4-6)7(9)10/h1-4,8H",BTJIUGUIPKRLHP-UHFFFAOYSA-N
454,4-nitrophenolate,6.61,100-02-7,C1=CC(=CC=C1[N+](=O)[O-])[O-],N.A.,,https://doi.org/10.1021/es00021a011,,phenol,Oxygenated organics,"InChI=1S/C6H5NO3/c8-6-3-1-5(2-4-6)7(9)10/h1-4,8H/p-1",BTJIUGUIPKRLHP-UHFFFAOYSA-M
455,"2,4-dimethylphenol",6.36,105-67-9,CC1=CC(=C(C=C1)O)C,3,,https://doi.org/10.1039/C6EM00580B,,phenol,Oxygenated organics,"InChI=1S/C8H10O/c1-6-3-4-8(9)7(2)5-6/h3-5,9H,1-2H3",KUFFULVDNCHOFZ-UHFFFAOYSA-N
456,4-methylphenol,6.98,106-44-5,CC1=CC=C(C=C1)O,N.A.,,https://doi.org/10.1021/es00021a011,,phenol,Oxygenated organics,"InChI=1S/C7H8O/c1-6-2-4-7(8)5-3-6/h2-5,8H,1H3",IWDCLRJOBJJRNH-UHFFFAOYSA-N
457,4-methylphenolate,8.55,106-44-5,CC1=CC=C(C=C1)[O-],12,,https://doi.org/10.1039/C6EM00580B，https://doi.org/10.1021/es00021a011,,phenol,Oxygenated organics,"InChI=1S/C7H8O/c1-6-2-4-7(8)5-3-6/h2-5,8H,1H3/p-1",IWDCLRJOBJJRNH-UHFFFAOYSA-M
458,4-chlorophenol,6.78,106-48-9,C1=CC(=CC=C1O)Cl,N.A.,,https://doi.org/10.1021/es00021a011,,halogenated,Halogenated organics,"InChI=1S/C6H5ClO/c7-5-1-3-6(8)4-2-5/h1-4,8H",WXNZTHHGJRFXKQ-UHFFFAOYSA-N
459,4-chlorophenolate,8.29,106-48-9,C1=CC(=CC=C1[O-])Cl,N.A.,,https://doi.org/10.1021/es00021a011,,halogenated,Halogenated organics,"InChI=1S/C6H5ClO/c7-5-1-3-6(8)4-2-5/h1-4,8H/p-1",WXNZTHHGJRFXKQ-UHFFFAOYSA-M
460,3-methylphenol,7.26,108-39-4,CC1=CC(=CC=C1)O,3,,https://doi.org/10.1039/C6EM00580B,,phenol,Oxygenated organics,"InChI=1S/C7H8O/c1-6-3-2-4-7(8)5-6/h2-5,8H,1H3",RLSSMJSEOOYNOY-UHFFFAOYSA-N
461,3-methylphenolate,8.31,108-39-4,[CH2+]C1=CC(=CC=C1)[O-],12,,https://doi.org/10.1039/C6EM00580B,,phenol,Oxygenated organics,"InChI=1S/C7H6O/c1-6-3-2-4-7(8)5-6/h2-5H,1H2",WVBUBEMOOGBULO-UHFFFAOYSA-N
462,3-chlorophenol,6.52,108-43-0,C1=CC(=CC(=C1)Cl)O,3,,https://doi.org/10.1039/C6EM00580B,,halogenated,Halogenated organics,"InChI=1S/C6H5ClO/c7-5-2-1-3-6(8)4-5/h1-4,8H",HORNXRXVQWOLPJ-UHFFFAOYSA-N
463,3-chlorophenolate,8.17,108-43-0,C1=CC(=CC(=C1)Cl)[O-],12,,https://doi.org/10.1039/C6EM00580B,,halogenated,Halogenated organics,"InChI=1S/C6H5ClO/c7-5-2-1-3-6(8)4-5/h1-4,8H/p-1",HORNXRXVQWOLPJ-UHFFFAOYSA-M
464,m-dihydroxybenzene,6.98,108-46-3,C1=CC(=CC(=C1)O)O,7,,https://doi.org/10.1016/1010-6030(91)85079-V，https://doi.org/10.1016/j.watres.2013.08.029,,phenol,Oxygenated organics,"InChI=1S/C6H6O2/c7-5-2-1-3-6(8)4-5/h1-4,7-8H",GHMLBKRAJCXXBS-UHFFFAOYSA-N
465,phenol,6.42,108-95-2,C1=CC=C(C=C1)O,N.A.,,https://doi.org/10.1021/es00021a011,,phenol,Oxygenated organics,"InChI=1S/C6H6O/c7-6-4-2-1-3-5-6/h1-5,7H",ISWSIDIOOBJBQZ-UHFFFAOYSA-N
466,phenolate,8.22,108-95-2,C1=CC=C(C=C1)[O-],N.A.,,https://doi.org/10.1021/es00021a011,,phenol,Oxygenated organics,"InChI=1S/C6H6O/c7-6-4-2-1-3-5-6/h1-5,7H/p-1",ISWSIDIOOBJBQZ-UHFFFAOYSA-M
467,3-hydroxypyridine,7.41,109-00-2,C1=CC(=CN=C1)O,6,,https://doi.org/10.1016/S0010-8545(02)00034-6,,pyridine,Heterocycles,"InChI=1S/C5H5NO/c7-5-2-1-3-6-4-5/h1-4,7H",GRFNBEZIAWKNCO-UHFFFAOYSA-N
468,allylthiourea,6.63,109-57-9,C=CCNC(=S)N,7,,https://doi.org/10.1111/j.1751-1097.1978.tb07557.x,,sulfur-containing,Sulfur-containing organics,"InChI=1S/C4H8N2S/c1-2-3-6-4(5)7/h2H,1,3H2,(H3,5,6,7)",HTKFORQRBXIQHD-UHFFFAOYSA-N
469,"2,4,6-tribromophenol",6.43,118-79-6,C1=C(C=C(C(=C1Br)O)Br)Br,3,,https://doi.org/10.1039/C6EM00580B,,halogenated,Halogenated organics,"InChI=1S/C6H3Br3O/c7-3-1-4(8)6(10)5(9)2-3/h1-2,10H",BSWWXRFVMJHFBN-UHFFFAOYSA-N
470,"2,4,6-tribromophenolate",7.92,118-79-6,C1=C(C=C(C(=C1Br)[O-])Br)Br,12,,https://doi.org/10.1039/C6EM00580B,,halogenated,Halogenated organics,"InChI=1S/C6H3Br3O/c7-3-1-4(8)6(10)5(9)2-3/h1-2,10H/p-1",BSWWXRFVMJHFBN-UHFFFAOYSA-M
471,2-nitro-4-methylphenolat e,7.45,119-33-5,CC1=CC=C(O)C([N+]([O-])=O)=C1,10,,https://doi.org/10.1080/02772249009357622,,phenol,Oxygenated organics,"InChI=1S/C7H7NO3/c1-5-2-3-7(9)6(4-5)8(10)11/h2-4,9H,1H3",SYDNSSSQVSOXTN-UHFFFAOYSA-N
472,methyl salicylate,8.2,119-36-8,COC(=O)C1=CC=CC=C1O,10,,https://doi.org/10.1016/0045-6535(87)90004-X,,phenol,Oxygenated organics,"InChI=1S/C8H8O3/c1-11-8(10)6-4-2-3-5-7(6)9/h2-5,9H,1H3",OSWPMRLSEDHDFF-UHFFFAOYSA-N
473,indole,7.85,120-72-9,C1=CC=C2C(=C1)C=CN2,7.2,,https://doi.org/10.1111/j.1751-1097.1988.tb02864.x,,heterocycle,Heterocycles,"InChI=1S/C8H7N/c1-2-4-8-7(3-1)5-6-9-8/h1-6,9H",SIKJAQJRHWYJAI-UHFFFAOYSA-N
474,"2,4-dichlorophenol",6.71,120-83-2,C1=CC(=C(C=C1Cl)Cl)O,6,,https://doi.org/10.1021/es00021a011,,halogenated,Halogenated organics,"InChI=1S/C6H4Cl2O/c7-4-1-2-6(9)5(8)3-4/h1-3,9H",HFZWRUODUSTPEG-UHFFFAOYSA-N
475,"2,4-dichlorophenolate",8.16,120-83-2,C1=CC(=C(C=C1Cl)Cl)[O-],9.6,,https://doi.org/10.1021/es00021a011，https://doi.org/10.1016/0045-6535(87)90004-X,,halogenated,Halogenated organics,"InChI=1S/C6H4Cl2O/c7-4-1-2-6(9)5(8)3-4/h1-3,9H/p-1",HFZWRUODUSTPEG-UHFFFAOYSA-M
476,"1,4-dihydroxybenzene",7.58,123-31-9,C1=CC(=CC=C1O)O,N.A.,,https://doi.org/10.1021/es00021a011,,phenol,Oxygenated organics,"InChI=1S/C6H6O2/c7-5-1-2-6(8)4-3-5/h1-4,7-8H",QIGBRXMKCJKVMJ-UHFFFAOYSA-N
477,"5,5-dimethyl-1,3-cyclohe xandione",8.15,126-81-8,CC(CC(C1)=O)(CC1=O)C,N.A.,,https://doi.org/10.1002/bip.10559,,ketone,Oxygenated organics,"InChI=1S/C8H12O2/c1-8(2)4-6(9)3-7(10)5-8/h3-5H2,1-2H3",BADXJIPKFRBFOT-UHFFFAOYSA-N
478,benzophenone-3,5.3,131-57-7,COC1=CC(=C(C=C1)C(=O)C2=CC=CC=C2)O,6.5,,https://doi.org/10.1016/j.scitotenv.2013.05.090,,phenol,Oxygenated organics,"InChI=1S/C14H12O3/c1-17-11-7-8-12(13(15)9-11)14(16)10-5-3-2-4-6-10/h2-9,15H,1H3",DXGLGDHPHMLXJC-UHFFFAOYSA-N
479,1-aminonaphthalene,7.36,134-32-7,C1=CC=C2C(=C1)C=CC=C2N,7,,https://doi.org/10.1016/S1010-6030(99)00172-0,,amine,Nitrogen-containing organics,"InChI=1S/C10H9N/c11-10-7-3-5-8-4-1-2-6-9(8)10/h1-7H,11H2",RUFPHBVGCFYCNW-UHFFFAOYSA-N
480,"N,N-dimethyl-4-nitrosoa niline",7.83,138-89-6,CN(C1=CC=C(N=O)C=C1)C,N.A.,,https://doi.org/10.1016/1011-1344(91)80116-Y,,"nitroso, nitramine",Nitrogen-containing organics,"InChI=1S/C8H10N2O/c1-10(2)8-5-3-7(9-11)4-6-8/h3-6H,1-2H3",CMEWLCATCRTSGF-UHFFFAOYSA-N
481,4-t-Octylphenol,4.53,140-66-9,CC(C)(C)CC(C)(C)C1=CC=C(C=C1)O,7,,https://doi.org/10.1016/j.cattod.2010.03.040,,phenol,Oxygenated organics,"InChI=1S/C14H22O/c1-13(2,3)10-14(4,5)11-6-8-12(15)9-7-11/h6-9,15H,10H2,1-5H3",ISAVYTVYFVQUDY-UHFFFAOYSA-N
482,8-hydroxyquinoline,6.9,148-24-3,C1=CC2=C(C(=C1)O)N=CC=C2,6,,https://doi.org/10.1016/S0010-8545(02)00034-6,,pyridine,Heterocycles,"InChI=1S/C9H7NO/c11-8-5-1-3-7-4-2-6-10-9(7)8/h1-6,11H",MCJGNVYPOGVAJF-UHFFFAOYSA-N
483,3-methoxyphenol,7.11,150-19-6,COC1=CC=CC(=C1)O,N.A.,,https://doi.org/10.1021/es00021a011,,phenol,Oxygenated organics,"InChI=1S/C7H8O2/c1-9-7-4-2-3-6(8)5-7/h2-5,8H,1H3",ASHGTJPOSUFTGB-UHFFFAOYSA-N
484,3-methoxyphenolate,8.45,150-19-6,COC1=CC=CC(=C1)[O-],N.A.,,https://doi.org/10.1021/es00021a011,,phenol,Oxygenated organics,"InChI=1S/C7H8O2/c1-9-7-4-2-3-6(8)5-7/h2-5,8H,1H3/p-1",ASHGTJPOSUFTGB-UHFFFAOYSA-M
485,4-methoxyphenol,7.34,150-76-5,COC1=CC=C(C=C1)O,N.A.,,https://doi.org/10.1021/es00021a011,,phenol,Oxygenated organics,"InChI=1S/C7H8O2/c1-9-7-4-2-6(8)3-5-7/h2-5,8H,1H3",NWVVVBRKAWDGAB-UHFFFAOYSA-N
486,4-methoxyphenolate,8.82,150-76-5,COC1=CC=C(C=C1)[O-],N.A.,,https://doi.org/10.1021/es00021a011,,phenol,Oxygenated organics,"InChI=1S/C7H8O2/c1-9-7-4-2-6(8)3-5-7/h2-5,8H,1H3/p-1",NWVVVBRKAWDGAB-UHFFFAOYSA-M
487,triethylenediamine,8.45,280-57-9,C1CN2CCN1CC2,8,,https://doi.org/10.1111/j.1751-1097.1980.tb02545.x,,amine,Nitrogen-containing organics,InChI=1S/C6H12N2/c1-2-8-5-3-7(1)4-6-8/h1-6H2,IMNIMPAHZVJRPE-UHFFFAOYSA-N
488,imidazole,7.57,288-32-4,C1=CN=CN1,7.1,,https://doi.org/10.1111/j.1751-1097.1978.tb06973.x?urlappend=%3Futm_source%3Dresearchgate.net%26utm_medium%3Darticle，https://doi.org/10.1111/j.1751-1097.1977.tb07443.x,,imidazole,Heterocycles,"InChI=1S/C3H4N2/c1-2-5-3-4-1/h1-3H,(H,4,5)",RAXXELZNTBOGNW-UHFFFAOYSA-N
489,8-methoxypsoralen,9.2,298-81-7,COC1=C2C(=CC3=C1OC=C3)C=CC(=O)O2,N.A.,,https://doi.org/10.1016/j.jphotochem.2019.04.029,,furan,Heterocycles,"InChI=1S/C12H8O4/c1-14-12-10-8(4-5-15-10)6-7-2-3-9(13)16-11(7)12/h2-6H,1H3",QXKHYNVANLEOEG-UHFFFAOYSA-N
490,carnosine,8.11,305-84-0,C1=C(NC=N1)C[C@@H](C(=O)O)NC(=O)CCN,7.4,,https://doi.org/10.1016/j.jphotochem.2007.01.005,,imidazole,Heterocycles,"InChI=1S/C9H14N4O3/c10-2-1-8(14)13-7(9(15)16)3-6-4-11-5-12-6/h4-5,7H,1-3,10H2,(H,11,12)(H,13,14)(H,15,16)/t7-/m0/s1",CQOVPNPJLQNMDC-ZETCQYMHSA-N
491,diuron,5.46,330-54-1,CN(C)C(=O)NC1=CC(=C(C=C1)Cl)Cl,8.5,,https://doi.org/10.1021/es3030808,,halogenated,Halogenated organics,"InChI=1S/C9H10Cl2N2O/c1-13(2)9(14)12-6-3-4-7(10)8(11)5-6/h3-5H,1-2H3,(H,12,14)",XMTQQYYKAHVGBJ-UHFFFAOYSA-N
492,diethylsulfide,7.26,352-93-2,CCSCC,7,,https://doi.org/10.1016/0045-6535(87)90004-X,,"sulfide, disulfide",Sulfur-containing organics,"InChI=1S/C4H10S/c1-3-5-4-2/h3-4H2,1-2H3",LJSQFQKUNVCTIA-UHFFFAOYSA-N
493,genistein,7.53,446-72-0,C1=CC(=CC=C1C2=COC3=CC(=CC(=C3C2=O)O)O)O,8.0 8.5,,https://doi.org/10.1021/es300041f，https://doi.org/10.1021/es301205a,,phenol,Oxygenated organics,"InChI=1S/C15H10O5/c16-9-3-1-8(2-4-9)11-7-20-13-6-10(17)5-12(18)14(13)15(11)19/h1-7,16-18H",TZBJGXHYKVUXJN-UHFFFAOYSA-N
494,diadzein,7.26,486-66-8,C1=CC(=CC=C1C2=COC3=C(C2=O)C=CC(=C3)O)O,8.5,,https://doi.org/10.1021/es300041f,,phenol,Oxygenated organics,"InChI=1S/C15H10O4/c16-10-3-1-9(2-4-10)13-8-19-14-7-11(17)5-6-12(14)15(13)18/h1-8,16-17H",ZQSIJRDFPHDXIC-UHFFFAOYSA-N
495,biochanin A,7.83,491-80-5,COC1=CC=C(C=C1)C2=COC3=CC(=CC(=C3C2=O)O)O,8,,https://doi.org/10.1021/es301205a,,phenol,Oxygenated organics,"InChI=1S/C16H12O5/c1-20-11-4-2-9(3-5-11)12-8-21-14-7-10(17)6-13(18)15(14)16(12)19/h2-8,17-18H,1H3",WUADCCWRTIWANL-UHFFFAOYSA-N
496,"2,4,6-trimethylphenol",6.51,527-60-6,CC1=CC(=C(C(=C1)C)O)C,3,,https://doi.org/10.1039/C6EM00580B,,phenol,Oxygenated organics,"InChI=1S/C9H12O/c1-6-4-7(2)9(10)8(3)5-6/h4-5,10H,1-3H3",BPRYUXCVCCNUFE-UHFFFAOYSA-N
497,"2,4,6-trimethylphenolate",8.78,527-60-6,CC1=CC(=C(C(=C1)C)[O-])C,12,,https://doi.org/10.1039/C6EM00580B,,phenol,Oxygenated organics,"InChI=1S/C9H12O/c1-6-4-7(2)9(10)8(3)5-6/h4-5,10H,1-3H3/p-1",BPRYUXCVCCNUFE-UHFFFAOYSA-M
498,flufenamic acid,7.11,530-78-9,C1=CC=C(C(=C1)C(=O)O)NC2=CC=CC(=C2)C(F)(F)F,7.5,,https://doi.org/10.1039/c7em00079k,,carboxylic acid,Oxygenated organics,"InChI=1S/C14H10F3NO2/c15-14(16,17)9-4-3-5-10(8-9)18-12-7-2-1-6-11(12)13(19)20/h1-8,18H,(H,19,20)",LPEPZBJOKDYZAD-UHFFFAOYSA-N
499,equol,7.6,531-95-3,C1[C@H](COC2=C1C=CC(=C2)O)C3=CC=C(C=C3)O,8,,https://doi.org/10.1021/es301205a,,phenol,Oxygenated organics,"InChI=1S/C15H14O3/c16-13-4-1-10(2-5-13)12-7-11-3-6-14(17)8-15(11)18-9-12/h1-6,8,12,16-17H,7,9H2/t12-/m1/s1",ADFCQWZHKCXPAJ-GFCCVEGCSA-N
500,sesamol,7.98,533-31-3,C1OC2=C(O1)C=C(C=C2)O,3,,https://doi.org/10.1039/C6EM00580B,,phenol,Oxygenated organics,"InChI=1S/C7H6O3/c8-5-1-2-6-7(3-5)10-4-9-6/h1-3,8H,4H2",LUSZGTFNYDARNI-UHFFFAOYSA-N
501,sesamol,9.29,533-31-3,C1OC2=C(O1)C=C(C=C2)O,12,,https://doi.org/10.1039/C6EM00580B,,phenol,Oxygenated organics,"InChI=1S/C7H6O3/c8-5-1-2-6-7(3-5)10-4-9-6/h1-3,8H,4H2",LUSZGTFNYDARNI-UHFFFAOYSA-N
502,2-methylfuran,7.88,534-22-5,CC1=CC=CO1,7,,https://doi.org/10.1016/0009-2614(78)85130-6,,furan,Heterocycles,"InChI=1S/C5H6O/c1-5-3-2-4-6-5/h2-4H,1H3",VQKFNUFAXTZWDK-UHFFFAOYSA-N
503,"4,6-dinitro-2-methylphen olate",5.1,534-52-1,OC1=C([N+]([O-])=O)C=C([N+]([O-])=O)C=C1C,N.A.,,https://doi.org/10.1021/es00021a011,,phenol,Oxygenated organics,"InChI=1S/C7H6N2O5/c1-4-2-5(8(11)12)3-6(7(4)10)9(13)14/h2-3,10H,1H3",ZXVONLUNISGICL-UHFFFAOYSA-N
504,3-nitrophenol,6.47,554-84-7,C1=CC(=CC(=C1)O)[N+](=O)[O-],3,,https://doi.org/10.1039/C6EM00580B，https://doi.org/10.1021/es00021a011,,phenol,Oxygenated organics,"InChI=1S/C6H5NO3/c8-6-3-1-2-5(4-6)7(9)10/h1-4,8H",RTZZCYNQPHTPPL-UHFFFAOYSA-N
505,3-nitrophenolate,7.61,554-84-7,C1=CC(=CC(=C1)[O-])[N+](=O)[O-],12,,https://doi.org/10.1039/C6EM00580B，https://doi.org/10.1021/es00021a011,,phenol,Oxygenated organics,"InChI=1S/C6H5NO3/c8-6-3-1-2-5(4-6)7(9)10/h1-4,8H/p-1",RTZZCYNQPHTPPL-UHFFFAOYSA-M
506,glycyl-L-methionine,7.11,554-94-9,CSCC[C@@H](C(=O)O)NC(=O)CN,7,,https://doi.org/10.1111/j.1751-1097.1993.tb02317.x,,"sulfide, disulfide",Sulfur-containing organics,"InChI=1S/C7H14N2O3S/c1-13-3-2-5(7(11)12)9-6(10)4-8/h5H,2-4,8H2,1H3,(H,9,10)(H,11,12)/t5-/m0/s1",PFMUCCYYAAFKTH-YFKPBYRVSA-N
507,"2,6-dimethylphenol",6.71,576-26-1,CC1=C(C(=CC=C1)C)O,3,,https://doi.org/10.1039/C6EM00580B,,phenol,Oxygenated organics,"InChI=1S/C8H10O/c1-6-4-3-5-7(2)8(6)9/h3-5,9H,1-2H3",NXXYKOUNUYWIHA-UHFFFAOYSA-N
508,"2,6-dimethylphenolate",8.02,576-26-1,CC1=C(C(=CC=C1)C)[O-],12,,https://doi.org/10.1039/C6EM00580B,,phenol,Oxygenated organics,"InChI=1S/C8H10O/c1-6-4-3-5-7(2)8(6)9/h3-5,9H,1-2H3/p-1",NXXYKOUNUYWIHA-UHFFFAOYSA-M
509,N-methylthiourea,6.3,598-52-7,CNC(=S)N,7.1,,https://doi.org/10.1111/j.1751-1097.1978.tb06973.x?urlappend=%3Futm_source%3Dresearchgate.net%26utm_medium%3Darticle,,sulfur-containing,Sulfur-containing organics,"InChI=1S/C2H6N2S/c1-4-2(3)5/h1H3,(H3,3,4,5)",KQJQICVXLJTWQD-UHFFFAOYSA-N
510,"2,6-dinitro-4-methylphen olate",7.16,609-93-8,[O-][N+](C(C=C(C)C=C1[N+]([O-])=O)=C1O)=O,N.A.,,https://doi.org/10.1021/es00021a011,,phenol,Oxygenated organics,"InChI=1S/C7H6N2O5/c1-4-2-5(8(11)12)7(10)6(3-4)9(13)14/h2-3,10H,1H3",HOYRZHJJAHRMLL-UHFFFAOYSA-N
511,chlorohydroquinone,7.23,615-67-8,C1=CC(=C(C=C1O)Cl)O,N.A.,,https://doi.org/10.1016/1010-6030(91)85079-V,,halogenated,Halogenated organics,"InChI=1S/C6H5ClO2/c7-5-3-4(8)1-2-6(5)9/h1-3,8-9H",AJPXTSMULZANCB-UHFFFAOYSA-N
512,"2,5-dimethylfuran",9.08,625-86-5,CC1=CC=C(O1)C,N.A.,,https://doi.org/10.1016/0045-6535(87)90004-X，https://doi.org/10.1246/bcsj.51.379,,furan,Heterocycles,"InChI=1S/C6H8O/c1-5-3-4-6(2)7-5/h3-4H,1-2H3",GSNUFIFRDBKVIE-UHFFFAOYSA-N
513,meclofenamic acid,7.45,644-62-2,CC1=C(C(=C(C=C1)Cl)NC2=CC=CC=C2C(=O)O)Cl,7.5,,https://doi.org/10.1039/c7em00079k,,carboxylic acid,Oxygenated organics,"InChI=1S/C14H11Cl2NO2/c1-8-6-7-10(15)13(12(8)16)17-11-5-3-2-4-9(11)14(18)19/h2-7,17H,1H3,(H,18,19)",SBDNJUWAMKYJOX-UHFFFAOYSA-N
514,4-cyanophenol,5.38,767-00-0,C1=CC(=CC=C1C#N)O,N.A.,,https://doi.org/10.1021/es00021a011,,phenol,Oxygenated organics,"InChI=1S/C7H5NO/c8-5-6-1-3-7(9)4-2-6/h1-4,9H",CVNOWLNNPYYEOH-UHFFFAOYSA-N
515,4-cyanophenolate,6.79,767-00-0,C1=CC(=CC=C1C#N)[O-],N.A.,,https://doi.org/10.1021/es00021a011,,phenol,Oxygenated organics,"InChI=1S/C7H5NO/c8-5-6-1-3-7(9)4-2-6/h1-4,9H/p-1",CVNOWLNNPYYEOH-UHFFFAOYSA-M
516,bisphenol Z,6.68,843-55-0,C1CCC(CC1)(C2=CC=C(C=C2)O)C3=CC=C(C=C3)O,3,,https://doi.org/10.1039/C6EM00580B,,phenol,Oxygenated organics,"InChI=1S/C18H20O2/c19-16-8-4-14(5-9-16)18(12-2-1-3-13-18)15-6-10-17(20)11-7-15/h4-11,19-20H,1-3,12-13H2",SDDLEVPIDBLVHC-UHFFFAOYSA-N
517,bisphenol Z,7.74,843-55-0,C1CCC(CC1)(C2=CC=C(C=C2)O)C3=CC=C(C=C3)O,12,,https://doi.org/10.1039/C6EM00580B,,phenol,Oxygenated organics,"InChI=1S/C18H20O2/c19-16-8-4-14(5-9-16)18(12-2-1-3-13-18)15-6-10-17(20)11-7-15/h4-11,19-20H,1-3,12-13H2",SDDLEVPIDBLVHC-UHFFFAOYSA-N
518,"2,3,5-trichlorophenol",5.17,933-78-8,C1=C(C=C(C(=C1O)Cl)Cl)Cl,3,,https://doi.org/10.1039/C6EM00580B,,halogenated,Halogenated organics,"InChI=1S/C6H3Cl3O/c7-3-1-4(8)6(9)5(10)2-3/h1-2,10H",WWGQHTJIFOQAOC-UHFFFAOYSA-N
519,2-methyl-3-hydroxypyrid ine,7.72,1121-25-1,CC1=NC=CC=C1O,7,,https://doi.org/10.1016/S1010-6030(99)00115-X,,pyridine,Heterocycles,"InChI=1S/C6H7NO/c1-5-6(8)3-2-4-7-5/h2-4,8H,1H3",AQSRRZGQRFFFGS-UHFFFAOYSA-N
520,bisphenol AF,8.04,1478-61-1,C1=CC(=CC=C1C(C2=CC=C(C=C2)O)(C(F)(F)F)C(F)(F)F)O,12,,https://doi.org/10.1039/C6EM00580B,,phenol,Oxygenated organics,"InChI=1S/C15H10F6O2/c16-14(17,18)13(15(19,20)21,9-1-5-11(22)6-2-9)10-3-7-12(23)8-4-10/h1-8,22-23H",ZFVMWEVVKGLCIJ-UHFFFAOYSA-N
521,bisphenol AP,7.34,1571-75-1,CC(C1=CC=CC=C1)(C2=CC=C(C=C2)O)C3=CC=C(C=C3)O,12,,https://doi.org/10.1039/C6EM00580B,,phenol,Oxygenated organics,"InChI=1S/C20H18O2/c1-20(15-5-3-2-4-6-15,16-7-11-18(21)12-8-16)17-9-13-19(22)14-10-17/h2-14,21-22H,1H3",VOWWYDCFAISREI-UHFFFAOYSA-N
522,clopyralid,5.85,1702-17-6,C1=CC(=NC(=C1Cl)C(=O)O)Cl,8.5,,https://doi.org/10.1021/es3030808,,pyridine,Heterocycles,"InChI=1S/C6H3Cl2NO2/c7-3-1-2-4(8)9-5(3)6(10)11/h1-2H,(H,10,11)",HUBANNPOLNYSAD-UHFFFAOYSA-N
523,"2,2-dihydroxybiphenyl",7.34,1806-29-7,C1C=CC=C(C1(O)O)C2=CC=CC=C2,11,,https://doi.org/10.1016/0045-6535(93)90113-J,,diol,Polyfunctional / highly functionalized,"InChI=1S/C12H12O2/c13-12(14)9-5-4-8-11(12)10-6-2-1-3-7-10/h1-8,13-14H,9H2",MSVMSXHTHSWNAU-UHFFFAOYSA-N
524,atrazine,5.3,1912-24-9,CCNC1=NC(=NC(=N1)Cl)NC(C)C,8.5,,https://doi.org/10.1021/es3030808,,triazine,Heterocycles,"InChI=1S/C8H14ClN5/c1-4-10-7-12-6(9)13-8(14-7)11-5(2)3/h5H,4H2,1-3H3,(H2,10,11,12,13,14)",MXWJVTOOROXGIU-UHFFFAOYSA-N
525,glycyl-L-tryptophan,7.75,2390-74-1,C1=CC=C2C(=C1)C(=CN2)C[C@@H](C(=O)O)NC(=O)CN,7,,https://doi.org/10.1016/1011-1344(91)80212-Z,,amide,Nitrogen-containing organics,"InChI=1S/C13H15N3O3/c14-6-12(17)16-11(13(18)19)5-8-7-15-10-4-2-1-3-9(8)10/h1-4,7,11,15H,5-6,14H2,(H,16,17)(H,18,19)/t11-/m0/s1",AJHCSUXXECOXOY-NSHDSACASA-N
526,"2,2,6,6-tetramethyl-4-pip eridinol",7.6,2403-88-5,CC(NC(C)(C1)C)(CC1O)C,8,,https://doi.org/10.1111/j.1751-1097.1980.tb02545.x,,amine,Nitrogen-containing organics,"InChI=1S/C9H19NO/c1-8(2)5-7(11)6-9(3,4)10-8/h7,10-11H,5-6H2,1-4H3",VDVUCLWJZJHFAV-UHFFFAOYSA-N
527,glycyl-L-histidine,7.92,2489-13-6,C1=C(NC=N1)C[C@@H](C(=O)O)NC(=O)CN,7,,https://doi.org/10.1111/j.1751-1097.1993.tb02317.x,,imidazole,Heterocycles,"InChI=1S/C8H12N4O3/c9-2-7(13)12-6(8(14)15)1-5-3-10-4-11-5/h3-4,6H,1-2,9H2,(H,10,11)(H,12,13)(H,14,15)/t6-/m0/s1",YIWFXZNIBQBFHR-LURJTMIESA-N
528,L-histidylglycine,7.82,2578-58-7,C1=C(NC=N1)C[C@@H](C(=O)NCC(=O)O)N,7,,https://doi.org/10.1111/j.1751-1097.1993.tb02317.x,,imidazole,Heterocycles,"InChI=1S/C8H12N4O3/c9-6(1-5-2-10-4-12-5)8(15)11-3-7(13)14/h2,4,6H,1,3,9H2,(H,10,12)(H,11,15)(H,13,14)/t6-/m0/s1",LYCVKHSJGDMDLM-LURJTMIESA-N
529,chlorpyrifos,6.28,2921-88-2,CCOP(=S)(OCC)OC1=NC(=C(C=C1Cl)Cl)Cl,8.5,,https://doi.org/10.1021/es3030808,,halogenated,Halogenated organics,"InChI=1S/C9H11Cl3NO3PS/c1-3-14-17(18,15-4-2)16-9-7(11)5-6(10)8(12)13-9/h5H,3-4H2,1-2H3",SBPBAQFWLVIOKP-UHFFFAOYSA-N
530,α-phenyl-n-tert-butylnitr one,8.15,3376-24-7,[O-]/[N+](C(C)(C)C)=C\C1=CC=CC=C1,N.A.,,https://ui.adsabs.harvard.edu/link_gateway/1980JAChS.102.7778H/doi:10.1021/ja00546a024,,benzene,Aromatic & PAHs,"InChI=1S/C11H15NO/c1-11(2,3)12(13)9-10-7-5-4-6-8-10/h4-9H,1-3H3/b12-9-",IYSYLWYGCWTJSG-XFXZXTDPSA-N
531,triclosan,6.48,3380-34-5,C1=CC(=C(C=C1Cl)O)OC2=C(C=C(C=C2)Cl)Cl,5,,https://doi.org/10.1897/04-243r.1,,halogenated,Halogenated organics,"InChI=1S/C12H7Cl3O2/c13-7-1-3-11(9(15)5-7)17-12-4-2-8(14)6-10(12)16/h1-6,16H",XEFQLINVKFYRCS-UHFFFAOYSA-N
532,triclosan,8.04,3380-34-5,C1=CC(=C(C=C1Cl)O)OC2=C(C=C(C=C2)Cl)Cl,10,,https://doi.org/10.1897/04-243r.1,,halogenated,Halogenated organics,"InChI=1S/C12H7Cl3O2/c13-7-1-3-11(9(15)5-7)17-12-4-2-8(14)6-10(12)16/h1-6,16H",XEFQLINVKFYRCS-UHFFFAOYSA-N
533,"4-hydroxy-2,2,6,6-tetram ethylpiperidine",7.6,3637-10-3,ON(C(C)(C1)C)C(C)(CC1O)C,7.4,,https://doi.org/10.1016/j.jphotochem.2012.03.012,,amine,Nitrogen-containing organics,"InChI=1S/C9H19NO2/c1-8(2)5-7(11)6-9(3,4)10(8)12/h7,11-12H,5-6H2,1-4H3",CSGAUKGQUCHWDP-UHFFFAOYSA-N
534,dihydrofolate,8.72,4033-27-6,C1C(=NC2=C(N1)N=C(NC2=O)N)CNC3=CC=C(C=C3)C(=O)N[C@@H](CCC(=O)O)C(=O)O,7,,https://doi.org/10.1021/jp071278h,,amide,Nitrogen-containing organics,"InChI=1S/C19H21N7O6/c20-19-25-15-14(17(30)26-19)23-11(8-22-15)7-21-10-3-1-9(2-4-10)16(29)24-12(18(31)32)5-6-13(27)28/h1-4,12,21H,5-8H2,(H,24,29)(H,27,28)(H,31,32)(H4,20,22,25,26,30)/t12-/m0/s1",OZRNSSUDZOLUSN-LBPRGKRZSA-N
535,2’-HO-BDE-28,6.46,4656-58-0,C1=CC(=C(C=C1Br)O)OC2=C(C=C(C=C2)Br)Br,6,,https://doi.org/10.1016/j.chemosphere.2012.06.033,11026242,halogenated,Halogenated organics,"InChI=1S/C12H7Br3O2/c13-7-1-3-11(9(15)5-7)17-12-4-2-8(14)6-10(12)16/h1-6,16H",WVIMQIYJAHUXHU-UHFFFAOYSA-N
536,2’-HO-BDE-28,8.28,4656-58-0,C1=CC(=C(C=C1Br)O)OC2=C(C=C(C=C2)Br)Br,9,,https://doi.org/10.1016/j.chemosphere.2012.06.033,11026242,halogenated,Halogenated organics,"InChI=1S/C12H7Br3O2/c13-7-1-3-11(9(15)5-7)17-12-4-2-8(14)6-10(12)16/h1-6,16H",WVIMQIYJAHUXHU-UHFFFAOYSA-N
537,"1,3-diphenylisobenzofura n",9.62,5471-63-6,C12=C(C3=CC=CC=C3)OC(C4=CC=CC=C4)=C1C=CC=C2,N.A.,,https://doi.org/10.1016/S1010-6030(99)00115-X,,furan,Heterocycles,InChI=1S/C20H14O/c1-3-9-15(10-4-1)19-17-13-7-8-14-18(17)20(21-19)16-11-5-2-6-12-16/h1-14H,ZKSVYBRJSMBDMV-UHFFFAOYSA-N
538,tetramethylbisphenol,6.08,5613-46-7,OC1=C(C)C=C(C=C1C)C(C)(C)C2=CC(C)=C(O)C(C)=C2,N.A.,,https://doi.org/10.1016/j.chemosphere.2008.06.013,,phenol,Oxygenated organics,"InChI=1S/C19H24O2/c1-11-7-15(8-12(2)17(11)20)19(5,6)16-9-13(3)18(21)14(4)10-16/h7-10,20-21H,1-6H3",ODJUOZPKKHIEOZ-UHFFFAOYSA-N
539,tetramethylbisphenolate,8.15,5613-46-7,OC1=C(C)C=C(C=C1C)C(C)(C)C2=CC(C)=C(O)C(C)=C2,12,,https://doi.org/10.1016/j.chemosphere.2008.06.013,,phenol,Oxygenated organics,"InChI=1S/C19H24O2/c1-11-7-15(8-12(2)17(11)20)19(5,6)16-9-13(3)18(21)14(4)10-16/h7-10,20-21H,1-6H3",ODJUOZPKKHIEOZ-UHFFFAOYSA-N
540,2-bromo-3-hydroxypyridi ne,7.32,6602-32-0,OC1=CC=CN=C1Br,7,,https://doi.org/10.1016/S1010-6030(99)00115-X,,halogenated,Halogenated organics,"InChI=1S/C5H4BrNO/c6-5-4(8)2-1-3-7-5/h1-3,8H",YKHQFTANTNMYPP-UHFFFAOYSA-N
541,"7,8-dihydrobiopterin",8.49,6779-87-9,C[C@@H]([C@@H](C1=NC2=C(NC1)N=C(NC2=O)N)O)O,7,,https://doi.org/10.1021/jp071278h,,amine,Nitrogen-containing organics,"InChI=1S/C9H13N5O3/c1-3(15)6(16)4-2-11-7-5(12-4)8(17)14-9(10)13-7/h3,6,15-16H,2H2,1H3,(H4,10,11,13,14,17)/t3-,6-/m0/s1",FEMXZDUTFRTWPE-DZSWIPIPSA-N
542,10-methylanthracene,6.98,7072-00-6,CC1=C2C(C=CC=C2)=C(C=O)C3=CC=CC=C31,7.4,,https://doi.org/10.1021/ja062990f,,aldehyde,Oxygenated organics,"InChI=1S/C16H12O/c1-11-12-6-2-4-8-14(12)16(10-17)15-9-5-3-7-13(11)15/h2-10H,1H3",KVWSVUPNZVIFBN-UHFFFAOYSA-N
543,tolfenamic acid,7.11,13710-19-5,CC1=C(C=CC=C1Cl)NC2=CC=CC=C2C(=O)O,7.5,,https://doi.org/10.1039/c7em00079k,,carboxylic acid,Oxygenated organics,"InChI=1S/C14H12ClNO2/c1-9-11(15)6-4-8-12(9)16-13-7-3-2-5-10(13)14(17)18/h2-8,16H,1H3,(H,17,18)",YEZNLOUZAIOMLT-UHFFFAOYSA-N
544,alachlor,5.52,15972-60-8,CCC1=C(C(=CC=C1)CC)N(COC)C(=O)CCl,8.5,,https://doi.org/10.1021/es3030808,,halogenated,Halogenated organics,"InChI=1S/C14H20ClNO2/c1-4-11-7-6-8-12(5-2)14(11)16(10-18-3)13(17)9-15/h6-8H,4-5,9-10H2,1-3H3",XCSGPAVHZFQHGE-UHFFFAOYSA-N
545,2-amino-3-hydroxypyridi ne,8.13,16867-03-1,OC1=CC=CN=C1N,7,,https://doi.org/10.1246/bcsj.51.379,,amine,Nitrogen-containing organics,"InChI=1S/C5H6N2O/c6-5-4(8)2-1-3-7-5/h1-3,8H,(H2,6,7)",BMTSZVZQNMNPCT-UHFFFAOYSA-N
546,sepiapterin,8.54,17094-01-8,C[C@@H](C(=O)C1=NC2=C(NC1)N=C(NC2=O)N)O,7,,https://doi.org/10.1021/jp071278h,,amine,Nitrogen-containing organics,"InChI=1S/C9H11N5O3/c1-3(15)6(16)4-2-11-7-5(12-4)8(17)14-9(10)13-7/h3,15H,2H2,1H3,(H4,10,11,13,14,17)/t3-/m0/s1",VPVOXUSPXFPWBN-VKHMYHEASA-N
547,"7,8-dihydropterin",8.51,17838-80-1,C1C=NC2=C(N1)N=C(NC2=O)N,7,,https://doi.org/10.1021/jp071278h,,amine,Nitrogen-containing organics,"InChI=1S/C6H7N5O/c7-6-10-4-3(5(12)11-6)8-1-2-9-4/h1H,2H2,(H4,7,9,10,11,12)",PXZWKVIXSKSCFR-UHFFFAOYSA-N
548,metoxuron,6.04,19937-59-8,CN(C)C(=O)NC1=CC(=C(C=C1)OC)Cl,8.5,,https://doi.org/10.1021/es3030808,,halogenated,Halogenated organics,"InChI=1S/C10H13ClN2O2/c1-13(2)10(14)12-7-4-5-9(15-3)8(11)6-7/h4-6H,1-3H3,(H,12,14)",DSRNRYQBBJQVCW-UHFFFAOYSA-N
549,S-2-(3-aminopropylamin o) ethyl phosphorothioate,6.87,20537-88-6,NCCCNCCSP(O)(O)=O,N.A.,,https://doi.org/10.1111/j.1751-1097.1991.tb08464.x,,phosphorus,Phosphorus-containing organics,"InChI=1S/C5H15N2O3PS/c6-2-1-3-7-4-5-12-11(8,9)10/h7H,1-6H2,(H2,8,9,10)",JKOQGQFVAUAYPM-UHFFFAOYSA-N
550,cyanazine,5.23,21725-46-2,CCNC1=NC(=NC(=N1)Cl)NC(C)(C)C#N,8.5,,https://doi.org/10.1021/es3030808,,triazine,Heterocycles,"InChI=1S/C9H13ClN6/c1-4-12-7-13-6(10)14-8(15-7)16-9(2,3)5-11/h4H2,1-3H3,(H2,12,13,14,15,16)",MZZBPDKVEFVLFF-UHFFFAOYSA-N
551,diflunisal,6.28,22494-42-4,C1=CC(=C(C=C1C2=C(C=C(C=C2)F)F)C(=O)O)O,7,,https://doi.org/10.1111/php.12114,,halogenated,Halogenated organics,"InChI=1S/C13H8F2O3/c14-8-2-3-9(11(15)6-8)7-1-4-12(16)10(5-7)13(17)18/h1-6,16H,(H,17,18)",HUPFGZXOMWLGNK-UHFFFAOYSA-N
552,terbutaline,6.85,23031-25-6,CC(C)(C)NCC(C1=CC(=CC(=C1)O)O)O,7,,https://doi.org/10.1016/j.watres.2013.08.029,,phenol,Oxygenated organics,"InChI=1S/C12H19NO3/c1-12(2,3)13-7-11(16)8-4-9(14)6-10(15)5-8/h4-6,11,13-16H,7H2,1-3H3",XWTYSIMOBUGWOL-UHFFFAOYSA-N
553,amoxicillin,4.16,26787-78-0,CC1([C@@H](N2[C@H](S1)[C@@H](C2=O)NC(=O)[C@@H](C3=CC=C(C=C3)O)N)C(=O)O)C,7,,https://doi.org/10.1016/j.watres.2010.08.024,,"sulfide, disulfide",Sulfur-containing organics,"InChI=1S/C16H19N3O5S/c1-16(2)11(15(23)24)19-13(22)10(14(19)25-16)18-12(21)9(17)7-3-5-8(20)6-4-7/h3-6,9-11,14,20H,17H2,1-2H3,(H,18,21)(H,23,24)/t9-,10-,11+,14-/m1/s1",LSQZJLSUYDQPKJ-NJBDSQKTSA-N
554,atenolol,3.93,29122-68-7,CC(C)NCC(COC1=CC=C(C=C1)CC(=O)N)O,7,,https://doi.org/10.1016/j.scitotenv.2012.03.031,,amide,Nitrogen-containing organics,"InChI=1S/C14H22N2O3/c1-10(2)16-8-12(17)9-19-13-5-3-11(4-6-13)7-14(15)18/h3-6,10,12,16-17H,7-9H2,1-2H3,(H2,15,18)",METKIMKYRPQLGS-UHFFFAOYSA-N
555,isoproturon,6,34123-59-6,CC(C)C1=CC=C(C=C1)NC(=O)N(C)C,8.5,,https://doi.org/10.1021/es3030808,,urea,Nitrogen-containing organics,"InChI=1S/C12H18N2O/c1-9(2)10-5-7-11(8-6-10)13-12(15)14(3)4/h5-9H,1-4H3,(H,13,15)",PUIYMUZLKQOUOZ-UHFFFAOYSA-N
556,acetochlor,5.72,34256-82-1,CCC1=CC=CC(=C1N(COCC)C(=O)CCl)C,8.5,,https://doi.org/10.1021/es3030808,,halogenated,Halogenated organics,"InChI=1S/C14H20ClNO2/c1-4-12-8-6-7-11(3)14(12)16(10-18-5-2)13(17)9-15/h6-8H,4-5,9-10H2,1-3H3",VTNQPKFIQCLBDU-UHFFFAOYSA-N
557,metoprolol,3.8,37350-58-6,CC(C)NCC(COC1=CC=C(C=C1)CCOC)O,7,,https://doi.org/10.1016/j.scitotenv.2012.03.031,,amine,Nitrogen-containing organics,"InChI=1S/C15H25NO3/c1-12(2)16-10-14(17)11-19-15-6-4-13(5-7-15)8-9-18-3/h4-7,12,14,16-17H,8-11H2,1-3H3",IUBSYMUCCVWXPE-UHFFFAOYSA-N
558,"2-dimethylamino-5,6-di methylpyrimidin-4-ol",7.91,40778-16-3,CC1=C(N=C(N(C)C)N=C1C)O,7,,https://doi.org/10.1002/ps.2780140415,,amine,Nitrogen-containing organics,"InChI=1S/C8H13N3O/c1-5-6(2)9-8(11(3)4)10-7(5)12/h1-4H3,(H,9,10,12)",MUEHLDAHWSCFAG-UHFFFAOYSA-N
559,nadolol,3.96,42200-33-9,CC(C)(C)NCC(COC1=CC=CC2=C1C[C@@H]([C@@H](C2)O)O)O,7,,https://doi.org/10.1016/j.scitotenv.2012.03.031,,amine,Nitrogen-containing organics,"InChI=1S/C17H27NO4/c1-17(2,3)18-9-12(19)10-22-16-6-4-5-11-7-14(20)15(21)8-13(11)16/h4-6,12,14-15,18-21H,7-10H2,1-3H3/t12?,14-,15+/m1/s1",VWPOSFSPZNDTMJ-UCWKZMIHSA-N
560,metolachlor,5.64,51218-45-2,CCC1=CC=CC(=C1N(C(C)COC)C(=O)CCl)C,8.5,,https://doi.org/10.1021/es3030808,,halogenated,Halogenated organics,"InChI=1S/C15H22ClNO2/c1-5-13-8-6-7-11(2)15(13)17(14(18)9-16)12(3)10-19-4/h6-8,12H,5,9-10H2,1-4H3",WVQBLGZPHOPPFO-UHFFFAOYSA-N
561,cimetidine,7.96,51481-61-9,CC1=C(N=CN1)CSCCNC(=NC)NC#N,6.9,,https://doi.org/10.1039/c7em00079k,,"sulfide, disulfide",Sulfur-containing organics,"InChI=1S/C10H16N6S/c1-8-9(16-7-15-8)5-17-4-3-13-10(12-2)14-6-11/h7H,3-5H2,1-2H3,(H,15,16)(H2,12,13,14)",AQIXAKUUQRKLND-UHFFFAOYSA-N
562,trolox,8.34,53188-07-1,CC1=C(C2=C(CCC(O2)(C)C(=O)O)C(=C1O)C)C,6,,https://doi.org/10.1016/1011-1344(95)07137-Q,,phenol,Oxygenated organics,"InChI=1S/C14H18O4/c1-7-8(2)12-10(9(3)11(7)15)5-6-14(4,18-12)13(16)17/h15H,5-6H2,1-4H3,(H,16,17)",GLEVLJDDWXEYCO-UHFFFAOYSA-N
563,tyrosine,7.43,55520-40-6,C1=CC(=CC=C1C[C@@H](C(=O)O)N)O,7,,https://doi.org/10.1016/1011-1344(91)80212-Z,,phenol,Oxygenated organics,"InChI=1S/C9H11NO3/c10-8(9(12)13)5-6-1-3-7(11)4-2-6/h1-4,8,11H,5,10H2,(H,12,13)/t8-/m0/s1",OUYCCCASQSFEME-QMMMGPOBSA-N
564,propiconazole,6.59,60207-90-1,CCCC1COC(O1)(CN2C=NC=N2)C3=C(C=C(C=C3)Cl)Cl,8.5,,https://doi.org/10.1021/es3030808,,halogenated,Halogenated organics,"InChI=1S/C15H17Cl2N3O2/c1-2-3-12-7-21-15(22-12,8-20-10-18-9-19-20)13-5-4-11(16)6-14(13)17/h4-6,9-10,12H,2-3,7-8H2,1H3",STJLVHWMYQXCPB-UHFFFAOYSA-N
565,paroxetine,8.07,61869-08-7,C1CNC[C@H]([C@@H]1C2=CC=C(C=C2)F)COC3=CC4=C(C=C3)OCO4,7,,https://doi.org/10.1016/j.scitotenv.2016.12.008,,halogenated,Halogenated organics,"InChI=1S/C19H20FNO3/c20-15-3-1-13(2-4-15)17-7-8-21-10-14(17)11-22-16-5-6-18-19(9-16)24-12-23-18/h1-6,9,14,17,21H,7-8,10-12H2/t14-,17-/m0/s1",AHOUBRCZNHFOSL-YOEHRIQHSA-N
566,ranitidine,7.2,66357-35-5,CN/C(=C\[N+](=O)[O-])/NCCSCC1=CC=C(O1)CN(C)C,6.4,,https://doi.org/10.1039/c7em00079k,,"sulfide, disulfide",Sulfur-containing organics,"InChI=1S/C13H22N4O3S/c1-14-13(9-17(18)19)15-6-7-21-10-12-5-4-11(20-12)8-16(2)3/h4-5,9,14-15H,6-8,10H2,1-3H3/b13-9+",VMXUWOKSQNHOCA-UKTHLTGXSA-N
567,"9,10-anthracenedipropion ic acid",8.08,71367-28-7,O=C(O)CCC1=C(C=CC=C2)C2=C(CCC(O)=O)C3=CC=CC=C31,6.8,,https://doi.org/10.1016/1010-6030(92)85132-E,,carboxylic acid,Oxygenated organics,"InChI=1S/C20H18O4/c21-19(22)11-9-17-13-5-1-2-6-14(13)18(10-12-20(23)24)16-8-4-3-7-15(16)17/h1-8H,9-12H2,(H,21,22)(H,23,24)",PHRHANASDXMZLU-UHFFFAOYSA-N
568,2’-HO-BDE-123,6.28,80246-24-8,C1=CC(=C(C=C1Br)Br)OC2=CC(=C(C(=C2O)Br)Br)Br,4,,https://doi.org/10.1016/j.chemosphere.2012.06.033,11978695,halogenated,Halogenated organics,"InChI=1S/C12H5Br5O2/c13-5-1-2-8(6(14)3-5)19-9-4-7(15)10(16)11(17)12(9)18/h1-4,18H",FSIJSYKTNOYMTQ-UHFFFAOYSA-N
569,2’-HO-BDE-123,8.29,80246-24-8,C1=CC(=C(C=C1Br)Br)OC2=CC(=C(C(=C2O)Br)Br)Br,8,,https://doi.org/10.1016/j.chemosphere.2012.06.033,11978695,halogenated,Halogenated organics,"InChI=1S/C12H5Br5O2/c13-5-1-2-8(6(14)3-5)19-9-4-7(15)10(16)11(17)12(9)18/h1-4,18H",FSIJSYKTNOYMTQ-UHFFFAOYSA-N
570,2’-HO-BDE-68,6.72,80246-25-9,C1=CC(=C(C=C1Br)Br)OC2=C(C(=CC(=C2)Br)Br)O,5,,https://doi.org/10.1016/j.chemosphere.2012.06.033,4563,halogenated,Halogenated organics,"InChI=1S/C12H6Br4O2/c13-6-1-2-10(8(15)3-6)18-11-5-7(14)4-9(16)12(11)17/h1-5,17H",QEPYTQFGTBSZQY-UHFFFAOYSA-N
571,2’-HO-BDE-68,8.25,80246-25-9,C1=CC(=C(C=C1Br)Br)OC2=C(C(=CC(=C2)Br)Br)O,8,,https://doi.org/10.1016/j.chemosphere.2012.06.033,4563,halogenated,Halogenated organics,"InChI=1S/C12H6Br4O2/c13-6-1-2-10(8(15)3-6)18-11-5-7(14)4-9(16)12(11)17/h1-5,17H",QEPYTQFGTBSZQY-UHFFFAOYSA-N
572,fluvastatin,8.21,93957-54-1,CC(C)N1C2=CC=CC=C2C(=C1/C=C/[C@@H](C[C@@H](CC(=O)O)O)O)C3=CC=C(C=C3)F,7,,https://doi.org/10.1016/j.scitotenv.2016.12.008,,halogenated,Halogenated organics,"InChI=1S/C24H26FNO4/c1-15(2)26-21-6-4-3-5-20(21)24(16-7-9-17(25)10-8-16)22(26)12-11-18(27)13-19(28)14-23(29)30/h3-12,15,18-19,27-28H,13-14H2,1-2H3,(H,29,30)/b12-11+/t18-,19-/m0/s1",FJLGEFLZQAZZCD-JUFISIKESA-N
573,mesotrione,5.84,104206-82-8,CS(=O)(=O)C1=CC(=C(C=C1)C(=O)C2C(=O)CCCC2=O)[N+](=O)[O-],8.5,,https://doi.org/10.1021/es3030808,,sulfoxide,Sulfur-containing organics,"InChI=1S/C14H13NO7S/c1-23(21,22)8-5-6-9(10(7-8)15(19)20)14(18)13-11(16)3-2-4-12(13)17/h5-7,13H,2-4H2,1H3",KPUREKXXPHOJQT-UHFFFAOYSA-N
574,danofloxacin,4.88,112398-08-0,CN1C[C@@H]2C[C@H]1CN2C3=C(C=C4C(=C3)N(C=C(C4=O)C(=O)O)C5CC5)F,7,,https://doi.org/10.1016/j.scitotenv.2016.12.008,,halogenated,Halogenated organics,"InChI=1S/C19H20FN3O3/c1-21-7-12-4-11(21)8-22(12)17-6-16-13(5-15(17)20)18(24)14(19(25)26)9-23(16)10-2-3-10/h5-6,9-12H,2-4,7-8H2,1H3,(H,25,26)/t11-,12-/m0/s1",QMLVECGLEOSESV-RYUDHWBXSA-N
575,2’-HO-BDE-7,6.63,602326-09-0,,7,,https://doi.org/10.1016/j.chemosphere.2012.06.033,,halogenated,Halogenated organics,,
576,2’-HO-BDE-7,8.35,602326-09-0,,10,,https://doi.org/10.1016/j.chemosphere.2012.06.033,,halogenated,Halogenated organics,,
577,4’-HO-BDE-17,6.9,602326-21-6,C1=CC(=C(C=C1O)Br)OC2=C(C=C(C=C2)Br)Br,7,,https://doi.org/10.1016/j.chemosphere.2012.06.033,11026243,halogenated,Halogenated organics,"InChI=1S/C12H7Br3O2/c13-7-1-3-11(9(14)5-7)17-12-4-2-8(16)6-10(12)15/h1-6,16H",VOUCJTSNCSHPEQ-UHFFFAOYSA-N
578,4’-HO-BDE-17,8.24,602326-21-6,C1=CC(=C(C=C1O)Br)OC2=C(C=C(C=C2)Br)Br,9,,https://doi.org/10.1016/j.chemosphere.2012.06.033,11026243,halogenated,Halogenated organics,"InChI=1S/C12H7Br3O2/c13-7-1-3-11(9(14)5-7)17-12-4-2-8(16)6-10(12)15/h1-6,16H",VOUCJTSNCSHPEQ-UHFFFAOYSA-N
579,4’-HO-BDE-90,6.48,602326-24-9,,4,,https://doi.org/10.1016/j.chemosphere.2012.06.033,,halogenated,Halogenated organics,,
580,4’-HO-BDE-90,8.14,602326-24-9,,8,,https://doi.org/10.1016/j.chemosphere.2012.06.033,,halogenated,Halogenated organics,,
581,2-(4-chlorophenoxy)-2-methylpropionic acid,6.041392685,882-09-7,ClC1=CC=C(OC(C)(C)C(O)=O)C=C1,3,25,https://doi.org/10.1039/C8RA03140A,,halogenated,Halogenated organics,"InChI=1S/C10H11ClO3/c1-10(2,9(12)13)14-8-5-3-7(11)4-6-8/h3-6H,1-2H3,(H,12,13)",TXCGAZHTZHNUAI-UHFFFAOYSA-N
582,2-(4-chlorophenoxy)-2-methylpropionic acid,6.278753601,882-09-7,ClC1=CC=C(OC(C)(C)C(O)=O)C=C1,5,25,https://doi.org/10.1039/C8RA03140A,,halogenated,Halogenated organics,"InChI=1S/C10H11ClO3/c1-10(2,9(12)13)14-8-5-3-7(11)4-6-8/h3-6H,1-2H3,(H,12,13)",TXCGAZHTZHNUAI-UHFFFAOYSA-N
583,2-(4-chlorophenoxy)-2-methylpropionic acid,6.376576957,882-09-7,ClC1=CC=C(OC(C)(C)C(O)=O)C=C1,7,25,https://doi.org/10.1039/C8RA03140A,,halogenated,Halogenated organics,"InChI=1S/C10H11ClO3/c1-10(2,9(12)13)14-8-5-3-7(11)4-6-8/h3-6H,1-2H3,(H,12,13)",TXCGAZHTZHNUAI-UHFFFAOYSA-N
584,2-(4-chlorophenoxy)-2-methylpropionic acid,6.507855872,882-09-7,ClC1=CC=C(OC(C)(C)C(O)=O)C=C1,8,25,https://doi.org/10.1039/C8RA03140A,,halogenated,Halogenated organics,"InChI=1S/C10H11ClO3/c1-10(2,9(12)13)14-8-5-3-7(11)4-6-8/h3-6H,1-2H3,(H,12,13)",TXCGAZHTZHNUAI-UHFFFAOYSA-N
585,2-(4-chlorophenoxy)-2-methylpropionic acid,6.267171728,882-09-7,ClC1=CC=C(OC(C)(C)C(O)=O)C=C1,11,25,https://doi.org/10.1039/C8RA03140A,,halogenated,Halogenated organics,"InChI=1S/C10H11ClO3/c1-10(2,9(12)13)14-8-5-3-7(11)4-6-8/h3-6H,1-2H3,(H,12,13)",TXCGAZHTZHNUAI-UHFFFAOYSA-N
586,furfuryl alcohol,8.146128036,98-00-0,OCC1=CC=CO1,3月9日,37,https://doi.org/10.1002/recl.19610800908,,alcohol,Oxygenated organics,"InChI=1S/C5H6O2/c6-4-5-2-1-3-7-5/h1-3,6H,4H2",XPFVYQJUAUNWIW-UHFFFAOYSA-N
587,furfuryl alcohol,8.041392685,98-00-0,OCC1=CC=CO1,,9,10.5075/epfl-thesis-519,,alcohol,Oxygenated organics,"InChI=1S/C5H6O2/c6-4-5-2-1-3-7-5/h1-3,6H,4H2",XPFVYQJUAUNWIW-UHFFFAOYSA-N
588,furfuryl alcohol,8.037426498,98-00-0,OCC1=CC=CO1,7,22,https://doi.org/10.1016/0045-6535(84)90199-1,,alcohol,Oxygenated organics,"InChI=1S/C5H6O2/c6-4-5-2-1-3-7-5/h1-3,6H,4H2",XPFVYQJUAUNWIW-UHFFFAOYSA-N
589,furfuryl alcohol,7.968482949,98-00-0,OCC1=CC=CO1,7.4,22,https://doi.org/10.1016/S0165-8646(24)00315-5,,alcohol,Oxygenated organics,"InChI=1S/C5H6O2/c6-4-5-2-1-3-7-5/h1-3,6H,4H2",XPFVYQJUAUNWIW-UHFFFAOYSA-N
590,furfuryl alcohol,8.079181246,98-00-0,OCC1=CC=CO1,7-11.5,,https://doi.org/10.1016/0045-6535(87)90004-X,,alcohol,Oxygenated organics,"InChI=1S/C5H6O2/c6-4-5-2-1-3-7-5/h1-3,6H,4H2",XPFVYQJUAUNWIW-UHFFFAOYSA-N
591,furfuryl alcohol,8.146128036,98-00-0,OCC1=CC=CO1,6.6-7.6,25,https://doi.org/10.1016/1011-1344(91)80116-Y,,alcohol,Oxygenated organics,"InChI=1S/C5H6O2/c6-4-5-2-1-3-7-5/h1-3,6H,4H2",XPFVYQJUAUNWIW-UHFFFAOYSA-N
592,furfuryl alcohol,7.919078092,98-00-0,OCC1=CC=CO1,7.5,23,https://doi.org/10.1021/es0340782,,alcohol,Oxygenated organics,"InChI=1S/C5H6O2/c6-4-5-2-1-3-7-5/h1-3,6H,4H2",XPFVYQJUAUNWIW-UHFFFAOYSA-N
593,furfuryl alcohol,7.973127854,98-00-0,OCC1=CC=CO1,3月12日,19-20,https://doi.org/10.1039/C6EM00646A,,alcohol,Oxygenated organics,"InChI=1S/C5H6O2/c6-4-5-2-1-3-7-5/h1-3,6H,4H2",XPFVYQJUAUNWIW-UHFFFAOYSA-N
594,furfuryl alcohol,7,98-00-0,OCC1=CC=CO1,4月10日,26,https://doi.org/10.1039/C6EM00646A,,alcohol,Oxygenated organics,"InChI=1S/C5H6O2/c6-4-5-2-1-3-7-5/h1-3,6H,4H2",XPFVYQJUAUNWIW-UHFFFAOYSA-N
595,"2,5-Dimethylfuran",8.77,625-86-5,CC1=CC=C(O1)C,5,20,https://doi.org/10.1021/acs.est.4c10778,12266,furan,Heterocycles,"InChI=1S/C6H8O/c1-5-3-4-6(2)7-5/h3-4H,1-2H3",GSNUFIFRDBKVIE-UHFFFAOYSA-N
596,"2,3-Dimethylfuran",8.66,14920-89-9,CC1=C(OC=C1)C,5,20,https://doi.org/10.1021/acs.est.4c10778,34337,furan,Heterocycles,"InChI=1S/C6H8O/c1-5-3-4-7-6(5)2/h3-4H,1-2H3",FJSKXQVRKZTKSI-UHFFFAOYSA-N
597,2-Methylfuran,8.51,534-22-5,CC1CCCO1,5,20,https://doi.org/10.1021/acs.est.4c10778,7301,furan,Heterocycles,"InChI=1S/C5H10O/c1-5-3-2-4-6-5/h5H,2-4H2,1H3",JWUJQDFVADABEY-UHFFFAOYSA-N
598,2-Methyl-furanhydrazide,8.18,315672-60-7,CC1=C(C=CO1)C(=O)NN,5,20,https://doi.org/10.1021/acs.est.4c10778,1987739,furan,Heterocycles,"InChI=1S/C6H8N2O2/c1-4-5(2-3-10-4)6(9)8-7/h2-3H,7H2,1H3,(H,8,9)",ZFQJEDANHVDMLS-UHFFFAOYSA-N
599,"2,5-Bis(hydroxymethyl)furan",8.02,1883-75-6,C1=C(OC(=C1)CO)CO,5,20,https://doi.org/10.1021/acs.est.4c10778,74663,furan,Heterocycles,"InChI=1S/C6H8O3/c7-3-5-1-2-6(4-8)9-5/h1-2,7-8H,3-4H2",DSLRVRBSNLHVBH-UHFFFAOYSA-N
600,Furfuryl alcohol,7.98,98-00-0,COP(=S)(OC)OC1=CC=C(C=C1)[N+](=O)[O-],5,20,https://doi.org/10.1021/acs.est.4c10778,4130,alcohol,Oxygenated organics,"InChI=1S/C8H10NO5PS/c1-12-15(16,13-2)14-8-5-3-7(4-6-8)9(10)11/h3-6H,1-2H3",RLBIQVVOMOPOHC-UHFFFAOYSA-N
601,Furan,7.92,110-00-9,C1=COC=C1,5,20,https://doi.org/10.1021/acs.est.4c10778,8029,furan,Heterocycles,InChI=1S/C4H4O/c1-2-4-5-3-1/h1-4H,YLQBMQCUIZJEEH-UHFFFAOYSA-N
602,Furoic acid,7.62,88-14-2,C1=COC(=C1)C(=O)O,5,20,https://doi.org/10.1021/acs.est.4c10778,6919,carboxylic acid,Oxygenated organics,"InChI=1S/C5H4O3/c6-5(7)4-2-1-3-8-4/h1-3H,(H,6,7)",SMNDYUVBFMFKNZ-UHFFFAOYSA-N
603,Furfurylamine,7.6,617-89-0,C1=COC(=C1)CN,5,20,https://doi.org/10.1021/acs.est.4c10778,3438,furan,Heterocycles,"InChI=1S/C5H7NO/c6-4-5-2-1-3-7-5/h1-3H,4,6H2",DDRPCXLAQZKBJP-UHFFFAOYSA-N
604,"2-Methylfuran-3,4-dicarboxylic acid",7.18,54576-44-2,CC1=C(C(=CO1)C(=O)O)C(=O)O,2.5,20,https://doi.org/10.1021/acs.est.4c10778,4737732,dicarboxylic acid,Polyfunctional / highly functionalized,"InChI=1S/C7H6O5/c1-3-5(7(10)11)4(2-12-3)6(8)9/h2H,1H3,(H,8,9)(H,10,11)",DMVWTHJBGHANLQ-UHFFFAOYSA-N
605,Furoic acid,6.58,88-14-2,C1=COC(=C1)C(=O)O,2,20,https://doi.org/10.1021/acs.est.4c10778,6919,carboxylic acid,Oxygenated organics,"InChI=1S/C5H4O3/c6-5(7)4-2-1-3-8-4/h1-3H,(H,6,7)",SMNDYUVBFMFKNZ-UHFFFAOYSA-N
606,5-Nitro-2-furaldehyde,6.18,698-63-5,C1=C(OC(=C1)[N+](=O)[O-])C=O,5,20,https://doi.org/10.1021/acs.est.4c10778,12774,nitro,Nitrogen-containing organics,InChI=1S/C5H3NO4/c7-3-4-1-2-5(10-4)6(8)9/h1-3H,SXINBFXPADXIEY-UHFFFAOYSA-N
607,5-Hydroxymethyl-2-furaldehyde,6.08,67-47-0,C1=C(OC(=C1)C=O)CO,5,20,https://doi.org/10.1021/acs.est.4c10778,237332,alcohol,Oxygenated organics,"InChI=1S/C6H6O3/c7-3-5-1-2-6(4-8)9-5/h1-3,8H,4H2",NOEGNKMFWQHSLB-UHFFFAOYSA-N
608,Furfural,5.8,98-01-1,C1=COC(=C1)C=O,5,20,https://doi.org/10.1021/acs.est.4c10778,7362,furan,Heterocycles,InChI=1S/C5H4O2/c6-4-5-2-1-3-7-5/h1-4H,HYBBIBNJHNGZAN-UHFFFAOYSA-N
609,5-Iodo-2-furaldehyde,5.6,2689-65-8,CCCC1C(=O)N(C(=S)S1)C2=CC=C(C=C2)C,5,20,https://doi.org/10.1021/acs.est.4c10778,211718,halogenated,Halogenated organics,"InChI=1S/C13H15NOS2/c1-3-4-11-12(15)14(13(16)17-11)10-7-5-9(2)6-8-10/h5-8,11H,3-4H2,1-2H3",NDUYLFHBELLXTJ-UHFFFAOYSA-N
610,5-Chloro-2-furaldehyde,5.56,21508-19-0,C1=C(OC(=C1)Cl)C=O,5,20,https://doi.org/10.1021/acs.est.4c10778,2769630,halogenated,Halogenated organics,InChI=1S/C5H3ClO2/c6-5-2-1-4(3-7)8-5/h1-3H,DGAUAVDWXYXXGQ-UHFFFAOYSA-N
611,5-Bromo-2-furaldehyde,5.53,1899-24-7,C1=C(OC(=C1)Br)C(=O)O,5,20,https://doi.org/10.1021/acs.est.4c10778,68511,halogenated,Halogenated organics,"InChI=1S/C5H3BrO3/c6-4-2-1-3(9-4)5(7)8/h1-2H,(H,7,8)",YVTQHZDUDUCGRD-UHFFFAOYSA-N
612,(S)-5-Hydroxymethyl-2(5H)-furanone,3.57,78508-96-0,C1=CC(=O)OC1CO,5,20,https://doi.org/10.1021/acs.est.4c10778,144863,alcohol,Oxygenated organics,"InChI=1S/C5H6O3/c6-3-4-1-2-5(7)8-4/h1-2,4,6H,3H2",AWNLUIGMHSSXHB-UHFFFAOYSA-N
613,Carminic acid,8.65,1260-17-9,O=C(C1=C2C(O)=C([C@H]3O[C@H](CO)[C@@H](O)[C@H](O)[C@H]3O)C(O)=C1O)C4=C(C(C)=C(C(O)=O)C(O)=C4)C2=O,6.8,37,http://dx.doi.org/10.3998/ark.5550190.0008.819,,carboxylic acid,Oxygenated organics,"InChI=1S/C22H20O13/c1-4-8-5(2-6(24)9(4)22(33)34)13(25)10-11(15(8)27)16(28)12(18(30)17(10)29)21-20(32)19(31)14(26)7(3-23)35-21/h2,7,14,19-21,23-24,26,28-32H,3H2,1H3,(H,33,34)/t7-,14-,19+,20-,21-/m1/s1",DGQLVPJVXFOQEV-NGOCYOHBSA-N
614,Methyl gallate,8.3,99-24-1,COC(=O)C1=CC(=C(C(=C1)O)O)O,6.8,37,http://dx.doi.org/10.3998/ark.5550190.0008.819,7428,phenol,Oxygenated organics,"InChI=1S/C8H8O5/c1-13-8(12)4-2-5(9)7(11)6(10)3-4/h2-3,9-11H,1H3",FBSFWRHWHYMIOG-UHFFFAOYSA-N
615,Caffeic acid,7.6,331-39-5,C1=CC(=C(C=C1C=CC(=O)O)O)O,6.8,37,http://dx.doi.org/10.3998/ark.5550190.0008.819,2518,carboxylic acid,Oxygenated organics,"InChI=1S/C9H8O4/c10-7-3-1-6(5-8(7)11)2-4-9(12)13/h1-5,10-11H,(H,12,13)",QAIPRVGONGVQAS-UHFFFAOYSA-N
616,Trimethylhydroquinone,8.3,700-13-0,CC1=CC(=C(C(=C1O)C)C)O,6.8,37,http://dx.doi.org/10.3998/ark.5550190.0008.819,12785,phenol,Oxygenated organics,"InChI=1S/C9H12O2/c1-5-4-8(10)6(2)7(3)9(5)11/h4,10-11H,1-3H3",AUFZRCJENRSRLY-UHFFFAOYSA-N
617,Trolox,8.5,53188-07-1,CC1=C(C2=C(CCC(O2)(C)C(=O)O)C(=C1O)C)C,6.8,37,http://dx.doi.org/10.3998/ark.5550190.0008.819,40634,phenol,Oxygenated organics,"InChI=1S/C14H18O4/c1-7-8(2)12-10(9(3)11(7)15)5-6-14(4,18-12)13(16)17/h15H,5-6H2,1-4H3,(H,16,17)",GLEVLJDDWXEYCO-UHFFFAOYSA-N
618,Oxytetracycline,6.936513742,79-57-2,O[C@@]([C@@]1([C@@H](C(O)=C2C(N)=O)N(C)C)[H])(C(O)=C(C3=O)[C@]([C@@H]1O)([C@](C)(O)C4=C3C(O)=CC=C4)[H])C2=O,5,25,https://doi.org/10.1021/acs.est.2c06008,,phenol,Oxygenated organics,"InChI=1S/C22H24N2O9/c1-21(32)7-5-4-6-8(25)9(7)15(26)10-12(21)17(28)13-14(24(2)3)16(27)11(20(23)31)19(30)22(13,33)18(10)29/h4-6,12-14,17,25,27-29,32-33H,1-3H3,(H2,23,31)/t12-,13-,14+,17+,21-,22+/m1/s1",IWVCMVBTMGNXQD-PXOLEDIWSA-N
619,Oxytetracycline,8.10720997,79-57-2,O[C@@]([C@@]1([C@@H](C(O)=C2C(N)=O)N(C)C)[H])(C(O)=C(C3=O)[C@]([C@@H]1O)([C@](C)(O)C4=C3C(O)=CC=C4)[H])C2=O,7,25,https://doi.org/10.1021/acs.est.2c06008,,phenol,Oxygenated organics,"InChI=1S/C22H24N2O9/c1-21(32)7-5-4-6-8(25)9(7)15(26)10-12(21)17(28)13-14(24(2)3)16(27)11(20(23)31)19(30)22(13,33)18(10)29/h4-6,12-14,17,25,27-29,32-33H,1-3H3,(H2,23,31)/t12-,13-,14+,17+,21-,22+/m1/s1",IWVCMVBTMGNXQD-PXOLEDIWSA-N
620,Oxytetracycline,9.404833717,79-57-2,O[C@@]([C@@]1([C@@H](C(O)=C2C(N)=O)N(C)C)[H])(C(O)=C(C3=O)[C@]([C@@H]1O)([C@](C)(O)C4=C3C(O)=CC=C4)[H])C2=O,11,25,https://doi.org/10.1021/acs.est.2c06008,,phenol,Oxygenated organics,"InChI=1S/C22H24N2O9/c1-21(32)7-5-4-6-8(25)9(7)15(26)10-12(21)17(28)13-14(24(2)3)16(27)11(20(23)31)19(30)22(13,33)18(10)29/h4-6,12-14,17,25,27-29,32-33H,1-3H3,(H2,23,31)/t12-,13-,14+,17+,21-,22+/m1/s1",IWVCMVBTMGNXQD-PXOLEDIWSA-N
621,Cimetidine,6.51851394,2984-61-4,CC1=C(N=CN1)CSCCNC(=NC)NC#N,4.2,,https://doi.org/10.1021/es0340782,2756,"sulfide, disulfide",Sulfur-containing organics,"InChI=1S/C10H16N6S/c1-8-9(16-7-15-8)5-17-4-3-13-10(12-2)14-6-11/h7H,3-5H2,1-2H3,(H,15,16)(H2,12,13,14)",AQIXAKUUQRKLND-UHFFFAOYSA-N
622,Cimetidine,7.963787827,2984-61-4,CC1=C(N=CN1)CSCCNC(=NC)NC#N,6.9,,https://doi.org/10.1021/es0340782,2756,"sulfide, disulfide",Sulfur-containing organics,"InChI=1S/C10H16N6S/c1-8-9(16-7-15-8)5-17-4-3-13-10(12-2)14-6-11/h7H,3-5H2,1-2H3,(H,15,16)(H2,12,13,14)",AQIXAKUUQRKLND-UHFFFAOYSA-N
623,Cimetidine,8.342422681,2984-61-4,CC1=C(N=CN1)CSCCNC(=NC)NC#N,8.2,,https://doi.org/10.1021/es0340782,2756,"sulfide, disulfide",Sulfur-containing organics,"InChI=1S/C10H16N6S/c1-8-9(16-7-15-8)5-17-4-3-13-10(12-2)14-6-11/h7H,3-5H2,1-2H3,(H,15,16)(H2,12,13,14)",AQIXAKUUQRKLND-UHFFFAOYSA-N
624,Cimetidine,8.397940009,2984-61-4,CC1=C(N=CN1)CSCCNC(=NC)NC#N,10.2,,https://doi.org/10.1021/es0340782,2756,"sulfide, disulfide",Sulfur-containing organics,"InChI=1S/C10H16N6S/c1-8-9(16-7-15-8)5-17-4-3-13-10(12-2)14-6-11/h7H,3-5H2,1-2H3,(H,15,16)(H2,12,13,14)",AQIXAKUUQRKLND-UHFFFAOYSA-N
625,Ranitidine,7.204119983,66357-35-5,CN(C)CC1=CC=C(CSCCN/C(NC)=C/[N+]([O-])=O)O1,6.4,,https://doi.org/10.1021/es0340782,,"sulfide, disulfide",Sulfur-containing organics,"InChI=1S/C13H22N4O3S/c1-14-13(9-17(18)19)15-6-7-21-10-12-5-4-11(20-12)8-16(2)3/h4-5,9,14-15H,6-8,10H2,1-3H3/b13-9+",VMXUWOKSQNHOCA-UKTHLTGXSA-N
626,Ranitidine,7.423245874,66357-35-5,CN(C)CC1=CC=C(CSCCN/C(NC)=C/[N+]([O-])=O)O1,7.5,,https://doi.org/10.1021/es0340782,,"sulfide, disulfide",Sulfur-containing organics,"InChI=1S/C13H22N4O3S/c1-14-13(9-17(18)19)15-6-7-21-10-12-5-4-11(20-12)8-16(2)3/h4-5,9,14-15H,6-8,10H2,1-3H3/b13-9+",VMXUWOKSQNHOCA-UKTHLTGXSA-N
627,Ranitidine,7.806179974,66357-35-5,CN(C)CC1=CC=C(CSCCN/C(NC)=C/[N+]([O-])=O)O1,9.8,,https://doi.org/10.1021/es0340782,,"sulfide, disulfide",Sulfur-containing organics,"InChI=1S/C13H22N4O3S/c1-14-13(9-17(18)19)15-6-7-21-10-12-5-4-11(20-12)8-16(2)3/h4-5,9,14-15H,6-8,10H2,1-3H3/b13-9+",VMXUWOKSQNHOCA-UKTHLTGXSA-N
628,"2,4,6-Trimethylphenol",7.79,527-60-6,CC1=C(O)C(C)=CC(C)=C1,,27,https://doi.org/10.1016/1010-6030(94)03861-9,,phenol,Oxygenated organics,"InChI=1S/C9H12O/c1-6-4-7(2)9(10)8(3)5-6/h4-5,10H,1-3H3",BPRYUXCVCCNUFE-UHFFFAOYSA-N
629,"2,4,6-Trimethylphenol",9.04,527-60-6,CC1=C(O)C(C)=CC(C)=C1,,27,https://doi.org/10.1016/1010-6030(94)03861-9,,phenol,Oxygenated organics,"InChI=1S/C9H12O/c1-6-4-7(2)9(10)8(3)5-6/h4-5,10H,1-3H3",BPRYUXCVCCNUFE-UHFFFAOYSA-N
630,Phenol,4.06,108-95-2,OC1=CC=CC=C1,6,25,10.1039/c8cp04852e,,phenol,Oxygenated organics,"InChI=1S/C6H6O/c7-6-4-2-1-3-5-6/h1-5,7H",ISWSIDIOOBJBQZ-UHFFFAOYSA-N
631,Butylparaben,7.7,94-26-8,OC1=CC=C(C(OCCCC)=O)C=C1,7,25,https://doi.org/10.3390/molecules27165260,,phenol,Oxygenated organics,"InChI=1S/C11H14O3/c1-2-3-8-14-11(13)9-4-6-10(12)7-5-9/h4-7,12H,2-3,8H2,1H3",QFOHBWFCKVYLES-UHFFFAOYSA-N
632,Butylparaben,7.93,94-26-8,OC1=CC=C(C(OCCCC)=O)C=C1,9,25,https://doi.org/10.3390/molecules27165260,,phenol,Oxygenated organics,"InChI=1S/C11H14O3/c1-2-3-8-14-11(13)9-4-6-10(12)7-5-9/h4-7,12H,2-3,8H2,1H3",QFOHBWFCKVYLES-UHFFFAOYSA-N
633,Butylparaben,80.6,94-26-8,OC1=CC=C(C(OCCCC)=O)C=C1,10.8,25,https://doi.org/10.3390/molecules27165260,,phenol,Oxygenated organics,"InChI=1S/C11H14O3/c1-2-3-8-14-11(13)9-4-6-10(12)7-5-9/h4-7,12H,2-3,8H2,1H3",QFOHBWFCKVYLES-UHFFFAOYSA-N
634,Benzylparaben,7.95,94-18-8,O=C(C1=CC=C(O)C=C1)OCC2=CC=CC=C2,7,25,https://doi.org/10.3390/molecules27165260,,phenol,Oxygenated organics,"InChI=1S/C14H12O3/c15-13-8-6-12(7-9-13)14(16)17-10-11-4-2-1-3-5-11/h1-9,15H,10H2",MOZDKDIOPSPTBH-UHFFFAOYSA-N
635,Benzylparaben,8.01,94-18-8,O=C(C1=CC=C(O)C=C1)OCC2=CC=CC=C2,9,25,https://doi.org/10.3390/molecules27165260,,phenol,Oxygenated organics,"InChI=1S/C14H12O3/c15-13-8-6-12(7-9-13)14(16)17-10-11-4-2-1-3-5-11/h1-9,15H,10H2",MOZDKDIOPSPTBH-UHFFFAOYSA-N
636,Benzylparaben,8.08,94-18-8,O=C(C1=CC=C(O)C=C1)OCC2=CC=CC=C2,10.8,25,https://doi.org/10.3390/molecules27165260,,phenol,Oxygenated organics,"InChI=1S/C14H12O3/c15-13-8-6-12(7-9-13)14(16)17-10-11-4-2-1-3-5-11/h1-9,15H,10H2",MOZDKDIOPSPTBH-UHFFFAOYSA-N
637,2-Chlorophenol,7.47,95-57-8,OC1=CC=CC=C1Cl,7,25,https://doi.org/10.3390/molecules27165260,,halogenated,Halogenated organics,"InChI=1S/C6H5ClO/c7-5-3-1-2-4-6(5)8/h1-4,8H",ISPYQTSUDJAMAB-UHFFFAOYSA-N
638,2-Chlorophenol,8.22,95-57-8,OC1=CC=CC=C1Cl,9,25,https://doi.org/10.3390/molecules27165260,,halogenated,Halogenated organics,"InChI=1S/C6H5ClO/c7-5-3-1-2-4-6(5)8/h1-4,8H",ISPYQTSUDJAMAB-UHFFFAOYSA-N
639,2-Chlorophenol,8.31,95-57-8,OC1=CC=CC=C1Cl,10.8,25,https://doi.org/10.3390/molecules27165260,,halogenated,Halogenated organics,"InChI=1S/C6H5ClO/c7-5-3-1-2-4-6(5)8/h1-4,8H",ISPYQTSUDJAMAB-UHFFFAOYSA-N
640,"N,N,2,4-Tetramethylaniline",8.113943352,769-53-9,CC1=CC(=C(C=C1)N(C)C)C,,,NIST,136612,amine,Nitrogen-containing organics,"InChI=1S/C10H15N/c1-8-5-6-10(11(3)4)9(2)7-8/h5-7H,1-4H3",DZXAIYQRCQALGE-UHFFFAOYSA-N
641,"N,N,N',N'-Tetramethyl-o-phenylenediamine",9.041392685,704-01-8,CN(C)C1=CC=CC=C1N(C)C,,,NIST,12803,amine,Nitrogen-containing organics,"InChI=1S/C10H16N2/c1-11(2)9-7-5-6-8-10(9)12(3)4/h5-8H,1-4H3",CJVYYDCBKKKIPD-UHFFFAOYSA-N
642,"2-Methoxy-N,N-dimethylaniline",8.505149978,700-75-4,CN(C)C1=CC=CC=C1OC,,,NIST,136536,ether,Oxygenated organics,"InChI=1S/C9H13NO/c1-10(2)8-6-4-5-7-9(8)11-3/h4-7H,1-3H3",XQFJDFIHJKPUEL-UHFFFAOYSA-N
643,"4-Chloro-N,N-dimethylaniline",7.556302501,698-69-1,CN(C)C1=CC=C(C=C1)Cl,,,NIST,136530,halogenated,Halogenated organics,"InChI=1S/C8H10ClN/c1-10(2)8-5-3-7(9)4-6-8/h3-6H,1-2H3",IONGEXNDPXANJD-UHFFFAOYSA-N
644,"3,4-Dimethoxy-N,N-dimethylaniline",8.944482672,2748-79-0,CN(C)C1=CC(=C(C=C1)OC)OC,,,NIST,20026328,amine,Nitrogen-containing organics,"InChI=1S/C10H15NO2/c1-11(2)8-5-6-9(12-3)10(7-8)13-4/h5-7H,1-4H3",OJSINGAPXRDNSN-UHFFFAOYSA-N
645,"N,N,N',N'-Tetramethyl-m-phenylenediamine",8.86923172,22440-93-3,CN(C)C1=CC(=CC=C1)N(C)C,,,NIST,89715,amine,Nitrogen-containing organics,"InChI=1S/C10H16N2/c1-11(2)9-6-5-7-10(8-9)12(3)4/h5-8H,1-4H3",LFZLVJBOEONQHV-UHFFFAOYSA-N
646,"N,N,2,4,6-Pentamethylaniline",8.176091259,13021-15-3,CC1=CC(=C(C(=C1)C)N(C)C)C,,,NIST,139365,amine,Nitrogen-containing organics,"InChI=1S/C11H17N/c1-8-6-9(2)11(12(4)5)10(3)7-8/h6-7H,1-5H3",JZBZLRKFJWQZHU-UHFFFAOYSA-N
647,Glycyl-L-tyrosyl-L-alanine,9.301029996,112898-27-8,C[C@@H](C(=O)O)NC(=O)[C@H](CC1=CC=C(C=C1)O)NC(=O)CN,11.5,,NIST,194988,phenol,Oxygenated organics,"InChI=1S/C14H19N3O5/c1-8(14(21)22)16-13(20)11(17-12(19)7-15)6-9-2-4-10(18)5-3-9/h2-5,8,11,18H,6-7,15H2,1H3,(H,16,20)(H,17,19)(H,21,22)/t8-,11-/m0/s1",UIQGJYUEQDOODF-KWQFWETISA-N
648,Glycyl-L-tyrosyl-L-alanine,8,112898-27-8,C[C@@H](C(=O)O)NC(=O)[C@H](CC1=CC=C(C=C1)O)NC(=O)CN,11.5,,NIST,194988,phenol,Oxygenated organics,"InChI=1S/C14H19N3O5/c1-8(14(21)22)16-13(20)11(17-12(19)7-15)6-9-2-4-10(18)5-3-9/h2-5,8,11,18H,6-7,15H2,1H3,(H,16,20)(H,17,19)(H,21,22)/t8-,11-/m0/s1",UIQGJYUEQDOODF-KWQFWETISA-N
649,indole-3-carboxylic acid,7.146128036,771-50-6,C1=CC=C2C(=C1)C(=CN2)C(=O)O,7,,NIST,69867,heterocycle,Heterocycles,"InChI=1S/C9H7NO2/c11-9(12)7-5-10-8-4-2-1-3-6(7)8/h1-5,10H,(H,11,12)",KMAKOBLIOCQGJP-UHFFFAOYSA-N
650,Methionine methyl ester,7.146128036,10332-17-9,COC(=O)[C@H](CCSC)N,,,NIST,64684,ester,Oxygenated organics,"InChI=1S/C6H13NO2S/c1-9-6(8)5(7)3-4-10-2/h5H,3-4,7H2,1-2H3/t5-/m0/s1",UIHPNZDZCOEZEN-YFKPBYRVSA-N
651,Methionine methyl ester,8.004321374,10332-17-9,COC(=O)[C@H](CCSC)N,7,,NIST,64684,ester,Oxygenated organics,"InChI=1S/C6H13NO2S/c1-9-6(8)5(7)3-4-10-2/h5H,3-4,7H2,1-2H3/t5-/m0/s1",UIHPNZDZCOEZEN-YFKPBYRVSA-N
652,Methionine methyl ester,6.079181246,10332-17-9,COC(=O)[C@H](CCSC)N,,,NIST,64684,ester,Oxygenated organics,"InChI=1S/C6H13NO2S/c1-9-6(8)5(7)3-4-10-2/h5H,3-4,7H2,1-2H3/t5-/m0/s1",UIHPNZDZCOEZEN-YFKPBYRVSA-N
653,Methionine methyl ester,6.84509804,10332-17-9,COC(=O)[C@H](CCSC)N,7,,NIST,64684,ester,Oxygenated organics,"InChI=1S/C6H13NO2S/c1-9-6(8)5(7)3-4-10-2/h5H,3-4,7H2,1-2H3/t5-/m0/s1",UIHPNZDZCOEZEN-YFKPBYRVSA-N
654,HisGly,7.146128036,2489-13-6,C1=NC=NC1C[C@@H](C(=O)O)NC(=O)CN,,,NIST,142774,amide,Nitrogen-containing organics,"InChI=1S/C8H12N4O3/c9-2-7(13)12-6(8(14)15)1-5-3-10-4-11-5/h3-6H,1-2,9H2,(H,12,13)(H,14,15)/t5?,6-/m0/s1",RXAOVSDTBKWPLP-GDVGLLTNSA-N
655,HisGly,7.812913357,2489-13-6,C1=NC=NC1C[C@@H](C(=O)O)NC(=O)CN,7,,NIST,142774,amide,Nitrogen-containing organics,"InChI=1S/C8H12N4O3/c9-2-7(13)12-6(8(14)15)1-5-3-10-4-11-5/h3-6H,1-2,9H2,(H,12,13)(H,14,15)/t5?,6-/m0/s1",RXAOVSDTBKWPLP-GDVGLLTNSA-N
656,HisGly,6.86923172,2489-13-6,C1=NC=NC1C[C@@H](C(=O)O)NC(=O)CN,,,NIST,142774,amide,Nitrogen-containing organics,"InChI=1S/C8H12N4O3/c9-2-7(13)12-6(8(14)15)1-5-3-10-4-11-5/h3-6H,1-2,9H2,(H,12,13)(H,14,15)/t5?,6-/m0/s1",RXAOVSDTBKWPLP-GDVGLLTNSA-N
657,HisGly,7.819543936,2489-13-6,C1=NC=NC1C[C@@H](C(=O)O)NC(=O)CN,7,,NIST,142774,amide,Nitrogen-containing organics,"InChI=1S/C8H12N4O3/c9-2-7(13)12-6(8(14)15)1-5-3-10-4-11-5/h3-6H,1-2,9H2,(H,12,13)(H,14,15)/t5?,6-/m0/s1",RXAOVSDTBKWPLP-GDVGLLTNSA-N
658,Manganese(III) mesoporphyrin diethyl ester,9.176091259,14172-93-1,,,,NIST,,metal complex,Others / Unassigned,,
659,"2,6-Bis(1,1-dimethylethyl)-4-[1-[2,6-bis(1,1-dimethylethyl)telluropyran-4-ylidene]-3-propenyl]telluropyrylium",8.903089987,,,,,NIST,,alkane,Aliphatic hydrocarbons,,
660,"2,6-Bis(1,1-dimethylethyl)-4-[1-[2,6-bis(1,1-dimethylethyl)selenopyran-4-ylidene]-3-propenyl]selenopyrylium",6.698970004,,,,,NIST,,alkane,Aliphatic hydrocarbons,,
661,"2,6-Bis(1,1-dimethylethyl)-4-[1-[2,6-bis(1,1-dimethylethyl)selenopyran-4-ylidene]-3-propenyl]thiopyrylium",6.954242509,,,,,NIST,,alkane,Aliphatic hydrocarbons,,
662,"4,4'-(1,3-Propenyl)bis[2,6-di(1,1-dimethylethyl)pyrylium]",5.477121255,,,,,NIST,,alkane,Aliphatic hydrocarbons,,
663,"N-[5-Hydroxy-8-[[2-(methylsulfonyl)-4-nitrophenyl]azo]-1-naphthalenyl-1,3-benzenedisulfonamide, conjugate dibase",8.698970004,,,,,NIST,,nitro,Nitrogen-containing organics,,
664,"N-[5-Hydroxy-8-[[2-(methylsulfonyl)-4-nitrophenyl]azo]-1-naphthalenyl-1,3-benzenedisulfonamide, conjugate base",8.113943352,,,,,NIST,,nitro,Nitrogen-containing organics,,
665,"2,6-Diphenyl-4-(2,6-diphenyltelluropyran-4-ylidene)methyltelluropyrylium",7,,,,,NIST,,alkane,Aliphatic hydrocarbons,,
666,Rhodopsin,9.041392685,564-87-4,CC1=C(C(CCC1)(C)C)C=CC(=CC=CC(=CC=O)C)C,8,,NIST,1070,aldehyde,Oxygenated organics,"InChI=1S/C20H28O/c1-16(8-6-9-17(2)13-15-21)11-12-19-18(3)10-7-14-20(19,4)5/h6,8-9,11-13,15H,7,10,14H2,1-5H3",NCYCYZXNIZJOKI-UHFFFAOYSA-N
667,Luciferase,9.278753601,61970-00-1,CC(C)C(CO)NC1=NN2C(=NC=C2C3=CC=C(C=C3)C#N)C=C1,8,,NIST,46213588,imidazole,Heterocycles,"InChI=1S/C18H19N5O/c1-12(2)15(11-24)21-17-7-8-18-20-10-16(23(18)22-17)14-5-3-13(9-19)4-6-14/h3-8,10,12,15,24H,11H2,1-2H3,(H,21,22)",CQZVJEKKNHOFNB-UHFFFAOYSA-N
668,Cyanohemoglobin,9.071882007,,,7,,NIST,,metal complex,Others / Unassigned,,
669,"N,N,4-Trimethylaniline",8.041392685,99-97-8,CC1=CC=C(C=C1)N(C)C,,,NIST,7471,amine,Nitrogen-containing organics,"InChI=1S/C9H13N/c1-8-4-6-9(7-5-8)10(2)3/h4-7H,1-3H3",GYVGXEWAOAAJEU-UHFFFAOYSA-N
670,"[N,N'-Propylenebis(5-sulfosalicylideneiminato)]nickelate(II) disodium salt",9.113943352,98584-92-0,,,,NIST,,metal complex,Others / Unassigned,,
671,"[N,N'-o-Phenylenebis(5-sulfosalicylideneiminato)]nickelate(II) disodium salt",8,98508-43-1,,,,NIST,,metal complex,Others / Unassigned,,
672,"[N,N'-Ethylenebis(5-sulfosalicylideneiminato)]nickelate(II) disodium salt",9.204119983,98479-61-9,,,,NIST,,metal complex,Others / Unassigned,,
673,Indole-3-butyrate ion,7.857332496,98262-99-8,,7,,NIST,,heterocycle,Heterocycles,,
674,"2,5-Diphenyloxazole",8.204119983,92-71-7,C1=CC=C(C=C1)C2=CN=C(O2)C3=CC=CC=C3,,,NIST,7105,heterocycle,Heterocycles,InChI=1S/C15H11NO/c1-3-7-12(8-4-1)14-11-16-15(17-14)13-9-5-2-6-10-13/h1-11H,CNRNYORZJGVOSY-UHFFFAOYSA-N
675,"2,5-Diphenyloxazole",8.204119983,92-71-7,C1=CC=C(C=C1)C2=CN=C(O2)C3=CC=CC=C3,,,NIST,7105,heterocycle,Heterocycles,InChI=1S/C15H11NO/c1-3-7-12(8-4-1)14-11-16-15(17-14)13-9-5-2-6-10-13/h1-11H,CNRNYORZJGVOSY-UHFFFAOYSA-N
676,NADH dehydrogenase,8.230448921,9079-67-8,,7.4,,NIST,,Others,Others / Unassigned,,
677,Succinate dehydrogenase,9.136720567,,,7.4,,NIST,,dicarboxylic acid,Polyfunctional / highly functionalized,,
678,Mn(acac)2(H2O)2+,7.397940009,82931-96-2,,,,NIST,,metal complex,Others / Unassigned,,
679,Phosphatidylcholine,5.875061263,8002-43-5,CCCCCCCCCCCCCC(=O)OCC(COP(=O)([O-])OCC[N+](C)(C)C)OC(=O)CCCCCCCCCCCCC,,,NIST,26197,phosphorus,Phosphorus-containing organics,"InChI=1S/C36H72NO8P/c1-6-8-10-12-14-16-18-20-22-24-26-28-35(38)42-32-34(33-44-46(40,41)43-31-30-37(3,4)5)45-36(39)29-27-25-23-21-19-17-15-13-11-9-7-2/h34H,6-33H2,1-5H3",CITHEXJVPOWHKC-UHFFFAOYSA-N
680,NiCl2,7.477121255,7718-54-9,[Ni],,,NIST,935,metal complex,Others / Unassigned,InChI=1S/Ni,PXHVJJICTQNCMI-UHFFFAOYSA-N
681,2-Sulfonatophenyl-N-tert-butylnitrone,7.973127854,73475-11-3,CCC(C)/[N+](=C/C1=CC=CC=C1S(=O)(=O)[O-])/[O-].[Na+],,,NIST,6440287,sulfoxide,Sulfur-containing organics,"InChI=1S/C11H15NO4S.Na/c1-3-9(2)12(13)8-10-6-4-5-7-11(10)17(14,15)16;/h4-9H,3H2,1-2H3,(H,14,15,16);/q;+1/p-1/b12-8-;",VVIFXHAXWYYGLO-JCTPKUEWSA-M
682,Dimethyldithiocarbamate ion,7.903089987,7234-39-1,CC1CCC23CCC(=O)C2C1(C(CC(C(C3C)OC(=O)CBr)(C)C=C)O)C,7.1,,NIST,5250130,halogenated,Halogenated organics,"InChI=1S/C22H33BrO4/c1-6-20(4)11-16(25)21(5)13(2)7-9-22(10-8-15(24)18(21)22)14(3)19(20)27-17(26)12-23/h6,13-14,16,18-19,25H,1,7-12H2,2-5H3",NEGZOTNBRCHJSB-UHFFFAOYSA-N
683,Co(OAc)2,7.602059991,71-48-7,CC(=O)[O-].CC(=O)[O-].[Co+2],,,NIST,6277,metal complex,Others / Unassigned,"InChI=1S/2C2H4O2.Co/c2*1-2(3)4;/h2*1H3,(H,3,4);/q;;+2/p-2",QAHREYKOYSIQPH-UHFFFAOYSA-L
684,Methyl 4-methylphenyl sulfide,7.505149978,623-13-2,CC1=CC=C(C=C1)SC,,,NIST,69334,"sulfide, disulfide",Sulfur-containing organics,"InChI=1S/C8H10S/c1-7-3-5-8(9-2)6-4-7/h3-6H,1-2H3",VHILIAIEEYLJNA-UHFFFAOYSA-N
685,N-Methylthiourea,6.301029996,598-52-7,CSC(=N)N,7.1,,NIST,5142,sulfur-containing,Sulfur-containing organics,"InChI=1S/C2H6N2S/c1-5-2(3)4/h1H3,(H3,3,4)",SDDKIZNHOCEXTF-UHFFFAOYSA-N
686,Mn(acac)2(CH2ClCO2),7.431363764,56266-20-7,,,,NIST,,metal complex,Others / Unassigned,,
687,N-Allylurea,5.301029996,557-11-9,C=CCNC(=O)N,7.1,,NIST,11181,urea,Nitrogen-containing organics,"InChI=1S/C4H8N2O/c1-2-3-6-4(5)7/h2H,1,3H2,(H3,5,6,7)",VPJDULFXCAQHRC-UHFFFAOYSA-N
688,3-Amino-2-hydroxypropanethiol,5.903089987,55064-80-7,C(C(CS)O)N,,,NIST,22623510,amine,Nitrogen-containing organics,"InChI=1S/C3H9NOS/c4-1-3(5)2-6/h3,5-6H,1-2,4H2",PMMDDCFGXRBNRP-UHFFFAOYSA-N
689,Ni(OAc)2,7.301029996,373-02-4,CC(=O)[O-].CC(=O)[O-].[Ni+2],,,NIST,9756,metal complex,Others / Unassigned,"InChI=1S/2C2H4O2.Ni/c2*1-2(3)4;/h2*1H3,(H,3,4);/q;;+2/p-2",AIYYMMQIMJOTBM-UHFFFAOYSA-L
690,Mn(acac)2(OAc),7.342422681,34424-01-6,,,,NIST,,metal complex,Others / Unassigned,,
691,Mn(acac)2(CCl3CO2),7.342422681,32839-68-2,,,,NIST,,metal complex,Others / Unassigned,,
692,Ni(acac)2,8.176091259,3264-82-2,C1=CC=C(C=C1)C2(C3=CC=CC=C3C4=CC=CC=C42)Br,,,NIST,231624,metal complex,Others / Unassigned,InChI=1S/C19H13Br/c20-19(14-8-2-1-3-9-14)17-12-6-4-10-15(17)16-11-5-7-13-18(16)19/h1-13H,HYQXNCDBSALQLB-UHFFFAOYSA-N
693,4-(Aminomethylene)-3-methyl-1-phenyl-2-pyrazoline-5-thione,7.929418926,24628-84-0,,,,NIST,,benzene,Aromatic & PAHs,,
694,"2,2,6,6-Tetramethylpiperidin-4-ol",7.602059991,2403-88-5,CC1(CC(CC(N1)(C)C)O)C,8,,NIST,75471,amine,Nitrogen-containing organics,"InChI=1S/C9H19NO/c1-8(2)5-7(11)6-9(3,4)10-8/h7,10-11H,5-6H2,1-4H3",VDVUCLWJZJHFAV-UHFFFAOYSA-N
695,"4-(Methylthio)-N,N-dimethylaniline",8.556302501,2388-51-4,CN(C)C1=CC=C(C=C1)SC,,,NIST,137574,"sulfide, disulfide",Sulfur-containing organics,"InChI=1S/C9H13NS/c1-10(2)8-4-6-9(11-3)7-5-8/h4-7H,1-3H3",BZFWSDQZPYVFHP-UHFFFAOYSA-N
696,Cobalt(II) mesoporphyrin,9.176091259,21158-51-0,[H+].[H+].CCC1=C(C2=NC1=CC3=C(C(=C([N-]3)C=C4C(=C(C(=CC5=NC(=C2)C(=C5C)CC)[N-]4)C)CCC(=O)[O-])CCC(=O)[O-])C)C.[Co+2],,,NIST,161350,metal complex,Others / Unassigned,"InChI=1S/C34H38N4O4.Co/c1-7-21-17(3)25-13-26-19(5)23(9-11-33(39)40)31(37-26)16-32-24(10-12-34(41)42)20(6)28(38-32)15-30-22(8-2)18(4)27(36-30)14-29(21)35-25;/h13-16H,7-12H2,1-6H3,(H4,35,36,37,38,39,40,41,42);/q;+2/p-2",GAOAFKCXYKOYCK-UHFFFAOYSA-L
697,Nickel(II) mesoporphyrin,9,19414-13-2,,,,NIST,,metal complex,Others / Unassigned,,
698,4-Methoxyphenyl methyl sulfide,7.662757832,1879-16-9,COC1=CC=C(C=C1)SC,,,NIST,15885,"sulfide, disulfide",Sulfur-containing organics,"InChI=1S/C8H10OS/c1-9-7-3-5-8(10-2)6-4-7/h3-6H,1-2H3",DQNSKXYRRRCKGH-UHFFFAOYSA-N
699,"3-Methoxy-N,N-dimethylaniline",7.924279286,15799-79-8,CN(C)C1=CC(=CC=C1)OC,,,NIST,139977,ether,Oxygenated organics,"InChI=1S/C9H13NO/c1-10(2)8-5-4-6-9(7-8)11-3/h4-7H,1-3H3",MOYHVSKDHLMMPS-UHFFFAOYSA-N
700,Sodium dodecyl sulfate,9,151-21-3,CCCCCCCCCCCCOS(=O)(=O)O,,,NIST,8778,sulfoxide,Sulfur-containing organics,"InChI=1S/C12H26O4S/c1-2-3-4-5-6-7-8-9-10-11-12-16-17(13,14)15/h2-12H2,1H3,(H,13,14,15)",MOTZDAYCYVMXPC-UHFFFAOYSA-N
701,Cobalt(II) meso-tetraphenylporphyrin,8.477121255,14172-90-8,C1=CC=C(C=C1)C2=C3C=CC(=C(C4=NC(=C(C5=CC=C([N-]5)C(=C6C=CC2=N6)C7=CC=CC=C7)C8=CC=CC=C8)C=C4)C9=CC=CC=C9)[N-]3.[Co+2],,,NIST,518893,metal complex,Others / Unassigned,InChI=1S/C44H28N4.Co/c1-5-13-29(14-6-1)41-33-21-23-35(45-33)42(30-15-7-2-8-16-30)37-25-27-39(47-37)44(32-19-11-4-12-20-32)40-28-26-38(48-40)43(31-17-9-3-10-18-31)36-24-22-34(41)46-36;/h1-28H;/q-2;+2,LSZLYWSRWXFMOI-UHFFFAOYSA-N
702,Mn(acac)3,8.204119983,14024-58-9,CC(=O)CC(=O)C.CC(=O)CC(=O)C.[Mn],,,NIST,407386,metal complex,Others / Unassigned,"InChI=1S/2C5H8O2.Mn/c2*1-4(6)3-5(2)7;/h2*3H2,1-2H3;",DEMYNPLAFCOHPR-UHFFFAOYSA-N
703,Mercurochrome,8.307496038,129-16-8,C1=CC=C2C(=C1)C(=O)OC23C4=CC(=C(C=C4OC5=C(C(=C(C=C35)Br)[O-])[Hg])[O-])Br.O.[Na+].[Na+],,,NIST,8505,metal complex,Others / Unassigned,"InChI=1S/C20H9Br2O5.Hg.2Na.H2O/c21-13-5-11-17(7-15(13)23)26-18-8-16(24)14(22)6-12(18)20(11)10-4-2-1-3-9(10)19(25)27-20;;;;/h1-7,23-24H;;;;1H2/q;;2*+1;/p-2",BFMYDTVEBKDAKJ-UHFFFAOYSA-L
704,"2,6-Bis(1,1-dimethylethyl)-4-[1-[2,6-bis(1,1-dimethylethyl)thiopyran-4-ylidene]-3-propenyl]thiopyrylium",7.113943352,124620-02-6,,,,NIST,,alkane,Aliphatic hydrocarbons,,
705,Dodecyltrimethylammonium chloride,8.230448921,112-00-5,CCCCCCCCCCCC[N+](C)(C)C.[Cl-],,,NIST,8152,amine,Nitrogen-containing organics,"InChI=1S/C15H34N.ClH/c1-5-6-7-8-9-10-11-12-13-14-15-16(2,3)4;/h5-15H2,1-4H3;1H/q+1;/p-1",DDXLVDQZPFLQMZ-UHFFFAOYSA-M
706,4-(Methylthio)phenol,8.204119983,1073-72-9,CSC1=CC=C(C=C1)O,,,NIST,14086,phenol,Oxygenated organics,"InChI=1S/C7H8OS/c1-9-7-4-2-6(8)3-5-7/h2-5,8H,1H3",QASBCTGZKABPKX-UHFFFAOYSA-N
707,4-(Methylthio)phenol,8.113943352,1073-72-9,CSC1=CC=C(C=C1)O,,,NIST,14086,phenol,Oxygenated organics,"InChI=1S/C7H8OS/c1-9-7-4-2-6(8)3-5-7/h2-5,8H,1H3",QASBCTGZKABPKX-UHFFFAOYSA-N
708,Methyl phenyl sulfide,7.361727836,100-68-5,CSC1=CC=CC=C1,,,NIST,7520,"sulfide, disulfide",Sulfur-containing organics,"InChI=1S/C7H8S/c1-8-7-5-3-2-4-6-7/h2-6H,1H3",HNKJADCVZUBCPG-UHFFFAOYSA-N
709,"1,4-naphthalenedipropionic acid",5.127104798,118071-16-2,,,,NIST,,carboxylic acid,Oxygenated organics,,
710,"1,4-naphthalenedipropionic acid",4.763427994,118071-16-2,,,,NIST,,carboxylic acid,Oxygenated organics,,
711,"1,4-naphthalenedipropionic acid",4.77815125,118071-16-2,,,,NIST,,carboxylic acid,Oxygenated organics,,
712,"1,4-naphthalenedipropionic acid",6.152288344,118071-16-2,,,,NIST,,carboxylic acid,Oxygenated organics,,
713,"4-Methyl-2,6-dinitrophenoxide",7.155336037,609-93-8,CC1=CC(=C(C(=C1)[N+](=O)[O-])O)[N+](=O)[O-],,,NIST,11872,phenol,Oxygenated organics,"InChI=1S/C7H6N2O5/c1-4-2-5(8(11)12)7(10)6(3-4)9(13)14/h2-3,10H,1H3",HOYRZHJJAHRMLL-UHFFFAOYSA-N
714,2-benzylphenol,7.643452676,28994-41-4,,11,,NIST,,phenol,Oxygenated organics,,
715,4-Methyl-1-naphthalenepropionate ion endoperoxide,8.954242509,,,,,NIST,,alkane,Aliphatic hydrocarbons,,
716,5-Iminodaunomycin,9.544068044,72983-78-9,C[C@H]1[C@H]([C@H](C[C@@H](O1)O[C@H]2C[C@@](CC3=C2C(=C4C(=C3O)C(=O)C5=C(C4=N)C(=CC=C5)OC)O)(C(=O)C)O)N)O,7.8,,NIST,72400,phenol,Oxygenated organics,"InChI=1S/C27H30N2O9/c1-10-23(31)14(28)7-17(37-10)38-16-9-27(35,11(2)30)8-13-19(16)26(34)20-21(25(13)33)24(32)12-5-4-6-15(36-3)18(12)22(20)29/h4-6,10,14,16-17,23,29,31,33-35H,7-9,28H2,1-3H3/t10-,14-,16-,17-,23+,27-/m0/s1",BLLIIPIJZPKUEG-HPTNQIKVSA-N
717,5-Iminodaunomycin,9.505149978,72983-78-9,C[C@H]1[C@H]([C@H](C[C@@H](O1)O[C@H]2C[C@@](CC3=C2C(=C4C(=C3O)C(=O)C5=C(C4=N)C(=CC=C5)OC)O)(C(=O)C)O)N)O,7.8,,NIST,72400,phenol,Oxygenated organics,"InChI=1S/C27H30N2O9/c1-10-23(31)14(28)7-17(37-10)38-16-9-27(35,11(2)30)8-13-19(16)26(34)20-21(25(13)33)24(32)12-5-4-6-15(36-3)18(12)22(20)29/h4-6,10,14,16-17,23,29,31,33-35H,7-9,28H2,1-3H3/t10-,14-,16-,17-,23+,27-/m0/s1",BLLIIPIJZPKUEG-HPTNQIKVSA-N
718,"4,4'-Diacetamidostilbene-2,2'-disulfonate ion",5.255272505,,,,,NIST,,sulfoxide,Sulfur-containing organics,,
719,"4,4'-(4,7-Dihydro-5,6-dimethylisobenzofuran-1,3-diyl)bis(benzene-p-decanoate ion)",8.477121255,,,10,,NIST,,benzene,Aromatic & PAHs,,
720,"4,4'-(4,7-Dihydro-5,6-dimethylisobenzofuran-1,3-diyl)bis(benzene-p-decanoate ion)",7.851258349,,,10,,NIST,,benzene,Aromatic & PAHs,,
721,"Methyl salicylate, conjugate base",8.204119983,119-36-8,COC(=O)C1=CC=CC=C1O,10,,NIST,4133,phenol,Oxygenated organics,"InChI=1S/C8H8O3/c1-11-8(10)6-4-2-3-5-7(6)9/h2-5,9H,1H3",OSWPMRLSEDHDFF-UHFFFAOYSA-N
722,"9,10-Anthracenediethanesulfonate ion",7.672097858,,,,,NIST,,sulfoxide,Sulfur-containing organics,,
723,4-Chlororesorcinol,7.322219295,95-88-5,C1=CC(=C(C=C1O)O)Cl,,,NIST,1731,halogenated,Halogenated organics,"InChI=1S/C6H5ClO2/c7-5-2-1-4(8)3-6(5)9/h1-3,8-9H",JQVAPEJNIZULEK-UHFFFAOYSA-N
724,"4-bromo-2,6-dimethylphenol",9.414973348,2374-05-2,,11,,NIST,,halogenated,Halogenated organics,,
725,"4-bromo-2,6-dimethylphenol",8.591064607,2374-05-2,,11,,NIST,,halogenated,Halogenated organics,,
726,"9,10-Dimethylanthracene",8.301029996,781-43-1,CC1=C2C=CC=CC2=C(C3=CC=CC=C13)C,,,NIST,13076,benzene,Aromatic & PAHs,"InChI=1S/C16H14/c1-11-13-7-3-5-9-15(13)12(2)16-10-6-4-8-14(11)16/h3-10H,1-2H3",JTGMTYWYUZDRBK-UHFFFAOYSA-N
727,"9,10-Dimethylanthracene",8.301029996,781-43-1,CC1=C2C=CC=CC2=C(C3=CC=CC=C13)C,,,NIST,13076,benzene,Aromatic & PAHs,"InChI=1S/C16H14/c1-11-13-7-3-5-9-15(13)12(2)16-10-6-4-8-14(11)16/h3-10H,1-2H3",JTGMTYWYUZDRBK-UHFFFAOYSA-N
728,9-Methylanthracene,7.230448921,779-02-2,CC1=C2C=CC=CC2=CC3=CC=CC=C13,,,NIST,13068,benzene,Aromatic & PAHs,"InChI=1S/C15H12/c1-11-14-8-4-2-6-12(14)10-13-7-3-5-9-15(11)13/h2-10H,1H3",CPGPAVAKSZHMBP-UHFFFAOYSA-N
729,Bixin,9.84509804,6983-79-5,CC(=CC=CC=C(C)C=CC=C(C)C=CC(=O)OC)C=CC=C(C)C=CC(=O)O,7.8,,NIST,91556,carboxylic acid,Oxygenated organics,"InChI=1S/C25H30O4/c1-20(12-8-14-22(3)16-18-24(26)27)10-6-7-11-21(2)13-9-15-23(4)17-19-25(28)29-5/h6-19H,1-5H3,(H,26,27)",RAFGELQLHMBRHD-UHFFFAOYSA-N
730,4-methyl-2-nitrophenol,8.531478917,99-53-6,CC1=C(C=CC(=C1)[N+](=O)[O-])O,,,NIST,7442,phenol,Oxygenated organics,"InChI=1S/C7H7NO3/c1-5-4-6(8(10)11)2-3-7(5)9/h2-4,9H,1H3",KDQPMQNHVQVVMR-UHFFFAOYSA-N
731,4-methyl-2-nitrophenol,9.633468456,99-53-6,CC1=C(C=CC(=C1)[N+](=O)[O-])O,10,,NIST,7442,phenol,Oxygenated organics,"InChI=1S/C7H7NO3/c1-5-4-6(8(10)11)2-3-7(5)9/h2-4,9H,1H3",KDQPMQNHVQVVMR-UHFFFAOYSA-N
732,4-methyl-2-nitrophenol,7.77815125,99-53-6,CC1=C(C=CC(=C1)[N+](=O)[O-])O,,,NIST,7442,phenol,Oxygenated organics,"InChI=1S/C7H7NO3/c1-5-4-6(8(10)11)2-3-7(5)9/h2-4,9H,1H3",KDQPMQNHVQVVMR-UHFFFAOYSA-N
733,4-methyl-2-nitrophenol,7.447158031,99-53-6,CC1=C(C=CC(=C1)[N+](=O)[O-])O,10,,NIST,7442,phenol,Oxygenated organics,"InChI=1S/C7H7NO3/c1-5-4-6(8(10)11)2-3-7(5)9/h2-4,9H,1H3",KDQPMQNHVQVVMR-UHFFFAOYSA-N
734,Tyrosylglycine,7.477121255,673-08-5,CC1(CCCC1)O,10,,NIST,73830,alcohol,Oxygenated organics,"InChI=1S/C6H12O/c1-6(7)4-2-3-5-6/h7H,2-5H2,1H3",CAKWRXVKWGUISE-UHFFFAOYSA-N
735,Tyrosylglycine,7.633468456,673-08-5,CC1(CCCC1)O,11.5,,NIST,73830,alcohol,Oxygenated organics,"InChI=1S/C6H12O/c1-6(7)4-2-3-5-6/h7H,2-5H2,1H3",CAKWRXVKWGUISE-UHFFFAOYSA-N
736,Tyrosylglycine,7.633468456,673-08-5,CC1(CCCC1)O,11.5,,NIST,73830,alcohol,Oxygenated organics,"InChI=1S/C6H12O/c1-6(7)4-2-3-5-6/h7H,2-5H2,1H3",CAKWRXVKWGUISE-UHFFFAOYSA-N
737,3-Chloro-5-methoxyphenol,3,65262-96-6,COC1=CC(=CC(=C1)O)Cl,,,NIST,103339,halogenated,Halogenated organics,"InChI=1S/C7H7ClO2/c1-10-7-3-5(8)2-6(9)4-7/h2-4,9H,1H3",LZVYZZFCAMPFOQ-UHFFFAOYSA-N
738,"9-cis-6,6'-Diapocarotene",9.77815125,,,7.8,,NIST,,alkene,Aliphatic hydrocarbons,,
739,"2,2'-dihydroxybiphenyl",7.342422681,1806-29-7,C1=CC=C(C(=C1)C2=CC=CC=C2O)O,11,,NIST,15731,phenol,Oxygenated organics,"InChI=1S/C12H10O2/c13-11-7-3-1-5-9(11)10-6-2-4-8-12(10)14/h1-8,13-14H",IMHDGJOMLMDPJN-UHFFFAOYSA-N
740,"4-Chloro-1,3-benzenediol",7.230448921,95-88-5,C1=CC(=C(C=C1O)O)Cl,,,NIST,1731,halogenated,Halogenated organics,"InChI=1S/C6H5ClO2/c7-5-2-1-4(8)3-6(5)9/h1-3,8-9H",JQVAPEJNIZULEK-UHFFFAOYSA-N
741,"9,10-Dimethylbenz[a]anthracene",9.397940009,57-97-6,CC1=C2C=CC3=CC=CC=C3C2=C(C4=CC=CC=C14)C,,,NIST,6001,benzene,Aromatic & PAHs,"InChI=1S/C20H16/c1-13-16-8-5-6-9-17(16)14(2)20-18(13)12-11-15-7-3-4-10-19(15)20/h3-12H,1-2H3",ARSRBNBHOADGJU-UHFFFAOYSA-N
742,3-Hydroxyflavone,8.361727836,577-85-5,C1=CC=C(C=C1)C2=C(C(=O)C3=CC=CC=C3O2)O,12,,NIST,11349,phenol,Oxygenated organics,"InChI=1S/C15H10O3/c16-13-11-8-4-5-9-12(11)18-15(14(13)17)10-6-2-1-3-7-10/h1-9,17H",HVQAJTFOCKOKIN-UHFFFAOYSA-N
743,"1,4-Dimethylnaphthalene",5.371067862,571-58-4,CC1=CC=C(C2=CC=CC=C12)C,,,NIST,11304,benzene,Aromatic & PAHs,"InChI=1S/C12H12/c1-9-7-8-10(2)12-6-4-3-5-11(9)12/h3-8H,1-2H3",APQSQLNWAIULLK-UHFFFAOYSA-N
744,"1,4-Dimethylnaphthalene",5.56937391,571-58-4,CC1=CC=C(C2=CC=CC=C12)C,,,NIST,11304,benzene,Aromatic & PAHs,"InChI=1S/C12H12/c1-9-7-8-10(2)12-6-4-3-5-11(9)12/h3-8H,1-2H3",APQSQLNWAIULLK-UHFFFAOYSA-N
745,"1,4-Dimethylnaphthalene",5.103803721,571-58-4,CC1=CC=C(C2=CC=CC=C12)C,,,NIST,11304,benzene,Aromatic & PAHs,"InChI=1S/C12H12/c1-9-7-8-10(2)12-6-4-3-5-11(9)12/h3-8H,1-2H3",APQSQLNWAIULLK-UHFFFAOYSA-N
746,Crocin,9.707570176,42553-65-1,CC(=CC=CC=C(C)C=CC=C(C)C(=O)OC1C(C(C(C(O1)COC2C(C(C(C(O2)CO)O)O)O)O)O)O)C=CC=C(C)C(=O)OC3C(C(C(C(O3)COC4C(C(C(C(O4)CO)O)O)O)O)O)O,7.4,,NIST,3510570,ester,Oxygenated organics,"InChI=1S/C44H64O24/c1-19(11-7-13-21(3)39(59)67-43-37(57)33(53)29(49)25(65-43)17-61-41-35(55)31(51)27(47)23(15-45)63-41)9-5-6-10-20(2)12-8-14-22(4)40(60)68-44-38(58)34(54)30(50)26(66-44)18-62-42-36(56)32(52)28(48)24(16-46)64-42/h5-14,23-38,41-58H,15-18H2,1-4H3",SEBIKDIMAPSUBY-UHFFFAOYSA-N
747,3-Nitrophenol,6.431363764,554-84-7,C1=CC(=CC(=C1)O)[N+](=O)[O-],,,NIST,11137,phenol,Oxygenated organics,"InChI=1S/C6H5NO3/c8-6-3-1-2-5(4-6)7(9)10/h1-4,8H",RTZZCYNQPHTPPL-UHFFFAOYSA-N
748,2-Methoxyphenoxide,8.643452676,,,,,NIST,,phenol,Oxygenated organics,,
749,"1,3-Diphenylisobenzofuran",8.838849091,5471-63-6,C1=CC=C(C=C1)C2=C3C=CC=CC3=C(O2)C4=CC=CC=C4,,,NIST,21649,furan,Heterocycles,InChI=1S/C20H14O/c1-3-9-15(10-4-1)19-17-13-7-8-14-18(17)20(21-19)16-11-5-2-6-12-16/h1-14H,ZKSVYBRJSMBDMV-UHFFFAOYSA-N
750,"1,3-Diphenylisobenzofuran",9.707570176,5471-63-6,C1=CC=C(C=C1)C2=C3C=CC=CC3=C(O2)C4=CC=CC=C4,,,NIST,21649,furan,Heterocycles,InChI=1S/C20H14O/c1-3-9-15(10-4-1)19-17-13-7-8-14-18(17)20(21-19)16-11-5-2-6-12-16/h1-14H,ZKSVYBRJSMBDMV-UHFFFAOYSA-N
751,"2,6-dichlorophenol",7.755874856,87-65-0,C1=CC(=C(C(=C1)Cl)O)Cl,10,,NIST,6899,halogenated,Halogenated organics,"InChI=1S/C6H4Cl2O/c7-4-2-1-3-5(8)6(4)9/h1-3,9H",HOLHYSJJBXSLMV-UHFFFAOYSA-N
752,"4,4'-Diaminostilbene-2,2'-disulfonate ion",6.278753601,,,,,NIST,,sulfoxide,Sulfur-containing organics,,
753,"2-methyl-4,6-dinitrophenol",5.096910013,534-52-1,CC1=CC(=CC(=C1O)[N+](=O)[O-])[N+](=O)[O-],,,NIST,10800,phenol,Oxygenated organics,"InChI=1S/C7H6N2O5/c1-4-2-5(8(11)12)3-6(7(4)10)9(13)14/h2-3,10H,1H3",ZXVONLUNISGICL-UHFFFAOYSA-N
754,2-Phenylphenoxide ion,5.505149978,46175-93-3,C1=CC=C(C=C1)C2=CC=CC=C2[O-],8,,NIST,4141522,phenol,Oxygenated organics,"InChI=1S/C12H10O/c13-12-9-5-4-8-11(12)10-6-2-1-3-7-10/h1-9,13H/p-1",LLEMOWNGBBNAJR-UHFFFAOYSA-M
755,2-Phenylphenoxide ion,6.505149978,46175-93-3,C1=CC=C(C=C1)C2=CC=CC=C2[O-],9,,NIST,4141522,phenol,Oxygenated organics,"InChI=1S/C12H10O/c13-12-9-5-4-8-11(12)10-6-2-1-3-7-10/h1-9,13H/p-1",LLEMOWNGBBNAJR-UHFFFAOYSA-M
756,2-Phenylphenoxide ion,6.505149978,46175-93-3,C1=CC=C(C=C1)C2=CC=CC=C2[O-],9,,NIST,4141522,phenol,Oxygenated organics,"InChI=1S/C12H10O/c13-12-9-5-4-8-11(12)10-6-2-1-3-7-10/h1-9,13H/p-1",LLEMOWNGBBNAJR-UHFFFAOYSA-M
757,2-Phenylphenoxide ion,6.770852012,46175-93-3,C1=CC=C(C=C1)C2=CC=CC=C2[O-],10,,NIST,4141522,phenol,Oxygenated organics,"InChI=1S/C12H10O/c13-12-9-5-4-8-11(12)10-6-2-1-3-7-10/h1-9,13H/p-1",LLEMOWNGBBNAJR-UHFFFAOYSA-M
758,2-Phenylphenoxide ion,6.770852012,46175-93-3,C1=CC=C(C=C1)C2=CC=CC=C2[O-],10,,NIST,4141522,phenol,Oxygenated organics,"InChI=1S/C12H10O/c13-12-9-5-4-8-11(12)10-6-2-1-3-7-10/h1-9,13H/p-1",LLEMOWNGBBNAJR-UHFFFAOYSA-M
759,2-Phenylphenoxide ion,7.643452676,46175-93-3,C1=CC=C(C=C1)C2=CC=CC=C2[O-],11,,NIST,4141522,phenol,Oxygenated organics,"InChI=1S/C12H10O/c13-12-9-5-4-8-11(12)10-6-2-1-3-7-10/h1-9,13H/p-1",LLEMOWNGBBNAJR-UHFFFAOYSA-M
760,2-Phenylphenoxide ion,7.643452676,46175-93-3,C1=CC=C(C=C1)C2=CC=CC=C2[O-],11,,NIST,4141522,phenol,Oxygenated organics,"InChI=1S/C12H10O/c13-12-9-5-4-8-11(12)10-6-2-1-3-7-10/h1-9,13H/p-1",LLEMOWNGBBNAJR-UHFFFAOYSA-M
761,4-Acetoxymethyl-2-(phenylmethyl)furan,8.915927212,,,,,NIST,,furan,Heterocycles,,
762,4-tert-butylphenol,8.550228353,98-54-4,CC(C)(C)C1=CC=C(C=C1)O,,,NIST,7393,phenol,Oxygenated organics,"InChI=1S/C10H14O/c1-10(2,3)8-4-6-9(11)7-5-8/h4-7,11H,1-3H3",QHPQWRBYOIRBIT-UHFFFAOYSA-N
763,"2,6-dimethylphenol",9.447158031,576-26-1,CC1=C(C(=CC=C1)C)O,11,,NIST,11335,phenol,Oxygenated organics,"InChI=1S/C8H10O/c1-6-4-3-5-7(2)8(6)9/h3-5,9H,1-2H3",NXXYKOUNUYWIHA-UHFFFAOYSA-N
764,"2,6-dimethylphenol",8.290034611,576-26-1,CC1=C(C(=CC=C1)C)O,11,,NIST,11335,phenol,Oxygenated organics,"InChI=1S/C8H10O/c1-6-4-3-5-7(2)8(6)9/h3-5,9H,1-2H3",NXXYKOUNUYWIHA-UHFFFAOYSA-N
765,4-Hydroxymethyl-2-(phenylmethyl)furan,8.195899652,,,,,NIST,,furan,Heterocycles,,
766,"2,4-dinitrophenol",5.607455023,51-28-5,C1=CC(=C(C=C1[N+](=O)[O-])[N+](=O)[O-])O,,,NIST,1493,phenol,Oxygenated organics,"InChI=1S/C6H4N2O5/c9-6-2-1-4(7(10)11)3-5(6)8(12)13/h1-3,9H",UFBJCMHMOXMLKC-UHFFFAOYSA-N
767,4-tert-butylphenol,7.372912003,98-54-4,CC(C)(C)C1=CC=C(C=C1)O,,,NIST,7393,phenol,Oxygenated organics,"InChI=1S/C10H14O/c1-10(2,3)8-4-6-9(11)7-5-8/h4-7,11H,1-3H3",QHPQWRBYOIRBIT-UHFFFAOYSA-N
768,Methyl salicylate,6.301029996,119-36-8,COC(=O)C1=CC=CC=C1O,,,NIST,4133,phenol,Oxygenated organics,"InChI=1S/C8H8O3/c1-11-8(10)6-4-2-3-5-7(6)9/h2-5,9H,1H3",OSWPMRLSEDHDFF-UHFFFAOYSA-N
769,"9,10-anthracenedipropionic acid",8.079181246,71367-28-7,,6.8,,NIST,,carboxylic acid,Oxygenated organics,,
770,"2,5-Dihydroxybiphenyl",7.380211242,1079-21-6,C1=CC=C(C=C1)C2=C(C=CC(=C2)O)O,8,,NIST,14116,phenol,Oxygenated organics,"InChI=1S/C12H10O2/c13-10-6-7-12(14)11(8-10)9-4-2-1-3-5-9/h1-8,13-14H",XCZKKZXWDBOGPA-UHFFFAOYSA-N
771,3-Hydroxydiphenylamine,7.480006943,101-18-8,C1=CC=C(C=C1)NC2=CC(=CC=C2)O,,,NIST,7546,phenol,Oxygenated organics,"InChI=1S/C12H11NO/c14-12-8-4-7-11(9-12)13-10-5-2-1-3-6-10/h1-9,13-14H",NDACNGSDAFKTGE-UHFFFAOYSA-N
772,4-iodophenol,9,540-38-5,C1=CC(=CC=C1O)I,11,,NIST,10894,halogenated,Halogenated organics,"InChI=1S/C6H5IO/c7-5-1-3-6(8)4-2-5/h1-4,8H",VSMDINRNYYEDRN-UHFFFAOYSA-N
773,4-iodophenol,7.903089987,540-38-5,C1=CC(=CC=C1O)I,11,,NIST,10894,halogenated,Halogenated organics,"InChI=1S/C6H5IO/c7-5-1-3-6(8)4-2-5/h1-4,8H",VSMDINRNYYEDRN-UHFFFAOYSA-N
774,"2,6-dimethoxyphenol",8.936010796,91-10-1,,,,NIST,,phenol,Oxygenated organics,,
775,Tyramine,8.447158031,51-67-2,C1=CC(=CC=C1CCN)O,10,,NIST,5610,phenol,Oxygenated organics,"InChI=1S/C8H11NO/c9-6-5-7-1-3-8(10)4-2-7/h1-4,10H,5-6,9H2",DZGWFCGJZKJUFP-UHFFFAOYSA-N
776,2-Nitrophenol,6.113943352,88-75-5,C1=CC=C(C(=C1)[N+](=O)[O-])O,,,NIST,6947,phenol,Oxygenated organics,"InChI=1S/C6H5NO3/c8-6-4-2-1-3-5(6)7(9)10/h1-4,8H",IQUPABOKLQSFBK-UHFFFAOYSA-N
777,"4-Methoxy-N,N-dimethylaniline",8.643452676,701-56-4,CN(C)C1=CC=C(C=C1)OC,,,NIST,69700,ether,Oxygenated organics,"InChI=1S/C9H13NO/c1-10(2)8-4-6-9(11-3)7-5-8/h4-7H,1-3H3",ZTKDMNHEQMILPE-UHFFFAOYSA-N
778,Merocyanine 540,9.650307523,62796-23-0,CCCCN1C(=O)C(=CC=CC=C2N(C3=CC=CC=C3O2)CCCS(=O)(=O)[O-])C(=O)N(C1=S)CCCC.[Na+],,,NIST,4072,sulfoxide,Sulfur-containing organics,"InChI=1S/C26H33N3O6S2.Na/c1-3-5-16-28-24(30)20(25(31)29(26(28)36)17-6-4-2)12-7-10-15-23-27(18-11-19-37(32,33)34)21-13-8-9-14-22(21)35-23;/h7-10,12-15H,3-6,11,16-19H2,1-2H3,(H,32,33,34);/q;+1/p-1",OSQUFVVXNRMSHL-UHFFFAOYSA-M
779,Merocyanine 540,9.765668555,62796-23-0,CCCCN1C(=O)C(=CC=CC=C2N(C3=CC=CC=C3O2)CCCS(=O)(=O)[O-])C(=O)N(C1=S)CCCC.[Na+],,,NIST,4072,sulfoxide,Sulfur-containing organics,"InChI=1S/C26H33N3O6S2.Na/c1-3-5-16-28-24(30)20(25(31)29(26(28)36)17-6-4-2)12-7-10-15-23-27(18-11-19-37(32,33)34)21-13-8-9-14-22(21)35-23;/h7-10,12-15H,3-6,11,16-19H2,1-2H3,(H,32,33,34);/q;+1/p-1",OSQUFVVXNRMSHL-UHFFFAOYSA-M
780,Merocyanine 540,7.477121255,62796-23-0,CCCCN1C(=O)C(=CC=CC=C2N(C3=CC=CC=C3O2)CCCS(=O)(=O)[O-])C(=O)N(C1=S)CCCC.[Na+],,,NIST,4072,sulfoxide,Sulfur-containing organics,"InChI=1S/C26H33N3O6S2.Na/c1-3-5-16-28-24(30)20(25(31)29(26(28)36)17-6-4-2)12-7-10-15-23-27(18-11-19-37(32,33)34)21-13-8-9-14-22(21)35-23;/h7-10,12-15H,3-6,11,16-19H2,1-2H3,(H,32,33,34);/q;+1/p-1",OSQUFVVXNRMSHL-UHFFFAOYSA-M
781,Merocyanine 540,7.968015714,62796-23-0,CCCCN1C(=O)C(=CC=CC=C2N(C3=CC=CC=C3O2)CCCS(=O)(=O)[O-])C(=O)N(C1=S)CCCC.[Na+],,,NIST,4072,sulfoxide,Sulfur-containing organics,"InChI=1S/C26H33N3O6S2.Na/c1-3-5-16-28-24(30)20(25(31)29(26(28)36)17-6-4-2)12-7-10-15-23-27(18-11-19-37(32,33)34)21-13-8-9-14-22(21)35-23;/h7-10,12-15H,3-6,11,16-19H2,1-2H3,(H,32,33,34);/q;+1/p-1",OSQUFVVXNRMSHL-UHFFFAOYSA-M
782,dimethylcarbene,8.041392685,40852-89-9,,7,,NIST,,alkane,Aliphatic hydrocarbons,,
783,Pentachlorophenoxide ion,7.971275849,46012-02-6,C1(=C(C(=C(C(=C1Cl)Cl)Cl)Cl)Cl)[O-],,,NIST,4269236,halogenated,Halogenated organics,InChI=1S/C6HCl5O/c7-1-2(8)4(10)6(12)5(11)3(1)9/h12H/p-1,IZUPBVBPLAPZRR-UHFFFAOYSA-M
784,Rose Bengal dianion,7.176091259,632-69-9,C1=C2C(=C3C=C(C(=O)C(=C3OC2=C(C(=C1I)[O-])I)I)I)C4=C(C(=C(C(=C4Cl)Cl)Cl)Cl)C(=O)[O-].[K+].[K+],,,NIST,25473,halogenated,Halogenated organics,"InChI=1S/C20H4Cl4I4O5.2K/c21-10-8(9(20(31)32)11(22)13(24)12(10)23)7-3-1-5(25)16(29)14(27)18(3)33-19-4(7)2-6(26)17(30)15(19)28;;/h1-2,29H,(H,31,32);;/q;2*+1/p-2",AZJPTIGZZTZIDR-UHFFFAOYSA-L
785,6-(Flucycline) luciferin,7.903089987,,,7.1,,NIST,,sulfur-containing,Sulfur-containing organics,,
786,"2-Methyl-6-phenylimidazo[1,2-a]pyrazin-3-one",9.46834733,,,5.4,,NIST,,alkane,Aliphatic hydrocarbons,,
787,"2-Methyl-6-phenylimidazo[1,2-a]pyrazin-3-one",8.799340549,,,7.1,,NIST,,alkane,Aliphatic hydrocarbons,,
788,DNA,5.707570176,,,7,,NIST,,Others,Others / Unassigned,,
789,DNA,6.361727836,,,10.5,,NIST,,Others,Others / Unassigned,,
790,DNA,6.361727836,,,10.5,,NIST,,Others,Others / Unassigned,,
791,Flavocytochrome b2 (Fe3+),8.146128036,,,7.4,,NIST,,metal complex,Others / Unassigned,,
792,Lysozyme,8.643452676,12650-88-3,CCC(C)C(C(=O)NC(CCCNC(=N)N)C(=O)NC(C)C(=O)NC(CC1=CNC2=CC=CC=C21)C(=O)NC(C(C)C)C(=O)NC(C)C(=O)NC(CC3=CNC4=CC=CC=C43)C(=O)NC(CCCNC(=N)N)C(=O)NC(CC(=O)N)C(=O)NC(CCCNC(=N)N)C(=O)O)NC(=O)CNC(=O)C(CCC(=O)N)NC(=O)C5CCCN5C(=O)C(CC(=O)O)NC(=O)C(CCCNC(=N)N)NC(=O)C(C(C)C)NC(=O)C(C(C)C)NC(=O)C(CCCNC(=N)N)N,5.9,,NIST,91976556,amide,Nitrogen-containing organics,"InChI=1S/C99H159N37O23/c1-11-50(8)77(132-72(139)46-120-81(145)63(32-33-70(101)137)124-88(152)69-31-21-39-136(69)93(157)68(43-73(140)141)131-84(148)62(29-19-37-116-98(109)110)125-90(154)75(48(4)5)135-91(155)76(49(6)7)133-80(144)57(100)24-16-34-113-95(103)104)92(156)126-60(27-17-35-114-96(105)106)82(146)121-51(9)78(142)129-66(41-54-45-119-59-26-15-13-23-56(54)59)87(151)134-74(47(2)3)89(153)122-52(10)79(143)128-65(40-53-44-118-58-25-14-12-22-55(53)58)85(149)123-61(28-18-36-115-97(107)108)83(147)130-67(42-71(102)138)86(150)127-64(94(158)159)30-20-38-117-99(111)112/h12-15,22-23,25-26,44-45,47-52,57,60-69,74-77,118-119H,11,16-21,24,27-43,46,100H2,1-10H3,(H2,101,137)(H2,102,138)(H,120,145)(H,121,146)(H,122,153)(H,123,149)(H,124,152)(H,125,154)(H,126,156)(H,127,150)(H,128,143)(H,129,142)(H,130,147)(H,131,148)(H,132,139)(H,133,144)(H,134,151)(H,135,155)(H,140,141)(H,158,159)(H4,103,104,113)(H4,105,106,114)(H4,107,108,115)(H4,109,110,116)(H4,111,112,117)",ZJCXKXFAOCLSRV-UHFFFAOYSA-N
793,Lysozyme,8.113943352,12650-88-3,CCC(C)C(C(=O)NC(CCCNC(=N)N)C(=O)NC(C)C(=O)NC(CC1=CNC2=CC=CC=C21)C(=O)NC(C(C)C)C(=O)NC(C)C(=O)NC(CC3=CNC4=CC=CC=C43)C(=O)NC(CCCNC(=N)N)C(=O)NC(CC(=O)N)C(=O)NC(CCCNC(=N)N)C(=O)O)NC(=O)CNC(=O)C(CCC(=O)N)NC(=O)C5CCCN5C(=O)C(CC(=O)O)NC(=O)C(CCCNC(=N)N)NC(=O)C(C(C)C)NC(=O)C(C(C)C)NC(=O)C(CCCNC(=N)N)N,,,NIST,91976556,amide,Nitrogen-containing organics,"InChI=1S/C99H159N37O23/c1-11-50(8)77(132-72(139)46-120-81(145)63(32-33-70(101)137)124-88(152)69-31-21-39-136(69)93(157)68(43-73(140)141)131-84(148)62(29-19-37-116-98(109)110)125-90(154)75(48(4)5)135-91(155)76(49(6)7)133-80(144)57(100)24-16-34-113-95(103)104)92(156)126-60(27-17-35-114-96(105)106)82(146)121-51(9)78(142)129-66(41-54-45-119-59-26-15-13-23-56(54)59)87(151)134-74(47(2)3)89(153)122-52(10)79(143)128-65(40-53-44-118-58-25-14-12-22-55(53)58)85(149)123-61(28-18-36-115-97(107)108)83(147)130-67(42-71(102)138)86(150)127-64(94(158)159)30-20-38-117-99(111)112/h12-15,22-23,25-26,44-45,47-52,57,60-69,74-77,118-119H,11,16-21,24,27-43,46,100H2,1-10H3,(H2,101,137)(H2,102,138)(H,120,145)(H,121,146)(H,122,153)(H,123,149)(H,124,152)(H,125,154)(H,126,156)(H,127,150)(H,128,143)(H,129,142)(H,130,147)(H,131,148)(H,132,139)(H,133,144)(H,134,151)(H,135,155)(H,140,141)(H,158,159)(H4,103,104,113)(H4,105,106,114)(H4,107,108,115)(H4,109,110,116)(H4,111,112,117)",ZJCXKXFAOCLSRV-UHFFFAOYSA-N
794,Cytochrome C oxidase,8,9001-16-5,,7.4,,NIST,,metal complex,Others / Unassigned,,
795,Glycyl-methionine,7.176091259,39630-47-2,,,,NIST,,"sulfide, disulfide",Sulfur-containing organics,,
796,Glycyl-methionine,7.954242509,39630-47-2,,7,,NIST,,"sulfide, disulfide",Sulfur-containing organics,,
797,Glycyl-methionine,6.176091259,39630-47-2,,,,NIST,,"sulfide, disulfide",Sulfur-containing organics,,
798,Glycyl-methionine,7.113943352,39630-47-2,,7,,NIST,,"sulfide, disulfide",Sulfur-containing organics,,
799,Tryptophylglycine,7.51851394,7360-09-0,C1=CC=C2C(=C1)C(=CN2)C[C@@H](C(=O)NCC(=O)O)N,7,,NIST,97054,amide,Nitrogen-containing organics,"InChI=1S/C13H15N3O3/c14-10(13(19)16-7-12(17)18)5-8-6-15-11-4-2-1-3-9(8)11/h1-4,6,10,15H,5,7,14H2,(H,16,19)(H,17,18)/t10-/m0/s1",UYKREHOKELZSPB-JTQLQIEISA-N
800,indole-3-propionic acid,7.86332286,830-96-6,C1=CC=C2C(=C1)C(=CN2)CCC(=O)O,7,,NIST,3744,heterocycle,Heterocycles,"InChI=1S/C11H11NO2/c13-11(14)6-5-8-7-12-10-4-2-1-3-9(8)10/h1-4,7,12H,5-6H2,(H,13,14)",GOLXRNDWAUTYKT-UHFFFAOYSA-N
801,Ferrocytochrome C,8.748188027,9007-43-6,CC1=C(C2=CC3=C(C(=C([N-]3)C=C4C(=C(C(=N4)C=C5C(=C(C(=N5)C=C1[N-]2)C)C(C)SCC(C(=O)NC)N)C)C(C)SCC(C(=O)NC)N)C)CCC(=O)O)CCC(=O)O.[Fe+2],7.4,,NIST,16057918,metal complex,Others / Unassigned,"InChI=1S/C42H54N8O6S2.Fe/c1-19-25(9-11-37(51)52)33-16-34-26(10-12-38(53)54)20(2)30(48-34)14-35-40(24(6)58-18-28(44)42(56)46-8)22(4)32(50-35)15-36-39(21(3)31(49-36)13-29(19)47-33)23(5)57-17-27(43)41(55)45-7;/h13-16,23-24,27-28H,9-12,17-18,43-44H2,1-8H3,(H6,45,46,47,48,49,50,51,52,53,54,55,56);/q;+2/p-2",WFVBWSTZNVJEAY-UHFFFAOYSA-L
802,9-anthroic acid,7.301029996,71-48-7,CC(=O)[O-].CC(=O)[O-].[Co+2],,,NIST,6277,carboxylic acid,Oxygenated organics,"InChI=1S/2C2H4O2.Co/c2*1-2(3)4;/h2*1H3,(H,3,4);/q;;+2/p-2",QAHREYKOYSIQPH-UHFFFAOYSA-L
803,4-(2-Pyridyl-N-oxide)-N-tert-butylnitrone,8.079181246,3376-24-7,CC(C)(C)[N+](=CC1=CC=CC=C1)[O-],,,NIST,4390,pyridine,Heterocycles,"InChI=1S/C11H15NO/c1-11(2,3)12(13)9-10-7-5-4-6-8-10/h4-9H,1-3H3",IYSYLWYGCWTJSG-UHFFFAOYSA-N
804,Indole-3-acetate ion,9,93672-51-6,C1=CC=C2C(=C1)C(=CN2)CC(=O)[O-],7,,NIST,801,heterocycle,Heterocycles,"InChI=1S/C10H9NO2/c12-10(13)5-7-6-11-9-4-2-1-3-8(7)9/h1-4,6,11H,5H2,(H,12,13)/p-1",SEOVTRFCIGRIMH-UHFFFAOYSA-M
805,Indole-3-acetate ion,7.963787827,93672-51-6,C1=CC=C2C(=C1)C(=CN2)CC(=O)[O-],7,,NIST,801,heterocycle,Heterocycles,"InChI=1S/C10H9NO2/c12-10(13)5-7-6-11-9-4-2-1-3-8(7)9/h1-4,6,11H,5H2,(H,12,13)/p-1",SEOVTRFCIGRIMH-UHFFFAOYSA-M
806,Glycyl-histidine,7.579783597,2489-13-6,C1=NC=NC1C[C@@H](C(=O)O)NC(=O)CN,,,NIST,142774,amide,Nitrogen-containing organics,"InChI=1S/C8H12N4O3/c9-2-7(13)12-6(8(14)15)1-5-3-10-4-11-5/h3-6H,1-2,9H2,(H,12,13)(H,14,15)/t5?,6-/m0/s1",RXAOVSDTBKWPLP-GDVGLLTNSA-N
807,Glycyl-histidine,8.361727836,2489-13-6,C1=NC=NC1C[C@@H](C(=O)O)NC(=O)CN,7,,NIST,142774,amide,Nitrogen-containing organics,"InChI=1S/C8H12N4O3/c9-2-7(13)12-6(8(14)15)1-5-3-10-4-11-5/h3-6H,1-2,9H2,(H,12,13)(H,14,15)/t5?,6-/m0/s1",RXAOVSDTBKWPLP-GDVGLLTNSA-N
808,Glycyl-histidine,6.963787827,2489-13-6,C1=NC=NC1C[C@@H](C(=O)O)NC(=O)CN,,,NIST,142774,amide,Nitrogen-containing organics,"InChI=1S/C8H12N4O3/c9-2-7(13)12-6(8(14)15)1-5-3-10-4-11-5/h3-6H,1-2,9H2,(H,12,13)(H,14,15)/t5?,6-/m0/s1",RXAOVSDTBKWPLP-GDVGLLTNSA-N
809,Glycyl-histidine,7.919078092,2489-13-6,C1=NC=NC1C[C@@H](C(=O)O)NC(=O)CN,7,,NIST,142774,amide,Nitrogen-containing organics,"InChI=1S/C8H12N4O3/c9-2-7(13)12-6(8(14)15)1-5-3-10-4-11-5/h3-6H,1-2,9H2,(H,12,13)(H,14,15)/t5?,6-/m0/s1",RXAOVSDTBKWPLP-GDVGLLTNSA-N
810,Ascorbate ion,6.919078092,299-36-5,COC1=CC(=CC(=C1O)OC)[C@H]2[C@@H]3[C@H](COC3=O)[C@@H](C4=CC5=C(C=C24)OCO5)OC6C(C(C7C(O6)COC(O7)C8=CC=CS8)O)O,6.8,,NIST,275784,ester,Oxygenated organics,"InChI=1S/C32H32O13S/c1-37-19-6-13(7-20(38-2)25(19)33)23-14-8-17-18(42-12-41-17)9-15(14)28(16-10-39-30(36)24(16)23)44-32-27(35)26(34)29-21(43-32)11-40-31(45-29)22-4-3-5-46-22/h3-9,16,21,23-24,26-29,31-35H,10-12H2,1-2H3/t16-,21?,23+,24-,26?,27?,28+,29?,31?,32?/m0/s1",NRUKOCRGYNPUPR-CRZAWEBOSA-N
811,Glycyltryptophan,8.301029996,2390-74-1,C1=CC=C2C(=C1)C(=CN2)C[C@@H](C(=O)O)NC(=O)CN,7,,NIST,92181,amide,Nitrogen-containing organics,"InChI=1S/C13H15N3O3/c14-6-12(17)16-11(13(18)19)5-8-7-15-10-4-2-1-3-9(8)10/h1-4,7,11,15H,5-6,14H2,(H,16,17)(H,18,19)/t11-/m0/s1",AJHCSUXXECOXOY-NSHDSACASA-N
812,Glycyltryptophan,7.707570176,2390-74-1,C1=CC=C2C(=C1)C(=CN2)C[C@@H](C(=O)O)NC(=O)CN,7,,NIST,92181,amide,Nitrogen-containing organics,"InChI=1S/C13H15N3O3/c14-6-12(17)16-11(13(18)19)5-8-7-15-10-4-2-1-3-9(8)10/h1-4,7,11,15H,5-6,14H2,(H,16,17)(H,18,19)/t11-/m0/s1",AJHCSUXXECOXOY-NSHDSACASA-N
813,4-Hydroxyacetophenone,6.176091259,99-93-4,CC(=O)C1=CC=C(C=C1)O,,,NIST,7469,phenol,Oxygenated organics,"InChI=1S/C8H8O2/c1-6(9)7-2-4-8(10)5-3-7/h2-5,10H,1H3",TXFPEBPIARQUIG-UHFFFAOYSA-N
814,4-tert-Butylphenol,6,98-54-4,CC(C)(C)C1=CC=C(C=C1)O,,,NIST,7393,phenol,Oxygenated organics,"InChI=1S/C10H14O/c1-10(2,3)8-4-6-9(11)7-5-8/h4-7,11H,1-3H3",QHPQWRBYOIRBIT-UHFFFAOYSA-N
815,Furfuryl alcohol,8.146128036,98-00-0,COP(=S)(OC)OC1=CC=C(C=C1)[N+](=O)[O-],,,NIST,4130,alcohol,Oxygenated organics,"InChI=1S/C8H10NO5PS/c1-12-15(16,13-2)14-8-5-3-7(4-6-8)9(10)11/h3-6H,1-2H3",RLBIQVVOMOPOHC-UHFFFAOYSA-N
816,2-Chlorophenol,6.963787827,95-57-8,C1=CC=C(C(=C1)O)Cl,,,NIST,7245,halogenated,Halogenated organics,"InChI=1S/C6H5ClO/c7-5-3-1-2-4-6(5)8/h1-4,8H",ISPYQTSUDJAMAB-UHFFFAOYSA-N
817,"3,6-Diaminoacridine",8.84509804,92-62-6,C(C1C(C(C(C(O1)O)O)O)O)O,5.9,,NIST,206,heterocycle,Heterocycles,"InChI=1S/C6H12O6/c7-1-2-3(8)4(9)5(10)6(11)12-2/h2-11H,1H2",WQZGKKKJIJFFOK-UHFFFAOYSA-N
818,"2,6-Dimethoxyphenol",7.556302501,91-10-1,COC1=C(C(=CC=C1)OC)O,,,NIST,7041,phenol,Oxygenated organics,"InChI=1S/C8H10O3/c1-10-6-4-3-5-7(11-2)8(6)9/h3-5,9H,1-2H3",KLIDCXVFHGNTTM-UHFFFAOYSA-N
819,"Copper,Zinc Superoxide Dismutase",9.436162647,9054-89-1,CC(CBr)O,7.1,,NIST,29740,metal complex,Others / Unassigned,"InChI=1S/C3H7BrO/c1-3(5)2-4/h3,5H,2H2,1H3",WEGOLYBUWCMMMY-UHFFFAOYSA-N
820,2'-Deoxyguanosine 5'-monophosphate,6.72427587,902-04-5,C1[C@@H]([C@H](O[C@H]1N2C=NC3=C(N=CN=C32)N)COP(=O)(O)O)O,7,,NIST,12599,phosphorus,Phosphorus-containing organics,"InChI=1S/C10H14N5O6P/c11-9-8-10(13-3-12-9)15(4-14-8)7-1-5(16)6(21-7)2-20-22(17,18)19/h3-7,16H,1-2H2,(H2,11,12,13)(H2,17,18,19)/t5-,6+,7+/m0/s1",KHWCHTKSEGGWEX-RRKCRQDMSA-N
821,2'-Deoxyguanosine 5'-monophosphate,7.755874856,902-04-5,C1[C@@H]([C@H](O[C@H]1N2C=NC3=C(N=CN=C32)N)COP(=O)(O)O)O,10.5,,NIST,12599,phosphorus,Phosphorus-containing organics,"InChI=1S/C10H14N5O6P/c11-9-8-10(13-3-12-9)15(4-14-8)7-1-5(16)6(21-7)2-20-22(17,18)19/h3-7,16H,1-2H2,(H2,11,12,13)(H2,17,18,19)/t5-,6+,7+/m0/s1",KHWCHTKSEGGWEX-RRKCRQDMSA-N
822,2'-Deoxyguanosine 5'-monophosphate,7.755874856,902-04-5,C1[C@@H]([C@H](O[C@H]1N2C=NC3=C(N=CN=C32)N)COP(=O)(O)O)O,10.5,,NIST,12599,phosphorus,Phosphorus-containing organics,"InChI=1S/C10H14N5O6P/c11-9-8-10(13-3-12-9)15(4-14-8)7-1-5(16)6(21-7)2-20-22(17,18)19/h3-7,16H,1-2H2,(H2,11,12,13)(H2,17,18,19)/t5-,6+,7+/m0/s1",KHWCHTKSEGGWEX-RRKCRQDMSA-N
823,2-Methoxyphenol,6.77815125,90-05-1,COC1=CC=CC=C1O,,,NIST,460,phenol,Oxygenated organics,"InChI=1S/C7H8O2/c1-9-7-5-3-2-4-6(7)8/h2-5,8H,1H3",LHGVFZTZFXWLCP-UHFFFAOYSA-N
824,Pentachlorophenol,5.301029996,87-86-5,C1(=C(C(=C(C(=C1Cl)Cl)Cl)Cl)Cl)O,,,NIST,992,halogenated,Halogenated organics,InChI=1S/C6HCl5O/c7-1-2(8)4(10)6(12)5(11)3(1)9/h12H,IZUPBVBPLAPZRR-UHFFFAOYSA-N
825,Acriflavine cation,8.954242509,8063-24-9,C[N+]1=C2C=C(C=CC2=CC3=C1C=C(C=C3)N)N,5.9,,NIST,2016,heterocycle,Heterocycles,"InChI=1S/C14H13N3/c1-17-13-7-11(15)4-2-9(13)6-10-3-5-12(16)8-14(10)17/h2-8H,1H3,(H3,15,16)/p+1",XSIOKTWDEOJMGG-UHFFFAOYSA-O
826,Hydrazoic acid,6.301029996,7783-63-3,F[Ti](F)(F)F,1.9,,NIST,121824,carboxylic acid,Oxygenated organics,InChI=1S/4FH.Ti/h4*1H;/q;;;;+4/p-4,XROWMBWRMNHXMF-UHFFFAOYSA-J
827,4-Cyanophenol,5.380211242,767-00-0,C1=CC(=CC=C1C#N)O,,,NIST,13019,phenol,Oxygenated organics,"InChI=1S/C7H5NO/c8-5-6-1-3-7(9)4-2-6/h1-4,9H",CVNOWLNNPYYEOH-UHFFFAOYSA-N
828,Guanine,5.698970004,73-40-5,CO,,,NIST,887,imidazole,Heterocycles,"InChI=1S/CH4O/c1-2/h2H,1H3",OKKJLVBELUTLKV-UHFFFAOYSA-N
829,Adenine,4.857332496,73-24-5,C1=NC2=NC=NC(=C2N1)N,,,NIST,190,imidazole,Heterocycles,"InChI=1S/C5H5N5/c6-4-3-5(9-1-7-3)10-2-8-4/h1-2H,(H3,6,7,8,9,10)",GFFGJBXGBJISGV-UHFFFAOYSA-N
830,Adenine,6,73-24-5,C1=NC2=NC=NC(=C2N1)N,7.1,,NIST,190,imidazole,Heterocycles,"InChI=1S/C5H5N5/c6-4-3-5(9-1-7-3)10-2-8-4/h1-2H,(H3,6,7,8,9,10)",GFFGJBXGBJISGV-UHFFFAOYSA-N
831,Carotene,9.799340549,7488-99-5,CC1=C(C(CCC1)(C)C)C=CC(=CC=CC(=CC=CC=C(C)C=CC=C(C)C=CC2C(=CCCC2(C)C)C)C)C,,,NIST,24090,alkene,Aliphatic hydrocarbons,"InChI=1S/C40H56/c1-31(19-13-21-33(3)25-27-37-35(5)23-15-29-39(37,7)8)17-11-12-18-32(2)20-14-22-34(4)26-28-38-36(6)24-16-30-40(38,9)10/h11-14,17-23,25-28,37H,15-16,24,29-30H2,1-10H3",ANVAOWXLWRTKGA-UHFFFAOYSA-N
832,Carotene,9.342422681,7488-99-5,CC1=C(C(CCC1)(C)C)C=CC(=CC=CC(=CC=CC=C(C)C=CC=C(C)C=CC2C(=CCCC2(C)C)C)C)C,,,NIST,24090,alkene,Aliphatic hydrocarbons,"InChI=1S/C40H56/c1-31(19-13-21-33(3)25-27-37-35(5)23-15-29-39(37,7)8)17-11-12-18-32(2)20-14-22-34(4)26-28-38-36(6)24-16-30-40(38,9)10/h11-14,17-23,25-28,37H,15-16,24,29-30H2,1-10H3",ANVAOWXLWRTKGA-UHFFFAOYSA-N
833,Cytosine,4.832508913,71-30-7,C1=C(NC(=O)N=C1)N,,,NIST,597,amine,Nitrogen-containing organics,"InChI=1S/C4H5N3O/c5-3-1-2-6-4(8)7-3/h1-2H,(H3,5,6,7,8)",OPTASPLRGRRNAP-UHFFFAOYSA-N
834,Methylene Blue cation,8.477121255,61-73-4,CN(C)C1=CC2=C(C=C1)N=C3C=CC(=[N+](C)C)C=C3S2,5.9,,NIST,4139,sulfoxide,Sulfur-containing organics,"InChI=1S/C16H18N3S/c1-18(2)11-5-7-13-15(9-11)20-16-10-12(19(3)4)6-8-14(16)17-13/h5-10H,1-4H3/q+1",RBTBFTRPCNLSDE-UHFFFAOYSA-N
835,His,7.204119983,71-00-1,C1=C(NC=N1)CC(C(=O)O)N,,,NIST,773,imidazole,Heterocycles,"InChI=1S/C6H9N3O2/c7-5(6(10)11)1-4-2-8-3-9-4/h2-3,5H,1,7H2,(H,8,9)(H,10,11)",HNDVDQJCIGZPNO-UHFFFAOYSA-N
836,His,7.698970004,71-00-1,C1=C(NC=N1)CC(C(=O)O)N,,,NIST,773,imidazole,Heterocycles,"InChI=1S/C6H9N3O2/c7-5(6(10)11)1-4-2-8-3-9-4/h2-3,5H,1,7H2,(H,8,9)(H,10,11)",HNDVDQJCIGZPNO-UHFFFAOYSA-N
837,His,6.908485019,71-00-1,C1=C(NC=N1)CC(C(=O)O)N,,,NIST,773,imidazole,Heterocycles,"InChI=1S/C6H9N3O2/c7-5(6(10)11)1-4-2-8-3-9-4/h2-3,5H,1,7H2,(H,8,9)(H,10,11)",HNDVDQJCIGZPNO-UHFFFAOYSA-N
838,Met,6.954242509,63-68-3,CSCCC(C(=O)O)N,,,NIST,876,"sulfide, disulfide",Sulfur-containing organics,"InChI=1S/C5H11NO2S/c1-9-3-2-4(6)5(7)8/h4H,2-3,6H2,1H3,(H,7,8)",FFEARJCKVFRZRR-UHFFFAOYSA-N
839,Met,7.477121255,63-68-3,CSCCC(C(=O)O)N,,,NIST,876,"sulfide, disulfide",Sulfur-containing organics,"InChI=1S/C5H11NO2S/c1-9-3-2-4(6)5(7)8/h4H,2-3,6H2,1H3,(H,7,8)",FFEARJCKVFRZRR-UHFFFAOYSA-N
840,Met,6.477121255,63-68-3,CSCCC(C(=O)O)N,,,NIST,876,"sulfide, disulfide",Sulfur-containing organics,"InChI=1S/C5H11NO2S/c1-9-3-2-4(6)5(7)8/h4H,2-3,6H2,1H3,(H,7,8)",FFEARJCKVFRZRR-UHFFFAOYSA-N
841,Met,6.698970004,63-68-3,CSCCC(C(=O)O)N,,,NIST,876,"sulfide, disulfide",Sulfur-containing organics,"InChI=1S/C5H11NO2S/c1-9-3-2-4(6)5(7)8/h4H,2-3,6H2,1H3,(H,7,8)",FFEARJCKVFRZRR-UHFFFAOYSA-N
842,Met,7.322219295,63-68-3,CSCCC(C(=O)O)N,7,,NIST,876,"sulfide, disulfide",Sulfur-containing organics,"InChI=1S/C5H11NO2S/c1-9-3-2-4(6)5(7)8/h4H,2-3,6H2,1H3,(H,7,8)",FFEARJCKVFRZRR-UHFFFAOYSA-N
843,Arg,6,14791-73-2,C(=O)(O)O.[Ca],7.1,,NIST,6335838,dicarboxylic acid,Polyfunctional / highly functionalized,"InChI=1S/CH2O3.Ca/c2-1(3)4;/h(H2,2,3,4);",FYHXNYLLNIKZMR-UHFFFAOYSA-N
844,α-(4-Pyridyl)-tert-butyl nitrone,8.146128036,3376-24-7,CC(C)(C)[N+](=CC1=CC=CC=C1)[O-],,,NIST,4390,pyridine,Heterocycles,"InChI=1S/C11H15NO/c1-11(2,3)12(13)9-10-7-5-4-6-8-10/h4-9H,1-3H3",IYSYLWYGCWTJSG-UHFFFAOYSA-N
845,4-(N-Methylpyridinium)-tert-butylnitrone,7.903089987,,,,,NIST,,pyridine,Heterocycles,,
846,Tryptophan,7.477121255,73-22-3,C1=CC=C2C(=C1)C(=CN2)CC(C(=O)O)N,,,NIST,1148,amine,Nitrogen-containing organics,"InChI=1S/C11H12N2O2/c12-9(11(14)15)5-7-6-13-10-4-2-1-3-8(7)10/h1-4,6,9,13H,5,12H2,(H,14,15)",QIVBCDIJIAJPQS-UHFFFAOYSA-N
847,Ala,7,56-41-7,CC(C(=O)O)N,,,NIST,602,amine,Nitrogen-containing organics,"InChI=1S/C3H7NO2/c1-2(4)3(5)6/h2H,4H2,1H3,(H,5,6)",QNAYBMKLOCPYGJ-UHFFFAOYSA-N
848,Ala,7.477121255,56-41-7,CC(C(=O)O)N,10.6,,NIST,602,amine,Nitrogen-containing organics,"InChI=1S/C3H7NO2/c1-2(4)3(5)6/h2H,4H2,1H3,(H,5,6)",QNAYBMKLOCPYGJ-UHFFFAOYSA-N
849,Deoxyadenosine monophosphate,5,653-63-4,C1C(C(OC1N2C=NC3=C(N=CN=C32)N)COP(=O)(O)O)O,7,,NIST,621,phosphorus,Phosphorus-containing organics,"InChI=1S/C10H14N5O6P/c11-9-8-10(13-3-12-9)15(4-14-8)7-1-5(16)6(21-7)2-20-22(17,18)19/h3-7,16H,1-2H2,(H2,11,12,13)(H2,17,18,19)",KHWCHTKSEGGWEX-UHFFFAOYSA-N
850,5-Methyluracil,4.397940009,65-71-4,CC1=CNC(=O)NC1=O,,,NIST,1135,heterocycle,Heterocycles,"InChI=1S/C5H6N2O2/c1-3-2-6-5(9)7-4(3)8/h2H,1H3,(H2,6,7,8,9)",RWQNBRDOKXIBIV-UHFFFAOYSA-N
851,5-Methyluracil,6,65-71-4,CC1=CNC(=O)NC1=O,7.1,,NIST,1135,heterocycle,Heterocycles,"InChI=1S/C5H6N2O2/c1-3-2-6-5(9)7-4(3)8/h2H,1H3,(H2,6,7,8,9)",RWQNBRDOKXIBIV-UHFFFAOYSA-N
852,Cytidine,6,65-46-3,C1=CN(C(=O)N=C1N)C2C(C(C(O2)CO)O)O,7.1,,NIST,596,amine,Nitrogen-containing organics,"InChI=1S/C9H13N3O5/c10-5-1-2-12(9(16)11-5)8-7(15)6(14)4(3-13)17-8/h1-2,4,6-8,13-15H,3H2,(H2,10,11,16)",UHDGCWIWMRVCDJ-UHFFFAOYSA-N
853,Bilirubin,9.755874856,635-65-4,CC1=C(NC(=C1CCC(=O)O)CC2=C(C(=C(N2)C=C3C(=C(C(=O)N3)C)C=C)C)CCC(=O)O)C=C4C(=C(C(=O)N4)C=C)C,,,NIST,250,amide,Nitrogen-containing organics,"InChI=1S/C33H36N4O6/c1-7-20-19(6)32(42)37-27(20)14-25-18(5)23(10-12-31(40)41)29(35-25)15-28-22(9-11-30(38)39)17(4)24(34-28)13-26-16(3)21(8-2)33(43)36-26/h7-8,13-14,34-35H,1-2,9-12,15H2,3-6H3,(H,36,43)(H,37,42)(H,38,39)(H,40,41)",BPYKTIZUTYGOLE-UHFFFAOYSA-N
854,Bilirubin,9,635-65-4,CC1=C(NC(=C1CCC(=O)O)CC2=C(C(=C(N2)C=C3C(=C(C(=O)N3)C)C=C)C)CCC(=O)O)C=C4C(=C(C(=O)N4)C=C)C,,,NIST,250,amide,Nitrogen-containing organics,"InChI=1S/C33H36N4O6/c1-7-20-19(6)32(42)37-27(20)14-25-18(5)23(10-12-31(40)41)29(35-25)15-28-22(9-11-30(38)39)17(4)24(34-28)13-26-16(3)21(8-2)33(43)36-26/h7-8,13-14,34-35H,1-2,9-12,15H2,3-6H3,(H,36,43)(H,37,42)(H,38,39)(H,40,41)",BPYKTIZUTYGOLE-UHFFFAOYSA-N
855,"2,5-Dimethylfuran",8.913813852,625-86-5,CC1=CC=C(O1)C,7,,NIST,12266,furan,Heterocycles,"InChI=1S/C6H8O/c1-5-3-4-6(2)7-5/h3-4H,1-2H3",GSNUFIFRDBKVIE-UHFFFAOYSA-N
856,Thiourea,8,62-56-6,C(=S)(N)N,,,NIST,2723790,sulfur-containing,Sulfur-containing organics,"InChI=1S/CH4N2S/c2-1(3)4/h(H4,2,3,4)",UMGDCJDMYOKAJW-UHFFFAOYSA-N
857,Thiourea,6.643452676,62-56-6,C(=S)(N)N,7.1,,NIST,2723790,sulfur-containing,Sulfur-containing organics,"InChI=1S/CH4N2S/c2-1(3)4/h(H4,2,3,4)",UMGDCJDMYOKAJW-UHFFFAOYSA-N
858,Tryptamine,7.740362689,61-54-1,C1=CC=C2C(=C1)C(=CN2)CCN,,,NIST,1150,amine,Nitrogen-containing organics,"InChI=1S/C10H12N2/c11-6-5-8-7-12-10-4-2-1-3-9(8)10/h1-4,7,12H,5-6,11H2",APJYDQYYACXCRM-UHFFFAOYSA-N
859,Tryptamine,6.954242509,61-54-1,C1=CC=C2C(=C1)C(=CN2)CCN,,,NIST,1150,amine,Nitrogen-containing organics,"InChI=1S/C10H12N2/c11-6-5-8-7-12-10-4-2-1-3-9(8)10/h1-4,7,12H,5-6,11H2",APJYDQYYACXCRM-UHFFFAOYSA-N
860,Tryptamine,9.892094603,61-54-1,C1=CC=C2C(=C1)C(=CN2)CCN,7,,NIST,1150,amine,Nitrogen-containing organics,"InChI=1S/C10H12N2/c11-6-5-8-7-12-10-4-2-1-3-9(8)10/h1-4,7,12H,5-6,11H2",APJYDQYYACXCRM-UHFFFAOYSA-N
861,NH3,6.919078092,7664-41-7,N,,,NIST,222,amine,Nitrogen-containing organics,InChI=1S/H3N/h1H3,QGZKDVFQNNGYKY-UHFFFAOYSA-N
862,DOPA,8.954242509,59-92-7,C1=CC(=C(C=C1CC(C(=O)O)N)O)O,,,NIST,836,phenol,Oxygenated organics,"InChI=1S/C9H11NO4/c10-6(9(13)14)3-5-1-2-7(11)8(12)4-5/h1-2,4,6,11-12H,3,10H2,(H,13,14)",WTDRDQBEARUVNC-UHFFFAOYSA-N
863,α-Tocopherol,9.414973348,10191-41-0,CC1=C(C2=C(CCC(O2)(C)CCCC(C)CCCC(C)CCCC(C)C)C(=C1O)C)C,,,NIST,2116,phenol,Oxygenated organics,"InChI=1S/C29H50O2/c1-20(2)12-9-13-21(3)14-10-15-22(4)16-11-18-29(8)19-17-26-25(7)27(30)23(5)24(6)28(26)31-29/h20-22,30H,9-19H2,1-8H3",GVJHHUAWPYXKBD-UHFFFAOYSA-N
864,NADH,9.301029996,58-68-4,C1C=CN(C=C1C(=O)N)C2C(C(C(O2)COP(=O)(O)OP(=O)(O)OCC3C(C(C(O3)N4C=NC5=C(N=CN=C54)N)O)O)O)O,7.4,,NIST,928,phosphorus,Phosphorus-containing organics,"InChI=1S/C21H29N7O14P2/c22-17-12-19(25-7-24-17)28(8-26-12)21-16(32)14(30)11(41-21)6-39-44(36,37)42-43(34,35)38-5-10-13(29)15(31)20(40-10)27-3-1-2-9(4-27)18(23)33/h1,3-4,7-8,10-11,13-16,20-21,29-32H,2,5-6H2,(H2,23,33)(H,34,35)(H,36,37)(H2,22,24,25)",BOPGDPNILDQYTO-UHFFFAOYSA-N
865,Adenosine,6,58-61-7,C1=NC(=C2C(=N1)N(C=N2)C3C(C(C(O3)CO)O)O)N,7.1,,NIST,191,imidazole,Heterocycles,"InChI=1S/C10H13N5O4/c11-8-5-9(13-2-12-8)15(3-14-5)10-7(18)6(17)4(1-16)19-10/h2-4,6-7,10,16-18H,1H2,(H2,11,12,13)",OIRDTQYFTABQOQ-UHFFFAOYSA-N
866,Cholesterol,8.397940009,57-88-5,CC(C)CCCC(C)C1CCC2C1(CCC3C2CC=C4C3(CCC(C4)O)C)C,,,NIST,304,alcohol,Oxygenated organics,"InChI=1S/C27H46O/c1-18(2)7-6-8-19(3)23-11-12-24-22-10-9-20-17-21(28)13-15-26(20,4)25(22)14-16-27(23,24)5/h9,18-19,21-25,28H,6-8,10-17H2,1-5H3",HVYWMOMLDIMFJA-UHFFFAOYSA-N
867,Tyrosine,7.579783597,60-18-4,C1=CC(=CC=C1CC(C(=O)O)N)O,10,,NIST,1153,phenol,Oxygenated organics,"InChI=1S/C9H11NO3/c10-8(9(12)13)5-6-1-3-7(11)4-2-6/h1-4,8,11H,5,10H2,(H,12,13)",OUYCCCASQSFEME-UHFFFAOYSA-N
868,Tyrosine,7.716003344,60-18-4,C1=CC(=CC=C1CC(C(=O)O)N)O,11.5,,NIST,1153,phenol,Oxygenated organics,"InChI=1S/C9H11NO3/c10-8(9(12)13)5-6-1-3-7(11)4-2-6/h1-4,8,11H,5,10H2,(H,12,13)",OUYCCCASQSFEME-UHFFFAOYSA-N
869,Tyrosine,7.716003344,60-18-4,C1=CC(=CC=C1CC(C(=O)O)N)O,11.5,,NIST,1153,phenol,Oxygenated organics,"InChI=1S/C9H11NO3/c10-8(9(12)13)5-6-1-3-7(11)4-2-6/h1-4,8,11H,5,10H2,(H,12,13)",OUYCCCASQSFEME-UHFFFAOYSA-N
870,Penicillamine,6.380211242,52-67-5,CC(C)(C(C(=O)O)N)S,,,NIST,4727,thiol,Sulfur-containing organics,"InChI=1S/C5H11NO2S/c1-5(2,9)3(6)4(7)8/h3,9H,6H2,1-2H3,(H,7,8)",VVNCNSJFMMFHPL-UHFFFAOYSA-N
871,Mitomycin C,9.949390007,78598-43-3,CC1=C(C(=O)C2=C(C1=O)N3CC(CC3=C2COC(=O)N)N)N,,,NIST,4210,amide,Nitrogen-containing organics,"InChI=1S/C14H16N4O4/c1-5-10(16)13(20)9-7(4-22-14(17)21)8-2-6(15)3-18(8)11(9)12(5)19/h6H,2-4,15-16H2,1H3,(H2,17,21)",SMCLMIIQNWUTHU-UHFFFAOYSA-N
872,"1,4-benzenediol",7.748188027,123-31-9,C1=CC(=CC=C1O)O,10.6,,NIST,785,phenol,Oxygenated organics,"InChI=1S/C6H6O2/c7-5-1-2-6(8)4-3-5/h1-4,7-8H",QIGBRXMKCJKVMJ-UHFFFAOYSA-N
873,Eosin dianion,7.431363764,17372-87-1,C1=CC=C(C(=C1)C2=C3C=C(C(=O)C(=C3OC4=C(C(=C(C=C24)Br)[O-])Br)Br)Br)C(=O)[O-].[Na+].[Na+],,,NIST,11048,halogenated,Halogenated organics,"InChI=1S/C20H8Br4O5.2Na/c21-11-5-9-13(7-3-1-2-4-8(7)20(27)28)10-6-12(22)17(26)15(24)19(10)29-18(9)14(23)16(11)25;;/h1-6,25H,(H,27,28);;/q;2*+1/p-2",SEACYXSIPDVVMV-UHFFFAOYSA-L
874,"Tryptophan, methyl ester",7.591064607,7303-49-3,COC(=O)[C@H](CC1=CNC2=CC=CC=C21)N,,,NIST,77980,ester,Oxygenated organics,"InChI=1S/C12H14N2O2/c1-16-12(15)10(13)6-8-7-14-11-5-3-2-4-9(8)11/h2-5,7,10,14H,6,13H2,1H3/t10-/m0/s1",KCUNTYMNJVXYKZ-JTQLQIEISA-N
875,"Tryptophan, methyl ester",6.602059991,7303-49-3,COC(=O)[C@H](CC1=CNC2=CC=CC=C21)N,,,NIST,77980,ester,Oxygenated organics,"InChI=1S/C12H14N2O2/c1-16-12(15)10(13)6-8-7-14-11-5-3-2-4-9(8)11/h2-5,7,10,14H,6,13H2,1H3/t10-/m0/s1",KCUNTYMNJVXYKZ-JTQLQIEISA-N
876,Crocin,9.255272505,42553-65-1,CC(=CC=CC=C(C)C=CC=C(C)C(=O)OC1C(C(C(C(O1)COC2C(C(C(C(O2)CO)O)O)O)O)O)O)C=CC=C(C)C(=O)OC3C(C(C(C(O3)COC4C(C(C(C(O4)CO)O)O)O)O)O)O,7.4,,NIST,3510570,ester,Oxygenated organics,"InChI=1S/C44H64O24/c1-19(11-7-13-21(3)39(59)67-43-37(57)33(53)29(49)25(65-43)17-61-41-35(55)31(51)27(47)23(15-45)63-41)9-5-6-10-20(2)12-8-14-22(4)40(60)68-44-38(58)34(54)30(50)26(66-44)18-62-42-36(56)32(52)28(48)24(16-46)64-42/h5-14,23-38,41-58H,15-18H2,1-4H3",SEBIKDIMAPSUBY-UHFFFAOYSA-N
877,3-methoxyphenol,8.45484486,150-19-6,COC1=CC=CC(=C1)O,,,NIST,9007,phenol,Oxygenated organics,"InChI=1S/C7H8O2/c1-9-7-4-2-3-6(8)5-7/h2-5,8H,1H3",ASHGTJPOSUFTGB-UHFFFAOYSA-N
878,Thymidine monophosphate,5,365-07-1,CC1=CN(C(=O)NC1=O)C2CC(C(O2)COP(=O)(O)O)O,7,,NIST,1139,phosphorus,Phosphorus-containing organics,"InChI=1S/C10H15N2O8P/c1-5-3-12(10(15)11-9(5)14)8-2-6(13)7(20-8)4-19-21(16,17)18/h3,6-8,13H,2,4H2,1H3,(H,11,14,15)(H2,16,17,18)",GYOZYWVXFNDGLU-UHFFFAOYSA-N
879,Diethyl sulfide,7.255272505,352-93-2,CCSCC,7,,NIST,9609,"sulfide, disulfide",Sulfur-containing organics,"InChI=1S/C4H10S/c1-3-5-4-2/h3-4H2,1-2H3",LJSQFQKUNVCTIA-UHFFFAOYSA-N
880,N-tert-Butyl-α-phenylnitrone,8.146128036,3376-24-7,CC(C)(C)[N+](=CC1=CC=CC=C1)[O-],,,NIST,4390,amine,Nitrogen-containing organics,"InChI=1S/C11H15NO/c1-11(2,3)12(13)9-10-7-5-4-6-8-10/h4-9H,1-3H3",IYSYLWYGCWTJSG-UHFFFAOYSA-N
881,"5,5-Dimethyl-1-pyrroline N-oxide",7.255272505,3317-61-1,CC1(CCC=[N+]1[O-])C,,,NIST,1774,amine,Nitrogen-containing organics,"InChI=1S/C6H11NO/c1-6(2)4-3-5-7(6)8/h5H,3-4H2,1-2H3",VCUVETGKTILCLC-UHFFFAOYSA-N
882,4-fluorophenol,9.397940009,371-41-5,C1=CC(=CC=C1O)F,11,,NIST,9732,halogenated,Halogenated organics,"InChI=1S/C6H5FO/c7-5-1-3-6(8)4-2-5/h1-4,8H",RHMPLDJJXGPMEX-UHFFFAOYSA-N
883,4-fluorophenol,8.544068044,371-41-5,C1=CC(=CC=C1O)F,11,,NIST,9732,halogenated,Halogenated organics,"InChI=1S/C6H5FO/c7-5-1-3-6(8)4-2-5/h1-4,8H",RHMPLDJJXGPMEX-UHFFFAOYSA-N
884,3-(2-mercaptoethylamino) propylamine,6.86923172,,,,,NIST,,alkane,Aliphatic hydrocarbons,,
885,8-Methoxypsoralen,9.204119983,298-81-7,COC1=C2C(=CC3=C1OC=C3)C=CC(=O)O2,,,NIST,4114,furan,Heterocycles,"InChI=1S/C12H8O4/c1-14-12-10-8(4-5-15-10)6-7-2-3-9(13)16-11(7)12/h2-6H,1H3",QXKHYNVANLEOEG-UHFFFAOYSA-N
886,2-chlorophenol,8.361727836,95-57-8,C1=CC=C(C(=C1)O)Cl,11.5,,NIST,7245,halogenated,Halogenated organics,"InChI=1S/C6H5ClO/c7-5-3-1-2-4-6(5)8/h1-4,8H",ISPYQTSUDJAMAB-UHFFFAOYSA-N
887,4-methoxyphenol,8.824125834,150-76-5,COC1=CC=C(C=C1)O,,,NIST,9015,phenol,Oxygenated organics,"InChI=1S/C7H8O2/c1-9-7-4-2-6(8)3-5-7/h2-5,8H,1H3",NWVVVBRKAWDGAB-UHFFFAOYSA-N
888,Imidazole,7.531478917,288-32-4,C1=CN=CN1,,,NIST,795,imidazole,Heterocycles,"InChI=1S/C3H4N2/c1-2-5-3-4-1/h1-3H,(H,4,5)",RAXXELZNTBOGNW-UHFFFAOYSA-N
889,"1,4-Diazabicyclo[2.2.2]octane",8.447158031,280-57-9,C1CN2CCN1CC2,8,,NIST,9237,alkane,Aliphatic hydrocarbons,InChI=1S/C6H12N2/c1-2-8-5-3-7(1)4-6-8/h1-6H2,IMNIMPAHZVJRPE-UHFFFAOYSA-N
890,Crocetin,9.740362689,27876-94-4,C1=CC2=C(C=C(C=C2)O)C(=C1)S(=O)(=O)O,7.8,,NIST,67237,dicarboxylic acid,Polyfunctional / highly functionalized,"InChI=1S/C10H8O4S/c11-8-5-4-7-2-1-3-10(9(7)6-8)15(12,13)14/h1-6,11H,(H,12,13,14)",HUYJTJXLNBOVFO-UHFFFAOYSA-N
891,Co2+,7.301029996,22541-53-3,[Co+2],,,NIST,104729,metal complex,Others / Unassigned,InChI=1S/Co/q+2,XLJKHNWPARRRJB-UHFFFAOYSA-N
892,Daunomycin,9.230448921,20830-81-3,CC1C(C(CC(O1)OC2CC(CC3=C2C(=C4C(=C3O)C(=O)C5=C(C4=O)C(=CC=C5)OC)O)(C(=O)C)O)N)O,7.8,,NIST,2958,phenol,Oxygenated organics,"InChI=1S/C27H29NO10/c1-10-22(30)14(28)7-17(37-10)38-16-9-27(35,11(2)29)8-13-19(16)26(34)21-20(24(13)32)23(31)12-5-4-6-15(36-3)18(12)25(21)33/h4-6,10,14,16-17,22,30,32,34-35H,7-9,28H2,1-3H3",STQGQHZAVUOBTE-UHFFFAOYSA-N
893,Daunomycin,9.041392685,20830-81-3,CC1C(C(CC(O1)OC2CC(CC3=C2C(=C4C(=C3O)C(=O)C5=C(C4=O)C(=CC=C5)OC)O)(C(=O)C)O)N)O,7.8,,NIST,2958,phenol,Oxygenated organics,"InChI=1S/C27H29NO10/c1-10-22(30)14(28)7-17(37-10)38-16-9-27(35,11(2)29)8-13-19(16)26(34)21-20(24(13)32)23(31)12-5-4-6-15(36-3)18(12)25(21)33/h4-6,10,14,16-17,22,30,32,34-35H,7-9,28H2,1-3H3",STQGQHZAVUOBTE-UHFFFAOYSA-N
894,3-Chlorophenoxide,9.041392685,18938-14-2,,11.5,,NIST,,halogenated,Halogenated organics,,
895,Tris (phenanthroline) cobalt (II) cation（Co (phen)₃²⁺,6,,,,,NIST,,metal complex,Others / Unassigned,,
896,3-nitrophenol,9.301029996,554-84-7,C1=CC(=CC(=C1)O)[N+](=O)[O-],10,,NIST,11137,phenol,Oxygenated organics,"InChI=1S/C6H5NO3/c8-6-3-1-2-5(4-6)7(9)10/h1-4,8H",RTZZCYNQPHTPPL-UHFFFAOYSA-N
897,2-nitrophenol,7.51851394,88-75-5,C1=CC=C(C(=C1)[N+](=O)[O-])O,,,NIST,6947,phenol,Oxygenated organics,"InChI=1S/C6H5NO3/c8-6-4-2-1-3-5(6)7(9)10/h1-4,8H",IQUPABOKLQSFBK-UHFFFAOYSA-N
898,2-nitrophenol,9.176091259,88-75-5,C1=CC=C(C(=C1)[N+](=O)[O-])O,10,,NIST,6947,phenol,Oxygenated organics,"InChI=1S/C6H5NO3/c8-6-4-2-1-3-5(6)7(9)10/h1-4,8H",IQUPABOKLQSFBK-UHFFFAOYSA-N
899,2-nitrophenol,6.763427994,88-75-5,C1=CC=C(C(=C1)[N+](=O)[O-])O,,,NIST,6947,phenol,Oxygenated organics,"InChI=1S/C6H5NO3/c8-6-4-2-1-3-5(6)7(9)10/h1-4,8H",IQUPABOKLQSFBK-UHFFFAOYSA-N
900,Tris (phenanthroline) cobalt (II) cation（Co (phen)₃²⁺,6,,,,,NIST,,metal complex,Others / Unassigned,,
901,4-Methoxyphenol,7.342422681,150-76-5,COC1=CC=C(C=C1)O,,,NIST,9015,phenol,Oxygenated organics,"InChI=1S/C7H8O2/c1-9-7-4-2-6(8)3-5-7/h2-5,8H,1H3",NWVVVBRKAWDGAB-UHFFFAOYSA-N
902,3-Methoxyphenol,7.113943352,150-19-6,COC1=CC=CC(=C1)O,,,NIST,9007,phenol,Oxygenated organics,"InChI=1S/C7H8O2/c1-9-7-4-2-3-6(8)5-7/h2-5,8H,1H3",ASHGTJPOSUFTGB-UHFFFAOYSA-N
903,Nitrite ion,6.491361694,14797-65-0,N(=O)[O-],8.3,,NIST,946,"nitroso, nitramine",Nitrogen-containing organics,"InChI=1S/HNO2/c2-1-3/h(H,2,3)/p-1",IOVCWXUNBOPUCH-UHFFFAOYSA-M
904,4-cyanophenol,6.788875116,767-00-0,C1=CC(=CC=C1C#N)O,,,NIST,13019,phenol,Oxygenated organics,"InChI=1S/C7H5NO/c8-5-6-1-3-7(9)4-2-6/h1-4,9H",CVNOWLNNPYYEOH-UHFFFAOYSA-N
905,4-Nitrophenoxide ion,8.77815125,14609-74-6,C1=CC(=CC=C1[N+](=O)[O-])O,10,,NIST,980,phenol,Oxygenated organics,"InChI=1S/C6H5NO3/c8-6-3-1-5(2-4-6)7(9)10/h1-4,8H",BTJIUGUIPKRLHP-UHFFFAOYSA-N
906,Hematoporphyrin IX,8.903089987,14459-29-1,CC1=C(C2=CC3=NC(=CC4=NC(=CC5=C(C(=C(N5)C=C1N2)C(C)O)C)C(=C4CCC(=O)O)C)C(=C3C)CCC(=O)O)C(C)O,,,NIST,11103,dicarboxylic acid,Polyfunctional / highly functionalized,"InChI=1S/C34H38N4O6/c1-15-21(7-9-31(41)42)27-14-28-22(8-10-32(43)44)16(2)24(36-28)12-29-34(20(6)40)18(4)26(38-29)13-30-33(19(5)39)17(3)25(37-30)11-23(15)35-27/h11-14,19-20,37-40H,7-10H2,1-6H3,(H,41,42)(H,43,44)",KFKRXESVMDBTNQ-UHFFFAOYSA-N
907,Azide ion,8.586587305,14343-69-2,[N-]=[N+]=[N-],,,NIST,33558,inorganic,Others / Unassigned,InChI=1S/N3/c1-3-2/q-1,IVRMZWNICZWHMI-UHFFFAOYSA-N
908,Azide ion,8.51851394,14343-69-2,[N-]=[N+]=[N-],,,NIST,33558,inorganic,Others / Unassigned,InChI=1S/N3/c1-3-2/q-1,IVRMZWNICZWHMI-UHFFFAOYSA-N
909,Azide ion,5.84509804,14343-69-2,[N-]=[N+]=[N-],,,NIST,33558,inorganic,Others / Unassigned,InChI=1S/N3/c1-3-2/q-1,IVRMZWNICZWHMI-UHFFFAOYSA-N
910,4-(Dimethylamino)nitrosobenzene,7.832508913,138-89-6,CN(C)C1=CC=C(C=C1)N=O,,,NIST,8749,"nitroso, nitramine",Nitrogen-containing organics,"InChI=1S/C8H10N2O/c1-10(2)8-5-3-7(9-11)4-6-8/h3-6H,1-2H3",CMEWLCATCRTSGF-UHFFFAOYSA-N
911,"1,4-Benzenediol",8.77815125,123-31-9,C1=CC(=CC=C1O)O,,,NIST,785,phenol,Oxygenated organics,"InChI=1S/C6H6O2/c7-5-1-2-6(8)4-3-5/h1-4,7-8H",QIGBRXMKCJKVMJ-UHFFFAOYSA-N
912,"N,N-Dimethylaniline",7.556302501,121-69-7,CN(C)C1=CC=CC=C1,,,NIST,949,amine,Nitrogen-containing organics,"InChI=1S/C8H11N/c1-9(2)8-6-4-3-5-7-8/h3-7H,1-2H3",JLTDJTHDQAWBAV-UHFFFAOYSA-N
913,10-Methylphenothiazine,4.924279286,1207-72-3,CN1C2=CC=CC=C2SC3=CC=CC=C31,,,NIST,71015,"sulfide, disulfide",Sulfur-containing organics,"InChI=1S/C13H11NS/c1-14-10-6-2-4-8-12(10)15-13-9-5-3-7-11(13)14/h2-9H,1H3",QXBUYALKJGBACG-UHFFFAOYSA-N
914,Indole,7.84509804,120-72-9,C1=CC=C2C(=C1)C=CN2,7.2,,NIST,798,heterocycle,Heterocycles,"InChI=1S/C8H7N/c1-2-4-8-7(3-1)5-6-9-8/h1-6,9H",SIKJAQJRHWYJAI-UHFFFAOYSA-N
915,Guanosine,7,118-00-3,C1=NC2=C(N1C3C(C(C(O3)CO)O)O)NC(=NC2=O)N,,,NIST,765,imidazole,Heterocycles,"InChI=1S/C10H13N5O5/c11-10-13-7-4(8(19)14-10)12-2-15(7)9-6(18)5(17)3(1-16)20-9/h2-3,5-6,9,16-18H,1H2,(H3,11,13,14,19)",NYHBQMYGNKIUIF-UHFFFAOYSA-N
916,Guanosine,6,118-00-3,C1=NC2=C(N1C3C(C(C(O3)CO)O)O)NC(=NC2=O)N,7.1,,NIST,765,imidazole,Heterocycles,"InChI=1S/C10H13N5O5/c11-10-13-7-4(8(19)14-10)12-2-15(7)9-6(18)5(17)3(1-16)20-9/h2-3,5-6,9,16-18H,1H2,(H3,11,13,14,19)",NYHBQMYGNKIUIF-UHFFFAOYSA-N
917,Biliverdin,9.602059991,114-25-0,CC1=C(C(=CC2=C(C(=C(N2)C=C3C(=C(C(=O)N3)C)C=C)C)CCC(=O)O)NC1=CC4=NC(=O)C(=C4C)C=C)CCC(=O)O,,,NIST,251,amide,Nitrogen-containing organics,"InChI=1S/C33H34N4O6/c1-7-20-19(6)32(42)37-27(20)14-25-18(5)23(10-12-31(40)41)29(35-25)15-28-22(9-11-30(38)39)17(4)24(34-28)13-26-16(3)21(8-2)33(43)36-26/h7-8,13-15,34-35H,1-2,9-12H2,3-6H3,(H,37,42)(H,38,39)(H,40,41)",RCNSAJSGRJSBKK-UHFFFAOYSA-N
918,Biliverdin,9.698970004,114-25-0,CC1=C(C(=CC2=C(C(=C(N2)C=C3C(=C(C(=O)N3)C)C=C)C)CCC(=O)O)NC1=CC4=NC(=O)C(=C4C)C=C)CCC(=O)O,10.5,,NIST,251,amide,Nitrogen-containing organics,"InChI=1S/C33H34N4O6/c1-7-20-19(6)32(42)37-27(20)14-25-18(5)23(10-12-31(40)41)29(35-25)15-28-22(9-11-30(38)39)17(4)24(34-28)13-26-16(3)21(8-2)33(43)36-26/h7-8,13-15,34-35H,1-2,9-12H2,3-6H3,(H,37,42)(H,38,39)(H,40,41)",RCNSAJSGRJSBKK-UHFFFAOYSA-N
919,Phenol,7.290034611,108-95-2,C1=CC=C(C=C1)O,8,,NIST,996,phenol,Oxygenated organics,"InChI=1S/C6H6O/c7-6-4-2-1-3-5-6/h1-5,7H",ISWSIDIOOBJBQZ-UHFFFAOYSA-N
920,Phenol,7.787460475,108-95-2,C1=CC=C(C=C1)O,9,,NIST,996,phenol,Oxygenated organics,"InChI=1S/C6H6O/c7-6-4-2-1-3-5-6/h1-5,7H",ISWSIDIOOBJBQZ-UHFFFAOYSA-N
921,Phenol,7.787460475,108-95-2,C1=CC=C(C=C1)O,9,,NIST,996,phenol,Oxygenated organics,"InChI=1S/C6H6O/c7-6-4-2-1-3-5-6/h1-5,7H",ISWSIDIOOBJBQZ-UHFFFAOYSA-N
922,Phenol,8.424881637,108-95-2,C1=CC=C(C=C1)O,10.3,,NIST,996,phenol,Oxygenated organics,"InChI=1S/C6H6O/c7-6-4-2-1-3-5-6/h1-5,7H",ISWSIDIOOBJBQZ-UHFFFAOYSA-N
923,Phenol,8.424881637,108-95-2,C1=CC=C(C=C1)O,10.3,,NIST,996,phenol,Oxygenated organics,"InChI=1S/C6H6O/c7-6-4-2-1-3-5-6/h1-5,7H",ISWSIDIOOBJBQZ-UHFFFAOYSA-N
924,"1,3-Benzenediol",7.301029996,108-46-3,C1=CC(=CC(=C1)O)O,,,NIST,5054,phenol,Oxygenated organics,"InChI=1S/C6H6O2/c7-5-2-1-3-6(8)4-5/h1-4,7-8H",GHMLBKRAJCXXBS-UHFFFAOYSA-N
925,3-Chlorophenol,6.73239376,108-43-0,C1=CC(=CC(=C1)Cl)O,,,NIST,7933,halogenated,Halogenated organics,"InChI=1S/C6H5ClO/c7-5-2-1-3-6(8)4-5/h1-4,8H",HORNXRXVQWOLPJ-UHFFFAOYSA-N
926,4-Chlorophenol,6.77815125,106-48-9,C1=CC(=CC=C1O)Cl,,,NIST,4684,halogenated,Halogenated organics,"InChI=1S/C6H5ClO/c7-5-1-3-6(8)4-2-5/h1-4,8H",WXNZTHHGJRFXKQ-UHFFFAOYSA-N
927,Deoxycytidine monophosphate,5,1032-65-1,C1C(C(OC1N2C=CC(=NC2=O)N)COP(=O)(O)O)O,7,,NIST,624,phosphorus,Phosphorus-containing organics,"InChI=1S/C9H14N3O7P/c10-7-1-2-12(9(14)11-7)8-3-5(13)6(19-8)4-18-20(15,16)17/h1-2,5-6,8,13H,3-4H2,(H2,10,11,14)(H2,15,16,17)",NCMVOABPESMRCP-UHFFFAOYSA-N
928,"N,N,N',N'-Tetramethyl-p-phenylenediamine",9.51851394,100-22-1,CN(C)C1=CC=C(C=C1)N(C)C,,,NIST,7490,amine,Nitrogen-containing organics,"InChI=1S/C10H16N2/c1-11(2)9-5-7-10(8-6-9)12(3)4/h5-8H,1-4H3",CJAOGUFAAWZWNI-UHFFFAOYSA-N
929,"N,N,N',N'-Tetramethyl-p-phenylenediamine",9.260071388,100-22-1,CN(C)C1=CC=C(C=C1)N(C)C,,,NIST,7490,amine,Nitrogen-containing organics,"InChI=1S/C10H16N2/c1-11(2)9-5-7-10(8-6-9)12(3)4/h5-8H,1-4H3",CJAOGUFAAWZWNI-UHFFFAOYSA-N
930,4-Nitrophenol,5.414973348,100-02-7,C1=CC(=CC=C1[N+](=O)[O-])O,,,NIST,980,phenol,Oxygenated organics,"InChI=1S/C6H5NO3/c8-6-3-1-5(2-4-6)7(9)10/h1-4,8H",BTJIUGUIPKRLHP-UHFFFAOYSA-N
