No.,Chemical compound,Logk,Cas,Smiles,Ph,T,Ref,Chemical_class_27,Chemical_class_coarse,InChI,InChIKey
1,(+)-6-Aminopenicillanic acid,9.542825427,36091-15-3,CC1([C@@H](N2[C@H](S1)[C@@H](C2=O)N)C(=O)O)C,"2.3, 4.9",,10.1016/j.chemosphere.2010.07.015,carboxylic acid,Oxygenated organics,"InChI=1S/C8H12N2O3S/c1-8(2)4(7(12)13)10-5(11)3(9)6(10)14-8/h3-4,6H,9H2,1-2H3,(H,12,13)/t3-,4+,6-/m1/s1",NGHVIOIJCVXTGV-ALEPSDHESA-N
2,(+)-6-aminopenicillanic acid,9.382017043,10003-91-5,CC1(C)S[C@@H]2[C@H](N)C(=O)N2[C@H]1C(=O)O,7.4,,https://doi.org/10.1016/j.chemosphere.2010.07.015,carboxylic acid,Oxygenated organics,"InChI=1S/C8H12N2O3S/c1-8(2)4(7(12)13)10-5(11)3(9)6(10)14-8/h3-4,6H,9H2,1-2H3,(H,12,13)/t3-,4+,6-/m1/s1",NGHVIOIJCVXTGV-ALEPSDHESA-N
3,(+)-6-aminopenicillanic acid),9.431970111,27565-66-8,CC1(C)S[C@@H]2[C@H](N)C(=O)N2[C@H]1C(=O)O,7.4,21,doi.org/10.1016/j.watres.2012.06.006,carboxylic acid,Oxygenated organics,"InChI=1S/C8H12N2O3S/c1-8(2)4(7(12)13)10-5(11)3(9)6(10)14-8/h3-4,6H,9H2,1-2H3,(H,12,13)/t3-,4+,6-/m1/s1",NGHVIOIJCVXTGV-ALEPSDHESA-N
4,"(2,2-Diethoxyethyl)-Benzene",8.84509804,6314-97-2,CCOC(CC1=CC=CC=C1)OCC,9.2,,NIST,benzene,Aromatic & PAHs,"InChI=1S/C12H18O2/c1-3-13-12(14-4-2)10-11-8-6-5-7-9-11/h5-9,12H,3-4,10H2,1-2H3",FYERTDTXGGOMGT-UHFFFAOYSA-N
5,"(2,2-Diethoxyethyl)-Benzene",9.176091259,6314-97-2,CCOC(CC1=CC=CC=C1)OCC,9.2,,NIST,benzene,Aromatic & PAHs,"InChI=1S/C12H18O2/c1-3-13-12(14-4-2)10-11-8-6-5-7-9-11/h5-9,12H,3-4,10H2,1-2H3",FYERTDTXGGOMGT-UHFFFAOYSA-N
6,"(2,3,4-trihydroxy-5-oxopentyl) dihydrogen phosphate",7.397940009,89927-09-3,OC(CO[P](O)(O)=O)C(O)C(O)C=O,,,https://doi.org/10.1021/acs.est.1c04326,phosphorus,Phosphorus-containing organics,"InChI=1S/C5H11O8P/c6-1-3(7)5(9)4(8)2-13-14(10,11)12/h1,3-5,7-9H,2H2,(H2,10,11,12)",PPQRONHOSHZGFQ-UHFFFAOYSA-N
7,"(2R,3R,4S,5R)-2-(6-dimethylaminopurin-9-yl)-5-(hydroxymethyl)oxolane-3,4-diol",9.591064607,131265-29-7,CN(C)c1ncnc2n(cnc12)[C@@H]3O[C@H](CO)[C@@H](O)[C@H]3O,,,https://doi.org/10.1021/acs.est.1c04326,diol,Polyfunctional / highly functionalized,"InChI=1S/C12H17N5O4/c1-16(2)10-7-11(14-4-13-10)17(5-15-7)12-9(20)8(19)6(3-18)21-12/h4-6,8-9,12,18-20H,3H2,1-2H3/t6-,8-,9-,12-/m1/s1",WVGPGNPCZPYCLK-WOUKDFQISA-N
8,(2S)-2-amino-3-(1H-indol-3-yl)propanoic acid,9.3617,25525-59-1,C1=CC=C2C(=C1)C(=CN2)C[C@@H](C(=O)O)N,,,https://doi.org/10.1016/j.jhazmat.2025.138141,amine,Nitrogen-containing organics,"InChI=1S/C11H12N2O2/c12-9(11(14)15)5-7-6-13-10-4-2-1-3-8(7)10/h1-4,6,9,13H,5,12H2,(H,14,15)/t9-/m0/s1",QIVBCDIJIAJPQS-VIFPVBQESA-N
9,(2S)-2-amino-3-(1H-indol-3-yl)propanoic acid,9.3617,25525-59-1,C1=CC=C2C(=C1)C(=CN2)C[C@@H](C(=O)O)N,,,https://doi.org/10.1016/j.jhazmat.2025.138261,amine,Nitrogen-containing organics,"InChI=1S/C11H12N2O2/c12-9(11(14)15)5-7-6-13-10-4-2-1-3-8(7)10/h1-4,6,9,13H,5,12H2,(H,14,15)/t9-/m0/s1",QIVBCDIJIAJPQS-VIFPVBQESA-N
10,(2S)-2-amino-3-(1H-indol-3-yl)propanoic acid,9.361727836,220499-20-7,N[C@@H](Cc1c[nH]c2ccccc12)C(O)=O,,,https://doi.org/10.1021/acs.est.1c04326,amine,Nitrogen-containing organics,"InChI=1S/C11H12N2O2/c12-9(11(14)15)5-7-6-13-10-4-2-1-3-8(7)10/h1-4,6,9,13H,5,12H2,(H,14,15)/t9-/m0/s1",QIVBCDIJIAJPQS-VIFPVBQESA-N
11,(2S)-2-amino-3-(1H-indol-3-yl)propanoic acid,9.3617,25525-59-1,C1=CC=C2C(=C1)C(=CN2)C[C@@H](C(=O)O)N,,,https://doi.org/10.1016/j.jhazmat.2025.137959,amine,Nitrogen-containing organics,"InChI=1S/C11H12N2O2/c12-9(11(14)15)5-7-6-13-10-4-2-1-3-8(7)10/h1-4,6,9,13H,5,12H2,(H,14,15)/t9-/m0/s1",QIVBCDIJIAJPQS-VIFPVBQESA-N
12,(2S)-2-amino-3-(4-hydroxyphenyl)propanoic acid,9.5051,32680-74-3,C1=CC(=CC=C1C[C@@H](C(=O)O)N)O,,,https://doi.org/10.1016/j.jhazmat.2025.138219,phenol,Oxygenated organics,"InChI=1S/C9H11NO3/c10-8(9(12)13)5-6-1-3-7(11)4-2-6/h1-4,8,11H,5,10H2,(H,12,13)/t8-/m0/s1",OUYCCCASQSFEME-QMMMGPOBSA-N
13,(2S)-2-amino-3-(4-hydroxyphenyl)propanoic acid,9.5051,32680-74-3,C1=CC(=CC=C1C[C@@H](C(=O)O)N)O,,,https://doi.org/10.1016/j.jhazmat.2025.137940,phenol,Oxygenated organics,"InChI=1S/C9H11NO3/c10-8(9(12)13)5-6-1-3-7(11)4-2-6/h1-4,8,11H,5,10H2,(H,12,13)/t8-/m0/s1",OUYCCCASQSFEME-QMMMGPOBSA-N
14,(2S)-2-amino-3-(4-hydroxyphenyl)propanoic acid,9.505149978,31325-38-9,N[C@@H](Cc1ccc(O)cc1)C(O)=O,,,https://doi.org/10.1021/acs.est.1c04326,phenol,Oxygenated organics,"InChI=1S/C9H11NO3/c10-8(9(12)13)5-6-1-3-7(11)4-2-6/h1-4,8,11H,5,10H2,(H,12,13)/t8-/m0/s1",OUYCCCASQSFEME-QMMMGPOBSA-N
15,(2S)-2-amino-3-(4-hydroxyphenyl)propanoic acid,9.5051,32680-74-3,C1=CC(=CC=C1C[C@@H](C(=O)O)N)O,,,https://doi.org/10.1016/j.jhazmat.2025.138266,phenol,Oxygenated organics,"InChI=1S/C9H11NO3/c10-8(9(12)13)5-6-1-3-7(11)4-2-6/h1-4,8,11H,5,10H2,(H,12,13)/t8-/m0/s1",OUYCCCASQSFEME-QMMMGPOBSA-N
16,(2S)-2-amino-3-(4-hydroxyphenyl)propanoic acid,9.5051,32680-74-3,C1=CC(=CC=C1C[C@@H](C(=O)O)N)O,,,https://doi.org/10.1016/j.jhazmat.2025.138156,phenol,Oxygenated organics,"InChI=1S/C9H11NO3/c10-8(9(12)13)5-6-1-3-7(11)4-2-6/h1-4,8,11H,5,10H2,(H,12,13)/t8-/m0/s1",OUYCCCASQSFEME-QMMMGPOBSA-N
17,(2S)-2-amino-3-hydroxypropanoic acid,7.361727836,1102888-26-5,N[C@@H](CO)C(O)=O,,,https://doi.org/10.1021/acs.est.1c04326,amine,Nitrogen-containing organics,"InChI=1S/C3H7NO3/c4-2(1-5)3(6)7/h2,5H,1,4H2,(H,6,7)/t2-/m0/s1",MTCFGRXMJLQNBG-REOHCLBHSA-N
18,(2S)-2-amino-4-methylsulfanylbutanoic acid,9.041392685,380447-92-7,CSCC[C@H](N)C(O)=O,,,https://doi.org/10.1021/acs.est.1c04326,amine,Nitrogen-containing organics,"InChI=1S/C5H11NO2S/c1-9-3-2-4(6)5(7)8/h4H,2-3,6H2,1H3,(H,7,8)/t4-/m0/s1",FFEARJCKVFRZRR-BYPYZUCNSA-N
19,"(2S,5R,6R)-6-[[(2R)-2-[(4-ethyl-2,3-dioxopiperazine-1-carbonyl)amino]-2-phenylacetyl]amino]-3,3-dimethyl-7-oxo-4-thia-1-azabicyclo[3.2.0]heptane-2-carboxylic acid",9.0792,4493-18-9,CCN1CCN(C(=O)C1=O)C(=O)N[C@H](C2=CC=CC=C2)C(=O)N[C@H]3[C@@H]4N(C3=O)[C@H](C(S4)(C)C)C(=O)O,,,https://doi.org/10.1016/j.jhazmat.2025.137997,amine,Nitrogen-containing organics,"InChI=1S/C23H27N5O7S/c1-4-26-10-11-27(19(32)18(26)31)22(35)25-13(12-8-6-5-7-9-12)16(29)24-14-17(30)28-15(21(33)34)23(2,3)36-20(14)28/h5-9,13-15,20H,4,10-11H2,1-3H3,(H,24,29)(H,25,35)(H,33,34)/t13-,14-,15+,20-/m1/s1",IVBHGBMCVLDMKU-GXNBUGAJSA-N
20,"(2S,5R,6R)-6-[[(2R)-2-[(4-ethyl-2,3-dioxopiperazine-1-carbonyl)amino]-2-phenylacetyl]amino]-3,3-dimethyl-7-oxo-4-thia-1-azabicyclo[3.2.0]heptane-2-carboxylic acid",9.079181246,20087-62-1,CCN1CCN(C(=O)N[C@@H](C(=O)N[C@H]2[C@H]3SC(C)(C)[C@@H](N3C2=O)C(O)=O)c4ccccc4)C(=O)C1=O,,,https://doi.org/10.1021/acs.est.1c04326,amine,Nitrogen-containing organics,"InChI=1S/C23H27N5O7S/c1-4-26-10-11-27(19(32)18(26)31)22(35)25-13(12-8-6-5-7-9-12)16(29)24-14-17(30)28-15(21(33)34)23(2,3)36-20(14)28/h5-9,13-15,20H,4,10-11H2,1-3H3,(H,24,29)(H,25,35)(H,33,34)/t13-,14-,15+,20-/m1/s1",IVBHGBMCVLDMKU-GXNBUGAJSA-N
21,"(2S,5R,6R)-6-[[(2R)-2-amino-2-(4-hydroxyphenyl)acetyl]amino]-3,3-dimethyl-7-oxo-4-thia-1-azabicyclo[3.2.0]heptane-2-carboxylic acid",9.462397998,525-91-7,CC1(C)S[C@@H]2[C@H](NC(=O)[C@H](N)c3ccc(O)cc3)C(=O)N2[C@H]1C(O)=O,,,https://doi.org/10.1021/acs.est.1c04326,phenol,Oxygenated organics,"InChI=1S/C16H19N3O5S/c1-16(2)11(15(23)24)19-13(22)10(14(19)25-16)18-12(21)9(17)7-3-5-8(20)6-4-7/h3-6,9-11,14,20H,17H2,1-2H3,(H,18,21)(H,23,24)/t9-,10-,11+,14-/m1/s1",LSQZJLSUYDQPKJ-NJBDSQKTSA-N
22,"(2S,5R,6R)-6-[[(2R)-2-amino-2-(4-hydroxyphenyl)acetyl]amino]-3,3-dimethyl-7-oxo-4-thia-1-azabicyclo[3.2.0]heptane-2-carboxylic acid",9.4624,525-91-7,CC1([C@@H](N2[C@H](S1)[C@@H](C2=O)NC(=O)[C@@H](C3=CC=C(C=C3)O)N)C(=O)O)C,,,https://doi.org/10.1016/j.jhazmat.2025.137944,phenol,Oxygenated organics,"InChI=1S/C16H19N3O5S/c1-16(2)11(15(23)24)19-13(22)10(14(19)25-16)18-12(21)9(17)7-3-5-8(20)6-4-7/h3-6,9-11,14,20H,17H2,1-2H3,(H,18,21)(H,23,24)/t9-,10-,11+,14-/m1/s1",LSQZJLSUYDQPKJ-NJBDSQKTSA-N
23,"(2S,5R,6R)-6-[[(2R)-2-amino-2-phenylacetyl]amino]-3,3-dimethyl-7-oxo-4-thia-1-azabicyclo[3.2.0]heptane-2-carboxylic acid",9.301029996,525-91-7,CC1(C)S[C@@H]2[C@H](NC(=O)[C@H](N)c3ccccc3)C(=O)N2[C@H]1C(O)=O,,,https://doi.org/10.1021/acs.est.1c04326,amine,Nitrogen-containing organics,"InChI=1S/C16H19N3O4S/c1-16(2)11(15(22)23)19-13(21)10(14(19)24-16)18-12(20)9(17)8-6-4-3-5-7-8/h3-7,9-11,14H,17H2,1-2H3,(H,18,20)(H,22,23)/t9-,10-,11+,14-/m1/s1",AVKUERGKIZMTKX-NJBDSQKTSA-N
24,"(2S,5R,6R)-6-[[(2R)-2-amino-2-phenylacetyl]amino]-3,3-dimethyl-7-oxo-4-thia-1-azabicyclo[3.2.0]heptane-2-carboxylic acid",9.301,525-91-7,CC1([C@@H](N2[C@H](S1)[C@@H](C2=O)NC(=O)[C@@H](C3=CC=CC=C3)N)C(=O)O)C,,,https://doi.org/10.1016/j.jhazmat.2025.137968,amine,Nitrogen-containing organics,"InChI=1S/C16H19N3O4S/c1-16(2)11(15(22)23)19-13(21)10(14(19)24-16)18-12(20)9(17)8-6-4-3-5-7-8/h3-7,9-11,14H,17H2,1-2H3,(H,18,20)(H,22,23)/t9-,10-,11+,14-/m1/s1",AVKUERGKIZMTKX-NJBDSQKTSA-N
25,"(6R,7R)-3-(acetyloxymethyl)-8-oxo-7-[(2-thiophen-2-ylacetyl)amino]-5-thia-1-azabicyclo[4.2.0]oct-2-ene-2-carboxylic acid",9.541579244,153-61-7,CC(=O)OCC1=C(N2[C@H](SC1)[C@H](NC(=O)Cc3sccc3)C2=O)C(O)=O,,,https://doi.org/10.1021/acs.est.1c04326,amine,Nitrogen-containing organics,"InChI=1S/C16H16N2O6S2/c1-8(19)24-6-9-7-26-15-12(14(21)18(15)13(9)16(22)23)17-11(20)5-10-3-2-4-25-10/h2-4,12,15H,5-7H2,1H3,(H,17,20)(H,22,23)/t12-,15-/m1/s1",XIURVHNZVLADCM-IUODEOHRSA-N
26,(7-amino-desacetoxy-cephalosporanic acid),9.399673721,110683-10-8,CCCCCC1=CC=C(C=C1)/C=C/C(=O)NC2=CC=CC=C2C(=O)O,7.4,,https://doi.org/10.1016/j.chemosphere.2010.07.015,amine,Nitrogen-containing organics,"InChI=1S/C21H23NO3/c1-2-3-4-7-16-10-12-17(13-11-16)14-15-20(23)22-19-9-6-5-8-18(19)21(24)25/h5-6,8-15H,2-4,7H2,1H3,(H,22,23)(H,24,25)/b15-14+",GAMRBCZMOOMBSQ-CCEZHUSRSA-N
27,(7-amino-desacetoxy-cephalosporanic acid),9.399673721,56040-80-3,CC(=O)OCC1=C(C(=O)O)N2C(=O)[C@@H](N)[C@H]2SC1,7.4,21,doi.org/10.1016/j.watres.2012.06.006,amine,Nitrogen-containing organics,"InChI=1S/C10H12N2O5S/c1-4(13)17-2-5-3-18-9-6(11)8(14)12(9)7(5)10(15)16/h6,9H,2-3,11H2,1H3,(H,15,16)/t6-,9-/m1/s1",HSHGZXNAXBPPDL-HZGVNTEJSA-N
28,"(8R,9S,13S,14S,17R)-17-ethynyl-13-methyl-7,8,9,11,12,14,15,16-octahydro-6H-cyclopenta[a]phenanthrene-3,17-diol",9.478566496,28426-34-8,C[C@]12CC[C@H]3[C@@H](CCc4cc(O)ccc34)[C@@H]1CC[C@@]2(O)C#C,,,https://doi.org/10.1021/acs.est.1c04326,diol,Polyfunctional / highly functionalized,"InChI=1S/C20H24O2/c1-3-20(22)11-9-18-17-6-4-13-12-14(21)5-7-15(13)16(17)8-10-19(18,20)2/h1,5,7,12,16-18,21-22H,4,6,8-11H2,2H3/t16-,17-,18+,19+,20+/m1/s1",BFPYWIDHMRZLRN-SLHNCBLASA-N
29,"(8R,9S,13S,14S,17R)-17-ethynyl-13-methyl-7,8,9,11,12,14,15,16-octahydro-6H-cyclopenta[a]phenanthrene-3,17-diol",9.4786,8064-75-3,C[C@]12CC[C@H]3[C@H]([C@@H]1CC[C@]2(C#C)O)CCC4=C3C=CC(=C4)O,,,https://doi.org/10.1016/j.jhazmat.2025.137942,diol,Polyfunctional / highly functionalized,"InChI=1S/C20H24O2/c1-3-20(22)11-9-18-17-6-4-13-12-14(21)5-7-15(13)16(17)8-10-19(18,20)2/h1,5,7,12,16-18,21-22H,4,6,8-11H2,2H3/t16-,17-,18+,19+,20+/m1/s1",BFPYWIDHMRZLRN-SLHNCBLASA-N
30,"(8R,9S,13S,14S,17S)-13-methyl-6,7,8,9,11,12,14,15,16,17-decahydrocyclopenta[a]phenanthrene-3,17-diol",9.08278537,1323-51-9,C[C@]12CC[C@H]3[C@@H](CCc4cc(O)ccc34)[C@@H]1CC[C@@H]2O,,,https://doi.org/10.1021/acs.est.1c04326,diol,Polyfunctional / highly functionalized,"InChI=1S/C18H24O2/c1-18-9-8-14-13-5-3-12(19)10-11(13)2-4-15(14)16(18)6-7-17(18)20/h3,5,10,14-17,19-20H,2,4,6-9H2,1H3/t14-,15-,16+,17+,18+/m1/s1",VOXZDWNPVJITMN-ZBRFXRBCSA-N
31,"(8S,9S,10R,13S,14S,17S)-17-Acetyl-10,13-dimethyl-1,2,6,7,8,9,11,12,14,15,16,17-dodecahydrocyclopenta[a]phenanthren-3-one",9.075546961,5895-84-1,CC(=O)[C@H]1CC[C@H]2[C@@H]3CCC4=CC(=O)CC[C@]4(C)[C@H]3CC[C@]12C,,,https://doi.org/10.1021/acs.est.1c04326,ketone,Oxygenated organics,"InChI=1S/C21H30O2/c1-13(22)17-6-7-18-16-5-4-14-12-15(23)8-10-20(14,2)19(16)9-11-21(17,18)3/h12,16-19H,4-11H2,1-3H3/t16-,17+,18-,19-,20-,21+/m0/s1",RJKFOVLPORLFTN-LEKSSAKUSA-N
32,(CH3CH2CH2)4N+,7.431363764,13010-31-6,CCC[N+](CCC)(CCC)CCC,,,NIST,alkane,Aliphatic hydrocarbons,"InChI=1S/C12H28N/c1-5-9-13(10-6-2,11-7-3)12-8-4/h5-12H2,1-4H3/q+1",OSBSFAARYOCBHB-UHFFFAOYSA-N
33,(E)-but-2-enedioate,7.2041,142-42-7,C(=C/C(=O)[O-])\C(=O)[O-],,,https://doi.org/10.1016/j.jhazmat.2025.138110,dicarboxylic acid,Polyfunctional / highly functionalized,"InChI=1S/C4H4O4/c5-3(6)1-2-4(7)8/h1-2H,(H,5,6)(H,7,8)/p-2/b2-1+",VZCYOOQTPOCHFL-OWOJBTEDSA-L
34,(E)-but-2-enedioate,7.204119983,132641-04-4,[O-]C(=O)/C=C/C([O-])=O,,,https://doi.org/10.1021/acs.est.1c04326,dicarboxylic acid,Polyfunctional / highly functionalized,"InChI=1S/C4H4O4/c5-3(6)1-2-4(7)8/h1-2H,(H,5,6)(H,7,8)/p-2/b2-1+",VZCYOOQTPOCHFL-OWOJBTEDSA-L
35,(Z)-but-2-enedioate,7.204119983,65072-38-0,O=C([O-])/C=C\C([O-])=O,,,https://doi.org/10.1021/acs.est.1c04326,dicarboxylic acid,Polyfunctional / highly functionalized,"InChI=1S/C4H4O4/c5-3(6)1-2-4(7)8/h1-2H,(H,5,6)(H,7,8)/p-2/b2-1-",VZCYOOQTPOCHFL-UPHRSURJSA-L
36,"1 ,4-Dimethoxy-benzene",9.857332496,150-78-7,COc1ccc(OC)cc1,,25,doi.org/10.1016/j.watres.2012.06.006,benzene,Aromatic & PAHs,"InChI=1S/C8H10O2/c1-9-7-3-5-8(10-2)6-4-7/h3-6H,1-2H3",OHBQPCCCRFSCAX-UHFFFAOYSA-N
37,1 -butanol,7.9085,71-36-3,CCCCO,,,https://doi.org/10.1016/j.jhazmat.2025.138190,alcohol,Oxygenated organics,"InChI=1S/C4H10O/c1-2-3-4-5/h5H,2-4H2,1H3",LRHPLDYGYMQRHN-UHFFFAOYSA-N
38,1 -butanol,7.908485019,71-36-3,CCCCO,,22.85,10.1002/kin.550210807,alcohol,Oxygenated organics,"InChI=1S/C4H10O/c1-2-3-4-5/h5H,2-4H2,1H3",LRHPLDYGYMQRHN-UHFFFAOYSA-N
39,"1,1,1,2,2-pentadeuterio-2-deuteriooxyethane",7.278753601,61260-04-6,C(C(O[2H])([2H])[2H])([2H])([2H])[2H],,,https://doi.org/10.1021/acs.est.1c04326,alcohol,Oxygenated organics,"InChI=1S/C2H6O/c1-2-3/h3H,2H2,1H3/i1D3,2D2,3D",LFQSCWFLJHTTHZ-LIDOUZCJSA-N
40,"1,1,1-Trichloroethane",7.06069784,71-55-6,CC(Cl)(Cl)Cl,,,https://doi.org/10.1021/acs.est.1c04326,halogenated,Halogenated organics,"InChI=1S/C2H3Cl3/c1-2(3,4)5/h1H3",UOCLXMDMGBRAIB-UHFFFAOYSA-N
41,"1,1,1-Trifluoro-2-iodoethane",9.146128036,353-83-3,C(C(F)(F)F)I,,,NIST,halogenated,Halogenated organics,"InChI=1S/C2H2F3I/c3-2(4,5)1-6/h1H2",RKOUFQLNMRAACI-UHFFFAOYSA-N
42,"1,1,1-trifluoro-2-iodoethane",9.146128036,353-83-3,FC(F)(F)CI,,,https://doi.org/10.1021/acs.est.1c04326,halogenated,Halogenated organics,"InChI=1S/C2H2F3I/c3-2(4,5)1-6/h1H2",RKOUFQLNMRAACI-UHFFFAOYSA-N
43,"1,1,2-TRICHLOROETHANE",6.498310554,171086-93-4,ClCC(Cl)Cl,,,https://doi.org/10.1021/acs.est.1c04326,halogenated,Halogenated organics,"InChI=1S/C2H3Cl3/c3-1-2(4)5/h2H,1H2",UBOXGVDOUJQMTN-UHFFFAOYSA-N
44,"1,1-Dimethylguanidine",8.662757832,6145-42-2,CN(C)C(N)=N,,,https://doi.org/10.1021/acs.est.1c04326,amine,Nitrogen-containing organics,"InChI=1S/C3H9N3/c1-6(2)3(4)5/h1-2H3,(H3,4,5)",SWSQBOPZIKWTGO-UHFFFAOYSA-N
45,"1,1-dimethylguanidine",8.6628,6145-42-2,CN(C)C(=N)N.CN(C)C(=N)N.OS(=O)(=O)O,,,https://doi.org/10.1016/j.jhazmat.2025.138251,amine,Nitrogen-containing organics,"InChI=1S/2C3H9N3.H2O4S/c2*1-6(2)3(4)5;1-5(2,3)4/h2*1-2H3,(H3,4,5);(H2,1,2,3,4)",QSCHFHVDZCPIKX-UHFFFAOYSA-N
46,"1,1-dimethylguanidine",8.662757832,6145-42-2,CN(C)C(=N)N,7,25,10.1021/acs.est.5b03078,amine,Nitrogen-containing organics,"InChI=1S/C3H9N3/c1-6(2)3(4)5/h1-2H3,(H3,4,5)",SWSQBOPZIKWTGO-UHFFFAOYSA-N
47,"1,2,3,4,5,6-hexafluorobenzene",8.851258349,91711-70-5,Fc1c(F)c(F)c(F)c(F)c1F,,,https://doi.org/10.1021/acs.est.1c04326,halogenated,Halogenated organics,InChI=1S/C6F6/c7-1-2(8)4(10)6(12)5(11)3(1)9,ZQBFAOFFOQMSGJ-UHFFFAOYSA-N
48,"1,2,3,4,5-pentafluoro-6-iodobenzene",8.51851394,1099597-57-5,Fc1c(F)c(F)c(I)c(F)c1F,,,https://doi.org/10.1021/acs.est.1c04326,halogenated,Halogenated organics,InChI=1S/C6F5I/c7-1-2(8)4(10)6(12)5(11)3(1)9,OPYHNLNYCRZOGY-UHFFFAOYSA-N
49,"1,2,3-Trimethoxybenzene",9.903089987,634-36-6,COc1cccc(OC)c1OC,7,,10.1063/1.555808,ether,Oxygenated organics,"InChI=1S/C9H12O3/c1-10-7-5-4-6-8(11-2)9(7)12-3/h4-6H,1-3H3",CRUILBNAQILVHZ-UHFFFAOYSA-N
50,"1,2,3-Trimethoxybenzene",9.9031,634-36-6,COC1=C(C(=CC=C1)OC)OC,,,https://doi.org/10.1016/j.jhazmat.2025.137904,ether,Oxygenated organics,"InChI=1S/C9H12O3/c1-10-7-5-4-6-8(11-2)9(7)12-3/h4-6H,1-3H3",CRUILBNAQILVHZ-UHFFFAOYSA-N
51,"1,2,3-Trimethoxybenzene",9.84509804,634-36-6,COc1cccc(OC)c1OC,,,https://doi.org/10.1021/acs.est.1c04326,ether,Oxygenated organics,"InChI=1S/C9H12O3/c1-10-7-5-4-6-8(11-2)9(7)12-3/h4-6H,1-3H3",CRUILBNAQILVHZ-UHFFFAOYSA-N
52,"1,2,3-Trimethoxybenzene",9.84509804,634-36-6,COC1=C(C(=CC=C1)OC)OC,,,NIST,ether,Oxygenated organics,"InChI=1S/C9H12O3/c1-10-7-5-4-6-8(11-2)9(7)12-3/h4-6H,1-3H3",CRUILBNAQILVHZ-UHFFFAOYSA-N
53,"1,2,3-Trimethoxybenzene",8.77815125,634-36-6,COC1=C(C(=CC=C1)OC)OC,>4,,https://doi.org/10.1021/j100592a013,ether,Oxygenated organics,"InChI=1S/C9H12O3/c1-10-7-5-4-6-8(11-2)9(7)12-3/h4-6H,1-3H3",CRUILBNAQILVHZ-UHFFFAOYSA-N
54,"1,2,3-Trimethoxybenzene",9.7782,634-36-6,COC1=C(C(=CC=C1)OC)OC,,,https://doi.org/10.1016/j.chemosphere.2023.138881,ether,Oxygenated organics,"InChI=1S/C9H12O3/c1-10-7-5-4-6-8(11-2)9(7)12-3/h4-6H,1-3H3",CRUILBNAQILVHZ-UHFFFAOYSA-N
55,"1,2,3-propanetriol",7.568201724,25618-55-7,C(C(CO)O)O,~6,,https://doi.org/10.1039/B908461B,diol,Polyfunctional / highly functionalized,"InChI=1S/C3H8O3/c4-1-3(6)2-5/h3-6H,1-2H2",PEDCQBHIVMGVHV-UHFFFAOYSA-N
56,"1,2,3-trimethoxy-benzene",9.84509804,634-36-6,COc1cccc(OC)c1OC,7,20,10.1063/1.555808,benzene,Aromatic & PAHs,"InChI=1S/C9H12O3/c1-10-7-5-4-6-8(11-2)9(7)12-3/h4-6H,1-3H3",CRUILBNAQILVHZ-UHFFFAOYSA-N
57,"1,2,3鈥揟rimethoxy benzene",9.8451,634-36-6,COc1cccc(OC)c1OC,,,https://doi.org/10.4236/aim.2019.95029,benzene,Aromatic & PAHs,"InChI=1S/C9H12O3/c1-10-7-5-4-6-8(11-2)9(7)12-3/h4-6H,1-3H3",CRUILBNAQILVHZ-UHFFFAOYSA-N
58,"1,2,4,5-Benzenetetracarboxylate ion",7.2304,6634-01-1,O=C(C(C=C1C(OCC)=O)=C(C=C1C(OCC)=O)C(OCC)=O)OCC,,,https://doi.org/10.1016/j.chemosphere.2023.138818,ester,Oxygenated organics,"InChI=1S/C18H22O8/c1-5-23-15(19)11-9-13(17(21)25-7-3)14(18(22)26-8-4)10-12(11)16(20)24-6-2/h9-10H,5-8H2,1-4H3",FRBIXZIRQKZWGN-UHFFFAOYSA-N
59,"1,2,4,5-Benzenetetracarboxylic acid",7.230448921,138522-79-9,C1=C(C(=CC(=C1C(=O)O)C(=O)O)C(=O)O)C(=O)O,9,,NIST,carboxylic acid,Oxygenated organics,"InChI=1S/C10H6O8/c11-7(12)3-1-4(8(13)14)6(10(17)18)2-5(3)9(15)16/h1-2H,(H,11,12)(H,13,14)(H,15,16)(H,17,18)",CYIDZMCFTVVTJO-UHFFFAOYSA-N
60,"1,2,4-C6H3(OCH3)3",8.892094603,135-77-3,COc1ccc(OC)c(OC)c1,,,NIST,ether,Oxygenated organics,"InChI=1S/C9H12O3/c1-10-7-4-5-8(11-2)9(6-7)12-3/h4-6H,1-3H3",AGIQIOSHSMJYJP-UHFFFAOYSA-N
61,"1,2,4-Trimethoxy-benzene",8.892094603,135-77-3,COc1ccc(OC)c(OC)c1,,25,10.1063/1.555808,benzene,Aromatic & PAHs,"InChI=1S/C9H12O3/c1-10-7-4-5-8(11-2)9(6-7)12-3/h4-6H,1-3H3",AGIQIOSHSMJYJP-UHFFFAOYSA-N
62,"1,2,4-Trimethoxybenzene",9.8921,135-77-3,COC1=CC(=C(C=C1)OC)OC,,,https://doi.org/10.1016/j.jhazmat.2025.137905,ether,Oxygenated organics,"InChI=1S/C9H12O3/c1-10-7-4-5-8(11-2)9(6-7)12-3/h4-6H,1-3H3",AGIQIOSHSMJYJP-UHFFFAOYSA-N
63,"1,2,4-Trimethoxybenzene",8.892094603,23149-34-0,COc1ccc(OC)c(OC)c1,,,https://doi.org/10.1021/acs.est.1c04326,ether,Oxygenated organics,"InChI=1S/C9H12O3/c1-10-7-4-5-8(11-2)9(6-7)12-3/h4-6H,1-3H3",AGIQIOSHSMJYJP-UHFFFAOYSA-N
64,"1,2,4-Trimethoxybenzene",9.892094603,135-77-3,COC1=CC(=C(C=C1)OC)OC,>4,,https://doi.org/10.1021/j100592a013,ether,Oxygenated organics,"InChI=1S/C9H12O3/c1-10-7-4-5-8(11-2)9(6-7)12-3/h4-6H,1-3H3",AGIQIOSHSMJYJP-UHFFFAOYSA-N
65,"1,2,4-Trimethoxybenzene",9.892094603,135-77-3,COc1ccc(OC)c(OC)c1,7,,10.1063/1.555808,ether,Oxygenated organics,"InChI=1S/C9H12O3/c1-10-7-4-5-8(11-2)9(6-7)12-3/h4-6H,1-3H3",AGIQIOSHSMJYJP-UHFFFAOYSA-N
66,"1,2,4-trimethoxy-benzene",9.892094603,135-77-3,COc1ccc(OC)c(OC)c1,7,20,10.1063/1.555808,benzene,Aromatic & PAHs,"InChI=1S/C9H12O3/c1-10-7-4-5-8(11-2)9(6-7)12-3/h4-6H,1-3H3",AGIQIOSHSMJYJP-UHFFFAOYSA-N
67,"1,2,4-trimethoxy-benzene",9.8921,135-77-3,COc1ccc(OC)c(OC)c1,,,https://doi.org/10.1016/j.chemosphere.2023.138879,benzene,Aromatic & PAHs,"InChI=1S/C9H12O3/c1-10-7-4-5-8(11-2)9(6-7)12-3/h4-6H,1-3H3",AGIQIOSHSMJYJP-UHFFFAOYSA-N
68,"1,2,4鈥揟rimethoxybenzene",9.8921,135-77-3,COc1ccc(OC)c(OC)c1,,,https://doi.org/10.4236/aim.2019.95029,ether,Oxygenated organics,"InChI=1S/C9H12O3/c1-10-7-4-5-8(11-2)9(6-7)12-3/h4-6H,1-3H3",AGIQIOSHSMJYJP-UHFFFAOYSA-N
69,"1,2-DICHLORO-4-(CHLOROMETHYL)BENZENE",8.301029996,102-47-6,ClCc1ccc(Cl)c(Cl)c1,,,https://doi.org/10.1021/acs.est.1c04326,halogenated,Halogenated organics,"InChI=1S/C7H5Cl3/c8-4-5-1-2-6(9)7(10)3-5/h1-3H,4H2",YZIFVWOCPGPNHB-UHFFFAOYSA-N
70,"1,2-DICHLORO-4-(CHLOROMETHYL)BENZENE",8.301,102-47-6,C1=CC(=C(C=C1CCl)Cl)Cl,,,https://doi.org/10.1016/j.jhazmat.2025.138030,halogenated,Halogenated organics,"InChI=1S/C7H5Cl3/c8-4-5-1-2-6(9)7(10)3-5/h1-3H,4H2",YZIFVWOCPGPNHB-UHFFFAOYSA-N
71,"1,2-Dibromobenzene",8.6021,26249-12-7,C1=CC=C(C(=C1)Br)Br,,,https://doi.org/10.1016/j.jhazmat.2025.138025,halogenated,Halogenated organics,InChI=1S/C6H4Br2/c7-5-3-1-2-4-6(5)8/h1-4H,WQONPSCCEXUXTQ-UHFFFAOYSA-N
72,"1,2-Dibromobenzene",8.602059991,1643577-34-7,Brc1ccccc1Br,,,https://doi.org/10.1021/acs.est.1c04326,halogenated,Halogenated organics,InChI=1S/C6H4Br2/c7-5-3-1-2-4-6(5)8/h1-4H,WQONPSCCEXUXTQ-UHFFFAOYSA-N
73,"1,2-Dichlorobenzene",8.77815125,1092840-89-5,Clc1ccccc1Cl,,,https://doi.org/10.1021/acs.est.1c04326,halogenated,Halogenated organics,InChI=1S/C6H4Cl2/c7-5-3-1-2-4-6(5)8/h1-4H,RFFLAFLAYFXFSW-UHFFFAOYSA-N
74,"1,2-Dichlorobenzene",8.7782,95-50-1,C1=CC=C(C(=C1)Cl)Cl,,,https://doi.org/10.1016/j.jhazmat.2025.138020,halogenated,Halogenated organics,InChI=1S/C6H4Cl2/c7-5-3-1-2-4-6(5)8/h1-4H,RFFLAFLAYFXFSW-UHFFFAOYSA-N
75,"1,2-Dimethoxy-benzene",9.698970004,91-16-7,COc1ccccc1OC,,25,10.1063/1.555808,benzene,Aromatic & PAHs,"InChI=1S/C8H10O2/c1-9-7-5-3-4-6-8(7)10-2/h3-6H,1-2H3",ABDKAPXRBAPSQN-UHFFFAOYSA-N
76,"1,2-Dimethoxybenzene",9.698970004,126840-15-1,COc1ccccc1OC,,,https://doi.org/10.1021/acs.est.1c04326,ether,Oxygenated organics,"InChI=1S/C8H10O2/c1-9-7-5-3-4-6-8(7)10-2/h3-6H,1-2H3",ABDKAPXRBAPSQN-UHFFFAOYSA-N
77,"1,2-Dimethoxybenzene",9.699,91-16-7,COC1=CC=CC=C1OC,,,https://doi.org/10.1016/j.jhazmat.2025.137919,ether,Oxygenated organics,"InChI=1S/C8H10O2/c1-9-7-5-3-4-6-8(7)10-2/h3-6H,1-2H3",ABDKAPXRBAPSQN-UHFFFAOYSA-N
78,"1,2-Dimethoxybenzene",9.8573,91-16-7,COC1=CC=CC=C1OC,,,https://doi.org/10.1016/j.chemosphere.2023.138882,ether,Oxygenated organics,"InChI=1S/C8H10O2/c1-9-7-5-3-4-6-8(7)10-2/h3-6H,1-2H3",ABDKAPXRBAPSQN-UHFFFAOYSA-N
79,"1,2-Dimethoxybenzene",9.698970004,91-16-7,COc1ccccc1OC,7,,10.1063/1.555808,ether,Oxygenated organics,"InChI=1S/C8H10O2/c1-9-7-5-3-4-6-8(7)10-2/h3-6H,1-2H3",ABDKAPXRBAPSQN-UHFFFAOYSA-N
80,"1,2-Dimethoxybenzene",9.698970004,91-16-7,COC1=CC=CC=C1OC,>4,,https://doi.org/10.1021/j100592a013,ether,Oxygenated organics,"InChI=1S/C8H10O2/c1-9-7-5-3-4-6-8(7)10-2/h3-6H,1-2H3",ABDKAPXRBAPSQN-UHFFFAOYSA-N
81,"1,2-Ethanediol, diacetate",6.146128036,111-55-7,CC(=O)OCCOC(=O)C,,,NIST,diol,Polyfunctional / highly functionalized,"InChI=1S/C6H10O4/c1-5(7)9-3-4-10-6(2)8/h3-4H2,1-2H3",JTXMVXSTHSMVQF-UHFFFAOYSA-N
82,"1,2-dichloro-4-methylbenzene",8.9542,95-75-0,CC1=CC(=C(C=C1)Cl)Cl,,,https://doi.org/10.1016/j.jhazmat.2025.138011,halogenated,Halogenated organics,"InChI=1S/C7H6Cl2/c1-5-2-3-6(8)7(9)4-5/h2-4H,1H3",WYUIWKFIFOJVKW-UHFFFAOYSA-N
83,"1,2-dichloro-4-methylbenzene",8.954242509,2160-24-9,Cc1ccc(Cl)c(Cl)c1,,,https://doi.org/10.1021/acs.est.1c04326,halogenated,Halogenated organics,"InChI=1S/C7H6Cl2/c1-5-2-3-6(8)7(9)4-5/h2-4H,1H3",WYUIWKFIFOJVKW-UHFFFAOYSA-N
84,"1,2-dimethoxy-benzene",9.698970004,91-16-7,COc1ccccc1OC,7,20,10.1063/1.555808,benzene,Aromatic & PAHs,"InChI=1S/C8H10O2/c1-9-7-5-3-4-6-8(7)10-2/h3-6H,1-2H3",ABDKAPXRBAPSQN-UHFFFAOYSA-N
85,"1,2-ethanediol",7.431363764,60317-39-7,C(CO)O,~6,,https://doi.org/10.1039/B908459B,diol,Polyfunctional / highly functionalized,"InChI=1S/C2H6O2/c3-1-2-4/h3-4H,1-2H2",LYCAIKOWRPUZTN-UHFFFAOYSA-N
86,"1,2-propanediol",7.633468456,4254-15-3,CC(CO)O,~6,,https://doi.org/10.1039/B908460B,diol,Polyfunctional / highly functionalized,"InChI=1S/C3H8O2/c1-3(5)2-4/h3-5H,2H2,1H3",DNIAPMSPPWPWGF-UHFFFAOYSA-N
87,"1,2鈥揇imethoxybenzene",9.699,91-16-7,COC1=CC=CC=C1OC,,,https://doi.org/10.4236/aim.2019.95029,ether,Oxygenated organics,"InChI=1S/C8H10O2/c1-9-7-5-3-4-6-8(7)10-2/h3-6H,1-2H3",ABDKAPXRBAPSQN-UHFFFAOYSA-N
88,"1,3,5,6-tetramethylpyrimidine-2,4-dione",9.612783857,59264-09-4,O=C1N(C)C(C(C)=C(C)N1C)=O,,,https://doi.org/10.1021/acs.est.1c04326,heterocycle,Heterocycles,InChI=1S/C8H12N2O2/c1-5-6(2)9(3)8(12)10(4)7(5)11/h1-4H3,UOIDCYCXQCVIPE-UHFFFAOYSA-N
89,"1,3,5,6-tetramethylpyrimidine-2,4-dione",9.6128,59264-09-4,CC1=C(N(C(=O)N(C1=O)C)C)C,,,https://doi.org/10.1016/j.jhazmat.2025.138272,heterocycle,Heterocycles,InChI=1S/C8H12N2O2/c1-5-6(2)9(3)8(12)10(4)7(5)11/h1-4H3,UOIDCYCXQCVIPE-UHFFFAOYSA-N
90,"1,3,5,6-tetramethylpyrimidine-2,4-dione",9.6128,59264-09-4,CC1=C(N(C(=O)N(C1=O)C)C)C,,,https://doi.org/10.1016/j.jhazmat.2025.138059,heterocycle,Heterocycles,InChI=1S/C8H12N2O2/c1-5-6(2)9(3)8(12)10(4)7(5)11/h1-4H3,UOIDCYCXQCVIPE-UHFFFAOYSA-N
91,"1,3,5,6-tetramethylpyrimidine-2,4-dione",9.612783857,59264-09-4,CC1=C(N(C(=O)N(C1=O)C)C)C,,,NIST,heterocycle,Heterocycles,InChI=1S/C8H12N2O2/c1-5-6(2)9(3)8(12)10(4)7(5)11/h1-4H3,UOIDCYCXQCVIPE-UHFFFAOYSA-N
92,"1,3,5-Benzenetricarboxylic acid",7.919078092,554-95-0,C1=C(C=C(C=C1C(=O)O)C(=O)O)C(=O)O,9,,NIST,carboxylic acid,Oxygenated organics,"InChI=1S/C9H6O6/c10-7(11)4-1-5(8(12)13)3-6(2-4)9(14)15/h1-3H,(H,10,11)(H,12,13)(H,14,15)",QMKYBPDZANOJGF-UHFFFAOYSA-N
93,"1,3,5-Triazine",7.908485019,10556-98-6,C1=NC=NC=N1,,,https://doi.org/10.1021/acs.est.1c04326,triazine,Heterocycles,InChI=1S/C3H3N3/c1-4-2-6-3-5-1/h1-3H,JIHQDMXYYFUGFV-UHFFFAOYSA-N
94,"1,3,5-Trimethoxy-benzene",8.255272505,591228-81-8,COc1cccc(OC)c1OC,,25,10.1063/1.555808,benzene,Aromatic & PAHs,"InChI=1S/C9H12O3/c1-10-7-5-4-6-8(11-2)9(7)12-3/h4-6H,1-3H3",CRUILBNAQILVHZ-UHFFFAOYSA-N
95,"1,3,5-Trimethoxybenzene",9.380211242,1015-96-9,COc1cc(OC)cc(OC)c1,7.8,,https://doi.org/10.1021/j100495a028,ether,Oxygenated organics,"InChI=1S/C9H12O3/c1-10-7-4-8(11-2)6-9(5-7)12-3/h4-6H,1-3H3",LKUDPHPHKOZXCD-UHFFFAOYSA-N
96,"1,3,5-Trimethoxybenzene",9.255272505,621-23-8,COc1cc(OC)cc(OC)c1,7,,10.1021/acs.est.5b03078,ether,Oxygenated organics,"InChI=1S/C9H12O3/c1-10-7-4-8(11-2)6-9(5-7)12-3/h4-6H,1-3H3",LKUDPHPHKOZXCD-UHFFFAOYSA-N
97,"1,3,5-Trimethoxybenzene",9.322219295,79173-14-1,COc1cc(OC)cc(OC)c1,,,https://doi.org/10.1021/acs.est.1c04326,ether,Oxygenated organics,"InChI=1S/C9H12O3/c1-10-7-4-8(11-2)6-9(5-7)12-3/h4-6H,1-3H3",LKUDPHPHKOZXCD-UHFFFAOYSA-N
98,"1,3,5-Trimethoxybenzene",9.255272505,621-23-8,COC1=CC(=CC(=C1)OC)OC,>4,,https://doi.org/10.1021/j100592a013,ether,Oxygenated organics,"InChI=1S/C9H12O3/c1-10-7-4-8(11-2)6-9(5-7)12-3/h4-6H,1-3H3",LKUDPHPHKOZXCD-UHFFFAOYSA-N
99,"1,3,5-Trimethylbenzene",9.113943352,1274-07-3,Cc1cc(C)cc(C)c1,,,https://doi.org/10.1021/acs.est.1c04326,benzene,Aromatic & PAHs,"InChI=1S/C9H12/c1-7-4-8(2)6-9(3)5-7/h4-6H,1-3H3",AUHZEENZYGFFBQ-UHFFFAOYSA-N
100,"1,3,5-Trimethylbenzene",9.1139,108-67-8,CC1=CC(=CC(=C1)C)C,,,https://doi.org/10.1016/j.jhazmat.2025.137995,benzene,Aromatic & PAHs,"InChI=1S/C9H12/c1-7-4-8(2)6-9(3)5-7/h4-6H,1-3H3",AUHZEENZYGFFBQ-UHFFFAOYSA-N
101,"1,3,5-trimethoxy-benzene",9.255272505,621-23-8,COc1cc(OC)cc(OC)c1,7,20,10.1021/acs.est.5b03078,benzene,Aromatic & PAHs,"InChI=1S/C9H12O3/c1-10-7-4-8(11-2)6-9(5-7)12-3/h4-6H,1-3H3",LKUDPHPHKOZXCD-UHFFFAOYSA-N
102,"1,3,5-trimethoxy-benzene",9.415,621-23-8,COC1=CC(=CC(=C1)OC)OC,,,https://doi.org/10.1016/j.chemosphere.2023.138880,benzene,Aromatic & PAHs,"InChI=1S/C9H12O3/c1-10-7-4-8(11-2)6-9(5-7)12-3/h4-6H,1-3H3",LKUDPHPHKOZXCD-UHFFFAOYSA-N
103,"1,3,6-Me3U",9.698970004,13509-52-9,O=C(N1C)C=C(C)N(C)C1=O,,,NIST,heterocycle,Heterocycles,"InChI=1S/C7H10N2O2/c1-5-4-6(10)9(3)7(11)8(5)2/h4H,1-3H3",GRDXZRWCQWDLPG-UHFFFAOYSA-N
104,"1,3,6-Me3U",9.544068044,13509-52-9,O=C(N1C)C=C(C)N(C)C1=O,,,NIST,heterocycle,Heterocycles,"InChI=1S/C7H10N2O2/c1-5-4-6(10)9(3)7(11)8(5)2/h4H,1-3H3",GRDXZRWCQWDLPG-UHFFFAOYSA-N
105,"1,3,7,8-tetramethylbenzo[g]pteridine-2,4-dione",9.832508913,14684-48-1,O=C(N1C)N(C)C2=NC3=CC(C)=C(C)C=C3N=C2C1=O,,,https://doi.org/10.1021/acs.est.1c04326,heterocycle,Heterocycles,"InChI=1S/C14H14N4O2/c1-7-5-9-10(6-8(7)2)16-12-11(15-9)13(19)18(4)14(20)17(12)3/h5-6H,1-4H3",YWHPEKPXGLQMJO-UHFFFAOYSA-N
106,"1,3,7,8-tetramethylbenzo[g]pteridine-2,4-dione",9.8325,14684-48-1,CC1=CC2=C(C=C1C)N=C3C(=N2)C(=O)N(C(=O)N3C)C,,,https://doi.org/10.1016/j.jhazmat.2025.137911,heterocycle,Heterocycles,"InChI=1S/C14H14N4O2/c1-7-5-9-10(6-8(7)2)16-12-11(15-9)13(19)18(4)14(20)17(12)3/h5-6H,1-4H3",YWHPEKPXGLQMJO-UHFFFAOYSA-N
107,"1,3-C6H4(OCH3)2",9.84509804,151-10-0,COC1=CC=CC(OC)=C1,,,NIST,ether,Oxygenated organics,"InChI=1S/C8H10O2/c1-9-7-4-3-5-8(6-7)10-2/h3-6H,1-2H3",DPZNOMCNRMUKPS-UHFFFAOYSA-N
108,"1,3-DIBROMOBENZENE",8.698970004,1616983-07-3,Brc1cccc(Br)c1,,,https://doi.org/10.1021/acs.est.1c04326,halogenated,Halogenated organics,InChI=1S/C6H4Br2/c7-5-2-1-3-6(8)4-5/h1-4H,JSRLURSZEMLAFO-UHFFFAOYSA-N
109,"1,3-DIBROMOBENZENE",8.699,108-36-1,C1=CC(=CC(=C1)Br)Br,,,https://doi.org/10.1016/j.jhazmat.2025.138023,halogenated,Halogenated organics,InChI=1S/C6H4Br2/c7-5-2-1-3-6(8)4-5/h1-4H,JSRLURSZEMLAFO-UHFFFAOYSA-N
110,"1,3-DIOXANE",7.531478917,15042-60-1,C1COCOC1,,,https://doi.org/10.1021/acs.est.1c04326,ether,Oxygenated organics,InChI=1S/C4H8O2/c1-2-5-4-6-3-1/h1-4H2,VDFVNEFVBPFDSB-UHFFFAOYSA-N
111,"1,3-Dichlorobenzene",9.0414,541-73-1,C1=CC(=CC(=C1)Cl)Cl,,,https://doi.org/10.1016/j.jhazmat.2025.138001,halogenated,Halogenated organics,InChI=1S/C6H4Cl2/c7-5-2-1-3-6(8)4-5/h1-4H,ZPQOPVIELGIULI-UHFFFAOYSA-N
112,"1,3-Dichlorobenzene",9.041392685,541-73-1,Clc1cccc(Cl)c1,,,https://doi.org/10.1021/acs.est.1c04326,halogenated,Halogenated organics,InChI=1S/C6H4Cl2/c7-5-2-1-3-6(8)4-5/h1-4H,ZPQOPVIELGIULI-UHFFFAOYSA-N
113,"1,3-Dimethoxy-benzene",9.84509804,151-10-0,COc1cccc(OC)c1,,25,10.1016/j.chemosphere.2018.12.156,benzene,Aromatic & PAHs,"InChI=1S/C8H10O2/c1-9-7-4-3-5-8(6-7)10-2/h3-6H,1-2H3",DPZNOMCNRMUKPS-UHFFFAOYSA-N
114,"1,3-Dimethoxybenzene",9.8451,151-10-0,COC1=CC(=CC=C1)OC,,,https://doi.org/10.1016/j.chemosphere.2023.138883,ether,Oxygenated organics,"InChI=1S/C8H10O2/c1-9-7-4-3-5-8(6-7)10-2/h3-6H,1-2H3",DPZNOMCNRMUKPS-UHFFFAOYSA-N
115,"1,3-Dimethoxybenzene",9.8451,151-10-0,COC1=CC(=CC=C1)OC,,,https://doi.org/10.1016/j.jhazmat.2025.137910,ether,Oxygenated organics,"InChI=1S/C8H10O2/c1-9-7-4-3-5-8(6-7)10-2/h3-6H,1-2H3",DPZNOMCNRMUKPS-UHFFFAOYSA-N
116,"1,3-Dimethoxybenzene",9.84509804,151-10-0,COc1cccc(OC)c1,7,,10.1016/j.chemosphere.2018.12.156,ether,Oxygenated organics,"InChI=1S/C8H10O2/c1-9-7-4-3-5-8(6-7)10-2/h3-6H,1-2H3",DPZNOMCNRMUKPS-UHFFFAOYSA-N
117,"1,3-Dimethoxybenzene",9.84509804,27598-81-8,COc1cccc(OC)c1,,,https://doi.org/10.1021/acs.est.1c04326,ether,Oxygenated organics,"InChI=1S/C8H10O2/c1-9-7-4-3-5-8(6-7)10-2/h3-6H,1-2H3",DPZNOMCNRMUKPS-UHFFFAOYSA-N
118,"1,3-Dimethoxybenzene",9.84509804,151-10-0,COC1=CC(=CC=C1)OC,>4,,https://doi.org/10.1021/j100592a013,ether,Oxygenated organics,"InChI=1S/C8H10O2/c1-9-7-4-3-5-8(6-7)10-2/h3-6H,1-2H3",DPZNOMCNRMUKPS-UHFFFAOYSA-N
119,"1,3-Dimethyllumichrome",9.832508913,14684-48-1,CC1=CC2=C(C=C1C)N=C3C(=N2)C(=O)N(C(=O)N3C)C,5.5,,NIST,heterocycle,Heterocycles,"InChI=1S/C14H14N4O2/c1-7-5-9-10(6-8(7)2)16-12-11(15-9)13(19)18(4)14(20)17(12)3/h5-6H,1-4H3",YWHPEKPXGLQMJO-UHFFFAOYSA-N
120,"1,3-Dimethyluracil",9.740362689,874-14-6,CN1C=CC(=O)N(C1=O)C,,,NIST,heterocycle,Heterocycles,"InChI=1S/C6H8N2O2/c1-7-4-3-5(9)8(2)6(7)10/h3-4H,1-2H3",JSDBKAHWADVXFU-UHFFFAOYSA-N
121,"1,3-Dimethyluracil",9.698970004,874-14-6,CN1C=CC(=O)N(C1=O)C,,,NIST,heterocycle,Heterocycles,"InChI=1S/C6H8N2O2/c1-7-4-3-5(9)8(2)6(7)10/h3-4H,1-2H3",JSDBKAHWADVXFU-UHFFFAOYSA-N
122,"1,3-Dioxane",7.531478917,505-22-6,C1COCOC1,,,NIST,ether,Oxygenated organics,InChI=1S/C4H8O2/c1-2-5-4-6-3-1/h1-4H2,VDFVNEFVBPFDSB-UHFFFAOYSA-N
123,"1,3-Propanediol, diacetate",6.633468456,628-66-0,CC(=O)OCCCOC(=O)C,,,NIST,diol,Polyfunctional / highly functionalized,"InChI=1S/C7H12O4/c1-6(8)10-4-3-5-11-7(2)9/h3-5H2,1-2H3",DSVGICPKBRQDDX-UHFFFAOYSA-N
124,"1,3-dichloro-2-(dichloromethyl)benzene",8.301,81-19-6,C1=CC(=C(C(=C1)Cl)C(Cl)Cl)Cl,,,https://doi.org/10.1016/j.jhazmat.2025.138031,halogenated,Halogenated organics,"InChI=1S/C7H4Cl4/c8-4-2-1-3-5(9)6(4)7(10)11/h1-3,7H",QQPXXHAEIGVZKQ-UHFFFAOYSA-N
125,"1,3-dichloro-2-(dichloromethyl)benzene",8.301029996,56961-85-4,ClC(Cl)c1c(Cl)cccc1Cl,,,https://doi.org/10.1021/acs.est.1c04326,halogenated,Halogenated organics,"InChI=1S/C7H4Cl4/c8-4-2-1-3-5(9)6(4)7(10)11/h1-3,7H",QQPXXHAEIGVZKQ-UHFFFAOYSA-N
126,"1,3-dichloro-2-methylbenzene",8.602059991,1036587-85-5,Cc1c(Cl)cccc1Cl,,,https://doi.org/10.1021/acs.est.1c04326,halogenated,Halogenated organics,"InChI=1S/C7H6Cl2/c1-5-6(8)3-2-4-7(5)9/h2-4H,1H3",DMEDNTFWIHCBRK-UHFFFAOYSA-N
127,"1,3-dichloro-2-methylbenzene",8.6021,118-69-4,CC1=C(C=CC=C1Cl)Cl,,,https://doi.org/10.1016/j.jhazmat.2025.138024,halogenated,Halogenated organics,"InChI=1S/C7H6Cl2/c1-5-6(8)3-2-4-7(5)9/h2-4H,1H3",DMEDNTFWIHCBRK-UHFFFAOYSA-N
128,"1,3-dimethoxy-benzene",9.84509804,151-10-0,COc1cccc(OC)c1,7,20,10.1016/j.chemosphere.2018.12.156,benzene,Aromatic & PAHs,"InChI=1S/C8H10O2/c1-9-7-4-3-5-8(6-7)10-2/h3-6H,1-2H3",DPZNOMCNRMUKPS-UHFFFAOYSA-N
129,"1,3-dimethoxy-benzene",9.8451,151-10-0,COC1=CC(=CC=C1)OC,,,https://doi.org/10.1016/j.chemosphere.2023.138878,benzene,Aromatic & PAHs,"InChI=1S/C8H10O2/c1-9-7-4-3-5-8(6-7)10-2/h3-6H,1-2H3",DPZNOMCNRMUKPS-UHFFFAOYSA-N
130,"1,3-dioxane",7.53529412,505-22-6,C1COCOC1,7,24.4,doi.org/10.1016/j.watres.2012.06.006,ether,Oxygenated organics,InChI=1S/C4H8O2/c1-2-5-4-6-3-1/h1-4H2,VDFVNEFVBPFDSB-UHFFFAOYSA-N
131,"1,3-dioxane",7.374748346,16731-95-6,C1COCOC1,7.5,9.1,doi.org/10.1016/j.watres.2012.06.006,ether,Oxygenated organics,InChI=1S/C4H8O2/c1-2-5-4-6-3-1/h1-4H2,VDFVNEFVBPFDSB-UHFFFAOYSA-N
132,"1,3鈥揇imethoxy-benzene",9.8451,151-10-0,COc1cccc(OC)c1,,,https://doi.org/10.4236/aim.2019.95029,benzene,Aromatic & PAHs,"InChI=1S/C8H10O2/c1-9-7-4-3-5-8(6-7)10-2/h3-6H,1-2H3",DPZNOMCNRMUKPS-UHFFFAOYSA-N
133,"1,4-Butanediol, diacetate",7.113943352,628-67-1,CC(=O)OCCCCOC(=O)C,,,NIST,ester,Oxygenated organics,"InChI=1S/C8H14O4/c1-7(9)11-5-3-4-6-12-8(2)10/h3-6H2,1-2H3",XUKSWKGOQKREON-UHFFFAOYSA-N
134,"1,4-C6H4(OCH3)2",9.857332496,150-78-7,,,,NIST,ether,Oxygenated organics,,
135,"1,4-Diazabicyclo[2.2.2]octane",9.4277,280-57-9,C1CN2CCN1CC2,,,https://doi.org/10.1016/j.jhazmat.2025.138303,alkane,Aliphatic hydrocarbons,InChI=1S/C6H12N2/c1-2-8-5-3-7(1)4-6-8/h1-6H2,IMNIMPAHZVJRPE-UHFFFAOYSA-N
136,"1,4-Dimethoxybenzene",9.857332496,75626-18-5,COc1ccc(OC)cc1,,,https://doi.org/10.1021/acs.est.1c04326,ether,Oxygenated organics,"InChI=1S/C8H10O2/c1-9-7-3-5-8(10-2)6-4-7/h3-6H,1-2H3",OHBQPCCCRFSCAX-UHFFFAOYSA-N
137,"1,4-Dimethoxybenzene",9.857332496,150-78-7,COC1=CC=C(C=C1)OC,>4,,https://doi.org/10.1021/j100592a013,ether,Oxygenated organics,"InChI=1S/C8H10O2/c1-9-7-3-5-8(10-2)6-4-7/h3-6H,1-2H3",OHBQPCCCRFSCAX-UHFFFAOYSA-N
138,"1,4-Dimethoxybenzene",9.857332496,150-78-7,COc1ccc(OC)cc1,7,,doi.org/10.1016/j.watres.2012.06.006,ether,Oxygenated organics,"InChI=1S/C8H10O2/c1-9-7-3-5-8(10-2)6-4-7/h3-6H,1-2H3",OHBQPCCCRFSCAX-UHFFFAOYSA-N
139,"1,4-Dimethoxybenzene",9.8573,150-78-7,COC1=CC=C(C=C1)OC,,,https://doi.org/10.1016/j.chemosphere.2023.138884,ether,Oxygenated organics,"InChI=1S/C8H10O2/c1-9-7-3-5-8(10-2)6-4-7/h3-6H,1-2H3",OHBQPCCCRFSCAX-UHFFFAOYSA-N
140,"1,4-Dimethoxybenzene",9.8573,150-78-7,COC1=CC=C(C=C1)OC,,,https://doi.org/10.1016/j.jhazmat.2025.137907,ether,Oxygenated organics,"InChI=1S/C8H10O2/c1-9-7-3-5-8(10-2)6-4-7/h3-6H,1-2H3",OHBQPCCCRFSCAX-UHFFFAOYSA-N
141,"1,4-Dimethylbenzene",9.431363764,1214386-99-8,Cc1ccc(C)cc1,,,https://doi.org/10.1021/acs.est.1c04326,benzene,Aromatic & PAHs,"InChI=1S/C8H10/c1-7-3-5-8(2)6-4-7/h3-6H,1-2H3",URLKBWYHVLBVBO-UHFFFAOYSA-N
142,"1,4-Dimethylbenzene",9.4314,106-42-3,CC1=CC=C(C=C1)C,,,https://doi.org/10.1016/j.jhazmat.2025.137950,benzene,Aromatic & PAHs,"InChI=1S/C8H10/c1-7-3-5-8(2)6-4-7/h3-6H,1-2H3",URLKBWYHVLBVBO-UHFFFAOYSA-N
143,"1,4-Dioxane",7.86332286,54841-74-6,C1COCCO1,,,10.1002/kin.550250307,ether,Oxygenated organics,InChI=1S/C4H8O2/c1-2-6-4-3-5-1/h1-4H2,RYHBNJHYFVUHQT-UHFFFAOYSA-N
144,"1,4-Dioxane",7.71432976,123799-84-8,C1COCCO1,,,https://doi.org/10.1021/acs.est.1c04326,ether,Oxygenated organics,InChI=1S/C4H8O2/c1-2-6-4-3-5-1/h1-4H2,RYHBNJHYFVUHQT-UHFFFAOYSA-N
145,"1,4-dimethoxy-benzene",9.857332496,150-78-7,COc1ccc(OC)cc1,7,20,doi.org/10.1016/j.watres.2012.06.006,benzene,Aromatic & PAHs,"InChI=1S/C8H10O2/c1-9-7-3-5-8(10-2)6-4-7/h3-6H,1-2H3",OHBQPCCCRFSCAX-UHFFFAOYSA-N
146,"1,4-dioxane",7.857332496,71348-41-9,C1COCCO1,7~8,,https://doi.org/10.1002/kin.550210802,ether,Oxygenated organics,InChI=1S/C4H8O2/c1-2-6-4-3-5-1/h1-4H2,RYHBNJHYFVUHQT-UHFFFAOYSA-N
147,"1,4-dioxane",7.612783857,649539-03-7,C1CCOOC1,7~8,,https://doi.org/10.1021/j100176a055,ether,Oxygenated organics,InChI=1S/C4H8O2/c1-2-4-6-5-3-1/h1-4H2,OIXUJRCCNNHWFI-UHFFFAOYSA-N
148,"1,4-dioxane",7.612783857,54841-74-6,C1COCCO1,7,23,10.1002/kin.550250307,ether,Oxygenated organics,InChI=1S/C4H8O2/c1-2-6-4-3-5-1/h1-4H2,RYHBNJHYFVUHQT-UHFFFAOYSA-N
149,"1,4-dioxane",7.819543936,87998-96-7,C1COCCO1,7~8,,https://doi.org/10.1016/j.radphyschem.2012.01.025,ether,Oxygenated organics,InChI=1S/C4H8O2/c1-2-6-4-3-5-1/h1-4H2,RYHBNJHYFVUHQT-UHFFFAOYSA-N
150,"1,4-dioxane",7.611723308,54841-74-6,C1COCCO1,7,25,10.1002/kin.550250307,ether,Oxygenated organics,InChI=1S/C4H8O2/c1-2-6-4-3-5-1/h1-4H2,RYHBNJHYFVUHQT-UHFFFAOYSA-N
151,"1,4-dioxane",7.204119983,54841-74-6,C1COCCO1,7.5,20,10.1002/kin.550250307,ether,Oxygenated organics,InChI=1S/C4H8O2/c1-2-6-4-3-5-1/h1-4H2,RYHBNJHYFVUHQT-UHFFFAOYSA-N
152,"1,4-dioxane",7.204119983,54841-74-6,C1COCCO1,7~8,,10.1021/j100495a028,ether,Oxygenated organics,InChI=1S/C4H8O2/c1-2-6-4-3-5-1/h1-4H2,RYHBNJHYFVUHQT-UHFFFAOYSA-N
153,"1,4-dioxane (p-C4H802)",7.496929648,25136-55-4,C1COCCO1,7.5,9.4,10.1002/kin.550250307,ether,Oxygenated organics,InChI=1S/C4H8O2/c1-2-6-4-3-5-1/h1-4H2,RYHBNJHYFVUHQT-UHFFFAOYSA-N
154,"1,4鈥揇imethoxybenzene",9.8573,151-10-0,COc1cccc(OC)c1,,,https://doi.org/10.4236/aim.2019.95029,ether,Oxygenated organics,"InChI=1S/C8H10O2/c1-9-7-4-3-5-8(6-7)10-2/h3-6H,1-2H3",DPZNOMCNRMUKPS-UHFFFAOYSA-N
155,"1,5-Diacetoxypentane",7.633468456,6963-44-6,CC(=O)OCCCCCOC(=O)C,,,NIST,ester,Oxygenated organics,"InChI=1S/C9H16O4/c1-8(10)12-6-4-3-5-7-13-9(2)11/h3-7H2,1-2H3",PIJBVCVBCQOWMM-UHFFFAOYSA-N
156,"1,5-dimethylpyrimidine-2,4-dione",9.699,4160-72-9,CC1=CN(C(=O)NC1=O)C,,,https://doi.org/10.1016/j.jhazmat.2025.138242,heterocycle,Heterocycles,"InChI=1S/C6H8N2O2/c1-4-3-8(2)6(10)7-5(4)9/h3H,1-2H3,(H,7,9,10)",GKMIDMKPBOUSBQ-UHFFFAOYSA-N
157,"1,5-dimethylpyrimidine-2,4-dione",9.699,4160-72-9,CC1=CN(C(=O)NC1=O)C,,,https://doi.org/10.1016/j.jhazmat.2025.138281,heterocycle,Heterocycles,"InChI=1S/C6H8N2O2/c1-4-3-8(2)6(10)7-5(4)9/h3H,1-2H3,(H,7,9,10)",GKMIDMKPBOUSBQ-UHFFFAOYSA-N
158,"1,5-dimethylpyrimidine-2,4-dione",9.699,4160-72-9,CC1=CN(C(=O)NC1=O)C,,,https://doi.org/10.1016/j.jhazmat.2025.138050,heterocycle,Heterocycles,"InChI=1S/C6H8N2O2/c1-4-3-8(2)6(10)7-5(4)9/h3H,1-2H3,(H,7,9,10)",GKMIDMKPBOUSBQ-UHFFFAOYSA-N
159,"1,5-dimethylpyrimidine-2,4-dione",9.698970004,122353-48-4,CN1C=C(C)C(=O)NC1=O,,,https://doi.org/10.1021/acs.est.1c04326,heterocycle,Heterocycles,"InChI=1S/C6H8N2O2/c1-4-3-8(2)6(10)7-5(4)9/h3H,1-2H3,(H,7,9,10)",GKMIDMKPBOUSBQ-UHFFFAOYSA-N
160,"1,5-dimethylpyrimidine-2,4-dione",9.699,4160-72-9,CC1=CN(C(=O)NC1=O)C,,,https://doi.org/10.1016/j.jhazmat.2025.138063,heterocycle,Heterocycles,"InChI=1S/C6H8N2O2/c1-4-3-8(2)6(10)7-5(4)9/h3H,1-2H3,(H,7,9,10)",GKMIDMKPBOUSBQ-UHFFFAOYSA-N
161,"1,7,7-trimethylbicyclo[2.2.1]heptan-6-ol",8.722633923,83697-03-4,CC1(C)C2CCC1(C)C(O)C2,,,https://doi.org/10.1021/acs.est.1c04326,alcohol,Oxygenated organics,"InChI=1S/C10H18O/c1-9(2)7-4-5-10(9,3)8(11)6-7/h7-8,11H,4-6H2,1-3H3",DTGKSKDOIYIVQL-UHFFFAOYSA-N
162,"1,7,7-trimethylbicyclo[2.2.1]heptan-6-ol",8.7226,6627-72-1,C1COCCO1,,,https://doi.org/10.1016/j.jhazmat.2025.138202,alcohol,Oxygenated organics,InChI=1S/C4H8O2/c1-2-6-4-3-5-1/h1-4H2,RYHBNJHYFVUHQT-UHFFFAOYSA-N
163,"1,7,8-trimethylbenzo[g]pteridine-2,4-dione",9.8451,18950-64-6,CC1=CC2=C(C=C1C)N=C3C(=N2)C(=O)NC(=O)N3C,,,https://doi.org/10.1016/j.jhazmat.2025.138071,heterocycle,Heterocycles,"InChI=1S/C13H12N4O2/c1-6-4-8-9(5-7(6)2)15-11-10(14-8)12(18)16-13(19)17(11)3/h4-5H,1-3H3,(H,16,18,19)",JMJYJUDFYYXGBX-UHFFFAOYSA-N
164,"1,7,8-trimethylbenzo[g]pteridine-2,4-dione",9.8451,18950-64-6,CC1=CC2=C(C=C1C)N=C3C(=N2)C(=O)NC(=O)N3C,,,https://doi.org/10.1016/j.jhazmat.2025.137908,heterocycle,Heterocycles,"InChI=1S/C13H12N4O2/c1-6-4-8-9(5-7(6)2)15-11-10(14-8)12(18)16-13(19)17(11)3/h4-5H,1-3H3,(H,16,18,19)",JMJYJUDFYYXGBX-UHFFFAOYSA-N
165,"1,7,8-trimethylbenzo[g]pteridine-2,4-dione",9.8451,18950-64-6,CC1=CC2=C(C=C1C)N=C3C(=N2)C(=O)NC(=O)N3C,,,https://doi.org/10.1016/j.jhazmat.2025.138287,heterocycle,Heterocycles,"InChI=1S/C13H12N4O2/c1-6-4-8-9(5-7(6)2)15-11-10(14-8)12(18)16-13(19)17(11)3/h4-5H,1-3H3,(H,16,18,19)",JMJYJUDFYYXGBX-UHFFFAOYSA-N
166,"1,7,8-trimethylbenzo[g]pteridine-2,4-dione",9.84509804,18950-64-6,O=C(N1)N(C)C2=NC3=CC(C)=C(C)C=C3N=C2C1=O,,,https://doi.org/10.1021/acs.est.1c04326,heterocycle,Heterocycles,"InChI=1S/C13H12N4O2/c1-6-4-8-9(5-7(6)2)15-11-10(14-8)12(18)16-13(19)17(11)3/h4-5H,1-3H3,(H,16,18,19)",JMJYJUDFYYXGBX-UHFFFAOYSA-N
167,1-Bromo-2-chlorobenzene,8.84509804,1208077-22-8,Clc1ccccc1Br,,,https://doi.org/10.1021/acs.est.1c04326,halogenated,Halogenated organics,InChI=1S/C6H4BrCl/c7-5-3-1-2-4-6(5)8/h1-4H,QBELEDRHMPMKHP-UHFFFAOYSA-N
168,1-Bromo-2-chlorobenzene,8.8451,694-80-4,C1=CC=C(C(=C1)Cl)Br,,,https://doi.org/10.1016/j.jhazmat.2025.138016,halogenated,Halogenated organics,InChI=1S/C6H4BrCl/c7-5-3-1-2-4-6(5)8/h1-4H,QBELEDRHMPMKHP-UHFFFAOYSA-N
169,1-Bromo-2-methylbenzene,9.3617,95-46-5,CC1=CC=CC=C1Br,,,https://doi.org/10.1016/j.jhazmat.2025.137961,halogenated,Halogenated organics,"InChI=1S/C7H7Br/c1-6-4-2-3-5-7(6)8/h2-5H,1H3",QSSXJPIWXQTSIX-UHFFFAOYSA-N
170,1-Bromo-2-methylbenzene,9.361727836,1700550-43-1,Cc1ccccc1Br,,,https://doi.org/10.1021/acs.est.1c04326,halogenated,Halogenated organics,"InChI=1S/C7H7Br/c1-6-4-2-3-5-7(6)8/h2-5H,1H3",QSSXJPIWXQTSIX-UHFFFAOYSA-N
171,1-Bromo-3-methylbenzene,9.2304,591-17-3,CC1=CC(=CC=C1)Br,,,https://doi.org/10.1016/j.jhazmat.2025.137982,halogenated,Halogenated organics,"InChI=1S/C7H7Br/c1-6-3-2-4-7(8)5-6/h2-5H,1H3",WJIFKOVZNJTSGO-UHFFFAOYSA-N
172,1-Bromo-3-methylbenzene,9.230448921,1369833-16-8,Cc1cccc(Br)c1,,,https://doi.org/10.1021/acs.est.1c04326,halogenated,Halogenated organics,"InChI=1S/C7H7Br/c1-6-3-2-4-7(8)5-6/h2-5H,1H3",WJIFKOVZNJTSGO-UHFFFAOYSA-N
173,1-Bromo-4-methylbenzene,9,1700550-43-1,Cc1ccc(Br)cc1,,,https://doi.org/10.1021/acs.est.1c04326,halogenated,Halogenated organics,"InChI=1S/C7H7Br/c1-6-2-4-7(8)5-3-6/h2-5H,1H3",ZBTMRBYMKUEVEU-UHFFFAOYSA-N
174,1-Bromo-4-methylbenzene,9,106-38-7,CC1=CC=C(C=C1)Br,,,https://doi.org/10.1016/j.jhazmat.2025.138003,halogenated,Halogenated organics,"InChI=1S/C7H7Br/c1-6-2-4-7(8)5-3-6/h2-5H,1H3",ZBTMRBYMKUEVEU-UHFFFAOYSA-N
175,1-BuOH,7.908485019,71-36-3,,,,NIST,alcohol,Oxygenated organics,,
176,1-CHLORO-3-METHOXYBENZENE,10.07918125,1261808-32-5,COc1cccc(Cl)c1,,,https://doi.org/10.1021/acs.est.1c04326,halogenated,Halogenated organics,"InChI=1S/C7H7ClO/c1-9-7-4-2-3-6(8)5-7/h2-5H,1H3",YUKILTJWFRTXGB-UHFFFAOYSA-N
177,1-Chloro-2-(chloromethyl)benzene,8.84509804,640296-73-7,ClCc1ccccc1Cl,,,https://doi.org/10.1021/acs.est.1c04326,halogenated,Halogenated organics,"InChI=1S/C7H6Cl2/c8-5-6-3-1-2-4-7(6)9/h1-4H,5H2",BASMANVIUSSIIM-UHFFFAOYSA-N
178,1-Chloro-2-(chloromethyl)benzene,8.8451,11-19-8,C1=CC=C(C(=C1)CCl)Cl,,,https://doi.org/10.1016/j.jhazmat.2025.138015,halogenated,Halogenated organics,"InChI=1S/C7H6Cl2/c8-5-6-3-1-2-4-7(6)9/h1-4H,5H2",BASMANVIUSSIIM-UHFFFAOYSA-N
179,1-Chloro-2-(trifluoromethyl)benzene,8,1208079-27-9,FC(F)(F)c1ccccc1Cl,,,https://doi.org/10.1021/acs.est.1c04326,halogenated,Halogenated organics,"InChI=1S/C7H4ClF3/c8-6-4-2-1-3-5(6)7(9,10)11/h1-4H",DGRVQOKCSKDWIH-UHFFFAOYSA-N
180,1-Chloro-2-(trifluoromethyl)benzene,8,52181-51-8,C1=CC=C(C(=C1)C(F)(F)F)Cl,,,https://doi.org/10.1016/j.jhazmat.2025.138039,halogenated,Halogenated organics,"InChI=1S/C7H4ClF3/c8-6-4-2-1-3-5(6)7(9,10)11/h1-4H",DGRVQOKCSKDWIH-UHFFFAOYSA-N
181,1-Chloro-2-methylbenzene,9.230448921,,Cc1ccccc1Cl,,,https://doi.org/10.1021/acs.est.1c04326,halogenated,Halogenated organics,"InChI=1S/C7H7Cl/c1-6-4-2-3-5-7(6)8/h2-5H,1H3",IBSQPLPBRSHTTG-UHFFFAOYSA-N
182,1-Chloro-2-methylbenzene,9.2304,95-49-8,CC1=CC=CC=C1Cl,,,https://doi.org/10.1016/j.jhazmat.2025.137981,halogenated,Halogenated organics,"InChI=1S/C7H7Cl/c1-6-4-2-3-5-7(6)8/h2-5H,1H3",IBSQPLPBRSHTTG-UHFFFAOYSA-N
183,1-Chloro-3-fluoro-2-methylbenzene,9.079181246,2379321-88-5,Cc1c(F)cccc1Cl,,,https://doi.org/10.1021/acs.est.1c04326,halogenated,Halogenated organics,"InChI=1S/C7H6ClF/c1-5-6(8)3-2-4-7(5)9/h2-4H,1H3",FNPVYRJTBXHIPB-UHFFFAOYSA-N
184,1-Chloro-3-fluoro-2-methylbenzene,9.0792,443-83-4,CC1=C(C=CC=C1Cl)F,,,https://doi.org/10.1016/j.jhazmat.2025.137998,halogenated,Halogenated organics,"InChI=1S/C7H6ClF/c1-5-6(8)3-2-4-7(5)9/h2-4H,1H3",FNPVYRJTBXHIPB-UHFFFAOYSA-N
185,1-Chloro-3-fluorobenzene,9,625-98-9,C1=CC(=CC(=C1)Cl)F,,,https://doi.org/10.1016/j.jhazmat.2025.138005,halogenated,Halogenated organics,InChI=1S/C6H4ClF/c7-5-2-1-3-6(8)4-5/h1-4H,VZHJIJZEOCBKRA-UHFFFAOYSA-N
186,1-Chloro-3-fluorobenzene,9,208186-78-1,Fc1cccc(Cl)c1,,,https://doi.org/10.1021/acs.est.1c04326,halogenated,Halogenated organics,InChI=1S/C6H4ClF/c7-5-2-1-3-6(8)4-5/h1-4H,VZHJIJZEOCBKRA-UHFFFAOYSA-N
187,1-Chloro-3-methylbenzene,8.9542,108-41-8,CC1=CC(=CC=C1)Cl,,,https://doi.org/10.1016/j.jhazmat.2025.138010,halogenated,Halogenated organics,"InChI=1S/C7H7Cl/c1-6-3-2-4-7(8)5-6/h2-5H,1H3",OSOUNOBYRMOXQQ-UHFFFAOYSA-N
188,1-Chloro-3-methylbenzene,8.954242509,344612-25-5,Cc1cccc(Cl)c1,,,https://doi.org/10.1021/acs.est.1c04326,halogenated,Halogenated organics,"InChI=1S/C7H7Cl/c1-6-3-2-4-7(8)5-6/h2-5H,1H3",OSOUNOBYRMOXQQ-UHFFFAOYSA-N
189,1-Chloro-4-methylbenzene,9.0414,106-43-4,CC1=CC=C(C=C1)Cl,,,https://doi.org/10.1016/j.jhazmat.2025.138000,halogenated,Halogenated organics,"InChI=1S/C7H7Cl/c1-6-2-4-7(8)5-3-6/h2-5H,1H3",NPDACUSDTOMAMK-UHFFFAOYSA-N
190,1-Chloro-4-methylbenzene,9.041392685,357292-37-6,Cc1ccc(Cl)cc1,,,https://doi.org/10.1021/acs.est.1c04326,halogenated,Halogenated organics,"InChI=1S/C7H7Cl/c1-6-2-4-7(8)5-3-6/h2-5H,1H3",NPDACUSDTOMAMK-UHFFFAOYSA-N
191,1-Chloronaphthalene,9.1139,25586-43-0,C1=CC=C2C(=C1)C=CC=C2Cl,,,https://doi.org/10.1016/j.jhazmat.2025.137996,halogenated,Halogenated organics,InChI=1S/C10H7Cl/c11-10-7-3-5-8-4-1-2-6-9(8)10/h1-7H,JTPNRXUCIXHOKM-UHFFFAOYSA-N
192,1-Chloronaphthalene,9.113943352,90-13-1,C1=CC=C2C(=C1)C=CC=C2Cl,3.5,,NIST,halogenated,Halogenated organics,InChI=1S/C10H7Cl/c11-10-7-3-5-8-4-1-2-6-9(8)10/h1-7H,JTPNRXUCIXHOKM-UHFFFAOYSA-N
193,1-Chloronaphthalene,9.113943352,1261661-94-2,Clc1cccc2ccccc12,,,https://doi.org/10.1021/acs.est.1c04326,halogenated,Halogenated organics,InChI=1S/C10H7Cl/c11-10-7-3-5-8-4-1-2-6-9(8)10/h1-7H,JTPNRXUCIXHOKM-UHFFFAOYSA-N
194,1-Ethylnaphthalene,9.3222,1127-76-0,CCC1=CC=CC2=CC=CC=C21,,,https://doi.org/10.1016/j.jhazmat.2025.137963,benzene,Aromatic & PAHs,"InChI=1S/C12H12/c1-2-10-7-5-8-11-6-3-4-9-12(10)11/h3-9H,2H2,1H3",ZMXIYERNXPIYFR-UHFFFAOYSA-N
195,1-Ethylnaphthalene,9.322219295,,CCc1cccc2ccccc12,,,https://doi.org/10.1021/acs.est.1c04326,benzene,Aromatic & PAHs,"InChI=1S/C12H12/c1-2-10-7-5-8-11-6-3-4-9-12(10)11/h3-9H,2H2,1H3",ZMXIYERNXPIYFR-UHFFFAOYSA-N
196,1-Heptanol,8.397940009,111-70-6,CCCCCCCO,,,NIST,alcohol,Oxygenated organics,"InChI=1S/C7H16O/c1-2-3-4-5-6-7-8/h8H,2-7H2,1H3",BBMCTIGTTCKYKF-UHFFFAOYSA-N
197,1-Heptanol,8.447158031,111-70-6,CC(C)(C)CO,,22,10.1016/j.watres.2017.03.015,alcohol,Oxygenated organics,"InChI=1S/C5H12O/c1-5(2,3)4-6/h6H,4H2,1-3H3",KPSSIOMAKSHJJG-UHFFFAOYSA-N
198,1-Heptanol,7.342422681,111-70-6,CC(C)O,,,10.1021/acs.est.5b03078,alcohol,Oxygenated organics,"InChI=1S/C3H8O/c1-3(2)4/h3-4H,1-2H3",KFZMGEQAYNKOFK-UHFFFAOYSA-N
199,1-Hexanol,8.204119983,111-27-3,CCCCCCO,,,NIST,alcohol,Oxygenated organics,"InChI=1S/C6H14O/c1-2-3-4-5-6-7/h7H,2-6H2,1H3",ZSIAUFGUXNUGDI-UHFFFAOYSA-N
200,"1-Methyl-2,4-dinitrobenzene",6.8195,121-14-2,CC1=C(C=C(C=C1)[N+](=O)[O-])[N+](=O)[O-],,,https://doi.org/10.1016/j.jhazmat.2025.138046,nitro,Nitrogen-containing organics,"InChI=1S/C7H6N2O4/c1-5-2-3-6(8(10)11)4-7(5)9(12)13/h2-4H,1H3",RMBFBMJGBANMMK-UHFFFAOYSA-N
201,"1-Methyl-2,4-dinitrobenzene",6.819543936,957758-21-3,Cc1ccc(cc1[N+]([O-])=O)[N+]([O-])=O,,,https://doi.org/10.1021/acs.est.1c04326,nitro,Nitrogen-containing organics,"InChI=1S/C7H6N2O4/c1-5-2-3-6(8(10)11)4-7(5)9(12)13/h2-4H,1H3",RMBFBMJGBANMMK-UHFFFAOYSA-N
202,1-Methylguanosine,9.662757832,2140-65-0,CN1C(=O)C2=C(N=C1N)N(C=N2)[C@H]3[C@@H]([C@@H]([C@H](O3)CO)O)O,7,,NIST,imidazole,Heterocycles,"InChI=1S/C11H15N5O5/c1-15-9(20)5-8(14-11(15)12)16(3-13-5)10-7(19)6(18)4(2-17)21-10/h3-4,6-7,10,17-19H,2H2,1H3,(H2,12,14)/t4-,6-,7-,10-/m1/s1",UTAIYTHAJQNQDW-KQYNXXCUSA-N
203,1-Methylindole,9.3726,603-76-9,CN1C=CC2=CC=CC=C21,,,https://doi.org/10.1016/j.jhazmat.2025.138321,heterocycle,Heterocycles,"InChI=1S/C9H9N/c1-10-7-6-8-4-2-3-5-9(8)10/h2-7H,1H3",BLRHMMGNCXNXJL-UHFFFAOYSA-N
204,1-Methyllumichrome,9.84509804,18950-64-6,,,,NIST,heterocycle,Heterocycles,,
205,1-Methylnaphthalene,9.4472,90-12-0,CC1=CC=CC2=CC=CC=C12,,,https://doi.org/10.1016/j.jhazmat.2025.137947,benzene,Aromatic & PAHs,"InChI=1S/C11H10/c1-9-5-4-7-10-6-2-3-8-11(9)10/h2-8H,1H3",QPUYECUOLPXSFR-UHFFFAOYSA-N
206,1-Methylnaphthalene,9.447158031,90-12-0,Cc1cccc2ccccc12,,,https://doi.org/10.1021/acs.est.1c04326,benzene,Aromatic & PAHs,"InChI=1S/C11H10/c1-9-5-4-7-10-6-2-3-8-11(9)10/h2-8H,1H3",QPUYECUOLPXSFR-UHFFFAOYSA-N
207,1-Methylnaphthalene,9.447158031,90-12-0,CC1=CC=CC2=CC=CC=C12,3.5,,NIST,benzene,Aromatic & PAHs,"InChI=1S/C11H10/c1-9-5-4-7-10-6-2-3-8-11(9)10/h2-8H,1H3",QPUYECUOLPXSFR-UHFFFAOYSA-N
208,1-Methylthymine,9.698970004,4160-72-9,CC1=CN(C(=O)NC1=O)C,,,NIST,heterocycle,Heterocycles,"InChI=1S/C6H8N2O2/c1-4-3-8(2)6(10)7-5(4)9/h3H,1-2H3,(H,7,9,10)",GKMIDMKPBOUSBQ-UHFFFAOYSA-N
209,1-Naphthaleneethanol,9.447158031,773-99-9,C1=CC=C2C(=C1)C=CC=C2CCO,3.5,,NIST,alcohol,Oxygenated organics,"InChI=1S/C12H12O/c13-9-8-11-6-3-5-10-4-1-2-7-12(10)11/h1-7,13H,8-9H2",RXWNCMHRJCOWDK-UHFFFAOYSA-N
210,1-Naphthylacetic acid,9.544068044,86-87-3,C1=CC=C2C(=C1)C=CC=C2CC(=O)O,3.5,,NIST,carboxylic acid,Oxygenated organics,"InChI=1S/C12H10O2/c13-12(14)8-10-6-3-5-9-4-1-2-7-11(9)10/h1-7H,8H2,(H,13,14)",PRPINYUDVPFIRX-UHFFFAOYSA-N
211,1-Naphthylacetic acid,9.176091259,86-87-3,C1=CC=C2C(=C1)C=CC=C2CC(=O)O,3.5,,NIST,carboxylic acid,Oxygenated organics,"InChI=1S/C12H10O2/c13-12(14)8-10-6-3-5-9-4-1-2-7-11(9)10/h1-7H,8H2,(H,13,14)",PRPINYUDVPFIRX-UHFFFAOYSA-N
212,1-Octanol,8.505149978,111-87-5,CCCCCCCCO,,,NIST,alcohol,Oxygenated organics,"InChI=1S/C8H18O/c1-2-3-4-5-6-7-8-9/h9H,2-8H2,1H3",KBPLFHHGFOOTCA-UHFFFAOYSA-N
213,1-Pentanol,8.113943352,71-41-0,CCCCCO,,,NIST,alcohol,Oxygenated organics,"InChI=1S/C5H12O/c1-2-3-4-5-6/h6H,2-5H2,1H3",AMQJEAYHLZJPGS-UHFFFAOYSA-N
214,1-Phenylethanone,8.4914,98-86-2,CC(=O)C1=CC=CC=C1,,,https://doi.org/10.1016/j.jhazmat.2025.138078,ketone,Oxygenated organics,"InChI=1S/C8H8O/c1-7(9)8-5-3-2-4-6-8/h2-6H,1H3",KWOLFJPFCHCOCG-UHFFFAOYSA-N
215,1-Phenylethanone,8.491361694,68527-49-1,CC(=O)c1ccccc1,,,https://doi.org/10.1021/acs.est.1c04326,ketone,Oxygenated organics,"InChI=1S/C8H8O/c1-7(9)8-5-3-2-4-6-8/h2-6H,1H3",KWOLFJPFCHCOCG-UHFFFAOYSA-N
216,1-Phenylethanone,8.4914,98-86-2,CC(=O)C1=CC=CC=C1,,,https://doi.org/10.1016/j.jhazmat.2025.138029,ketone,Oxygenated organics,"InChI=1S/C8H8O/c1-7(9)8-5-3-2-4-6-8/h2-6H,1H3",KWOLFJPFCHCOCG-UHFFFAOYSA-N
217,1-PrOH,7.681241237,71-23-8,,9,,NIST,alcohol,Oxygenated organics,,
218,"1-Propanol, 2,2-dimethyl-",7.397940009,75-84-3,CC(C)(C)CO,,,NIST,alcohol,Oxygenated organics,"InChI=1S/C5H12O/c1-5(2,3)4-6/h6H,4H2,1-3H3",KPSSIOMAKSHJJG-UHFFFAOYSA-N
219,"1-Propanol, 2-methyl-",8.113943352,78-83-1,CC(C)CO,,,NIST,alcohol,Oxygenated organics,"InChI=1S/C4H10O/c1-4(2)3-5/h4-5H,3H2,1-2H3",ZXEKIIBDNHEJCQ-UHFFFAOYSA-N
220,"1-[(2R,4S,5R)-4-hydroxy-5-(hydroxymethyl)oxolan-2-yl]-3,5-dimethylpyrimidine-2,4-dione",9.544068044,3650-91-7,CN1C(=O)N(C=C(C)C1=O)[C@H]2C[C@H](O)[C@@H](CO)O2,,,https://doi.org/10.1021/acs.est.1c04326,alcohol,Oxygenated organics,"InChI=1S/C11H16N2O5/c1-6-4-13(11(17)12(2)10(6)16)9-3-7(15)8(5-14)18-9/h4,7-9,14-15H,3,5H2,1-2H3/t7-,8+,9+/m0/s1",JCVDICFLPGDHAT-DJLDLDEBSA-N
221,"1-[(2R,4S,5R)-4-hydroxy-5-(hydroxymethyl)oxolan-2-yl]-3,5-dimethylpyrimidine-2,4-dione",9.5441,958-74-7,CC1=CN(C(=O)N(C1=O)C)[C@H]2C[C@@H]([C@H](O2)CO)O,,,https://doi.org/10.1016/j.jhazmat.2025.138220,alcohol,Oxygenated organics,"InChI=1S/C11H16N2O5/c1-6-4-13(11(17)12(2)10(6)16)9-3-7(15)8(5-14)18-9/h4,7-9,14-15H,3,5H2,1-2H3/t7-,8+,9+/m0/s1",JCVDICFLPGDHAT-DJLDLDEBSA-N
222,"1-[(2R,4S,5R)-4-hydroxy-5-(hydroxymethyl)oxolan-2-yl]-3,5-dimethylpyrimidine-2,4-dione",9.5441,958-74-7,CC1=CN(C(=O)N(C1=O)C)[C@H]2C[C@@H]([C@H](O2)CO)O,,,https://doi.org/10.1016/j.jhazmat.2025.138066,alcohol,Oxygenated organics,"InChI=1S/C11H16N2O5/c1-6-4-13(11(17)12(2)10(6)16)9-3-7(15)8(5-14)18-9/h4,7-9,14-15H,3,5H2,1-2H3/t7-,8+,9+/m0/s1",JCVDICFLPGDHAT-DJLDLDEBSA-N
223,"1-[(2R,4S,5R)-4-hydroxy-5-(hydroxymethyl)oxolan-2-yl]-3,5-dimethylpyrimidine-2,4-dione",9.5441,958-74-7,CC1=CN(C(=O)N(C1=O)C)[C@H]2C[C@@H]([C@H](O2)CO)O,,,https://doi.org/10.1016/j.jhazmat.2025.138268,alcohol,Oxygenated organics,"InChI=1S/C11H16N2O5/c1-6-4-13(11(17)12(2)10(6)16)9-3-7(15)8(5-14)18-9/h4,7-9,14-15H,3,5H2,1-2H3/t7-,8+,9+/m0/s1",JCVDICFLPGDHAT-DJLDLDEBSA-N
224,1-bromo-2-chloroethyne,5.477121255,25604-70-0,ClCCBr,,,https://doi.org/10.1021/acs.est.1c04326,halogenated,Halogenated organics,InChI=1S/C2H4BrCl/c3-1-2-4/h1-2H2,IBYHHJPAARCAIE-UHFFFAOYSA-N
225,1-butanol,7.903089987,71-36-3,CCCCO,7,22,10.1002/kin.550210807,alcohol,Oxygenated organics,"InChI=1S/C4H10O/c1-2-3-4-5/h5H,2-4H2,1H3",LRHPLDYGYMQRHN-UHFFFAOYSA-N
226,1-cyclohex-3-enylmethanol,9.633468456,90198-83-7,OCC1CCC=CC1,,,https://doi.org/10.1021/acs.est.1c04326,alcohol,Oxygenated organics,"InChI=1S/C7H12O/c8-6-7-4-2-1-3-5-7/h1-2,7-8H,3-6H2",VEIYJWQZNGASMA-UHFFFAOYSA-N
227,1-ethenoxy-2-methylpropane,9.176091259,31305-83-6,CC(C)COC=C,,,https://doi.org/10.1021/acs.est.1c04326,ether,Oxygenated organics,"InChI=1S/C6H12O/c1-4-7-5-6(2)3/h4,6H,1,5H2,2-3H3",OZCMOJQQLBXBKI-UHFFFAOYSA-N
228,1-ethylguanidine,8.0414,503-69-5,CCN=C(N)N,,,https://doi.org/10.1016/j.jhazmat.2025.138246,amine,Nitrogen-containing organics,"InChI=1S/C3H9N3/c1-2-6-3(4)5/h2H2,1H3,(H4,4,5,6)",KEWLVUBYGUZFKX-UHFFFAOYSA-N
229,1-ethylguanidine,8.041392685,503-69-5,CCNC(=N)N,7,25,10.1016/j.watres.2017.03.015,amine,Nitrogen-containing organics,"InChI=1S/C3H9N3/c1-2-6-3(4)5/h2H2,1H3,(H4,4,5,6)",KEWLVUBYGUZFKX-UHFFFAOYSA-N
230,1-ethylsulfinylethane,9.591064607,58841-53-5,CC[S](=O)CC,,,https://doi.org/10.1021/acs.est.1c04326,sulfoxide,Sulfur-containing organics,"InChI=1S/C4H10OS/c1-3-6(5)4-2/h3-4H2,1-2H3",CCAFPWNGIUBUSD-UHFFFAOYSA-N
231,1-heptanol,8.3979,111-70-6,CCCCCCCO,,,https://doi.org/10.1016/j.jhazmat.2025.138196,alcohol,Oxygenated organics,"InChI=1S/C7H16O/c1-2-3-4-5-6-7-8/h8H,2-7H2,1H3",BBMCTIGTTCKYKF-UHFFFAOYSA-N
232,1-heptanol,8.397940009,111-70-6,CCCCCCCO,,22.85,10.1021/acs.est.5b03078,alcohol,Oxygenated organics,"InChI=1S/C7H16O/c1-2-3-4-5-6-7-8/h8H,2-7H2,1H3",BBMCTIGTTCKYKF-UHFFFAOYSA-N
233,1-heptanol,8.397940009,111-70-6,CCCCCCCO,7,23,10.1021/acs.est.5b03078,alcohol,Oxygenated organics,"InChI=1S/C7H16O/c1-2-3-4-5-6-7-8/h8H,2-7H2,1H3",BBMCTIGTTCKYKF-UHFFFAOYSA-N
234,1-hexanol,8.2041,111-27-3,CCCCCCO,,,https://doi.org/10.1016/j.jhazmat.2025.138181,alcohol,Oxygenated organics,"InChI=1S/C6H14O/c1-2-3-4-5-6-7/h7H,2-6H2,1H3",ZSIAUFGUXNUGDI-UHFFFAOYSA-N
235,1-hexanol,8.204119983,111-27-3,CCCCCCO,7,23,10.1002/kin.550250307,alcohol,Oxygenated organics,"InChI=1S/C6H14O/c1-2-3-4-5-6-7/h7H,2-6H2,1H3",ZSIAUFGUXNUGDI-UHFFFAOYSA-N
236,1-octanol,8.5051,111-87-5,CCCCCCCCO,,,https://doi.org/10.1016/j.jhazmat.2025.138198,alcohol,Oxygenated organics,"InChI=1S/C8H18O/c1-2-3-4-5-6-7-8-9/h9H,2-8H2,1H3",KBPLFHHGFOOTCA-UHFFFAOYSA-N
237,1-octanol,8.505149978,111-87-5,CCCCCCCCO,,22.85,10.1002/kin.550210807,alcohol,Oxygenated organics,"InChI=1S/C8H18O/c1-2-3-4-5-6-7-8-9/h9H,2-8H2,1H3",KBPLFHHGFOOTCA-UHFFFAOYSA-N
238,1-octanol,8.505149978,111-87-5,CCCCCCCCO,7,23,10.1002/kin.550210807,alcohol,Oxygenated organics,"InChI=1S/C8H18O/c1-2-3-4-5-6-7-8-9/h9H,2-8H2,1H3",KBPLFHHGFOOTCA-UHFFFAOYSA-N
239,1-pentanol,8.113943352,14848-79-4,CCCCCO,7,23,10.1002/kin.550210807,alcohol,Oxygenated organics,"InChI=1S/C5H12O/c1-2-3-4-5-6/h6H,2-5H2,1H3",AMQJEAYHLZJPGS-UHFFFAOYSA-N
240,1-pentanol,8.113943352,14848-79-4,CCCCCO,,22.85,10.1002/kin.550210807,alcohol,Oxygenated organics,"InChI=1S/C5H12O/c1-2-3-4-5-6/h6H,2-5H2,1H3",AMQJEAYHLZJPGS-UHFFFAOYSA-N
241,1-pentanol,8.1139,14848-79-4,CCCCCO,,,https://doi.org/10.1016/j.jhazmat.2025.138193,alcohol,Oxygenated organics,"InChI=1S/C5H12O/c1-2-3-4-5-6/h6H,2-5H2,1H3",AMQJEAYHLZJPGS-UHFFFAOYSA-N
242,1-propanol,7.7709,71-23-8,CCCO,,,https://doi.org/10.1016/j.jhazmat.2025.138189,alcohol,Oxygenated organics,"InChI=1S/C3H8O/c1-2-3-4/h4H,2-3H2,1H3",BDERNNFJNOPAEC-UHFFFAOYSA-N
243,1-propanol,7.770852012,71-23-8,CCCO,7,23,10.1063/1.555808,alcohol,Oxygenated organics,"InChI=1S/C3H8O/c1-2-3-4/h4H,2-3H2,1H3",BDERNNFJNOPAEC-UHFFFAOYSA-N
244,1-propanol,7.770852012,71-23-8,CCCO,,22.85,10.1063/1.555808,alcohol,Oxygenated organics,"InChI=1S/C3H8O/c1-2-3-4/h4H,2-3H2,1H3",BDERNNFJNOPAEC-UHFFFAOYSA-N
245,1-propanol,7.681241237,71-23-8,CCCO,9,25,10.1063/1.555808,alcohol,Oxygenated organics,"InChI=1S/C3H8O/c1-2-3-4/h4H,2-3H2,1H3",BDERNNFJNOPAEC-UHFFFAOYSA-N
246,1-propoxypropane,8.361727836,4669-26-5,CCCOCCC,,,https://doi.org/10.1021/acs.est.1c04326,ether,Oxygenated organics,"InChI=1S/C6H14O/c1-3-5-7-6-4-2/h3-6H2,1-2H3",POLCUAVZOMRGSN-UHFFFAOYSA-N
247,1-propylsulfinylpropane,9.698970004,40211-39-0,CCC[S](=O)CCC,,,https://doi.org/10.1021/acs.est.1c04326,sulfoxide,Sulfur-containing organics,"InChI=1S/C6H14OS/c1-3-5-8(7)6-4-2/h3-6H2,1-2H3",BQCCJWMQESHLIT-UHFFFAOYSA-N
248,12-Crown-4,8.361727836,294-93-9,C1COCCOCCOCCO1,,,https://doi.org/10.1016/j.radphyschem.2012.01.025,ether,Oxygenated organics,InChI=1S/C8H16O4/c1-2-10-5-6-12-8-7-11-4-3-9-1/h1-8H2,XQQZRZQVBFHBHL-UHFFFAOYSA-N
249,12-Crown-4,8.361727836,294-93-9,C1COCCOCCOCCO1,,25,10.1016/j.chemosphere.2018.12.156,ether,Oxygenated organics,InChI=1S/C8H16O4/c1-2-10-5-6-12-8-7-11-4-3-9-1/h1-8H2,XQQZRZQVBFHBHL-UHFFFAOYSA-N
250,12-Crown-4,8.361727836,17454-42-1,C1COCCOCCOCCO1,,,https://doi.org/10.1021/acs.est.1c04326,ether,Oxygenated organics,InChI=1S/C8H16O4/c1-2-10-5-6-12-8-7-11-4-3-9-1/h1-8H2,XQQZRZQVBFHBHL-UHFFFAOYSA-N
251,15-Crown-5,8.431363764,59890-71-0,C1COCCOCCOCCOCCO1,,25,10.1016/j.chemosphere.2018.12.156,ether,Oxygenated organics,InChI=1S/C10H20O5/c1-2-12-5-6-14-9-10-15-8-7-13-4-3-11-1/h1-10H2,VFTFKUDGYRBSAL-UHFFFAOYSA-N
252,15-Crown-5,8.431363764,14098-44-3,C1COCCOCCOCCOCCO1,,,https://doi.org/10.1021/acs.est.1c04326,ether,Oxygenated organics,InChI=1S/C10H20O5/c1-2-12-5-6-14-9-10-15-8-7-13-4-3-11-1/h1-10H2,VFTFKUDGYRBSAL-UHFFFAOYSA-N
253,15-Crown-5,8.431363764,59890-71-0,C1COCCOCCOCCOCCO1,,,https://doi.org/10.1016/j.radphyschem.2012.01.025,ether,Oxygenated organics,InChI=1S/C10H20O5/c1-2-12-5-6-14-9-10-15-8-7-13-4-3-11-1/h1-10H2,VFTFKUDGYRBSAL-UHFFFAOYSA-N
254,15-crown-5,8.431363764,59890-71-0,C1COCCO1,,25,10.1002/kin.550250307,ether,Oxygenated organics,InChI=1S/C4H8O2/c1-2-6-4-3-5-1/h1-4H2,RYHBNJHYFVUHQT-UHFFFAOYSA-N
255,17伪-ethynylestradiol,9.2902,4717-38-8,C[C@]1(CC[C@]2([H])C3=C(CC[C@]24[H])C=C(C=C3)O)[C@@]4([H])CC[C@@]1(C#C)O,,,https://doi.org/10.1016/j.jhazmat.2025.138235,phenol,Oxygenated organics,"InChI=1S/C20H24O2/c1-3-20(22)11-9-18-17-6-4-13-12-14(21)5-7-15(13)16(17)8-10-19(18,20)2/h1,5,7,12,16-18,21-22H,4,6,8-11H2,2H3/t16-,17-,18+,19+,20-/m1/s1",BFPYWIDHMRZLRN-SWBPCFCJSA-N
256,18-Crown-6,8.62324929,17455-13-9,C1COCCOCCOCCOCCOCCO1,,,https://doi.org/10.1021/acs.est.1c04326,ether,Oxygenated organics,InChI=1S/C12H24O6/c1-2-14-5-6-16-9-10-18-12-11-17-8-7-15-4-3-13-1/h1-12H2,XEZNGIUYQVAUSS-UHFFFAOYSA-N
257,18-Crown-6,8.62324929,17455-13-9,C1COCCOCCOCCOCCOCCO1,,25,10.1016/j.chemosphere.2018.12.156,ether,Oxygenated organics,InChI=1S/C12H24O6/c1-2-14-5-6-16-9-10-18-12-11-17-8-7-15-4-3-13-1/h1-12H2,XEZNGIUYQVAUSS-UHFFFAOYSA-N
258,18-Crown-6,8.62324929,17455-13-9,C1COCCOCCOCCOCCOCCO1,,,https://doi.org/10.1016/j.radphyschem.2012.01.025,ether,Oxygenated organics,InChI=1S/C12H24O6/c1-2-14-5-6-16-9-10-18-12-11-17-8-7-15-4-3-13-1/h1-12H2,XEZNGIUYQVAUSS-UHFFFAOYSA-N
259,1H-Benzotriazole,9.041392685,27556-51-0,C1=CC2=NNN=C2C=C1,7,,https://doi.org/10.1016/j.seppur.2018.02.055,heterocycle,Heterocycles,"InChI=1S/C6H5N3/c1-2-4-6-5(3-1)7-9-8-6/h1-4H,(H,7,8,9)",QRUDEWIWKLJBPS-UHFFFAOYSA-N
260,1H-Benzotriazole,8.990455969,27556-51-0,C1=CC2=NNN=C2C=C1,7,,10.1016/j.chemosphere.2018.12.156,heterocycle,Heterocycles,"InChI=1S/C6H5N3/c1-2-4-6-5(3-1)7-9-8-6/h1-4H,(H,7,8,9)",QRUDEWIWKLJBPS-UHFFFAOYSA-N
261,1H-Benzotriazole,8.9903,27556-51-0,C1=CC2=NNN=C2C=C1,,,https://doi.org/10.1016/j.jhazmat.2025.138252,heterocycle,Heterocycles,"InChI=1S/C6H5N3/c1-2-4-6-5(3-1)7-9-8-6/h1-4H,(H,7,8,9)",QRUDEWIWKLJBPS-UHFFFAOYSA-N
262,1H-Benzotriazole,9.041392685,1185072-03-0,[nH]1nnc2ccccc12,,,https://doi.org/10.1021/acs.est.1c04326,heterocycle,Heterocycles,"InChI=1S/C6H5N3/c1-2-4-6-5(3-1)7-9-8-6/h1-4H,(H,7,8,9)",QRUDEWIWKLJBPS-UHFFFAOYSA-N
263,1H-Imidazole,9.72427587,717908-74-2,[nH]1ccnc1,,,https://doi.org/10.1021/acs.est.1c04326,imidazole,Heterocycles,"InChI=1S/C3H4N2/c1-2-5-3-4-1/h1-3H,(H,4,5)",RAXXELZNTBOGNW-UHFFFAOYSA-N
264,1H-Imidazole,9.7243,288-32-4,C1=CN=CN1,,,https://doi.org/10.1016/j.jhazmat.2025.138282,imidazole,Heterocycles,"InChI=1S/C3H4N2/c1-2-5-3-4-1/h1-3H,(H,4,5)",RAXXELZNTBOGNW-UHFFFAOYSA-N
265,1H鈥揃enzotriazole,9.0414,95-14-7,C1=CC2=NNN=C2C=C1,,,https://doi.org/10.1016/j.seppur.2018.02.055,heterocycle,Heterocycles,"InChI=1S/C6H5N3/c1-2-4-6-5(3-1)7-9-8-6/h1-4H,(H,7,8,9)",QRUDEWIWKLJBPS-UHFFFAOYSA-N
266,2'-Deoxyadenosine,9.643452676,958-09-8,C1[C@@H]([C@H](O[C@H]1N2C=NC3=C(N=CN=C32)N)CO)O,2.4,,NIST,imidazole,Heterocycles,"InChI=1S/C10H13N5O3/c11-9-8-10(13-3-12-9)15(4-14-8)7-1-5(17)6(2-16)18-7/h3-7,16-17H,1-2H2,(H2,11,12,13)/t5-,6+,7+/m0/s1",OLXZPDWKRNYJJZ-RRKCRQDMSA-N
267,2'-Deoxyguanosine 5'-monophosphate,9.361727836,902-04-5,C1[C@@H]([C@H](O[C@H]1N2C=NC3=C2N=C(NC3=O)N)COP(=O)(O)O)O,7,,NIST,phosphorus,Phosphorus-containing organics,"InChI=1S/C10H14N5O7P/c11-10-13-8-7(9(17)14-10)12-3-15(8)6-1-4(16)5(22-6)2-21-23(18,19)20/h3-6,16H,1-2H2,(H2,18,19,20)(H3,11,13,14,17)/t4-,5+,6+/m0/s1",LTFMZDNNPPEQNG-KVQBGUIXSA-N
268,2'-deoxythymidylyl-(3'-5')-2'-deoxyadenosine,9.301029996,19192-40-6,CC1=CN(C(=O)NC1=O)[C@@H]2C[C@@H]([C@H](O2)OP(=O)(O)OC[C@@H]3[C@H](C[C@@H](O3)N4C=NC5=C(N=CN=C54)N)O)CO,7,,NIST,phosphorus,Phosphorus-containing organics,"InChI=1S/C20H26N7O10P/c1-9-4-26(20(31)25-18(9)30)13-2-10(5-28)19(36-13)37-38(32,33)34-6-12-11(29)3-14(35-12)27-8-24-15-16(21)22-7-23-17(15)27/h4,7-8,10-14,19,28-29H,2-3,5-6H2,1H3,(H,32,33)(H2,21,22,23)(H,25,30,31)/t10-,11+,12-,13+,14-,19-/m1/s1",XPAOKCSHUNYPBS-XSBNNCSWSA-N
269,"2,2,2-trichloroacetate",6.301029996,1219956-76-9,[O-]C(=O)C(Cl)(Cl)Cl,,,https://doi.org/10.1021/acs.est.1c04326,halogenated,Halogenated organics,"InChI=1S/C2HCl3O2/c3-2(4,5)1(6)7/h(H,6,7)/p-1",YNJBWRMUSHSURL-UHFFFAOYSA-M
270,"2,2,2-trifluoroacetate",4.204119983,1956323-03-7,[O-]C(=O)C(F)(F)F,,,https://doi.org/10.1021/acs.est.1c04326,halogenated,Halogenated organics,"InChI=1S/C2HF3O2/c3-2(4,5)1(6)7/h(H,6,7)/p-1",DTQVDTLACAAQTR-UHFFFAOYSA-M
271,"2,2-Dimethylpropanol",7.397940009,7210-87-9,CCC(O)CC,,22,10.1002/kin.550250307,alcohol,Oxygenated organics,"InChI=1S/C5H12O/c1-3-5(6)4-2/h5-6H,3-4H2,1-2H3",AQIXEPGDORPWBJ-UHFFFAOYSA-N
272,"2,2-dichloroacetate",6.322219295,1173022-90-6,[O-]C(=O)C(Cl)Cl,,,https://doi.org/10.1021/acs.est.1c04326,halogenated,Halogenated organics,"InChI=1S/C2H2Cl2O2/c3-1(4)2(5)6/h1H,(H,5,6)/p-1",JXTHNDFMNIQAHM-UHFFFAOYSA-M
273,"2,2-diethoxyethylbenzene",9.531478917,4316-37-4,CCOC(Cc1ccccc1)OCC,,,https://doi.org/10.1021/acs.est.1c04326,ether,Oxygenated organics,"InChI=1S/C12H18O2/c1-3-13-12(14-4-2)10-11-8-6-5-7-9-11/h5-9,12H,3-4,10H2,1-2H3",FYERTDTXGGOMGT-UHFFFAOYSA-N
274,"2,2-diethoxyethylbenzene",9.5315,63990-63-6,CCOC(CC1=CC=CC=C1)OCC,,,https://doi.org/10.1016/j.jhazmat.2025.137937,ether,Oxygenated organics,"InChI=1S/C12H18O2/c1-3-13-12(14-4-2)10-11-8-6-5-7-9-11/h5-9,12H,3-4,10H2,1-2H3",FYERTDTXGGOMGT-UHFFFAOYSA-N
275,"2,2-difluoroacetate",4.939519253,1365808-08-7,[O-]C(=O)C(F)F,,,https://doi.org/10.1021/acs.est.1c04326,halogenated,Halogenated organics,"InChI=1S/C2H2F2O2/c3-1(4)2(5)6/h1H,(H,5,6)/p-1",PBWZKZYHONABLN-UHFFFAOYSA-M
276,"2,2-dimethylpropan-1-ol",7.397940009,1267550-78-6,CC(C)(C)CO,,,https://doi.org/10.1021/acs.est.1c04326,alcohol,Oxygenated organics,"InChI=1S/C5H12O/c1-5(2,3)4-6/h6H,4H2,1-3H3",KPSSIOMAKSHJJG-UHFFFAOYSA-N
277,"2,2-dimethylpropanol",7.397940009,7210-87-9,CC(C)(C)CO,7,22,10.1016/j.watres.2017.03.015,alcohol,Oxygenated organics,"InChI=1S/C5H12O/c1-5(2,3)4-6/h6H,4H2,1-3H3",KPSSIOMAKSHJJG-UHFFFAOYSA-N
278,"2,2-dimethylpropanol",7.3979,7210-87-9,CC(C)(C)CO,,,https://doi.org/10.1016/j.jhazmat.2025.138188,alcohol,Oxygenated organics,"InChI=1S/C5H12O/c1-5(2,3)4-6/h6H,4H2,1-3H3",KPSSIOMAKSHJJG-UHFFFAOYSA-N
279,"2,3,4,5,6-Pentafluorophenol",8.602059991,96157-57-2,Oc1c(F)c(F)c(F)c(F)c1F,,,https://doi.org/10.1021/acs.est.1c04326,halogenated,Halogenated organics,InChI=1S/C6HF5O/c7-1-2(8)4(10)6(12)5(11)3(1)9/h12H,XBNGYFFABRKICK-UHFFFAOYSA-N
280,"2,3,4,5,6-Pentafluorophenol",8.6021,771-61-9,C1(=C(C(=C(C(=C1F)F)F)F)F)O,,,https://doi.org/10.1016/j.jhazmat.2025.138200,halogenated,Halogenated organics,InChI=1S/C6HF5O/c7-1-2(8)4(10)6(12)5(11)3(1)9/h12H,XBNGYFFABRKICK-UHFFFAOYSA-N
281,"2,3,4-Trimethoxy-benzoate",9.8451,120666-35-5,COc1ccc(C(=O)[O-])c(OC)c1OC,,,https://doi.org/10.1016/j.chemosphere.2023.138799,carboxylic acid,Oxygenated organics,"InChI=1S/C10H12O5/c1-13-7-5-4-6(10(11)12)8(14-2)9(7)15-3/h4-5H,1-3H3,(H,11,12)/p-1",HZNQSWJZTWOTKM-UHFFFAOYSA-M
282,"2,3,4-Trimethoxybenzoate",9.397940009,120666-35-5,COC1=C(C(=C(C=C1)C(=O)[O-])OC)OC,,,NIST,carboxylic acid,Oxygenated organics,"InChI=1S/C10H12O5/c1-13-7-5-4-6(10(11)12)8(14-2)9(7)15-3/h4-5H,1-3H3,(H,11,12)/p-1",HZNQSWJZTWOTKM-UHFFFAOYSA-M
283,"2,3,4-trimethoxy-benzoate",9.397940009,120666-35-5,COc1ccc(C(=O)[O-])c(OC)c1OC,7,20,10.1021/acs.est.5b03078,carboxylic acid,Oxygenated organics,"InChI=1S/C10H12O5/c1-13-7-5-4-6(10(11)12)8(14-2)9(7)15-3/h4-5H,1-3H3,(H,11,12)/p-1",HZNQSWJZTWOTKM-UHFFFAOYSA-M
284,"2,3,4-trimethoxy-benzoate",9.8451,120666-35-5,COc1ccc(C(=O)[O-])c(OC)c1OC,,,https://doi.org/10.1016/j.chemosphere.2023.138891,carboxylic acid,Oxygenated organics,"InChI=1S/C10H12O5/c1-13-7-5-4-6(10(11)12)8(14-2)9(7)15-3/h4-5H,1-3H3,(H,11,12)/p-1",HZNQSWJZTWOTKM-UHFFFAOYSA-M
285,"2,3,4-trimethoxybenzoate",9.397940009,120666-35-5,COC1=C(C(=C(C=C1)C(=O)[O-])OC)OC,>3,,https://doi.org/10.1021/j100516a007,carboxylic acid,Oxygenated organics,"InChI=1S/C10H12O5/c1-13-7-5-4-6(10(11)12)8(14-2)9(7)15-3/h4-5H,1-3H3,(H,11,12)/p-1",HZNQSWJZTWOTKM-UHFFFAOYSA-M
286,"2,3,4-trimethoxybenzoate",9.397940009,6395-18-2,COc1ccc(C([O-])=O)c(OC)c1OC,,,https://doi.org/10.1021/acs.est.1c04326,carboxylic acid,Oxygenated organics,"InChI=1S/C10H12O5/c1-13-7-5-4-6(10(11)12)8(14-2)9(7)15-3/h4-5H,1-3H3,(H,11,12)/p-1",HZNQSWJZTWOTKM-UHFFFAOYSA-M
287,"2,3,4-trimethoxybenzoate",9.3979,120666-35-5,COC1=C(C(=C(C=C1)C(=O)[O-])OC)OC,,,https://doi.org/10.1016/j.jhazmat.2025.137953,carboxylic acid,Oxygenated organics,"InChI=1S/C10H12O5/c1-13-7-5-4-6(10(11)12)8(14-2)9(7)15-3/h4-5H,1-3H3,(H,11,12)/p-1",HZNQSWJZTWOTKM-UHFFFAOYSA-M
288,"2,3,4-trimethoxybenzoate",9.397940009,120666-35-5,COc1ccc(C(=O)[O-])c(OC)c1OC,7,,10.1021/acs.est.5b03078,carboxylic acid,Oxygenated organics,"InChI=1S/C10H12O5/c1-13-7-5-4-6(10(11)12)8(14-2)9(7)15-3/h4-5H,1-3H3,(H,11,12)/p-1",HZNQSWJZTWOTKM-UHFFFAOYSA-M
289,"2,3-Butanediol, 2,3-dimethyl-",6.414973348,583034-87-1,CC(C)(C(C)(C)O)O,,,NIST,diol,Polyfunctional / highly functionalized,"InChI=1S/C6H14O2/c1-5(2,7)6(3,4)8/h7-8H,1-4H3",IVDFJHOHABJVEH-UHFFFAOYSA-N
290,"2,3-Dimethoxy-benzoate ion",9.929418926,80243-94-3,COc1cccc(C(=O)[O-])c1OC,7,25,10.1063/1.555808,carboxylic acid,Oxygenated organics,"InChI=1S/C9H10O4/c1-12-7-5-3-4-6(9(10)11)8(7)13-2/h3-5H,1-2H3,(H,10,11)/p-1",FODBVCSYJKNBLO-UHFFFAOYSA-M
291,"2,3-Dimethylbutane-2,3-diol",6.414973348,13311-54-1,CC(C)(O)C(C)(C)O,,,https://doi.org/10.1021/acs.est.1c04326,diol,Polyfunctional / highly functionalized,"InChI=1S/C6H14O2/c1-5(2,7)6(3,4)8/h7-8H,1-4H3",IVDFJHOHABJVEH-UHFFFAOYSA-N
292,"2,3-Dimethylindole",9.4773,22120-50-9,CC1=C(NC2=CC=CC=C12)C,,,https://doi.org/10.1016/j.jhazmat.2025.138326,heterocycle,Heterocycles,"InChI=1S/C10H11N/c1-7-8(2)11-10-6-4-3-5-9(7)10/h3-6,11H,1-2H3",PYFVEIDRTLBMHG-UHFFFAOYSA-N
293,"2,3-dimethoxy-benzoate",9.929418926,420785-70-2,COc1cccc(C(=O)[O-])c1OC,7,20,10.1063/1.555808,carboxylic acid,Oxygenated organics,"InChI=1S/C9H10O4/c1-12-7-5-3-4-6(9(10)11)8(7)13-2/h3-5H,1-2H3,(H,10,11)/p-1",FODBVCSYJKNBLO-UHFFFAOYSA-M
294,"2,3-dimethoxybenzoate",9.9294,420785-70-2,COC1=CC=CC(=C1OC)C(=O)[O-],,,https://doi.org/10.1016/j.jhazmat.2025.137901,carboxylic acid,Oxygenated organics,"InChI=1S/C9H10O4/c1-12-7-5-3-4-6(9(10)11)8(7)13-2/h3-5H,1-2H3,(H,10,11)/p-1",FODBVCSYJKNBLO-UHFFFAOYSA-M
295,"2,3-dimethoxybenzoate",9.929418926,128823-83-6,COc1cccc(C([O-])=O)c1OC,,,https://doi.org/10.1021/acs.est.1c04326,carboxylic acid,Oxygenated organics,"InChI=1S/C9H10O4/c1-12-7-5-3-4-6(9(10)11)8(7)13-2/h3-5H,1-2H3,(H,10,11)/p-1",FODBVCSYJKNBLO-UHFFFAOYSA-M
296,"2,3-dimethoxybenzoate",9.929418926,420785-70-2,COC1=CC=CC(=C1OC)C(=O)[O-],>3,,https://doi.org/10.1021/j100516a007,carboxylic acid,Oxygenated organics,"InChI=1S/C9H10O4/c1-12-7-5-3-4-6(9(10)11)8(7)13-2/h3-5H,1-2H3,(H,10,11)/p-1",FODBVCSYJKNBLO-UHFFFAOYSA-M
297,"2,3-dimethoxybenzoate",9.929418926,420785-70-2,COc1cccc(C(=O)[O-])c1OC,7,,10.1063/1.555808,carboxylic acid,Oxygenated organics,"InChI=1S/C9H10O4/c1-12-7-5-3-4-6(9(10)11)8(7)13-2/h3-5H,1-2H3,(H,10,11)/p-1",FODBVCSYJKNBLO-UHFFFAOYSA-M
298,"2,3-dimethyl-2,3-butanediol",8.414973348,75160-24-6,CC(C)(O)C(C)(C)O,7,22,10.1021/acs.est.5b03078,diol,Polyfunctional / highly functionalized,"InChI=1S/C6H14O2/c1-5(2,7)6(3,4)8/h7-8H,1-4H3",IVDFJHOHABJVEH-UHFFFAOYSA-N
299,"2,3-dimethyl-2,3-butanediol",8.415,75160-24-6,CC(C)(C(C)(C)O)O,,,https://doi.org/10.1016/j.jhazmat.2025.138197,diol,Polyfunctional / highly functionalized,"InChI=1S/C6H14O2/c1-5(2,7)6(3,4)8/h7-8H,1-4H3",IVDFJHOHABJVEH-UHFFFAOYSA-N
300,"2,3.4-Trimethoxy-benzoate ion",9.397940009,7251-49-2,COc1ccc(OC)c(OC)c1,7,25,10.1063/1.555808,carboxylic acid,Oxygenated organics,"InChI=1S/C9H12O3/c1-10-7-4-5-8(11-2)9(6-7)12-3/h4-6H,1-3H3",AGIQIOSHSMJYJP-UHFFFAOYSA-N
301,"2,3鈥揇imethoxy benzoate",9.9294,420785-70-2,COc1cccc(C(=O)[O-])c1OC,,,10.1021/j100516a007,carboxylic acid,Oxygenated organics,"InChI=1S/C9H10O4/c1-12-7-5-3-4-6(9(10)11)8(7)13-2/h3-5H,1-2H3,(H,10,11)/p-1",FODBVCSYJKNBLO-UHFFFAOYSA-M
302,"2,4(1H,3H)-Pyrimidinedione, 1,3,5-trimethyl-",9.698970004,4401-71-2,CC1=CN(C(=O)N(C1=O)C)C,,,NIST,heterocycle,Heterocycles,"InChI=1S/C7H10N2O2/c1-5-4-8(2)7(11)9(3)6(5)10/h4H,1-3H3",BHWQEVXICGSHEW-UHFFFAOYSA-N
303,"2,4,5-Trimethoxy-benzoate ion",9.643452676,149220-81-5,COc1cc(OC)c(C(=O)[O-])cc1OC,7,25,doi.org/10.1016/j.watres.2012.06.006,carboxylic acid,Oxygenated organics,"InChI=1S/C10H12O5/c1-13-7-5-9(15-3)8(14-2)4-6(7)10(11)12/h4-5H,1-3H3,(H,11,12)/p-1",KVZUCOGWKYOPID-UHFFFAOYSA-M
304,"2,4,5-Trimethoxybenzoate",9.643452676,67294-79-5,COC1=CC(=C(C=C1C(=O)[O-])OC)OC,,,NIST,carboxylic acid,Oxygenated organics,"InChI=1S/C10H12O5/c1-13-7-5-9(15-3)8(14-2)4-6(7)10(11)12/h4-5H,1-3H3,(H,11,12)/p-1",KVZUCOGWKYOPID-UHFFFAOYSA-M
305,"2,4,5-trimethoxy-benzoate",9.643452676,149220-81-5,COc1cc(OC)c(C(=O)[O-])cc1OC,7,20,doi.org/10.1016/j.watres.2012.06.006,carboxylic acid,Oxygenated organics,"InChI=1S/C10H12O5/c1-13-7-5-9(15-3)8(14-2)4-6(7)10(11)12/h4-5H,1-3H3,(H,11,12)/p-1",KVZUCOGWKYOPID-UHFFFAOYSA-M
306,"2,4,6-Trimethoxy-1,3,5-triazine",7.707570176,877-89-4,COc1nc(OC)nc(OC)n1,,,https://doi.org/10.1021/acs.est.1c04326,triazine,Heterocycles,InChI=1S/C6H9N3O3/c1-10-4-7-5(11-2)9-6(8-4)12-3/h1-3H3,DFUGJTBMQKRCPI-UHFFFAOYSA-N
307,"2,4,6-Trimethoxy-1,3,5-triazine",7.707570176,877-89-4,COc1nc(OC)nc(OC)n1,5,,10.1016/j.chemosphere.2018.12.156,triazine,Heterocycles,InChI=1S/C6H9N3O3/c1-10-4-7-5(11-2)9-6(8-4)12-3/h1-3H3,DFUGJTBMQKRCPI-UHFFFAOYSA-N
308,"2,4,6-Trimethoxy-1,3,5-triazine",7.707570176,877-89-4,COC1=NC(=NC(=N1)OC)OC,5,,https://doi.org/10.1002/poc.1134,triazine,Heterocycles,InChI=1S/C6H9N3O3/c1-10-4-7-5(11-2)9-6(8-4)12-3/h1-3H3,DFUGJTBMQKRCPI-UHFFFAOYSA-N
309,"2,4,6-Trimethoxy-benzoate ion",9.415,871893-76-4,COc1cc(OC)c(C(=O)[O-])c(OC)c1,,,https://doi.org/10.1016/j.chemosphere.2023.138806,carboxylic acid,Oxygenated organics,"InChI=1S/C10H12O5/c1-13-6-4-7(14-2)9(10(11)12)8(5-6)15-3/h4-5H,1-3H3,(H,11,12)/p-1",JATAKEDDMQNPOQ-UHFFFAOYSA-M
310,"2,4,6-Trimethoxy-benzoate ion",9.414973348,871893-76-4,COc1cc(OC)c(C(=O)[O-])c(OC)c1,7,25,10.1021/acs.est.5b03078,carboxylic acid,Oxygenated organics,"InChI=1S/C10H12O5/c1-13-6-4-7(14-2)9(10(11)12)8(5-6)15-3/h4-5H,1-3H3,(H,11,12)/p-1",JATAKEDDMQNPOQ-UHFFFAOYSA-M
311,"2,4,6-Trimethoxybenzoate ion",9.6435,871893-76-4,COc1cc(OC)c(C(=O)[O-])c(OC)c1,,,https://doi.org/10.1016/j.chemosphere.2023.138817,carboxylic acid,Oxygenated organics,"InChI=1S/C10H12O5/c1-13-6-4-7(14-2)9(10(11)12)8(5-6)15-3/h4-5H,1-3H3,(H,11,12)/p-1",JATAKEDDMQNPOQ-UHFFFAOYSA-M
312,"2,4,6-Trimethoxybenzoic acid",9.414973348,570-02-5,COC1=CC(=C(C(=C1)OC)C(=O)O)OC,,,NIST,carboxylic acid,Oxygenated organics,"InChI=1S/C10H12O5/c1-13-6-4-7(14-2)9(10(11)12)8(5-6)15-3/h4-5H,1-3H3,(H,11,12)",JATAKEDDMQNPOQ-UHFFFAOYSA-N
313,"2,4,6-trimethoxy-benzoate",9.414973348,81574-58-5,COc1cc(OC)c(C(=O)[O-])c(OC)c1,7,20,10.1021/acs.est.5b03078,carboxylic acid,Oxygenated organics,"InChI=1S/C10H12O5/c1-13-6-4-7(14-2)9(10(11)12)8(5-6)15-3/h4-5H,1-3H3,(H,11,12)/p-1",JATAKEDDMQNPOQ-UHFFFAOYSA-M
314,"2,4,6-trimethoxybenzoate",9.529213012,81574-58-5,COc1cc(OC)c(C(=O)[O-])c(OC)c1,7,,10.1021/acs.est.5b03078,carboxylic acid,Oxygenated organics,"InChI=1S/C10H12O5/c1-13-6-4-7(14-2)9(10(11)12)8(5-6)15-3/h4-5H,1-3H3,(H,11,12)/p-1",JATAKEDDMQNPOQ-UHFFFAOYSA-M
315,"2,4,6-trimethoxybenzoate",9.414973348,,COc1cc(OC)c(C([O-])=O)c(OC)c1,,,https://doi.org/10.1021/acs.est.1c04326,carboxylic acid,Oxygenated organics,"InChI=1S/C10H12O5/c1-13-6-4-7(14-2)9(10(11)12)8(5-6)15-3/h4-5H,1-3H3,(H,11,12)/p-1",JATAKEDDMQNPOQ-UHFFFAOYSA-M
316,"2,4,6-trimethoxybenzoate",9.6435,81574-58-5,COC1=CC(=C(C(=C1)OC)C(=O)O)OC,,,https://doi.org/10.1016/j.chemosphere.2023.138893,carboxylic acid,Oxygenated organics,"InChI=1S/C10H12O5/c1-13-6-4-7(14-2)9(10(11)12)8(5-6)15-3/h4-5H,1-3H3,(H,11,12)",JATAKEDDMQNPOQ-UHFFFAOYSA-N
317,"2,4,6-trimethoxybenzoate",9.415,81574-58-5,COC1=CC(=C(C(=C1)OC)C(=O)O)OC,,,https://doi.org/10.1016/j.jhazmat.2025.137952,carboxylic acid,Oxygenated organics,"InChI=1S/C10H12O5/c1-13-6-4-7(14-2)9(10(11)12)8(5-6)15-3/h4-5H,1-3H3,(H,11,12)",JATAKEDDMQNPOQ-UHFFFAOYSA-N
318,"2,4,6-trimethoxybenzoate",9.414973348,81574-58-5,COC1=CC(=C(C(=C1)OC)C(=O)O)OC,>3,,https://doi.org/10.1021/j100516a007,carboxylic acid,Oxygenated organics,"InChI=1S/C10H12O5/c1-13-6-4-7(14-2)9(10(11)12)8(5-6)15-3/h4-5H,1-3H3,(H,11,12)",JATAKEDDMQNPOQ-UHFFFAOYSA-N
319,"2,4,6-trimethoxybenzoate",9.643452676,81574-58-5,COC1=CC(=C(C(=C1)OC)C(=O)O)OC,<3,,https://doi.org/10.1021/j100516a007,carboxylic acid,Oxygenated organics,"InChI=1S/C10H12O5/c1-13-6-4-7(14-2)9(10(11)12)8(5-6)15-3/h4-5H,1-3H3,(H,11,12)",JATAKEDDMQNPOQ-UHFFFAOYSA-N
320,"2,4-Dimethoxy-benzoate ion",9.579783597,92810-12-3,COc1ccc(C(=O)[O-])c(OC)c1,7,25,10.1016/j.chemosphere.2018.12.156,carboxylic acid,Oxygenated organics,"InChI=1S/C9H10O4/c1-12-6-3-4-7(9(10)11)8(5-6)13-2/h3-5H,1-2H3,(H,10,11)/p-1",GPVDHNVGGIAOQT-UHFFFAOYSA-M
321,"2,4-Dinitroanisole",8.025305865,119-27-7,COc1ccc([N+](=O)[O-])cc1[N+](=O)[O-],7,20,10.1016/j.chemosphere.2018.12.156,nitro,Nitrogen-containing organics,"InChI=1S/C7H6N2O5/c1-14-7-3-2-5(8(10)11)4-6(7)9(12)13/h2-4H,1H3",CVYZVNVPQRKDLW-UHFFFAOYSA-N
322,"2,4-Dinitroanisole",9.9638,119-27-7,COC1=C(C=C(C=C1)[N+](=O)[O-])[N+](=O)[O-],,,https://doi.org/10.1016/j.chemosphere.2023.138843,nitro,Nitrogen-containing organics,"InChI=1S/C7H6N2O5/c1-14-7-3-2-5(8(10)11)4-6(7)9(12)13/h2-4H,1H3",CVYZVNVPQRKDLW-UHFFFAOYSA-N
323,"2,4-Dinitroanisole",8.025305865,119-27-7,COC1=C(C=C(C=C1)[N+](=O)[O-])[N+](=O)[O-],7,,?10.1016/j.jphotochem.2018.04.044,nitro,Nitrogen-containing organics,"InChI=1S/C7H6N2O5/c1-14-7-3-2-5(8(10)11)4-6(7)9(12)13/h2-4H,1H3",CVYZVNVPQRKDLW-UHFFFAOYSA-N
324,"2,4-Dinitroanisole",8.025305865,344-78-5,COc1ccc(cc1[N+]([O-])=O)[N+]([O-])=O,,,https://doi.org/10.1021/acs.est.1c04326,nitro,Nitrogen-containing organics,"InChI=1S/C7H6N2O5/c1-14-7-3-2-5(8(10)11)4-6(7)9(12)13/h2-4H,1H3",CVYZVNVPQRKDLW-UHFFFAOYSA-N
325,"2,4-Dinitroanisole",8.0253,119-27-7,COC1=C(C=C(C=C1)[N+](=O)[O-])[N+](=O)[O-],,,https://doi.org/10.1016/j.jhazmat.2025.138038,nitro,Nitrogen-containing organics,"InChI=1S/C7H6N2O5/c1-14-7-3-2-5(8(10)11)4-6(7)9(12)13/h2-4H,1H3",CVYZVNVPQRKDLW-UHFFFAOYSA-N
326,"2,4-Dinitrophenol",8.271841607,844696-11-3,Oc1ccc(cc1[N+]([O-])=O)[N+]([O-])=O,,,https://doi.org/10.1021/acs.est.1c04326,phenol,Oxygenated organics,"InChI=1S/C6H4N2O5/c9-6-2-1-4(7(10)11)3-5(6)8(12)13/h1-3,9H",UFBJCMHMOXMLKC-UHFFFAOYSA-N
327,"2,4-Dinitrophenol",8.2718,51-28-5,C1=CC(=C(C=C1[N+](=O)[O-])[N+](=O)[O-])O,,,https://doi.org/10.1016/j.jhazmat.2025.138032,phenol,Oxygenated organics,"InChI=1S/C6H4N2O5/c9-6-2-1-4(7(10)11)3-5(6)8(12)13/h1-3,9H",UFBJCMHMOXMLKC-UHFFFAOYSA-N
328,"2,4-Dinitrophenol",9.9638,51-28-5,C1=CC(=C(C=C1[N+](=O)[O-])[N+](=O)[O-])O,,,https://doi.org/10.1016/j.chemosphere.2023.138844,phenol,Oxygenated organics,"InChI=1S/C6H4N2O5/c9-6-2-1-4(7(10)11)3-5(6)8(12)13/h1-3,9H",UFBJCMHMOXMLKC-UHFFFAOYSA-N
329,"2,4-Dinitrophenol",8.271841607,51-28-5,O=[N+]([O-])c1ccc(O)c([N+](=O)[O-])c1,7,20,10.1016/j.chemosphere.2018.12.156,phenol,Oxygenated organics,"InChI=1S/C6H4N2O5/c9-6-2-1-4(7(10)11)3-5(6)8(12)13/h1-3,9H",UFBJCMHMOXMLKC-UHFFFAOYSA-N
330,"2,4-Dinitrophenol",8.271841607,51-28-5,C1=CC(=C(C=C1[N+](=O)[O-])[N+](=O)[O-])O,7,,?10.1016/j.jphotochem.2018.04.044,phenol,Oxygenated organics,"InChI=1S/C6H4N2O5/c9-6-2-1-4(7(10)11)3-5(6)8(12)13/h1-3,9H",UFBJCMHMOXMLKC-UHFFFAOYSA-N
331,"2,4-Dinitrophenol",8.2718,51-28-5,C1=CC(=C(C=C1[N+](=O)[O-])[N+](=O)[O-])O,,,https://doi.org/10.1016/j.chemosphere.2023.138866,phenol,Oxygenated organics,"InChI=1S/C6H4N2O5/c9-6-2-1-4(7(10)11)3-5(6)8(12)13/h1-3,9H",UFBJCMHMOXMLKC-UHFFFAOYSA-N
332,"2,4-Dioxohexahydo-1,3,5-triazine",7.662757832,500022-47-9,O=C1NCNC(=O)N1,7,,10.1021/es503496u,triazine,Heterocycles,"InChI=1S/C3H5N3O2/c7-2-4-1-5-3(8)6-2/h1H2,(H3,4,5,6,7,8)",YTFXKURWTLWPKK-UHFFFAOYSA-N
333,"2,4-Dioxohexahydro-1,3,5-triazine",7.662757832,86320-44-7,O=C1NCNC(=O)N1,,,https://doi.org/10.1021/acs.est.1c04326,triazine,Heterocycles,"InChI=1S/C3H5N3O2/c7-2-4-1-5-3(8)6-2/h1H2,(H3,4,5,6,7,8)",YTFXKURWTLWPKK-UHFFFAOYSA-N
334,"2,4-Dioxohexahydro-1,3,5-triazine",7.6628,86320-44-7,C1NC(=O)NC(=O)N1,,,https://doi.org/10.1016/j.jhazmat.2025.138245,triazine,Heterocycles,"InChI=1S/C3H5N3O2/c7-2-4-1-5-3(8)6-2/h1H2,(H3,4,5,6,7,8)",YTFXKURWTLWPKK-UHFFFAOYSA-N
335,"2,4-Dioxohexahydro-1,3,5-triazine",7.6628,86320-44-7,C1NC(=O)NC(=O)N1,,,https://doi.org/10.1016/j.jhazmat.2025.138080,triazine,Heterocycles,"InChI=1S/C3H5N3O2/c7-2-4-1-5-3(8)6-2/h1H2,(H3,4,5,6,7,8)",YTFXKURWTLWPKK-UHFFFAOYSA-N
336,"2,4-Dioxohexahydro-1,3,5-triazine",7.662757832,86320-44-7,C1NC(=O)NC(=O)N1,5,,https://doi.org/10.1002/poc.1134,triazine,Heterocycles,"InChI=1S/C3H5N3O2/c7-2-4-1-5-3(8)6-2/h1H2,(H3,4,5,6,7,8)",YTFXKURWTLWPKK-UHFFFAOYSA-N
337,"2,4-Dioxohexahydro-1,3,5-triazine",7.662757832,86320-44-7,O=C1NCNC(=O)N1,5,,10.1021/es503496u,triazine,Heterocycles,"InChI=1S/C3H5N3O2/c7-2-4-1-5-3(8)6-2/h1H2,(H3,4,5,6,7,8)",YTFXKURWTLWPKK-UHFFFAOYSA-N
338,"2,4-dimethoxy-benzoate",9.579783597,1131587-49-9,COc1ccc(C(=O)[O-])c(OC)c1,7,20,10.1016/j.chemosphere.2018.12.156,carboxylic acid,Oxygenated organics,"InChI=1S/C9H10O4/c1-12-6-3-4-7(9(10)11)8(5-6)13-2/h3-5H,1-2H3,(H,10,11)/p-1",GPVDHNVGGIAOQT-UHFFFAOYSA-M
339,"2,4-dimethoxybenzoate",9.579783597,1131587-49-9,COc1ccc(C([O-])=O)c(OC)c1,,,https://doi.org/10.1021/acs.est.1c04326,carboxylic acid,Oxygenated organics,"InChI=1S/C9H10O4/c1-12-6-3-4-7(9(10)11)8(5-6)13-2/h3-5H,1-2H3,(H,10,11)/p-1",GPVDHNVGGIAOQT-UHFFFAOYSA-M
340,"2,4-dimethoxybenzoate",9.579783597,1131587-49-9,COc1ccc(C(=O)[O-])c(OC)c1,7,,10.1016/j.chemosphere.2018.12.156,carboxylic acid,Oxygenated organics,"InChI=1S/C9H10O4/c1-12-6-3-4-7(9(10)11)8(5-6)13-2/h3-5H,1-2H3,(H,10,11)/p-1",GPVDHNVGGIAOQT-UHFFFAOYSA-M
341,"2,4-dimethoxybenzoate",9.579783597,1131587-49-9,COC1=CC(=C(C=C1)C(=O)O)OC,>3,,https://doi.org/10.1021/j100516a007,carboxylic acid,Oxygenated organics,"InChI=1S/C9H10O4/c1-12-6-3-4-7(9(10)11)8(5-6)13-2/h3-5H,1-2H3,(H,10,11)",GPVDHNVGGIAOQT-UHFFFAOYSA-N
342,"2,4-dimethylbenzenesulfonate anion",9.462397998,85182-92-9,,3,,NIST,sulfoxide,Sulfur-containing organics,,
343,"2,4-dioxohexahydro-1,3,5-triazine",7.662757832,86320-44-7,O=C1NCNC(=O)N1,7.8,,10.1021/es503496u,triazine,Heterocycles,"InChI=1S/C3H5N3O2/c7-2-4-1-5-3(8)6-2/h1H2,(H3,4,5,6,7,8)",YTFXKURWTLWPKK-UHFFFAOYSA-N
344,"2,4鈥揇imethoxybenzoate",9.5798,570-02-5,COC1=CC(=C(C(=C1)OC)C(=O)O)OC,,,10.1021/j100516a007,carboxylic acid,Oxygenated organics,"InChI=1S/C10H12O5/c1-13-6-4-7(14-2)9(10(11)12)8(5-6)15-3/h4-5H,1-3H3,(H,11,12)",JATAKEDDMQNPOQ-UHFFFAOYSA-N
345,"2,6-Dimethoxy-benzoate ion",9.3979,102821-33-0,COC1=C(C(=CC=C1)OC)C(=O)[O-],,,https://doi.org/10.1016/j.chemosphere.2023.138801,carboxylic acid,Oxygenated organics,"InChI=1S/C9H10O4/c1-12-6-4-3-5-7(13-2)8(6)9(10)11/h3-5H,1-2H3,(H,10,11)/p-1",MBIZFBDREVRUHY-UHFFFAOYSA-M
346,"2,6-Dimethoxy-benzoate ion",9.397940009,102821-33-0,COC1=C(C(=CC=C1)OC)C(=O)[O-],7,25,10.1063/1.555808,carboxylic acid,Oxygenated organics,"InChI=1S/C9H10O4/c1-12-6-4-3-5-7(13-2)8(6)9(10)11/h3-5H,1-2H3,(H,10,11)/p-1",MBIZFBDREVRUHY-UHFFFAOYSA-M
347,"2,6-Dimethoxybenzoate",9.397940009,73219-92-8,COC1=C(C(=CC=C1)OC)C(=O)[O-],,,NIST,carboxylic acid,Oxygenated organics,"InChI=1S/C9H10O4/c1-12-6-4-3-5-7(13-2)8(6)9(10)11/h3-5H,1-2H3,(H,10,11)/p-1",MBIZFBDREVRUHY-UHFFFAOYSA-M
348,"2,6-dimethoxy-benzoate",9.397940009,73219-92-8,COC1=C(C(=CC=C1)OC)C(=O)[O-],7,20,10.1063/1.555808,carboxylic acid,Oxygenated organics,"InChI=1S/C9H10O4/c1-12-6-4-3-5-7(13-2)8(6)9(10)11/h3-5H,1-2H3,(H,10,11)/p-1",MBIZFBDREVRUHY-UHFFFAOYSA-M
349,"2,6-dimethoxybenzoate",9.397940009,73219-92-8,COC1=C(C(=CC=C1)OC)C(=O)[O-],7,,10.1063/1.555808,carboxylic acid,Oxygenated organics,"InChI=1S/C9H10O4/c1-12-6-4-3-5-7(13-2)8(6)9(10)11/h3-5H,1-2H3,(H,10,11)/p-1",MBIZFBDREVRUHY-UHFFFAOYSA-M
350,"2,6-dimethoxybenzoate",9.397940009,73219-92-8,COC1=C(C(=CC=C1)OC)C(=O)[O-],>3,,https://doi.org/10.1021/j100516a007,carboxylic acid,Oxygenated organics,"InChI=1S/C9H10O4/c1-12-6-4-3-5-7(13-2)8(6)9(10)11/h3-5H,1-2H3,(H,10,11)/p-1",MBIZFBDREVRUHY-UHFFFAOYSA-M
351,"2,6-dimethoxybenzoate",9.3979,73219-92-8,COC1=C(C(=CC=C1)OC)C(=O)[O-],,,https://doi.org/10.1016/j.jhazmat.2025.137954,carboxylic acid,Oxygenated organics,"InChI=1S/C9H10O4/c1-12-6-4-3-5-7(13-2)8(6)9(10)11/h3-5H,1-2H3,(H,10,11)/p-1",MBIZFBDREVRUHY-UHFFFAOYSA-M
352,2-(1-Naphthyl)acetic acid,9.5441,86-87-3,C1=CC=C2C(=C1)C=CC=C2CC(=O)O,,,https://doi.org/10.1016/j.jhazmat.2025.138150,carboxylic acid,Oxygenated organics,"InChI=1S/C12H10O2/c13-12(14)8-10-6-3-5-9-4-1-2-7-11(9)10/h1-7H,8H2,(H,13,14)",PRPINYUDVPFIRX-UHFFFAOYSA-N
353,2-(1-Naphthyl)acetic acid,9.5441,86-87-3,C1=CC=C2C(=C1)C=CC=C2CC(=O)O,,,https://doi.org/10.1016/j.jhazmat.2025.137936,carboxylic acid,Oxygenated organics,"InChI=1S/C12H10O2/c13-12(14)8-10-6-3-5-9-4-1-2-7-11(9)10/h1-7H,8H2,(H,13,14)",PRPINYUDVPFIRX-UHFFFAOYSA-N
354,2-(1-Naphthyl)acetic acid,9.544068044,86-87-3,OC(=O)Cc1cccc2ccccc12,,,https://doi.org/10.1021/acs.est.1c04326,carboxylic acid,Oxygenated organics,"InChI=1S/C12H10O2/c13-12(14)8-10-6-3-5-9-4-1-2-7-11(9)10/h1-7H,8H2,(H,13,14)",PRPINYUDVPFIRX-UHFFFAOYSA-N
355,2-(4-methylphenyl)acetate,9.653212514,13522-81-1,Cc1ccc(CC([O-])=O)cc1,,,https://doi.org/10.1021/acs.est.1c04326,carboxylic acid,Oxygenated organics,"InChI=1S/C9H10O2/c1-7-2-4-8(5-3-7)6-9(10)11/h2-5H,6H2,1H3,(H,10,11)/p-1",GXXXUZIRGXYDFP-UHFFFAOYSA-M
356,"2-(6-aminopurin-9-yl)-5-(hydroxymethyl)oxolane-3,4-diol",9.431363764,82530-89-0,Nc1ncnc2n(cnc12)C3OC(CO)C(O)C3O,,,https://doi.org/10.1021/acs.est.1c04326,diol,Polyfunctional / highly functionalized,"InChI=1S/C10H13N5O4/c11-8-5-9(13-2-12-8)15(3-14-5)10-7(18)6(17)4(1-16)19-10/h2-4,6-7,10,16-18H,1H2,(H2,11,12,13)",OIRDTQYFTABQOQ-UHFFFAOYSA-N
357,"2-(6-aminopurin-9-yl)-5-(hydroxymethyl)oxolane-3,4-diol",9.4314,3228-71-5,C1=NC(=C2C(=N1)N(C=N2)C3C(C(C(O3)CO)O)O)N,,,https://doi.org/10.1016/j.jhazmat.2025.138216,diol,Polyfunctional / highly functionalized,"InChI=1S/C10H13N5O4/c11-8-5-9(13-2-12-8)15(3-14-5)10-7(18)6(17)4(1-16)19-10/h2-4,6-7,10,16-18H,1H2,(H2,11,12,13)",OIRDTQYFTABQOQ-UHFFFAOYSA-N
358,"2-(hydroxymethyl)-5-(6-methylaminopurin-9-yl)oxolane-3,4-diol",9.69019608,,CNc1ncnc2n(cnc12)C3OC(CO)C(O)C3O,,,https://doi.org/10.1021/acs.est.1c04326,diol,Polyfunctional / highly functionalized,"InChI=1S/C11H15N5O4/c1-12-9-6-10(14-3-13-9)16(4-15-6)11-8(19)7(18)5(2-17)20-11/h3-5,7-8,11,17-19H,2H2,1H3,(H,12,13,14)",VQAYFKKCNSOZKM-UHFFFAOYSA-N
359,2-Amino-3-hydroxypropanoic acid,7.361727836,4448-69-5,NC(CO)C(O)=O,,,https://doi.org/10.1021/acs.est.1c04326,amine,Nitrogen-containing organics,"InChI=1S/C3H7NO3/c4-2(1-5)3(6)7/h2,5H,1,4H2,(H,6,7)",MTCFGRXMJLQNBG-UHFFFAOYSA-N
360,2-Amino-3-hydroxypropanoic acid,7.3617,84344-20-7,C(C(C(=O)O)N)O,,,https://doi.org/10.1016/j.jhazmat.2025.138144,amine,Nitrogen-containing organics,"InChI=1S/C3H7NO3/c4-2(1-5)3(6)7/h2,5H,1,4H2,(H,6,7)",MTCFGRXMJLQNBG-UHFFFAOYSA-N
361,2-Amino-3-hydroxypropanoic acid,7.3617,84344-20-7,C(C(C(=O)O)N)O,,,https://doi.org/10.1016/j.jhazmat.2025.138187,amine,Nitrogen-containing organics,"InChI=1S/C3H7NO3/c4-2(1-5)3(6)7/h2,5H,1,4H2,(H,6,7)",MTCFGRXMJLQNBG-UHFFFAOYSA-N
362,2-Aminoacetic acid,6.954242509,5719-53-9,NCC(O)=O,,,https://doi.org/10.1021/acs.est.1c04326,carboxylic acid,Oxygenated organics,"InChI=1S/C2H5NO2/c3-1-2(4)5/h1,3H2,(H,4,5)",DHMQDGOQFOQNFH-UHFFFAOYSA-N
363,2-Aminopropanoic acid,7,62656-85-3,C[C@@H](C(=O)O)N,,,https://doi.org/10.1016/j.jhazmat.2025.138147,carboxylic acid,Oxygenated organics,"InChI=1S/C3H7NO2/c1-2(4)3(5)6/h2H,4H2,1H3,(H,5,6)/t2-/m0/s1",QNAYBMKLOCPYGJ-REOHCLBHSA-N
364,2-Aminopropanoic acid,7,15312-11-5,CC(N)C(O)=O,,,https://doi.org/10.1021/acs.est.1c04326,carboxylic acid,Oxygenated organics,"InChI=1S/C3H7NO2/c1-2(4)3(5)6/h2H,4H2,1H3,(H,5,6)",QNAYBMKLOCPYGJ-UHFFFAOYSA-N
365,2-Aminopropanoic acid,7,62656-85-3,C[C@@H](C(=O)O)N,,,https://doi.org/10.1016/j.jhazmat.2025.138243,carboxylic acid,Oxygenated organics,"InChI=1S/C3H7NO2/c1-2(4)3(5)6/h2H,4H2,1H3,(H,5,6)/t2-/m0/s1",QNAYBMKLOCPYGJ-REOHCLBHSA-N
366,2-Benzothiazolesulfonate,9.176091259,2418528-30-8,O=S(=O)([O-])c1nc2ccccc2s1,7,20,10.1016/j.chemosphere.2018.12.156,sulfoxide,Sulfur-containing organics,"InChI=1S/C7H5NO3S2/c9-13(10,11)7-8-5-3-1-2-4-6(5)12-7/h1-4H,(H,9,10,11)/p-1",ZCXGMSGCBDSEOY-UHFFFAOYSA-M
367,2-Benzothiazolesulfonate,9.176091259,2418528-30-8,O=S(=O)([O-])c1nc2ccccc2s1,7,,10.1021/acs.est.6b00701,sulfoxide,Sulfur-containing organics,"InChI=1S/C7H5NO3S2/c9-13(10,11)7-8-5-3-1-2-4-6(5)12-7/h1-4H,(H,9,10,11)/p-1",ZCXGMSGCBDSEOY-UHFFFAOYSA-M
368,2-Benzothiazolesulfonate,9.176091259,21465-51-0,[O-][S](=O)(=O)c1sc2ccccc2n1,,,https://doi.org/10.1021/acs.est.1c04326,sulfoxide,Sulfur-containing organics,"InChI=1S/C7H5NO3S2/c9-13(10,11)7-8-5-3-1-2-4-6(5)12-7/h1-4H,(H,9,10,11)/p-1",ZCXGMSGCBDSEOY-UHFFFAOYSA-M
369,2-Bromo-1-iodobenzene,7.903089987,811842-30-5,C1=CC=C(C(=C1)Br)I,7,,https://doi.org/10.1016/S0969-806X(96)00098-9,halogenated,Halogenated organics,InChI=1S/C6H4BrI/c7-5-3-1-2-4-6(5)8/h1-4H,OIRHKGBNGGSCGS-UHFFFAOYSA-N
370,2-Bromo-1-iodobenzene,7.903089987,811842-30-5,Brc1ccccc1I,7,,10.1016/j.chemosphere.2018.12.156,halogenated,Halogenated organics,InChI=1S/C6H4BrI/c7-5-3-1-2-4-6(5)8/h1-4H,OIRHKGBNGGSCGS-UHFFFAOYSA-N
371,2-Bromo-1-iodobenzene,7.9031,811842-30-5,C1=CC=C(C(=C1)Br)I,,,https://doi.org/10.1016/j.jhazmat.2025.138041,halogenated,Halogenated organics,InChI=1S/C6H4BrI/c7-5-3-1-2-4-6(5)8/h1-4H,OIRHKGBNGGSCGS-UHFFFAOYSA-N
372,2-Bromobenzoate,8.939519253,900937-58-8,[O-]C(=O)c1ccccc1Br,,,https://doi.org/10.1021/acs.est.1c04326,halogenated,Halogenated organics,"InChI=1S/C7H5BrO2/c8-6-4-2-1-3-5(6)7(9)10/h1-4H,(H,9,10)/p-1",XRXMNWGCKISMOH-UHFFFAOYSA-M
373,2-Bromobenzoate,8.9395,16887-76-6,C1=CC=C(C(=C1)C(=O)O)Br,,,https://doi.org/10.1016/j.jhazmat.2025.138012,halogenated,Halogenated organics,"InChI=1S/C7H5BrO2/c8-6-4-2-1-3-5(6)7(9)10/h1-4H,(H,9,10)",XRXMNWGCKISMOH-UHFFFAOYSA-N
374,2-Bromobenzoate ion,8.939519253,16887-76-6,O=C([O-])c1ccccc1Br,7,,10.1063/1.555808,halogenated,Halogenated organics,"InChI=1S/C7H5BrO2/c8-6-4-2-1-3-5(6)7(9)10/h1-4H,(H,9,10)/p-1",XRXMNWGCKISMOH-UHFFFAOYSA-M
375,2-Bromobenzoate ion,8.939519253,16887-76-6,O=C([O-])c1ccccc1Br,7,,https://doi.org/10.1021/ja00443a030,halogenated,Halogenated organics,"InChI=1S/C7H5BrO2/c8-6-4-2-1-3-5(6)7(9)10/h1-4H,(H,9,10)/p-1",XRXMNWGCKISMOH-UHFFFAOYSA-M
376,2-Bromobenzoate ion,8.939519253,16887-76-6,,7,,NIST,halogenated,Halogenated organics,,
377,2-Bromobenzoate ion,8.9395,16887-76-6,O=C([O-])c1ccccc1Br,,,https://doi.org/10.1016/j.chemosphere.2023.138812,halogenated,Halogenated organics,"InChI=1S/C7H5BrO2/c8-6-4-2-1-3-5(6)7(9)10/h1-4H,(H,9,10)/p-1",XRXMNWGCKISMOH-UHFFFAOYSA-M
378,2-Bromobenzoate ion,9,16887-76-6,O=C([O-])c1ccccc1Br,,,https://doi.org/10.1016/j.chemosphere.2023.138794,halogenated,Halogenated organics,"InChI=1S/C7H5BrO2/c8-6-4-2-1-3-5(6)7(9)10/h1-4H,(H,9,10)/p-1",XRXMNWGCKISMOH-UHFFFAOYSA-M
379,2-Bromobenzoic acid,8.9395,88-65-3,C1=CC=C(C(=C1)C(=O)O)Br,,,https://doi.org/10.1016/j.jhazmat.2025.138013,halogenated,Halogenated organics,"InChI=1S/C7H5BrO2/c8-6-4-2-1-3-5(6)7(9)10/h1-4H,(H,9,10)",XRXMNWGCKISMOH-UHFFFAOYSA-N
380,2-Bromobenzoic acid,8.939519253,258273-37-9,OC(=O)c1ccccc1Br,,,https://doi.org/10.1021/acs.est.1c04326,halogenated,Halogenated organics,"InChI=1S/C7H5BrO2/c8-6-4-2-1-3-5(6)7(9)10/h1-4H,(H,9,10)",XRXMNWGCKISMOH-UHFFFAOYSA-N
381,2-Bromobenzoic acid,8.9395,88-65-3,C1=CC=C(C(=C1)C(=O)O)Br,,,https://doi.org/10.1016/j.jhazmat.2025.138115,halogenated,Halogenated organics,"InChI=1S/C7H5BrO2/c8-6-4-2-1-3-5(6)7(9)10/h1-4H,(H,9,10)",XRXMNWGCKISMOH-UHFFFAOYSA-N
382,2-Bromotoluene,9.361727836,95-46-5,Cc1ccccc1Br,,25,10.1016/j.chemosphere.2018.12.156,halogenated,Halogenated organics,"InChI=1S/C7H7Br/c1-6-4-2-3-5-7(6)8/h2-5H,1H3",QSSXJPIWXQTSIX-UHFFFAOYSA-N
383,2-Bromotoluene,9.361727836,95-46-5,CC1=CC=CC=C1Br,,,https://doi.org/10.1021/jp971986a,halogenated,Halogenated organics,"InChI=1S/C7H7Br/c1-6-4-2-3-5-7(6)8/h2-5H,1H3",QSSXJPIWXQTSIX-UHFFFAOYSA-N
384,2-CHLOROETHANOL,7.041392685,59826-67-4,OCCCl,,,https://doi.org/10.1021/acs.est.1c04326,halogenated,Halogenated organics,"InChI=1S/C2H5ClO/c3-1-2-4/h4H,1-2H2",SZIFAVKTNFCBPC-UHFFFAOYSA-N
385,2-CHLORONAPHTHALENE,9.0414,91-58-7,C1=CC=C2C=C(C=CC2=C1)Cl,,,https://doi.org/10.1016/j.jhazmat.2025.137999,halogenated,Halogenated organics,InChI=1S/C10H7Cl/c11-10-6-5-8-3-1-2-4-9(8)7-10/h1-7H,CGYGETOMCSJHJU-UHFFFAOYSA-N
386,2-CHLORONAPHTHALENE,9.041392685,904922-97-0,Clc1ccc2ccccc2c1,,,https://doi.org/10.1021/acs.est.1c04326,halogenated,Halogenated organics,InChI=1S/C10H7Cl/c11-10-6-5-8-3-1-2-4-9(8)7-10/h1-7H,CGYGETOMCSJHJU-UHFFFAOYSA-N
387,2-Chloroethanol,7.041392685,107-07-3,C(CCl)O,,,NIST,halogenated,Halogenated organics,"InChI=1S/C2H5ClO/c3-1-2-4/h4H,1-2H2",SZIFAVKTNFCBPC-UHFFFAOYSA-N
388,2-Chloroethanol,7.420682482,107-07-3,CCO,,22,10.1002/kin.550250307,halogenated,Halogenated organics,"InChI=1S/C2H6O/c1-2-3/h3H,2H2,1H3",LFQSCWFLJHTTHZ-UHFFFAOYSA-N
389,2-Chloronaphthalene,9.041392685,91-58-7,C1=CC=C2C=C(C=CC2=C1)Cl,3.5,,NIST,halogenated,Halogenated organics,InChI=1S/C10H7Cl/c11-10-6-5-8-3-1-2-4-9(8)7-10/h1-7H,CGYGETOMCSJHJU-UHFFFAOYSA-N
390,2-Chlorotoluene,9.230448921,95-49-8,CC1=CC=CC=C1Cl,,,https://doi.org/10.1021/jp971986a,halogenated,Halogenated organics,"InChI=1S/C7H7Cl/c1-6-4-2-3-5-7(6)8/h2-5H,1H3",IBSQPLPBRSHTTG-UHFFFAOYSA-N
391,2-Chlorotoluene,9.2304,95-49-8,CC1=CC=CC=C1Cl,,,https://doi.org/10.1016/j.chemosphere.2023.138901,halogenated,Halogenated organics,"InChI=1S/C7H7Cl/c1-6-4-2-3-5-7(6)8/h2-5H,1H3",IBSQPLPBRSHTTG-UHFFFAOYSA-N
392,2-Chlorotoluene,9.230448921,95-49-8,Cc1ccccc1Cl,,25,10.1016/j.chemosphere.2018.12.156,halogenated,Halogenated organics,"InChI=1S/C7H7Cl/c1-6-4-2-3-5-7(6)8/h2-5H,1H3",IBSQPLPBRSHTTG-UHFFFAOYSA-N
393,2-Ethylnaphthalene,9.301029996,2137707-75-4,CCc1ccc2ccccc2c1,,,https://doi.org/10.1021/acs.est.1c04326,benzene,Aromatic & PAHs,"InChI=1S/C12H12/c1-2-10-7-8-11-5-3-4-6-12(11)9-10/h3-9H,2H2,1H3",RJTJVVYSTUQWNI-UHFFFAOYSA-N
394,2-Ethylnaphthalene,9.301,939-27-5,CCC1=CC2=CC=CC=C2C=C1,,,https://doi.org/10.1016/j.jhazmat.2025.137966,benzene,Aromatic & PAHs,"InChI=1S/C12H12/c1-2-10-7-8-11-5-3-4-6-12(11)9-10/h3-9H,2H2,1H3",RJTJVVYSTUQWNI-UHFFFAOYSA-N
395,2-Fluoronaphthalene,9.146128036,323-09-1,C1=CC=C2C=C(C=CC2=C1)F,3.5,,NIST,halogenated,Halogenated organics,InChI=1S/C10H7F/c11-10-6-5-8-3-1-2-4-9(8)7-10/h1-7H,BAGQBTMEEISJLK-UHFFFAOYSA-N
396,2-Fluoronaphthalene,9.1461,323-09-1,C1=CC=C2C=C(C=CC2=C1)F,,,https://doi.org/10.1016/j.jhazmat.2025.137990,halogenated,Halogenated organics,InChI=1S/C10H7F/c11-10-6-5-8-3-1-2-4-9(8)7-10/h1-7H,BAGQBTMEEISJLK-UHFFFAOYSA-N
397,2-Fluoronaphthalene,9.146128036,3825-14-7,Fc1ccc2ccccc2c1,,,https://doi.org/10.1021/acs.est.1c04326,halogenated,Halogenated organics,InChI=1S/C10H7F/c11-10-6-5-8-3-1-2-4-9(8)7-10/h1-7H,BAGQBTMEEISJLK-UHFFFAOYSA-N
398,2-Hydroxybenzothiazole,9.672097858,934-34-9,Oc1nc2ccccc2s1,7,20,10.1016/j.chemosphere.2018.12.156,phenol,Oxygenated organics,"InChI=1S/C7H5NOS/c9-7-8-5-3-1-2-4-6(5)10-7/h1-4H,(H,8,9)",YEDUAINPPJYDJZ-UHFFFAOYSA-N
399,2-Hydroxybenzothiazole,9.6721,934-34-9,C1=CC=C2C(=C1)NC(=O)S2,,,https://doi.org/10.1016/j.jhazmat.2025.138277,phenol,Oxygenated organics,"InChI=1S/C7H5NOS/c9-7-8-5-3-1-2-4-6(5)10-7/h1-4H,(H,8,9)",YEDUAINPPJYDJZ-UHFFFAOYSA-N
400,2-Hydroxybenzothiazole,9.672097858,934-34-9,C1=CC=C2C(=C1)NC(=O)S2,7,,10.1021/acs.est.6b00701,phenol,Oxygenated organics,"InChI=1S/C7H5NOS/c9-7-8-5-3-1-2-4-6(5)10-7/h1-4H,(H,8,9)",YEDUAINPPJYDJZ-UHFFFAOYSA-N
401,2-Hydroxybenzothiazole,9.672097858,1261846-29-0,Oc1sc2ccccc2n1,,,https://doi.org/10.1021/acs.est.1c04326,phenol,Oxygenated organics,"InChI=1S/C7H5NOS/c9-7-8-5-3-1-2-4-6(5)10-7/h1-4H,(H,8,9)",YEDUAINPPJYDJZ-UHFFFAOYSA-N
402,2-Hydroxybutanedioic acid,6.8865,143435-96-5,C(C(C(=O)O)O)C(=O)O,,,https://doi.org/10.1016/j.jhazmat.2025.138123,carboxylic acid,Oxygenated organics,"InChI=1S/C4H6O5/c5-2(4(8)9)1-3(6)7/h2,5H,1H2,(H,6,7)(H,8,9)",BJEPYKJPYRNKOW-UHFFFAOYSA-N
403,2-Hydroxybutanedioic acid,6.886490725,72720-95-7,OC(CC(O)=O)C(O)=O,,,https://doi.org/10.1021/acs.est.1c04326,carboxylic acid,Oxygenated organics,"InChI=1S/C4H6O5/c5-2(4(8)9)1-3(6)7/h2,5H,1H2,(H,6,7)(H,8,9)",BJEPYKJPYRNKOW-UHFFFAOYSA-N
404,2-Hydroxybutanedioic acid,6.8865,143435-96-5,C(C(C(=O)O)O)C(=O)O,,,https://doi.org/10.1016/j.jhazmat.2025.138177,carboxylic acid,Oxygenated organics,"InChI=1S/C4H6O5/c5-2(4(8)9)1-3(6)7/h2,5H,1H2,(H,6,7)(H,8,9)",BJEPYKJPYRNKOW-UHFFFAOYSA-N
405,2-Iodobenzo trifluoride,8.113943352,102675-92-3,FC(F)(F)c1ccccc1I,7,,10.1016/j.chemosphere.2018.12.156,halogenated,Halogenated organics,"InChI=1S/C7H4F3I/c8-7(9,10)5-3-1-2-4-6(5)11/h1-4H",IGZGUYVVBABKOY-UHFFFAOYSA-N
406,2-Iodobenzo trifluoride,8.113943352,102675-92-3,FC(F)(F)c1ccccc1I,7,,https://doi.org/10.1016/S0969-806X(96)00098-9,halogenated,Halogenated organics,"InChI=1S/C7H4F3I/c8-7(9,10)5-3-1-2-4-6(5)11/h1-4H",IGZGUYVVBABKOY-UHFFFAOYSA-N
407,2-Iodobenzo trifluoride,8.1139,102675-92-3,FC(F)(F)c1ccccc1I,,,https://doi.org/10.1016/j.jhazmat.2025.138035,halogenated,Halogenated organics,"InChI=1S/C7H4F3I/c8-7(9,10)5-3-1-2-4-6(5)11/h1-4H",IGZGUYVVBABKOY-UHFFFAOYSA-N
408,2-Iodotoluene,7.84509804,615-37-2,CC1=CC=CC=C1I,7,,https://doi.org/10.1016/S0969-806X(96)00098-9,halogenated,Halogenated organics,"InChI=1S/C7H7I/c1-6-4-2-3-5-7(6)8/h2-5H,1H3",RINOYHWVBUKAQE-UHFFFAOYSA-N
409,2-Iodotoluene,7.8451,615-37-2,CC1=CC=CC=C1I,,,https://doi.org/10.1016/j.jhazmat.2025.138043,halogenated,Halogenated organics,"InChI=1S/C7H7I/c1-6-4-2-3-5-7(6)8/h2-5H,1H3",RINOYHWVBUKAQE-UHFFFAOYSA-N
410,2-Iodotoluene,7.84509804,615-37-2,CC1=CC=CC=C1I,7,,10.1016/j.chemosphere.2018.12.156,halogenated,Halogenated organics,"InChI=1S/C7H7I/c1-6-4-2-3-5-7(6)8/h2-5H,1H3",RINOYHWVBUKAQE-UHFFFAOYSA-N
411,2-Methoxy-2-methylpropane,6.294466226,1248944-55-9,COC(C)(C)C,,,https://doi.org/10.1021/acs.est.1c04326,ether,Oxygenated organics,"InChI=1S/C5H12O/c1-5(2,3)6-4/h1-4H3",BZLVMXJERCGZMT-UHFFFAOYSA-N
412,2-Methoxybenzoate,9.84509804,2364-62-7,COc1ccccc1C(=O)[O-],7,,10.1063/1.555808,carboxylic acid,Oxygenated organics,"InChI=1S/C8H8O3/c1-11-7-5-3-2-4-6(7)8(9)10/h2-5H,1H3,(H,9,10)/p-1",ILUJQPXNXACGAN-UHFFFAOYSA-M
413,2-Methoxybenzoate,9.8451,2364-62-7,COC1=CC=CC=C1C(=O)[O-],,,https://doi.org/10.1016/j.chemosphere.2023.138885,carboxylic acid,Oxygenated organics,"InChI=1S/C8H8O3/c1-11-7-5-3-2-4-6(7)8(9)10/h2-5H,1H3,(H,9,10)/p-1",ILUJQPXNXACGAN-UHFFFAOYSA-M
414,2-Methoxybenzoate,9.84509804,2364-62-7,COC1=CC=CC=C1C(=O)[O-],>3,,https://doi.org/10.1021/j100516a007,carboxylic acid,Oxygenated organics,"InChI=1S/C8H8O3/c1-11-7-5-3-2-4-6(7)8(9)10/h2-5H,1H3,(H,9,10)/p-1",ILUJQPXNXACGAN-UHFFFAOYSA-M
415,2-Methoxybenzoate ion,9.84509804,25436-32-2,COc1ccccc1C(=O)[O-],7,25,10.1063/1.555808,carboxylic acid,Oxygenated organics,"InChI=1S/C8H8O3/c1-11-7-5-3-2-4-6(7)8(9)10/h2-5H,1H3,(H,9,10)/p-1",ILUJQPXNXACGAN-UHFFFAOYSA-M
416,2-Methoxybenzoate ion,9.8451,25436-32-2,COc1ccccc1C(=O)[O-],,,https://doi.org/10.1016/j.chemosphere.2023.138807,carboxylic acid,Oxygenated organics,"InChI=1S/C8H8O3/c1-11-7-5-3-2-4-6(7)8(9)10/h2-5H,1H3,(H,9,10)/p-1",ILUJQPXNXACGAN-UHFFFAOYSA-M
417,2-Methoxybenzoate ion,9.84509804,16887-70-0,,3,,NIST,carboxylic acid,Oxygenated organics,,
418,"2-Methyl-1,3-dinitrobenzene",7.433,606-20-2,CC1=C(C=CC=C1[N+](=O)[O-])[N+](=O)[O-],,,https://doi.org/10.1016/j.jhazmat.2025.138045,nitro,Nitrogen-containing organics,"InChI=1S/C7H6N2O4/c1-5-6(8(10)11)3-2-4-7(5)9(12)13/h2-4H,1H3",XTRDKALNCIHHNI-UHFFFAOYSA-N
419,"2-Methyl-1,3-dinitrobenzene",7.432969291,20024-98-0,Cc1c(cccc1[N+]([O-])=O)[N+]([O-])=O,,,https://doi.org/10.1021/acs.est.1c04326,nitro,Nitrogen-containing organics,"InChI=1S/C7H6N2O4/c1-5-6(8(10)11)3-2-4-7(5)9(12)13/h2-4H,1H3",XTRDKALNCIHHNI-UHFFFAOYSA-N
420,2-Methyl-2-propanol,6.371873223,75-65-0,CC(C)(C)O,,25,10.1016/j.watres.2017.03.015,alcohol,Oxygenated organics,"InChI=1S/C4H10O/c1-4(2,3)5/h5H,1-3H3",DKGAVHZHDRPRBM-UHFFFAOYSA-N
421,2-Methyl-2-propanol,6.371873223,75-65-0,CC(C)(C)O,,22,10.1016/j.watres.2017.03.015,alcohol,Oxygenated organics,"InChI=1S/C4H10O/c1-4(2,3)5/h5H,1-3H3",DKGAVHZHDRPRBM-UHFFFAOYSA-N
422,2-Methyl-2-propanol,5.924279286,75-65-0,CCCO,,22,10.1063/1.555808,alcohol,Oxygenated organics,"InChI=1S/C3H8O/c1-2-3-4/h4H,2-3H2,1H3",BDERNNFJNOPAEC-UHFFFAOYSA-N
423,2-Methyl-2-propanol,5.9243,75-65-0,CC(C)(C)O,,,https://doi.org/10.1016/j.jhazmat.2025.138176,alcohol,Oxygenated organics,"InChI=1S/C4H10O/c1-4(2,3)5/h5H,1-3H3",DKGAVHZHDRPRBM-UHFFFAOYSA-N
424,2-Methyl-l-propanol,8.113943352,148766-37-4,CC(C)O,,22,10.1021/acs.est.5b03078,alcohol,Oxygenated organics,"InChI=1S/C3H8O/c1-3(2)4/h3-4H,1-2H3",KFZMGEQAYNKOFK-UHFFFAOYSA-N
425,2-Methyl-l-propanol,8.1139,148766-37-4,CC(C)CO,,,https://doi.org/10.1016/j.jhazmat.2025.138192,alcohol,Oxygenated organics,"InChI=1S/C4H10O/c1-4(2)3-5/h4-5H,3H2,1-2H3",ZXEKIIBDNHEJCQ-UHFFFAOYSA-N
426,2-Methylbenzoate ion,9.146128036,16887-74-4,,7,,NIST,alkane,Aliphatic hydrocarbons,,
427,2-Methylbenzoic acid,9.146128036,1190948-20-9,Cc1ccccc1C(O)=O,,,https://doi.org/10.1021/acs.est.1c04326,carboxylic acid,Oxygenated organics,"InChI=1S/C8H8O2/c1-6-4-2-3-5-7(6)8(9)10/h2-5H,1H3,(H,9,10)",ZWLPBLYKEWSWPD-UHFFFAOYSA-N
428,2-Methylbenzoic acid,9.1461,118-90-1,CC1=CC=CC=C1C(=O)O,,,https://doi.org/10.1016/j.jhazmat.2025.137992,carboxylic acid,Oxygenated organics,"InChI=1S/C8H8O2/c1-6-4-2-3-5-7(6)8(9)10/h2-5H,1H3,(H,9,10)",ZWLPBLYKEWSWPD-UHFFFAOYSA-N
429,2-Methylbenzoic acid,9.1461,118-90-1,CC1=CC=CC=C1C(=O)O,,,https://doi.org/10.1016/j.jhazmat.2025.138146,carboxylic acid,Oxygenated organics,"InChI=1S/C8H8O2/c1-6-4-2-3-5-7(6)8(9)10/h2-5H,1H3,(H,9,10)",ZWLPBLYKEWSWPD-UHFFFAOYSA-N
430,2-Methylindole,9.4773,25365-67-7,CC1=CC2=CC=CC=C2N1,,,https://doi.org/10.1016/j.jhazmat.2025.138330,heterocycle,Heterocycles,"InChI=1S/C9H9N/c1-7-6-8-4-2-3-5-9(8)10-7/h2-6,10H,1H3",BHNHHSOHWZKFOX-UHFFFAOYSA-N
431,2-Methylisoborneol,8.62324929,2371-42-8,CC1(C)C2CCC1(C)C(C)(O)C2,,,https://doi.org/10.1021/acs.est.1c04326,alcohol,Oxygenated organics,"InChI=1S/C11H20O/c1-9(2)8-5-6-10(9,3)11(4,12)7-8/h8,12H,5-7H2,1-4H3",LFYXNXGVLGKVCJ-UHFFFAOYSA-N
432,2-Methylisoborneol,8.62324929,514-02-3,CC1(O)CC2CCC1(C)C2(C)C,7,20,10.1016/j.chemosphere.2018.12.156,alcohol,Oxygenated organics,"InChI=1S/C11H20O/c1-9(2)8-5-6-10(9,3)11(4,12)7-8/h8,12H,5-7H2,1-4H3",LFYXNXGVLGKVCJ-UHFFFAOYSA-N
433,2-Methylisoborneol,8.62324929,514-02-3,C[C@@]12CC[C@@H](C1(C)C)C[C@@]2(C)O,7,,https://doi.org/10.1016/j.watres.2014.11.029,alcohol,Oxygenated organics,"InChI=1S/C11H20O/c1-9(2)8-5-6-10(9,3)11(4,12)7-8/h8,12H,5-7H2,1-4H3/t8-,10-,11-/m1/s1",LFYXNXGVLGKVCJ-FBIMIBRVSA-N
434,2-Methylisoborneol,8.6232,514-02-3,C[C@@]12CC[C@@H](C1(C)C)C[C@@]2(C)O,,,https://doi.org/10.1016/j.jhazmat.2025.138201,alcohol,Oxygenated organics,"InChI=1S/C11H20O/c1-9(2)8-5-6-10(9,3)11(4,12)7-8/h8,12H,5-7H2,1-4H3/t8-,10-,11-/m1/s1",LFYXNXGVLGKVCJ-FBIMIBRVSA-N
435,2-Methylnaphthalene,9.361727836,1875-64-5,Cc1ccc2ccccc2c1,,,https://doi.org/10.1021/acs.est.1c04326,benzene,Aromatic & PAHs,"InChI=1S/C11H10/c1-9-6-7-10-4-2-3-5-11(10)8-9/h2-8H,1H3",QIMMUPPBPVKWKM-UHFFFAOYSA-N
436,2-Methylnaphthalene,9.361727836,91-57-6,CC1=CC2=CC=CC=C2C=C1,3.5,,NIST,benzene,Aromatic & PAHs,"InChI=1S/C11H10/c1-9-6-7-10-4-2-3-5-11(10)8-9/h2-8H,1H3",QIMMUPPBPVKWKM-UHFFFAOYSA-N
437,2-Methylnaphthalene,9.3617,7419-61-6,CC1=CC2=CC=CC=C2C=C1,,,https://doi.org/10.1016/j.jhazmat.2025.137960,benzene,Aromatic & PAHs,"InChI=1S/C11H10/c1-9-6-7-10-4-2-3-5-11(10)8-9/h2-8H,1H3",QIMMUPPBPVKWKM-UHFFFAOYSA-N
438,2-Methylphenol,9.8325,155174-21-3,CC1=CC=CC=C1O,,,https://doi.org/10.1016/j.jhazmat.2025.137912,phenol,Oxygenated organics,"InChI=1S/C7H8O/c1-6-4-2-3-5-7(6)8/h2-5,8H,1H3",QWVGKYWNOKOFNN-UHFFFAOYSA-N
439,2-Methylphenol,9.832508913,41701-84-2,Cc1ccccc1O,,,https://doi.org/10.1021/acs.est.1c04326,phenol,Oxygenated organics,"InChI=1S/C7H8O/c1-6-4-2-3-5-7(6)8/h2-5,8H,1H3",QWVGKYWNOKOFNN-UHFFFAOYSA-N
440,2-Methylphenol,9.8325,155174-21-3,CC1=CC=CC=C1O,,,https://doi.org/10.1016/j.jhazmat.2025.138230,phenol,Oxygenated organics,"InChI=1S/C7H8O/c1-6-4-2-3-5-7(6)8/h2-5,8H,1H3",QWVGKYWNOKOFNN-UHFFFAOYSA-N
441,2-Methylpropan-1-ol,8.113943352,1598477-00-9,CC(C)CO,,,https://doi.org/10.1021/acs.est.1c04326,alcohol,Oxygenated organics,"InChI=1S/C4H10O/c1-4(2)3-5/h4-5H,3H2,1-2H3",ZXEKIIBDNHEJCQ-UHFFFAOYSA-N
442,2-Methylpropan-2-ol,5.86923172,1598477-00-9,CC(C)(C)O,,,https://doi.org/10.1021/acs.est.1c04326,alcohol,Oxygenated organics,"InChI=1S/C4H10O/c1-4(2,3)5/h5H,1-3H3",DKGAVHZHDRPRBM-UHFFFAOYSA-N
443,2-Methylpropane,8.041392685,188605-43-8,CC(C)C,,,https://doi.org/10.1021/acs.est.1c04326,alkane,Aliphatic hydrocarbons,"InChI=1S/C4H10/c1-4(2)3/h4H,1-3H3",NNPPMTNAJDCUHE-UHFFFAOYSA-N
444,2-Methylpropyl acetate,7.491361694,718614-09-6,CC(C)COC(C)=O,,,https://doi.org/10.1021/acs.est.1c04326,carboxylic acid,Oxygenated organics,"InChI=1S/C6H12O2/c1-5(2)4-8-6(3)7/h5H,4H2,1-3H3",GJRQTCIYDGXPES-UHFFFAOYSA-N
445,2-Methylpropyl acetate,7.4914,110-19-0,CC(C)COC(=O)C,,,https://doi.org/10.1016/j.jhazmat.2025.138119,carboxylic acid,Oxygenated organics,"InChI=1S/C6H12O2/c1-5(2)4-8-6(3)7/h5H,4H2,1-3H3",GJRQTCIYDGXPES-UHFFFAOYSA-N
446,2-Methylthiobenzothiazole,9.146128036,154327-25-0,CSc1sc2ccccc2n1,,,https://doi.org/10.1021/acs.est.1c04326,"sulfide, disulfide",Sulfur-containing organics,"InChI=1S/C8H7NS2/c1-10-8-9-6-4-2-3-5-7(6)11-8/h2-5H,1H3",UTBVIMLZIRIFFR-UHFFFAOYSA-N
447,2-Methylthiobenzothiazole,9.146128036,25706-29-0,CSc1nc2ccccc2s1,7,20,10.1016/j.chemosphere.2018.12.156,"sulfide, disulfide",Sulfur-containing organics,"InChI=1S/C8H7NS2/c1-10-8-9-6-4-2-3-5-7(6)11-8/h2-5H,1H3",UTBVIMLZIRIFFR-UHFFFAOYSA-N
448,2-Methylthiobenzothiazole,9.146128036,25706-29-0,CSC1=NC2=CC=CC=C2S1,7,,10.1021/acs.est.6b00701,"sulfide, disulfide",Sulfur-containing organics,"InChI=1S/C8H7NS2/c1-10-8-9-6-4-2-3-5-7(6)11-8/h2-5H,1H3",UTBVIMLZIRIFFR-UHFFFAOYSA-N
449,2-Naphthaleneacetic acid,9.556302501,581-96-4,C1=CC=C2C=C(C=CC2=C1)CC(=O)O,3.5,,NIST,carboxylic acid,Oxygenated organics,"InChI=1S/C12H10O2/c13-12(14)8-9-5-6-10-3-1-2-4-11(10)7-9/h1-7H,8H2,(H,13,14)",VIBOGIYPPWLDTI-UHFFFAOYSA-N
450,2-Naphthaleneethanol,9.462397998,1485-07-0,C1=CC=C2C=C(C=CC2=C1)CCO,3.5,,NIST,alcohol,Oxygenated organics,"InChI=1S/C12H12O/c13-8-7-10-5-6-11-3-1-2-4-12(11)9-10/h1-6,9,13H,7-8H2",VCZANYLMPFRUHG-UHFFFAOYSA-N
451,2-Phenoxyethanol,9.1399,122-99-6,C1=CC=C(C=C1)OCCO,,,https://doi.org/10.1016/j.jhazmat.2025.137993,alcohol,Oxygenated organics,"InChI=1S/C8H10O2/c9-6-7-10-8-4-2-1-3-5-8/h1-5,9H,6-7H2",QCDWFXQBSFUVSP-UHFFFAOYSA-N
452,2-Phenoxyethanol,9.1399,122-99-6,C1=CC=C(C=C1)OCCO,,,https://doi.org/10.1016/j.jhazmat.2025.138208,alcohol,Oxygenated organics,"InChI=1S/C8H10O2/c9-6-7-10-8-4-2-1-3-5-8/h1-5,9H,6-7H2",QCDWFXQBSFUVSP-UHFFFAOYSA-N
453,2-Phenoxyethanol,9.139879086,122-99-6,C1=CC=C(C=C1)OCCO,,,https://doi.org/10.1002/jctb.4670,alcohol,Oxygenated organics,"InChI=1S/C8H10O2/c9-6-7-10-8-4-2-1-3-5-8/h1-5,9H,6-7H2",QCDWFXQBSFUVSP-UHFFFAOYSA-N
454,2-Phenoxyethanol,9.139879086,122-99-6,OCCOc1ccccc1,7,20,10.1016/j.chemosphere.2018.12.156,alcohol,Oxygenated organics,"InChI=1S/C8H10O2/c9-6-7-10-8-4-2-1-3-5-8/h1-5,9H,6-7H2",QCDWFXQBSFUVSP-UHFFFAOYSA-N
455,2-Phenoxyethanol,9.139879086,56257-90-0,OCCOc1ccccc1,,,https://doi.org/10.1021/acs.est.1c04326,alcohol,Oxygenated organics,"InChI=1S/C8H10O2/c9-6-7-10-8-4-2-1-3-5-8/h1-5,9H,6-7H2",QCDWFXQBSFUVSP-UHFFFAOYSA-N
456,"2-Propanamine, 2-methyl-N-(phenylmethylene)-, N-oxide",9.477121255,3376-24-7,CC(C)(C)/[N+](=C\C1=CC=CC=C1)/[O-],,,NIST,amine,Nitrogen-containing organics,"InChI=1S/C11H15NO/c1-11(2,3)12(13)9-10-7-5-4-6-8-10/h4-9H,1-3H3/b12-9+",IYSYLWYGCWTJSG-FMIVXFBMSA-N
457,2-Propanol,7.934498451,67-63-0,OCCCl,,22,10.1063/1.555808,alcohol,Oxygenated organics,"InChI=1S/C2H5ClO/c3-1-2-4/h4H,1-2H2",SZIFAVKTNFCBPC-UHFFFAOYSA-N
458,2-Propanol,7.9345,67-63-0,CC(C)O,,,https://doi.org/10.1016/j.jhazmat.2025.138191,alcohol,Oxygenated organics,"InChI=1S/C3H8O/c1-3(2)4/h3-4H,1-2H3",KFZMGEQAYNKOFK-UHFFFAOYSA-N
459,2-Propanol,7.897627091,67-63-0,CCN(CC)C(=O)c1cccc(C)c1,,,10.1016/j.chemosphere.2018.12.156,alcohol,Oxygenated organics,"InChI=1S/C12H17NO/c1-4-13(5-2)12(14)11-8-6-7-10(3)9-11/h6-9H,4-5H2,1-3H3",MMOXZBCLCQITDF-UHFFFAOYSA-N
460,2-Propen-1-ol,8.447158031,107-18-6,C=CCO,,,NIST,alcohol,Oxygenated organics,"InChI=1S/C3H6O/c1-2-3-4/h2,4H,1,3H2",XXROGKLTLUQVRX-UHFFFAOYSA-N
461,2-Propen-1-ol,9.041392685,107-18-6,C=CCO,,,NIST,alcohol,Oxygenated organics,"InChI=1S/C3H6O/c1-2-3-4/h2,4H,1,3H2",XXROGKLTLUQVRX-UHFFFAOYSA-N
462,2-Propen-1-ol,8.77815125,107-18-6,C=CCO,,,NIST,alcohol,Oxygenated organics,"InChI=1S/C3H6O/c1-2-3-4/h2,4H,1,3H2",XXROGKLTLUQVRX-UHFFFAOYSA-N
463,2-Propen-1-ol,8.041392685,107-18-6,C=CCO,,,NIST,alcohol,Oxygenated organics,"InChI=1S/C3H6O/c1-2-3-4/h2,4H,1,3H2",XXROGKLTLUQVRX-UHFFFAOYSA-N
464,2-Propen-1-ol,9.477121255,107-18-6,C=CCO,,,NIST,alcohol,Oxygenated organics,"InChI=1S/C3H6O/c1-2-3-4/h2,4H,1,3H2",XXROGKLTLUQVRX-UHFFFAOYSA-N
465,2-Propen-1-ol,7.716003344,107-18-6,C=CCO,,,NIST,alcohol,Oxygenated organics,"InChI=1S/C3H6O/c1-2-3-4/h2,4H,1,3H2",XXROGKLTLUQVRX-UHFFFAOYSA-N
466,2-Propenamide,8.204119983,79-06-1,C=CC(=O)N,7.3,,NIST,amide,Nitrogen-containing organics,"InChI=1S/C3H5NO/c1-2-3(4)5/h2H,1H2,(H2,4,5)",HRPVXLWXLXDGHG-UHFFFAOYSA-N
467,2-Propenenitrile,8.230448921,107-13-1,C=CC#N,7,,NIST,nitrile,Nitrogen-containing organics,"InChI=1S/C3H3N/c1-2-3-4/h2H,1H2",NLHHRLWOUZZQLW-UHFFFAOYSA-N
468,2-Propenenitrile,7.662757832,107-13-1,C=CC#N,,,NIST,nitrile,Nitrogen-containing organics,"InChI=1S/C3H3N/c1-2-3-4/h2H,1H2",NLHHRLWOUZZQLW-UHFFFAOYSA-N
469,2-Propenenitrile,7.908485019,107-13-1,C=CC#N,7.4,,NIST,nitrile,Nitrogen-containing organics,"InChI=1S/C3H3N/c1-2-3-4/h2H,1H2",NLHHRLWOUZZQLW-UHFFFAOYSA-N
470,"2-Propenoic acid, 2-methyl-",9.041392685,79-41-4,CC(=C)C(=O)O,2.9,,NIST,carboxylic acid,Oxygenated organics,"InChI=1S/C4H6O2/c1-3(2)4(5)6/h1H2,2H3,(H,5,6)",CERQOIWHTDAKMF-UHFFFAOYSA-N
471,"2-Propenoic acid, 2-methyl-, 2-methylpropyl ester",9,97-86-9,CC(C)COC(=O)C(=C)C,,,NIST,carboxylic acid,Oxygenated organics,"InChI=1S/C8H14O2/c1-6(2)5-10-8(9)7(3)4/h6H,3,5H2,1-2,4H3",RUMACXVDVNRZJZ-UHFFFAOYSA-N
472,"2-Propenoic acid, methyl ester",7.755874856,96-33-3,COC(=O)C=C,,,NIST,carboxylic acid,Oxygenated organics,"InChI=1S/C4H6O2/c1-3-4(5)6-2/h3H,1H2,2H3",BAPJBEWLBFYGME-UHFFFAOYSA-N
473,2-Toluate,9.146128036,30591-44-7,Cc1ccccc1C([O-])=O,,,https://doi.org/10.1021/acs.est.1c04326,carboxylic acid,Oxygenated organics,"InChI=1S/C8H8O2/c1-6-4-2-3-5-7(6)8(9)10/h2-5H,1H3,(H,9,10)/p-1",ZWLPBLYKEWSWPD-UHFFFAOYSA-M
474,2-Toluate,9.146128036,87-24-1,CC1=CC=CC=C1C(=O)[O-],7,,https://doi.org/10.1021/ja00443a030,carboxylic acid,Oxygenated organics,"InChI=1S/C8H8O2/c1-6-4-2-3-5-7(6)8(9)10/h2-5H,1H3,(H,9,10)/p-1",ZWLPBLYKEWSWPD-UHFFFAOYSA-M
475,2-Toluate,9.1461,87-24-1,CC1=CC=CC=C1C(=O)[O-],,,https://doi.org/10.1016/j.jhazmat.2025.137991,carboxylic acid,Oxygenated organics,"InChI=1S/C8H8O2/c1-6-4-2-3-5-7(6)8(9)10/h2-5H,1H3,(H,9,10)/p-1",ZWLPBLYKEWSWPD-UHFFFAOYSA-M
476,2-Toluate,9.146128036,87-24-1,Cc1ccccc1C(=O)[O-],7,,10.1016/j.chemosphere.2018.12.156,carboxylic acid,Oxygenated organics,"InChI=1S/C8H8O2/c1-6-4-2-3-5-7(6)8(9)10/h2-5H,1H3,(H,9,10)/p-1",ZWLPBLYKEWSWPD-UHFFFAOYSA-M
477,2-Toluate ion,9.1461,87-24-1,CC1=CC=CC=C1C(=O)[O-],,,https://doi.org/10.1016/j.chemosphere.2023.138813,carboxylic acid,Oxygenated organics,"InChI=1S/C8H8O2/c1-6-4-2-3-5-7(6)8(9)10/h2-5H,1H3,(H,9,10)/p-1",ZWLPBLYKEWSWPD-UHFFFAOYSA-M
478,2-[(1R)-4-methyl-1-cyclohex-3-enyl]propan-2-ol,9.662757832,92356-25-7,CC1=CC[C@@H](CC1)C(C)(C)O,,,https://doi.org/10.1021/acs.est.1c04326,alcohol,Oxygenated organics,"InChI=1S/C10H18O/c1-8-4-6-9(7-5-8)10(2,3)11/h4,9,11H,5-7H2,1-3H3/t9-/m0/s1",WUOACPNHFRMFPN-VIFPVBQESA-N
479,"2-[2-[(2,6-dichlorophenyl)amino]phenyl]acetic acid",9.963787827,15307-86-5,OC(=O)Cc1ccccc1Nc2c(Cl)cccc2Cl,,,https://doi.org/10.1021/acs.est.1c04326,halogenated,Halogenated organics,"InChI=1S/C14H11Cl2NO2/c15-10-5-3-6-11(16)14(10)17-12-7-2-1-4-9(12)8-13(18)19/h1-7,17H,8H2,(H,18,19)",DCOPUUMXTXDBNB-UHFFFAOYSA-N
480,"2-[2-[(2,6-dichlorophenyl)amino]phenyl]acetic acid",9.9638,15307-86-5,C1=CC=C(C(=C1)CC(=O)O)NC2=C(C=CC=C2Cl)Cl,,,https://doi.org/10.1016/j.jhazmat.2025.137900,halogenated,Halogenated organics,"InChI=1S/C14H11Cl2NO2/c15-10-5-3-6-11(16)14(10)17-12-7-2-1-4-9(12)8-13(18)19/h1-7,17H,8H2,(H,18,19)",DCOPUUMXTXDBNB-UHFFFAOYSA-N
481,2-[4-(2-methylpropyl)phenyl]propanoic acid,9.5798,1216459-54-9,CC(C)CC1=CC=C(C=C1)C(C)C(=O)O,,,https://doi.org/10.1016/j.jhazmat.2025.137931,carboxylic acid,Oxygenated organics,"InChI=1S/C13H18O2/c1-9(2)8-11-4-6-12(7-5-11)10(3)13(14)15/h4-7,9-10H,8H2,1-3H3,(H,14,15)",HEFNNWSXXWATRW-UHFFFAOYSA-N
482,2-[4-(2-methylpropyl)phenyl]propanoic acid,9.579783597,64451-76-9,CC(C)Cc1ccc(cc1)C(C)C(O)=O,,,https://doi.org/10.1021/acs.est.1c04326,carboxylic acid,Oxygenated organics,"InChI=1S/C13H18O2/c1-9(2)8-11-4-6-12(7-5-11)10(3)13(14)15/h4-7,9-10H,8H2,1-3H3,(H,14,15)",HEFNNWSXXWATRW-UHFFFAOYSA-N
483,2-acetyloxyethyl acetate,6.1461,30887-81-1,CC(=O)OCCOC(=O)C,,,https://doi.org/10.1016/j.jhazmat.2025.138112,carboxylic acid,Oxygenated organics,"InChI=1S/C6H10O4/c1-5(7)9-3-4-10-6(2)8/h3-4H2,1-2H3",JTXMVXSTHSMVQF-UHFFFAOYSA-N
484,2-acetyloxyethyl acetate,6.146128036,58282-50-1,CC(=O)OCCOC(C)=O,,,https://doi.org/10.1021/acs.est.1c04326,carboxylic acid,Oxygenated organics,"InChI=1S/C6H10O4/c1-5(7)9-3-4-10-6(2)8/h3-4H2,1-2H3",JTXMVXSTHSMVQF-UHFFFAOYSA-N
485,2-amino-3-(1H-indol-3-yl)propanoic acid,9.301,54-12-6,C1=CC=C2C(=C1)C(=CN2)CC(C(=O)O)N,,,https://doi.org/10.1016/j.jhazmat.2025.137964,amine,Nitrogen-containing organics,"InChI=1S/C11H12N2O2/c12-9(11(14)15)5-7-6-13-10-4-2-1-3-8(7)10/h1-4,6,9,13H,5,12H2,(H,14,15)",QIVBCDIJIAJPQS-UHFFFAOYSA-N
486,2-amino-3-(1H-indol-3-yl)propanoic acid,9.301,54-12-6,C1=CC=C2C(=C1)C(=CN2)CC(C(=O)O)N,,,https://doi.org/10.1016/j.jhazmat.2025.138140,amine,Nitrogen-containing organics,"InChI=1S/C11H12N2O2/c12-9(11(14)15)5-7-6-13-10-4-2-1-3-8(7)10/h1-4,6,9,13H,5,12H2,(H,14,15)",QIVBCDIJIAJPQS-UHFFFAOYSA-N
487,2-amino-3-(1H-indol-3-yl)propanoic acid,9.301,54-12-6,C1=CC=C2C(=C1)C(=CN2)CC(C(=O)O)N,,,https://doi.org/10.1016/j.jhazmat.2025.138259,amine,Nitrogen-containing organics,"InChI=1S/C11H12N2O2/c12-9(11(14)15)5-7-6-13-10-4-2-1-3-8(7)10/h1-4,6,9,13H,5,12H2,(H,14,15)",QIVBCDIJIAJPQS-UHFFFAOYSA-N
488,2-amino-3-(1H-indol-3-yl)propanoic acid,9.301029996,54-12-6,NC(Cc1c[nH]c2ccccc12)C(O)=O,,,https://doi.org/10.1021/acs.est.1c04326,amine,Nitrogen-containing organics,"InChI=1S/C11H12N2O2/c12-9(11(14)15)5-7-6-13-10-4-2-1-3-8(7)10/h1-4,6,9,13H,5,12H2,(H,14,15)",QIVBCDIJIAJPQS-UHFFFAOYSA-N
489,2-amino-3-(3H-imidazol-4-yl)propanoic acid,9.3979,56217-13-1,C1=C(NC=N1)CC(C(=O)O)N,,,https://doi.org/10.1016/j.jhazmat.2025.138157,amine,Nitrogen-containing organics,"InChI=1S/C6H9N3O2/c7-5(6(10)11)1-4-2-8-3-9-4/h2-3,5H,1,7H2,(H,8,9)(H,10,11)",HNDVDQJCIGZPNO-UHFFFAOYSA-N
490,2-amino-3-(3H-imidazol-4-yl)propanoic acid,9.397940009,1260642-76-9,NC(Cc1[nH]cnc1)C(O)=O,,,https://doi.org/10.1021/acs.est.1c04326,amine,Nitrogen-containing organics,"InChI=1S/C6H9N3O2/c7-5(6(10)11)1-4-2-8-3-9-4/h2-3,5H,1,7H2,(H,8,9)(H,10,11)",HNDVDQJCIGZPNO-UHFFFAOYSA-N
491,2-amino-3-phenylpropanoic acid,9.431363764,21488-23-3,NC(Cc1ccccc1)C(O)=O,,,https://doi.org/10.1021/acs.est.1c04326,amine,Nitrogen-containing organics,"InChI=1S/C9H11NO2/c10-8(9(11)12)6-7-4-2-1-3-5-7/h1-5,8H,6,10H2,(H,11,12)",COLNVLDHVKWLRT-UHFFFAOYSA-N
492,2-amino-3-phenylpropanoic acid,9.4314,29700-34-3,C1=CC=C(C=C1)CC(C(=O)O)N,,,https://doi.org/10.1016/j.jhazmat.2025.137951,amine,Nitrogen-containing organics,"InChI=1S/C9H11NO2/c10-8(9(11)12)6-7-4-2-1-3-5-7/h1-5,8H,6,10H2,(H,11,12)",COLNVLDHVKWLRT-UHFFFAOYSA-N
493,2-amino-4-methylsulfanyl-butanoic acid,9.041392685,7005-18-7,CSCCC(C(=O)O)N,7,,NIST,"sulfide, disulfide",Sulfur-containing organics,"InChI=1S/C5H11NO2S/c1-9-3-2-4(6)5(7)8/h4H,2-3,6H2,1H3,(H,7,8)",FFEARJCKVFRZRR-UHFFFAOYSA-N
494,"2-amino-9-[3,4-dihydroxy-5-(hydroxymethyl)oxolan-2-yl]-1-methylpurin-6-one",9.662757832,70639-65-5,CN1C(=Nc2n(cnc2C1=O)C3OC(CO)C(O)C3O)N,,,https://doi.org/10.1021/acs.est.1c04326,amine,Nitrogen-containing organics,"InChI=1S/C11H15N5O5/c1-15-9(20)5-8(14-11(15)12)16(3-13-5)10-7(19)6(18)4(2-17)21-10/h3-4,6-7,10,17-19H,2H2,1H3,(H2,12,14)",UTAIYTHAJQNQDW-UHFFFAOYSA-N
495,"2-amino-9-[3,4-dihydroxy-5-(hydroxymethyl)oxolan-2-yl]-1-methylpurin-6-one",9.6628,27963-76-4,CN1C(=O)C2=C(N=C1N)N(C=N2)C3C(C(C(O3)CO)O)O,,,https://doi.org/10.1016/j.jhazmat.2025.138051,amine,Nitrogen-containing organics,"InChI=1S/C11H15N5O5/c1-15-9(20)5-8(14-11(15)12)16(3-13-5)10-7(19)6(18)4(2-17)21-10/h3-4,6-7,10,17-19H,2H2,1H3,(H2,12,14)",UTAIYTHAJQNQDW-UHFFFAOYSA-N
496,"2-amino-9-[3,4-dihydroxy-5-(hydroxymethyl)oxolan-2-yl]-1-methylpurin-6-one",9.6628,27963-76-4,CN1C(=O)C2=C(N=C1N)N(C=N2)C3C(C(C(O3)CO)O)O,,,https://doi.org/10.1016/j.jhazmat.2025.138224,amine,Nitrogen-containing organics,"InChI=1S/C11H15N5O5/c1-15-9(20)5-8(14-11(15)12)16(3-13-5)10-7(19)6(18)4(2-17)21-10/h3-4,6-7,10,17-19H,2H2,1H3,(H2,12,14)",UTAIYTHAJQNQDW-UHFFFAOYSA-N
497,"2-amino-9-[3,4-dihydroxy-5-(hydroxymethyl)oxolan-2-yl]-1-methylpurin-6-one",9.6628,27963-76-4,CN1C(=O)C2=C(N=C1N)N(C=N2)C3C(C(C(O3)CO)O)O,,,https://doi.org/10.1016/j.jhazmat.2025.138275,amine,Nitrogen-containing organics,"InChI=1S/C11H15N5O5/c1-15-9(20)5-8(14-11(15)12)16(3-13-5)10-7(19)6(18)4(2-17)21-10/h3-4,6-7,10,17-19H,2H2,1H3,(H2,12,14)",UTAIYTHAJQNQDW-UHFFFAOYSA-N
498,"2-aminobenzene-1,4-disulfonate",9.2553,24605-36-5,C1=CC(=C(C=C1S(=O)(=O)[O-])N)S(=O)(=O)[O-],,,https://doi.org/10.1016/j.jhazmat.2025.137975,sulfoxide,Sulfur-containing organics,"InChI=1S/C6H7NO6S2/c7-5-3-4(14(8,9)10)1-2-6(5)15(11,12)13/h1-3H,7H2,(H,8,9,10)(H,11,12,13)/p-2",LDCCBULMAFILCT-UHFFFAOYSA-L
499,"2-aminobenzene-1,4-disulfonate",9.255272505,68466-09-1,Nc1cc(ccc1[S]([O-])(=O)=O)[S]([O-])(=O)=O,,,https://doi.org/10.1021/acs.est.1c04326,sulfoxide,Sulfur-containing organics,"InChI=1S/C6H7NO6S2/c7-5-3-4(14(8,9)10)1-2-6(5)15(11,12)13/h1-3H,7H2,(H,8,9,10)(H,11,12,13)/p-2",LDCCBULMAFILCT-UHFFFAOYSA-L
500,"2-aminobenzene-1,4-disulfonate",9.2553,24605-36-5,C1=CC(=C(C=C1S(=O)(=O)[O-])N)S(=O)(=O)[O-],,,https://doi.org/10.1016/j.jhazmat.2025.138256,sulfoxide,Sulfur-containing organics,"InChI=1S/C6H7NO6S2/c7-5-3-4(14(8,9)10)1-2-6(5)15(11,12)13/h1-3H,7H2,(H,8,9,10)(H,11,12,13)/p-2",LDCCBULMAFILCT-UHFFFAOYSA-L
501,2-carboxyacetate,6.176091259,124590-31-4,O=C([O-])CC(=O)O,4.3,25,10.1016/j.watres.2017.03.015,dicarboxylic acid,Polyfunctional / highly functionalized,"InChI=1S/C3H4O4/c4-2(5)1-3(6)7/h1H2,(H,4,5)(H,6,7)/p-1",OFOBLEOULBTSOW-UHFFFAOYSA-M
502,2-chloroacetate,6.653212514,24991-33-1,[O-]C(=O)CCl,,,https://doi.org/10.1021/acs.est.1c04326,halogenated,Halogenated organics,"InChI=1S/C2H3ClO2/c3-1-2(4)5/h1H2,(H,4,5)/p-1",FOCAUTSVDIKZOP-UHFFFAOYSA-M
503,2-chloroethanol,7.041392685,107-07-3,OCCCl,7,22,10.1063/1.555808,halogenated,Halogenated organics,"InChI=1S/C2H5ClO/c3-1-2-4/h4H,1-2H2",SZIFAVKTNFCBPC-UHFFFAOYSA-N
504,2-cyclohex-3-en-1-ylpropan-2-ol,9.662757832,2375262-28-3,OC(C)(C)C1CC=CCC1,,,https://doi.org/10.1021/acs.est.1c04326,alcohol,Oxygenated organics,"InChI=1S/C9H16O/c1-9(2,10)8-6-4-3-5-7-8/h3-4,8,10H,5-7H2,1-2H3",FGCVUJGUQUFWLT-UHFFFAOYSA-N
505,2-ethylnaphthalene,9.301029996,939-27-5,CCC1=CC2=CC=CC=C2C=C1,3.5,,NIST,benzene,Aromatic & PAHs,"InChI=1S/C12H12/c1-2-10-7-8-11-5-3-4-6-12(11)9-10/h3-9H,2H2,1H3",RJTJVVYSTUQWNI-UHFFFAOYSA-N
506,2-fluoroacetate,6.531478917,371-46-0,[O-]C(=O)CF,,,https://doi.org/10.1021/acs.est.1c04326,halogenated,Halogenated organics,"InChI=1S/C2H3FO2/c3-1-2(4)5/h1H2,(H,4,5)/p-1",QEWYKACRFQMRMB-UHFFFAOYSA-M
507,2-hydroxy-2-oxoacetate,6.230448921,1366768-06-0,OC(=O)C([O-])=O,,,https://doi.org/10.1021/acs.est.1c04326,dicarboxylic acid,Polyfunctional / highly functionalized,"InChI=1S/C2H2O4/c3-1(4)2(5)6/h(H,3,4)(H,5,6)/p-1",MUBZPKHOEPUJKR-UHFFFAOYSA-M
508,2-hydroxyacetate,7.204119983,225512-38-9,OCC([O-])=O,,,https://doi.org/10.1021/acs.est.1c04326,carboxylic acid,Oxygenated organics,"InChI=1S/C2H4O3/c3-1-2(4)5/h3H,1H2,(H,4,5)/p-1",AEMRFAOFKBGASW-UHFFFAOYSA-M
509,2-hydroxybutanedioate,7.1761,149-61-1,C(C(C(=O)[O-])O)C(=O)[O-],,,https://doi.org/10.1016/j.jhazmat.2025.138184,dicarboxylic acid,Polyfunctional / highly functionalized,"InChI=1S/C4H6O5/c5-2(4(8)9)1-3(6)7/h2,5H,1H2,(H,6,7)(H,8,9)/p-2",BJEPYKJPYRNKOW-UHFFFAOYSA-L
510,2-hydroxybutanedioate,7.176091259,1259381-40-2,OC(CC([O-])=O)C([O-])=O,,,https://doi.org/10.1021/acs.est.1c04326,dicarboxylic acid,Polyfunctional / highly functionalized,"InChI=1S/C4H6O5/c5-2(4(8)9)1-3(6)7/h2,5H,1H2,(H,6,7)(H,8,9)/p-2",BJEPYKJPYRNKOW-UHFFFAOYSA-L
511,2-hydroxybutanedioate,7.1761,149-61-1,C(C(C(=O)[O-])O)C(=O)[O-],,,https://doi.org/10.1016/j.jhazmat.2025.138124,dicarboxylic acid,Polyfunctional / highly functionalized,"InChI=1S/C4H6O5/c5-2(4(8)9)1-3(6)7/h2,5H,1H2,(H,6,7)(H,8,9)/p-2",BJEPYKJPYRNKOW-UHFFFAOYSA-L
512,2-hydroxypropanoate,7.204119983,1697640-97-3,CC(O)C([O-])=O,,,https://doi.org/10.1021/acs.est.1c04326,carboxylic acid,Oxygenated organics,"InChI=1S/C3H6O3/c1-2(4)3(5)6/h2,4H,1H3,(H,5,6)/p-1",JVTAAEKCZFNVCJ-UHFFFAOYSA-M
513,2-hydroxypropanoic acid,7,26100-51-6,CC(C(=O)O)O,,,https://doi.org/10.1016/j.jhazmat.2025.138111,carboxylic acid,Oxygenated organics,"InChI=1S/C3H6O3/c1-2(4)3(5)6/h2,4H,1H3,(H,5,6)",JVTAAEKCZFNVCJ-UHFFFAOYSA-N
514,2-hydroxypropanoic acid,7,26100-51-6,CC(C(=O)O)O,,,https://doi.org/10.1016/j.jhazmat.2025.138183,carboxylic acid,Oxygenated organics,"InChI=1S/C3H6O3/c1-2(4)3(5)6/h2,4H,1H3,(H,5,6)",JVTAAEKCZFNVCJ-UHFFFAOYSA-N
515,2-hydroxypropanoic acid,7,26100-51-6,CC(O)C(O)=O,,,https://doi.org/10.1021/acs.est.1c04326,carboxylic acid,Oxygenated organics,"InChI=1S/C3H6O3/c1-2(4)3(5)6/h2,4H,1H3,(H,5,6)",JVTAAEKCZFNVCJ-UHFFFAOYSA-N
516,2-lodotoluene,7.84509804,,CC1=CC=CC=C1I,,,https://doi.org/10.1021/acs.est.1c04326,halogenated,Halogenated organics,"InChI=1S/C7H7I/c1-6-4-2-3-5-7(6)8/h2-5H,1H3",RINOYHWVBUKAQE-UHFFFAOYSA-N
517,2-methoxybenzoate,9.84509804,2364-62-7,COc1ccccc1C(=O)[O-],7,20,10.1063/1.555808,carboxylic acid,Oxygenated organics,"InChI=1S/C8H8O3/c1-11-7-5-3-2-4-6(7)8(9)10/h2-5H,1H3,(H,9,10)/p-1",ILUJQPXNXACGAN-UHFFFAOYSA-M
518,2-methyl-2-propanol,5.924279286,75-65-0,CC(C)(C)O,,22.85,10.1016/j.watres.2017.03.015,alcohol,Oxygenated organics,"InChI=1S/C4H10O/c1-4(2,3)5/h5H,1-3H3",DKGAVHZHDRPRBM-UHFFFAOYSA-N
519,2-methyl-propane,8.021189299,19170-96-8,CC(C)C,7,25,10.1016/j.watres.2017.03.015,alkane,Aliphatic hydrocarbons,"InChI=1S/C4H10/c1-4(2)3/h4H,1-3H3",NNPPMTNAJDCUHE-UHFFFAOYSA-N
520,2-methyl-propane,8.113943352,19170-96-8,CC(C)C,7,23,10.1016/j.watres.2017.03.015,alkane,Aliphatic hydrocarbons,"InChI=1S/C4H10/c1-4(2)3/h4H,1-3H3",NNPPMTNAJDCUHE-UHFFFAOYSA-N
521,2-methylprop-2-enenitrile,8.57863921,67953-86-0,CC(=C)C#N,,,https://doi.org/10.1021/acs.est.1c04326,nitrile,Nitrogen-containing organics,"InChI=1S/C4H5N/c1-4(2)3-5/h1H2,2H3",GYCMBHHDWRMZGG-UHFFFAOYSA-N
522,2-methylprop-2-enoic acid,9.0414,50867-57-7,CC(=C)C(=O)O,,,https://doi.org/10.1016/j.jhazmat.2025.138134,carboxylic acid,Oxygenated organics,"InChI=1S/C4H6O2/c1-3(2)4(5)6/h1H2,2H3,(H,5,6)",CERQOIWHTDAKMF-UHFFFAOYSA-N
523,2-methylprop-2-enoic acid,9.041392685,63310-02-1,CC(=C)C(O)=O,,,https://doi.org/10.1021/acs.est.1c04326,carboxylic acid,Oxygenated organics,"InChI=1S/C4H6O2/c1-3(2)4(5)6/h1H2,2H3,(H,5,6)",CERQOIWHTDAKMF-UHFFFAOYSA-N
524,2-methylpropane,8.113943352,19170-96-8,CC(C)C,,22.85,10.1016/j.watres.2017.03.015,alkane,Aliphatic hydrocarbons,"InChI=1S/C4H10/c1-4(2)3/h4H,1-3H3",NNPPMTNAJDCUHE-UHFFFAOYSA-N
525,2-methylpropyl 2-methylprop-2-enoate,6.959,129984-35-6,CC(C)COC(=O)C(=C)C,,,https://doi.org/10.1016/j.jhazmat.2025.138133,ester,Oxygenated organics,"InChI=1S/C8H14O2/c1-6(2)5-10-8(9)7(3)4/h6H,3,5H2,1-2,4H3",RUMACXVDVNRZJZ-UHFFFAOYSA-N
526,2-methylpropyl 2-methylprop-2-enoate,6.959041392,50698-69-6,CC(C)COC(=O)C(C)=C,,,https://doi.org/10.1021/acs.est.1c04326,ester,Oxygenated organics,"InChI=1S/C8H14O2/c1-6(2)5-10-8(9)7(3)4/h6H,3,5H2,1-2,4H3",RUMACXVDVNRZJZ-UHFFFAOYSA-N
527,2-naphthalen-1-ylethanol,9.4472,773-99-9,C1=CC=C2C(=C1)C=CC=C2CCO,,,https://doi.org/10.1016/j.jhazmat.2025.138217,alcohol,Oxygenated organics,"InChI=1S/C12H12O/c13-9-8-11-6-3-5-10-4-1-2-7-12(10)11/h1-7,13H,8-9H2",RXWNCMHRJCOWDK-UHFFFAOYSA-N
528,2-naphthalen-1-ylethanol,9.4472,773-99-9,C1=CC=C2C(=C1)C=CC=C2CCO,,,https://doi.org/10.1016/j.jhazmat.2025.137948,alcohol,Oxygenated organics,"InChI=1S/C12H12O/c13-9-8-11-6-3-5-10-4-1-2-7-12(10)11/h1-7,13H,8-9H2",RXWNCMHRJCOWDK-UHFFFAOYSA-N
529,2-naphthalen-1-ylethanol,9.447158031,26157-05-1,OCCc1cccc2ccccc12,,,https://doi.org/10.1021/acs.est.1c04326,alcohol,Oxygenated organics,"InChI=1S/C12H12O/c13-9-8-11-6-3-5-10-4-1-2-7-12(10)11/h1-7,13H,8-9H2",RXWNCMHRJCOWDK-UHFFFAOYSA-N
530,2-naphthalen-2-ylacetic acid,9.556302501,23353-15-3,OC(=O)Cc1ccc2ccccc2c1,,,https://doi.org/10.1021/acs.est.1c04326,carboxylic acid,Oxygenated organics,"InChI=1S/C12H10O2/c13-12(14)8-9-5-6-10-3-1-2-4-11(10)7-9/h1-7H,8H2,(H,13,14)",VIBOGIYPPWLDTI-UHFFFAOYSA-N
531,2-naphthalen-2-ylacetic acid,9.5563,581-96-4,C1=CC=C2C=C(C=CC2=C1)CC(=O)O,,,https://doi.org/10.1016/j.jhazmat.2025.137933,carboxylic acid,Oxygenated organics,"InChI=1S/C12H10O2/c13-12(14)8-9-5-6-10-3-1-2-4-11(10)7-9/h1-7H,8H2,(H,13,14)",VIBOGIYPPWLDTI-UHFFFAOYSA-N
532,2-naphthalen-2-ylacetic acid,9.5563,581-96-4,C1=CC=C2C=C(C=CC2=C1)CC(=O)O,,,https://doi.org/10.1016/j.jhazmat.2025.138152,carboxylic acid,Oxygenated organics,"InChI=1S/C12H10O2/c13-12(14)8-9-5-6-10-3-1-2-4-11(10)7-9/h1-7H,8H2,(H,13,14)",VIBOGIYPPWLDTI-UHFFFAOYSA-N
533,2-naphthalen-2-ylethanol,9.462397998,26157-05-1,OCCc1ccc2ccccc2c1,,,https://doi.org/10.1021/acs.est.1c04326,alcohol,Oxygenated organics,"InChI=1S/C12H12O/c13-8-7-10-5-6-11-3-1-2-4-12(11)9-10/h1-6,9,13H,7-8H2",VCZANYLMPFRUHG-UHFFFAOYSA-N
534,2-propanol,7.959041392,67-63-0,CC(C)O,1,25,10.1021/acs.est.5b03078,alcohol,Oxygenated organics,"InChI=1S/C3H8O/c1-3(2)4/h3-4H,1-2H3",KFZMGEQAYNKOFK-UHFFFAOYSA-N
535,2-propanol,7.913813852,67-63-0,CC(C)O,7,23,10.1021/acs.est.5b03078,alcohol,Oxygenated organics,"InChI=1S/C3H8O/c1-3(2)4/h3-4H,1-2H3",KFZMGEQAYNKOFK-UHFFFAOYSA-N
536,2-propanol,7.505149978,67-63-0,CC(C)O,7.5,20,10.1021/acs.est.5b03078,alcohol,Oxygenated organics,"InChI=1S/C3H8O/c1-3(2)4/h3-4H,1-2H3",KFZMGEQAYNKOFK-UHFFFAOYSA-N
537,2-propanol,7.913813852,67-63-0,CC(C)O,,22.85,10.1021/acs.est.5b03078,alcohol,Oxygenated organics,"InChI=1S/C3H8O/c1-3(2)4/h3-4H,1-2H3",KFZMGEQAYNKOFK-UHFFFAOYSA-N
538,2-propanol,7.929418926,67-63-0,CC(C)O,9,25,10.1021/acs.est.5b03078,alcohol,Oxygenated organics,"InChI=1S/C3H8O/c1-3(2)4/h3-4H,1-2H3",KFZMGEQAYNKOFK-UHFFFAOYSA-N
539,2-propanol,7.903089987,67-63-0,CC(C)O,7,25,10.1021/acs.est.5b03078,alcohol,Oxygenated organics,"InChI=1S/C3H8O/c1-3(2)4/h3-4H,1-2H3",KFZMGEQAYNKOFK-UHFFFAOYSA-N
540,2-propanol,7.929418926,67-63-0,CC(C)O,4.4,25,10.1021/acs.est.5b03078,alcohol,Oxygenated organics,"InChI=1S/C3H8O/c1-3(2)4/h3-4H,1-2H3",KFZMGEQAYNKOFK-UHFFFAOYSA-N
541,2-{[(2E)-3-(4-Pentylphenyl)-2-propenoyl]amino}benzoic acid,9.399673721,,CCCCCc1ccc(\C=C\C(=O)Nc2ccccc2C(O)=O)cc1,,,https://doi.org/10.1021/acs.est.1c04326,amine,Nitrogen-containing organics,"InChI=1S/C21H23NO3/c1-2-3-4-7-16-10-12-17(13-11-16)14-15-20(23)22-19-9-6-5-8-18(19)21(24)25/h5-6,8-15H,2-4,7H2,1H3,(H,22,23)(H,24,25)/b15-14+",GAMRBCZMOOMBSQ-CCEZHUSRSA-N
542,2.3-Dimethvl-2.3-butanedio,6.414973348,21122-68-9,CCCCCCCO,,22,10.1021/acs.est.5b03078,alcohol,Oxygenated organics,"InChI=1S/C7H16O/c1-2-3-4-5-6-7-8/h8H,2-7H2,1H3",BBMCTIGTTCKYKF-UHFFFAOYSA-N
543,2鈥揃romotoluene,9.3617,95-46-5,CC1=CC=CC=C1Br,,,https://doi.org/10.1021/jp971986a,halogenated,Halogenated organics,"InChI=1S/C7H7Br/c1-6-4-2-3-5-7(6)8/h2-5H,1H3",QSSXJPIWXQTSIX-UHFFFAOYSA-N
544,2鈥揅hlorotoluene,9.2304,95-49-8,CC1=CC=CC=C1Cl,,,https://doi.org/10.1021/jp971986a,halogenated,Halogenated organics,"InChI=1S/C7H7Cl/c1-6-4-2-3-5-7(6)8/h2-5H,1H3",IBSQPLPBRSHTTG-UHFFFAOYSA-N
545,2鈥揌ydroxybenzothiazole,9.6721,934-34-9,O=C1NC2=CC=CC=C2S1,,,https://doi.org/10.1021/acs.est.6b00701,sulfur-containing,Sulfur-containing organics,"InChI=1S/C7H5NOS/c9-7-8-5-3-1-2-4-6(5)10-7/h1-4H,(H,8,9)",YEDUAINPPJYDJZ-UHFFFAOYSA-N
546,2鈥揗ethoxybenzoate,9.8451,579-75-9,COC1=CC=CC=C1C(O)=O,,,https://doi.org/10.1021/j100516a007,carboxylic acid,Oxygenated organics,"InChI=1S/C8H8O3/c1-11-7-5-3-2-4-6(7)8(9)10/h2-5H,1H3,(H,9,10)",ILUJQPXNXACGAN-UHFFFAOYSA-N
547,2鈥揗ethylthiobenzothiazole,9.1461,615-22-5,CSC1=NC2=CC=CC=C2S1,,,https://doi.org/10.1021/acs.est.6b00701,"sulfide, disulfide",Sulfur-containing organics,"InChI=1S/C8H7NS2/c1-10-8-9-6-4-2-3-5-7(6)11-8/h2-5H,1H3",UTBVIMLZIRIFFR-UHFFFAOYSA-N
548,2鈥揟oluate,9.1461,118-90-1,OC(C1=CC=CC=C1C)=O,,,https://doi.org/10.1021/ja00443a030,carboxylic acid,Oxygenated organics,"InChI=1S/C8H8O2/c1-6-4-2-3-5-7(6)8(9)10/h2-5H,1H3,(H,9,10)",ZWLPBLYKEWSWPD-UHFFFAOYSA-N
549,"3,3-dimethyl-7-oxo-6-[(2-phenylacetyl)amino]-4-thia-1-azabicyclo[3.2.0]heptane-2-carboxylic acid",9.146128036,,CC1(C(N2C(S1)C(C2=O)NC(=O)CC3=CC=CC=C3)C(=O)O)C,,,https://doi.org/10.1021/acs.est.1c04326,amine,Nitrogen-containing organics,"InChI=1S/C16H18N2O4S/c1-16(2)12(15(21)22)18-13(20)11(14(18)23-16)17-10(19)8-9-6-4-3-5-7-9/h3-7,11-12,14H,8H2,1-2H3,(H,17,19)(H,21,22)",JGSARLDLIJGVTE-UHFFFAOYSA-N
550,"3,3-dimethyl-7-oxo-6-[[2-(phenoxy)acetyl]amino]-4-thia-1-azabicyclo[3.2.0]heptane-2-carboxylic acid",9.378397901,36214-20-7,CC1(C(N2C(S1)C(C2=O)NC(=O)COC3=CC=CC=C3)C(=O)O)C,,,https://doi.org/10.1021/acs.est.1c04326,amine,Nitrogen-containing organics,"InChI=1S/C16H18N2O5S/c1-16(2)12(15(21)22)18-13(20)11(14(18)24-16)17-10(19)8-23-9-6-4-3-5-7-9/h3-7,11-12,14H,8H2,1-2H3,(H,17,19)(H,21,22)",BPLBGHOLXOTWMN-UHFFFAOYSA-N
551,"3,4,5-Trimethoxy-benzoate ion",9.698970004,7251-49-2,COc1cc(C(=O)[O-])cc(OC)c1OC,7,25,10.1063/1.555808,carboxylic acid,Oxygenated organics,"InChI=1S/C10H12O5/c1-13-7-4-6(10(11)12)5-8(14-2)9(7)15-3/h4-5H,1-3H3,(H,11,12)/p-1",SJSOFNCYXJUNBT-UHFFFAOYSA-M
552,"3,4,5-Trimethoxybenzoate",9.699,6178-46-7,COC1=CC(=CC(=C1OC)OC)C(=O)[O-],,,https://doi.org/10.1016/j.chemosphere.2023.138816,carboxylic acid,Oxygenated organics,"InChI=1S/C10H12O5/c1-13-7-4-6(10(11)12)5-8(14-2)9(7)15-3/h4-5H,1-3H3,(H,11,12)/p-1",SJSOFNCYXJUNBT-UHFFFAOYSA-M
553,"3,4,5-Trimethoxybenzoic acid",9.698970004,118-41-2,COC1=CC(=CC(=C1OC)OC)C(=O)O,,,NIST,carboxylic acid,Oxygenated organics,"InChI=1S/C10H12O5/c1-13-7-4-6(10(11)12)5-8(14-2)9(7)15-3/h4-5H,1-3H3,(H,11,12)",SJSOFNCYXJUNBT-UHFFFAOYSA-N
554,"3,4,5-trimethoxy-benzoate",9.698970004,6178-46-7,COC1=CC(=CC(=C1OC)OC)C(=O)[O-],7,20,10.1063/1.555808,carboxylic acid,Oxygenated organics,"InChI=1S/C10H12O5/c1-13-7-4-6(10(11)12)5-8(14-2)9(7)15-3/h4-5H,1-3H3,(H,11,12)/p-1",SJSOFNCYXJUNBT-UHFFFAOYSA-M
555,"3,4,5-trimethoxybenzoate",9.699,6178-46-7,COC1=CC(=CC(=C1OC)OC)C(=O)[O-],,,https://doi.org/10.1016/j.chemosphere.2023.138892,carboxylic acid,Oxygenated organics,"InChI=1S/C10H12O5/c1-13-7-4-6(10(11)12)5-8(14-2)9(7)15-3/h4-5H,1-3H3,(H,11,12)/p-1",SJSOFNCYXJUNBT-UHFFFAOYSA-M
556,"3,4,5-trimethoxybenzoate",9.698970004,6178-46-7,COC1=CC(=CC(=C1OC)OC)C(=O)[O-],>3,,https://doi.org/10.1021/j100516a007,carboxylic acid,Oxygenated organics,"InChI=1S/C10H12O5/c1-13-7-4-6(10(11)12)5-8(14-2)9(7)15-3/h4-5H,1-3H3,(H,11,12)/p-1",SJSOFNCYXJUNBT-UHFFFAOYSA-M
557,"3,4,5-trimethoxybenzoate",9.698970004,6178-46-7,COC1=CC(=CC(=C1OC)OC)C(=O)[O-],7,,10.1063/1.555808,carboxylic acid,Oxygenated organics,"InChI=1S/C10H12O5/c1-13-7-4-6(10(11)12)5-8(14-2)9(7)15-3/h4-5H,1-3H3,(H,11,12)/p-1",SJSOFNCYXJUNBT-UHFFFAOYSA-M
558,"3,4,5-trimethoxybenzoate",9.698970004,446299-37-2,COc1cc(cc(OC)c1OC)C([O-])=O,,,https://doi.org/10.1021/acs.est.1c04326,carboxylic acid,Oxygenated organics,"InChI=1S/C10H12O5/c1-13-7-4-6(10(11)12)5-8(14-2)9(7)15-3/h4-5H,1-3H3,(H,11,12)/p-1",SJSOFNCYXJUNBT-UHFFFAOYSA-M
559,"3,4,5-trimethoxybenzoate",9.699,6178-46-7,COC1=CC(=CC(=C1OC)OC)C(=O)[O-],,,https://doi.org/10.1016/j.jhazmat.2025.137918,carboxylic acid,Oxygenated organics,"InChI=1S/C10H12O5/c1-13-7-4-6(10(11)12)5-8(14-2)9(7)15-3/h4-5H,1-3H3,(H,11,12)/p-1",SJSOFNCYXJUNBT-UHFFFAOYSA-M
560,"3,4,5鈥搕rimethoxybenzoate",9.699,6178-46-7,COC1=CC(=CC(=C1OC)OC)C(=O)[O-],,,10.1021/j100516a007,carboxylic acid,Oxygenated organics,"InChI=1S/C10H12O5/c1-13-7-4-6(10(11)12)5-8(14-2)9(7)15-3/h4-5H,1-3H3,(H,11,12)/p-1",SJSOFNCYXJUNBT-UHFFFAOYSA-M
561,"3,4,6-Trimethoxy-s-triazine",7.707570176,14121-39-2,c1cnnnc1,7,,10.1021/es503496u,triazine,Heterocycles,InChI=1S/C3H3N3/c1-2-4-6-5-3-1/h1-3H,JYEUMXHLPRZUAT-UHFFFAOYSA-N
562,"3,4,6-trimethoxy-s-triazine",7.707570176,14121-39-2,COC1=NC(OC)N(OC)C=N1,7.8,,10.1021/es503496u,triazine,Heterocycles,"InChI=1S/C6H11N3O3/c1-10-5-7-4-9(12-3)6(8-5)11-2/h4,6H,1-3H3",ZJLDEGRPISGABY-UHFFFAOYSA-N
563,"3,4-Dichloroaniline",9.6721,95-76-1,C1=CC(=C(C=C1N)Cl)Cl,,,https://doi.org/10.1016/j.jhazmat.2025.137924,halogenated,Halogenated organics,"InChI=1S/C6H5Cl2N/c7-5-2-1-4(9)3-6(5)8/h1-3H,9H2",SDYWXFYBZPNOFX-UHFFFAOYSA-N
564,"3,4-Dichloroaniline",9.672097858,33663-46-6,C1=CC(=C(C=C1N)Cl)Cl,7,,https://doi.org/10.1002/cphc.200500004,halogenated,Halogenated organics,"InChI=1S/C6H5Cl2N/c7-5-2-1-4(9)3-6(5)8/h1-3H,9H2",SDYWXFYBZPNOFX-UHFFFAOYSA-N
565,"3,4-Dichloroaniline",9.672097858,33663-46-6,C1=CC(=C(C=C1N)Cl)Cl,7,24.85,doi.org/10.1016/j.watres.2012.06.006,halogenated,Halogenated organics,"InChI=1S/C6H5Cl2N/c7-5-2-1-4(9)3-6(5)8/h1-3H,9H2",SDYWXFYBZPNOFX-UHFFFAOYSA-N
566,"3,4-Dichloroaniline",9.6721,95-76-1,C1=CC(=C(C=C1N)Cl)Cl,,,https://doi.org/10.1016/j.jhazmat.2025.138278,halogenated,Halogenated organics,"InChI=1S/C6H5Cl2N/c7-5-2-1-4(9)3-6(5)8/h1-3H,9H2",SDYWXFYBZPNOFX-UHFFFAOYSA-N
567,"3,4-Dimethoxy-benzoate ion",9.653212514,59670-49-4,COc1ccc(C(=O)[O-])cc1OC,7,25,10.1016/j.watres.2017.03.015,carboxylic acid,Oxygenated organics,"InChI=1S/C9H10O4/c1-12-7-4-3-6(9(10)11)5-8(7)13-2/h3-5H,1-2H3,(H,10,11)/p-1",DAUAQNGYDSHRET-UHFFFAOYSA-M
568,"3,4-Dimethoxybenzoate ion",9.653212514,59670-49-4,COc1ccc(C(=O)[O-])cc1OC,,,NIST,carboxylic acid,Oxygenated organics,"InChI=1S/C9H10O4/c1-12-7-4-3-6(9(10)11)5-8(7)13-2/h3-5H,1-2H3,(H,10,11)/p-1",DAUAQNGYDSHRET-UHFFFAOYSA-M
569,"3,4-dihydroxy-4-oxobutanoate",6.929418926,2649081-97-8,OC(CC([O-])=O)C(O)=O,,,https://doi.org/10.1021/acs.est.1c04326,dicarboxylic acid,Polyfunctional / highly functionalized,"InChI=1S/C4H6O5/c5-2(4(8)9)1-3(6)7/h2,5H,1H2,(H,6,7)(H,8,9)/p-1",BJEPYKJPYRNKOW-UHFFFAOYSA-M
570,"3,4-dimethoxy benzoate",9.653212514,59670-49-4,COc1ccc(C(=O)[O-])cc1OC,>3,,https://doi.org/10.1021/j100516a007,carboxylic acid,Oxygenated organics,"InChI=1S/C9H10O4/c1-12-7-4-3-6(9(10)11)5-8(7)13-2/h3-5H,1-2H3,(H,10,11)/p-1",DAUAQNGYDSHRET-UHFFFAOYSA-M
571,"3,4-dimethoxy benzoate",9.653212514,59670-49-4,COc1ccc(C(=O)[O-])cc1OC,7,,10.1016/j.watres.2017.03.015,carboxylic acid,Oxygenated organics,"InChI=1S/C9H10O4/c1-12-7-4-3-6(9(10)11)5-8(7)13-2/h3-5H,1-2H3,(H,10,11)/p-1",DAUAQNGYDSHRET-UHFFFAOYSA-M
572,"3,4-dimethoxy benzoate",9.6532,59670-49-4,COc1ccc(C(=O)[O-])cc1OC,,,https://doi.org/10.1016/j.jhazmat.2025.137925,carboxylic acid,Oxygenated organics,"InChI=1S/C9H10O4/c1-12-7-4-3-6(9(10)11)5-8(7)13-2/h3-5H,1-2H3,(H,10,11)/p-1",DAUAQNGYDSHRET-UHFFFAOYSA-M
573,"3,4-dimethoxy-benzoate",9.653212514,59670-49-4,COc1ccc(C(=O)[O-])cc1OC,7,20,10.1016/j.watres.2017.03.015,carboxylic acid,Oxygenated organics,"InChI=1S/C9H10O4/c1-12-7-4-3-6(9(10)11)5-8(7)13-2/h3-5H,1-2H3,(H,10,11)/p-1",DAUAQNGYDSHRET-UHFFFAOYSA-M
574,"3,4鈥揇ichloroaniline",9.6721,95-76-1,NC1=CC=C(Cl)C(Cl)=C1,,,http://dx.doi.org/10.4236/ajac.2014.58060,halogenated,Halogenated organics,"InChI=1S/C6H5Cl2N/c7-5-2-1-4(9)3-6(5)8/h1-3H,9H2",SDYWXFYBZPNOFX-UHFFFAOYSA-N
575,"3,4鈥揇imethoxy benzoate",9.6532,93-07-2,COC1=CC=C(C(O)=O)C=C1OC,,,10.1021/j100516a007,carboxylic acid,Oxygenated organics,"InChI=1S/C9H10O4/c1-12-7-4-3-6(9(10)11)5-8(7)13-2/h3-5H,1-2H3,(H,10,11)",DAUAQNGYDSHRET-UHFFFAOYSA-N
576,"3,5-Dimethoxy-benzoate ion",9.6435,17275-82-0,COc1cc(OC)cc(C(=O)[O-])c1,,,https://doi.org/10.1016/j.chemosphere.2023.138805,carboxylic acid,Oxygenated organics,"InChI=1S/C9H10O4/c1-12-7-3-6(9(10)11)4-8(5-7)13-2/h3-5H,1-2H3,(H,10,11)/p-1",IWPZKOJSYQZABD-UHFFFAOYSA-M
577,"3,5-Dimethoxy-benzoate ion",9.643452676,17275-82-0,COc1cc(OC)cc(C(=O)[O-])c1,7,25,10.1063/1.555808,carboxylic acid,Oxygenated organics,"InChI=1S/C9H10O4/c1-12-7-3-6(9(10)11)4-8(5-7)13-2/h3-5H,1-2H3,(H,10,11)/p-1",IWPZKOJSYQZABD-UHFFFAOYSA-M
578,"3,5-dimethoxy-benzoate",9.643452676,17275-82-0,COc1cc(OC)cc(C(=O)[O-])c1,7,20,10.1063/1.555808,carboxylic acid,Oxygenated organics,"InChI=1S/C9H10O4/c1-12-7-3-6(9(10)11)4-8(5-7)13-2/h3-5H,1-2H3,(H,10,11)/p-1",IWPZKOJSYQZABD-UHFFFAOYSA-M
579,"3,5-dimethoxybenzoate",9.643452676,287115-69-9,COc1cc(OC)cc(c1)C([O-])=O,,,https://doi.org/10.1021/acs.est.1c04326,carboxylic acid,Oxygenated organics,"InChI=1S/C9H10O4/c1-12-7-3-6(9(10)11)4-8(5-7)13-2/h3-5H,1-2H3,(H,10,11)/p-1",IWPZKOJSYQZABD-UHFFFAOYSA-M
580,"3,5-dimethoxybenzoate",9.6435,17275-82-0,COC1=CC(=CC(=C1)C(=O)[O-])OC,,,https://doi.org/10.1016/j.jhazmat.2025.137927,carboxylic acid,Oxygenated organics,"InChI=1S/C9H10O4/c1-12-7-3-6(9(10)11)4-8(5-7)13-2/h3-5H,1-2H3,(H,10,11)/p-1",IWPZKOJSYQZABD-UHFFFAOYSA-M
581,"3,5-dimethoxybenzoate",9.643452676,17275-82-0,COC1=CC(=CC(=C1)C(=O)[O-])OC,>3,,https://doi.org/10.1021/j100516a007,carboxylic acid,Oxygenated organics,"InChI=1S/C9H10O4/c1-12-7-3-6(9(10)11)4-8(5-7)13-2/h3-5H,1-2H3,(H,10,11)/p-1",IWPZKOJSYQZABD-UHFFFAOYSA-M
582,"3,5-dimethoxybenzoate",9.643452676,17275-82-0,COc1cc(OC)cc(C(=O)[O-])c1,7,,10.1063/1.555808,carboxylic acid,Oxygenated organics,"InChI=1S/C9H10O4/c1-12-7-3-6(9(10)11)4-8(5-7)13-2/h3-5H,1-2H3,(H,10,11)/p-1",IWPZKOJSYQZABD-UHFFFAOYSA-M
583,"3,5鈥揇imethoxybenzoate",9.6435,17275-82-0,COc1cc(OC)cc(C(=O)[O-])c1,,,10.1021/j100516a007,carboxylic acid,Oxygenated organics,"InChI=1S/C9H10O4/c1-12-7-3-6(9(10)11)4-8(5-7)13-2/h3-5H,1-2H3,(H,10,11)/p-1",IWPZKOJSYQZABD-UHFFFAOYSA-M
584,"3,7,8,10-tetramethylbenzo[g]pteridine-2,4-dione",9.9031,18636-32-3,CC1=CC2=C(C=C1C)N(C3=NC(=O)N(C(=O)C3=N2)C)C,,,https://doi.org/10.1016/j.jhazmat.2025.137903,heterocycle,Heterocycles,"InChI=1S/C14H14N4O2/c1-7-5-9-10(6-8(7)2)17(3)12-11(15-9)13(19)18(4)14(20)16-12/h5-6H,1-4H3",DSUJCACXEBHAAS-UHFFFAOYSA-N
585,"3,7,8,10-tetramethylbenzo[g]pteridine-2,4-dione",9.903089987,18636-32-3,CN1C(=O)N=C2N(C)c3cc(C)c(C)cc3N=C2C1=O,,,https://doi.org/10.1021/acs.est.1c04326,heterocycle,Heterocycles,"InChI=1S/C14H14N4O2/c1-7-5-9-10(6-8(7)2)17(3)12-11(15-9)13(19)18(4)14(20)16-12/h5-6H,1-4H3",DSUJCACXEBHAAS-UHFFFAOYSA-N
586,3-(Aminooxy)-1-propanamine,9.382017043,61718-37-4,NCCCON,,,https://doi.org/10.1021/acs.est.1c04326,amine,Nitrogen-containing organics,InChI=1S/C3H10N2O/c4-2-1-3-6-5/h1-5H2,VSZFWDPIWSPZON-UHFFFAOYSA-N
587,3-Bromotoluene,9.230448921,591-17-3,CC1=CC(=CC=C1)Br,,,https://doi.org/10.1021/jp971986a,halogenated,Halogenated organics,"InChI=1S/C7H7Br/c1-6-3-2-4-7(8)5-6/h2-5H,1H3",WJIFKOVZNJTSGO-UHFFFAOYSA-N
588,3-Bromotoluene,9.230448921,591-17-3,Cc1cccc(Br)c1,,25,10.1016/j.chemosphere.2018.12.156,halogenated,Halogenated organics,"InChI=1S/C7H7Br/c1-6-3-2-4-7(8)5-6/h2-5H,1H3",WJIFKOVZNJTSGO-UHFFFAOYSA-N
589,3-Bromotoluene,9.2304,591-17-3,CC1=CC(=CC=C1)Br,,,https://doi.org/10.1016/j.chemosphere.2023.138902,halogenated,Halogenated organics,"InChI=1S/C7H7Br/c1-6-3-2-4-7(8)5-6/h2-5H,1H3",WJIFKOVZNJTSGO-UHFFFAOYSA-N
590,3-Butenenitrile,9.041392685,109-75-1,C=CCC#N,7,,NIST,nitrile,Nitrogen-containing organics,"InChI=1S/C4H5N/c1-2-3-4-5/h2H,1,3H2",SJNALLRHIVGIBI-UHFFFAOYSA-N
591,3-Chlorophenol,9.963787827,1214728-66-1,Oc1cccc(Cl)c1,,,https://doi.org/10.1021/acs.est.1c04326,halogenated,Halogenated organics,"InChI=1S/C6H5ClO/c7-5-2-1-3-6(8)4-5/h1-4,8H",HORNXRXVQWOLPJ-UHFFFAOYSA-N
592,3-Chlorotoluene,8.954242509,108-41-8,Cc1cccc(Cl)c1,,25,10.1016/j.chemosphere.2018.12.156,halogenated,Halogenated organics,"InChI=1S/C7H7Cl/c1-6-3-2-4-7(8)5-6/h2-5H,1H3",OSOUNOBYRMOXQQ-UHFFFAOYSA-N
593,3-Chlorotoluene,8.9542,108-41-8,CC1=CC(=CC=C1)Cl,,,https://doi.org/10.1016/j.chemosphere.2023.138903,halogenated,Halogenated organics,"InChI=1S/C7H7Cl/c1-6-3-2-4-7(8)5-6/h2-5H,1H3",OSOUNOBYRMOXQQ-UHFFFAOYSA-N
594,3-Chlorotoluene,8.954242509,108-41-8,CC1=CC(=CC=C1)Cl,,,https://doi.org/10.1021/jp971986a,halogenated,Halogenated organics,"InChI=1S/C7H7Cl/c1-6-3-2-4-7(8)5-6/h2-5H,1H3",OSOUNOBYRMOXQQ-UHFFFAOYSA-N
595,3-Methoxybenzoate,9.880813592,10259-22-0,COC1=CC=CC(=C1)C(=O)[O-],>3,,https://doi.org/10.1021/j100516a007,carboxylic acid,Oxygenated organics,"InChI=1S/C8H8O3/c1-11-7-4-2-3-6(5-7)8(9)10/h2-5H,1H3,(H,9,10)/p-1",XHQZJYCNDZAGLW-UHFFFAOYSA-M
596,3-Methoxybenzoate,9.880813592,10259-22-0,COc1cccc(C(=O)[O-])c1,7,,10.1063/1.555808,carboxylic acid,Oxygenated organics,"InChI=1S/C8H8O3/c1-11-7-4-2-3-6(5-7)8(9)10/h2-5H,1H3,(H,9,10)/p-1",XHQZJYCNDZAGLW-UHFFFAOYSA-M
597,3-Methoxybenzoate ion,9.880813592,10259-22-0,COc1cccc(C(=O)[O-])c1,3,,NIST,carboxylic acid,Oxygenated organics,"InChI=1S/C8H8O3/c1-11-7-4-2-3-6(5-7)8(9)10/h2-5H,1H3,(H,9,10)/p-1",XHQZJYCNDZAGLW-UHFFFAOYSA-M
598,3-Methoxybenzoate ion,9.8808,10259-22-0,COc1cccc(C(=O)[O-])c1,,,https://doi.org/10.1016/j.chemosphere.2023.138804,carboxylic acid,Oxygenated organics,"InChI=1S/C8H8O3/c1-11-7-4-2-3-6(5-7)8(9)10/h2-5H,1H3,(H,9,10)/p-1",XHQZJYCNDZAGLW-UHFFFAOYSA-M
599,3-Methoxybenzoate ion,9.880813592,10259-22-0,COc1cccc(C(=O)[O-])c1,7,25,10.1063/1.555808,carboxylic acid,Oxygenated organics,"InChI=1S/C8H8O3/c1-11-7-4-2-3-6(5-7)8(9)10/h2-5H,1H3,(H,9,10)/p-1",XHQZJYCNDZAGLW-UHFFFAOYSA-M
600,3-Methylbenzenesulfonic acid,9.176091259,617-97-0,CC1=CC(=CC=C1)S(=O)(=O)O,2.7,,NIST,sulfoxide,Sulfur-containing organics,"InChI=1S/C7H8O3S/c1-6-3-2-4-7(5-6)11(8,9)10/h2-5H,1H3,(H,8,9,10)",JDQDSEVNMTYMOC-UHFFFAOYSA-N
601,3-Methylbenzoate ion,9.301029996,99-04-7,CC1=CC(=CC=C1)C(=O)O,7,,NIST,carboxylic acid,Oxygenated organics,"InChI=1S/C8H8O2/c1-6-3-2-4-7(5-6)8(9)10/h2-5H,1H3,(H,9,10)",GPSDUZXPYCFOSQ-UHFFFAOYSA-N
602,3-Methylbenzoic acid,9.5185,99-04-7,CC1=CC(=CC=C1)C(=O)O,,,https://doi.org/10.1016/j.jhazmat.2025.138145,carboxylic acid,Oxygenated organics,"InChI=1S/C8H8O2/c1-6-3-2-4-7(5-6)8(9)10/h2-5H,1H3,(H,9,10)",GPSDUZXPYCFOSQ-UHFFFAOYSA-N
603,3-Methylbenzoic acid,9.301029996,99-04-7,Cc1cccc(c1)C(O)=O,,,https://doi.org/10.1021/acs.est.1c04326,carboxylic acid,Oxygenated organics,"InChI=1S/C8H8O2/c1-6-3-2-4-7(5-6)8(9)10/h2-5H,1H3,(H,9,10)",GPSDUZXPYCFOSQ-UHFFFAOYSA-N
604,3-Methylindole,10.07918125,173345-59-0,Cc1c[nH]c2ccccc12,,,https://doi.org/10.1021/acs.est.1c04326,heterocycle,Heterocycles,"InChI=1S/C9H9N/c1-7-6-10-9-5-3-2-4-8(7)9/h2-6,10H,1H3",ZFRKQXVRDFCRJG-UHFFFAOYSA-N
605,3-Methylindole,10.07918125,83-34-1,Cc1c[nH]c2ccccc12,7,,10.1016/j.chemosphere.2018.12.156,heterocycle,Heterocycles,"InChI=1S/C9H9N/c1-7-6-10-9-5-3-2-4-8(7)9/h2-6,10H,1H3",ZFRKQXVRDFCRJG-UHFFFAOYSA-N
606,3-Methylindole,9.301,83-34-1,CC1=CNC2=CC=CC=C12,,,https://doi.org/10.1016/j.jhazmat.2025.137965,heterocycle,Heterocycles,"InChI=1S/C9H9N/c1-7-6-10-9-5-3-2-4-8(7)9/h2-6,10H,1H3",ZFRKQXVRDFCRJG-UHFFFAOYSA-N
607,3-Methylindole,9.301,83-34-1,CC1=CNC2=CC=CC=C12,,,https://doi.org/10.1016/j.jhazmat.2025.138260,heterocycle,Heterocycles,"InChI=1S/C9H9N/c1-7-6-10-9-5-3-2-4-8(7)9/h2-6,10H,1H3",ZFRKQXVRDFCRJG-UHFFFAOYSA-N
608,3-Methylindole,10.07918125,83-34-1,CC1=CNC2=CC=CC=C12,7,,https://doi.org/10.1016/j.seppur.2018.02.055,heterocycle,Heterocycles,"InChI=1S/C9H9N/c1-7-6-10-9-5-3-2-4-8(7)9/h2-6,10H,1H3",ZFRKQXVRDFCRJG-UHFFFAOYSA-N
609,3-Methyllumiflavine,9.903089987,18636-32-3,CC1=CC2=C(C=C1C)N(C3=NC(=O)N(C(=O)C3=N2)C)C,6.75,,NIST,heterocycle,Heterocycles,"InChI=1S/C14H14N4O2/c1-7-5-9-10(6-8(7)2)17(3)12-11(15-9)13(19)18(4)14(20)16-12/h5-6H,1-4H3",DSUJCACXEBHAAS-UHFFFAOYSA-N
610,3-Methylthymidine,9.544068044,958-74-7,CC1=CN(C(=O)N(C1=O)C)[C@H]2C[C@@H]([C@H](O2)CO)O,,,NIST,diol,Polyfunctional / highly functionalized,"InChI=1S/C11H16N2O5/c1-6-4-13(11(17)12(2)10(6)16)9-3-7(15)8(5-14)18-9/h4,7-9,14-15H,3,5H2,1-2H3/t7-,8+,9+/m0/s1",JCVDICFLPGDHAT-DJLDLDEBSA-N
611,3-Methyluracil,9.51851394,608-34-4,CN1C(=O)C=CNC1=O,6,,NIST,heterocycle,Heterocycles,"InChI=1S/C5H6N2O2/c1-7-4(8)2-3-6-5(7)9/h2-3H,1H3,(H,6,9)",VPLZGVOSFFCKFC-UHFFFAOYSA-N
612,3-Pentanol,8.204119983,584-02-1,CCC(CC)O,,,NIST,alcohol,Oxygenated organics,"InChI=1S/C5H12O/c1-3-5(6)4-2/h5-6H,3-4H2,1-2H3",AQIXEPGDORPWBJ-UHFFFAOYSA-N
613,3-Phenylpropanoic acid,8.2041,286367-71-3,C1=CC=C(C=C1)CCC(=O)O,,,https://doi.org/10.1016/j.jhazmat.2025.138153,carboxylic acid,Oxygenated organics,"InChI=1S/C9H10O2/c10-9(11)7-6-8-4-2-1-3-5-8/h1-5H,6-7H2,(H,10,11)",XMIIGOLPHOKFCH-UHFFFAOYSA-N
614,3-Phenylpropanoic acid,9.204119983,40620-59-5,OC(=O)CCc1ccccc1,,,https://doi.org/10.1021/acs.est.1c04326,carboxylic acid,Oxygenated organics,"InChI=1S/C9H10O2/c10-9(11)7-6-8-4-2-1-3-5-8/h1-5H,6-7H2,(H,10,11)",XMIIGOLPHOKFCH-UHFFFAOYSA-N
615,3-Toluate,9.2041,120-33-2,CC1=CC(=CC=C1)C(=O)[O-],,,https://doi.org/10.1016/j.jhazmat.2025.137985,carboxylic acid,Oxygenated organics,"InChI=1S/C8H8O2/c1-6-3-2-4-7(5-6)8(9)10/h2-5H,1H3,(H,9,10)/p-1",GPSDUZXPYCFOSQ-UHFFFAOYSA-M
616,3-Toluate,9.176091259,120-33-2,CC1=CC(=CC=C1)C(=O)[O-],7,,?10.1007/s13762-012-0081-3,carboxylic acid,Oxygenated organics,"InChI=1S/C8H8O2/c1-6-3-2-4-7(5-6)8(9)10/h2-5H,1H3,(H,9,10)/p-1",GPSDUZXPYCFOSQ-UHFFFAOYSA-M
617,3-Toluate,9.301029996,120-33-2,CC1=CC(=CC=C1)C(=O)[O-],7,,https://doi.org/10.1021/ja00443a030,carboxylic acid,Oxygenated organics,"InChI=1S/C8H8O2/c1-6-3-2-4-7(5-6)8(9)10/h2-5H,1H3,(H,9,10)/p-1",GPSDUZXPYCFOSQ-UHFFFAOYSA-M
618,3-Toluate,9.301029996,120-33-2,Cc1cccc(C(=O)[O-])c1,7,,10.1016/j.chemosphere.2018.12.156,carboxylic acid,Oxygenated organics,"InChI=1S/C8H8O2/c1-6-3-2-4-7(5-6)8(9)10/h2-5H,1H3,(H,9,10)/p-1",GPSDUZXPYCFOSQ-UHFFFAOYSA-M
619,3-Toluate,9.243038049,30591-44-7,Cc1cccc(c1)C([O-])=O,,,https://doi.org/10.1021/acs.est.1c04326,carboxylic acid,Oxygenated organics,"InChI=1S/C8H8O2/c1-6-3-2-4-7(5-6)8(9)10/h2-5H,1H3,(H,9,10)/p-1",GPSDUZXPYCFOSQ-UHFFFAOYSA-M
620,3-Toluate ion,9.1139,9052-45-3,CC1=CC(=CC=C1)C(=O)[O-],,,https://doi.org/10.1016/j.chemosphere.2023.138814,carboxylic acid,Oxygenated organics,"InChI=1S/C8H8O2/c1-6-3-2-4-7(5-6)8(9)10/h2-5H,1H3,(H,9,10)/p-1",GPSDUZXPYCFOSQ-UHFFFAOYSA-M
621,3-[6-(4-chloro-3-ethylphenoxy)hexyl]-2-(4-chlorophenyl)quinazolin-4-one,8.556302501,4641-33-2,CCc1cc(OCCCCCCN2C(=O)c3ccccc3N=C2c4ccc(Cl)cc4)ccc1Cl,,,https://doi.org/10.1021/acs.est.1c04326,halogenated,Halogenated organics,"InChI=1S/C28H28Cl2N2O2/c1-2-20-19-23(15-16-25(20)30)34-18-8-4-3-7-17-32-27(21-11-13-22(29)14-12-21)31-26-10-6-5-9-24(26)28(32)33/h5-6,9-16,19H,2-4,7-8,17-18H2,1H3",IDHNDZCLHZBUHJ-UHFFFAOYSA-N
622,3-acetyloxypropyl acetate,6.633468456,96190-26-0,CC(=O)OCCCOC(C)=O,,,https://doi.org/10.1021/acs.est.1c04326,carboxylic acid,Oxygenated organics,"InChI=1S/C7H12O4/c1-6(8)10-4-3-5-11-7(2)9/h3-5H2,1-2H3",DSVGICPKBRQDDX-UHFFFAOYSA-N
623,3-chloroaniline,9.4839,108-42-9,C1=CC(=CC(=C1)Cl)N,,,https://doi.org/10.1016/j.jhazmat.2025.138331,halogenated,Halogenated organics,"InChI=1S/C6H6ClN/c7-5-2-1-3-6(8)4-5/h1-4H,8H2",PNPCRKVUWYDDST-UHFFFAOYSA-N
624,3-methoxybenzoate,9.880813592,1220021-08-8,COc1cccc(c1)C([O-])=O,,,https://doi.org/10.1021/acs.est.1c04326,carboxylic acid,Oxygenated organics,"InChI=1S/C8H8O3/c1-11-7-4-2-3-6(5-7)8(9)10/h2-5H,1H3,(H,9,10)/p-1",XHQZJYCNDZAGLW-UHFFFAOYSA-M
625,3-methoxybenzoate,9.880813592,10259-22-0,COc1cccc(C(=O)[O-])c1,7,20,10.1063/1.555808,carboxylic acid,Oxygenated organics,"InChI=1S/C8H8O3/c1-11-7-4-2-3-6(5-7)8(9)10/h2-5H,1H3,(H,9,10)/p-1",XHQZJYCNDZAGLW-UHFFFAOYSA-M
626,"3-methyl-1H-pyrimidine-2,4-dione",9.51851394,1522018-93-4,CN1C(=O)NC=CC1=O,,,https://doi.org/10.1021/acs.est.1c04326,heterocycle,Heterocycles,"InChI=1S/C5H6N2O2/c1-7-4(8)2-3-6-5(7)9/h2-3H,1H3,(H,6,9)",VPLZGVOSFFCKFC-UHFFFAOYSA-N
627,3-methylphenol,9.818225894,41701-84-2,Cc1cccc(O)c1,,,https://doi.org/10.1021/acs.est.1c04326,phenol,Oxygenated organics,"InChI=1S/C7H8O/c1-6-3-2-4-7(8)5-6/h2-5,8H,1H3",RLSSMJSEOOYNOY-UHFFFAOYSA-N
628,3-methylphenol,10.0792,108-39-4,CC1=CC(=CC=C1)O,,,https://doi.org/10.1016/j.jhazmat.2025.138231,phenol,Oxygenated organics,"InChI=1S/C7H8O/c1-6-3-2-4-7(8)5-6/h2-5,8H,1H3",RLSSMJSEOOYNOY-UHFFFAOYSA-N
629,3-pentanol,9.8182,584-02-1,CCC(CC)O,,,https://doi.org/10.1016/j.jhazmat.2025.138229,alcohol,Oxygenated organics,"InChI=1S/C5H12O/c1-3-5(6)4-2/h5-6H,3-4H2,1-2H3",AQIXEPGDORPWBJ-UHFFFAOYSA-N
630,3-pentanol,8.204119983,584-02-1,CCC(O)CC,,22.85,10.1002/kin.550250307,alcohol,Oxygenated organics,"InChI=1S/C5H12O/c1-3-5(6)4-2/h5-6H,3-4H2,1-2H3",AQIXEPGDORPWBJ-UHFFFAOYSA-N
631,3-pentanol,8.204119983,584-02-1,CCC(O)CC,7,22,10.1002/kin.550250307,alcohol,Oxygenated organics,"InChI=1S/C5H12O/c1-3-5(6)4-2/h5-6H,3-4H2,1-2H3",AQIXEPGDORPWBJ-UHFFFAOYSA-N
632,perhydroxyl radical,9.544068044,3170-83-0,O[O-],,,https://doi.org/10.1021/acs.est.1c04326,inorganic,Others / Unassigned,InChI=1S/H2O2/c1-2/h1-2H/p-1,MHAJPDPJQMAIIY-UHFFFAOYSA-M
633,3鈥揃romotoluene,9.2304,591-17-3,CC1=CC=CC(Br)=C1,,,https://doi.org/10.1021/jp971986a,halogenated,Halogenated organics,"InChI=1S/C7H7Br/c1-6-3-2-4-7(8)5-6/h2-5H,1H3",WJIFKOVZNJTSGO-UHFFFAOYSA-N
634,3鈥揗ethoxybenzoate,9.8808,586-38-9,OC(C1=CC=CC(OC)=C1)=O,,,https://doi.org/10.1021/j100516a007,carboxylic acid,Oxygenated organics,"InChI=1S/C8H8O3/c1-11-7-4-2-3-6(5-7)8(9)10/h2-5H,1H3,(H,9,10)",XHQZJYCNDZAGLW-UHFFFAOYSA-N
635,3鈥揟oluate,9.301,99-04-7,CC1=CC(C(O)=O)=CC=C1,,,https://doi.org/10.1021/ja00443a030,carboxylic acid,Oxygenated organics,"InChI=1S/C8H8O2/c1-6-3-2-4-7(5-6)8(9)10/h2-5H,1H3,(H,9,10)",GPSDUZXPYCFOSQ-UHFFFAOYSA-N
636,"4-(1-Hydroxy-1-methylethyl)-1,2,4-trimethylcyclohexene",9.633468456,103694-69-5,,,,NIST,alkane,Aliphatic hydrocarbons,,
637,4-(1-Hydroxy-1-methylethyl)cyclohexene,9.662757832,90645-55-9,OC(C)(C)C1CC=CCC1,,,NIST,alcohol,Oxygenated organics,"InChI=1S/C9H16O/c1-9(2,10)8-6-4-3-5-7-8/h3-4,8,10H,5-7H2,1-2H3",FGCVUJGUQUFWLT-UHFFFAOYSA-N
638,4-(2-Hydroxyethyl)phenol,9.301,5034-68-4,C1=CC(=CC=C1CCO)O,,,https://doi.org/10.1016/j.jhazmat.2025.137967,phenol,Oxygenated organics,"InChI=1S/C8H10O2/c9-6-5-7-1-3-8(10)4-2-7/h1-4,9-10H,5-6H2",YCCILVSKPBXVIP-UHFFFAOYSA-N
639,4-(2-Hydroxyethyl)phenol,9.238046103,5034-68-4,C1=CC(=CC=C1CCO)O,7,,https://doi.org/10.1016/j.jhazmat.2018.06.062,phenol,Oxygenated organics,"InChI=1S/C8H10O2/c9-6-5-7-1-3-8(10)4-2-7/h1-4,9-10H,5-6H2",YCCILVSKPBXVIP-UHFFFAOYSA-N
640,4-(2-Hydroxyethyl)phenol,9.238046103,5034-68-4,OCCc1ccc(O)cc1,7,,10.1016/j.chemosphere.2018.12.156,phenol,Oxygenated organics,"InChI=1S/C8H10O2/c9-6-5-7-1-3-8(10)4-2-7/h1-4,9-10H,5-6H2",YCCILVSKPBXVIP-UHFFFAOYSA-N
641,4-(2-Hydroxyethyl)phenol,9.301,5034-68-4,C1=CC(=CC=C1CCO)O,,,https://doi.org/10.1016/j.jhazmat.2025.138213,phenol,Oxygenated organics,"InChI=1S/C8H10O2/c9-6-5-7-1-3-8(10)4-2-7/h1-4,9-10H,5-6H2",YCCILVSKPBXVIP-UHFFFAOYSA-N
642,4-(2-Hydroxyethyl)phenol,9.238046103,342880-86-8,OCCc1ccc(O)cc1,,,https://doi.org/10.1021/acs.est.1c04326,phenol,Oxygenated organics,"InChI=1S/C8H10O2/c9-6-5-7-1-3-8(10)4-2-7/h1-4,9-10H,5-6H2",YCCILVSKPBXVIP-UHFFFAOYSA-N
643,4-ACETYLBENZOIC ACID,9.238,586-89-0,CC(=O)C1=CC=C(C=C1)C(=O)O,,,https://doi.org/10.1016/j.jhazmat.2025.138129,carboxylic acid,Oxygenated organics,"InChI=1S/C9H8O3/c1-6(10)7-2-4-8(5-3-7)9(11)12/h2-5H,1H3,(H,11,12)",QBHDSQZASIBAAI-UHFFFAOYSA-N
644,4-ACETYLBENZOIC ACID,8.301029996,229315-91-7,CC(=O)c1ccc(cc1)C(O)=O,,,https://doi.org/10.1021/acs.est.1c04326,carboxylic acid,Oxygenated organics,"InChI=1S/C9H8O3/c1-6(10)7-2-4-8(5-3-7)9(11)12/h2-5H,1H3,(H,11,12)",QBHDSQZASIBAAI-UHFFFAOYSA-N
645,4-Acetylbenzoate,8.301029996,1794844-86-2,CC(=O)c1ccc(cc1)C([O-])=O,,,https://doi.org/10.1021/acs.est.1c04326,carboxylic acid,Oxygenated organics,"InChI=1S/C9H8O3/c1-6(10)7-2-4-8(5-3-7)9(11)12/h2-5H,1H3,(H,11,12)/p-1",QBHDSQZASIBAAI-UHFFFAOYSA-M
646,4-Acetylbenzoate,8.301029996,119839-27-9,CC(=O)C1=CC=C(C=C1)C(=O)[O-],7,,https://doi.org/10.1021/ja00443a030,carboxylic acid,Oxygenated organics,"InChI=1S/C9H8O3/c1-6(10)7-2-4-8(5-3-7)9(11)12/h2-5H,1H3,(H,11,12)/p-1",QBHDSQZASIBAAI-UHFFFAOYSA-M
647,4-Acetylbenzoate,9.301029996,119839-27-9,CC(=O)c1ccc(C(=O)[O-])cc1,7,,10.1063/1.555808,carboxylic acid,Oxygenated organics,"InChI=1S/C9H8O3/c1-6(10)7-2-4-8(5-3-7)9(11)12/h2-5H,1H3,(H,11,12)/p-1",QBHDSQZASIBAAI-UHFFFAOYSA-M
648,4-Acetylbenzoate ion,8.301,119838-69-6,CC(=O)c1ccc(C(=O)[O-])cc1,,,https://doi.org/10.1016/j.chemosphere.2023.138793,carboxylic acid,Oxygenated organics,"InChI=1S/C9H8O3/c1-6(10)7-2-4-8(5-3-7)9(11)12/h2-5H,1H3,(H,11,12)/p-1",QBHDSQZASIBAAI-UHFFFAOYSA-M
649,4-Acetylbenzoate ion,8.301029996,119838-69-6,CC(=O)c1ccc(C(=O)[O-])cc1,7,,NIST,carboxylic acid,Oxygenated organics,"InChI=1S/C9H8O3/c1-6(10)7-2-4-8(5-3-7)9(11)12/h2-5H,1H3,(H,11,12)/p-1",QBHDSQZASIBAAI-UHFFFAOYSA-M
650,4-Bromoaniline,9.4839,106-40-1,C1=CC(=CC=C1N)Br,,,https://doi.org/10.1016/j.jhazmat.2025.138334,halogenated,Halogenated organics,"InChI=1S/C6H6BrN/c7-5-1-3-6(8)4-2-5/h1-4H,8H2",WDFQBORIUYODSI-UHFFFAOYSA-N
651,4-Bromobenzoate ion,9,16449-27-7,O=C([O-])c1ccc(Br)cc1,7,,https://doi.org/10.1021/ja00443a030,halogenated,Halogenated organics,"InChI=1S/C7H5BrO2/c8-6-3-1-5(2-4-6)7(9)10/h1-4H,(H,9,10)/p-1",TUXYZHVUPGXXQG-UHFFFAOYSA-M
652,4-Bromobenzoate ion,9,16449-27-7,,7,,NIST,halogenated,Halogenated organics,,
653,4-Bromobenzoate ion,9,16449-27-7,O=C([O-])c1ccc(Br)cc1,7,,10.1063/1.555808,halogenated,Halogenated organics,"InChI=1S/C7H5BrO2/c8-6-3-1-5(2-4-6)7(9)10/h1-4H,(H,9,10)/p-1",TUXYZHVUPGXXQG-UHFFFAOYSA-M
654,4-Bromobenzoic acid,9,586-76-5,C1=CC(=CC=C1C(=O)O)Br,,,https://doi.org/10.1016/j.jhazmat.2025.138132,halogenated,Halogenated organics,"InChI=1S/C7H5BrO2/c8-6-3-1-5(2-4-6)7(9)10/h1-4H,(H,9,10)",TUXYZHVUPGXXQG-UHFFFAOYSA-N
655,4-Bromobenzoic acid,9,586-76-5,C1=CC(=CC=C1C(=O)O)Br,,,https://doi.org/10.1016/j.jhazmat.2025.138006,halogenated,Halogenated organics,"InChI=1S/C7H5BrO2/c8-6-3-1-5(2-4-6)7(9)10/h1-4H,(H,9,10)",TUXYZHVUPGXXQG-UHFFFAOYSA-N
656,4-Bromobenzoic acid,9,258273-37-9,OC(=O)c1ccc(Br)cc1,,,https://doi.org/10.1021/acs.est.1c04326,halogenated,Halogenated organics,"InChI=1S/C7H5BrO2/c8-6-3-1-5(2-4-6)7(9)10/h1-4H,(H,9,10)",TUXYZHVUPGXXQG-UHFFFAOYSA-N
657,4-Bromotoluene,9,106-38-7,CC1=CC=C(C=C1)Br,,,https://doi.org/10.1016/j.chemosphere.2023.138904,halogenated,Halogenated organics,"InChI=1S/C7H7Br/c1-6-2-4-7(8)5-3-6/h2-5H,1H3",ZBTMRBYMKUEVEU-UHFFFAOYSA-N
658,4-Bromotoluene,9,106-38-7,Cc1ccc(Br)cc1,,25,10.1016/j.chemosphere.2018.12.156,halogenated,Halogenated organics,"InChI=1S/C7H7Br/c1-6-2-4-7(8)5-3-6/h2-5H,1H3",ZBTMRBYMKUEVEU-UHFFFAOYSA-N
659,4-Bromotoluene,9,106-38-7,CC1=CC=C(C=C1)Br,,,https://doi.org/10.1016/j.jhazmat.2025.138004,halogenated,Halogenated organics,"InChI=1S/C7H7Br/c1-6-2-4-7(8)5-3-6/h2-5H,1H3",ZBTMRBYMKUEVEU-UHFFFAOYSA-N
660,4-Bromotoluene,9,106-38-7,CC1=CC=C(C=C1)Br,,,https://doi.org/10.1021/jp971986a,halogenated,Halogenated organics,"InChI=1S/C7H7Br/c1-6-2-4-7(8)5-3-6/h2-5H,1H3",ZBTMRBYMKUEVEU-UHFFFAOYSA-N
661,4-CH3C6H4SO3-,9.176091259,16722-51-3,,2.5,,NIST,sulfoxide,Sulfur-containing organics,,
662,4-Chlorbenzoate ion,8.5563,4641-33-2,O=C([O-])c1ccc(Cl)cc1,,,https://doi.org/10.1016/j.chemosphere.2023.138795,halogenated,Halogenated organics,"InChI=1S/C7H5ClO2/c8-6-3-1-5(2-4-6)7(9)10/h1-4H,(H,9,10)/p-1",XRHGYUZYPHTUJZ-UHFFFAOYSA-M
663,4-Chlorobenzoate,8.556302501,99500-37-5,C1=CC(=CC=C1C(=O)[O-])Cl,7,,NIST,halogenated,Halogenated organics,"InChI=1S/C7H5ClO2/c8-6-3-1-5(2-4-6)7(9)10/h1-4H,(H,9,10)/p-1",XRHGYUZYPHTUJZ-UHFFFAOYSA-M
664,4-Chlorobenzoate ion,8.556302501,4641-33-2,O=C([O-])c1ccc(Cl)cc1,7,,https://doi.org/10.1021/ja00443a030,halogenated,Halogenated organics,"InChI=1S/C7H5ClO2/c8-6-3-1-5(2-4-6)7(9)10/h1-4H,(H,9,10)/p-1",XRHGYUZYPHTUJZ-UHFFFAOYSA-M
665,4-Chlorobenzoate ion,8.556302501,4641-33-2,O=C([O-])c1ccc(Cl)cc1,7,,10.1063/1.555808,halogenated,Halogenated organics,"InChI=1S/C7H5ClO2/c8-6-3-1-5(2-4-6)7(9)10/h1-4H,(H,9,10)/p-1",XRHGYUZYPHTUJZ-UHFFFAOYSA-M
666,4-Chlorobenzoic acid,8.5563,74-11-3,C1=CC(=CC=C1C(=O)O)Cl,,,https://doi.org/10.1016/j.jhazmat.2025.138027,halogenated,Halogenated organics,"InChI=1S/C7H5ClO2/c8-6-3-1-5(2-4-6)7(9)10/h1-4H,(H,9,10)",XRHGYUZYPHTUJZ-UHFFFAOYSA-N
667,4-Chlorobenzoic acid,8.556302501,85577-25-9,OC(=O)c1ccc(Cl)cc1,,,https://doi.org/10.1021/acs.est.1c04326,halogenated,Halogenated organics,"InChI=1S/C7H5ClO2/c8-6-3-1-5(2-4-6)7(9)10/h1-4H,(H,9,10)",XRHGYUZYPHTUJZ-UHFFFAOYSA-N
668,4-Chlorotoluene,8.5563,106-43-4,CC1=CC=C(C=C1)Cl,,,https://doi.org/10.1016/j.jhazmat.2025.138026,halogenated,Halogenated organics,"InChI=1S/C7H7Cl/c1-6-2-4-7(8)5-3-6/h2-5H,1H3",NPDACUSDTOMAMK-UHFFFAOYSA-N
669,4-Chlorotoluene,9.041392685,106-43-4,CC1=CC=C(C=C1)Cl,,,https://doi.org/10.1021/jp971986a,halogenated,Halogenated organics,"InChI=1S/C7H7Cl/c1-6-2-4-7(8)5-3-6/h2-5H,1H3",NPDACUSDTOMAMK-UHFFFAOYSA-N
670,4-Chlorotoluene,9.0414,106-43-4,CC1=CC=C(C=C1)Cl,,,https://doi.org/10.1016/j.chemosphere.2023.138905,halogenated,Halogenated organics,"InChI=1S/C7H7Cl/c1-6-2-4-7(8)5-3-6/h2-5H,1H3",NPDACUSDTOMAMK-UHFFFAOYSA-N
671,4-Chlorotoluene,9.041392685,106-43-4,Cc1ccc(Cl)cc1,,25,10.1016/j.chemosphere.2018.12.156,halogenated,Halogenated organics,"InChI=1S/C7H7Cl/c1-6-2-4-7(8)5-3-6/h2-5H,1H3",NPDACUSDTOMAMK-UHFFFAOYSA-N
672,4-Cyanobenzoate,7.51851394,17264-66-3,N#Cc1ccc(C(=O)[O-])cc1,7,,10.1016/j.chemosphere.2018.12.156,nitrile,Nitrogen-containing organics,"InChI=1S/C8H5NO2/c9-5-6-1-3-7(4-2-6)8(10)11/h1-4H,(H,10,11)/p-1",ADCUEPOHPCPMCE-UHFFFAOYSA-M
673,4-Cyanobenzoate,7.51851394,17264-66-3,C1=CC(=CC=C1C#N)C(=O)[O-],7,,https://doi.org/10.1021/ja00443a030,nitrile,Nitrogen-containing organics,"InChI=1S/C8H5NO2/c9-5-6-1-3-7(4-2-6)8(10)11/h1-4H,(H,10,11)/p-1",ADCUEPOHPCPMCE-UHFFFAOYSA-M
674,4-Cyanobenzoate,7.5185,17264-66-3,C1=CC(=CC=C1C#N)C(=O)[O-],,,https://doi.org/10.1016/j.chemosphere.2023.138856,nitrile,Nitrogen-containing organics,"InChI=1S/C8H5NO2/c9-5-6-1-3-7(4-2-6)8(10)11/h1-4H,(H,10,11)/p-1",ADCUEPOHPCPMCE-UHFFFAOYSA-M
675,4-Cyanobenzoate,7.51851394,84877-66-7,[O-]C(=O)c1ccc(cc1)C#N,,,https://doi.org/10.1021/acs.est.1c04326,nitrile,Nitrogen-containing organics,"InChI=1S/C8H5NO2/c9-5-6-1-3-7(4-2-6)8(10)11/h1-4H,(H,10,11)/p-1",ADCUEPOHPCPMCE-UHFFFAOYSA-M
676,4-Cyanobenzoate ion,7.5185,17264-66-3,N#Cc1ccc(C(=O)[O-])cc1,,,https://doi.org/10.1016/j.chemosphere.2023.138796,nitrile,Nitrogen-containing organics,"InChI=1S/C8H5NO2/c9-5-6-1-3-7(4-2-6)8(10)11/h1-4H,(H,10,11)/p-1",ADCUEPOHPCPMCE-UHFFFAOYSA-M
677,4-Fluoroaniline,9.3648,371-40-4,C1=CC(=CC=C1N)F,,,https://doi.org/10.1016/j.jhazmat.2025.138332,halogenated,Halogenated organics,"InChI=1S/C6H6FN/c7-5-1-3-6(8)4-2-5/h1-4H,8H2",KRZCOLNOCZKSDF-UHFFFAOYSA-N
678,4-Hydroxybenzoate,9.3979,178042-54-1,C1=CC(=CC=C1C(=O)O)O,,,https://doi.org/10.1016/j.chemosphere.2023.138857,phenol,Oxygenated organics,"InChI=1S/C7H6O3/c8-6-3-1-5(2-4-6)7(9)10/h1-4,8H,(H,9,10)",FJKROLUGYXJWQN-UHFFFAOYSA-N
679,4-Hydroxybenzoate,9.397940009,178042-54-1,O=C([O-])c1ccc(O)cc1,7,,10.1063/1.555808,phenol,Oxygenated organics,"InChI=1S/C7H6O3/c8-6-3-1-5(2-4-6)7(9)10/h1-4,8H,(H,9,10)/p-1",FJKROLUGYXJWQN-UHFFFAOYSA-M
680,4-Hydroxybenzoate,9.397940009,178042-54-1,C1=CC(=CC=C1C(=O)O)O,7,,https://doi.org/10.1021/ja00443a030,phenol,Oxygenated organics,"InChI=1S/C7H6O3/c8-6-3-1-5(2-4-6)7(9)10/h1-4,8H,(H,9,10)",FJKROLUGYXJWQN-UHFFFAOYSA-N
681,4-Hydroxybenzoate ion,9.3979,456-23-5,C1=CC(=CC=C1C(=O)O)[O-],,,https://doi.org/10.1016/j.chemosphere.2023.138809,phenol,Oxygenated organics,"InChI=1S/C7H6O3/c8-6-3-1-5(2-4-6)7(9)10/h1-4,8H,(H,9,10)/p-1",FJKROLUGYXJWQN-UHFFFAOYSA-M
682,4-Hydroxybenzoic acid,9.397940009,73486-75-6,OC(=O)c1ccc(O)cc1,,,https://doi.org/10.1021/acs.est.1c04326,phenol,Oxygenated organics,"InChI=1S/C7H6O3/c8-6-3-1-5(2-4-6)7(9)10/h1-4,8H,(H,9,10)",FJKROLUGYXJWQN-UHFFFAOYSA-N
683,4-Hydroxybenzoic acid,9.3979,287399-28-4,C1=CC(=CC=C1C(=O)O)O,,,https://doi.org/10.1016/j.jhazmat.2025.137956,phenol,Oxygenated organics,"InChI=1S/C7H6O3/c8-6-3-1-5(2-4-6)7(9)10/h1-4,8H,(H,9,10)",FJKROLUGYXJWQN-UHFFFAOYSA-N
684,4-Hydroxybenzoic acid,9.3979,287399-28-4,C1=CC(=CC=C1C(=O)O)O,,,https://doi.org/10.1016/j.jhazmat.2025.138214,phenol,Oxygenated organics,"InChI=1S/C7H6O3/c8-6-3-1-5(2-4-6)7(9)10/h1-4,8H,(H,9,10)",FJKROLUGYXJWQN-UHFFFAOYSA-N
685,4-Hydroxymethylcyclohexene,9.633468456,1679-51-2,C1CC(CC=C1)CO,,,NIST,alcohol,Oxygenated organics,"InChI=1S/C7H12O/c8-6-7-4-2-1-3-5-7/h1-2,7-8H,3-6H2",VEIYJWQZNGASMA-UHFFFAOYSA-N
686,4-Isobutylacetophenone,9.521138084,38169-39-0,CC(C)Cc1ccc(cc1)C(C)=O,,,https://doi.org/10.1021/acs.est.1c04326,ketone,Oxygenated organics,"InChI=1S/C12H16O/c1-9(2)8-11-4-6-12(7-5-11)10(3)13/h4-7,9H,8H2,1-3H3",KEAGRYYGYWZVPC-UHFFFAOYSA-N
687,4-Isobutylacetophenone,9.521138084,38861-78-8,CC(=O)c1ccc(CC(C)C)cc1,7,,https://doi.org/10.1016/j.cej.2015.01.125,ketone,Oxygenated organics,"InChI=1S/C12H16O/c1-9(2)8-11-4-6-12(7-5-11)10(3)13/h4-7,9H,8H2,1-3H3",KEAGRYYGYWZVPC-UHFFFAOYSA-N
688,4-Isobutylacetophenone,9.3979,38861-78-8,CC(C)CC1=CC=C(C=C1)C(=O)C,,,https://doi.org/10.1016/j.jhazmat.2025.138077,ketone,Oxygenated organics,"InChI=1S/C12H16O/c1-9(2)8-11-4-6-12(7-5-11)10(3)13/h4-7,9H,8H2,1-3H3",KEAGRYYGYWZVPC-UHFFFAOYSA-N
689,4-Isobutylacetophenone,9.521138084,38861-78-8,CC(=O)c1ccc(CC(C)C)cc1,7,,10.1016/j.chemosphere.2018.12.156,ketone,Oxygenated organics,"InChI=1S/C12H16O/c1-9(2)8-11-4-6-12(7-5-11)10(3)13/h4-7,9H,8H2,1-3H3",KEAGRYYGYWZVPC-UHFFFAOYSA-N
690,4-Me2NC6H4NO,9.361727836,138-89-6,CN(C1=CC=C(N=O)C=C1)C,9,,NIST,"nitroso, nitramine",Nitrogen-containing organics,"InChI=1S/C8H10N2O/c1-10(2)8-5-3-7(9-11)4-6-8/h3-6H,1-2H3",CMEWLCATCRTSGF-UHFFFAOYSA-N
691,4-Methoxybenzoate,9.880813592,1335-08-6,COc1ccc(C(=O)[O-])cc1,7,,10.1016/j.chemosphere.2018.12.156,carboxylic acid,Oxygenated organics,"InChI=1S/C8H8O3/c1-11-7-4-2-6(3-5-7)8(9)10/h2-5H,1H3,(H,9,10)/p-1",ZEYHEAKUIGZSGI-UHFFFAOYSA-M
692,4-Methoxybenzoate,9.880813592,1335-08-6,COC1=CC=C(C=C1)C(=O)[O-],>3,,https://doi.org/10.1021/j100516a007,carboxylic acid,Oxygenated organics,"InChI=1S/C8H8O3/c1-11-7-4-2-6(3-5-7)8(9)10/h2-5H,1H3,(H,9,10)/p-1",ZEYHEAKUIGZSGI-UHFFFAOYSA-M
693,4-Methoxybenzoate,9.740362689,1335-08-6,COc1ccc(cc1)C([O-])=O,,,https://doi.org/10.1021/acs.est.1c04326,carboxylic acid,Oxygenated organics,"InChI=1S/C8H8O3/c1-11-7-4-2-6(3-5-7)8(9)10/h2-5H,1H3,(H,9,10)/p-1",ZEYHEAKUIGZSGI-UHFFFAOYSA-M
694,4-Methoxybenzoate ion,9.544068044,1335-08-6,COc1ccc(C(=O)[O-])cc1,7,,NIST,carboxylic acid,Oxygenated organics,"InChI=1S/C8H8O3/c1-11-7-4-2-6(3-5-7)8(9)10/h2-5H,1H3,(H,9,10)/p-1",ZEYHEAKUIGZSGI-UHFFFAOYSA-M
695,4-Methoxybenzoate ion,9.880813592,1335-08-6,COc1ccc(C(=O)[O-])cc1,3,,NIST,carboxylic acid,Oxygenated organics,"InChI=1S/C8H8O3/c1-11-7-4-2-6(3-5-7)8(9)10/h2-5H,1H3,(H,9,10)/p-1",ZEYHEAKUIGZSGI-UHFFFAOYSA-M
696,4-Methoxybenzoate ion,5.054995862,1335-08-6,COc1ccc(C(=O)[O-])cc1,7,25,10.1016/j.chemosphere.2018.12.156,carboxylic acid,Oxygenated organics,"InChI=1S/C8H8O3/c1-11-7-4-2-6(3-5-7)8(9)10/h2-5H,1H3,(H,9,10)/p-1",ZEYHEAKUIGZSGI-UHFFFAOYSA-M
697,4-Methoxybenzoate ion,9.5441,1335-08-6,COc1ccc(C(=O)[O-])cc1,,,https://doi.org/10.1016/j.chemosphere.2023.138798,carboxylic acid,Oxygenated organics,"InChI=1S/C8H8O3/c1-11-7-4-2-6(3-5-7)8(9)10/h2-5H,1H3,(H,9,10)/p-1",ZEYHEAKUIGZSGI-UHFFFAOYSA-M
698,4-Methoxybenzoic acid,9.5211,100-09-4,COC1=CC=C(C=C1)C(=O)O,,,https://doi.org/10.1016/j.jhazmat.2025.138155,carboxylic acid,Oxygenated organics,"InChI=1S/C8H8O3/c1-11-7-4-2-6(3-5-7)8(9)10/h2-5H,1H3,(H,9,10)",ZEYHEAKUIGZSGI-UHFFFAOYSA-N
699,4-Methoxybenzoic acid,9.5211,100-09-4,COC1=CC=C(C=C1)C(=O)O,,,https://doi.org/10.1016/j.jhazmat.2025.137938,carboxylic acid,Oxygenated organics,"InChI=1S/C8H8O3/c1-11-7-4-2-6(3-5-7)8(9)10/h2-5H,1H3,(H,9,10)",ZEYHEAKUIGZSGI-UHFFFAOYSA-N
700,4-Methoxybenzoic acid,9.544068044,1219803-08-3,COc1ccc(cc1)C(O)=O,,,https://doi.org/10.1021/acs.est.1c04326,carboxylic acid,Oxygenated organics,"InChI=1S/C8H8O3/c1-11-7-4-2-6(3-5-7)8(9)10/h2-5H,1H3,(H,9,10)",ZEYHEAKUIGZSGI-UHFFFAOYSA-N
701,4-Methylbenzenesulfonate,9.176091259,,Cc1ccc(cc1)[S]([O-])(=O)=O,,,https://doi.org/10.1021/acs.est.1c04326,sulfoxide,Sulfur-containing organics,"InChI=1S/C7H8O3S/c1-6-2-4-7(5-3-6)11(8,9)10/h2-5H,1H3,(H,8,9,10)/p-1",JOXIMZWYDAKGHI-UHFFFAOYSA-M
702,4-Methylbenzoate,9.255272505,175153-40-9,Cc1ccc(cc1)C([O-])=O,,,https://doi.org/10.1021/acs.est.1c04326,carboxylic acid,Oxygenated organics,"InChI=1S/C8H8O2/c1-6-2-4-7(5-3-6)8(9)10/h2-5H,1H3,(H,9,10)/p-1",LPNBBFKOUUSUDB-UHFFFAOYSA-M
703,4-Methylbenzoate,9.1761,5118-31-0,CC1=CC=C(C=C1)C(=O)[O-],,,https://doi.org/10.1016/j.jhazmat.2025.137989,carboxylic acid,Oxygenated organics,"InChI=1S/C8H8O2/c1-6-2-4-7(5-3-6)8(9)10/h2-5H,1H3,(H,9,10)/p-1",LPNBBFKOUUSUDB-UHFFFAOYSA-M
704,4-Methylbenzoic acid,9.2553,99-94-5,CC1=CC=C(C=C1)C(=O)O,,,https://doi.org/10.1016/j.jhazmat.2025.137978,carboxylic acid,Oxygenated organics,"InChI=1S/C8H8O2/c1-6-2-4-7(5-3-6)8(9)10/h2-5H,1H3,(H,9,10)",LPNBBFKOUUSUDB-UHFFFAOYSA-N
705,4-Methylbenzoic acid,9.255272505,61100-70-7,Cc1ccc(cc1)C(O)=O,,,https://doi.org/10.1021/acs.est.1c04326,carboxylic acid,Oxygenated organics,"InChI=1S/C8H8O2/c1-6-2-4-7(5-3-6)8(9)10/h2-5H,1H3,(H,9,10)",LPNBBFKOUUSUDB-UHFFFAOYSA-N
706,4-Methylbenzoic acid,9.2553,99-94-5,CC1=CC=C(C=C1)C(=O)O,,,https://doi.org/10.1016/j.jhazmat.2025.138139,carboxylic acid,Oxygenated organics,"InChI=1S/C8H8O2/c1-6-2-4-7(5-3-6)8(9)10/h2-5H,1H3,(H,9,10)",LPNBBFKOUUSUDB-UHFFFAOYSA-N
707,4-Methylphenol,9.2553,2876-02-0,CC1=CC=C(C=C1)O,,,https://doi.org/10.1016/j.jhazmat.2025.137974,phenol,Oxygenated organics,"InChI=1S/C7H8O/c1-6-2-4-7(8)5-3-6/h2-5,8H,1H3",IWDCLRJOBJJRNH-UHFFFAOYSA-N
708,4-Methylphenol,9.2553,2876-02-0,CC1=CC=C(C=C1)O,,,https://doi.org/10.1016/j.jhazmat.2025.138212,phenol,Oxygenated organics,"InChI=1S/C7H8O/c1-6-2-4-7(8)5-3-6/h2-5,8H,1H3",IWDCLRJOBJJRNH-UHFFFAOYSA-N
709,4-Methylphenol,9.633468456,41701-84-2,Cc1ccc(O)cc1,,,https://doi.org/10.1021/acs.est.1c04326,phenol,Oxygenated organics,"InChI=1S/C7H8O/c1-6-2-4-7(8)5-3-6/h2-5,8H,1H3",IWDCLRJOBJJRNH-UHFFFAOYSA-N
710,4-Nitrobenzoate,6,106268-95-5,[O-]C(=O)c1ccc(cc1)[N+]([O-])=O,,,https://doi.org/10.1021/acs.est.1c04326,nitro,Nitrogen-containing organics,"InChI=1S/C7H5NO4/c9-7(10)5-1-3-6(4-2-5)8(11)12/h1-4H,(H,9,10)/p-1",OTLNPYWUJOZPPA-UHFFFAOYSA-M
711,4-Nitrobenzoate,6,2906-29-8,O=C([O-])c1ccc([N+](=O)[O-])cc1,7,,10.1016/j.chemosphere.2018.12.156,nitro,Nitrogen-containing organics,"InChI=1S/C7H5NO4/c9-7(10)5-1-3-6(4-2-5)8(11)12/h1-4H,(H,9,10)/p-1",OTLNPYWUJOZPPA-UHFFFAOYSA-M
712,4-Nitrobenzoate,6,2906-29-8,C1=CC(=CC=C1C(=O)[O-])[N+](=O)[O-],7,,https://doi.org/10.1021/ja00443a030,nitro,Nitrogen-containing organics,"InChI=1S/C7H5NO4/c9-7(10)5-1-3-6(4-2-5)8(11)12/h1-4H,(H,9,10)/p-1",OTLNPYWUJOZPPA-UHFFFAOYSA-M
713,4-Toluate,9.204119983,17264-54-9,Cc1ccc(C(=O)[O-])cc1,7,,?10.1007/s13762-012-0081-3,carboxylic acid,Oxygenated organics,"InChI=1S/C8H8O2/c1-6-2-4-7(5-3-6)8(9)10/h2-5H,1H3,(H,9,10)/p-1",LPNBBFKOUUSUDB-UHFFFAOYSA-M
714,4-Toluate,9.255272505,17264-54-9,Cc1ccc(C(=O)[O-])cc1,7,,10.1063/1.555808,carboxylic acid,Oxygenated organics,"InChI=1S/C8H8O2/c1-6-2-4-7(5-3-6)8(9)10/h2-5H,1H3,(H,9,10)/p-1",LPNBBFKOUUSUDB-UHFFFAOYSA-M
715,4-Toluate,9.255272505,17264-54-9,Cc1ccc(C(=O)[O-])cc1,7,,https://doi.org/10.1021/ja00443a030,carboxylic acid,Oxygenated organics,"InChI=1S/C8H8O2/c1-6-2-4-7(5-3-6)8(9)10/h2-5H,1H3,(H,9,10)/p-1",LPNBBFKOUUSUDB-UHFFFAOYSA-M
716,4-Toluate ion,9.1461,17264-54-9,Cc1ccc(C(=O)[O-])cc1,,,https://doi.org/10.1016/j.chemosphere.2023.138815,carboxylic acid,Oxygenated organics,"InChI=1S/C8H8O2/c1-6-2-4-7(5-3-6)8(9)10/h2-5H,1H3,(H,9,10)/p-1",LPNBBFKOUUSUDB-UHFFFAOYSA-M
717,4-acetyloxybutyl acetate,7.113943352,80685-38-7,CC(=O)OCCCCOC(C)=O,,,https://doi.org/10.1021/acs.est.1c04326,carboxylic acid,Oxygenated organics,"InChI=1S/C8H14O4/c1-7(9)11-5-3-4-6-12-8(2)10/h3-6H2,1-2H3",XUKSWKGOQKREON-UHFFFAOYSA-N
718,4-amino-1-[4-hydroxy-5-(hydroxymethyl)oxolan-2-yl]pyrimidin-2-one,9.380211242,26563-01-9,NC1=NC(=O)N(C=C1)C2CC(O)C(CO)O2,,,https://doi.org/10.1021/acs.est.1c04326,amine,Nitrogen-containing organics,"InChI=1S/C9H13N3O4/c10-7-1-2-12(9(15)11-7)8-3-5(14)6(4-13)16-8/h1-2,5-6,8,13-14H,3-4H2,(H2,10,11,15)",CKTSBUTUHBMZGZ-UHFFFAOYSA-N
719,4-bromobenzoate,9,900937-58-8,[O-]C(=O)c1ccc(Br)cc1,,,https://doi.org/10.1021/acs.est.1c04326,halogenated,Halogenated organics,"InChI=1S/C7H5BrO2/c8-6-3-1-5(2-4-6)7(9)10/h1-4H,(H,9,10)/p-1",TUXYZHVUPGXXQG-UHFFFAOYSA-M
720,4-chloro benzoic acid,8.0238,74-11-3,ClC1=CC=C(C(O)=O)C=C1,,,https://doi.org/10.1016/j.jhazmat.2025.138233,halogenated,Halogenated organics,"InChI=1S/C7H5ClO2/c8-6-3-1-5(2-4-6)7(9)10/h1-4H,(H,9,10)",XRHGYUZYPHTUJZ-UHFFFAOYSA-N
721,4-chloro benzoic acid (pCBA),8.556302501,871880-36-3,O=C(O)c1ccc(Cl)cc1,7,,10.1002/chin.197714152,halogenated,Halogenated organics,"InChI=1S/C7H5ClO2/c8-6-3-1-5(2-4-6)7(9)10/h1-4H,(H,9,10)",XRHGYUZYPHTUJZ-UHFFFAOYSA-N
722,4-hydroxybenzoate,9.397940009,134214-78-1,Oc1ccc(cc1)C([O-])=O,,,https://doi.org/10.1021/acs.est.1c04326,phenol,Oxygenated organics,"InChI=1S/C7H6O3/c8-6-3-1-5(2-4-6)7(9)10/h1-4,8H,(H,9,10)/p-1",FJKROLUGYXJWQN-UHFFFAOYSA-M
723,4-methoxybenzoate,9.5441,1335-08-6,COC1=CC=C(C=C1)C(=O)[O-],,,https://doi.org/10.1016/j.chemosphere.2023.138890,carboxylic acid,Oxygenated organics,"InChI=1S/C8H8O3/c1-11-7-4-2-6(3-5-7)8(9)10/h2-5H,1H3,(H,9,10)/p-1",ZEYHEAKUIGZSGI-UHFFFAOYSA-M
724,4-methylbenzoate,9.255272505,5118-31-0,CC1=CC=C(C=C1)C(=O)[O-],7,,NIST,carboxylic acid,Oxygenated organics,"InChI=1S/C8H8O2/c1-6-2-4-7(5-3-6)8(9)10/h2-5H,1H3,(H,9,10)/p-1",LPNBBFKOUUSUDB-UHFFFAOYSA-M
725,4-phenol,9.238,14392-69-9,O=C(CCCCCCCC)C1=CC=C(O)C=C1,,,https://doi.org/10.1016/j.chemosphere.2023.138863,phenol,Oxygenated organics,"InChI=1S/C15H22O2/c1-2-3-4-5-6-7-8-15(17)13-9-11-14(16)12-10-13/h9-12,16H,2-8H2,1H3",JZBXYOOARNRUME-UHFFFAOYSA-N
726,4-propan-2-ylbenzenesulfonic acid,8.73239376,,O=S(C1=CC=C(C(C)C)C=C1)(O)=O,,,https://doi.org/10.1021/acs.est.1c04326,sulfoxide,Sulfur-containing organics,"InChI=1S/C9H12O3S/c1-7(2)8-3-5-9(6-4-8)13(10,11)12/h3-7H,1-2H3,(H,10,11,12)",CVLHGLWXLDOELD-UHFFFAOYSA-N
727,4-(2-Hydroxyethyl)phenol,9.238,501-94-0,OC1=CC=C(CCO)C=C1,,,https://doi.org/10.1016/j.cattod.2019.02.014,phenol,Oxygenated organics,"InChI=1S/C8H10O2/c9-6-5-7-1-3-8(10)4-2-7/h1-4,9-10H,5-6H2",YCCILVSKPBXVIP-UHFFFAOYSA-N
728,4鈥揑sobutylacetophenone,9.5211,38861-78-8,O=C(C1=CC=C(CC(C)C)C=C1)C,,,https://doi.org/10.1016/j.cej.2015.01.125,ketone,Oxygenated organics,"InChI=1S/C12H16O/c1-9(2)8-11-4-6-12(7-5-11)10(3)13/h4-7,9H,8H2,1-3H3",KEAGRYYGYWZVPC-UHFFFAOYSA-N
729,4鈥揗ethoxybenzoate,9.8808,100-09-4,O=C(O)C1=CC=C(OC)C=C1,,,10.1021/j100516a007,carboxylic acid,Oxygenated organics,"InChI=1S/C8H8O3/c1-11-7-4-2-6(3-5-7)8(9)10/h2-5H,1H3,(H,9,10)",ZEYHEAKUIGZSGI-UHFFFAOYSA-N
730,4鈥揟oluate,9.2553,5118-31-0,O=C([O-])C1=CC=C(C)C=C1,,,10.1021/ja00443a030,carboxylic acid,Oxygenated organics,"InChI=1S/C8H8O2/c1-6-2-4-7(5-3-6)8(9)10/h2-5H,1H3,(H,9,10)/p-1",LPNBBFKOUUSUDB-UHFFFAOYSA-M
731,5'-dApdC-3',9.301029996,23339-46-0,,7,,NIST,phosphorus,Phosphorus-containing organics,,
732,"5,8-Dihydroxy-1,4-naphthoquinone",9.86923172,475-38-7,C1=CC(=C2C(=O)C=CC(=O)C2=C1O)O,5.8,,NIST,phenol,Oxygenated organics,"InChI=1S/C10H6O4/c11-5-1-2-6(12)10-8(14)4-3-7(13)9(5)10/h1-4,11-12H",RQNVIKXOOKXAJQ-UHFFFAOYSA-N
733,"5,8-Dihydroxy-1,4-naphthoquinone",9.954242509,475-38-7,C1=CC(=C2C(=O)C=CC(=O)C2=C1O)O,9.3,,NIST,phenol,Oxygenated organics,"InChI=1S/C10H6O4/c11-5-1-2-6(12)10-8(14)4-3-7(13)9(5)10/h1-4,11-12H",RQNVIKXOOKXAJQ-UHFFFAOYSA-N
734,"5,8-dihydroxynaphthalene-1,4-dione",8.7324,475-38-7,C1=CC(=C2C(=O)C=CC(=O)C2=C1O)O,,,https://doi.org/10.1016/j.jhazmat.2025.138021,phenol,Oxygenated organics,"InChI=1S/C10H6O4/c11-5-1-2-6(12)10-8(14)4-3-7(13)9(5)10/h1-4,11-12H",RQNVIKXOOKXAJQ-UHFFFAOYSA-N
735,"5,8-dihydroxynaphthalene-1,4-dione",8.7324,475-38-7,C1=CC(=C2C(=O)C=CC(=O)C2=C1O)O,,,https://doi.org/10.1016/j.jhazmat.2025.138203,phenol,Oxygenated organics,"InChI=1S/C10H6O4/c11-5-1-2-6(12)10-8(14)4-3-7(13)9(5)10/h1-4,11-12H",RQNVIKXOOKXAJQ-UHFFFAOYSA-N
736,"5,8-dihydroxynaphthalene-1,4-dione",8.7324,475-38-7,C1=CC(=C2C(=O)C=CC(=O)C2=C1O)O,,,https://doi.org/10.1016/j.jhazmat.2025.138057,phenol,Oxygenated organics,"InChI=1S/C10H6O4/c11-5-1-2-6(12)10-8(14)4-3-7(13)9(5)10/h1-4,11-12H",RQNVIKXOOKXAJQ-UHFFFAOYSA-N
737,"5,8-dihydroxynaphthalene-1,4-dione",9.86923172,65726-73-0,Oc1ccc(O)c2C(=O)C=CC(=O)c12,,,https://doi.org/10.1021/acs.est.1c04326,phenol,Oxygenated organics,"InChI=1S/C10H6O4/c11-5-1-2-6(12)10-8(14)4-3-7(13)9(5)10/h1-4,11-12H",RQNVIKXOOKXAJQ-UHFFFAOYSA-N
738,5-Methoxybenzoate,9.544068044,717109-27-8,O=C(OCC)C1=CC(OC)=CC(I)=C1,7,,https://doi.org/10.1021/ja00443a030,halogenated,Halogenated organics,"InChI=1S/C10H11IO3/c1-3-14-10(12)7-4-8(11)6-9(5-7)13-2/h4-6H,3H2,1-2H3",HNYZPGYTZQEBGU-UHFFFAOYSA-N
739,5-Sulfo-salicylic acid,9.4914,79817-69-9,C1=CC(=C(C=C1S(=O)(=O)O)C(=O)O)O,,,https://doi.org/10.1016/j.jhazmat.2025.137941,phenol,Oxygenated organics,"InChI=1S/C7H6O6S/c8-6-2-1-4(14(11,12)13)3-5(6)7(9)10/h1-3,8H,(H,9,10)(H,11,12,13)",YCPXWRQRBFJBPZ-UHFFFAOYSA-N
740,5-Sulfo-salicylic acid,9.4914,79817-69-9,C1=CC(=C(C=C1S(=O)(=O)O)C(=O)O)O,,,https://doi.org/10.1016/j.jhazmat.2025.138218,phenol,Oxygenated organics,"InChI=1S/C7H6O6S/c8-6-2-1-4(14(11,12)13)3-5(6)7(9)10/h1-3,8H,(H,9,10)(H,11,12,13)",YCPXWRQRBFJBPZ-UHFFFAOYSA-N
741,5-Sulfo-salicylic acid,9.079181246,79817-69-9,O=C(O)c1cc(S(=O)(=O)O)ccc1O,7,,10.1016/j.chemosphere.2018.12.156,phenol,Oxygenated organics,"InChI=1S/C7H6O6S/c8-6-2-1-4(14(11,12)13)3-5(6)7(9)10/h1-3,8H,(H,9,10)(H,11,12,13)",YCPXWRQRBFJBPZ-UHFFFAOYSA-N
742,5-Sulfo-salicylic acid,9.079181246,79817-69-9,C1=CC(=C(C=C1S(=O)(=O)O)C(=O)O)O,7,,https://doi.org/10.1016/j.radphyschem.2005.06.003,phenol,Oxygenated organics,"InChI=1S/C7H6O6S/c8-6-2-1-4(14(11,12)13)3-5(6)7(9)10/h1-3,8H,(H,9,10)(H,11,12,13)",YCPXWRQRBFJBPZ-UHFFFAOYSA-N
743,5-Sulfo-salicylic acid,9.4914,79817-69-9,C1=CC(=C(C=C1S(=O)(=O)O)C(=O)O)O,,,https://doi.org/10.1016/j.jhazmat.2025.138138,phenol,Oxygenated organics,"InChI=1S/C7H6O6S/c8-6-2-1-4(14(11,12)13)3-5(6)7(9)10/h1-3,8H,(H,9,10)(H,11,12,13)",YCPXWRQRBFJBPZ-UHFFFAOYSA-N
744,5-Sulfo-salicylicacid,9.079181246,6421-79-0,OC(=O)c1cc(ccc1O)[S](O)(=O)=O,,,https://doi.org/10.1021/acs.est.1c04326,phenol,Oxygenated organics,"InChI=1S/C7H6O6S/c8-6-2-1-4(14(11,12)13)3-5(6)7(9)10/h1-3,8H,(H,9,10)(H,11,12,13)",YCPXWRQRBFJBPZ-UHFFFAOYSA-N
745,5-acetyloxypentyl acetate,7.633468456,84812-67-9,CC(=O)OCCCCCOC(C)=O,,,https://doi.org/10.1021/acs.est.1c04326,carboxylic acid,Oxygenated organics,"InChI=1S/C9H16O4/c1-8(10)12-6-4-3-5-7-13-9(2)11/h3-7H2,1-2H3",PIJBVCVBCQOWMM-UHFFFAOYSA-N
746,"5-methyl-1H-pyrimidine-2,4-dione",7.6335,28806-14-6,CC1=CNC(=O)NC1=O,,,https://doi.org/10.1016/j.jhazmat.2025.138244,heterocycle,Heterocycles,"InChI=1S/C5H6N2O2/c1-3-2-6-5(9)7-4(3)8/h2H,1H3,(H2,6,7,8,9)",RWQNBRDOKXIBIV-UHFFFAOYSA-N
747,"5-methyl-1H-pyrimidine-2,4-dione",9.491361694,20027-36-5,CC1=CNC(=O)NC1=O,,,https://doi.org/10.1021/acs.est.1c04326,heterocycle,Heterocycles,"InChI=1S/C5H6N2O2/c1-3-2-6-5(9)7-4(3)8/h2H,1H3,(H2,6,7,8,9)",RWQNBRDOKXIBIV-UHFFFAOYSA-N
748,"5-methyl-1H-pyrimidine-2,4-dione",7.6335,28806-14-6,CC1=CNC(=O)NC1=O,,,https://doi.org/10.1016/j.jhazmat.2025.138070,heterocycle,Heterocycles,"InChI=1S/C5H6N2O2/c1-3-2-6-5(9)7-4(3)8/h2H,1H3,(H2,6,7,8,9)",RWQNBRDOKXIBIV-UHFFFAOYSA-N
749,6-Aminophenalenone,10.04139269,70402-14-1,C1=CC2=C(C=CC3=C2C(=C1)C(=O)C=C3)N,,,NIST,amine,Nitrogen-containing organics,"InChI=1S/C13H9NO/c14-11-6-4-8-5-7-12(15)10-3-1-2-9(11)13(8)10/h1-7H,14H2",LNWQVXDBQBAGHD-UHFFFAOYSA-N
750,"6-Chloro-2-ethylamino-4-amino-1,3,5-triazine",9.230448921,37019-16-2,CCNc1nc(N)nc(Cl)n1,7.4,,https://doi.org/10.1016/j.cej.2017.05.011,halogenated,Halogenated organics,"InChI=1S/C5H8ClN5/c1-2-8-5-10-3(6)9-4(7)11-5/h2H2,1H3,(H3,7,8,9,10,11)",IVENSCMCQBJAKW-UHFFFAOYSA-N
751,"6-Chloro-2-ethylamino-4-amino-1,3,5-triazine",9.301029996,37019-16-2,CCNc1nc(N)nc(Cl)n1,7鏈?鏃?,https://doi.org/10.1021/es503496u,triazine,halogenated,Halogenated organics,"InChI=1S/C5H8ClN5/c1-2-8-5-10-3(6)9-4(7)11-5/h2H2,1H3,(H3,7,8,9,10,11)",IVENSCMCQBJAKW-UHFFFAOYSA-N
752,"6-Chloro-2-ethylamino-4-amino-1,3,5-triazine",9.301029996,37019-16-2,CCNc1nc(N)nc(Cl)n1,7,,doi.org/10.1016/j.watres.2012.06.006,halogenated,Halogenated organics,"InChI=1S/C5H8ClN5/c1-2-8-5-10-3(6)9-4(7)11-5/h2H2,1H3,(H3,7,8,9,10,11)",IVENSCMCQBJAKW-UHFFFAOYSA-N
753,"6-Chloro-2-ethylamino-4-amino-1,3,5-triazine",9.301029996,37019-16-2,CCNc1nc(N)nc(Cl)n1,7.5,,doi.org/10.1016/j.watres.2012.06.006,halogenated,Halogenated organics,"InChI=1S/C5H8ClN5/c1-2-8-5-10-3(6)9-4(7)11-5/h2H2,1H3,(H3,7,8,9,10,11)",IVENSCMCQBJAKW-UHFFFAOYSA-N
754,6-Methyluracil,9.278753601,626-48-2,CC1=CC(=O)NC(=O)N1,6,,NIST,heterocycle,Heterocycles,"InChI=1S/C5H6N2O2/c1-3-2-4(8)7-5(9)6-3/h2H,1H3,(H2,6,7,8,9)",SHVCSCWHWMSGTE-UHFFFAOYSA-N
755,6-acetamido-4-hydroxy-3-[[4-(2-sulfonatooxyethylsulfonyl)phenyl]diazenyl]naphthalene-2-sulfonate,9.133538908,85536-93-2,CC(=O)Nc1ccc2cc(c(N=Nc3ccc(cc3)[S](=O)(=O)CCO[S]([O-])(=O)=O)c(O)c2c1)[S]([O-])(=O)=O,,,https://doi.org/10.1021/acs.est.1c04326,sulfoxide,Sulfur-containing organics,"InChI=1S/C20H19N3O11S3/c1-12(24)21-15-3-2-13-10-18(36(28,29)30)19(20(25)17(13)11-15)23-22-14-4-6-16(7-5-14)35(26,27)9-8-34-37(31,32)33/h2-7,10-11,25H,8-9H2,1H3,(H,21,24)(H,28,29,30)(H,31,32,33)/p-2",INOIOAWTVPHTCJ-UHFFFAOYSA-L
756,6-aminopenicillanic acid,9.0792,1025-55-4,CC1([C@@H](N2[C@H](S1)[C@@H](C2=O)N)C(=O)O)C,,,https://doi.org/10.1016/j.jhazmat.2025.138254,carboxylic acid,Oxygenated organics,"InChI=1S/C8H12N2O3S/c1-8(2)4(7(12)13)10-5(11)3(9)6(10)14-8/h3-4,6H,9H2,1-2H3,(H,12,13)/t3-,4+,6-/m1/s1",NGHVIOIJCVXTGV-ALEPSDHESA-N
757,6-aminopenicillanic acid,9.0792,1025-55-4,CC1([C@@H](N2[C@H](S1)[C@@H](C2=O)N)C(=O)O)C,,,https://doi.org/10.1016/j.jhazmat.2025.138075,carboxylic acid,Oxygenated organics,"InChI=1S/C8H12N2O3S/c1-8(2)4(7(12)13)10-5(11)3(9)6(10)14-8/h3-4,6H,9H2,1-2H3,(H,12,13)/t3-,4+,6-/m1/s1",NGHVIOIJCVXTGV-ALEPSDHESA-N
758,6-aminopenicillanic acid,9.0792,1025-55-4,CC1([C@@H](N2[C@H](S1)[C@@H](C2=O)N)C(=O)O)C,,,https://doi.org/10.1016/j.jhazmat.2025.138149,carboxylic acid,Oxygenated organics,"InChI=1S/C8H12N2O3S/c1-8(2)4(7(12)13)10-5(11)3(9)6(10)14-8/h3-4,6H,9H2,1-2H3,(H,12,13)/t3-,4+,6-/m1/s1",NGHVIOIJCVXTGV-ALEPSDHESA-N
759,6-aminophenalen-1-one,10.0414,70402-14-1,C1=CC2=C(C=CC3=C2C(=C1)C(=O)C=C3)N,,,https://doi.org/10.1016/j.jhazmat.2025.138047,amine,Nitrogen-containing organics,"InChI=1S/C13H9NO/c14-11-6-4-8-5-7-12(15)10-3-1-2-9(11)13(8)10/h1-7H,14H2",LNWQVXDBQBAGHD-UHFFFAOYSA-N
760,6-aminophenalen-1-one,10.0414,70402-14-1,C1=CC2=C(C=CC3=C2C(=C1)C(=O)C=C3)N,,,https://doi.org/10.1016/j.jhazmat.2025.138291,amine,Nitrogen-containing organics,"InChI=1S/C13H9NO/c14-11-6-4-8-5-7-12(15)10-3-1-2-9(11)13(8)10/h1-7H,14H2",LNWQVXDBQBAGHD-UHFFFAOYSA-N
761,6-aminophenalen-1-one,10.0414,70402-14-1,C1=CC2=C(C=CC3=C2C(=C1)C(=O)C=C3)N,,,https://doi.org/10.1016/j.jhazmat.2025.137899,amine,Nitrogen-containing organics,"InChI=1S/C13H9NO/c14-11-6-4-8-5-7-12(15)10-3-1-2-9(11)13(8)10/h1-7H,14H2",LNWQVXDBQBAGHD-UHFFFAOYSA-N
762,6-aminophenalen-1-one,10.04139269,55077-97-9,O=C1C=CC2=C3C1=CC=CC3=C(N)C=C2,,,https://doi.org/10.1021/acs.est.1c04326,amine,Nitrogen-containing organics,"InChI=1S/C13H9NO/c14-11-6-4-8-5-7-12(15)10-3-1-2-9(11)13(8)10/h1-7H,14H2",LNWQVXDBQBAGHD-UHFFFAOYSA-N
763,"6-methyl-1H-pyrimidine-2,4-dione",9.2788,626-48-2,CC1=CC(=O)NC(=O)N1,,,https://doi.org/10.1016/j.jhazmat.2025.138257,heterocycle,Heterocycles,"InChI=1S/C5H6N2O2/c1-3-2-4(8)7-5(9)6-3/h2H,1H3,(H2,6,7,8,9)",SHVCSCWHWMSGTE-UHFFFAOYSA-N
764,"6-methyl-1H-pyrimidine-2,4-dione",9.278753601,1522018-93-4,CC1=CC(=O)NC(=O)N1,,,https://doi.org/10.1021/acs.est.1c04326,heterocycle,Heterocycles,"InChI=1S/C5H6N2O2/c1-3-2-4(8)7-5(9)6-3/h2H,1H3,(H2,6,7,8,9)",SHVCSCWHWMSGTE-UHFFFAOYSA-N
765,"6-methyl-1H-pyrimidine-2,4-dione",9.2788,626-48-2,CC1=CC(=O)NC(=O)N1,,,https://doi.org/10.1016/j.jhazmat.2025.138073,heterocycle,Heterocycles,"InChI=1S/C5H6N2O2/c1-3-2-4(8)7-5(9)6-3/h2H,1H3,(H2,6,7,8,9)",SHVCSCWHWMSGTE-UHFFFAOYSA-N
766,"7,8,10-trimethylbenzo[g]pteridine-2,4-dione",9.84509804,90937-01-2,CN1c2cc(C)c(C)cc2N=C3C(=O)NC(=O)N=C13,,,https://doi.org/10.1021/acs.est.1c04326,heterocycle,Heterocycles,"InChI=1S/C13H12N4O2/c1-6-4-8-9(5-7(6)2)17(3)11-10(14-8)12(18)16-13(19)15-11/h4-5H,1-3H3,(H,16,18,19)",KPDQZGKJTJRBGU-UHFFFAOYSA-N
767,"7,8,10-trimethylbenzo[g]pteridine-2,4-dione",9.8451,1088-56-8,CC1=CC2=C(C=C1C)N(C3=NC(=O)NC(=O)C3=N2)C,,,https://doi.org/10.1016/j.jhazmat.2025.138240,heterocycle,Heterocycles,"InChI=1S/C13H12N4O2/c1-6-4-8-9(5-7(6)2)17(3)11-10(14-8)12(18)16-13(19)15-11/h4-5H,1-3H3,(H,16,18,19)",KPDQZGKJTJRBGU-UHFFFAOYSA-N
768,"7,8,10-trimethylbenzo[g]pteridine-2,4-dione",9.8451,1088-56-8,CC1=CC2=C(C=C1C)N(C3=NC(=O)NC(=O)C3=N2)C,,,https://doi.org/10.1016/j.jhazmat.2025.138288,heterocycle,Heterocycles,"InChI=1S/C13H12N4O2/c1-6-4-8-9(5-7(6)2)17(3)11-10(14-8)12(18)16-13(19)15-11/h4-5H,1-3H3,(H,16,18,19)",KPDQZGKJTJRBGU-UHFFFAOYSA-N
769,"7,8,10-trimethylbenzo[g]pteridine-2,4-dione",9.8451,1088-56-8,CC1=CC2=C(C=C1C)N(C3=NC(=O)NC(=O)C3=N2)C,,,https://doi.org/10.1016/j.jhazmat.2025.138048,heterocycle,Heterocycles,"InChI=1S/C13H12N4O2/c1-6-4-8-9(5-7(6)2)17(3)11-10(14-8)12(18)16-13(19)15-11/h4-5H,1-3H3,(H,16,18,19)",KPDQZGKJTJRBGU-UHFFFAOYSA-N
770,"7,8,10-trimethylbenzo[g]pteridine-2,4-dione",9.8451,1088-56-8,CC1=CC2=C(C=C1C)N(C3=NC(=O)NC(=O)C3=N2)C,,,https://doi.org/10.1016/j.jhazmat.2025.138064,heterocycle,Heterocycles,"InChI=1S/C13H12N4O2/c1-6-4-8-9(5-7(6)2)17(3)11-10(14-8)12(18)16-13(19)15-11/h4-5H,1-3H3,(H,16,18,19)",KPDQZGKJTJRBGU-UHFFFAOYSA-N
771,"7,8,10-trimethylbenzo[g]pteridine-2,4-dione",9.8451,1088-56-8,CC1=CC2=C(C=C1C)N(C3=NC(=O)NC(=O)C3=N2)C,,,https://doi.org/10.1016/j.jhazmat.2025.137909,heterocycle,Heterocycles,"InChI=1S/C13H12N4O2/c1-6-4-8-9(5-7(6)2)17(3)11-10(14-8)12(18)16-13(19)15-11/h4-5H,1-3H3,(H,16,18,19)",KPDQZGKJTJRBGU-UHFFFAOYSA-N
772,"7,8-dimethyl-10-(2,3,4,5-tetrahydroxypentyl)benzo[g]pteridine-2,4-dione",9.9031,13123-37-0,CC1=CC2=C(C=C1C)N(C3=NC(=O)NC(=O)C3=N2)CC(C(C(CO)O)O)O,,,https://doi.org/10.1016/j.jhazmat.2025.137902,diol,Polyfunctional / highly functionalized,"InChI=1S/C17H20N4O6/c1-7-3-9-10(4-8(7)2)21(5-11(23)14(25)12(24)6-22)15-13(18-9)16(26)20-17(27)19-15/h3-4,11-12,14,22-25H,5-6H2,1-2H3,(H,20,26,27)",AUNGANRZJHBGPY-UHFFFAOYSA-N
773,"7,8-dimethyl-10-(2,3,4,5-tetrahydroxypentyl)benzo[g]pteridine-2,4-dione",9.903089987,13123-37-0,Cc1cc2N=C3C(=O)NC(=O)N=C3N(CC(O)C(O)C(O)CO)c2cc1C,,,https://doi.org/10.1021/acs.est.1c04326,diol,Polyfunctional / highly functionalized,"InChI=1S/C17H20N4O6/c1-7-3-9-10(4-8(7)2)21(5-11(23)14(25)12(24)6-22)15-13(18-9)16(26)20-17(27)19-15/h3-4,11-12,14,22-25H,5-6H2,1-2H3,(H,20,26,27)",AUNGANRZJHBGPY-UHFFFAOYSA-N
774,7-Amino-desacetoxycephlosporanic acid,9.562292864,1117-66-4,CC(=O)OCC1=C(C(=O)O)N2C(=O)[C@@H](N)[C@H]2SC1,"~2.3, ~4.9",,10.1016/j.chemosphere.2010.07.015,amine,Nitrogen-containing organics,"InChI=1S/C10H12N2O5S/c1-4(13)17-2-5-3-18-9-6(11)8(14)12(9)7(5)10(15)16/h6,9H,2-3,11H2,1H3,(H,15,16)/t6-,9-/m1/s1",HSHGZXNAXBPPDL-HZGVNTEJSA-N
775,"7-Amino-desacetoxycephlosporanic
acid",9.562292864,1117-66-4,CC(=O)OCC1=C(C(=O)O)N2C(=O)[C@@H](N)[C@H]2SC1,7.4,21,doi.org/10.1016/j.watres.2012.06.006,amine,Nitrogen-containing organics,"InChI=1S/C10H12N2O5S/c1-4(13)17-2-5-3-18-9-6(11)8(14)12(9)7(5)10(15)16/h6,9H,2-3,11H2,1H3,(H,15,16)/t6-,9-/m1/s1",HSHGZXNAXBPPDL-HZGVNTEJSA-N
776,7H-Purine,8.477121255,154423-91-3,[nH]1cnc2ncncc12,,,https://doi.org/10.1021/acs.est.1c04326,heterocycle,Heterocycles,"InChI=1S/C5H4N4/c1-4-5(8-2-6-1)9-3-7-4/h1-3H,(H,6,7,8,9)",KDCGOANMDULRCW-UHFFFAOYSA-N
777,7H-Purine,9.6021,120-73-0,C1=C2C(=NC=N1)N=CN2,,,https://doi.org/10.1016/j.jhazmat.2025.138271,heterocycle,Heterocycles,"InChI=1S/C5H4N4/c1-4-5(8-2-6-1)9-3-7-4/h1-3H,(H,6,7,8,9)",KDCGOANMDULRCW-UHFFFAOYSA-N
778,7H-purin-6-amine,8.4771,5019-49-8,C1=NC2=NC=NC(=C2N1)N,,,https://doi.org/10.1016/j.jhazmat.2025.138250,amine,Nitrogen-containing organics,"InChI=1S/C5H5N5/c6-4-3-5(9-1-7-3)10-2-8-4/h1-2H,(H3,6,7,8,9,10)",GFFGJBXGBJISGV-UHFFFAOYSA-N
779,7H-purin-6-amine,9.662757832,,Nc1ncnc2nc[nH]c12,,,https://doi.org/10.1021/acs.est.1c04326,amine,Nitrogen-containing organics,"InChI=1S/C5H5N5/c6-4-3-5(9-1-7-3)10-2-8-4/h1-2H,(H3,6,7,8,9,10)",GFFGJBXGBJISGV-UHFFFAOYSA-N
780,8-Methoxypsoralen,9.838849091,298-81-7,COC1=C2C(=CC3=C1OC=C3)C=CC(=O)O2,5,,NIST,furan,Heterocycles,"InChI=1S/C12H8O4/c1-14-12-10-8(4-5-15-10)6-7-2-3-9(13)16-11(7)12/h2-6H,1H3",QXKHYNVANLEOEG-UHFFFAOYSA-N
781,9-Hydroxyfluorene,9.602059991,1689-64-1,C1=CC=C2C(=C1)C(C3=CC=CC=C32)O,,,NIST,alcohol,Oxygenated organics,"InChI=1S/C13H10O/c14-13-11-7-3-1-5-9(11)10-6-2-4-8-12(10)13/h1-8,13-14H",AFMVESZOYKHDBJ-UHFFFAOYSA-N
782,9-Hydroxyfluorene,9.77815125,1689-64-1,C1=CC=C2C(=C1)C(C3=CC=CC=C32)O,,,NIST,alcohol,Oxygenated organics,"InChI=1S/C13H10O/c14-13-11-7-3-1-5-9(11)10-6-2-4-8-12(10)13/h1-8,13-14H",AFMVESZOYKHDBJ-UHFFFAOYSA-N
783,9-Methyladenine,9.612783857,700-00-5,CN1C=NC2=C(N=CN=C21)N,,,NIST,imidazole,Heterocycles,"InChI=1S/C6H7N5/c1-11-3-10-4-5(7)8-2-9-6(4)11/h2-3H,1H3,(H2,7,8,9)",WRXCXOUDSPTXNX-UHFFFAOYSA-N
784,"9-methoxyfuro[3,2-g]chromen-7-one",9.6128,1930-54-7,COC1=C2C(=CC3=C1OC=C3)C=CC(=O)O2,,,https://doi.org/10.1016/j.jhazmat.2025.137930,furan,Heterocycles,"InChI=1S/C12H8O4/c1-14-12-10-8(4-5-15-10)6-7-2-3-9(13)16-11(7)12/h2-6H,1H3",QXKHYNVANLEOEG-UHFFFAOYSA-N
785,"9-methoxyfuro[3,2-g]chromen-7-one",9.6128,1930-54-7,COC1=C2C(=CC3=C1OC=C3)C=CC(=O)O2,,,https://doi.org/10.1016/j.jhazmat.2025.138102,furan,Heterocycles,"InChI=1S/C12H8O4/c1-14-12-10-8(4-5-15-10)6-7-2-3-9(13)16-11(7)12/h2-6H,1H3",QXKHYNVANLEOEG-UHFFFAOYSA-N
786,"9-methoxyfuro[3,2-g]chromen-7-one",9.838849091,8015-45-0,COc1c2occc2cc3C=CC(=O)Oc13,,,https://doi.org/10.1021/acs.est.1c04326,furan,Heterocycles,"InChI=1S/C12H8O4/c1-14-12-10-8(4-5-15-10)6-7-2-3-9(13)16-11(7)12/h2-6H,1H3",QXKHYNVANLEOEG-UHFFFAOYSA-N
787,9-methylpurin-6-amine,9.612783857,116988-56-8,Cn1cnc2c(N)ncnc12,,,https://doi.org/10.1021/acs.est.1c04326,amine,Nitrogen-containing organics,"InChI=1S/C6H7N5/c1-11-3-10-4-5(7)8-2-9-6(4)11/h2-3H,1H3,(H2,7,8,9)",WRXCXOUDSPTXNX-UHFFFAOYSA-N
788,9-methylpurin-6-amine,9.3997,700-00-5,CN1C=NC2=C(N=CN=C21)N,,,https://doi.org/10.1016/j.jhazmat.2025.138264,amine,Nitrogen-containing organics,"InChI=1S/C6H7N5/c1-11-3-10-4-5(7)8-2-9-6(4)11/h2-3H,1H3,(H2,7,8,9)",WRXCXOUDSPTXNX-UHFFFAOYSA-N
789,9-伪-d-Arabinofuranosyladenine,9.431363764,58-61-7,,,,NIST,imidazole,Heterocycles,,
790,9H-Fluoren-9-ol,9.602059991,722491-63-6,OC1c2ccccc2c3ccccc13,,,https://doi.org/10.1021/acs.est.1c04326,alcohol,Oxygenated organics,"InChI=1S/C13H10O/c14-13-11-7-3-1-5-9(11)10-6-2-4-8-12(10)13/h1-8,13-14H",AFMVESZOYKHDBJ-UHFFFAOYSA-N
791,9H-Fluoren-9-ol,9.3979,1689-64-1,C1=CC=C2C(=C1)C(C3=CC=CC=C32)O,,,https://doi.org/10.1016/j.jhazmat.2025.137955,alcohol,Oxygenated organics,"InChI=1S/C13H10O/c14-13-11-7-3-1-5-9(11)10-6-2-4-8-12(10)13/h1-8,13-14H",AFMVESZOYKHDBJ-UHFFFAOYSA-N
792,9H-Fluoren-9-ol,9.3979,1689-64-1,C1=CC=C2C(=C1)C(C3=CC=CC=C32)O,,,https://doi.org/10.1016/j.jhazmat.2025.138215,alcohol,Oxygenated organics,"InChI=1S/C13H10O/c14-13-11-7-3-1-5-9(11)10-6-2-4-8-12(10)13/h1-8,13-14H",AFMVESZOYKHDBJ-UHFFFAOYSA-N
793,9H-Fluorene,9.397940009,31859-82-2,C1c2ccccc2c3ccccc13,,,https://doi.org/10.1021/acs.est.1c04326,benzene,Aromatic & PAHs,"InChI=1S/C13H10/c1-3-7-12-10(5-1)9-11-6-2-4-8-13(11)12/h1-8H,9H2",NIHNNTQXNPWCJQ-UHFFFAOYSA-N
794,ALC(Alachlor),9.822168079,2707439-64-1,CCc1cccc(CC)c1N(COC)C(=O)CCl,7,25,10.1016/j.envint.2018.12.043,halogenated,Halogenated organics,"InChI=1S/C14H20ClNO2/c1-4-11-7-6-8-12(5-2)14(11)16(10-18-3)13(17)9-15/h6-8H,4-5,9-10H2,1-3H3",XCSGPAVHZFQHGE-UHFFFAOYSA-N
795,ANION STANDARD-SUCCINATE,6.851258349,56-14-4,,7,,NIST,dicarboxylic acid,Polyfunctional / highly functionalized,,
796,Acebutolol,10.30103,37517-30-9,CCCC(=O)NC1=CC(=C(C=C1)OCC(CNC(C)C)O)C(=O)C,7,,https://doi.org/10.1007/s13762-016-1083-3,amide,Nitrogen-containing organics,"InChI=1S/C18H28N2O4/c1-5-6-18(23)20-14-7-8-17(16(9-14)13(4)21)24-11-15(22)10-19-12(2)3/h7-9,12,15,19,22H,5-6,10-11H2,1-4H3,(H,20,23)",GOEMGAFJFRBGGG-UHFFFAOYSA-N
797,Acebutolol,10.30103,37517-30-9,CCCC(=O)Nc1ccc(OCC(O)CNC(C)C)c(C(C)=O)c1,7,,10.1016/j.chemosphere.2018.12.156,amide,Nitrogen-containing organics,"InChI=1S/C18H28N2O4/c1-5-6-18(23)20-14-7-8-17(16(9-14)13(4)21)24-11-15(22)10-19-12(2)3/h7-9,12,15,19,22H,5-6,10-11H2,1-4H3,(H,20,23)",GOEMGAFJFRBGGG-UHFFFAOYSA-N
798,Acesulfame K,7.301029996,55589-62-3,O=S1([N-]C(C=C(C)O1)=O)=O.[K+],7.4,21,10.1016/j.chemosphere.2018.12.156,sulfoxide,Sulfur-containing organics,"InChI=1S/C4H5NO4S.K/c1-3-2-4(6)5-10(7,8)9-3;/h2H,1H3,(H,5,6);/q;+1/p-1",WBZFUFAFFUEMEI-UHFFFAOYSA-M
799,Acesulfame K,6.301029996,55589-62-3,CC1=CC(=O)[N-]S(=O)(=O)O1.[K+],7.4,,https://doi.org/10.1021/jp3047246,sulfoxide,Sulfur-containing organics,"InChI=1S/C4H5NO4S.K/c1-3-2-4(6)5-10(7,8)9-3;/h2H,1H3,(H,5,6);/q;+1/p-1",WBZFUFAFFUEMEI-UHFFFAOYSA-M
800,"Acetamide, N-phenyl-",9.556302501,103-84-4,CC(=O)NC1=CC=CC=C1,7,,NIST,amide,Nitrogen-containing organics,"InChI=1S/C8H9NO/c1-7(10)9-8-5-3-2-4-6-8/h2-6H,1H3,(H,9,10)",FZERHIULMFGESH-UHFFFAOYSA-N
801,Acetaminophen,9.6721,624746-94-7,CC(=O)NC1=CC=C(C=C1)O,,,https://doi.org/10.1016/j.jhazmat.2025.137923,phenol,Oxygenated organics,"InChI=1S/C8H9NO2/c1-6(10)9-7-2-4-8(11)5-3-7/h2-5,11H,1H3,(H,9,10)",RZVAJINKPMORJF-UHFFFAOYSA-N
802,Acetaminophen,9.6721,103-90-2,CC(=O)NC1=CC=C(C=C1)O,,,http://dx.doi.org/10.4236/ajps.2014.514231,phenol,Oxygenated organics,"InChI=1S/C8H9NO2/c1-6(10)9-7-2-4-8(11)5-3-7/h2-5,11H,1H3,(H,9,10)",RZVAJINKPMORJF-UHFFFAOYSA-N
803,Acetaminophen,9.672097858,624746-94-7,CC(=O)NC1=CC=C(C=C1)O,7,,https://doi.org/10.1016/j.jhazmat.2018.06.008,phenol,Oxygenated organics,"InChI=1S/C8H9NO2/c1-6(10)9-7-2-4-8(11)5-3-7/h2-5,11H,1H3,(H,9,10)",RZVAJINKPMORJF-UHFFFAOYSA-N
804,Acetaminophen,9.123851641,624746-94-7,CC(=O)NC1=CC=C(C=C1)O,5,,https://doi.org/10.1016/j.cattod.2017.12.004,phenol,Oxygenated organics,"InChI=1S/C8H9NO2/c1-6(10)9-7-2-4-8(11)5-3-7/h2-5,11H,1H3,(H,9,10)",RZVAJINKPMORJF-UHFFFAOYSA-N
805,Acetaminophen,8.788168371,624746-94-7,CC(=O)NC1=CC=C(C=C1)O,11,,NIST,phenol,Oxygenated organics,"InChI=1S/C8H9NO2/c1-6(10)9-7-2-4-8(11)5-3-7/h2-5,11H,1H3,(H,9,10)",RZVAJINKPMORJF-UHFFFAOYSA-N
806,Acetaminophen,9.6721,624746-94-7,CC(=O)NC1=CC=C(C=C1)O,,,https://doi.org/10.1016/j.jhazmat.2025.138049,phenol,Oxygenated organics,"InChI=1S/C8H9NO2/c1-6(10)9-7-2-4-8(11)5-3-7/h2-5,11H,1H3,(H,9,10)",RZVAJINKPMORJF-UHFFFAOYSA-N
807,Acetaminophen,9.6721,624746-94-7,CC(=O)NC1=CC=C(C=C1)O,,,https://doi.org/10.1016/j.jhazmat.2025.138279,phenol,Oxygenated organics,"InChI=1S/C8H9NO2/c1-6(10)9-7-2-4-8(11)5-3-7/h2-5,11H,1H3,(H,9,10)",RZVAJINKPMORJF-UHFFFAOYSA-N
808,Acetaminophen,9.6721,624746-94-7,CC(=O)NC1=CC=C(C=C1)O,,,https://doi.org/10.1016/j.jhazmat.2025.138225,phenol,Oxygenated organics,"InChI=1S/C8H9NO2/c1-6(10)9-7-2-4-8(11)5-3-7/h2-5,11H,1H3,(H,9,10)",RZVAJINKPMORJF-UHFFFAOYSA-N
809,Acetaminophen,9.672097858,624746-94-7,CC(=O)Nc1ccc(O)cc1,7,22,10.1016/j.chemosphere.2018.12.156,phenol,Oxygenated organics,"InChI=1S/C8H9NO2/c1-6(10)9-7-2-4-8(11)5-3-7/h2-5,11H,1H3,(H,9,10)",RZVAJINKPMORJF-UHFFFAOYSA-N
810,Acetaminophen,9.344392274,1261397-46-9,CC(=O)Nc1ccc(O)cc1,,,https://doi.org/10.1021/acs.est.1c04326,phenol,Oxygenated organics,"InChI=1S/C8H9NO2/c1-6(10)9-7-2-4-8(11)5-3-7/h2-5,11H,1H3,(H,9,10)",RZVAJINKPMORJF-UHFFFAOYSA-N
811,Acetamiprid,8.915399835,1353869-35-8,CN(Cc1ccc(Cl)nc1)C(C)=NC#N,,,https://doi.org/10.1021/acs.est.1c04326,halogenated,Halogenated organics,"InChI=1S/C10H11ClN4/c1-8(14-7-12)15(2)6-9-3-4-10(11)13-5-9/h3-5H,6H2,1-2H3",WCXDHFDTOYPNIE-UHFFFAOYSA-N
812,Acetamiprid,9.2601,135410-20-7,CC(=NC#N)N(C)CC1=CN=C(C=C1)Cl,,,https://doi.org/10.1016/j.jhazmat.2025.137973,halogenated,Halogenated organics,"InChI=1S/C10H11ClN4/c1-8(14-7-12)15(2)6-9-3-4-10(11)13-5-9/h3-5H,6H2,1-2H3",WCXDHFDTOYPNIE-UHFFFAOYSA-N
813,Acetamiprid,9.25925697,135410-20-7,CC(=NC#N)N(C)Cc1ccc(Cl)nc1,3,20,10.1016/j.chemosphere.2018.12.156,halogenated,Halogenated organics,"InChI=1S/C10H11ClN4/c1-8(14-7-12)15(2)6-9-3-4-10(11)13-5-9/h3-5H,6H2,1-2H3",WCXDHFDTOYPNIE-UHFFFAOYSA-N
814,Acetanilide,9.5563,103-84-4,CC(=O)NC1=CC=CC=C1,,,https://doi.org/10.1016/j.jhazmat.2025.138270,amide,Nitrogen-containing organics,"InChI=1S/C8H9NO/c1-7(10)9-8-5-3-2-4-6-8/h2-6H,1H3,(H,9,10)",FZERHIULMFGESH-UHFFFAOYSA-N
815,Acetanilide,9.222969167,103-84-4,CC(=O)Nc1ccccc1,7,25,10.1002/chin.197714152,amide,Nitrogen-containing organics,"InChI=1S/C8H9NO/c1-7(10)9-8-5-3-2-4-6-8/h2-6H,1H3,(H,9,10)",FZERHIULMFGESH-UHFFFAOYSA-N
816,Acetanilide,9.5563,103-84-4,CC(=O)NC1=CC=CC=C1,,,https://doi.org/10.1016/j.chemosphere.2023.138828,amide,Nitrogen-containing organics,"InChI=1S/C8H9NO/c1-7(10)9-8-5-3-2-4-6-8/h2-6H,1H3,(H,9,10)",FZERHIULMFGESH-UHFFFAOYSA-N
817,Acetanilide,9.5563,103-84-4,CC(=O)NC1=CC=CC=C1,,,https://doi.org/10.1016/j.jhazmat.2025.137934,amide,Nitrogen-containing organics,"InChI=1S/C8H9NO/c1-7(10)9-8-5-3-2-4-6-8/h2-6H,1H3,(H,9,10)",FZERHIULMFGESH-UHFFFAOYSA-N
818,Acetanilide,9.5563,103-84-4,CC(=O)NC1=CC=CC=C1,,,https://doi.org/10.1016/j.jhazmat.2025.138056,amide,Nitrogen-containing organics,"InChI=1S/C8H9NO/c1-7(10)9-8-5-3-2-4-6-8/h2-6H,1H3,(H,9,10)",FZERHIULMFGESH-UHFFFAOYSA-N
819,Acetanilide,9.556302501,103-84-4,CC(=O)Nc1ccccc1,7,,10.1002/chin.197714152,amide,Nitrogen-containing organics,"InChI=1S/C8H9NO/c1-7(10)9-8-5-3-2-4-6-8/h2-6H,1H3,(H,9,10)",FZERHIULMFGESH-UHFFFAOYSA-N
820,Acetanilide,9.5563,103-84-4,CC(=O)NC1=CC=CC=C1,,,10.1021/ja00443a030,amide,Nitrogen-containing organics,"InChI=1S/C8H9NO/c1-7(10)9-8-5-3-2-4-6-8/h2-6H,1H3,(H,9,10)",FZERHIULMFGESH-UHFFFAOYSA-N
821,Acetate ion,6.698970004,4358-92-3,CC(=O)[O-],6.8,25,10.1063/1.555808,carboxylic acid,Oxygenated organics,"InChI=1S/C2H4O2/c1-2(3)4/h1H3,(H,3,4)/p-1",QTBSBXVTEAMEQO-UHFFFAOYSA-M
822,Acetic,6.507855872,10273-84-4,CC(=O)O,4.5,25,10.1063/1.555808,carboxylic acid,Oxygenated organics,"InChI=1S/C2H4O2/c1-2(3)4/h1H3,(H,3,4)",QTBSBXVTEAMEQO-UHFFFAOYSA-N
823,Acetic Acid,5.301029996,64-19-7,CC(C)O,7,24.85,10.1021/acs.est.5b03078,carboxylic acid,Oxygenated organics,"InChI=1S/C3H8O/c1-3(2)4/h3-4H,1-2H3",KFZMGEQAYNKOFK-UHFFFAOYSA-N
824,Acetic acid,4.944482672,64-19-7,CC(=O)O,,25,10.1063/1.555808,carboxylic acid,Oxygenated organics,"InChI=1S/C2H4O2/c1-2(3)4/h1H3,(H,3,4)",QTBSBXVTEAMEQO-UHFFFAOYSA-N
825,Acetic acid,4.146128036,64-19-7,CC(=O)O,0.9,,NIST,carboxylic acid,Oxygenated organics,"InChI=1S/C2H4O2/c1-2(3)4/h1H3,(H,3,4)",QTBSBXVTEAMEQO-UHFFFAOYSA-N
826,Acetic acid ethenyl ester,9.176091259,108-05-4,CC(=O)OC=C,,,NIST,carboxylic acid,Oxygenated organics,"InChI=1S/C4H6O2/c1-3-6-4(2)5/h3H,1H2,2H3",XTXRWKRVRITETP-UHFFFAOYSA-N
827,Acetic acid ethenyl ester,9,108-05-4,CC(=O)OC=C,7,,NIST,carboxylic acid,Oxygenated organics,"InChI=1S/C4H6O2/c1-3-6-4(2)5/h3H,1H2,2H3",XTXRWKRVRITETP-UHFFFAOYSA-N
828,"Acetic acid, pentyl ester",7.653212514,628-63-7,CCCCCOC(=O)C,,,NIST,carboxylic acid,Oxygenated organics,"InChI=1S/C7H14O2/c1-3-4-5-6-9-7(2)8/h3-6H2,1-2H3",PGMYKACGEOXYJE-UHFFFAOYSA-N
829,Acetochlor,9.4436,34256-82-1,CCC1=CC=CC(=C1N(COCC)C(=O)CCl)C,,,https://doi.org/10.1016/j.jhazmat.2025.138318,halogenated,Halogenated organics,"InChI=1S/C14H20ClNO2/c1-4-12-8-6-7-11(3)14(12)16(10-18-5-2)13(17)9-15/h6-8H,4-5,9-10H2,1-3H3",VTNQPKFIQCLBDU-UHFFFAOYSA-N
830,Acetochlor,9.4436,34256-82-1,CCC1=CC=CC(=C1N(COCC)C(=O)CCl)C,,,https://doi.org/10.1016/j.jhazmat.2025.138091,halogenated,Halogenated organics,"InChI=1S/C14H20ClNO2/c1-4-12-8-6-7-11(3)14(12)16(10-18-5-2)13(17)9-15/h6-8H,4-5,9-10H2,1-3H3",VTNQPKFIQCLBDU-UHFFFAOYSA-N
831,Acetone,7.3581,68937-52-0,CC(=O)C,,,https://doi.org/10.1016/j.jhazmat.2025.138098,ketone,Oxygenated organics,InChI=1S/C3H6O/c1-3(2)4/h1-2H3,CSCPPACGZOOCGX-UHFFFAOYSA-N
832,Acetophenone,8.491361694,98-86-2,CC(=O)c1ccccc1,7,,10.1002/chin.197714152,ketone,Oxygenated organics,"InChI=1S/C8H8O/c1-7(9)8-5-3-2-4-6-8/h2-6H,1H3",KWOLFJPFCHCOCG-UHFFFAOYSA-N
833,Acetophenone,9.2553,98-86-2,CC(=O)C1=CC=CC=C1,,,https://doi.org/10.1021/jp9718717,ketone,Oxygenated organics,"InChI=1S/C8H8O/c1-7(9)8-5-3-2-4-6-8/h2-6H,1H3",KWOLFJPFCHCOCG-UHFFFAOYSA-N
834,Acetophenone,8.491361694,98-86-2,CC(=O)C1=CC=CC=C1,7,,NIST,ketone,Oxygenated organics,"InChI=1S/C8H8O/c1-7(9)8-5-3-2-4-6-8/h2-6H,1H3",KWOLFJPFCHCOCG-UHFFFAOYSA-N
835,Acetophenone,9.2421,98-86-2,CC(=O)C1=CC=CC=C1,,,https://doi.org/10.1016/j.jhazmat.2025.138096,ketone,Oxygenated organics,"InChI=1S/C8H8O/c1-7(9)8-5-3-2-4-6-8/h2-6H,1H3",KWOLFJPFCHCOCG-UHFFFAOYSA-N
836,Acetophenone,8.4914,98-86-2,CC(=O)C1=CC=CC=C1,,,https://doi.org/10.1016/j.chemosphere.2023.138900,ketone,Oxygenated organics,"InChI=1S/C8H8O/c1-7(9)8-5-3-2-4-6-8/h2-6H,1H3",KWOLFJPFCHCOCG-UHFFFAOYSA-N
837,Acetophenone,8.491361694,98-86-2,CC(=O)c1ccccc1,7,25,10.1002/chin.197714152,ketone,Oxygenated organics,"InChI=1S/C8H8O/c1-7(9)8-5-3-2-4-6-8/h2-6H,1H3",KWOLFJPFCHCOCG-UHFFFAOYSA-N
838,Acetophenone,9.255272505,98-86-2,CC(=O)C1=CC=CC=C1,7,,https://doi.org/10.1021/jp9718717,ketone,Oxygenated organics,"InChI=1S/C8H8O/c1-7(9)8-5-3-2-4-6-8/h2-6H,1H3",KWOLFJPFCHCOCG-UHFFFAOYSA-N
839,Acetophenone,8.491361694,98-86-2,CC(=O)C1=CC=CC=C1,7,,https://doi.org/10.1021/ja00443a030,ketone,Oxygenated organics,"InChI=1S/C8H8O/c1-7(9)8-5-3-2-4-6-8/h2-6H,1H3",KWOLFJPFCHCOCG-UHFFFAOYSA-N
840,Acetyl-sulfamethoxazole,9.428134794,1346603-52-8,CC1=CC(=NO1)NS(=O)(=O)C2=CC=C(C=C2)NC(=O)C,,,https://doi.org/10.1021/acs.est.1c04326,sulfoxide,Sulfur-containing organics,"InChI=1S/C12H13N3O4S/c1-8-7-12(14-19-8)15-20(17,18)11-5-3-10(4-6-11)13-9(2)16/h3-7H,1-2H3,(H,13,16)(H,14,15)",GXPIUNZCALHVBA-UHFFFAOYSA-N
841,Acetyl-sulfamethoxazole,9.478566496,176223-16-8,CC1=CC(=NO1)NS(=O)(=O)C2=CC=C(C=C2)NC(=O)C,6,,?10.1021/es504799n,sulfoxide,Sulfur-containing organics,"InChI=1S/C12H13N3O4S/c1-8-7-12(14-19-8)15-20(17,18)11-5-3-10(4-6-11)13-9(2)16/h3-7H,1-2H3,(H,13,16)(H,14,15)",GXPIUNZCALHVBA-UHFFFAOYSA-N
842,Acetyl-sulfamethoxazole,9.371067862,176223-16-8,CC1=CC(=NO1)NS(=O)(=O)C2=CC=C(C=C2)NC(=O)C,9,,?10.1021/es504799n,sulfoxide,Sulfur-containing organics,"InChI=1S/C12H13N3O4S/c1-8-7-12(14-19-8)15-20(17,18)11-5-3-10(4-6-11)13-9(2)16/h3-7H,1-2H3,(H,13,16)(H,14,15)",GXPIUNZCALHVBA-UHFFFAOYSA-N
843,Acetyl-sulfamethoxazole,9.478566496,176223-16-8,CC(=O)Nc1ccc(S(=O)(=O)Nc2cc(C)on2)cc1,6,,10.1016/j.chemosphere.2018.12.156,sulfoxide,Sulfur-containing organics,"InChI=1S/C12H13N3O4S/c1-8-7-12(14-19-8)15-20(17,18)11-5-3-10(4-6-11)13-9(2)16/h3-7H,1-2H3,(H,13,16)(H,14,15)",GXPIUNZCALHVBA-UHFFFAOYSA-N
844,Acrylamide,8.204119983,79-06-1,C=CC(N)=O,7.3,25,10.1063/1.555808,amide,Nitrogen-containing organics,"InChI=1S/C3H5NO/c1-2-3(4)5/h2H,1H2,(H2,4,5)",HRPVXLWXLXDGHG-UHFFFAOYSA-N
845,Acrylamide,8.2041,79-06-1,C=CC(=O)N,,,https://doi.org/10.1016/j.jhazmat.2025.138083,amide,Nitrogen-containing organics,"InChI=1S/C3H5NO/c1-2-3(4)5/h2H,1H2,(H2,4,5)",HRPVXLWXLXDGHG-UHFFFAOYSA-N
846,Acrylamide,8.2041,79-06-1,C=CC(=O)N,,,https://doi.org/10.1016/j.jhazmat.2025.138247,amide,Nitrogen-containing organics,"InChI=1S/C3H5NO/c1-2-3(4)5/h2H,1H2,(H2,4,5)",HRPVXLWXLXDGHG-UHFFFAOYSA-N
847,Acrylate ion,8.041392685,956493-68-8,C=CC(=O)[O-],6.5,25,10.1063/1.555808,ester,Oxygenated organics,"InChI=1S/C3H4O2/c1-2-3(4)5/h2H,1H2,(H,4,5)/p-1",NIXOWILDQLNWCW-UHFFFAOYSA-M
848,Acrylonitrile,7.908485019,165399-55-3,C=CC#N,,,https://doi.org/10.1021/acs.est.1c04326,nitrile,Nitrogen-containing organics,"InChI=1S/C3H3N/c1-2-3-4/h2H,1H2",NLHHRLWOUZZQLW-UHFFFAOYSA-N
849,Acrylonitrile,8.230448921,60556-87-8,C=CC#N,7,25,10.1063/1.555808,nitrile,Nitrogen-containing organics,"InChI=1S/C3H3N/c1-2-3-4/h2H,1H2",NLHHRLWOUZZQLW-UHFFFAOYSA-N
850,Adenine,9.662757832,73-24-5,C1=NC2=NC=NC(=C2N1)N,,,NIST,imidazole,Heterocycles,"InChI=1S/C5H5N5/c6-4-3-5(9-1-7-3)10-2-8-4/h1-2H,(H3,6,7,8,9,10)",GFFGJBXGBJISGV-UHFFFAOYSA-N
851,"Adenosine, 2'-deoxy-",8.568201724,958-09-8,C1[C@@H]([C@H](O[C@H]1N2C=NC3=C(N=CN=C32)N)CO)O,7,,NIST,imidazole,Heterocycles,"InChI=1S/C10H13N5O3/c11-9-8-10(13-3-12-9)15(4-14-8)7-1-5(17)6(2-16)18-7/h3-7,16-17H,1-2H2,(H2,11,12,13)/t5-,6+,7+/m0/s1",OLXZPDWKRNYJJZ-RRKCRQDMSA-N
852,"Adenosine, 2'-deoxy-",9.505149978,958-09-8,C1[C@@H]([C@H](O[C@H]1N2C=NC3=C(N=CN=C32)N)CO)O,6,,NIST,imidazole,Heterocycles,"InChI=1S/C10H13N5O3/c11-9-8-10(13-3-12-9)15(4-14-8)7-1-5(17)6(2-16)18-7/h3-7,16-17H,1-2H2,(H2,11,12,13)/t5-,6+,7+/m0/s1",OLXZPDWKRNYJJZ-RRKCRQDMSA-N
853,Adenylyl-(3'5')-guanosine,9.301029996,3352-23-6,,7,,NIST,phosphorus,Phosphorus-containing organics,,
854,Ag+,9.602059991,14701-21-4,[Ag+],5,,NIST,metal complex,Others / Unassigned,InChI=1S/Ag/q+1,FOIXSVOLVBLSDH-UHFFFAOYSA-N
855,Ag+,9.792391689,14701-21-4,[Ag+],,,NIST,metal complex,Others / Unassigned,InChI=1S/Ag/q+1,FOIXSVOLVBLSDH-UHFFFAOYSA-N
856,Alachlor,9.4548,15972-60-8,CCC1=C(C(=CC=C1)CC)N(COC)C(=O)CCl,,,https://doi.org/10.1016/j.jhazmat.2025.138317,halogenated,Halogenated organics,"InChI=1S/C14H20ClNO2/c1-4-11-7-6-8-12(5-2)14(11)16(10-18-3)13(17)9-15/h6-8H,4-5,9-10H2,1-3H3",XCSGPAVHZFQHGE-UHFFFAOYSA-N
857,Alachlor,7,15972-60-8,CCC1=C(C(=CC=C1)CC)N(COC)C(=O)CCl,,,https://doi.org/10.1016/j.jhazmat.2025.138067,halogenated,Halogenated organics,"InChI=1S/C14H20ClNO2/c1-4-11-7-6-8-12(5-2)14(11)16(10-18-3)13(17)9-15/h6-8H,4-5,9-10H2,1-3H3",XCSGPAVHZFQHGE-UHFFFAOYSA-N
858,Allyl alcohol,9.176091259,107-18-6,C=CCO,6.8,25,10.1063/1.555808,alcohol,Oxygenated organics,"InChI=1S/C3H6O/c1-2-3-4/h2,4H,1,3H2",XXROGKLTLUQVRX-UHFFFAOYSA-N
859,Allyl alcohol,9.1761,107-18-6,C=CCO,,,https://doi.org/10.1016/j.jhazmat.2025.138209,alcohol,Oxygenated organics,"InChI=1S/C3H6O/c1-2-3-4/h2,4H,1,3H2",XXROGKLTLUQVRX-UHFFFAOYSA-N
860,Allyl cyanide,9.041392685,109-75-1,C=CCC#N,7,25,10.1063/1.555808,nitrile,Nitrogen-containing organics,"InChI=1S/C4H5N/c1-2-3-4-5/h2H,1,3H2",SJNALLRHIVGIBI-UHFFFAOYSA-N
861,Ametryn,9.612783857,834-12-8,CCNC1=NC(=NC(=N1)SC)NC(C)C,,,https://doi.org/10.1039/B210119J,"sulfide, disulfide",Sulfur-containing organics,"InChI=1S/C9H17N5S/c1-5-10-7-12-8(11-6(2)3)14-9(13-7)15-4/h6H,5H2,1-4H3,(H2,10,11,12,13,14)",RQVYBGPQFYCBGX-UHFFFAOYSA-N
862,Ametryn,9.612783857,2731965-10-7,CCNc1nc(NC(C)C)nc(SC)n1,,,https://doi.org/10.1021/acs.est.1c04326,"sulfide, disulfide",Sulfur-containing organics,"InChI=1S/C9H17N5S/c1-5-10-7-12-8(11-6(2)3)14-9(13-7)15-4/h6H,5H2,1-4H3,(H2,10,11,12,13,14)",RQVYBGPQFYCBGX-UHFFFAOYSA-N
863,Ametryn,9.612783857,834-12-8,CCNc1nc(NC(C)C)nc(SC)n1,,,10.1016/j.chemosphere.2018.12.156,"sulfide, disulfide",Sulfur-containing organics,"InChI=1S/C9H17N5S/c1-5-10-7-12-8(11-6(2)3)14-9(13-7)15-4/h6H,5H2,1-4H3,(H2,10,11,12,13,14)",RQVYBGPQFYCBGX-UHFFFAOYSA-N
864,Amitriptyline HCl,9.681241237,549-18-8,CN(C)CCC=C1c2ccccc2CCc2ccccc21,,,10.1016/j.chemosphere.2018.12.156,amine,Nitrogen-containing organics,"InChI=1S/C20H23N/c1-21(2)15-7-12-20-18-10-5-3-8-16(18)13-14-17-9-4-6-11-19(17)20/h3-6,8-12H,7,13-15H2,1-2H3",KRMDCWKBEZIMAB-UHFFFAOYSA-N
865,Amitriptyline HCl,9.6812,549-18-8,CN(C)CCC=C1C2=CC=CC=C2CCC3=CC=CC=C31.Cl,,,https://doi.org/10.1016/j.jhazmat.2025.137921,amine,Nitrogen-containing organics,"InChI=1S/C20H23N.ClH/c1-21(2)15-7-12-20-18-10-5-3-8-16(18)13-14-17-9-4-6-11-19(17)20;/h3-6,8-12H,7,13-15H2,1-2H3;1H",KFYRPLNVJVHZGT-UHFFFAOYSA-N
866,Amitriptyline HCl,9.6812,549-18-8,CN(C)CCC=C1C2=CC=CC=C2CCC3=CC=CC=C31.Cl,,,?10.1002/jctb.4670,amine,Nitrogen-containing organics,"InChI=1S/C20H23N.ClH/c1-21(2)15-7-12-20-18-10-5-3-8-16(18)13-14-17-9-4-6-11-19(17)20;/h3-6,8-12H,7,13-15H2,1-2H3;1H",KFYRPLNVJVHZGT-UHFFFAOYSA-N
867,Amitriptyline HCl,9.681241237,549-18-8,CN(C)CCC=C1C2=CC=CC=C2CCC3=CC=CC=C31.Cl,,,https://doi.org/10.1002/jctb.4670,amine,Nitrogen-containing organics,"InChI=1S/C20H23N.ClH/c1-21(2)15-7-12-20-18-10-5-3-8-16(18)13-14-17-9-4-6-11-19(17)20;/h3-6,8-12H,7,13-15H2,1-2H3;1H",KFYRPLNVJVHZGT-UHFFFAOYSA-N
868,Amitrole,8.411619706,61-82-5,Nc1ncn[nH]1,3,,10.1016/j.chemosphere.2018.12.156,amine,Nitrogen-containing organics,"InChI=1S/C2H4N4/c3-2-4-1-5-6-2/h1H,(H3,3,4,5,6)",KLSJWNVTNUYHDU-UHFFFAOYSA-N
869,Amitrole,8.465382851,61-82-5,C1=NNC(=N1)N,12,,https://doi.org/10.1016/j.cej.2015.01.019,amine,Nitrogen-containing organics,"InChI=1S/C2H4N4/c3-2-4-1-5-6-2/h1H,(H3,3,4,5,6)",KLSJWNVTNUYHDU-UHFFFAOYSA-N
870,Amitrole,8.439332694,787577-24-6,Nc1[nH]ncn1,,,https://doi.org/10.1021/acs.est.1c04326,amine,Nitrogen-containing organics,"InChI=1S/C2H4N4/c3-2-4-1-5-6-2/h1H,(H3,3,4,5,6)",KLSJWNVTNUYHDU-UHFFFAOYSA-N
871,Amitrole,8.4393,61-82-5,C1=NNC(=N1)N,,,https://doi.org/10.1016/j.jhazmat.2025.138249,amine,Nitrogen-containing organics,"InChI=1S/C2H4N4/c3-2-4-1-5-6-2/h1H,(H3,3,4,5,6)",KLSJWNVTNUYHDU-UHFFFAOYSA-N
872,Amitrole,8.57634135,61-82-5,C1=NNC(=N1)N,7,,https://doi.org/10.1016/j.cej.2015.01.019,amine,Nitrogen-containing organics,"InChI=1S/C2H4N4/c3-2-4-1-5-6-2/h1H,(H3,3,4,5,6)",KLSJWNVTNUYHDU-UHFFFAOYSA-N
873,Amitrole,8.411619706,61-82-5,C1=NNC(=N1)N,3,,https://doi.org/10.1016/j.cej.2015.01.019,amine,Nitrogen-containing organics,"InChI=1S/C2H4N4/c3-2-4-1-5-6-2/h1H,(H3,3,4,5,6)",KLSJWNVTNUYHDU-UHFFFAOYSA-N
874,Ammonia,7.146128036,7664-41-7,N,9.2,,NIST,amine,Nitrogen-containing organics,InChI=1S/H3N/h1H3,QGZKDVFQNNGYKY-UHFFFAOYSA-N
875,Amoxicillin,9.9638,81030-75-3,CC1([C@@H](N2[C@H](S1)[C@@H](C2=O)NC(=O)[C@@H](C3=CC=C(C=C3)O)N)C(=O)O)C,,,https://doi.org/10.1016/j.chemosphere.2023.138851,"sulfide, disulfide",Sulfur-containing organics,"InChI=1S/C16H19N3O5S/c1-16(2)11(15(23)24)19-13(22)10(14(19)25-16)18-12(21)9(17)7-3-5-8(20)6-4-7/h3-6,9-11,14,20H,17H2,1-2H3,(H,18,21)(H,23,24)/t9-,10-,11+,14-/m1/s1",LSQZJLSUYDQPKJ-NJBDSQKTSA-N
876,Amoxicillin,9.5416,26787-78-0,CC1([C@@H](N2[C@H](S1)[C@@H](C2=O)NC(=O)[C@@H](C3=CC=C(C=C3)O)N)C(=O)O)C,,,https://doi.org/10.1016/j.chemosphere.2010.07.015,"sulfide, disulfide",Sulfur-containing organics,"InChI=1S/C16H19N3O5S/c1-16(2)11(15(23)24)19-13(22)10(14(19)25-16)18-12(21)9(17)7-3-5-8(20)6-4-7/h3-6,9-11,14,20H,17H2,1-2H3,(H,18,21)(H,23,24)/t9-,10-,11+,14-/m1/s1",LSQZJLSUYDQPKJ-NJBDSQKTSA-N
877,Amoxicillin,9.541579244,81030-75-3,CC1([C@@H](N2[C@H](S1)[C@@H](C2=O)NC(=O)[C@@H](C3=CC=C(C=C3)O)N)C(=O)O)C,7.4,,https://doi.org/10.1016/j.chemosphere.2010.07.015,"sulfide, disulfide",Sulfur-containing organics,"InChI=1S/C16H19N3O5S/c1-16(2)11(15(23)24)19-13(22)10(14(19)25-16)18-12(21)9(17)7-3-5-8(20)6-4-7/h3-6,9-11,14,20H,17H2,1-2H3,(H,18,21)(H,23,24)/t9-,10-,11+,14-/m1/s1",LSQZJLSUYDQPKJ-NJBDSQKTSA-N
878,Amoxicillin,9.462397998,81030-75-3,CC1([C@@H](N2[C@H](S1)[C@@H](C2=O)NC(=O)[C@@H](C3=CC=C(C=C3)O)N)C(=O)O)C,7.4,,10.1021/bk-2011-1071.ch012,"sulfide, disulfide",Sulfur-containing organics,"InChI=1S/C16H19N3O5S/c1-16(2)11(15(23)24)19-13(22)10(14(19)25-16)18-12(21)9(17)7-3-5-8(20)6-4-7/h3-6,9-11,14,20H,17H2,1-2H3,(H,18,21)(H,23,24)/t9-,10-,11+,14-/m1/s1",LSQZJLSUYDQPKJ-NJBDSQKTSA-N
879,Amoxicillin,9.591064607,81030-75-3,CC1([C@@H](N2[C@H](S1)[C@@H](C2=O)NC(=O)[C@@H](C3=CC=C(C=C3)O)N)C(=O)O)C,7,,https://doi.org/10.1016/j.cej.2018.01.137,"sulfide, disulfide",Sulfur-containing organics,"InChI=1S/C16H19N3O5S/c1-16(2)11(15(23)24)19-13(22)10(14(19)25-16)18-12(21)9(17)7-3-5-8(20)6-4-7/h3-6,9-11,14,20H,17H2,1-2H3,(H,18,21)(H,23,24)/t9-,10-,11+,14-/m1/s1",LSQZJLSUYDQPKJ-NJBDSQKTSA-N
880,Amoxicillin,9.541579244,81030-75-3,CC1(C)S[C@@H]2[C@H](NC(=O)C(N)c3ccc(O)cc3)C(=O)N2[C@H]1C(=O)O,7.4,21,10.1016/j.chemosphere.2018.12.156,"sulfide, disulfide",Sulfur-containing organics,"InChI=1S/C16H19N3O5S/c1-16(2)11(15(23)24)19-13(22)10(14(19)25-16)18-12(21)9(17)7-3-5-8(20)6-4-7/h3-6,9-11,14,20H,17H2,1-2H3,(H,18,21)(H,23,24)/t9?,10-,11+,14-/m1/s1",LSQZJLSUYDQPKJ-UWFZAAFLSA-N
881,Amoxicillin,9.541579244,81030-75-3,CC1([C@@H](N2[C@H](S1)[C@@H](C2=O)NC(=O)[C@@H](C3=CC=C(C=C3)O)N)C(=O)O)C,"2.4, 9.6",,10.1016/j.chemosphere.2010.07.015,"sulfide, disulfide",Sulfur-containing organics,"InChI=1S/C16H19N3O5S/c1-16(2)11(15(23)24)19-13(22)10(14(19)25-16)18-12(21)9(17)7-3-5-8(20)6-4-7/h3-6,9-11,14,20H,17H2,1-2H3,(H,18,21)(H,23,24)/t9-,10-,11+,14-/m1/s1",LSQZJLSUYDQPKJ-NJBDSQKTSA-N
882,Amoxicillin,9.53529412,2088960-43-2,O.O.O.CC1(C)S[C@@H]2[C@H](NC(=O)[C@H](N)c3ccc(O)cc3)C(=O)N2[C@H]1C(O)=O,,,https://doi.org/10.1021/acs.est.1c04326,"sulfide, disulfide",Sulfur-containing organics,"InChI=1S/C16H19N3O5S.3H2O/c1-16(2)11(15(23)24)19-13(22)10(14(19)25-16)18-12(21)9(17)7-3-5-8(20)6-4-7;;;/h3-6,9-11,14,20H,17H2,1-2H3,(H,18,21)(H,23,24);3*1H2/t9-,10-,11+,14-;;;/m1.../s1",MQXQVCLAUDMCEF-CWLIKTDRSA-N
883,Amoxicillin,9.5416,81030-75-3,CC1([C@@H](N2[C@H](S1)[C@@H](C2=O)NC(=O)[C@@H](C3=CC=C(C=C3)O)N)C(=O)O)C,,,https://doi.org/10.1016/j.chemosphere.2023.138872,"sulfide, disulfide",Sulfur-containing organics,"InChI=1S/C16H19N3O5S/c1-16(2)11(15(23)24)19-13(22)10(14(19)25-16)18-12(21)9(17)7-3-5-8(20)6-4-7/h3-6,9-11,14,20H,17H2,1-2H3,(H,18,21)(H,23,24)/t9-,10-,11+,14-/m1/s1",LSQZJLSUYDQPKJ-NJBDSQKTSA-N
884,Amoxicillin,9.541579244,81030-75-3,CC1(C)S[C@@H]2[C@H](NC(=O)[C@H](N)c3ccc(O)cc3)C(=O)N2[C@H]1C(=O)O,7.4,21,10.1016/j.chemosphere.2018.12.156,"sulfide, disulfide",Sulfur-containing organics,"InChI=1S/C16H19N3O5S/c1-16(2)11(15(23)24)19-13(22)10(14(19)25-16)18-12(21)9(17)7-3-5-8(20)6-4-7/h3-6,9-11,14,20H,17H2,1-2H3,(H,18,21)(H,23,24)/t9-,10-,11+,14-/m1/s1",LSQZJLSUYDQPKJ-NJBDSQKTSA-N
885,Ampicillin,9.2718,69-53-4,CC1([C@@H](N2[C@H](S1)[C@@H](C2=O)NC(=O)[C@@H](C3=CC=CC=C3)N)C(=O)O)C,,,https://doi.org/10.1016/j.chemosphere.2010.07.015,"sulfide, disulfide",Sulfur-containing organics,"InChI=1S/C16H19N3O4S/c1-16(2)11(15(22)23)19-13(21)10(14(19)24-16)18-12(20)9(17)8-6-4-3-5-7-8/h3-7,9-11,14H,17H2,1-2H3,(H,18,20)(H,22,23)/t9-,10-,11+,14-/m1/s1",AVKUERGKIZMTKX-NJBDSQKTSA-N
886,Ampicillin,9.4624,33993-48-5,CC1([C@@H](N2[C@H](S1)[C@@H](C2=O)NC(=O)[C@@H](C3=CC=CC=C3)N)C(=O)O)C,,,https://doi.org/10.1016/j.chemosphere.2023.138853,"sulfide, disulfide",Sulfur-containing organics,"InChI=1S/C16H19N3O4S/c1-16(2)11(15(22)23)19-13(21)10(14(19)24-16)18-12(20)9(17)8-6-4-3-5-7-8/h3-7,9-11,14H,17H2,1-2H3,(H,18,20)(H,22,23)/t9-,10-,11+,14-/m1/s1",AVKUERGKIZMTKX-NJBDSQKTSA-N
887,Ampicillin,9.301029996,33993-48-5,CC1([C@@H](N2[C@H](S1)[C@@H](C2=O)NC(=O)[C@@H](C3=CC=CC=C3)N)C(=O)O)C,7.4,,https://doi.org/10.1016/j.jhazmat.2014.07.008,"sulfide, disulfide",Sulfur-containing organics,"InChI=1S/C16H19N3O4S/c1-16(2)11(15(22)23)19-13(21)10(14(19)24-16)18-12(20)9(17)8-6-4-3-5-7-8/h3-7,9-11,14H,17H2,1-2H3,(H,18,20)(H,22,23)/t9-,10-,11+,14-/m1/s1",AVKUERGKIZMTKX-NJBDSQKTSA-N
888,Ampicillin,9.271841607,33993-48-5,CC1(C)S[C@@H]2[C@H](NC(=O)[C@H](N)c3ccccc3)C(=O)N2[C@H]1C(=O)O,7.4,21,10.1016/j.chemosphere.2018.12.156,"sulfide, disulfide",Sulfur-containing organics,"InChI=1S/C16H19N3O4S/c1-16(2)11(15(22)23)19-13(21)10(14(19)24-16)18-12(20)9(17)8-6-4-3-5-7-8/h3-7,9-11,14H,17H2,1-2H3,(H,18,20)(H,22,23)/t9-,10-,11+,14-/m1/s1",AVKUERGKIZMTKX-NJBDSQKTSA-N
889,Ampicillin,9.371067862,33993-48-5,CC1([C@@H](N2[C@H](S1)[C@@H](C2=O)NC(=O)[C@@H](C3=CC=CC=C3)N)C(=O)O)C,"2.5, 7.2",,10.1016/j.chemosphere.2010.07.015,"sulfide, disulfide",Sulfur-containing organics,"InChI=1S/C16H19N3O4S/c1-16(2)11(15(22)23)19-13(21)10(14(19)24-16)18-12(20)9(17)8-6-4-3-5-7-8/h3-7,9-11,14H,17H2,1-2H3,(H,18,20)(H,22,23)/t9-,10-,11+,14-/m1/s1",AVKUERGKIZMTKX-NJBDSQKTSA-N
890,Ampicillin,9.271841607,33993-48-5,CC1([C@@H](N2[C@H](S1)[C@@H](C2=O)NC(=O)[C@@H](C3=CC=CC=C3)N)C(=O)O)C,7.4,,https://doi.org/10.1016/j.chemosphere.2010.07.015,"sulfide, disulfide",Sulfur-containing organics,"InChI=1S/C16H19N3O4S/c1-16(2)11(15(22)23)19-13(21)10(14(19)24-16)18-12(20)9(17)8-6-4-3-5-7-8/h3-7,9-11,14H,17H2,1-2H3,(H,18,20)(H,22,23)/t9-,10-,11+,14-/m1/s1",AVKUERGKIZMTKX-NJBDSQKTSA-N
891,"Aniline-2,5-disulfonic acid",9.255272505,98-44-2,C1=CC(=C(C=C1S(=O)(=O)O)N)S(=O)(=O)O,2.9,,NIST,sulfoxide,Sulfur-containing organics,"InChI=1S/C6H7NO6S2/c7-5-3-4(14(8,9)10)1-2-6(5)15(11,12)13/h1-3H,7H2,(H,8,9,10)(H,11,12,13)",LDCCBULMAFILCT-UHFFFAOYSA-N
892,"Aniline-2,5-disulfonic acid",9.255272505,76684-33-8,C1=CC(=C(C=C1S(=O)(=O)O)N)S(=O)(=O)O,2.9,,https://doi.org/10.1021/j100172a078,sulfoxide,Sulfur-containing organics,"InChI=1S/C6H7NO6S2/c7-5-3-4(14(8,9)10)1-2-6(5)15(11,12)13/h1-3H,7H2,(H,8,9,10)(H,11,12,13)",LDCCBULMAFILCT-UHFFFAOYSA-N
893,"Aniline-2,5-disulfonic acid",9.2553,76684-33-8,C1=CC(=C(C=C1S(=O)(=O)O)N)S(=O)(=O)O,,,https://doi.org/10.1016/j.jhazmat.2025.137976,sulfoxide,Sulfur-containing organics,"InChI=1S/C6H7NO6S2/c7-5-3-4(14(8,9)10)1-2-6(5)15(11,12)13/h1-3H,7H2,(H,8,9,10)(H,11,12,13)",LDCCBULMAFILCT-UHFFFAOYSA-N
894,"Aniline-2,5-disulfonic acid",9.255272505,76684-33-8,Nc1cc(S(=O)(=O)O)ccc1S(=O)(=O)O,2.9,,10.1016/j.chemosphere.2018.12.156,sulfoxide,Sulfur-containing organics,"InChI=1S/C6H7NO6S2/c7-5-3-4(14(8,9)10)1-2-6(5)15(11,12)13/h1-3H,7H2,(H,8,9,10)(H,11,12,13)",LDCCBULMAFILCT-UHFFFAOYSA-N
895,"Aniline-2,5-disulfonic acid",9.2553,76684-33-8,C1=CC(=C(C=C1S(=O)(=O)O)N)S(=O)(=O)O,,,https://doi.org/10.1016/j.chemosphere.2023.138841,sulfoxide,Sulfur-containing organics,"InChI=1S/C6H7NO6S2/c7-5-3-4(14(8,9)10)1-2-6(5)15(11,12)13/h1-3H,7H2,(H,8,9,10)(H,11,12,13)",LDCCBULMAFILCT-UHFFFAOYSA-N
896,"Aniline-2,5-disulfonic acid",9.255272505,6271-94-9,Nc1cc(ccc1[S](O)(=O)=O)[S](O)(=O)=O,,,https://doi.org/10.1021/acs.est.1c04326,sulfoxide,Sulfur-containing organics,"InChI=1S/C6H7NO6S2/c7-5-3-4(14(8,9)10)1-2-6(5)15(11,12)13/h1-3H,7H2,(H,8,9,10)(H,11,12,13)",LDCCBULMAFILCT-UHFFFAOYSA-N
897,Anisole,9.6902,100-66-3,COC1=CC=CC=C1,,,https://doi.org/10.4236/aim.2019.95029,ether,Oxygenated organics,"InChI=1S/C7H8O/c1-8-7-5-3-2-4-6-7/h2-6H,1H3",RDOXTESZEPMUJZ-UHFFFAOYSA-N
898,Anisole,9.69019608,50629-14-6,COC1=CC=CC=C1,>4,,https://doi.org/10.1021/j100592a013,ether,Oxygenated organics,"InChI=1S/C7H8O/c1-8-7-5-3-2-4-6-7/h2-6H,1H3",RDOXTESZEPMUJZ-UHFFFAOYSA-N
899,Anisole,9.69019608,50629-14-6,COc1ccccc1,,25,10.1002/chin.197714152,ether,Oxygenated organics,"InChI=1S/C7H8O/c1-8-7-5-3-2-4-6-7/h2-6H,1H3",RDOXTESZEPMUJZ-UHFFFAOYSA-N
900,Anisole,9.6902,50629-14-6,COC1=CC=CC=C1,,,https://doi.org/10.1016/j.chemosphere.2023.138877,ether,Oxygenated organics,"InChI=1S/C7H8O/c1-8-7-5-3-2-4-6-7/h2-6H,1H3",RDOXTESZEPMUJZ-UHFFFAOYSA-N
901,Anisole,9.69019608,100-66-3,COC1=CC=CC=C1,,,NIST,ether,Oxygenated organics,"InChI=1S/C7H8O/c1-8-7-5-3-2-4-6-7/h2-6H,1H3",RDOXTESZEPMUJZ-UHFFFAOYSA-N
902,Anisole,9.6902,50629-14-6,COC1=CC=CC=C1,,,https://doi.org/10.1016/j.jhazmat.2025.137920,ether,Oxygenated organics,"InChI=1S/C7H8O/c1-8-7-5-3-2-4-6-7/h2-6H,1H3",RDOXTESZEPMUJZ-UHFFFAOYSA-N
903,Anisole,9.691961514,50629-14-6,COc1ccccc1,7,,10.1002/chin.197714152,ether,Oxygenated organics,"InChI=1S/C7H8O/c1-8-7-5-3-2-4-6-7/h2-6H,1H3",RDOXTESZEPMUJZ-UHFFFAOYSA-N
904,Arginine,7.5866,7200-25-1,C(C[C@@H](C(=O)O)N)CN=C(N)N,,,https://doi.org/10.1016/j.jhazmat.2025.138296,amine,Nitrogen-containing organics,"InChI=1S/C6H14N4O2/c7-4(5(11)12)2-1-3-10-6(8)9/h4H,1-3,7H2,(H,11,12)(H4,8,9,10)/t4-/m0/s1",ODKSFYDXXFIFQN-BYPYZUCNSA-N
905,AsO2-,8.903089987,17306-35-3,[O-][As]=O,7.5,,NIST,inorganic,Others / Unassigned,"InChI=1S/AsHO2/c2-1-3/h(H,2,3)/p-1",XHTRYVMKFMUJLU-UHFFFAOYSA-M
906,Aspartame,9.3579,22839-47-0,COC(=O)[C@H](CC1=CC=CC=C1)NC(=O)[C@H](CC(=O)O)N,,,https://doi.org/10.1021/es102719d,amide,Nitrogen-containing organics,"InChI=1S/C14H18N2O5/c1-21-14(20)11(7-9-5-3-2-4-6-9)16-13(19)10(15)8-12(17)18/h2-6,10-11H,7-8,15H2,1H3,(H,16,19)(H,17,18)/t10-,11-/m0/s1",IAOZJIPTCAWIRG-QWRGUYRKSA-N
907,Aspartame,9.357934847,22839-47-0,COC(=O)[C@H](CC1=CC=CC=C1)NC(=O)[C@H](CC(=O)O)N,7.4,,https://doi.org/10.1021/jp3047246,amide,Nitrogen-containing organics,"InChI=1S/C14H18N2O5/c1-21-14(20)11(7-9-5-3-2-4-6-9)16-13(19)10(15)8-12(17)18/h2-6,10-11H,7-8,15H2,1H3,(H,16,19)(H,17,18)/t10-,11-/m0/s1",IAOZJIPTCAWIRG-QWRGUYRKSA-N
908,Aspartame,9.357934847,22839-47-0,COC(=O)C(Cc1ccccc1)NC(=O)C(N)CC(=O)O,7.4,21,10.1016/j.chemosphere.2018.12.156,amide,Nitrogen-containing organics,"InChI=1S/C14H18N2O5/c1-21-14(20)11(7-9-5-3-2-4-6-9)16-13(19)10(15)8-12(17)18/h2-6,10-11H,7-8,15H2,1H3,(H,16,19)(H,17,18)",IAOZJIPTCAWIRG-UHFFFAOYSA-N
909,Atenolol,9.7084,29122-68-7,CC(C)NCC(COC1=CC=C(C=C1)CC(=O)N)O,,,https://doi.org/10.1021/acs.est.6b05536,amide,Nitrogen-containing organics,"InChI=1S/C14H22N2O3/c1-10(2)16-8-12(17)9-19-13-5-3-11(4-6-13)7-14(15)18/h3-6,10,12,16-17H,7-9H2,1-2H3,(H2,15,18)",METKIMKYRPQLGS-UHFFFAOYSA-N
910,Atenolol,9.7084,29122-68-7,CC(C)NCC(COC1=CC=C(C=C1)CC(=O)N)O,,,https://doi.org/10.1016/j.chemosphere.2023.138889,amide,Nitrogen-containing organics,"InChI=1S/C14H22N2O3/c1-10(2)16-8-12(17)9-19-13-5-3-11(4-6-13)7-14(15)18/h3-6,10,12,16-17H,7-9H2,1-2H3,(H2,15,18)",METKIMKYRPQLGS-UHFFFAOYSA-N
911,Atenolol,10.11394335,29122-68-7,CC(C)NCC(COC1=CC=C(C=C1)CC(=O)N)O,7,,https://doi.org/10.1016/j.chemosphere.2013.08.090,amide,Nitrogen-containing organics,"InChI=1S/C14H22N2O3/c1-10(2)16-8-12(17)9-19-13-5-3-11(4-6-13)7-14(15)18/h3-6,10,12,16-17H,7-9H2,1-2H3,(H2,15,18)",METKIMKYRPQLGS-UHFFFAOYSA-N
912,Atenolol,9.3579,29122-68-7,CC(C)NCC(COC1=CC=C(C=C1)CC(=O)N)O,,,https://doi.org/10.1016/j.jhazmat.2025.137962,amide,Nitrogen-containing organics,"InChI=1S/C14H22N2O3/c1-10(2)16-8-12(17)9-19-13-5-3-11(4-6-13)7-14(15)18/h3-6,10,12,16-17H,7-9H2,1-2H3,(H2,15,18)",METKIMKYRPQLGS-UHFFFAOYSA-N
913,Atenolol,9.7084,29122-68-7,CC(C)NCC(COC1=CC=C(C=C1)CC(=O)N)O,,,https://doi.org/10.1016/j.chemosphere.2023.138846,amide,Nitrogen-containing organics,"InChI=1S/C14H22N2O3/c1-10(2)16-8-12(17)9-19-13-5-3-11(4-6-13)7-14(15)18/h3-6,10,12,16-17H,7-9H2,1-2H3,(H2,15,18)",METKIMKYRPQLGS-UHFFFAOYSA-N
914,Atenolol,10.11394335,29122-68-7,CC(C)NCC(O)COc1ccc(CC(N)=O)cc1,7,,10.1016/j.chemosphere.2018.12.156,amide,Nitrogen-containing organics,"InChI=1S/C14H22N2O3/c1-10(2)16-8-12(17)9-19-13-5-3-11(4-6-13)7-14(15)18/h3-6,10,12,16-17H,7-9H2,1-2H3,(H2,15,18)",METKIMKYRPQLGS-UHFFFAOYSA-N
915,Atenolol,9.7084209,29122-68-7,CC(C)NCC(COC1=CC=C(C=C1)CC(=O)N)O,7,,https://doi.org/10.1021/acs.est.6b05536,amide,Nitrogen-containing organics,"InChI=1S/C14H22N2O3/c1-10(2)16-8-12(17)9-19-13-5-3-11(4-6-13)7-14(15)18/h3-6,10,12,16-17H,7-9H2,1-2H3,(H2,15,18)",METKIMKYRPQLGS-UHFFFAOYSA-N
916,Atraton,8.812913357,30360-56-6,CCNc1nc(NC(C)C)nc(OC)n1,,,https://doi.org/10.1021/acs.est.1c04326,triazine,Heterocycles,"InChI=1S/C9H17N5O/c1-5-10-7-12-8(11-6(2)3)14-9(13-7)15-4/h6H,5H2,1-4H3,(H2,10,11,12,13,14)",PXWUKZGIHQRDHL-UHFFFAOYSA-N
917,Atraton,8.812913357,1610-17-9,CCNc1nc(NC(C)C)nc(OC)n1,,,10.1016/j.chemosphere.2018.12.156,triazine,Heterocycles,"InChI=1S/C9H17N5O/c1-5-10-7-12-8(11-6(2)3)14-9(13-7)15-4/h6H,5H2,1-4H3,(H2,10,11,12,13,14)",PXWUKZGIHQRDHL-UHFFFAOYSA-N
918,Atraton,8.812913357,1610-17-9,CCNC1=NC(=NC(=N1)OC)NC(C)C,,,https://doi.org/10.1039/B210119J,triazine,Heterocycles,"InChI=1S/C9H17N5O/c1-5-10-7-12-8(11-6(2)3)14-9(13-7)15-4/h6H,5H2,1-4H3,(H2,10,11,12,13,14)",PXWUKZGIHQRDHL-UHFFFAOYSA-N
919,Atraton,9.6128,1610-17-9,CCNC1=NC(=NC(=N1)OC)NC(C)C,,,https://doi.org/10.1016/j.jhazmat.2025.138273,triazine,Heterocycles,"InChI=1S/C9H17N5O/c1-5-10-7-12-8(11-6(2)3)14-9(13-7)15-4/h6H,5H2,1-4H3,(H2,10,11,12,13,14)",PXWUKZGIHQRDHL-UHFFFAOYSA-N
920,Atrazine,9.419955748,163165-75-1,CCNc1nc(Cl)nc(NC(C)C)n1,,,https://doi.org/10.1021/acs.est.1c04326,triazine,Heterocycles,"InChI=1S/C8H14ClN5/c1-4-10-7-12-6(9)13-8(14-7)11-5(2)3/h5H,4H2,1-3H3,(H2,10,11,12,13,14)",MXWJVTOOROXGIU-UHFFFAOYSA-N
921,Atrazine,9.146128036,102029-43-6,CCNC1=NC(=NC(=N1)Cl)NC(C)C,,,https://doi.org/10.1039/B210119J,triazine,Heterocycles,"InChI=1S/C8H14ClN5/c1-4-10-7-12-6(9)13-8(14-7)11-5(2)3/h5H,4H2,1-3H3,(H2,10,11,12,13,14)",MXWJVTOOROXGIU-UHFFFAOYSA-N
922,Atrazine,9.146128036,102029-43-6,CCNc1nc(Cl)nc(NC(C)C)n1,7.5,,10.1016/j.envint.2018.12.043,triazine,Heterocycles,"InChI=1S/C8H14ClN5/c1-4-10-7-12-6(9)13-8(14-7)11-5(2)3/h5H,4H2,1-3H3,(H2,10,11,12,13,14)",MXWJVTOOROXGIU-UHFFFAOYSA-N
923,Atrazine,9.477121255,102029-43-6,CCNC1=NC(=NC(=N1)Cl)NC(C)C,5,,https://doi.org/10.1002/poc.1134,triazine,Heterocycles,"InChI=1S/C8H14ClN5/c1-4-10-7-12-6(9)13-8(14-7)11-5(2)3/h5H,4H2,1-3H3,(H2,10,11,12,13,14)",MXWJVTOOROXGIU-UHFFFAOYSA-N
924,Atrazine,9.414973348,102029-43-6,CCNC1=NC(=NC(=N1)Cl)NC(C)C,7.4,,https://doi.org/10.1016/j.cej.2014.04.104,triazine,Heterocycles,"InChI=1S/C8H14ClN5/c1-4-10-7-12-6(9)13-8(14-7)11-5(2)3/h5H,4H2,1-3H3,(H2,10,11,12,13,14)",MXWJVTOOROXGIU-UHFFFAOYSA-N
925,Atrazine,9.544068044,102029-43-6,CCNC1=NC(=NC(=N1)Cl)NC(C)C,7~8,,https://doi.org/10.1021/es503496u,triazine,Heterocycles,"InChI=1S/C8H14ClN5/c1-4-10-7-12-6(9)13-8(14-7)11-5(2)3/h5H,4H2,1-3H3,(H2,10,11,12,13,14)",MXWJVTOOROXGIU-UHFFFAOYSA-N
926,"Atrazine(6-Chloro-2-ethylamino-4-isopropylamino-
1,3,5-triazine)",9.653212514,4150-65-6,CCNc1nc(Cl)nc(NC(C)C)n1,7,,10.1016/j.envint.2018.12.043,halogenated,Halogenated organics,"InChI=1S/C8H14ClN5/c1-4-10-7-12-6(9)13-8(14-7)11-5(2)3/h5H,4H2,1-3H3,(H2,10,11,12,13,14)",MXWJVTOOROXGIU-UHFFFAOYSA-N
927,Atrazine),9.36361198,219705-77-8,CCNc1nc(Cl)nc(NC(C)C)n1,7,25,10.1016/j.envint.2018.12.043,triazine,Heterocycles,"InChI=1S/C8H14ClN5/c1-4-10-7-12-6(9)13-8(14-7)11-5(2)3/h5H,4H2,1-3H3,(H2,10,11,12,13,14)",MXWJVTOOROXGIU-UHFFFAOYSA-N
928,Azathioprine,9.334453751,446-86-6,Cn1cnc([N+](=O)[O-])c1Sc1ncnc2nc[nH]c12,7,,10.1016/j.chemosphere.2018.12.156,"sulfide, disulfide",Sulfur-containing organics,"InChI=1S/C9H7N7O2S/c1-15-4-14-7(16(17)18)9(15)19-8-5-6(11-2-10-5)12-3-13-8/h2-4H,1H3,(H,10,11,12,13)",LMEKQMALGUDUQG-UHFFFAOYSA-N
929,Azathiopulse,9.334453751,157930-13-7,Cn1cnc([N+](=O)[O-])c1Sc1ncnc2nc[nH]c12,7,,https://doi.org/10.1016/j.cej.2016.05.085,"sulfide, disulfide",Sulfur-containing organics,"InChI=1S/C9H7N7O2S/c1-15-4-14-7(16(17)18)9(15)19-8-5-6(11-2-10-5)12-3-13-8/h2-4H,1H3,(H,10,11,12,13)",LMEKQMALGUDUQG-UHFFFAOYSA-N
930,Azithromycin),9.469822016,765927-71-7,CC[C@H]1OC(=O)[C@H](C)[C@@H](O[C@H]2C[C@@](C)(OC)[C@@H](O)[C@H](C)O2)C(C)[C@@H](O[C@@H]2O[C@H](C)C[C@H](N(C)C)[C@H]2O)[C@](C)(O)C[C@@H](C)CN(C)[C@H](C)[C@@H](O)[C@]1(C)O,7,25,10.1016/j.envint.2018.12.043,amine,Nitrogen-containing organics,"InChI=1S/C38H72N2O12/c1-15-27-38(10,46)31(42)24(6)40(13)19-20(2)17-36(8,45)33(52-35-29(41)26(39(11)12)16-21(3)48-35)22(4)30(23(5)34(44)50-27)51-28-18-37(9,47-14)32(43)25(7)49-28/h20-33,35,41-43,45-46H,15-19H2,1-14H3/t20-,21-,22?,23-,24-,25+,26+,27-,28+,29-,30+,31-,32+,33-,35+,36-,37-,38-/m1/s1",MQTOSJVFKKJCRP-OHJWJPDZSA-N
931,BENZENE,9.225309282,6998-50-1,c1ccccc1,,,https://doi.org/10.1021/acs.est.1c04326,benzene,Aromatic & PAHs,InChI=1S/C6H6/c1-2-4-6-5-3-1/h1-6H,UHOVQNZJYSORNB-UHFFFAOYSA-N
932,BENZOATE,9.079181246,,[O-]C(=O)c1ccccc1,,,https://doi.org/10.1021/acs.est.1c04326,carboxylic acid,Oxygenated organics,"InChI=1S/C7H6O2/c8-7(9)6-4-2-1-3-5-6/h1-5H,(H,8,9)/p-1",WPYMKLBDIGXBTP-UHFFFAOYSA-M
933,Benthiocarb,9.472,28249-77-6,CCN(CC)C(=O)SCC1=CC=C(C=C1)Cl,,,https://doi.org/10.1016/j.jhazmat.2025.138092,halogenated,Halogenated organics,"InChI=1S/C12H16ClNOS/c1-3-14(4-2)12(15)16-9-10-5-7-11(13)8-6-10/h5-8H,3-4,9H2,1-2H3",QHTQREMOGMZHJV-UHFFFAOYSA-N
934,Benthiocarb,9.472,28249-77-6,CCN(CC)C(=O)SCC1=CC=C(C=C1)Cl,,,https://doi.org/10.1016/j.jhazmat.2025.138310,halogenated,Halogenated organics,"InChI=1S/C12H16ClNOS/c1-3-14(4-2)12(15)16-9-10-5-7-11(13)8-6-10/h5-8H,3-4,9H2,1-2H3",QHTQREMOGMZHJV-UHFFFAOYSA-N
935,Benzaldehyde,8.851258349,51748-27-7,O=Cc1ccccc1,,,https://doi.org/10.1021/acs.est.1c04326,aldehyde,Oxygenated organics,InChI=1S/C7H6O/c8-6-7-4-2-1-3-5-7/h1-6H,HUMNYLRZRPPJDN-UHFFFAOYSA-N
936,Benzaldehyde,9.4698,17901-93-8,C1=CC=C(C=C1)C=O,,,https://doi.org/10.1016/j.jhazmat.2025.138081,aldehyde,Oxygenated organics,InChI=1S/C7H6O/c8-6-7-4-2-1-3-5-7/h1-6H,HUMNYLRZRPPJDN-UHFFFAOYSA-N
937,Benzaldehyde,8.851258349,17901-93-8,C1=CC=C(C=C1)C=O,,,https://doi.org/10.1021/jp9718717,aldehyde,Oxygenated organics,InChI=1S/C7H6O/c8-6-7-4-2-1-3-5-7/h1-6H,HUMNYLRZRPPJDN-UHFFFAOYSA-N
938,Benzaldehyde,8.851258349,17901-93-8,O=Cc1ccccc1,,25,10.1016/j.chemosphere.2018.12.156,aldehyde,Oxygenated organics,InChI=1S/C7H6O/c8-6-7-4-2-1-3-5-7/h1-6H,HUMNYLRZRPPJDN-UHFFFAOYSA-N
939,Benzaldehyde,8.8513,100-52-7,C1=CC=C(C=C1)C=O,,,https://doi.org/10.1021/jp9718717,aldehyde,Oxygenated organics,InChI=1S/C7H6O/c8-6-7-4-2-1-3-5-7/h1-6H,HUMNYLRZRPPJDN-UHFFFAOYSA-N
940,Benzaldehyde,8.8513,113079-60-0,C1=CC=C(C=C1)C=O,,,https://doi.org/10.1016/j.chemosphere.2023.138886,aldehyde,Oxygenated organics,InChI=1S/C7H6O/c8-6-7-4-2-1-3-5-7/h1-6H,HUMNYLRZRPPJDN-UHFFFAOYSA-N
941,Benzamide,8.278753601,55-21-0,C1=CC=C(C=C1)C(=O)N,7,,NIST,amide,Nitrogen-containing organics,"InChI=1S/C7H7NO/c8-7(9)6-4-2-1-3-5-6/h1-5H,(H2,8,9)",KXDAEFPNCMNJSK-UHFFFAOYSA-N
942,Benzamide,8.278753601,89693-84-5,NC(=O)c1ccccc1,,,https://doi.org/10.1021/acs.est.1c04326,amide,Nitrogen-containing organics,"InChI=1S/C7H7NO/c8-7(9)6-4-2-1-3-5-6/h1-5H,(H2,8,9)",KXDAEFPNCMNJSK-UHFFFAOYSA-N
943,Benzamide,8.278753601,31656-62-9,NC(=O)c1ccccc1,7,,10.1002/chin.197714152,amide,Nitrogen-containing organics,"InChI=1S/C7H7NO/c8-7(9)6-4-2-1-3-5-6/h1-5H,(H2,8,9)",KXDAEFPNCMNJSK-UHFFFAOYSA-N
944,Benzamide,8.2788,31656-62-9,C1=CC=C(C=C1)C(=O)N,,,https://doi.org/10.1016/j.chemosphere.2023.138839,amide,Nitrogen-containing organics,"InChI=1S/C7H7NO/c8-7(9)6-4-2-1-3-5-6/h1-5H,(H2,8,9)",KXDAEFPNCMNJSK-UHFFFAOYSA-N
945,Benzamide,8.278753601,31656-62-9,C1=CC=C(C=C1)C(=O)N,7,,https://doi.org/10.1021/ja00443a030,amide,Nitrogen-containing organics,"InChI=1S/C7H7NO/c8-7(9)6-4-2-1-3-5-6/h1-5H,(H2,8,9)",KXDAEFPNCMNJSK-UHFFFAOYSA-N
946,Benzamide,8.2788,31656-62-9,C1=CC=C(C=C1)C(=O)N,,,https://doi.org/10.1016/j.chemosphere.2023.138833,amide,Nitrogen-containing organics,"InChI=1S/C7H7NO/c8-7(9)6-4-2-1-3-5-6/h1-5H,(H2,8,9)",KXDAEFPNCMNJSK-UHFFFAOYSA-N
947,Benzamide,8.177150281,31656-62-9,NC(=O)c1ccccc1,7,25,10.1002/chin.197714152,amide,Nitrogen-containing organics,"InChI=1S/C7H7NO/c8-7(9)6-4-2-1-3-5-6/h1-5H,(H2,8,9)",KXDAEFPNCMNJSK-UHFFFAOYSA-N
948,Benzamide,8.8513,31656-62-9,C1=CC=C(C=C1)C(=O)N,,,https://doi.org/10.1016/j.jhazmat.2025.138014,amide,Nitrogen-containing organics,"InChI=1S/C7H7NO/c8-7(9)6-4-2-1-3-5-6/h1-5H,(H2,8,9)",KXDAEFPNCMNJSK-UHFFFAOYSA-N
949,Benzene,9.380211242,79151-09-0,C1=CC=CC=C1,3,,https://doi.org/10.1002/bbpc.19950990109,benzene,Aromatic & PAHs,InChI=1S/C6H6/c1-2-4-6-5-3-1/h1-6H,UHOVQNZJYSORNB-UHFFFAOYSA-N
950,Benzene,9.414973348,79151-09-0,C1=CC=CC=C1,,,https://doi.org/10.1016/j.chemosphere.2018.12.156,benzene,Aromatic & PAHs,InChI=1S/C6H6/c1-2-4-6-5-3-1/h1-6H,UHOVQNZJYSORNB-UHFFFAOYSA-N
951,Benzene,9.380211242,71-43-2,C1=CC=CC=C1,3,,NIST,benzene,Aromatic & PAHs,InChI=1S/C6H6/c1-2-4-6-5-3-1/h1-6H,UHOVQNZJYSORNB-UHFFFAOYSA-N
952,Benzene,8.826074803,79151-09-0,C1=CC=CC=C1,9,,https://doi.org/10.1016/0020-7055(70)90017-3,benzene,Aromatic & PAHs,InChI=1S/C6H6/c1-2-4-6-5-3-1/h1-6H,UHOVQNZJYSORNB-UHFFFAOYSA-N
953,Benzene,8.903089987,79151-09-0,C1=CC=CC=C1,7,,https://doi.org/10.1016/S0969-806X(99)00240-6,benzene,Aromatic & PAHs,InChI=1S/C6H6/c1-2-4-6-5-3-1/h1-6H,UHOVQNZJYSORNB-UHFFFAOYSA-N
954,Benzene,9.477121255,71-43-2,C1=CC=CC=C1,7,,NIST,benzene,Aromatic & PAHs,InChI=1S/C6H6/c1-2-4-6-5-3-1/h1-6H,UHOVQNZJYSORNB-UHFFFAOYSA-N
955,Benzene,9.477121255,79151-09-0,C1=CC=CC=C1,7,,10.1021/ja00443a030?,benzene,Aromatic & PAHs,InChI=1S/C6H6/c1-2-4-6-5-3-1/h1-6H,UHOVQNZJYSORNB-UHFFFAOYSA-N
956,Benzene,9.380211242,79151-09-0,C1=CC=CC=C1,3,,https://doi.org/10.1016/S1352-2310(03)00503-X,benzene,Aromatic & PAHs,InChI=1S/C6H6/c1-2-4-6-5-3-1/h1-6H,UHOVQNZJYSORNB-UHFFFAOYSA-N
957,Benzene,9.4771,71-43-2,C1=CC=CC=C1,,,10.1021/ja00443a030,benzene,Aromatic & PAHs,InChI=1S/C6H6/c1-2-4-6-5-3-1/h1-6H,UHOVQNZJYSORNB-UHFFFAOYSA-N
958,Benzene,9.190105621,79151-09-0,c1ccccc1,7,,10.1002/chin.197714152,benzene,Aromatic & PAHs,InChI=1S/C6H6/c1-2-4-6-5-3-1/h1-6H,UHOVQNZJYSORNB-UHFFFAOYSA-N
959,Benzene,8.9031,79151-09-0,C1=CC=CC=C1,,,https://doi.org/10.1016/j.chemosphere.2023.138896,benzene,Aromatic & PAHs,InChI=1S/C6H6/c1-2-4-6-5-3-1/h1-6H,UHOVQNZJYSORNB-UHFFFAOYSA-N
960,Benzene,8.806179974,79151-09-0,C1=CC=CC=C1,4,,https://doi.org/10.1039/FD9950000129,benzene,Aromatic & PAHs,InChI=1S/C6H6/c1-2-4-6-5-3-1/h1-6H,UHOVQNZJYSORNB-UHFFFAOYSA-N
961,"Benzene, 1,2-dibromo-",8.602059991,583-53-9,C1=CC=C(C(=C1)Br)Br,5.5,,NIST,halogenated,Halogenated organics,InChI=1S/C6H4Br2/c7-5-3-1-2-4-6(5)8/h1-4H,WQONPSCCEXUXTQ-UHFFFAOYSA-N
962,"Benzene, 1,2-dichloro-",8.77815125,95-50-1,C1=CC=C(C(=C1)Cl)Cl,5.5,,NIST,halogenated,Halogenated organics,InChI=1S/C6H4Cl2/c7-5-3-1-2-4-6(5)8/h1-4H,RFFLAFLAYFXFSW-UHFFFAOYSA-N
963,"Benzene, 1,2-dichloro-4-(chloromethyl)-",8.301029996,102-47-6,C1=CC(=C(C=C1CCl)Cl)Cl,5.5,,NIST,halogenated,Halogenated organics,"InChI=1S/C7H5Cl3/c8-4-5-1-2-6(9)7(10)3-5/h1-3H,4H2",YZIFVWOCPGPNHB-UHFFFAOYSA-N
964,"Benzene, 1,2-dichloro-4-methyl-",8.954242509,95-75-0,CC1=CC(=C(C=C1)Cl)Cl,5.5,,NIST,halogenated,Halogenated organics,"InChI=1S/C7H6Cl2/c1-5-2-3-6(8)7(9)4-5/h2-4H,1H3",WYUIWKFIFOJVKW-UHFFFAOYSA-N
965,"Benzene, 1,2-dimethoxy-",9.698970004,91-16-7,COC1=CC=CC=C1OC,,,NIST,benzene,Aromatic & PAHs,"InChI=1S/C8H10O2/c1-9-7-5-3-4-6-8(7)10-2/h3-6H,1-2H3",ABDKAPXRBAPSQN-UHFFFAOYSA-N
966,"Benzene, 1,3,5-trimethoxy-",4.954242509,51-92-3,COC1=CC(=CC(=C1)OC)OC,,,NIST,benzene,Aromatic & PAHs,"InChI=1S/C9H12O3/c1-10-7-4-8(11-2)6-9(5-7)12-3/h4-6H,1-3H3",LKUDPHPHKOZXCD-UHFFFAOYSA-N
967,"Benzene, 1,3,5-trimethoxy-",9.414973348,621-23-8,COC1=CC(=CC(=C1)OC)OC,6.9,,NIST,benzene,Aromatic & PAHs,"InChI=1S/C9H12O3/c1-10-7-4-8(11-2)6-9(5-7)12-3/h4-6H,1-3H3",LKUDPHPHKOZXCD-UHFFFAOYSA-N
968,"Benzene, 1,3,5-trimethoxy-",8.959041392,621-23-8,COC1=CC(=CC(=C1)OC)OC,6.8,,NIST,benzene,Aromatic & PAHs,"InChI=1S/C9H12O3/c1-10-7-4-8(11-2)6-9(5-7)12-3/h4-6H,1-3H3",LKUDPHPHKOZXCD-UHFFFAOYSA-N
969,"Benzene, 1,3-dibromo-",8.698970004,108-36-1,C1=CC(=CC(=C1)Br)Br,5.5,,NIST,halogenated,Halogenated organics,InChI=1S/C6H4Br2/c7-5-2-1-3-6(8)4-5/h1-4H,JSRLURSZEMLAFO-UHFFFAOYSA-N
970,"Benzene, 1,3-dichloro-",9.041392685,541-73-1,C1=CC(=CC(=C1)Cl)Cl,5.5,,NIST,halogenated,Halogenated organics,InChI=1S/C6H4Cl2/c7-5-2-1-3-6(8)4-5/h1-4H,ZPQOPVIELGIULI-UHFFFAOYSA-N
971,"Benzene, 1,3-dichloro-2-(dichloromethyl)-",8.301029996,81-19-6,C1=CC(=C(C(=C1)Cl)C(Cl)Cl)Cl,5.5,,NIST,halogenated,Halogenated organics,"InChI=1S/C7H4Cl4/c8-4-2-1-3-5(9)6(4)7(10)11/h1-3,7H",QQPXXHAEIGVZKQ-UHFFFAOYSA-N
972,"Benzene, 1,3-dichloro-2-methyl-",8.602059991,118-69-4,CC1=C(C=CC=C1Cl)Cl,5.5,,NIST,halogenated,Halogenated organics,"InChI=1S/C7H6Cl2/c1-5-6(8)3-2-4-7(5)9/h2-4H,1H3",DMEDNTFWIHCBRK-UHFFFAOYSA-N
973,"Benzene, 1-bromo-2-chloro-",8.84509804,694-80-4,C1=CC=C(C(=C1)Cl)Br,5.5,,NIST,halogenated,Halogenated organics,InChI=1S/C6H4BrCl/c7-5-3-1-2-4-6(5)8/h1-4H,QBELEDRHMPMKHP-UHFFFAOYSA-N
974,"Benzene, 1-bromo-2-methyl-",9.361727836,95-46-5,CC1=CC=CC=C1Br,5.5,,NIST,halogenated,Halogenated organics,"InChI=1S/C7H7Br/c1-6-4-2-3-5-7(6)8/h2-5H,1H3",QSSXJPIWXQTSIX-UHFFFAOYSA-N
975,"Benzene, 1-bromo-3-methyl-",9.230448921,591-17-3,CC1=CC(=CC=C1)Br,5.5,,NIST,halogenated,Halogenated organics,"InChI=1S/C7H7Br/c1-6-3-2-4-7(8)5-6/h2-5H,1H3",WJIFKOVZNJTSGO-UHFFFAOYSA-N
976,"Benzene, 1-bromo-4-methyl-",9,106-38-7,CC1=CC=C(C=C1)Br,5.5,,NIST,halogenated,Halogenated organics,"InChI=1S/C7H7Br/c1-6-2-4-7(8)5-3-6/h2-5H,1H3",ZBTMRBYMKUEVEU-UHFFFAOYSA-N
977,"Benzene, 1-chloro-2-(chloromethyl)-",8.84509804,611-19-8,C1=CC=C(C(=C1)CCl)Cl,5.5,,NIST,halogenated,Halogenated organics,"InChI=1S/C7H6Cl2/c8-5-6-3-1-2-4-7(6)9/h1-4H,5H2",BASMANVIUSSIIM-UHFFFAOYSA-N
978,"Benzene, 1-chloro-2-(trifluoromethyl)-",8,88-16-4,C1=CC=C(C(=C1)C(F)(F)F)Cl,5.5,,NIST,halogenated,Halogenated organics,"InChI=1S/C7H4ClF3/c8-6-4-2-1-3-5(6)7(9,10)11/h1-4H",DGRVQOKCSKDWIH-UHFFFAOYSA-N
979,"Benzene, 1-chloro-2-methyl-",9.230448921,95-49-8,CC1=CC=CC=C1Cl,5.5,,NIST,halogenated,Halogenated organics,"InChI=1S/C7H7Cl/c1-6-4-2-3-5-7(6)8/h2-5H,1H3",IBSQPLPBRSHTTG-UHFFFAOYSA-N
980,"Benzene, 1-chloro-3-fluoro-",9,625-98-9,C1=CC(=CC(=C1)Cl)F,5.5,,NIST,halogenated,Halogenated organics,InChI=1S/C6H4ClF/c7-5-2-1-3-6(8)4-5/h1-4H,VZHJIJZEOCBKRA-UHFFFAOYSA-N
981,"Benzene, 1-chloro-3-fluoro-2-methyl-",9.079181246,443-83-4,CC1=C(C=CC=C1Cl)F,5.5,,NIST,halogenated,Halogenated organics,"InChI=1S/C7H6ClF/c1-5-6(8)3-2-4-7(5)9/h2-4H,1H3",FNPVYRJTBXHIPB-UHFFFAOYSA-N
982,"Benzene, 1-chloro-3-methoxy-",10.07918125,2845-89-8,COC1=CC(=CC=C1)Cl,5.5,,NIST,halogenated,Halogenated organics,"InChI=1S/C7H7ClO/c1-9-7-4-2-3-6(8)5-7/h2-5H,1H3",YUKILTJWFRTXGB-UHFFFAOYSA-N
983,"Benzene, 1-chloro-3-methyl-",8.954242509,108-41-8,CC1=CC(=CC=C1)Cl,5.5,,NIST,halogenated,Halogenated organics,"InChI=1S/C7H7Cl/c1-6-3-2-4-7(8)5-6/h2-5H,1H3",OSOUNOBYRMOXQQ-UHFFFAOYSA-N
984,"Benzene, 1-chloro-4-methyl-",9.041392685,106-43-4,CC1=CC=C(C=C1)Cl,5.5,,NIST,halogenated,Halogenated organics,"InChI=1S/C7H7Cl/c1-6-2-4-7(8)5-3-6/h2-5H,1H3",NPDACUSDTOMAMK-UHFFFAOYSA-N
985,"Benzene, chloro-",9.176091259,108-90-7,C1=CC=C(C=C1)Cl,5.5,,NIST,halogenated,Halogenated organics,InChI=1S/C6H5Cl/c7-6-4-2-1-3-5-6/h1-5H,MVPPADPHJFYWMZ-UHFFFAOYSA-N
986,"Benzene, fluoro-",8.991226076,462-06-6,C1=CC=C(C=C1)F,7,,NIST,halogenated,Halogenated organics,InChI=1S/C6H5F/c7-6-4-2-1-3-5-6/h1-5H,PYLWMHQQBFSUBP-UHFFFAOYSA-N
987,"Benzene, hexafluoro-",8.851258349,392-56-3,C1(=C(C(=C(C(=C1F)F)F)F)F)F,7,,NIST,halogenated,Halogenated organics,InChI=1S/C6F6/c7-1-2(8)4(10)6(12)5(11)3(1)9,ZQBFAOFFOQMSGJ-UHFFFAOYSA-N
988,"Benzene, pentafluoroiodo-",8.51851394,827-15-6,C1(=C(C(=C(C(=C1F)F)I)F)F)F,,,NIST,halogenated,Halogenated organics,InChI=1S/C6F5I/c7-1-2(8)4(10)6(12)5(11)3(1)9,OPYHNLNYCRZOGY-UHFFFAOYSA-N
989,Benzoate,9.1903,766-76-7,C1=CC=C(C=C1)C(=O)[O-],,,https://doi.org/10.1016/j.jhazmat.2025.137987,carboxylic acid,Oxygenated organics,"InChI=1S/C7H6O2/c8-7(9)6-4-2-1-3-5-6/h1-5H,(H,8,9)/p-1",WPYMKLBDIGXBTP-UHFFFAOYSA-M
990,Benzoate,9.0792,766-76-7,C1=CC=C(C=C1)C(=O)[O-],,,10.1021/ja00443a030,carboxylic acid,Oxygenated organics,"InChI=1S/C7H6O2/c8-7(9)6-4-2-1-3-5-6/h1-5H,(H,8,9)/p-1",WPYMKLBDIGXBTP-UHFFFAOYSA-M
991,Benzoate,9.079181246,766-76-7,O=C([O-])c1ccccc1,7,,10.1016/j.chemosphere.2018.12.156,carboxylic acid,Oxygenated organics,"InChI=1S/C7H6O2/c8-7(9)6-4-2-1-3-5-6/h1-5H,(H,8,9)/p-1",WPYMKLBDIGXBTP-UHFFFAOYSA-M
992,Benzoate,9.079181246,766-76-7,C1=CC=C(C=C1)C(=O)[O-],7,,https://doi.org/10.1021/ja00443a030,carboxylic acid,Oxygenated organics,"InChI=1S/C7H6O2/c8-7(9)6-4-2-1-3-5-6/h1-5H,(H,8,9)/p-1",WPYMKLBDIGXBTP-UHFFFAOYSA-M
993,Benzoate ion,9.0792,2906-28-7,C=CC(=O)[O-],,,https://doi.org/10.1016/j.chemosphere.2023.138819,carboxylic acid,Oxygenated organics,"InChI=1S/C3H4O2/c1-2-3(4)5/h2H,1H2,(H,4,5)/p-1",NIXOWILDQLNWCW-UHFFFAOYSA-M
994,Benzoate ion,9.079181246,2906-28-7,C=CC(=O)[O-],7,25,10.1063/1.555808,carboxylic acid,Oxygenated organics,"InChI=1S/C3H4O2/c1-2-3(4)5/h2H,1H2,(H,4,5)/p-1",NIXOWILDQLNWCW-UHFFFAOYSA-M
995,Benzoic acid,9.079181246,3880-99-7,O=C(O)c1ccccc1,7,,10.1002/chin.197714152,carboxylic acid,Oxygenated organics,"InChI=1S/C7H6O2/c8-7(9)6-4-2-1-3-5-6/h1-5H,(H,8,9)",WPYMKLBDIGXBTP-UHFFFAOYSA-N
996,Benzoic acid,9.0792,3880-99-7,C1=CC=C(C=C1)C(=O)O,,,https://doi.org/10.1016/j.jhazmat.2025.138137,carboxylic acid,Oxygenated organics,"InChI=1S/C7H6O2/c8-7(9)6-4-2-1-3-5-6/h1-5H,(H,8,9)",WPYMKLBDIGXBTP-UHFFFAOYSA-N
997,Benzoic acid,9.079181246,3880-99-7,O=C(O)c1ccccc1,7,25,10.1002/chin.197714152,carboxylic acid,Oxygenated organics,"InChI=1S/C7H6O2/c8-7(9)6-4-2-1-3-5-6/h1-5H,(H,8,9)",WPYMKLBDIGXBTP-UHFFFAOYSA-N
998,"Benzoic acid, 4-hydroxy-, ion(1-)",9.397940009,456-23-5,C1=CC(=CC=C1C(=O)O)[O-],7,,NIST,carboxylic acid,Oxygenated organics,"InChI=1S/C7H6O3/c8-6-3-1-5(2-4-6)7(9)10/h1-4,8H,(H,9,10)/p-1",FJKROLUGYXJWQN-UHFFFAOYSA-M
999,Benzonitrile,8.0792,100-47-0,C1=CC=C(C=C1)C#N,,,https://doi.org/10.1016/j.chemosphere.2023.138834,nitrile,Nitrogen-containing organics,InChI=1S/C7H5N/c8-6-7-4-2-1-3-5-7/h1-5H,JFDZBHWFFUWGJE-UHFFFAOYSA-N
1000,Benzonitrile,8.0792,100-47-0,C1=CC=C(C=C1)C#N,,,https://doi.org/10.1016/j.chemosphere.2023.138820,nitrile,Nitrogen-containing organics,InChI=1S/C7H5N/c8-6-7-4-2-1-3-5-7/h1-5H,JFDZBHWFFUWGJE-UHFFFAOYSA-N
1001,Benzonitrile,8.079181246,100-47-0,N#Cc1ccccc1,7,25,10.1002/chin.197714152,nitrile,Nitrogen-containing organics,InChI=1S/C7H5N/c8-6-7-4-2-1-3-5-7/h1-5H,JFDZBHWFFUWGJE-UHFFFAOYSA-N
1002,Benzonitrile,8.079181246,100-47-0,N#Cc1ccccc1,7,,10.1002/chin.197714152,nitrile,Nitrogen-containing organics,InChI=1S/C7H5N/c8-6-7-4-2-1-3-5-7/h1-5H,JFDZBHWFFUWGJE-UHFFFAOYSA-N
1003,Benzonitrile,8.079181246,100-47-0,C1=CC=C(C=C1)C#N,7,,https://doi.org/10.1021/ja00443a030,nitrile,Nitrogen-containing organics,InChI=1S/C7H5N/c8-6-7-4-2-1-3-5-7/h1-5H,JFDZBHWFFUWGJE-UHFFFAOYSA-N
1004,Benzonitrile,8.079181246,871892-23-8,N#Cc1ccccc1,,,https://doi.org/10.1021/acs.est.1c04326,nitrile,Nitrogen-containing organics,InChI=1S/C7H5N/c8-6-7-4-2-1-3-5-7/h1-5H,JFDZBHWFFUWGJE-UHFFFAOYSA-N
1005,Benzonitrile,8.079181246,100-47-0,C1=CC=C(C=C1)C#N,7,,NIST,nitrile,Nitrogen-containing organics,InChI=1S/C7H5N/c8-6-7-4-2-1-3-5-7/h1-5H,JFDZBHWFFUWGJE-UHFFFAOYSA-N
1006,Benzophenone,9.602059991,119-61-9,C1=CC=C(C=C1)C(=O)C2=CC=CC=C2,,,https://doi.org/10.1021/jp9718717,ketone,Oxygenated organics,InChI=1S/C13H10O/c14-13(11-7-3-1-4-8-11)12-9-5-2-6-10-12/h1-10H,RWCCWEUUXYIKHB-UHFFFAOYSA-N
1007,Benzophenone,9.602059991,119-61-9,O=C(c1ccccc1)c1ccccc1,,25,10.1016/j.chemosphere.2018.12.156,ketone,Oxygenated organics,InChI=1S/C13H10O/c14-13(11-7-3-1-4-8-11)12-9-5-2-6-10-12/h1-10H,RWCCWEUUXYIKHB-UHFFFAOYSA-N
1008,Benzophenone,9.6021,119-61-9,C1=CC=C(C=C1)C(=O)C2=CC=CC=C2,,,https://doi.org/10.1021/jp9718717,ketone,Oxygenated organics,InChI=1S/C13H10O/c14-13(11-7-3-1-4-8-11)12-9-5-2-6-10-12/h1-10H,RWCCWEUUXYIKHB-UHFFFAOYSA-N
1009,Benzophenone,9.602059991,31766-07-1,O=C(c1ccccc1)c2ccccc2,,,https://doi.org/10.1021/acs.est.1c04326,ketone,Oxygenated organics,InChI=1S/C13H10O/c14-13(11-7-3-1-4-8-11)12-9-5-2-6-10-12/h1-10H,RWCCWEUUXYIKHB-UHFFFAOYSA-N
1010,Benzophenone,8.0792,119-61-9,C1=CC=C(C=C1)C(=O)C2=CC=CC=C2,,,https://doi.org/10.1016/j.jhazmat.2025.138037,ketone,Oxygenated organics,InChI=1S/C13H10O/c14-13(11-7-3-1-4-8-11)12-9-5-2-6-10-12/h1-10H,RWCCWEUUXYIKHB-UHFFFAOYSA-N
1011,Benzothiazole,9.51851394,70016-01-2,s1cnc2ccccc12,,,https://doi.org/10.1021/acs.est.1c04326,sulfur-containing,Sulfur-containing organics,InChI=1S/C7H5NS/c1-2-4-7-6(3-1)8-5-9-7/h1-5H,IOJUPLGTWVMSFF-UHFFFAOYSA-N
1012,Benzothiazole,9.5185,95-16-9,C1=CC=C2C(=C1)N=CS2,,,https://doi.org/10.1021/acs.est.6b00701,sulfur-containing,Sulfur-containing organics,InChI=1S/C7H5NS/c1-2-4-7-6(3-1)8-5-9-7/h1-5H,IOJUPLGTWVMSFF-UHFFFAOYSA-N
1013,Benzothiazole,9.51851394,95-16-9,c1ccc2scnc2c1,7,20,10.1016/j.chemosphere.2018.12.156,sulfur-containing,Sulfur-containing organics,InChI=1S/C7H5NS/c1-2-4-7-6(3-1)8-5-9-7/h1-5H,IOJUPLGTWVMSFF-UHFFFAOYSA-N
1014,Benzothiazole,9.51851394,95-16-9,C1=CC=C2C(=C1)N=CS2,7,,10.1021/acs.est.6b00701,sulfur-containing,Sulfur-containing organics,InChI=1S/C7H5NS/c1-2-4-7-6(3-1)8-5-9-7/h1-5H,IOJUPLGTWVMSFF-UHFFFAOYSA-N
1015,Benzotriazole,9.544068044,95-14-7,C1=CC2=NNN=C2C=C1,5.8,,NIST,heterocycle,Heterocycles,"InChI=1S/C6H5N3/c1-2-4-6-5(3-1)7-9-8-6/h1-4H,(H,7,8,9)",QRUDEWIWKLJBPS-UHFFFAOYSA-N
1016,Benzotriazole,9.838849091,95-14-7,C1=CC2=NNN=C2C=C1,10.5,,NIST,heterocycle,Heterocycles,"InChI=1S/C6H5N3/c1-2-4-6-5(3-1)7-9-8-6/h1-4H,(H,7,8,9)",QRUDEWIWKLJBPS-UHFFFAOYSA-N
1017,Bezafibrate,8.5348,41859-67-0,CC(C)(C(=O)O)OC1=CC=C(C=C1)CCNC(=O)C2=CC=C(C=C2)Cl,,,https://doi.org/10.1016/j.jhazmat.2025.138088,halogenated,Halogenated organics,"InChI=1S/C19H20ClNO4/c1-19(2,18(23)24)25-16-9-3-13(4-10-16)11-12-21-17(22)14-5-7-15(20)8-6-14/h3-10H,11-12H2,1-2H3,(H,21,22)(H,23,24)",IIBYAHWJQTYFKB-UHFFFAOYSA-N
1018,Bezafibrate,8.5348,41859-67-0,CC(C)(C(=O)O)OC1=CC=C(C=C1)CCNC(=O)C2=CC=C(C=C2)Cl,,,https://doi.org/10.1016/j.jhazmat.2025.138311,halogenated,Halogenated organics,"InChI=1S/C19H20ClNO4/c1-19(2,18(23)24)25-16-9-3-13(4-10-16)11-12-21-17(22)14-5-7-15(20)8-6-14/h3-10H,11-12H2,1-2H3,(H,21,22)(H,23,24)",IIBYAHWJQTYFKB-UHFFFAOYSA-N
1019,Bezafibrate,9.346,41859-67-0,CC(C)(C(=O)O)OC1=CC=C(C=C1)CCNC(=O)C2=CC=C(C=C2)Cl,,,https://doi.org/10.1016/j.jhazmat.2025.138161,halogenated,Halogenated organics,"InChI=1S/C19H20ClNO4/c1-19(2,18(23)24)25-16-9-3-13(4-10-16)11-12-21-17(22)14-5-7-15(20)8-6-14/h3-10H,11-12H2,1-2H3,(H,21,22)(H,23,24)",IIBYAHWJQTYFKB-UHFFFAOYSA-N
1020,Bisphenol A,9.465382851,80-05-7,CC(C)(C1=CC=C(C=C1)O)C2=CC=C(C=C2)O,11,,https://doi.org/10.1016/j.jwpe.2020.101639,phenol,Oxygenated organics,"InChI=1S/C15H16O2/c1-15(2,11-3-7-13(16)8-4-11)12-5-9-14(17)10-6-12/h3-10,16-17H,1-2H3",IISBACLAFKSPIT-UHFFFAOYSA-N
1021,Bisphenol A,9.699837726,80-05-7,CC(C)(C1=CC=C(C=C1)O)C2=CC=C(C=C2)O,5,,https://doi.org/10.1016/j.jwpe.2020.101636,phenol,Oxygenated organics,"InChI=1S/C15H16O2/c1-15(2,11-3-7-13(16)8-4-11)12-5-9-14(17)10-6-12/h3-10,16-17H,1-2H3",IISBACLAFKSPIT-UHFFFAOYSA-N
1022,Bisphenol A,8.672097858,80-05-7,CC(C)(C1=CC=C(C=C1)O)C2=CC=C(C=C2)O,7,,https://doi.org/10.1016/j.jhazmat.2018.01.006,phenol,Oxygenated organics,"InChI=1S/C15H16O2/c1-15(2,11-3-7-13(16)8-4-11)12-5-9-14(17)10-6-12/h3-10,16-17H,1-2H3",IISBACLAFKSPIT-UHFFFAOYSA-N
1023,Bisphenol A,9.136720567,80-05-7,CC(C)(C1=CC=C(C=C1)O)C2=CC=C(C=C2)O,7,,https://doi.org/10.1016/j.scitotenv.2013.06.012,phenol,Oxygenated organics,"InChI=1S/C15H16O2/c1-15(2,11-3-7-13(16)8-4-11)12-5-9-14(17)10-6-12/h3-10,16-17H,1-2H3",IISBACLAFKSPIT-UHFFFAOYSA-N
1024,Bisphenol A,9.652246341,80-05-7,CC(C)(C1=CC=C(C=C1)O)C2=CC=C(C=C2)O,7,,https://doi.org/10.1016/j.jwpe.2020.101637,phenol,Oxygenated organics,"InChI=1S/C15H16O2/c1-15(2,11-3-7-13(16)8-4-11)12-5-9-14(17)10-6-12/h3-10,16-17H,1-2H3",IISBACLAFKSPIT-UHFFFAOYSA-N
1025,Bisphenol A,9.583198774,80-05-7,CC(C)(C1=CC=C(C=C1)O)C2=CC=C(C=C2)O,9,,https://doi.org/10.1016/j.jwpe.2020.101638,phenol,Oxygenated organics,"InChI=1S/C15H16O2/c1-15(2,11-3-7-13(16)8-4-11)12-5-9-14(17)10-6-12/h3-10,16-17H,1-2H3",IISBACLAFKSPIT-UHFFFAOYSA-N
1026,Bisphenol A,9.6522,80-05-7,CC(C)(C1=CC=C(C=C1)O)C2=CC=C(C=C2)O,,,https://doi.org/10.1016/j.chemosphere.2023.138870,phenol,Oxygenated organics,"InChI=1S/C15H16O2/c1-15(2,11-3-7-13(16)8-4-11)12-5-9-14(17)10-6-12/h3-10,16-17H,1-2H3",IISBACLAFKSPIT-UHFFFAOYSA-N
1027,Bisphenol A,9.136720567,80-05-7,CC(C)(c1ccc(O)cc1)c1ccc(O)cc1,7,,10.1016/j.chemosphere.2018.12.156,phenol,Oxygenated organics,"InChI=1S/C15H16O2/c1-15(2,11-3-7-13(16)8-4-11)12-5-9-14(17)10-6-12/h3-10,16-17H,1-2H3",IISBACLAFKSPIT-UHFFFAOYSA-N
1028,Br-,9.544068044,24959-67-9,[Br-],7,,NIST,inorganic halogen,Others / Unassigned,InChI=1S/BrH/h1H/p-1,CPELXLSAUQHCOX-UHFFFAOYSA-M
1029,Brilliant green,9.344392274,633-03-4,CCN(CC)c1ccc(cc1)[C+](c2ccccc2)c3ccc(cc3)N(CC)CC.O[S]([O-])(=O)=O,,,https://doi.org/10.1021/acs.est.1c04326,sulfoxide,Sulfur-containing organics,"InChI=1S/C27H33N2.H2O4S/c1-5-28(6-2)25-18-14-23(15-19-25)27(22-12-10-9-11-13-22)24-16-20-26(21-17-24)29(7-3)8-4;1-5(2,3)4/h9-21H,5-8H2,1-4H3;(H2,1,2,3,4)/q+1;/p-1",NNBFNNNWANBMTI-UHFFFAOYSA-M
1030,Brilliant green,9.344392274,633-03-4,CCN(CC)c1ccc([C+](c2ccccc2)c2ccc(N(CC)CC)cc2)cc1.O=S(=O)([O-])O,5.7,,10.1016/j.chemosphere.2018.12.156,sulfoxide,Sulfur-containing organics,"InChI=1S/C27H33N2.H2O4S/c1-5-28(6-2)25-18-14-23(15-19-25)27(22-12-10-9-11-13-22)24-16-20-26(21-17-24)29(7-3)8-4;1-5(2,3)4/h9-21H,5-8H2,1-4H3;(H2,1,2,3,4)/q+1;/p-1",NNBFNNNWANBMTI-UHFFFAOYSA-M
1031,Brilliant green,9.1367,633-03-4,CCN(CC)C1=CC=C(C=C1)C(=C2C=CC(=[N+](CC)CC)C=C2)C3=CC=CC=C3.OS(=O)(=O)[O-],,,https://doi.org/10.1016/j.jhazmat.2025.137994,sulfoxide,Sulfur-containing organics,"InChI=1S/C27H33N2.H2O4S/c1-5-28(6-2)25-18-14-23(15-19-25)27(22-12-10-9-11-13-22)24-16-20-26(21-17-24)29(7-3)8-4;1-5(2,3)4/h9-21H,5-8H2,1-4H3;(H2,1,2,3,4)/q+1;/p-1",NNBFNNNWANBMTI-UHFFFAOYSA-M
1032,Brilliant green,9.344392274,633-03-4,CCN(CC)C1=CC=C(C=C1)C(=C2C=CC(=[N+](CC)CC)C=C2)C3=CC=CC=C3.OS(=O)(=O)[O-],5.7,,https://doi.org/10.1016/j.jhazmat.2018.06.012,sulfoxide,Sulfur-containing organics,"InChI=1S/C27H33N2.H2O4S/c1-5-28(6-2)25-18-14-23(15-19-25)27(22-12-10-9-11-13-22)24-16-20-26(21-17-24)29(7-3)8-4;1-5(2,3)4/h9-21H,5-8H2,1-4H3;(H2,1,2,3,4)/q+1;/p-1",NNBFNNNWANBMTI-UHFFFAOYSA-M
1033,Bromobenzene,9.255272505,108-86-1,C1=CC=C(C=C1)Br,7,,https://doi.org/10.1039/FT9949000597,halogenated,Halogenated organics,InChI=1S/C6H5Br/c7-6-4-2-1-3-5-6/h1-5H,QARVLSVVCXYDNA-UHFFFAOYSA-N
1034,Bromobenzene,9.2553,108-86-1,C1=CC=C(C=C1)Br,,,https://doi.org/10.1039/FT9949000597,halogenated,Halogenated organics,InChI=1S/C6H5Br/c7-6-4-2-1-3-5-6/h1-5H,QARVLSVVCXYDNA-UHFFFAOYSA-N
1035,Bromobenzene,9.255272505,495405-42-0,Brc1ccccc1,,,https://doi.org/10.1021/acs.est.1c04326,halogenated,Halogenated organics,InChI=1S/C6H5Br/c7-6-4-2-1-3-5-6/h1-5H,QARVLSVVCXYDNA-UHFFFAOYSA-N
1036,Bromobenzene,9.255272505,108-86-1,Brc1ccccc1,7,,10.1016/j.chemosphere.2018.12.156,halogenated,Halogenated organics,InChI=1S/C6H5Br/c7-6-4-2-1-3-5-6/h1-5H,QARVLSVVCXYDNA-UHFFFAOYSA-N
1037,Butan-1-ol,7.908485019,177072-52-5,CCCCO,,,https://doi.org/10.1021/acs.est.1c04326,alcohol,Oxygenated organics,"InChI=1S/C4H10O/c1-2-3-4-5/h5H,2-4H2,1H3",LRHPLDYGYMQRHN-UHFFFAOYSA-N
1038,Butylamine,8.154,109-73-9,CCCCN,,,https://doi.org/10.1016/j.jhazmat.2025.138301,amine,Nitrogen-containing organics,"InChI=1S/C4H11N/c1-2-3-4-5/h2-5H2,1H3",HQABUPZFAYXKJW-UHFFFAOYSA-N
1039,C.I. Reactive Orange 16,9.133538908,61969-17-3,CC(=O)N=C1C=CC2=C(S(=O)(=O)[O-])C(NNc3cccc(S(=O)(=O)CCOS(=O)(=O)[O-])c3)=CC(=O)C2=C1,,,10.1016/j.chemosphere.2018.12.156,sulfoxide,Sulfur-containing organics,"InChI=1S/C20H19N3O11S3/c1-12(24)21-13-5-6-16-17(10-13)19(25)11-18(20(16)36(28,29)30)23-22-14-3-2-4-15(9-14)35(26,27)8-7-34-37(31,32)33/h2-6,9-11,22-23H,7-8H2,1H3,(H,28,29,30)(H,31,32,33)/p-2",POXGOWFMOMNEAT-UHFFFAOYSA-L
1040,C.I. Reactive Orange 16,9.133538908,61969-17-3,CC(=O)NC1=CC2=C(C(=C(C=C2C=C1)S(=O)(=O)[O-])N=NC3=CC=C(C=C3)S(=O)(=O)CCOS(=O)(=O)[O-])O.[Na+].[Na+],,,https://doi.org/10.5004/dwt.2018.21856,sulfoxide,Sulfur-containing organics,"InChI=1S/C20H19N3O11S3.2Na/c1-12(24)21-15-3-2-13-10-18(36(28,29)30)19(20(25)17(13)11-15)23-22-14-4-6-16(7-5-14)35(26,27)9-8-34-37(31,32)33;;/h2-7,10-11,25H,8-9H2,1H3,(H,21,24)(H,28,29,30)(H,31,32,33);;/q;2*+1/p-2",DHHGSXPASZBLGC-UHFFFAOYSA-L
1041,CBZ(Carbamazepine),9.260071388,2350098-13-2,NC(=O)N1c2ccccc2C=Cc2ccccc21,7,25,10.1016/j.envint.2018.12.043,urea,Nitrogen-containing organics,"InChI=1S/C15H12N2O/c16-15(18)17-13-7-3-1-5-11(13)9-10-12-6-2-4-8-14(12)17/h1-10H,(H2,16,18)",FFGPTBGBLSHEPO-UHFFFAOYSA-N
1042,"1,1,2,2,2-Pentadeuterioethanol (CD3CD2OD)",7.278753601,1859-08-1,OC([2H])([2H])C([2H])([2H])[2H],,,NIST,alcohol,Oxygenated organics,"InChI=1S/C2H6O/c1-2-3/h3H,2H2,1H3/i1D3,2D2",LFQSCWFLJHTTHZ-ZBJDZAJPSA-N
1043,Trifluoroacetate (CF3CO2-),4.204119983,76-05-1,OC(C(F)(F)F)=O,4.5,,NIST,halogenated,Halogenated organics,"InChI=1S/C2HF3O2/c3-2(4,5)1(6)7/h(H,6,7)",DTQVDTLACAAQTR-UHFFFAOYSA-N
1044,Malonate (CH2(CO2-)2),6.740362689,156-80-9,O=C([O-])CC(O)=O,7,,NIST,dicarboxylic acid,Polyfunctional / highly functionalized,"InChI=1S/C3H4O4/c4-2(5)1-3(6)7/h1H2,(H,4,5)(H,6,7)/p-1",OFOBLEOULBTSOW-UHFFFAOYSA-M
1045,Methacrylate (CH2=C(CH3)CO2-),8.84509804,18358-13-9,CC(C([O-])=O)=C,6.9,,NIST,ester,Oxygenated organics,"InChI=1S/C4H6O2/c1-3(2)4(5)6/h1H2,2H3,(H,5,6)/p-1",CERQOIWHTDAKMF-UHFFFAOYSA-M
1046,Methacrylate (CH2=C(CH3)CO2-),8.77815125,18358-13-9,CC(C([O-])=O)=C,,,NIST,ester,Oxygenated organics,"InChI=1S/C4H6O2/c1-3(2)4(5)6/h1H2,2H3,(H,5,6)/p-1",CERQOIWHTDAKMF-UHFFFAOYSA-M
1047,n-Pentyl acrylate (CH2=CHCOO(CH2)3CH3),8.301029996,2998-23-4,O=C(C=C)OCCCCC,,,NIST,ester,Oxygenated organics,"InChI=1S/C8H14O2/c1-3-5-6-7-10-8(9)4-2/h4H,2-3,5-7H2,1H3",ULDDEWDFUNBUCM-UHFFFAOYSA-N
1048,CH3CO2C2H5,6.462397998,141-78-6,CCOC(=O)C,,,NIST,ester,Oxygenated organics,"InChI=1S/C4H8O2/c1-3-6-4(2)5/h3H2,1-2H3",XEKOWRVHYACXOJ-UHFFFAOYSA-N
1049,CH3OD,7.041392685,1455-13-6,[2H]OC,,,NIST,alcohol,Oxygenated organics,"InChI=1S/CH4O/c1-2/h2H,1H3/i2D",OKKJLVBELUTLKV-VMNATFBRSA-N
1050,CYB(Cybutryne),9.86923172,105017-31-0,CSc1nc(NC2CC2)nc(NC(C)(C)C)n1,7,25,10.1016/j.envint.2018.12.043,"sulfide, disulfide",Sulfur-containing organics,"InChI=1S/C11H19N5S/c1-11(2,3)16-9-13-8(12-7-5-6-7)14-10(15-9)17-4/h7H,5-6H2,1-4H3,(H2,12,13,14,15,16)",HDHLIWCXDDZUFH-UHFFFAOYSA-N
1051,Caffeic acid,8.301,331-89-5,C1=CC(=C(C=C1/C=C/C(=O)O)O)O,,,https://doi.org/10.1016/j.jhazmat.2025.138195,carboxylic acid,Oxygenated organics,"InChI=1S/C9H8O4/c10-7-3-1-6(5-8(7)11)2-4-9(12)13/h1-5,10-11H,(H,12,13)/b4-2+",QAIPRVGONGVQAS-DUXPYHPUSA-N
1052,Caffeic acid,10.09342169,331-89-5,O=C(O)/C=C/c1ccc(O)c(O)c1,,,10.1016/j.chemosphere.2018.12.156,carboxylic acid,Oxygenated organics,"InChI=1S/C9H8O4/c10-7-3-1-6(5-8(7)11)2-4-9(12)13/h1-5,10-11H,(H,12,13)/b4-2+",QAIPRVGONGVQAS-DUXPYHPUSA-N
1053,Caffeic acid,10.09342169,331-89-5,C1=CC(=C(C=C1/C=C/C(=O)O)O)O,,,10.1016/j.jhazmat.2010.05.043,carboxylic acid,Oxygenated organics,"InChI=1S/C9H8O4/c10-7-3-1-6(5-8(7)11)2-4-9(12)13/h1-5,10-11H,(H,12,13)/b4-2+",QAIPRVGONGVQAS-DUXPYHPUSA-N
1054,Caffeic acid,8.301,331-89-5,C1=CC(=C(C=C1/C=C/C(=O)O)O)O,,,https://doi.org/10.1016/j.jhazmat.2025.138151,carboxylic acid,Oxygenated organics,"InChI=1S/C9H8O4/c10-7-3-1-6(5-8(7)11)2-4-9(12)13/h1-5,10-11H,(H,12,13)/b4-2+",QAIPRVGONGVQAS-DUXPYHPUSA-N
1055,Caffeine,9.6462,3920-35-2,CN1C=NC2=C1C(=O)N(C(=O)N2C)C,,,https://doi.org/10.1016/j.jhazmat.2025.138333,imidazole,Heterocycles,"InChI=1S/C8H10N4O2/c1-10-4-9-6-5(10)7(13)12(3)8(14)11(6)2/h4H,1-3H3",RYYVLZVUVIJVGH-UHFFFAOYSA-N
1056,Caffeine,10.0934,3920-35-2,CN1C=NC2=C1C(=O)N(C(=O)N2C)C,,,https://doi.org/10.1016/j.jhazmat.2025.138058,imidazole,Heterocycles,"InChI=1S/C8H10N4O2/c1-10-4-9-6-5(10)7(13)12(3)8(14)11(6)2/h4H,1-3H3",RYYVLZVUVIJVGH-UHFFFAOYSA-N
1057,Caffeine,9.378397901,3920-35-2,Cn1c(=O)c2c(ncn2C)n(C)c1=O,7,,doi.org/10.1016/j.watres.2012.06.006,imidazole,Heterocycles,"InChI=1S/C8H10N4O2/c1-10-4-9-6-5(10)7(13)12(3)8(14)11(6)2/h4H,1-3H3",RYYVLZVUVIJVGH-UHFFFAOYSA-N
1058,Carbamazepine,9.283301229,298-46-4,C1=CC=C2C(=C1)C=CC3=CC=CC=C3N2C(=O)N,3,,https://doi.org/10.1007/s10311-010-0285-z,urea,Nitrogen-containing organics,"InChI=1S/C15H12N2O/c16-15(18)17-13-7-3-1-5-11(13)9-10-12-6-2-4-8-14(12)17/h1-10H,(H2,16,18)",FFGPTBGBLSHEPO-UHFFFAOYSA-N
1059,Carbamazepine,9.2833,298-46-4,C1=CC=C2C(=C1)C=CC3=CC=CC=C3N2C(=O)N,,,https://doi.org/10.1016/j.chemosphere.2023.138832,urea,Nitrogen-containing organics,"InChI=1S/C15H12N2O/c16-15(18)17-13-7-3-1-5-11(13)9-10-12-6-2-4-8-14(12)17/h1-10H,(H2,16,18)",FFGPTBGBLSHEPO-UHFFFAOYSA-N
1060,Carbamazepine,9.283301229,298-46-4,NC(=O)N1c2ccccc2C=Cc2ccccc21,3,25,10.1016/j.envint.2018.12.043,urea,Nitrogen-containing organics,"InChI=1S/C15H12N2O/c16-15(18)17-13-7-3-1-5-11(13)9-10-12-6-2-4-8-14(12)17/h1-10H,(H2,16,18)",FFGPTBGBLSHEPO-UHFFFAOYSA-N
1061,Carbamazepine,9.2833,298-46-4,C1=CC=C2C(=C1)C=CC3=CC=CC=C3N2C(=O)N,,,https://doi.org/10.1007/s10311-010-0285-z,urea,Nitrogen-containing organics,"InChI=1S/C15H12N2O/c16-15(18)17-13-7-3-1-5-11(13)9-10-12-6-2-4-8-14(12)17/h1-10H,(H2,16,18)",FFGPTBGBLSHEPO-UHFFFAOYSA-N
1062,Carbamazepine,9.3784,298-46-4,C1=CC=C2C(=C1)C=CC3=CC=CC=C3N2C(=O)N,,,https://doi.org/10.1016/j.jhazmat.2025.138262,urea,Nitrogen-containing organics,"InChI=1S/C15H12N2O/c16-15(18)17-13-7-3-1-5-11(13)9-10-12-6-2-4-8-14(12)17/h1-10H,(H2,16,18)",FFGPTBGBLSHEPO-UHFFFAOYSA-N
1063,Carbamazepine,9.3784,298-46-4,C1=CC=C2C(=C1)C=CC3=CC=CC=C3N2C(=O)N,,,https://doi.org/10.1016/j.jhazmat.2025.138054,urea,Nitrogen-containing organics,"InChI=1S/C15H12N2O/c16-15(18)17-13-7-3-1-5-11(13)9-10-12-6-2-4-8-14(12)17/h1-10H,(H2,16,18)",FFGPTBGBLSHEPO-UHFFFAOYSA-N
1064,Carbendazim,9.4181,10605-21-7,COC(=O)NC1=NC2=CC=CC=C2N1,,,https://doi.org/10.1016/j.jhazmat.2025.138162,imidazole,Heterocycles,"InChI=1S/C9H9N3O2/c1-14-9(13)12-8-10-6-4-2-3-5-7(6)11-8/h2-5H,1H3,(H2,10,11,12,13)",TWFZGCMQGLPBSX-UHFFFAOYSA-N
1065,Carbendazim,9.4181,10605-21-7,COC(=O)NC1=NC2=CC=CC=C2N1,,,https://doi.org/10.1016/j.jhazmat.2025.138327,imidazole,Heterocycles,"InChI=1S/C9H9N3O2/c1-14-9(13)12-8-10-6-4-2-3-5-7(6)11-8/h2-5H,1H3,(H2,10,11,12,13)",TWFZGCMQGLPBSX-UHFFFAOYSA-N
1066,Carbenicillin,8.770852012,4697-36-3,CC1([C@@H](N2[C@H](S1)[C@@H](C2=O)NC(=O)C(C3=CC=CC=C3)C(=O)O)C(=O)O)C,7.4,,https://doi.org/10.1016/j.chemosphere.2010.07.015,"sulfide, disulfide",Sulfur-containing organics,"InChI=1S/C17H18N2O6S/c1-17(2)11(16(24)25)19-13(21)10(14(19)26-17)18-12(20)9(15(22)23)8-6-4-3-5-7-8/h3-7,9-11,14H,1-2H3,(H,18,20)(H,22,23)(H,24,25)/t9?,10-,11+,14-/m1/s1",FPPNZSSZRUTDAP-UWFZAAFLSA-N
1067,Carbenicillin,9.089905111,4697-36-3,CC1([C@@H](N2[C@H](S1)[C@@H](C2=O)NC(=O)C(C3=CC=CC=C3)C(=O)O)C(=O)O)C,"2.8, 3.6",,10.1016/j.chemosphere.2010.07.015,"sulfide, disulfide",Sulfur-containing organics,"InChI=1S/C17H18N2O6S/c1-17(2)11(16(24)25)19-13(21)10(14(19)26-17)18-12(20)9(15(22)23)8-6-4-3-5-7-8/h3-7,9-11,14H,1-2H3,(H,18,20)(H,22,23)(H,24,25)/t9?,10-,11+,14-/m1/s1",FPPNZSSZRUTDAP-UWFZAAFLSA-N
1068,Carbenicillin,8.930378562,4697-36-3,CC1(C)S[C@@H]2[C@H](NC(=O)C(C(=O)[O-])c3ccccc3)C(=O)N2[C@H]1C(=O)[O-],7.4,21,10.1016/j.chemosphere.2018.12.156,"sulfide, disulfide",Sulfur-containing organics,"InChI=1S/C17H18N2O6S/c1-17(2)11(16(24)25)19-13(21)10(14(19)26-17)18-12(20)9(15(22)23)8-6-4-3-5-7-8/h3-7,9-11,14H,1-2H3,(H,18,20)(H,22,23)(H,24,25)/p-2/t9?,10-,11+,14-/m1/s1",FPPNZSSZRUTDAP-UWFZAAFLSA-L
1069,Carbenicillin,9.62324929,26607-86-3,CC1(C)S[C@@H]2[C@H](NC(=O)C(C(O)=O)c3ccccc3)C(=O)N2[C@H]1C(O)=O,,,https://doi.org/10.1021/acs.est.1c04326,"sulfide, disulfide",Sulfur-containing organics,"InChI=1S/C17H18N2O6S/c1-17(2)11(16(24)25)19-13(21)10(14(19)26-17)18-12(20)9(15(22)23)8-6-4-3-5-7-8/h3-7,9-11,14H,1-2H3,(H,18,20)(H,22,23)(H,24,25)/t9?,10-,11+,14-/m1/s1",FPPNZSSZRUTDAP-UWFZAAFLSA-N
1070,Carbenicillin,9.892094603,4697-36-3,CC1([C@@H](N2[C@H](S1)[C@@H](C2=O)NC(=O)C(C3=CC=CC=C3)C(=O)O)C(=O)O)C,7,,https://doi.org/10.1016/j.cej.2018.01.137,"sulfide, disulfide",Sulfur-containing organics,"InChI=1S/C17H18N2O6S/c1-17(2)11(16(24)25)19-13(21)10(14(19)26-17)18-12(20)9(15(22)23)8-6-4-3-5-7-8/h3-7,9-11,14H,1-2H3,(H,18,20)(H,22,23)(H,24,25)/t9?,10-,11+,14-/m1/s1",FPPNZSSZRUTDAP-UWFZAAFLSA-N
1071,Cefaclor,9.278753601,53994-73-3,C1C(=C(N2[C@H](S1)[C@@H](C2=O)NC(=O)[C@@H](C3=CC=CC=C3)N)C(=O)O)Cl,7.4,,https://doi.org/10.1016/j.chemosphere.2010.07.015,halogenated,Halogenated organics,"InChI=1S/C15H14ClN3O4S/c16-8-6-24-14-10(13(21)19(14)11(8)15(22)23)18-12(20)9(17)7-4-2-1-3-5-7/h1-5,9-10,14H,6,17H2,(H,18,20)(H,22,23)/t9-,10-,14-/m1/s1",QYIYFLOTGYLRGG-GPCCPHFNSA-N
1072,Cefaclor,9.387389826,53994-73-3,C1C(=C(N2[C@H](S1)[C@@H](C2=O)NC(=O)[C@@H](C3=CC=CC=C3)N)C(=O)O)Cl,"1.5, 7.1",,10.1016/j.chemosphere.2010.07.015,halogenated,Halogenated organics,"InChI=1S/C15H14ClN3O4S/c16-8-6-24-14-10(13(21)19(14)11(8)15(22)23)18-12(20)9(17)7-4-2-1-3-5-7/h1-5,9-10,14H,6,17H2,(H,18,20)(H,22,23)/t9-,10-,14-/m1/s1",QYIYFLOTGYLRGG-GPCCPHFNSA-N
1073,Cefaclor,9.278753601,2747959-02-8,N[C@@H](C(=O)N[C@H]1[C@H]2SCC(=C(N2C1=O)C(O)=O)Cl)c3ccccc3,,,https://doi.org/10.1021/acs.est.1c04326,halogenated,Halogenated organics,"InChI=1S/C15H14ClN3O4S/c16-8-6-24-14-10(13(21)19(14)11(8)15(22)23)18-12(20)9(17)7-4-2-1-3-5-7/h1-5,9-10,14H,6,17H2,(H,18,20)(H,22,23)/t9-,10-,14-/m1/s1",QYIYFLOTGYLRGG-GPCCPHFNSA-N
1074,Cefaclor,9.278753601,53994-73-3,N[C@@H](C(=O)N[C@@H]1C(=O)N2C(C(=O)O)=C(Cl)CS[C@H]12)c1ccccc1,7.4,21,10.1016/j.chemosphere.2018.12.156,halogenated,Halogenated organics,"InChI=1S/C15H14ClN3O4S/c16-8-6-24-14-10(13(21)19(14)11(8)15(22)23)18-12(20)9(17)7-4-2-1-3-5-7/h1-5,9-10,14H,6,17H2,(H,18,20)(H,22,23)/t9-,10-,14-/m1/s1",QYIYFLOTGYLRGG-GPCCPHFNSA-N
1075,Cefaclor,9.2788,53994-73-3,C1C(=C(N2[C@H](S1)[C@@H](C2=O)NC(=O)[C@@H](C3=CC=CC=C3)N)C(=O)O)Cl,,,https://doi.org/10.1016/j.chemosphere.2010.07.015,halogenated,Halogenated organics,"InChI=1S/C15H14ClN3O4S/c16-8-6-24-14-10(13(21)19(14)11(8)15(22)23)18-12(20)9(17)7-4-2-1-3-5-7/h1-5,9-10,14H,6,17H2,(H,18,20)(H,22,23)/t9-,10-,14-/m1/s1",QYIYFLOTGYLRGG-GPCCPHFNSA-N
1076,Cefaclor,9.387389826,53994-73-3,N[C@@H](C(=O)N[C@@H]1C(=O)N2C(C(=O)O)=C(Cl)CS[C@H]12)c1ccccc1,7.4,21,10.1016/j.chemosphere.2018.12.156,halogenated,Halogenated organics,"InChI=1S/C15H14ClN3O4S/c16-8-6-24-14-10(13(21)19(14)11(8)15(22)23)18-12(20)9(17)7-4-2-1-3-5-7/h1-5,9-10,14H,6,17H2,(H,18,20)(H,22,23)/t9-,10-,14-/m1/s1",QYIYFLOTGYLRGG-GPCCPHFNSA-N
1077,Cefaclor,9.2601,53994-73-3,C1C(=C(N2[C@H](S1)[C@@H](C2=O)NC(=O)[C@@H](C3=CC=CC=C3)N)C(=O)O)Cl,,,https://doi.org/10.1016/j.jhazmat.2025.137972,halogenated,Halogenated organics,"InChI=1S/C15H14ClN3O4S/c16-8-6-24-14-10(13(21)19(14)11(8)15(22)23)18-12(20)9(17)7-4-2-1-3-5-7/h1-5,9-10,14H,6,17H2,(H,18,20)(H,22,23)/t9-,10-,14-/m1/s1",QYIYFLOTGYLRGG-GPCCPHFNSA-N
1078,Cefalexin,9.290034611,15686-71-2,CC1=C(CO)N2C(=O)[C@@H](NC(=O)[C@H](N)c3ccccc3)[C@H]2SC1,7.4,21,10.1016/j.chemosphere.2018.12.156,"sulfide, disulfide",Sulfur-containing organics,"InChI=1S/C16H19N3O3S/c1-9-8-23-16-13(15(22)19(16)11(9)7-20)18-14(21)12(17)10-5-3-2-4-6-10/h2-6,12-13,16,20H,7-8,17H2,1H3,(H,18,21)/t12-,13-,16-/m1/s1",REEWFLAGTFIKIB-XJKCOSOUSA-N
1079,Cefalexin,9.2788,15686-71-2,CC1=C(N2[C@@H]([C@@H](C2=O)NC(=O)[C@@H](C3=CC=CC=C3)N)SC1)C(=O)O,,,https://doi.org/10.1016/j.jhazmat.2025.137970,"sulfide, disulfide",Sulfur-containing organics,"InChI=1S/C16H17N3O4S/c1-8-7-24-15-11(14(21)19(15)12(8)16(22)23)18-13(20)10(17)9-5-3-2-4-6-9/h2-6,10-11,15H,7,17H2,1H3,(H,18,20)(H,22,23)/t10-,11-,15-/m1/s1",ZAIPMKNFIOOWCQ-UEKVPHQBSA-N
1080,Cefalexin,9.290034611,65870-51-1,CC1=C(N2[C@H](SC1)[C@H](NC(=O)[C@H](N)c3ccccc3)C2=O)C(O)=O,,,https://doi.org/10.1021/acs.est.1c04326,"sulfide, disulfide",Sulfur-containing organics,"InChI=1S/C16H17N3O4S/c1-8-7-24-15-11(14(21)19(15)12(8)16(22)23)18-13(20)10(17)9-5-3-2-4-6-9/h2-6,10-11,15H,7,17H2,1H3,(H,18,20)(H,22,23)/t10-,11-,15-/m1/s1",ZAIPMKNFIOOWCQ-UEKVPHQBSA-N
1081,Cefalexin,9.290034611,15686-71-2,CC1=C(N2[C@@H]([C@@H](C2=O)NC(=O)[C@@H](C3=CC=CC=C3)N)SC1)C(=O)O,7.4,,https://doi.org/10.1016/j.chemosphere.2010.07.015,"sulfide, disulfide",Sulfur-containing organics,"InChI=1S/C16H17N3O4S/c1-8-7-24-15-11(14(21)19(15)12(8)16(22)23)18-13(20)10(17)9-5-3-2-4-6-9/h2-6,10-11,15H,7,17H2,1H3,(H,18,20)(H,22,23)/t10-,11-,15-/m1/s1",ZAIPMKNFIOOWCQ-UEKVPHQBSA-N
1082,Cefalotin,9.447158031,153-61-7,CC(=O)OCC1=C(N2[C@@H]([C@@H](C2=O)NC(=O)CC3=CC=CS3)SC1)C(=O)O,7.4,,https://doi.org/10.1016/j.chemosphere.2010.07.015,"sulfide, disulfide",Sulfur-containing organics,"InChI=1S/C16H16N2O6S2/c1-8(19)24-6-9-7-26-15-12(14(21)18(15)13(9)16(22)23)17-11(20)5-10-3-2-4-25-10/h2-4,12,15H,5-7H2,1H3,(H,17,20)(H,22,23)/t12-,15-/m1/s1",XIURVHNZVLADCM-IUODEOHRSA-N
1083,Cefalotin,9.447158031,153-61-7,CC(=O)OCC1=C(C(=O)[O-])N2C(=O)[C@@H](NC(=O)Cc3cccs3)[C@H]2SC1,7.4,21,10.1021/acs.est.5b03078,"sulfide, disulfide",Sulfur-containing organics,"InChI=1S/C16H16N2O6S2/c1-8(19)24-6-9-7-26-15-12(14(21)18(15)13(9)16(22)23)17-11(20)5-10-3-2-4-25-10/h2-4,12,15H,5-7H2,1H3,(H,17,20)(H,22,23)/p-1/t12-,15-/m1/s1",XIURVHNZVLADCM-IUODEOHRSA-M
1084,Cefalotin,9.29,153-61-7,CC(=O)OCC1=C(N2[C@@H]([C@@H](C2=O)NC(=O)CC3=CC=CS3)SC1)C(=O)O,,,https://doi.org/10.1016/j.jhazmat.2025.137969,"sulfide, disulfide",Sulfur-containing organics,"InChI=1S/C16H16N2O6S2/c1-8(19)24-6-9-7-26-15-12(14(21)18(15)13(9)16(22)23)17-11(20)5-10-3-2-4-25-10/h2-4,12,15H,5-7H2,1H3,(H,17,20)(H,22,23)/t12-,15-/m1/s1",XIURVHNZVLADCM-IUODEOHRSA-N
1085,Cefalotin,9.544068044,153-61-7,CC(=O)OCC1=C(N2[C@@H]([C@@H](C2=O)NC(=O)CC3=CC=CS3)SC1)C(=O)O,7.4,,https://doi.org/10.1016/j.jhazmat.2014.07.008,"sulfide, disulfide",Sulfur-containing organics,"InChI=1S/C16H16N2O6S2/c1-8(19)24-6-9-7-26-15-12(14(21)18(15)13(9)16(22)23)17-11(20)5-10-3-2-4-25-10/h2-4,12,15H,5-7H2,1H3,(H,17,20)(H,22,23)/t12-,15-/m1/s1",XIURVHNZVLADCM-IUODEOHRSA-N
1086,Cefazolin,9.380211242,25953-19-9,CC1=NN=C(S1)SCC2=C(N3[C@@H]([C@@H](C3=O)NC(=O)CN4C=NN=N4)SC2)C(=O)O,7.4,,https://doi.org/10.1016/j.chemosphere.2010.07.015,"sulfide, disulfide",Sulfur-containing organics,"InChI=1S/C14H14N8O4S3/c1-6-17-18-14(29-6)28-4-7-3-27-12-9(11(24)22(12)10(7)13(25)26)16-8(23)2-21-5-15-19-20-21/h5,9,12H,2-4H2,1H3,(H,16,23)(H,25,26)/t9-,12-/m1/s1",MLYYVTUWGNIJIB-BXKDBHETSA-N
1087,Cefazolin,9.380211242,1391053-58-9,[Na+].Cc1sc(SCC2=C(N3[C@H](SC2)[C@H](NC(=O)Cn4cnnn4)C3=O)C([O-])=O)nn1,,,https://doi.org/10.1021/acs.est.1c04326,"sulfide, disulfide",Sulfur-containing organics,"InChI=1S/C14H14N8O4S3.Na/c1-6-17-18-14(29-6)28-4-7-3-27-12-9(11(24)22(12)10(7)13(25)26)16-8(23)2-21-5-15-19-20-21;/h5,9,12H,2-4H2,1H3,(H,16,23)(H,25,26);/q;+1/p-1/t9-,12-;/m1./s1",FLKYBGKDCCEQQM-WYUVZMMLSA-M
1088,Cefazolin,9.534026106,25953-19-9,CC1=NN=C(S1)SCC2=C(N3[C@@H]([C@@H](C3=O)NC(=O)CN4C=NN=N4)SC2)C(=O)O,2.1,,10.1016/j.chemosphere.2010.07.015,"sulfide, disulfide",Sulfur-containing organics,"InChI=1S/C14H14N8O4S3/c1-6-17-18-14(29-6)28-4-7-3-27-12-9(11(24)22(12)10(7)13(25)26)16-8(23)2-21-5-15-19-20-21/h5,9,12H,2-4H2,1H3,(H,16,23)(H,25,26)/t9-,12-/m1/s1",MLYYVTUWGNIJIB-BXKDBHETSA-N
1089,Cefotaxime,9.093421685,758680-79-4,CC(=O)OCC1=C(N2[C@@H]([C@@H](C2=O)NC(=O)/C(=N\OC)/C3=CSC(=N3)N)SC1)C(=O)O,7.4,,https://doi.org/10.1016/j.chemosphere.2010.07.015,"sulfide, disulfide",Sulfur-containing organics,"InChI=1S/C16H17N5O7S2/c1-6(22)28-3-7-4-29-14-10(13(24)21(14)11(7)15(25)26)19-12(23)9(20-27-2)8-5-30-16(17)18-8/h5,10,14H,3-4H2,1-2H3,(H2,17,18)(H,19,23)(H,25,26)/b20-9-/t10-,14-/m1/s1",GPRBEKHLDVQUJE-QSWIMTSFSA-N
1090,Cefotaxime,9.222716471,758680-79-4,CO/N=C(\C(=O)N[C@H]1C(=O)N2C(C(=O)[O-])=C(COC(C)=O)CS[C@@H]12)c1csc(N)n1,7.4,21,10.1016/j.chemosphere.2018.12.156,"sulfide, disulfide",Sulfur-containing organics,"InChI=1S/C16H17N5O7S2/c1-6(22)28-3-7-4-29-14-10(13(24)21(14)11(7)15(25)26)19-12(23)9(20-27-2)8-5-30-16(17)18-8/h5,10,14H,3-4H2,1-2H3,(H2,17,18)(H,19,23)(H,25,26)/p-1/b20-9-/t10-,14-/m0/s1",GPRBEKHLDVQUJE-CPAGPLPBSA-M
1091,Cefotaxime,9.255272505,758680-79-4,CC(=O)OCC1=C(N2[C@@H]([C@@H](C2=O)NC(=O)/C(=N\OC)/C3=CSC(=N3)N)SC1)C(=O)O,3.4,,10.1016/j.chemosphere.2010.07.015,"sulfide, disulfide",Sulfur-containing organics,"InChI=1S/C16H17N5O7S2/c1-6(22)28-3-7-4-29-14-10(13(24)21(14)11(7)15(25)26)19-12(23)9(20-27-2)8-5-30-16(17)18-8/h5,10,14H,3-4H2,1-2H3,(H2,17,18)(H,19,23)(H,25,26)/b20-9-/t10-,14-/m1/s1",GPRBEKHLDVQUJE-QSWIMTSFSA-N
1092,Cefotaxime,9.3802,758680-79-4,CC(=O)OCC1=C(N2[C@@H]([C@@H](C2=O)NC(=O)/C(=N\OC)/C3=CSC(=N3)N)SC1)C(=O)O,,,https://doi.org/10.1016/j.jhazmat.2025.137958,"sulfide, disulfide",Sulfur-containing organics,"InChI=1S/C16H17N5O7S2/c1-6(22)28-3-7-4-29-14-10(13(24)21(14)11(7)15(25)26)19-12(23)9(20-27-2)8-5-30-16(17)18-8/h5,10,14H,3-4H2,1-2H3,(H2,17,18)(H,19,23)(H,25,26)/b20-9-/t10-,14-/m1/s1",GPRBEKHLDVQUJE-QSWIMTSFSA-N
1093,Cefotaxime,9.093421685,758680-79-4,CO/N=C(\C(=O)N[C@H]1C(=O)N2C(C(=O)[O-])=C(COC(C)=O)CS[C@@H]12)c1csc(N)n1,7.4,,10.1016/j.chemosphere.2018.12.156,"sulfide, disulfide",Sulfur-containing organics,"InChI=1S/C16H17N5O7S2/c1-6(22)28-3-7-4-29-14-10(13(24)21(14)11(7)15(25)26)19-12(23)9(20-27-2)8-5-30-16(17)18-8/h5,10,14H,3-4H2,1-2H3,(H2,17,18)(H,19,23)(H,25,26)/p-1/b20-9-/t10-,14-/m0/s1",GPRBEKHLDVQUJE-CPAGPLPBSA-M
1094,Cefotaxime,9.093421685,65715-12-0,[Na+].CO\N=C(C(=O)N[C@@H]1[C@@H]2SCC(=C(N2C1=O)C([O-])=O)COC(C)=O)\c3csc(N)n3,,,https://doi.org/10.1021/acs.est.1c04326,"sulfide, disulfide",Sulfur-containing organics,"InChI=1S/C16H17N5O7S2.Na/c1-6(22)28-3-7-4-29-14-10(13(24)21(14)11(7)15(25)26)19-12(23)9(20-27-2)8-5-30-16(17)18-8;/h5,10,14H,3-4H2,1-2H3,(H2,17,18)(H,19,23)(H,25,26);/q;+1/p-1/b20-9-;/t10-,14-;/m0./s1",AZZMGZXNTDTSME-XJTDMATHSA-M
1095,Cephalexin,9.387389826,15686-71-2,CC1=C(C(=O)O)N2C(=O)[C@@H](NC(=O)[C@H](N)c3ccccc3)[C@H]2SC1,7.4,21,10.1016/j.chemosphere.2010.07.015,"sulfide, disulfide",Sulfur-containing organics,"InChI=1S/C16H17N3O4S/c1-8-7-24-15-11(14(21)19(15)12(8)16(22)23)18-13(20)10(17)9-5-3-2-4-6-9/h2-6,10-11,15H,7,17H2,1H3,(H,18,20)(H,22,23)/t10-,11-,15-/m1/s1",ZAIPMKNFIOOWCQ-UEKVPHQBSA-N
1096,Cephalexin,9.387389826,15686-71-2,CC1=C(N2[C@@H]([C@@H](C2=O)NC(=O)[C@@H](C3=CC=CC=C3)N)SC1)C(=O)O,"2.6, 6.9",,10.1016/j.chemosphere.2010.07.015,"sulfide, disulfide",Sulfur-containing organics,"InChI=1S/C16H17N3O4S/c1-8-7-24-15-11(14(21)19(15)12(8)16(22)23)18-13(20)10(17)9-5-3-2-4-6-9/h2-6,10-11,15H,7,17H2,1H3,(H,18,20)(H,22,23)/t10-,11-,15-/m1/s1",ZAIPMKNFIOOWCQ-UEKVPHQBSA-N
1097,Cephalothin,9.607455023,58-71-9,CC(=O)OCC1=C(C(=O)[O-])N2C(=O)[C@@H](NC(=O)Cc3cccs3)[C@H]2SC1,7.4,21,10.1021/acs.est.5b03078,"sulfide, disulfide",Sulfur-containing organics,"InChI=1S/C16H16N2O6S2/c1-8(19)24-6-9-7-26-15-12(14(21)18(15)13(9)16(22)23)17-11(20)5-10-3-2-4-25-10/h2-4,12,15H,5-7H2,1H3,(H,17,20)(H,22,23)/p-1/t12-,15-/m1/s1",XIURVHNZVLADCM-IUODEOHRSA-M
1098,Cephalothin,9.607455023,58-71-9,CC(=O)OCC1=C(N2[C@@H]([C@@H](C2=O)NC(=O)CC3=CC=CS3)SC1)C(=O)O,2.4,,10.1016/j.chemosphere.2010.07.015,"sulfide, disulfide",Sulfur-containing organics,"InChI=1S/C16H16N2O6S2/c1-8(19)24-6-9-7-26-15-12(14(21)18(15)13(9)16(22)23)17-11(20)5-10-3-2-4-25-10/h2-4,12,15H,5-7H2,1H3,(H,17,20)(H,22,23)/t12-,15-/m1/s1",XIURVHNZVLADCM-IUODEOHRSA-N
1099,Chloramphenicol,10.12385164,56-75-7,C1=CC(=CC=C1[C@H]([C@@H](CO)NC(=O)C(Cl)Cl)O)[N+](=O)[O-],7,,https://doi.org/10.1016/j.jphotochem.2016.09.021,halogenated,Halogenated organics,"InChI=1S/C11H12Cl2N2O5/c12-10(13)11(18)14-8(5-16)9(17)6-1-3-7(4-2-6)15(19)20/h1-4,8-10,16-17H,5H2,(H,14,18)/t8-,9-/m1/s1",WIIZWVCIJKGZOK-RKDXNWHRSA-N
1100,Chloramphenicol,10.57518784,579-51-1,OCC(NC(=O)C(Cl)Cl)C(O)c1ccc(cc1)[N+]([O-])=O,,,https://doi.org/10.1021/acs.est.1c04326,halogenated,Halogenated organics,"InChI=1S/C11H12Cl2N2O5/c12-10(13)11(18)14-8(5-16)9(17)6-1-3-7(4-2-6)15(19)20/h1-4,8-10,16-17H,5H2,(H,14,18)",WIIZWVCIJKGZOK-UHFFFAOYSA-N
1101,Chloramphenicol,10.79098848,56-75-7,C1=CC(=CC=C1[C@H]([C@@H](CO)NC(=O)C(Cl)Cl)O)[N+](=O)[O-],7,,https://doi.org/10.1016/j.cej.2017.10.020,halogenated,Halogenated organics,"InChI=1S/C11H12Cl2N2O5/c12-10(13)11(18)14-8(5-16)9(17)6-1-3-7(4-2-6)15(19)20/h1-4,8-10,16-17H,5H2,(H,14,18)/t8-,9-/m1/s1",WIIZWVCIJKGZOK-RKDXNWHRSA-N
1102,Chloramphenicol,10.12385164,56-75-7,O=C(NC(CO)C(O)c1ccc([N+](=O)[O-])cc1)C(Cl)Cl,7,,10.1016/j.chemosphere.2018.12.156,halogenated,Halogenated organics,"InChI=1S/C11H12Cl2N2O5/c12-10(13)11(18)14-8(5-16)9(17)6-1-3-7(4-2-6)15(19)20/h1-4,8-10,16-17H,5H2,(H,14,18)",WIIZWVCIJKGZOK-UHFFFAOYSA-N
1103,Chlorobenzene,9.176091259,59164-15-7,C1=CC=C(C=C1)Cl,5.5,,https://doi.org/10.1039/FT9949000597,halogenated,Halogenated organics,InChI=1S/C6H5Cl/c7-6-4-2-1-3-5-6/h1-5H,MVPPADPHJFYWMZ-UHFFFAOYSA-N
1104,Chlorobenzene,9.176091259,12082-03-0,Clc1ccccc1,,,https://doi.org/10.1021/acs.est.1c04326,halogenated,Halogenated organics,InChI=1S/C6H5Cl/c7-6-4-2-1-3-5-6/h1-5H,MVPPADPHJFYWMZ-UHFFFAOYSA-N
1105,Chlorobenzene,9.1761,108-90-7,C1=CC=C(C=C1)Cl,,,https://doi.org/10.1039/FT9949000597,halogenated,Halogenated organics,InChI=1S/C6H5Cl/c7-6-4-2-1-3-5-6/h1-5H,MVPPADPHJFYWMZ-UHFFFAOYSA-N
1106,Chlorobenzene,9.176091259,59164-15-7,Clc1ccccc1,5.5,,10.1016/j.chemosphere.2018.12.156,halogenated,Halogenated organics,InChI=1S/C6H5Cl/c7-6-4-2-1-3-5-6/h1-5H,MVPPADPHJFYWMZ-UHFFFAOYSA-N
1107,Chloroform,5.867467488,67-66-3,ClC(Cl)Cl,,,https://doi.org/10.1021/acs.est.1c04326,halogenated,Halogenated organics,InChI=1S/CHCl3/c2-1(3)4/h1H,HEDRZPFGACZZDS-UHFFFAOYSA-N
1108,Chlorophene,9.255272505,120-32-1,Oc1ccc(Cl)cc1Cc2ccccc2,,,https://doi.org/10.1021/acs.est.1c04326,halogenated,Halogenated organics,"InChI=1S/C13H11ClO/c14-12-6-7-13(15)11(9-12)8-10-4-2-1-3-5-10/h1-7,9,15H,8H2",NCKMMSIFQUPKCK-UHFFFAOYSA-N
1109,Chlorophene,9.255272505,120-32-1,C1=CC=C(C=C1)CC2=C(C=CC(=C2)Cl)O,7,,https://doi.org/10.1016/j.seppur.2018.02.055,halogenated,Halogenated organics,"InChI=1S/C13H11ClO/c14-12-6-7-13(15)11(9-12)8-10-4-2-1-3-5-10/h1-7,9,15H,8H2",NCKMMSIFQUPKCK-UHFFFAOYSA-N
1110,Chlorophene,9.255272505,120-32-1,C=CC(=C)Cl,7,,10.1016/j.chemosphere.2018.12.156,halogenated,Halogenated organics,"InChI=1S/C4H5Cl/c1-3-4(2)5/h3H,1-2H2",YACLQRRMGMJLJV-UHFFFAOYSA-N
1111,Chlorophene,9.2553,120-32-1,C1=CC=C(C=C1)CC2=C(C=CC(=C2)Cl)O,,,https://doi.org/10.1016/j.chemosphere.2023.138864,halogenated,Halogenated organics,"InChI=1S/C13H11ClO/c14-12-6-7-13(15)11(9-12)8-10-4-2-1-3-5-10/h1-7,9,15H,8H2",NCKMMSIFQUPKCK-UHFFFAOYSA-N
1112,Ciprofloxacin,9.0453,85721-33-1,C1CC1N2C=C(C(=O)C3=CC(=C(C=C32)N4CCNCC4)F)C(=O)O,,,https://doi.org/10.1016/j.chemosphere.2023.138826,halogenated,Halogenated organics,"InChI=1S/C17H18FN3O3/c18-13-7-11-14(8-15(13)20-5-3-19-4-6-20)21(10-1-2-10)9-12(16(11)22)17(23)24/h7-10,19H,1-6H2,(H,23,24)",MYSWGUAQZAJSOK-UHFFFAOYSA-N
1113,Ciprofloxacin,7.924279286,85721-33-1,C1CC1N2C=C(C(=O)C3=CC(=C(C=C32)N4CCNCC4)F)C(=O)O,7,,https://doi.org/10.1016/j.jhazmat.2013.11.034,halogenated,Halogenated organics,"InChI=1S/C17H18FN3O3/c18-13-7-11-14(8-15(13)20-5-3-19-4-6-20)21(10-1-2-10)9-12(16(11)22)17(23)24/h7-10,19H,1-6H2,(H,23,24)",MYSWGUAQZAJSOK-UHFFFAOYSA-N
1114,Ciprofloxacin,8.924279286,85721-33-1,O=C(O)c1cn(C2CC2)c2cc(N3CCNCC3)c(F)cc2c1=O,7,25,10.1016/j.chemosphere.2018.12.156,halogenated,Halogenated organics,"InChI=1S/C17H18FN3O3/c18-13-7-11-14(8-15(13)20-5-3-19-4-6-20)21(10-1-2-10)9-12(16(11)22)17(23)24/h7-10,19H,1-6H2,(H,23,24)",MYSWGUAQZAJSOK-UHFFFAOYSA-N
1115,Ciprofloxacin,8.924279286,93398-92-6,OC(=O)C1=CN(C2CC2)c3cc(N4CCNCC4)c(F)cc3C1=O,,,https://doi.org/10.1021/acs.est.1c04326,halogenated,Halogenated organics,"InChI=1S/C17H18FN3O3/c18-13-7-11-14(8-15(13)20-5-3-19-4-6-20)21(10-1-2-10)9-12(16(11)22)17(23)24/h7-10,19H,1-6H2,(H,23,24)",MYSWGUAQZAJSOK-UHFFFAOYSA-N
1116,Ciprofloxacin,9.2553,85721-33-1,C1CC1N2C=C(C(=O)C3=CC(=C(C=C32)N4CCNCC4)F)C(=O)O,,,https://doi.org/10.1016/j.jhazmat.2025.137977,halogenated,Halogenated organics,"InChI=1S/C17H18FN3O3/c18-13-7-11-14(8-15(13)20-5-3-19-4-6-20)21(10-1-2-10)9-12(16(11)22)17(23)24/h7-10,19H,1-6H2,(H,23,24)",MYSWGUAQZAJSOK-UHFFFAOYSA-N
1117,Cl-,8.568201724,16887-00-6,[Cl-],1.5,,NIST,inorganic halogen,Others / Unassigned,InChI=1S/ClH/h1H/p-1,VEXZGXHMUGYJMC-UHFFFAOYSA-M
1118,Cl-,7,16887-00-6,[Cl-],2.5,,NIST,inorganic halogen,Others / Unassigned,InChI=1S/ClH/h1H/p-1,VEXZGXHMUGYJMC-UHFFFAOYSA-M
1119,Cl-,8.414973348,16887-00-6,[Cl-],,,NIST,inorganic halogen,Others / Unassigned,InChI=1S/ClH/h1H/p-1,VEXZGXHMUGYJMC-UHFFFAOYSA-M
1120,Cl-,8.431363764,16887-00-6,[Cl-],,,NIST,inorganic halogen,Others / Unassigned,InChI=1S/ClH/h1H/p-1,VEXZGXHMUGYJMC-UHFFFAOYSA-M
1121,Cl-,8.447158031,16887-00-6,[Cl-],5.8,,NIST,inorganic halogen,Others / Unassigned,InChI=1S/ClH/h1H/p-1,VEXZGXHMUGYJMC-UHFFFAOYSA-M
1122,Cl-,7.278753601,16887-00-6,[Cl-],,,NIST,inorganic halogen,Others / Unassigned,InChI=1S/ClH/h1H/p-1,VEXZGXHMUGYJMC-UHFFFAOYSA-M
1123,Cl-,6.361727836,16887-00-6,[Cl-],,,NIST,inorganic halogen,Others / Unassigned,InChI=1S/ClH/h1H/p-1,VEXZGXHMUGYJMC-UHFFFAOYSA-M
1124,Cl-,8.255272505,16887-00-6,[Cl-],,,NIST,inorganic halogen,Others / Unassigned,InChI=1S/ClH/h1H/p-1,VEXZGXHMUGYJMC-UHFFFAOYSA-M
1125,Cl-,7,16887-00-6,[Cl-],2.5,,NIST,inorganic halogen,Others / Unassigned,InChI=1S/ClH/h1H/p-1,VEXZGXHMUGYJMC-UHFFFAOYSA-M
1126,Cl-,7.113943352,16887-00-6,[Cl-],2.5,,NIST,inorganic halogen,Others / Unassigned,InChI=1S/ClH/h1H/p-1,VEXZGXHMUGYJMC-UHFFFAOYSA-M
1127,Cl-,6.785329835,16887-00-6,[Cl-],,,NIST,inorganic halogen,Others / Unassigned,InChI=1S/ClH/h1H/p-1,VEXZGXHMUGYJMC-UHFFFAOYSA-M
1128,Cl-,8.414973348,16887-00-6,[Cl-],,,NIST,inorganic halogen,Others / Unassigned,InChI=1S/ClH/h1H/p-1,VEXZGXHMUGYJMC-UHFFFAOYSA-M
1129,Cl-,6.959041392,16887-00-6,[Cl-],2.5,,NIST,inorganic halogen,Others / Unassigned,InChI=1S/ClH/h1H/p-1,VEXZGXHMUGYJMC-UHFFFAOYSA-M
1130,Cl-,8.301029996,16887-00-6,[Cl-],1.4,,NIST,inorganic halogen,Others / Unassigned,InChI=1S/ClH/h1H/p-1,VEXZGXHMUGYJMC-UHFFFAOYSA-M
1131,Cl-,8.113943352,16887-00-6,[Cl-],,,NIST,inorganic halogen,Others / Unassigned,InChI=1S/ClH/h1H/p-1,VEXZGXHMUGYJMC-UHFFFAOYSA-M
1132,Cl-,8.397940009,16887-00-6,[Cl-],,,NIST,inorganic halogen,Others / Unassigned,InChI=1S/ClH/h1H/p-1,VEXZGXHMUGYJMC-UHFFFAOYSA-M
1133,Cl-,8.819543936,16887-00-6,[Cl-],,,NIST,inorganic halogen,Others / Unassigned,InChI=1S/ClH/h1H/p-1,VEXZGXHMUGYJMC-UHFFFAOYSA-M
1134,Cl-,8.672097858,16887-00-6,[Cl-],6.2,,NIST,inorganic halogen,Others / Unassigned,InChI=1S/ClH/h1H/p-1,VEXZGXHMUGYJMC-UHFFFAOYSA-M
1135,Cl-,8.491361694,16887-00-6,[Cl-],6.8,,NIST,inorganic halogen,Others / Unassigned,InChI=1S/ClH/h1H/p-1,VEXZGXHMUGYJMC-UHFFFAOYSA-M
1136,Cl3CCO2-,6.301029996,14357-05-2,O=C([O-])C(Cl)(Cl)Cl,4.5,,NIST,halogenated,Halogenated organics,"InChI=1S/C2HCl3O2/c3-2(4,5)1(6)7/h(H,6,7)/p-1",YNJBWRMUSHSURL-UHFFFAOYSA-M
1137,ClCH2CO2-,6.653212514,14526-03-5,O=C([O-])CCl,4.5,,NIST,halogenated,Halogenated organics,"InChI=1S/C2H3ClO2/c3-1-2(4)5/h1H2,(H,4,5)/p-1",FOCAUTSVDIKZOP-UHFFFAOYSA-M
1138,Clofibrate,9.5051,637-07-0,CCOC(=O)C(C)(C)OC1=CC=C(C=C1)Cl,,,https://doi.org/10.1016/j.jhazmat.2025.138159,halogenated,Halogenated organics,"InChI=1S/C12H15ClO3/c1-4-15-11(14)12(2,3)16-10-7-5-9(13)6-8-10/h5-8H,4H2,1-3H3",KNHUKKLJHYUCFP-UHFFFAOYSA-N
1139,Clofibrate,9.238,77111-08-1,CCOC(=O)C(C)(C)OC1=CC=C(C=C1)Cl,,,https://doi.org/10.1016/j.chemosphere.2023.138811,halogenated,Halogenated organics,"InChI=1S/C12H15ClO3/c1-4-15-11(14)12(2,3)16-10-7-5-9(13)6-8-10/h5-8H,4H2,1-3H3",KNHUKKLJHYUCFP-UHFFFAOYSA-N
1140,Clofibric acid,9.238,882-09-7,CC(C)(C(=O)O)OC1=CC=C(C=C1)Cl,,,https://doi.org/10.1016/j.jhazmat.2025.138106,halogenated,Halogenated organics,"InChI=1S/C10H11ClO3/c1-10(2,9(12)13)14-8-5-3-7(11)4-6-8/h3-6H,1-2H3,(H,12,13)",TXCGAZHTZHNUAI-UHFFFAOYSA-N
1141,Clofibric acid,9.238046103,882-09-7,CC(C)(Oc1ccc(Cl)cc1)C(=O)O,7,21,10.1016/j.chemosphere.2018.12.156,halogenated,Halogenated organics,"InChI=1S/C10H11ClO3/c1-10(2,9(12)13)14-8-5-3-7(11)4-6-8/h3-6H,1-2H3,(H,12,13)",TXCGAZHTZHNUAI-UHFFFAOYSA-N
1142,Clofibric acid,9.238,882-09-7,CC(C)(C(=O)O)OC1=CC=C(C=C1)Cl,,,https://doi.org/10.1016/j.cej.2017.08.117,halogenated,Halogenated organics,"InChI=1S/C10H11ClO3/c1-10(2,9(12)13)14-8-5-3-7(11)4-6-8/h3-6H,1-2H3,(H,12,13)",TXCGAZHTZHNUAI-UHFFFAOYSA-N
1143,Clofibric acid,9.238,882-09-7,CC(C)(C(=O)O)OC1=CC=C(C=C1)Cl,,,https://doi.org/10.1016/j.jhazmat.2025.137980,halogenated,Halogenated organics,"InChI=1S/C10H11ClO3/c1-10(2,9(12)13)14-8-5-3-7(11)4-6-8/h3-6H,1-2H3,(H,12,13)",TXCGAZHTZHNUAI-UHFFFAOYSA-N
1144,Clomazone,9.238,81777-89-1,CC1(CON(C1=O)CC2=CC=CC=C2Cl)C,,,https://doi.org/10.1016/j.jhazmat.2025.138061,halogenated,Halogenated organics,"InChI=1S/C12H14ClNO2/c1-12(2)8-16-14(11(12)15)7-9-5-3-4-6-10(9)13/h3-6H,7-8H2,1-2H3",KIEDNEWSYUYDSN-UHFFFAOYSA-N
1145,Clomazone,8.973127854,81777-89-1,CC1(C)CON(Cc2ccccc2Cl)C1=O,4.4,,10.1016/j.chemosphere.2018.12.156,halogenated,Halogenated organics,"InChI=1S/C12H14ClNO2/c1-12(2)8-16-14(11(12)15)7-9-5-3-4-6-10(9)13/h3-6H,7-8H2,1-2H3",KIEDNEWSYUYDSN-UHFFFAOYSA-N
1146,Clomazone,8.973127854,81777-89-1,CC1(CON(C1=O)CC2=CC=CC=C2Cl)C,4.4,,https://doi.org/10.1111/j.1751-1097.2008.00467.x,halogenated,Halogenated organics,"InChI=1S/C12H14ClNO2/c1-12(2)8-16-14(11(12)15)7-9-5-3-4-6-10(9)13/h3-6H,7-8H2,1-2H3",KIEDNEWSYUYDSN-UHFFFAOYSA-N
1147,Clomazone,8.973127854,2832290-56-7,CC1(C)CON(Cc2ccccc2Cl)C1=O,,,https://doi.org/10.1021/acs.est.1c04326,halogenated,Halogenated organics,"InChI=1S/C12H14ClNO2/c1-12(2)8-16-14(11(12)15)7-9-5-3-4-6-10(9)13/h3-6H,7-8H2,1-2H3",KIEDNEWSYUYDSN-UHFFFAOYSA-N
1148,Cloxacillin,8.934498451,61-72-3,CC1=C(C(=NO1)C2=CC=CC=C2Cl)C(=O)N[C@H]3[C@@H]4N(C3=O)[C@H](C(S4)(C)C)C(=O)O,7.4,,https://doi.org/10.1016/j.chemosphere.2010.07.015,halogenated,Halogenated organics,"InChI=1S/C19H18ClN3O5S/c1-8-11(12(22-28-8)9-6-4-5-7-10(9)20)15(24)21-13-16(25)23-14(18(26)27)19(2,3)29-17(13)23/h4-7,13-14,17H,1-3H3,(H,21,24)(H,26,27)/t13-,14+,17-/m1/s1",LQOLIRLGBULYKD-JKIFEVAISA-N
1149,Cloxacillin,9.015704232,61-72-3,Cc1onc(-c2ccccc2Cl)c1C(=O)N[C@@H]1C(=O)N2[C@@H](C(=O)O)C(C)(C)S[C@H]12,7.4,21,10.1016/j.chemosphere.2018.12.156,halogenated,Halogenated organics,"InChI=1S/C19H18ClN3O5S/c1-8-11(12(22-28-8)9-6-4-5-7-10(9)20)15(24)21-13-16(25)23-14(18(26)27)19(2,3)29-17(13)23/h4-7,13-14,17H,1-3H3,(H,21,24)(H,26,27)/t13-,14+,17-/m1/s1",LQOLIRLGBULYKD-JKIFEVAISA-N
1150,Cloxacillin,8.934498451,1642629-96-6,Cc1onc(c2ccccc2Cl)c1C(=O)N[C@H]3[C@H]4SC(C)(C)[C@@H](N4C3=O)C(O)=O,,,https://doi.org/10.1021/acs.est.1c04326,halogenated,Halogenated organics,"InChI=1S/C19H18ClN3O5S/c1-8-11(12(22-28-8)9-6-4-5-7-10(9)20)15(24)21-13-16(25)23-14(18(26)27)19(2,3)29-17(13)23/h4-7,13-14,17H,1-3H3,(H,21,24)(H,26,27)/t13-,14+,17-/m1/s1",LQOLIRLGBULYKD-JKIFEVAISA-N
1151,Cloxacillin,8.9731,61-72-3,CC1=C(C(=NO1)C2=CC=CC=C2Cl)C(=O)N[C@H]3[C@@H]4N(C3=O)[C@H](C(S4)(C)C)C(=O)O,,,https://doi.org/10.1016/j.jhazmat.2025.138008,halogenated,Halogenated organics,"InChI=1S/C19H18ClN3O5S/c1-8-11(12(22-28-8)9-6-4-5-7-10(9)20)15(24)21-13-16(25)23-14(18(26)27)19(2,3)29-17(13)23/h4-7,13-14,17H,1-3H3,(H,21,24)(H,26,27)/t13-,14+,17-/m1/s1",LQOLIRLGBULYKD-JKIFEVAISA-N
1152,Cloxacillin,9.096910013,61-72-3,CC1=C(C(=NO1)C2=CC=CC=C2Cl)C(=O)N[C@H]3[C@@H]4N(C3=O)[C@H](C(S4)(C)C)C(=O)O,2.8,,10.1016/j.chemosphere.2010.07.015,halogenated,Halogenated organics,"InChI=1S/C19H18ClN3O5S/c1-8-11(12(22-28-8)9-6-4-5-7-10(9)20)15(24)21-13-16(25)23-14(18(26)27)19(2,3)29-17(13)23/h4-7,13-14,17H,1-3H3,(H,21,24)(H,26,27)/t13-,14+,17-/m1/s1",LQOLIRLGBULYKD-JKIFEVAISA-N
1153,Co2+,6.301029996,22541-53-3,[Co+2],0,,NIST,metal complex,Others / Unassigned,InChI=1S/Co/q+2,XLJKHNWPARRRJB-UHFFFAOYSA-N
1154,Congo red,7.392696953,573-58-0,C1=CC=C2C(=C1)C(=CC(=C2N)N=NC3=CC=C(C=C3)C4=CC=C(C=C4)N=NC5=C(C6=CC=CC=C6C(=C5)S(=O)(=O)[O-])N)S(=O)(=O)[O-].[Na+].[Na+],,,https://doi.org/10.1016/j.jcis.2018.01.016,sulfoxide,Sulfur-containing organics,"InChI=1S/C32H24N6O6S2.2Na/c33-31-25-7-3-1-5-23(25)29(45(39,40)41)17-27(31)37-35-21-13-9-19(10-14-21)20-11-15-22(16-12-20)36-38-28-18-30(46(42,43)44)24-6-2-4-8-26(24)32(28)34;;/h1-18H,33-34H2,(H,39,40,41)(H,42,43,44);;/q;2*+1/p-2",IQFVPQOLBLOTPF-UHFFFAOYSA-L
1155,Congo red,9.017,573-58-0,C1=CC=C2C(=C1)C(=CC(=C2N)N=NC3=CC=C(C=C3)C4=CC=C(C=C4)N=NC5=C(C6=CC=CC=C6C(=C5)S(=O)(=O)[O-])N)S(=O)(=O)[O-].[Na+].[Na+],,,https://doi.org/10.1016/j.jhazmat.2025.138002,sulfoxide,Sulfur-containing organics,"InChI=1S/C32H24N6O6S2.2Na/c33-31-25-7-3-1-5-23(25)29(45(39,40)41)17-27(31)37-35-21-13-9-19(10-14-21)20-11-15-22(16-12-20)36-38-28-18-30(46(42,43)44)24-6-2-4-8-26(24)32(28)34;;/h1-18H,33-34H2,(H,39,40,41)(H,42,43,44);;/q;2*+1/p-2",IQFVPQOLBLOTPF-UHFFFAOYSA-L
1156,Congo red,7.392696953,573-58-0,[Na+].[Na+].Nc1c(cc(c2ccccc12)[S]([O-])(=O)=O)N=Nc3ccc(cc3)c4ccc(cc4)N=Nc5cc(c6ccccc6c5N)[S]([O-])(=O)=O,,,https://doi.org/10.1021/acs.est.1c04326,sulfoxide,Sulfur-containing organics,"InChI=1S/C32H24N6O6S2.2Na/c33-31-25-7-3-1-5-23(25)29(45(39,40)41)17-27(31)37-35-21-13-9-19(10-14-21)20-11-15-22(16-12-20)36-38-28-18-30(46(42,43)44)24-6-2-4-8-26(24)32(28)34;;/h1-18H,33-34H2,(H,39,40,41)(H,42,43,44);;/q;2*+1/p-2",IQFVPQOLBLOTPF-UHFFFAOYSA-L
1157,Cortisone,9.3087,53-06-5,C[C@]12CCC(=O)C=C1CC[C@@H]3[C@@H]2C(=O)C[C@]4([C@H]3CC[C@@]4(C(=O)CO)O)C,,,https://doi.org/10.1016/j.jhazmat.2025.138234,ketone,Oxygenated organics,"InChI=1S/C21H28O5/c1-19-7-5-13(23)9-12(19)3-4-14-15-6-8-21(26,17(25)11-22)20(15,2)10-16(24)18(14)19/h9,14-15,18,22,26H,3-8,10-11H2,1-2H3/t14-,15-,18+,19-,20-,21-/m0/s1",MFYSYFVPBJMHGN-ZPOLXVRWSA-N
1158,Cortisone,9.3087,53-06-5,C[C@]12CCC(=O)C=C1CC[C@@H]3[C@@H]2C(=O)C[C@]4([C@H]3CC[C@@]4(C(=O)CO)O)C,,,https://doi.org/10.1016/j.jhazmat.2025.138095,ketone,Oxygenated organics,"InChI=1S/C21H28O5/c1-19-7-5-13(23)9-12(19)3-4-14-15-6-8-21(26,17(25)11-22)20(15,2)10-16(24)18(14)19/h9,14-15,18,22,26H,3-8,10-11H2,1-2H3/t14-,15-,18+,19-,20-,21-/m0/s1",MFYSYFVPBJMHGN-ZPOLXVRWSA-N
1159,Cr2+,9,22541-79-3,[Cr+2],1,,NIST,metal complex,Others / Unassigned,InChI=1S/Cr/q+2,UZEDIBTVIIJELN-UHFFFAOYSA-N
1160,Crotonic acid,8.886490725,3724-65-0,C/C=C/C(=O)O,4.8,,NIST,carboxylic acid,Oxygenated organics,"InChI=1S/C4H6O2/c1-2-3-4(5)6/h2-3H,1H3,(H,5,6)/b3-2+",LDHQCZJRKDOVOX-NSCUHMNNSA-N
1161,Crotonic acid,7.3927,107-93-7,C/C=C/C(=O)O,,,https://doi.org/10.1016/j.jhazmat.2025.138131,carboxylic acid,Oxygenated organics,"InChI=1S/C4H6O2/c1-2-3-4(5)6/h2-3H,1H3,(H,5,6)/b3-2+",LDHQCZJRKDOVOX-NSCUHMNNSA-N
1162,Crotonic acid,8.886490725,107-93-7,C/C=C/C(=O)O,4.8,25,10.1063/1.555808,carboxylic acid,Oxygenated organics,"InChI=1S/C4H6O2/c1-2-3-4(5)6/h2-3H,1H3,(H,5,6)/b3-2+",LDHQCZJRKDOVOX-NSCUHMNNSA-N
1163,Cyanazine,9.3238,21725-46-2,CCNC1=NC(=NC(=N1)Cl)NC(C)(C)C#N,,,https://doi.org/10.1016/j.jhazmat.2025.138316,triazine,Heterocycles,"InChI=1S/C9H13ClN6/c1-4-12-7-13-6(10)14-8(15-7)16-9(2,3)5-11/h4H2,1-3H3,(H2,12,13,14,15,16)",MZZBPDKVEFVLFF-UHFFFAOYSA-N
1164,Cyanide anion,8.342422681,57-12-5,[C-]#N,,,NIST,alkane,Aliphatic hydrocarbons,InChI=1S/CN/c1-2/q-1,XFXPMWWXUTWYJX-UHFFFAOYSA-N
1165,Cyanuric acid,7.278753601,108-80-5,C1(=O)NC(=O)NC(=O)N1,5,,https://doi.org/10.1246/cl.2002.74,carboxylic acid,Oxygenated organics,"InChI=1S/C3H3N3O3/c7-1-4-2(8)6-3(9)5-1/h(H3,4,5,6,7,8,9)",ZFSLODLOARCGLH-UHFFFAOYSA-N
1166,Cyanuric acid,7.278753601,108-80-5,O=c1[nH]c(=O)[nH]c(=O)[nH]1,5,,10.1016/j.chemosphere.2018.12.156,carboxylic acid,Oxygenated organics,"InChI=1S/C3H3N3O3/c7-1-4-2(8)6-3(9)5-1/h(H3,4,5,6,7,8,9)",ZFSLODLOARCGLH-UHFFFAOYSA-N
1167,Cyanuric acid,7.278753601,132965-78-7,O=C1NC(=O)NC(=O)N1,,,https://doi.org/10.1021/acs.est.1c04326,carboxylic acid,Oxygenated organics,"InChI=1S/C3H3N3O3/c7-1-4-2(8)6-3(9)5-1/h(H3,4,5,6,7,8,9)",ZFSLODLOARCGLH-UHFFFAOYSA-N
1168,Cyclohexanoic acid,7.72427587,65376-04-7,OC(=O)C1CCCCC1,,,https://doi.org/10.1021/acs.est.1c04326,carboxylic acid,Oxygenated organics,"InChI=1S/C7H12O2/c8-7(9)6-4-2-1-3-5-6/h6H,1-5H2,(H,8,9)",NZNMSOFKMUBTKW-UHFFFAOYSA-N
1169,Cyclohexanoic acid,7.72427587,87364-66-7,C1CCC(CC1)C(=O)O,8,,https://doi.org/10.1016/j.chemosphere.2018.07.132,carboxylic acid,Oxygenated organics,"InChI=1S/C7H12O2/c8-7(9)6-4-2-1-3-5-6/h6H,1-5H2,(H,8,9)",NZNMSOFKMUBTKW-UHFFFAOYSA-N
1170,Cyclohexanoic acid,8.5441,87364-66-7,C1CCC(CC1)C(=O)O,,,https://doi.org/10.1016/j.jhazmat.2025.138125,carboxylic acid,Oxygenated organics,"InChI=1S/C7H12O2/c8-7(9)6-4-2-1-3-5-6/h6H,1-5H2,(H,8,9)",NZNMSOFKMUBTKW-UHFFFAOYSA-N
1171,Cyclohexanoic acid,7.72427587,87364-66-7,O=C(O)C1CCCCC1,8,,10.1016/j.chemosphere.2018.12.156,carboxylic acid,Oxygenated organics,"InChI=1S/C7H12O2/c8-7(9)6-4-2-1-3-5-6/h6H,1-5H2,(H,8,9)",NZNMSOFKMUBTKW-UHFFFAOYSA-N
1172,Cyclohexene,8.602059991,110-83-8,C1CCC=CC1,7,,NIST,alkene,Aliphatic hydrocarbons,"InChI=1S/C6H10/c1-2-4-6-5-3-1/h1-2H,3-6H2",HGCIXCUEYOPUTN-UHFFFAOYSA-N
1173,Cyclohexene,8.612783857,110-83-8,C1=CCCCC1,7,25,10.1063/1.555808,alkene,Aliphatic hydrocarbons,"InChI=1S/C6H10/c1-2-4-6-5-3-1/h1-2H,3-6H2",HGCIXCUEYOPUTN-UHFFFAOYSA-N
1174,Cyclohexene,9.230448921,110-83-8,C1CCC=CC1,,,NIST,alkene,Aliphatic hydrocarbons,"InChI=1S/C6H10/c1-2-4-6-5-3-1/h1-2H,3-6H2",HGCIXCUEYOPUTN-UHFFFAOYSA-N
1175,Cyclohexene,8.602059991,19509-49-0,C1CCC=CC1,,,https://doi.org/10.1021/acs.est.1c04326,alkene,Aliphatic hydrocarbons,"InChI=1S/C6H10/c1-2-4-6-5-3-1/h1-2H,3-6H2",HGCIXCUEYOPUTN-UHFFFAOYSA-N
1176,Cyclohexylamine,8.2451,108-91-8,C1CCC(CC1)N,,,https://doi.org/10.1016/j.jhazmat.2025.138304,amine,Nitrogen-containing organics,"InChI=1S/C6H13N/c7-6-4-2-1-3-5-6/h6H,1-5,7H2",PAFZNILMFXTMIY-UHFFFAOYSA-N
1177,Cyclopentanol,8.325639007,96-41-3,OC1CCCC1,,22,10.1021/acs.est.5b03078,alcohol,Oxygenated organics,"InChI=1S/C5H10O/c6-5-3-1-2-4-5/h5-6H,1-4H2",XCIXKGXIYUWCLL-UHFFFAOYSA-N
1178,Cyclopentanol,8.447158031,96-41-3,OC1CCCC1,,,https://doi.org/10.1021/acs.est.1c04326,alcohol,Oxygenated organics,"InChI=1S/C5H10O/c6-5-3-1-2-4-5/h5-6H,1-4H2",XCIXKGXIYUWCLL-UHFFFAOYSA-N
1179,Cyclopentanol,8.447158031,96-41-3,C1CCC(C1)O,,,NIST,alcohol,Oxygenated organics,"InChI=1S/C5H10O/c6-5-3-1-2-4-5/h5-6H,1-4H2",XCIXKGXIYUWCLL-UHFFFAOYSA-N
1180,Cylindrospermopsin,9.653212514,143545-90-8,C[C@H]1[C@@H](OS(=O)(=O)O)C[C@@H]2C[C@H]([C@H](O)c3cc(=O)[nH]c(=O)[nH]3)NC3=NC[C@H]1N32,7.4,,10.1016/j.chemosphere.2018.12.156,sulfoxide,Sulfur-containing organics,"InChI=1S/C15H21N5O7S/c1-6-10-5-16-14-17-8(13(22)9-4-12(21)19-15(23)18-9)2-7(20(10)14)3-11(6)27-28(24,25)26/h4,6-8,10-11,13,22H,2-3,5H2,1H3,(H,16,17)(H,24,25,26)(H2,18,19,21,23)/t6-,7+,8-,10-,11+,13+/m1/s1",LHJPHMKIGRLKDR-YUQKHPEDSA-N
1181,Cylindrospermopsin,9.653212514,143545-90-8,C[C@H]1[C@H](C[C@@H]2C[C@@H](NC3=NC[C@H]1N23)[C@H](C4=CC(=O)NC(=O)N4)O)OS(=O)(=O)O,7.4,,https://doi.org/10.1016/j.jphotochem.2012.09.017,sulfoxide,Sulfur-containing organics,"InChI=1S/C15H21N5O7S/c1-6-10-5-16-14-17-8(13(22)9-4-12(21)19-15(23)18-9)2-7(20(10)14)3-11(6)27-28(24,25)26/h4,6-8,10-11,13,22H,2-3,5H2,1H3,(H,16,17)(H,24,25,26)(H2,18,19,21,23)/t6-,7+,8-,10-,11+,13-/m1/s1",LHJPHMKIGRLKDR-VDPNAHCISA-N
1182,Cylindrospermopsin,9.653212514,221554-69-4,C[C@H]1[C@H](C[C@@H]2C[C@@H](NC3=NC[C@H]1N23)[C@H](O)C4=CC(=O)NC(=O)N4)O[S](O)(=O)=O,,,https://doi.org/10.1021/acs.est.1c04326,sulfoxide,Sulfur-containing organics,"InChI=1S/C15H21N5O7S/c1-6-10-5-16-14-17-8(13(22)9-4-12(21)19-15(23)18-9)2-7(20(10)14)3-11(6)27-28(24,25)26/h4,6-8,10-11,13,22H,2-3,5H2,1H3,(H,16,17)(H,24,25,26)(H2,18,19,21,23)/t6-,7+,8-,10-,11+,13+/m1/s1",LHJPHMKIGRLKDR-YUQKHPEDSA-N
1183,Cysteine,9.5504,3374-22-9,C([C@@H](C(=O)O)N)S,,,https://doi.org/10.1016/j.jhazmat.2025.138300,thiol,Sulfur-containing organics,"InChI=1S/C3H7NO2S/c4-2(1-7)3(5)6/h2,7H,1,4H2,(H,5,6)/t2-/m0/s1",XUJNEKJLAYXESH-REOHCLBHSA-N
1184,Cytosine anion,8.875061263,73082-38-9,,11,,NIST,heterocycle,Heterocycles,,
1185,DCF(Diclofenac),9.71432976,676525-82-9,O=C(O)Cc1ccccc1Nc1c(Cl)cccc1Cl,7,25,10.1021/acs.est.5b03078,halogenated,Halogenated organics,"InChI=1S/C14H11Cl2NO2/c15-10-5-3-6-11(16)14(10)17-12-7-2-1-4-9(12)8-13(18)19/h1-7,17H,8H2,(H,18,19)",DCOPUUMXTXDBNB-UHFFFAOYSA-N
1186,DIU(Diuron),9.666517981,133-67-5,CN(C)C(=O)Nc1ccc(Cl)c(Cl)c1,7,25,10.1016/j.chemosphere.2018.12.156,halogenated,Halogenated organics,"InChI=1S/C9H10Cl2N2O/c1-13(2)9(14)12-6-3-4-7(10)8(11)5-6/h3-5H,1-2H3,(H,12,14)",XMTQQYYKAHVGBJ-UHFFFAOYSA-N
1187,DXT(Dexamethasone),9.713490543,2964-81-0,C[C@@H]1C[C@H]2[C@@H]3CCC4=CC(=O)C=C[C@]4(C)[C@@]3(F)[C@@H](O)C[C@]2(C)[C@@]1(O)C(=O)CO,7,25,10.1016/j.envint.2018.12.043,halogenated,Halogenated organics,"InChI=1S/C22H29FO5/c1-12-8-16-15-5-4-13-9-14(25)6-7-19(13,2)21(15,23)17(26)10-20(16,3)22(12,28)18(27)11-24/h6-7,9,12,15-17,24,26,28H,4-5,8,10-11H2,1-3H3/t12-,15+,16+,17+,19+,20+,21+,22+/m1/s1",UREBDLICKHMUKA-CXSFZGCWSA-N
1188,Deoxyadenosine monophosphate,9.342422681,653-63-4,C1[C@@H]([C@H](O[C@H]1N2C=NC3=C(N=CN=C32)N)COP(=O)(O)O)O,7,,NIST,phosphorus,Phosphorus-containing organics,"InChI=1S/C10H14N5O6P/c11-9-8-10(13-3-12-9)15(4-14-8)7-1-5(16)6(21-7)2-20-22(17,18)19/h3-7,16H,1-2H2,(H2,11,12,13)(H2,17,18,19)/t5-,6+,7+/m0/s1",KHWCHTKSEGGWEX-RRKCRQDMSA-N
1189,Deoxycytidine,8.397940009,951-77-9,C1[C@@H]([C@H](O[C@H]1N2C=CC(=NC2=O)N)CO)O,7,,NIST,amine,Nitrogen-containing organics,"InChI=1S/C9H13N3O4/c10-7-1-2-12(9(15)11-7)8-3-5(14)6(4-13)16-8/h1-2,5-6,8,13-14H,3-4H2,(H2,10,11,15)/t5-,6+,8+/m0/s1",CKTSBUTUHBMZGZ-SHYZEUOFSA-N
1190,Deoxyribose,7.579783597,533-67-5,C1[C@@H]([C@H](OC1O)CO)O,7,,NIST,diol,Polyfunctional / highly functionalized,"InChI=1S/C5H10O4/c6-2-4-3(7)1-5(8)9-4/h3-8H,1-2H2/t3-,4+,5?/m0/s1",PDWIQYODPROSQH-PYHARJCCSA-N
1191,Deoxyribose,7.86332286,533-67-5,C1[C@@H]([C@H](OC1O)CO)O,4.1,,NIST,diol,Polyfunctional / highly functionalized,"InChI=1S/C5H10O4/c6-2-4-3(7)1-5(8)9-4/h3-8H,1-2H2/t3-,4+,5?/m0/s1",PDWIQYODPROSQH-PYHARJCCSA-N
1192,Desethyl-atrazine,8.982271233,1216850-33-7,CC(C)Nc1nc(N)nc(Cl)n1,7.5,,doi.org/10.1016/j.watres.2012.06.006,triazine,Heterocycles,"InChI=1S/C6H10ClN5/c1-3(2)9-6-11-4(7)10-5(8)12-6/h3H,1-2H3,(H3,8,9,10,11,12)",DFWFIQKMSFGDCQ-UHFFFAOYSA-N
1193,Desethyl-atrazine,8.982271233,1216850-33-7,CC(C)NC1=NC(=NC(=N1)N)Cl,7~8,,https://doi.org/10.1021/es503496u,triazine,Heterocycles,"InChI=1S/C6H10ClN5/c1-3(2)9-6-11-4(7)10-5(8)12-6/h3H,1-2H3,(H3,8,9,10,11,12)",DFWFIQKMSFGDCQ-UHFFFAOYSA-N
1194,Desethyl-atrazine,8.807535028,1216850-33-7,CC(C)NC1=NC(=NC(=N1)N)Cl,7.4,,https://doi.org/10.1016/j.cej.2017.05.011,triazine,Heterocycles,"InChI=1S/C6H10ClN5/c1-3(2)9-6-11-4(7)10-5(8)12-6/h3H,1-2H3,(H3,8,9,10,11,12)",DFWFIQKMSFGDCQ-UHFFFAOYSA-N
1195,Desethyl-atrazine,8.903632516,6190-65-4,CC(C)NC1=NC(=NC(=N1)N)Cl,,,https://doi.org/10.1021/acs.est.1c04326,triazine,Heterocycles,"InChI=1S/C6H10ClN5/c1-3(2)9-6-11-4(7)10-5(8)12-6/h3H,1-2H3,(H3,8,9,10,11,12)",DFWFIQKMSFGDCQ-UHFFFAOYSA-N
1196,"Desethyl-atrazine (DEA)
6-Chloro-2-amino-4-isopropylamino-1,3,5-
triazine",8.982271233,6190-65-4,CC(C)Nc1nc(N)nc(Cl)n1,7,,doi.org/10.1016/j.watres.2012.06.006,halogenated,Halogenated organics,"InChI=1S/C6H10ClN5/c1-3(2)9-6-11-4(7)10-5(8)12-6/h3H,1-2H3,(H3,8,9,10,11,12)",DFWFIQKMSFGDCQ-UHFFFAOYSA-N
1197,Desethyl-desisopropyl atrazine,8.176091259,1007-28-9,C1(=NC(=NC(=N1)Cl)N)N,,,https://doi.org/10.1021/acs.est.1c04326,triazine,Heterocycles,"InChI=1S/C3H4ClN5/c4-1-7-2(5)9-3(6)8-1/h(H4,5,6,7,8,9)",FVFVNNKYKYZTJU-UHFFFAOYSA-N
1198,Desethyl-desisopropyl atrazine,8.176091259,1216850-33-7,Nc1nc(N)nc(Cl)n1,7.5,,doi.org/10.1016/j.watres.2012.06.006,triazine,Heterocycles,"InChI=1S/C3H4ClN5/c4-1-7-2(5)9-3(6)8-1/h(H4,5,6,7,8,9)",FVFVNNKYKYZTJU-UHFFFAOYSA-N
1199,"Desethyl-desisopropyl-atrazine
(DEDIA)
6-Chloro-2,4-amino-1,3,5-triazine",8.176091259,1216850-33-7,Nc1nc(N)nc(Cl)n1,7,,doi.org/10.1016/j.watres.2012.06.006,halogenated,Halogenated organics,"InChI=1S/C3H4ClN5/c4-1-7-2(5)9-3(6)8-1/h(H4,5,6,7,8,9)",FVFVNNKYKYZTJU-UHFFFAOYSA-N
1200,Desethyl-desisopulse radiolysisopyl atrazine,8.176091259,1216850-33-7,,7鏈?鏃?,https://doi.org/10.1021/es503496u,diol,triazine,Heterocycles,,
1201,Desethyl-terbuthylazine,8.556302501,97232-97-8,CC(C)(C)Nc1nc(=O)nc(N)[nH]1,7.5,,10.1016/j.chemosphere.2018.12.156,triazine,Heterocycles,"InChI=1S/C7H13N5O/c1-7(2,3)12-5-9-4(8)10-6(13)11-5/h1-3H3,(H4,8,9,10,11,12,13)",NUISVCFZNCYUIM-UHFFFAOYSA-N
1202,Desethyl-terbuthylazine,8.556302501,97232-97-8,CC(C)(C)NC1=NC(=NC(=N1)N)Cl,7鏈?鏃?,https://doi.org/10.1021/es503496u,alkane,triazine,Heterocycles,"InChI=1S/C7H12ClN5/c1-7(2,3)13-6-11-4(8)10-5(9)12-6/h1-3H3,(H3,9,10,11,12,13)",LMKQNTMFZLAJDV-UHFFFAOYSA-N
1203,Desethyl-terbuthylazine,8.556302501,30125-63-4,CC(C)(C)NC1=NC(=NC(=N1)N)Cl,,,https://doi.org/10.1021/acs.est.1c04326,triazine,Heterocycles,"InChI=1S/C7H12ClN5/c1-7(2,3)13-6-11-4(8)10-5(9)12-6/h1-3H3,(H3,9,10,11,12,13)",LMKQNTMFZLAJDV-UHFFFAOYSA-N
1204,"Desethyl-terbuthylazine (DET)
6-Chloro-2-amino-4-terbutylamino-1,3,5-
triazine",8.556302501,38902-68-0,CC(C)(C)Nc1nc(N)nc(Cl)n1,7,,doi.org/10.1016/j.watres.2012.06.006,halogenated,Halogenated organics,"InChI=1S/C7H12ClN5/c1-7(2,3)13-6-11-4(8)10-5(9)12-6/h1-3H3,(H3,9,10,11,12,13)",LMKQNTMFZLAJDV-UHFFFAOYSA-N
1205,Desisopropyl-atrazine,9.267171728,1007-28-9,CCNC1=NC(=NC(=N1)N)Cl,,,https://doi.org/10.1021/acs.est.1c04326,triazine,Heterocycles,"InChI=1S/C5H8ClN5/c1-2-8-5-10-3(6)9-4(7)11-5/h2H2,1H3,(H3,7,8,9,10,11)",IVENSCMCQBJAKW-UHFFFAOYSA-N
1206,Di-n-propyl ether,8.361727836,111-43-3,CCCOCCC,,,NIST,ether,Oxygenated organics,"InChI=1S/C6H14O/c1-3-5-7-6-4-2/h3-6H2,1-2H3",POLCUAVZOMRGSN-UHFFFAOYSA-N
1207,Diatriozate,9.278753601,23548-99-4,CC(=O)Nc1c(I)c(NC(C)=O)c(I)c(C(=O)[O-])c1I,6.5,,https://doi.org/10.1016/j.cej.2016.11.066,halogenated,Halogenated organics,"InChI=1S/C11H9I3N2O4/c1-3(17)15-9-6(12)5(11(19)20)7(13)10(8(9)14)16-4(2)18/h1-2H3,(H,15,17)(H,16,18)(H,19,20)/p-1",YVPYQUNUQOZFHG-UHFFFAOYSA-M
1208,Diatriozate,9.278753601,,CC(=O)NC1=C(C(=C(C(=C1I)C(=O)O)I)NC(=O)C)I,,,https://doi.org/10.1021/acs.est.1c04326,halogenated,Halogenated organics,"InChI=1S/C11H9I3N2O4/c1-3(17)15-9-6(12)5(11(19)20)7(13)10(8(9)14)16-4(2)18/h1-2H3,(H,15,17)(H,16,18)(H,19,20)",YVPYQUNUQOZFHG-UHFFFAOYSA-N
1209,Diatriozate,9.278753601,23548-99-4,CC(=O)Nc1c(I)c(NC(C)=O)c(I)c(C(=O)[O-])c1I,6.5,20,10.1016/j.chemosphere.2018.12.156,halogenated,Halogenated organics,"InChI=1S/C11H9I3N2O4/c1-3(17)15-9-6(12)5(11(19)20)7(13)10(8(9)14)16-4(2)18/h1-2H3,(H,15,17)(H,16,18)(H,19,20)/p-1",YVPYQUNUQOZFHG-UHFFFAOYSA-M
1210,Dibutyl phthalate,8.0792,84-74-2,CCCCOC(=O)C1=CC=CC=C1C(=O)OCCCC,,,https://doi.org/10.1016/j.jhazmat.2025.138036,ester,Oxygenated organics,"InChI=1S/C16H22O4/c1-3-5-11-19-15(17)13-9-7-8-10-14(13)16(18)20-12-6-4-2/h7-10H,3-6,11-12H2,1-2H3",DOIRQSBPFJWKBE-UHFFFAOYSA-N
1211,Dibutyl phthalate,8.079181246,84-74-2,CCCCOC(=O)C1=CC=CC=C1C(=O)OCCCC,6,,https://doi.org/10.1016/j.chemosphere.2017.11.075,ester,Oxygenated organics,"InChI=1S/C16H22O4/c1-3-5-11-19-15(17)13-9-7-8-10-14(13)16(18)20-12-6-4-2/h7-10H,3-6,11-12H2,1-2H3",DOIRQSBPFJWKBE-UHFFFAOYSA-N
1212,Dibutyl phthalate,8.079181246,93952-11-5,CCCCOC(=O)c1ccccc1C(=O)OCCCC,,,https://doi.org/10.1021/acs.est.1c04326,ester,Oxygenated organics,"InChI=1S/C16H22O4/c1-3-5-11-19-15(17)13-9-7-8-10-14(13)16(18)20-12-6-4-2/h7-10H,3-6,11-12H2,1-2H3",DOIRQSBPFJWKBE-UHFFFAOYSA-N
1213,Dibutyl phthalate,8.079181246,84-74-2,CCCCOC(=O)c1ccccc1C(=O)OCCCC,6,,10.1016/j.chemosphere.2018.12.156,ester,Oxygenated organics,"InChI=1S/C16H22O4/c1-3-5-11-19-15(17)13-9-7-8-10-14(13)16(18)20-12-6-4-2/h7-10H,3-6,11-12H2,1-2H3",DOIRQSBPFJWKBE-UHFFFAOYSA-N
1214,Dichloroacetonitrile,7.803457116,3018-12-0,C(#N)C(Cl)Cl,6,,https://doi.org/10.1016/j.cej.2017.03.042,halogenated,Halogenated organics,InChI=1S/C2HCl2N/c3-2(4)1-5/h2H,STZZWJCGRKXEFF-UHFFFAOYSA-N
1215,Dichloroacetonitrile,7.803457116,3018-12-0,ClC(Cl)C#N,,,https://doi.org/10.1021/acs.est.1c04326,halogenated,Halogenated organics,InChI=1S/C2HCl2N/c3-2(4)1-5/h2H,STZZWJCGRKXEFF-UHFFFAOYSA-N
1216,Dichloroacetonitrile,7.803457116,3018-12-0,N#CC(Cl)Cl,6,,10.1016/j.chemosphere.2018.12.156,halogenated,Halogenated organics,InChI=1S/C2HCl2N/c3-2(4)1-5/h2H,STZZWJCGRKXEFF-UHFFFAOYSA-N
1217,Diclofenac,9.917883486,15307-86-5,O=C(O)Cc1ccccc1Nc1c(Cl)cccc1Cl,7,,10.1021/acs.est.5b03078,halogenated,Halogenated organics,"InChI=1S/C14H11Cl2NO2/c15-10-5-3-6-11(16)14(10)17-12-7-2-1-4-9(12)8-13(18)19/h1-7,17H,8H2,(H,18,19)",DCOPUUMXTXDBNB-UHFFFAOYSA-N
1218,Diclofenac,9.8261,15307-86-5,C1=CC=C(C(=C1)CC(=O)O)NC2=C(C=CC=C2Cl)Cl,,,https://doi.org/10.1016/j.chemosphere.2023.138825,halogenated,Halogenated organics,"InChI=1S/C14H11Cl2NO2/c15-10-5-3-6-11(16)14(10)17-12-7-2-1-4-9(12)8-13(18)19/h1-7,17H,8H2,(H,18,19)",DCOPUUMXTXDBNB-UHFFFAOYSA-N
1219,Diclofenac,9.826074803,15307-86-5,C1=CC=C(C(=C1)CC(=O)O)NC2=C(C=CC=C2Cl)Cl,7,,https://doi.org/10.1016/j.cej.2012.05.040,halogenated,Halogenated organics,"InChI=1S/C14H11Cl2NO2/c15-10-5-3-6-11(16)14(10)17-12-7-2-1-4-9(12)8-13(18)19/h1-7,17H,8H2,(H,18,19)",DCOPUUMXTXDBNB-UHFFFAOYSA-N
1220,Diclofenac,9.8261,15307-86-5,C1=CC=C(C(=C1)CC(=O)O)NC2=C(C=CC=C2Cl)Cl,,,https://doi.org/10.1016/j.cej.2012.05.040,halogenated,Halogenated organics,"InChI=1S/C14H11Cl2NO2/c15-10-5-3-6-11(16)14(10)17-12-7-2-1-4-9(12)8-13(18)19/h1-7,17H,8H2,(H,18,19)",DCOPUUMXTXDBNB-UHFFFAOYSA-N
1221,Diclofenac,9.9638,15307-86-5,C1=CC=C(C(=C1)CC(=O)O)NC2=C(C=CC=C2Cl)Cl,,,https://doi.org/10.1016/j.chemosphere.2023.138803,halogenated,Halogenated organics,"InChI=1S/C14H11Cl2NO2/c15-10-5-3-6-11(16)14(10)17-12-7-2-1-4-9(12)8-13(18)19/h1-7,17H,8H2,(H,18,19)",DCOPUUMXTXDBNB-UHFFFAOYSA-N
1222,Did not work,9.748188027,205393-95-9,CC(O)c1c(C)c2[nH]c1cc3[nH]c(cc4nc(cc5nc(c2)c(C)c5CCC(O)=O)c(CCC(O)=O)c4C)c(C(C)O)c3C,,,https://doi.org/10.1021/acs.est.1c04326,dicarboxylic acid,Polyfunctional / highly functionalized,"InChI=1S/C34H38N4O6/c1-15-21(7-9-31(41)42)27-14-28-22(8-10-32(43)44)16(2)24(36-28)12-29-34(20(6)40)18(4)26(38-29)13-30-33(19(5)39)17(3)25(37-30)11-23(15)35-27/h11-14,19-20,37-40H,7-10H2,1-6H3,(H,41,42)(H,43,44)",KFKRXESVMDBTNQ-UHFFFAOYSA-N
1223,Diethyl disulfide,8.477121255,110-81-6,CCSSCC,4.5,,NIST,"sulfide, disulfide",Sulfur-containing organics,"InChI=1S/C4H10S2/c1-3-5-6-4-2/h3-4H2,1-2H3",CETBSQOFQKLHHZ-UHFFFAOYSA-N
1224,Diethyl phthalate,7.806179974,1817006-92-0,CCOC(=O)c1ccccc1C(=O)OCC,,,https://doi.org/10.1021/acs.est.1c04326,ester,Oxygenated organics,"InChI=1S/C12H14O4/c1-3-15-11(13)9-7-5-6-8-10(9)12(14)16-4-2/h5-8H,3-4H2,1-2H3",FLKPEMZONWLCSK-UHFFFAOYSA-N
1225,Diethyl phthalate,7.806179974,84-66-2,CCOC(=O)c1ccccc1C(=O)OCC,6,,10.1016/j.chemosphere.2018.12.156,ester,Oxygenated organics,"InChI=1S/C12H14O4/c1-3-15-11(13)9-7-5-6-8-10(9)12(14)16-4-2/h5-8H,3-4H2,1-2H3",FLKPEMZONWLCSK-UHFFFAOYSA-N
1226,Diethyl phthalate,7.8062,84-66-2,CCOC(=O)C1=CC=CC=C1C(=O)OCC,,,https://doi.org/10.1016/j.jhazmat.2025.138044,ester,Oxygenated organics,"InChI=1S/C12H14O4/c1-3-15-11(13)9-7-5-6-8-10(9)12(14)16-4-2/h5-8H,3-4H2,1-2H3",FLKPEMZONWLCSK-UHFFFAOYSA-N
1227,Diethyl phthalate,7.806179974,84-66-2,CCOC(=O)C1=CC=CC=C1C(=O)OCC,6,,https://doi.org/10.1016/j.chemosphere.2017.11.075,ester,Oxygenated organics,"InChI=1S/C12H14O4/c1-3-15-11(13)9-7-5-6-8-10(9)12(14)16-4-2/h5-8H,3-4H2,1-2H3",FLKPEMZONWLCSK-UHFFFAOYSA-N
1228,Difluoroacetic acid,4.939519253,6291-26-5,OC(=O)C(F)F,,,https://doi.org/10.1021/acs.est.1c04326,halogenated,Halogenated organics,"InChI=1S/C2H2F2O2/c3-1(4)2(5)6/h1H,(H,5,6)",PBWZKZYHONABLN-UHFFFAOYSA-N
1229,Difluoroacetic acid,4.939519253,381-73-7,O=C(O)C(F)F,,,10.1016/j.chemosphere.2018.12.156,halogenated,Halogenated organics,"InChI=1S/C2H2F2O2/c3-1(4)2(5)6/h1H,(H,5,6)",PBWZKZYHONABLN-UHFFFAOYSA-N
1230,Difluoroacetic acid,4.9395,381-73-7,C(C(=O)O)(F)F,,,https://doi.org/10.1016/j.jhazmat.2025.138100,halogenated,Halogenated organics,"InChI=1S/C2H2F2O2/c3-1(4)2(5)6/h1H,(H,5,6)",PBWZKZYHONABLN-UHFFFAOYSA-N
1231,Dimethyl Sulfoxide,9.431363764,67-68-5,CS(=O)C,,,NIST,sulfoxide,Sulfur-containing organics,InChI=1S/C2H6OS/c1-4(2)3/h1-2H3,IAZDPXIOMUYVGZ-UHFFFAOYSA-N
1232,Dimethyl dithiodiacetate,10.14612804,16002-29-2,COC(=O)CSSCC(=O)OC,,,NIST,"sulfide, disulfide",Sulfur-containing organics,"InChI=1S/C6H10O4S2/c1-9-5(7)3-11-12-4-6(8)10-2/h3-4H2,1-2H3",CJFDFRRZIPQFKP-UHFFFAOYSA-N
1233,Dimetridazole,9.51851394,551-92-8,CC1=NC=C(N1C)[N+](=O)[O-],7,,?10.1021/acs.est.6b05536,imidazole,Heterocycles,"InChI=1S/C5H7N3O2/c1-4-6-3-5(7(4)2)8(9)10/h3H,1-2H3",IBXPYPUJPLLOIN-UHFFFAOYSA-N
1234,Dimetridazole,9.51851394,551-92-8,Cc1ncc([N+](=O)[O-])n1C,7,,10.1016/j.chemosphere.2018.12.156,imidazole,Heterocycles,"InChI=1S/C5H7N3O2/c1-4-6-3-5(7(4)2)8(9)10/h3H,1-2H3",IBXPYPUJPLLOIN-UHFFFAOYSA-N
1235,Dimetridazole,9.51851394,64678-69-9,Cn1c(C)ncc1[N+]([O-])=O,,,https://doi.org/10.1021/acs.est.1c04326,imidazole,Heterocycles,"InChI=1S/C5H7N3O2/c1-4-6-3-5(7(4)2)8(9)10/h3H,1-2H3",IBXPYPUJPLLOIN-UHFFFAOYSA-N
1236,Dioxane,7.612783857,123-91-1,C1COCCO1,,,NIST,ether,Oxygenated organics,InChI=1S/C4H8O2/c1-2-6-4-3-5-1/h1-4H2,RYHBNJHYFVUHQT-UHFFFAOYSA-N
1237,Dioxane,7.204119983,5703-46-8,C1COCCO1,7.5,25,10.1002/kin.550250307,ether,Oxygenated organics,InChI=1S/C4H8O2/c1-2-6-4-3-5-1/h1-4H2,RYHBNJHYFVUHQT-UHFFFAOYSA-N
1238,Dioxane,7.204119983,123-91-1,C1COCCO1,7.5,,NIST,ether,Oxygenated organics,InChI=1S/C4H8O2/c1-2-6-4-3-5-1/h1-4H2,RYHBNJHYFVUHQT-UHFFFAOYSA-N
1239,Dioxane,7.857332496,123-91-1,C1COCCO1,,,NIST,ether,Oxygenated organics,InChI=1S/C4H8O2/c1-2-6-4-3-5-1/h1-4H2,RYHBNJHYFVUHQT-UHFFFAOYSA-N
1240,Dipropyl sulfoxide,9.698970004,4253-91-2,CCCS(=O)CCC,4,,NIST,sulfoxide,Sulfur-containing organics,"InChI=1S/C6H14OS/c1-3-5-8(7)6-4-2/h3-6H2,1-2H3",BQCCJWMQESHLIT-UHFFFAOYSA-N
1241,Dipropylamine,8.1788,142-84-7,CCCNCCC,,,https://doi.org/10.1016/j.jhazmat.2025.138302,amine,Nitrogen-containing organics,"InChI=1S/C6H15N/c1-3-5-7-6-4-2/h7H,3-6H2,1-2H3",WEHWNAOGRSTTBQ-UHFFFAOYSA-N
1242,"Disulfide, dimethyl",8.698970004,624-92-0,CSSC,4.5,,NIST,"sulfide, disulfide",Sulfur-containing organics,InChI=1S/C2H6S2/c1-3-4-2/h1-2H3,WQOXQRCZOLPYPM-UHFFFAOYSA-N
1243,Diuron,9.716,330-54-1,CN(C)C(=O)NC1=CC(=C(C=C1)Cl)Cl,,,http://dx.doi.org/10.4236/ajac.2014.58060,halogenated,Halogenated organics,"InChI=1S/C9H10Cl2N2O/c1-13(2)9(14)12-6-3-4-7(10)8(11)5-6/h3-5H,1-2H3,(H,12,14)",XMTQQYYKAHVGBJ-UHFFFAOYSA-N
1244,Diuron,9.716003344,330-54-1,CN(C)C(=O)NC1=CC(=C(C=C1)Cl)Cl,7,,https://doi.org/10.1016/S0022-2860(00)00940-6,halogenated,Halogenated organics,"InChI=1S/C9H10Cl2N2O/c1-13(2)9(14)12-6-3-4-7(10)8(11)5-6/h3-5H,1-2H3,(H,12,14)",XMTQQYYKAHVGBJ-UHFFFAOYSA-N
1245,Diuron,9.716003344,330-54-1,CN(C)C(=O)Nc1ccc(Cl)c(Cl)c1,7,,10.1016/j.chemosphere.2018.12.156,halogenated,Halogenated organics,"InChI=1S/C9H10Cl2N2O/c1-13(2)9(14)12-6-3-4-7(10)8(11)5-6/h3-5H,1-2H3,(H,12,14)",XMTQQYYKAHVGBJ-UHFFFAOYSA-N
1246,Diuron,9.716,330-54-1,CN(C)C(=O)NC1=CC(=C(C=C1)Cl)Cl,,,https://doi.org/10.1016/j.chemosphere.2023.138837,halogenated,Halogenated organics,"InChI=1S/C9H10Cl2N2O/c1-13(2)9(14)12-6-3-4-7(10)8(11)5-6/h3-5H,1-2H3,(H,12,14)",XMTQQYYKAHVGBJ-UHFFFAOYSA-N
1247,Dodecyl Dimethyl Benzyl ammonium Chloride,9.178976947,95078-12-9,[Cl-].CCCCCCCCCCCC[N+](C)(C)Cc1ccccc1,,,https://doi.org/10.1021/acs.est.1c04326,benzene,Aromatic & PAHs,"InChI=1S/C21H38N.ClH/c1-4-5-6-7-8-9-10-11-12-16-19-22(2,3)20-21-17-14-13-15-18-21;/h13-15,17-18H,4-12,16,19-20H2,1-3H3;1H/q+1;/p-1",JBIROUFYLSSYDX-UHFFFAOYSA-M
1248,Dodecyl Dimethyl Benzyl ammonium Chloride,9.179,22232-26-4,CCCCCCCCCCCC[N+](C)(C)CC1=CC=CC=C1.[Cl-],,,https://doi.org/10.1016/j.jhazmat.2025.137988,benzene,Aromatic & PAHs,"InChI=1S/C21H38N.ClH/c1-4-5-6-7-8-9-10-11-12-16-19-22(2,3)20-21-17-14-13-15-18-21;/h13-15,17-18H,4-12,16,19-20H2,1-3H3;1H/q+1;/p-1",JBIROUFYLSSYDX-UHFFFAOYSA-M
1249,E2(17β-Estradiol),8.517195898,853244-42-5,C[C@]12CC[C@@H]3c4ccc(O)cc4CC[C@H]3[C@@H]1CC[C@@H]2O,7,25,10.1021/acs.est.5b03078,phenol,Oxygenated organics,"InChI=1S/C18H24O2/c1-18-9-8-14-13-5-3-12(19)10-11(13)2-4-15(14)16(18)6-7-17(18)20/h3,5,10,14-17,19-20H,2,4,6-9H2,1H3/t14-,15-,16+,17+,18+/m1/s1",VOXZDWNPVJITMN-ZBRFXRBCSA-N
1250,EE2(17α-Ethynylestradiol),9.73239376,70761-64-7,C#C[C@]1(O)CC[C@H]2[C@@H]3CCc4cc(O)ccc4[C@H]3CC[C@@]21C,7,25,doi.org/10.1016/j.watres.2012.06.006,phenol,Oxygenated organics,"InChI=1S/C20H24O2/c1-3-20(22)11-9-18-17-6-4-13-12-14(21)5-7-15(13)16(17)8-10-19(18,20)2/h1,5,7,12,16-18,21-22H,4,6,8-11H2,2H3/t16-,17-,18+,19+,20+/m1/s1",BFPYWIDHMRZLRN-SLHNCBLASA-N
1251,ERM(Erythromycin),9.649334859,127955-44-6,CC[C@H]1OC(=O)[C@H](C)[C@@H](O[C@H]2C[C@@](C)(OC)[C@@H](O)[C@H](C)O2)[C@H](C)[C@@H](O[C@@H]2O[C@H](C)C[C@H](N(C)C)[C@H]2O)[C@](C)(O)C[C@@H](C)C(=O)[C@H](C)[C@@H](O)[C@]1(C)O,7,25,10.1016/j.envint.2018.12.043,amine,Nitrogen-containing organics,"InChI=1S/C37H67NO13/c1-14-25-37(10,45)30(41)20(4)27(39)18(2)16-35(8,44)32(51-34-28(40)24(38(11)12)15-19(3)47-34)21(5)29(22(6)33(43)49-25)50-26-17-36(9,46-13)31(42)23(7)48-26/h18-26,28-32,34,40-42,44-45H,14-17H2,1-13H3/t18-,19-,20+,21+,22-,23+,24+,25-,26+,28-,29+,30-,31+,32-,34+,35-,36-,37-/m1/s1",ULGZDMOVFRHVEP-RWJQBGPGSA-N
1252,ETHANE,6.643452676,6145-17-1,CC,,,https://doi.org/10.1021/acs.est.1c04326,alkane,Aliphatic hydrocarbons,InChI=1S/C2H6/c1-2/h1-2H3,OTMSDBZUPAUEDD-UHFFFAOYSA-N
1253,Epicatechin,9.7135,17334-50-8,C1[C@H]([C@H](OC2=CC(=CC(=C21)O)O)C3=CC(=C(C=C3)O)O)O,,,https://doi.org/10.1016/j.jhazmat.2025.138227,phenol,Oxygenated organics,"InChI=1S/C15H14O6/c16-8-4-11(18)9-6-13(20)15(21-14(9)5-8)7-1-2-10(17)12(19)3-7/h1-5,13,15-20H,6H2/t13-,15-/m1/s1",PFTAWBLQPZVEMU-UKRRQHHQSA-N
1254,Epicatechin,9.164352856,17334-50-8,Oc1cc(O)c2c(c1)OC(c1ccc(O)c(O)c1)C(O)C2,4.2,21.85,10.1002/kin.20492,phenol,Oxygenated organics,"InChI=1S/C15H14O6/c16-8-4-11(18)9-6-13(20)15(21-14(9)5-8)7-1-2-10(17)12(19)3-7/h1-5,13,15-20H,6H2",PFTAWBLQPZVEMU-UHFFFAOYSA-N
1255,Epicatechin,9.7135,17334-50-8,C1[C@H]([C@H](OC2=CC(=CC(=C21)O)O)C3=CC(=C(C=C3)O)O)O,,,https://doi.org/10.1016/j.jhazmat.2025.137917,phenol,Oxygenated organics,"InChI=1S/C15H14O6/c16-8-4-11(18)9-6-13(20)15(21-14(9)5-8)7-1-2-10(17)12(19)3-7/h1-5,13,15-20H,6H2/t13-,15-/m1/s1",PFTAWBLQPZVEMU-UKRRQHHQSA-N
1256,Epicatechingallate,9.017033339,1257-08-5,O=C(O[C@@H]1Cc2c(O)cc(O)cc2O[C@@H]1c1cc(O)c(O)c(O)c1)c1cc(O)c(O)c(O)c1,4.2,21.85,10.1002/kin.20492,phenol,Oxygenated organics,"InChI=1S/C22H18O11/c23-10-5-12(24)11-7-18(33-22(31)9-3-15(27)20(30)16(28)4-9)21(32-17(11)6-10)8-1-13(25)19(29)14(26)2-8/h1-6,18,21,23-30H,7H2/t18-,21-/m1/s1",WMBWREPUVVBILR-WIYYLYMNSA-N
1257,Epicatechingallate,9.079181246,1257-08-5,CCCCCCCO,4.2,21.85,10.1021/acs.est.5b03078,phenol,Oxygenated organics,"InChI=1S/C7H16O/c1-2-3-4-5-6-7-8/h8H,2-7H2,1H3",BBMCTIGTTCKYKF-UHFFFAOYSA-N
1258,Estradial,9.4786,3188-46-3,C[C@]12CC[C@H]3[C@H]([C@@H]1CC[C@@H]2O)CCC4=C3C=CC(=C4)O,,,https://doi.org/10.1016/j.chemosphere.2023.138868,phenol,Oxygenated organics,"InChI=1S/C18H24O2/c1-18-9-8-14-13-5-3-12(19)10-11(13)2-4-15(14)16(18)6-7-17(18)20/h3,5,10,14-17,19-20H,2,4,6-9H2,1H3/t14-,15-,16+,17+,18+/m1/s1",VOXZDWNPVJITMN-ZBRFXRBCSA-N
1259,Estradiol,9.0828,3188-46-3,C[C@]12CC[C@H]3[C@H]([C@@H]1CC[C@@H]2O)CCC4=C3C=CC(=C4)O,,,https://doi.org/10.1016/j.chemosphere.2023.138876,phenol,Oxygenated organics,"InChI=1S/C18H24O2/c1-18-9-8-14-13-5-3-12(19)10-11(13)2-4-15(14)16(18)6-7-17(18)20/h3,5,10,14-17,19-20H,2,4,6-9H2,1H3/t14-,15-,16+,17+,18+/m1/s1",VOXZDWNPVJITMN-ZBRFXRBCSA-N
1260,Ethane,6.643452676,74-84-0,CC,,,NIST,alkane,Aliphatic hydrocarbons,InChI=1S/C2H6/c1-2/h1-2H3,OTMSDBZUPAUEDD-UHFFFAOYSA-N
1261,"Ethane, 1-bromo-2-chloro-",6.919078092,107-04-0,C(CBr)Cl,6,,NIST,halogenated,Halogenated organics,InChI=1S/C2H4BrCl/c3-1-2-4/h1-2H2,IBYHHJPAARCAIE-UHFFFAOYSA-N
1262,Ethanol,7.748188027,64-17-5,CCO,8.9,,NIST,alcohol,Oxygenated organics,"InChI=1S/C2H6O/c1-2-3/h3H,2H2,1H3",LFQSCWFLJHTTHZ-UHFFFAOYSA-N
1263,Ethanol,7.886490725,64-17-5,CCO,4.8,,NIST,alcohol,Oxygenated organics,"InChI=1S/C2H6O/c1-2-3/h3H,2H2,1H3",LFQSCWFLJHTTHZ-UHFFFAOYSA-N
1264,Ethanol,7.792391689,64-17-5,CCO,1,,NIST,alcohol,Oxygenated organics,"InChI=1S/C2H6O/c1-2-3/h3H,2H2,1H3",LFQSCWFLJHTTHZ-UHFFFAOYSA-N
1265,Ethanol,7.420682482,64-17-5,CCO,,,10.1002/kin.550250307,alcohol,Oxygenated organics,"InChI=1S/C2H6O/c1-2-3/h3H,2H2,1H3",LFQSCWFLJHTTHZ-UHFFFAOYSA-N
1266,Ethanol,7.477121255,64-17-5,CCO,,25,10.1002/kin.550250307,alcohol,Oxygenated organics,"InChI=1S/C2H6O/c1-2-3/h3H,2H2,1H3",LFQSCWFLJHTTHZ-UHFFFAOYSA-N
1267,Ethanol,7.420682482,64-17-5,CCO,,31.85,10.1002/kin.550250307,alcohol,Oxygenated organics,"InChI=1S/C2H6O/c1-2-3/h3H,2H2,1H3",LFQSCWFLJHTTHZ-UHFFFAOYSA-N
1268,Ethenylbenzene,9.301029996,31124-35-3,C=Cc1ccccc1,,,https://doi.org/10.1021/acs.est.1c04326,benzene,Aromatic & PAHs,"InChI=1S/C8H8/c1-2-8-6-4-3-5-7-8/h2-7H,1H2",PPBRXRYQALVLMV-UHFFFAOYSA-N
1269,Ethoxyethane,8.113943352,70131-58-7,CCOCC,,,https://doi.org/10.1021/acs.est.1c04326,ether,Oxygenated organics,"InChI=1S/C4H10O/c1-3-5-4-2/h3-4H2,1-2H3",RTZKZFJDLAIYFH-UHFFFAOYSA-N
1270,Ethyl acetate,6.462397998,62018-65-9,CCOC(C)=O,,,https://doi.org/10.1021/acs.est.1c04326,carboxylic acid,Oxygenated organics,"InChI=1S/C4H8O2/c1-3-6-4(2)5/h3H2,1-2H3",XEKOWRVHYACXOJ-UHFFFAOYSA-N
1271,Ethyl ether,8.113943352,60-29-7,CCOCC,,,NIST,ether,Oxygenated organics,"InChI=1S/C4H10O/c1-3-5-4-2/h3-4H2,1-2H3",RTZKZFJDLAIYFH-UHFFFAOYSA-N
1272,Ethylbenzene,9,1403579-63-4,CCc1ccccc1,,,https://doi.org/10.1021/acs.est.1c04326,benzene,Aromatic & PAHs,"InChI=1S/C8H10/c1-2-8-6-4-3-5-7-8/h3-7H,2H2,1H3",YNQLUTRBYVCPMQ-UHFFFAOYSA-N
1273,FORMALDEHYDE,7.041392685,25155-81-1,C=O,,,https://doi.org/10.1021/acs.est.1c04326,alkane,Aliphatic hydrocarbons,InChI=1S/CH2O/c1-2/h1H2,WSFSSNUMVMOOMR-UHFFFAOYSA-N
1274,FORMATE,8.045322979,114609-31-3,[O-]C=O,,,https://doi.org/10.1021/acs.est.1c04326,carboxylic acid,Oxygenated organics,"InChI=1S/CH2O2/c2-1-3/h1H,(H,2,3)/p-1",BDAGIHXWWSANSR-UHFFFAOYSA-M
1275,Fe(CN)64-,9.113943352,13408-63-4,[C-]#N.[C-]#N.[C-]#N.[C-]#N.[C-]#N.[C-]#N.[Fe+2],,,NIST,metal complex,Others / Unassigned,InChI=1S/6CN.Fe/c6*1-2;/q6*-1;+2,UETZVSHORCDDTH-UHFFFAOYSA-N
1276,Fe(CN)64-,9.278753601,13408-63-4,[C-]#N.[C-]#N.[C-]#N.[C-]#N.[C-]#N.[C-]#N.[Fe+2],,,NIST,metal complex,Others / Unassigned,InChI=1S/6CN.Fe/c6*1-2;/q6*-1;+2,UETZVSHORCDDTH-UHFFFAOYSA-N
1277,Fe(CN)64-,9.301029996,13408-63-4,[C-]#N.[C-]#N.[C-]#N.[C-]#N.[C-]#N.[C-]#N.[Fe+2],,,NIST,metal complex,Others / Unassigned,InChI=1S/6CN.Fe/c6*1-2;/q6*-1;+2,UETZVSHORCDDTH-UHFFFAOYSA-N
1278,Fe2+,8.995635195,15438-31-0,[Fe+2],,,NIST,metal complex,Others / Unassigned,InChI=1S/Fe/q+2,CWYNVVGOOAEACU-UHFFFAOYSA-N
1279,Fe2+,8.477121255,15438-31-0,[Fe+2],2.1,,NIST,metal complex,Others / Unassigned,InChI=1S/Fe/q+2,CWYNVVGOOAEACU-UHFFFAOYSA-N
1280,Fenuron,9.662757832,101-42-8,CN(C)C(=O)Nc1ccccc1,7,,10.1016/j.chemosphere.2018.12.156,urea,Nitrogen-containing organics,"InChI=1S/C9H12N2O/c1-11(2)9(12)10-8-6-4-3-5-7-8/h3-7H,1-2H3,(H,10,12)",XXOYNJXVWVNOOJ-UHFFFAOYSA-N
1281,Fenuron,9.6628,101-42-8,CN(C)C(=O)NC1=CC=CC=C1,,,http://dx.doi.org/10.4236/ajac.2014.58060,urea,Nitrogen-containing organics,"InChI=1S/C9H12N2O/c1-11(2)9(12)10-8-6-4-3-5-7-8/h3-7H,1-2H3,(H,10,12)",XXOYNJXVWVNOOJ-UHFFFAOYSA-N
1282,Fenuron,9.662757832,101-42-8,CN(C)C(=O)NC1=CC=CC=C1,7,,https://doi.org/10.1016/S0022-2860(00)00940-6,urea,Nitrogen-containing organics,"InChI=1S/C9H12N2O/c1-11(2)9(12)10-8-6-4-3-5-7-8/h3-7H,1-2H3,(H,10,12)",XXOYNJXVWVNOOJ-UHFFFAOYSA-N
1283,Florfenicol,8.120573931,1092395-57-7,C[S](=O)(=O)c1ccc(cc1)[C@@H](O)[C@@H](CF)NC(=O)C(Cl)Cl,,,https://doi.org/10.1021/acs.est.1c04326,halogenated,Halogenated organics,"InChI=1S/C12H14Cl2FNO4S/c1-21(19,20)8-4-2-7(3-5-8)10(17)9(6-15)16-12(18)11(13)14/h2-5,9-11,17H,6H2,1H3,(H,16,18)/t9-,10-/m1/s1",AYIRNRDRBQJXIF-NXEZZACHSA-N
1284,Florfenicol,8.1206,73231-34-2,CS(=O)(=O)C1=CC=C(C=C1)[C@H]([C@@H](CF)NC(=O)C(Cl)Cl)O,,,https://doi.org/10.1016/j.chemosphere.2023.138909,halogenated,Halogenated organics,"InChI=1S/C12H14Cl2FNO4S/c1-21(19,20)8-4-2-7(3-5-8)10(17)9(6-15)16-12(18)11(13)14/h2-5,9-11,17H,6H2,1H3,(H,16,18)/t9-,10-/m1/s1",AYIRNRDRBQJXIF-NXEZZACHSA-N
1285,Florfenicol,8.120573931,73231-34-2,CS(=O)(=O)c1ccc([C@@H](O)[C@@H](CF)NC(=O)C(Cl)Cl)cc1,7,,10.1016/j.chemosphere.2018.12.156,halogenated,Halogenated organics,"InChI=1S/C12H14Cl2FNO4S/c1-21(19,20)8-4-2-7(3-5-8)10(17)9(6-15)16-12(18)11(13)14/h2-5,9-11,17H,6H2,1H3,(H,16,18)/t9-,10-/m1/s1",AYIRNRDRBQJXIF-NXEZZACHSA-N
1286,Florfenicol,8.120573931,73231-34-2,CS(=O)(=O)C1=CC=C(C=C1)[C@H]([C@@H](CF)NC(=O)C(Cl)Cl)O,7,,?10.1007/s11356-014-4054-6,halogenated,Halogenated organics,"InChI=1S/C12H14Cl2FNO4S/c1-21(19,20)8-4-2-7(3-5-8)10(17)9(6-15)16-12(18)11(13)14/h2-5,9-11,17H,6H2,1H3,(H,16,18)/t9-,10-/m1/s1",AYIRNRDRBQJXIF-NXEZZACHSA-N
1287,Fluomethuron,9.662757832,2164-17-2,CN(C)C(=O)Nc1cccc(C(F)(F)F)c1,7,24.85,10.1016/j.chemosphere.2018.12.156,halogenated,Halogenated organics,"InChI=1S/C10H11F3N2O/c1-15(2)9(16)14-8-5-3-4-7(6-8)10(11,12)13/h3-6H,1-2H3,(H,14,16)",RZILCCPWPBTYDO-UHFFFAOYSA-N
1288,Fluomethuron,9.662757832,2164-17-2,CN(C)C(=O)NC1=CC=CC(=C1)C(F)(F)F,7,,https://doi.org/10.1002/cphc.200500004,halogenated,Halogenated organics,"InChI=1S/C10H11F3N2O/c1-15(2)9(16)14-8-5-3-4-7(6-8)10(11,12)13/h3-6H,1-2H3,(H,14,16)",RZILCCPWPBTYDO-UHFFFAOYSA-N
1289,Fluomethuron,9.6335,2164-17-2,CN(C)C(=O)NC1=CC=CC(=C1)C(F)(F)F,,,https://doi.org/10.1016/j.chemosphere.2023.138835,halogenated,Halogenated organics,"InChI=1S/C10H11F3N2O/c1-15(2)9(16)14-8-5-3-4-7(6-8)10(11,12)13/h3-6H,1-2H3,(H,14,16)",RZILCCPWPBTYDO-UHFFFAOYSA-N
1290,Fluomethuron,9.6628,2164-17-2,CN(C)C(=O)NC1=CC=CC(=C1)C(F)(F)F,,,http://dx.doi.org/10.4236/ajac.2014.58060,halogenated,Halogenated organics,"InChI=1S/C10H11F3N2O/c1-15(2)9(16)14-8-5-3-4-7(6-8)10(11,12)13/h3-6H,1-2H3,(H,14,16)",RZILCCPWPBTYDO-UHFFFAOYSA-N
1291,Fluorene,9.397940009,86-73-7,C1C2=CC=CC=C2C3=CC=CC=C31,,,NIST,benzene,Aromatic & PAHs,"InChI=1S/C13H10/c1-3-7-12-10(5-1)9-11-6-2-4-8-13(11)12/h1-8H,9H2",NIHNNTQXNPWCJQ-UHFFFAOYSA-N
1292,Fluorobenzene,8.9912,462-06-6,C1=CC=C(C=C1)F,,,https://doi.org/10.1039/FT9959102121,halogenated,Halogenated organics,InChI=1S/C6H5F/c7-6-4-2-1-3-5-6/h1-5H,PYLWMHQQBFSUBP-UHFFFAOYSA-N
1293,Fluorobenzene,8.991226076,1423-10-5,Fc1ccccc1,7,,10.1016/j.chemosphere.2018.12.156,halogenated,Halogenated organics,InChI=1S/C6H5F/c7-6-4-2-1-3-5-6/h1-5H,PYLWMHQQBFSUBP-UHFFFAOYSA-N
1294,Fluorobenzene,8.991226076,1423-10-5,C1=CC=C(C=C1)F,7,,https://doi.org/10.1039/FT9959102121,halogenated,Halogenated organics,InChI=1S/C6H5F/c7-6-4-2-1-3-5-6/h1-5H,PYLWMHQQBFSUBP-UHFFFAOYSA-N
1295,Fluorobenzene,8.991226076,462-06-6,Fc1ccccc1,,,https://doi.org/10.1021/acs.est.1c04326,halogenated,Halogenated organics,InChI=1S/C6H5F/c7-6-4-2-1-3-5-6/h1-5H,PYLWMHQQBFSUBP-UHFFFAOYSA-N
1296,Fluorobenzene,8.9912,1423-10-5,C1=CC=C(C=C1)F,,,https://doi.org/10.1016/j.chemosphere.2023.138907,halogenated,Halogenated organics,InChI=1S/C6H5F/c7-6-4-2-1-3-5-6/h1-5H,PYLWMHQQBFSUBP-UHFFFAOYSA-N
1297,Fluoxetine,9.041392685,54910-89-3,CNCCC(C1=CC=CC=C1)OC2=CC=C(C=C2)C(F)(F)F,7.1,,?10.3866/PKU.WHXB201701092,halogenated,Halogenated organics,"InChI=1S/C17H18F3NO/c1-21-12-11-16(13-5-3-2-4-6-13)22-15-9-7-14(8-10-15)17(18,19)20/h2-10,16,21H,11-12H2,1H3",RTHCYVBBDHJXIQ-UHFFFAOYSA-N
1298,Fluoxetine,8.9912,54910-89-3,CNCCC(C1=CC=CC=C1)OC2=CC=C(C=C2)C(F)(F)F,,,https://doi.org/10.1016/j.jhazmat.2025.138007,halogenated,Halogenated organics,"InChI=1S/C17H18F3NO/c1-21-12-11-16(13-5-3-2-4-6-13)22-15-9-7-14(8-10-15)17(18,19)20/h2-10,16,21H,11-12H2,1H3",RTHCYVBBDHJXIQ-UHFFFAOYSA-N
1299,Fluoxetine,9.041392685,54910-89-3,CNCCC(Oc1ccc(C(F)(F)F)cc1)c1ccccc1,7.1,,10.1016/j.chemosphere.2018.12.156,halogenated,Halogenated organics,"InChI=1S/C17H18F3NO/c1-21-12-11-16(13-5-3-2-4-6-13)22-15-9-7-14(8-10-15)17(18,19)20/h2-10,16,21H,11-12H2,1H3",RTHCYVBBDHJXIQ-UHFFFAOYSA-N
1300,Flusilazole,8.662757832,99827-19-7,C[Si](Cn1cncn1)(c2ccc(F)cc2)c3ccc(F)cc3,,,https://doi.org/10.1021/acs.est.1c04326,halogenated,Halogenated organics,"InChI=1S/C16H15F2N3Si/c1-22(12-21-11-19-10-20-21,15-6-2-13(17)3-7-15)16-8-4-14(18)5-9-16/h2-11H,12H2,1H3",FQKUGOMFVDPBIZ-UHFFFAOYSA-N
1301,Flusilazole,8.662757832,85509-19-9,C[Si](CN1C=NC=N1)(C2=CC=C(C=C2)F)C3=CC=C(C=C3)F,,,http://dx.doi.org/10.1016/j.chemosphere.2017.09.134,halogenated,Halogenated organics,"InChI=1S/C16H15F2N3Si/c1-22(12-21-11-19-10-20-21,15-6-2-13(17)3-7-15)16-8-4-14(18)5-9-16/h2-11H,12H2,1H3",FQKUGOMFVDPBIZ-UHFFFAOYSA-N
1302,Flusilazole,8.662757832,85509-19-9,C[Si](Cn1cncn1)(c1ccc(F)cc1)c1ccc(F)cc1,,,10.1016/j.chemosphere.2018.12.156,halogenated,Halogenated organics,"InChI=1S/C16H15F2N3Si/c1-22(12-21-11-19-10-20-21,15-6-2-13(17)3-7-15)16-8-4-14(18)5-9-16/h2-11H,12H2,1H3",FQKUGOMFVDPBIZ-UHFFFAOYSA-N
1303,Formaldehyde,7.427946747,50-00-0,C=O,,22,10.1002/kin.550210807,alkane,Aliphatic hydrocarbons,InChI=1S/CH2O/c1-2/h1H2,WSFSSNUMVMOOMR-UHFFFAOYSA-N
1304,Formic,7.71432976,64-18-6,O=CO,4.5,25,10.1063/1.555808,carboxylic acid,Oxygenated organics,"InChI=1S/CH2O2/c2-1-3/h1H,(H,2,3)",BDAGIHXWWSANSR-UHFFFAOYSA-N
1305,Formic acid,5.662757832,64-18-6,C(=O)O,0,,NIST,carboxylic acid,Oxygenated organics,"InChI=1S/CH2O2/c2-1-3/h1H,(H,2,3)",BDAGIHXWWSANSR-UHFFFAOYSA-N
1306,Formic acid,6.130333768,6449-79-2,O=CO,,25,10.1063/1.555808,carboxylic acid,Oxygenated organics,"InChI=1S/CH2O2/c2-1-3/h1H,(H,2,3)",BDAGIHXWWSANSR-UHFFFAOYSA-N
1307,Fumarate ion,7.204119983,142-44-9,,7,,NIST,dicarboxylic acid,Polyfunctional / highly functionalized,,
1308,Gallate ion,9.301,20819-16-3,O=C([O-])c1cc(O)c(O)c(O)c1,,,https://doi.org/10.1016/j.chemosphere.2023.138810,phenol,Oxygenated organics,"InChI=1S/C7H6O5/c8-4-1-3(7(11)12)2-5(9)6(4)10/h1-2,8-10H,(H,11,12)/p-1",LNTHITQWFMADLM-UHFFFAOYSA-M
1309,Gallate ion,9.462397998,20819-16-3,O=C([O-])c1cc(O)c(O)c(O)c1,5.4,,https://doi.org/10.1021/jp075464z,phenol,Oxygenated organics,"InChI=1S/C7H6O5/c8-4-1-3(7(11)12)2-5(9)6(4)10/h1-2,8-10H,(H,11,12)/p-1",LNTHITQWFMADLM-UHFFFAOYSA-M
1310,Gallate ion,9.4624,20819-16-3,O=C([O-])c1cc(O)c(O)c(O)c1,,,https://doi.org/10.1016/j.chemosphere.2023.138865,phenol,Oxygenated organics,"InChI=1S/C7H6O5/c8-4-1-3(7(11)12)2-5(9)6(4)10/h1-2,8-10H,(H,11,12)/p-1",LNTHITQWFMADLM-UHFFFAOYSA-M
1311,Gallate ion,9.4624,20819-16-3,O=C([O-])c1cc(O)c(O)c(O)c1,,,https://doi.org/10.1021/jp075464z,phenol,Oxygenated organics,"InChI=1S/C7H6O5/c8-4-1-3(7(11)12)2-5(9)6(4)10/h1-2,8-10H,(H,11,12)/p-1",LNTHITQWFMADLM-UHFFFAOYSA-M
1312,Gallate ion,8.962397998,20819-16-3,O=C([O-])c1cc(O)c(O)c(O)c1,5.4,,10.1016/j.chemosphere.2018.12.156,phenol,Oxygenated organics,"InChI=1S/C7H6O5/c8-4-1-3(7(11)12)2-5(9)6(4)10/h1-2,8-10H,(H,11,12)/p-1",LNTHITQWFMADLM-UHFFFAOYSA-M
1313,Gallate ion,9.462397998,17431-25-3,C1=C(C=C(C(=C1O)[O-])O)C(=O)O,,,https://doi.org/10.1021/acs.est.1c04326,phenol,Oxygenated organics,"InChI=1S/C7H6O5/c8-4-1-3(7(11)12)2-5(9)6(4)10/h1-2,8-10H,(H,11,12)/p-1",LNTHITQWFMADLM-UHFFFAOYSA-M
1314,Gallic acid,8.799340549,149-91-7,C1=C(C=C(C(=C1O)O)O)C(=O)O,3.1,,https://doi.org/10.1021/jp075464z,phenol,Oxygenated organics,"InChI=1S/C7H6O5/c8-4-1-3(7(11)12)2-5(9)6(4)10/h1-2,8-10H,(H,11,12)",LNTHITQWFMADLM-UHFFFAOYSA-N
1315,Gallic acid,9.299340549,149-91-7,O=C(O)c1cc(O)c(O)c(O)c1,3.1,,10.1063/1.555808,phenol,Oxygenated organics,"InChI=1S/C7H6O5/c8-4-1-3(7(11)12)2-5(9)6(4)10/h1-2,8-10H,(H,11,12)",LNTHITQWFMADLM-UHFFFAOYSA-N
1316,Gallic acid,8.9624,149-91-7,C1=C(C=C(C(=C1O)O)O)C(=O)O,,,https://doi.org/10.1016/j.jhazmat.2025.138205,phenol,Oxygenated organics,"InChI=1S/C7H6O5/c8-4-1-3(7(11)12)2-5(9)6(4)10/h1-2,8-10H,(H,11,12)",LNTHITQWFMADLM-UHFFFAOYSA-N
1317,Gallic acid,8.9624,149-91-7,C1=C(C=C(C(=C1O)O)O)C(=O)O,,,https://doi.org/10.1016/j.jhazmat.2025.138158,phenol,Oxygenated organics,"InChI=1S/C7H6O5/c8-4-1-3(7(11)12)2-5(9)6(4)10/h1-2,8-10H,(H,11,12)",LNTHITQWFMADLM-UHFFFAOYSA-N
1318,Gallic acid,8.799340549,149-91-7,OC(=O)c1cc(O)c(O)c(O)c1,,,https://doi.org/10.1021/acs.est.1c04326,phenol,Oxygenated organics,"InChI=1S/C7H6O5/c8-4-1-3(7(11)12)2-5(9)6(4)10/h1-2,8-10H,(H,11,12)",LNTHITQWFMADLM-UHFFFAOYSA-N
1319,Gatifloxacin,9.477121255,112811-59-3,COc1c(N2CCNC(C)C2)c(F)cc2c(=O)c(C(=O)O)cn(C3CC3)c12,7,,https://doi.org/10.1007/s11426-012-4643-5,halogenated,Halogenated organics,"InChI=1S/C19H22FN3O4/c1-10-8-22(6-5-21-10)16-14(20)7-12-15(18(16)27-2)23(11-3-4-11)9-13(17(12)24)19(25)26/h7,9-11,21H,3-6,8H2,1-2H3,(H,25,26)",XUBOMFCQGDBHNK-UHFFFAOYSA-N
1320,Gatifloxacin,9.4771,112811-59-3,CC1CN(CCN1)C2=C(C=C3C(=C2OC)N(C=C(C3=O)C(=O)O)C4CC4)F,,,https://doi.org/10.1016/j.chemosphere.2023.138840,halogenated,Halogenated organics,"InChI=1S/C19H22FN3O4/c1-10-8-22(6-5-21-10)16-14(20)7-12-15(18(16)27-2)23(11-3-4-11)9-13(17(12)24)19(25)26/h7,9-11,21H,3-6,8H2,1-2H3,(H,25,26)",XUBOMFCQGDBHNK-UHFFFAOYSA-N
1321,Gatifloxacin,9.477121255,112811-59-3,COc1c(N2CCNC(C)C2)c(F)cc2c(=O)c(C(=O)O)cn(C3CC3)c12,7,,10.1016/j.chemosphere.2018.12.156,halogenated,Halogenated organics,"InChI=1S/C19H22FN3O4/c1-10-8-22(6-5-21-10)16-14(20)7-12-15(18(16)27-2)23(11-3-4-11)9-13(17(12)24)19(25)26/h7,9-11,21H,3-6,8H2,1-2H3,(H,25,26)",XUBOMFCQGDBHNK-UHFFFAOYSA-N
1322,Gatifloxacin,9.477121255,114213-77-3,COc1c(N2CCNC(C)C2)c(F)cc3C(=O)C(=CN(C4CC4)c13)C(O)=O,,,https://doi.org/10.1021/acs.est.1c04326,halogenated,Halogenated organics,"InChI=1S/C19H22FN3O4/c1-10-8-22(6-5-21-10)16-14(20)7-12-15(18(16)27-2)23(11-3-4-11)9-13(17(12)24)19(25)26/h7,9-11,21H,3-6,8H2,1-2H3,(H,25,26)",XUBOMFCQGDBHNK-UHFFFAOYSA-N
1323,Gatifloxacin,9.4771,112811-59-3,COc1c(N2CCNC(C)C2)c(F)cc2c(=O)c(C(=O)O)cn(C3CC3)c12,,,https://doi.org/10.1007/s11426-012-4643-5,halogenated,Halogenated organics,"InChI=1S/C19H22FN3O4/c1-10-8-22(6-5-21-10)16-14(20)7-12-15(18(16)27-2)23(11-3-4-11)9-13(17(12)24)19(25)26/h7,9-11,21H,3-6,8H2,1-2H3,(H,25,26)",XUBOMFCQGDBHNK-UHFFFAOYSA-N
1324,Gemfibrozil,8.85308953,25812-30-0,CC1=CC(=C(C=C1)C)OCCCC(C)(C)C(=O)O,7,,https://doi.org/10.1021/acs.est.6b05536,carboxylic acid,Oxygenated organics,"InChI=1S/C15H22O3/c1-11-6-7-12(2)13(10-11)18-9-5-8-15(3,4)14(16)17/h6-7,10H,5,8-9H2,1-4H3,(H,16,17)",HEMJJKBWTPKOJG-UHFFFAOYSA-N
1325,Gemfibrozil,8.8976,25812-30-0,CC1=CC(=C(C=C1)C)OCCCC(C)(C)C(=O)O,,,https://doi.org/10.1016/j.chemosphere.2023.138895,carboxylic acid,Oxygenated organics,"InChI=1S/C15H22O3/c1-11-6-7-12(2)13(10-11)18-9-5-8-15(3,4)14(16)17/h6-7,10H,5,8-9H2,1-4H3,(H,16,17)",HEMJJKBWTPKOJG-UHFFFAOYSA-N
1326,Gemfibrozil,8.85308953,25812-30-0,Cc1ccc(C)c(OCCCC(C)(C)C(=O)O)c1,7,,10.1016/j.chemosphere.2018.12.156,carboxylic acid,Oxygenated organics,"InChI=1S/C15H22O3/c1-11-6-7-12(2)13(10-11)18-9-5-8-15(3,4)14(16)17/h6-7,10H,5,8-9H2,1-4H3,(H,16,17)",HEMJJKBWTPKOJG-UHFFFAOYSA-N
1327,Gemfibrozil,9.4771,25812-30-0,CC1=CC(=C(C=C1)C)OCCCC(C)(C)C(=O)O,,,https://doi.org/10.1016/j.jhazmat.2025.137943,carboxylic acid,Oxygenated organics,"InChI=1S/C15H22O3/c1-11-6-7-12(2)13(10-11)18-9-5-8-15(3,4)14(16)17/h6-7,10H,5,8-9H2,1-4H3,(H,16,17)",HEMJJKBWTPKOJG-UHFFFAOYSA-N
1328,Geosmin,8.880813592,5173-69-3,C[C@H]1CCC[C@@]2(C)CCCC[C@]12O,7,20,10.1016/j.chemosphere.2018.12.156,alcohol,Oxygenated organics,"InChI=1S/C12H22O/c1-10-6-5-8-11(2)7-3-4-9-12(10,11)13/h10,13H,3-9H2,1-2H3/t10-,11+,12-/m0/s1",JLPUXFOGCDVKGO-TUAOUCFPSA-N
1329,Geosmin,8.880813592,5173-69-3,C[C@H]1CCC[C@@]2([C@@]1(CCCC2)O)C,7,,https://doi.org/10.1016/j.watres.2014.11.029,alcohol,Oxygenated organics,"InChI=1S/C12H22O/c1-10-6-5-8-11(2)7-3-4-9-12(10,11)13/h10,13H,3-9H2,1-2H3/t10-,11+,12-/m0/s1",JLPUXFOGCDVKGO-TUAOUCFPSA-N
1330,Geosmin,8.880813592,104873-46-3,C[C@H]1CCC[C@@]2(C)CCCC[C@]12O,,,https://doi.org/10.1021/acs.est.1c04326,alcohol,Oxygenated organics,"InChI=1S/C12H22O/c1-10-6-5-8-11(2)7-3-4-9-12(10,11)13/h10,13H,3-9H2,1-2H3/t10-,11+,12-/m0/s1",JLPUXFOGCDVKGO-TUAOUCFPSA-N
1331,Geraniol,9.167317335,106-24-1,CC(C)=CCC/C(C)=C/CO,,,10.1016/j.chemosphere.2018.12.156,alcohol,Oxygenated organics,"InChI=1S/C10H18O/c1-9(2)5-4-6-10(3)7-8-11/h5,7,11H,4,6,8H2,1-3H3/b10-7+",GLZPCOQZEFWAFX-JXMROGBWSA-N
1332,Geraniol,9.540329475,106-24-1,CC(=CCC/C(=C/CO)/C)C,,,10.1097/JES.0b013e318246ee56,alcohol,Oxygenated organics,"InChI=1S/C10H18O/c1-9(2)5-4-6-10(3)7-8-11/h5,7,11H,4,6,8H2,1-3H3/b10-7+",GLZPCOQZEFWAFX-JXMROGBWSA-N
1333,Geraniol,8.8808,106-24-1,CC(=CCC/C(=C/CO)/C)C,,,https://doi.org/10.1016/j.jhazmat.2025.138204,alcohol,Oxygenated organics,"InChI=1S/C10H18O/c1-9(2)5-4-6-10(3)7-8-11/h5,7,11H,4,6,8H2,1-3H3/b10-7+",GLZPCOQZEFWAFX-JXMROGBWSA-N
1334,Geraniol,9.540329475,56802-96-1,CC(C)=CCC\C(C)=C\CO,,,https://doi.org/10.1021/acs.est.1c04326,alcohol,Oxygenated organics,"InChI=1S/C10H18O/c1-9(2)5-4-6-10(3)7-8-11/h5,7,11H,4,6,8H2,1-3H3/b10-7+",GLZPCOQZEFWAFX-JXMROGBWSA-N
1335,Glucose,7.9293,492-61-5,C([C@@H]1[C@H]([C@@H]([C@H](C(O1)O)O)O)O)O,,,https://doi.org/10.1016/j.jhazmat.2025.138232,diol,Polyfunctional / highly functionalized,"InChI=1S/C6H12O6/c7-1-2-3(8)4(9)5(10)6(11)12-2/h2-11H,1H2/t2-,3-,4+,5-,6?/m1/s1",WQZGKKKJIJFFOK-GASJEMHNSA-N
1336,Glutathione,7.6012,128960-77-0,C(CC(=O)N[C@@H](CS)C(=O)NCC(=O)O)[C@@H](C(=O)O)N,,,https://doi.org/10.1016/j.jhazmat.2025.138089,thiol,Sulfur-containing organics,"InChI=1S/C10H17N3O6S/c11-5(10(18)19)1-2-7(14)13-6(4-20)9(17)12-3-8(15)16/h5-6,20H,1-4,11H2,(H,12,17)(H,13,14)(H,15,16)(H,18,19)/t5-,6-/m0/s1",RWSXRVCMGQZWBV-WDSKDSINSA-N
1337,Glutathione,7.6012,128960-77-0,C(CC(=O)N[C@@H](CS)C(=O)NCC(=O)O)[C@@H](C(=O)O)N,,,https://doi.org/10.1016/j.jhazmat.2025.138306,thiol,Sulfur-containing organics,"InChI=1S/C10H17N3O6S/c11-5(10(18)19)1-2-7(14)13-6(4-20)9(17)12-3-8(15)16/h5-6,20H,1-4,11H2,(H,12,17)(H,13,14)(H,15,16)(H,18,19)/t5-,6-/m0/s1",RWSXRVCMGQZWBV-WDSKDSINSA-N
1338,Glutathione,9.1684,128960-77-0,C(CC(=O)N[C@@H](CS)C(=O)NCC(=O)O)[C@@H](C(=O)O)N,,,https://doi.org/10.1016/j.jhazmat.2025.138163,thiol,Sulfur-containing organics,"InChI=1S/C10H17N3O6S/c11-5(10(18)19)1-2-7(14)13-6(4-20)9(17)12-3-8(15)16/h5-6,20H,1-4,11H2,(H,12,17)(H,13,14)(H,15,16)(H,18,19)/t5-,6-/m0/s1",RWSXRVCMGQZWBV-WDSKDSINSA-N
1339,Glycine,6.954242509,56-40-6,C(C(=O)O)N,7,,NIST,amine,Nitrogen-containing organics,"InChI=1S/C2H5NO2/c3-1-2(4)5/h1,3H2,(H,4,5)",DHMQDGOQFOQNFH-UHFFFAOYSA-N
1340,Glycolic,7.146128036,79-14-1,O=C(O)CO,4.5,25,10.1021/acs.est.5b03078,carboxylic acid,Oxygenated organics,"InChI=1S/C2H4O3/c3-1-2(4)5/h3H,1H2,(H,4,5)",AEMRFAOFKBGASW-UHFFFAOYSA-N
1341,Glyoxdal,7.371067862,,CC(C)(C)O,,31.85,10.1016/j.watres.2017.03.015,alcohol,Oxygenated organics,"InChI=1S/C4H10O/c1-4(2,3)5/h5H,1-3H3",DKGAVHZHDRPRBM-UHFFFAOYSA-N
1342,Glyphosate,8.204119983,1071-83-6,C(C(=O)O)NCP(=O)(O)O,4,,https://doi.org/10.1021/jf103054h,phosphorus,Phosphorus-containing organics,"InChI=1S/C3H8NO5P/c5-3(6)1-4-2-10(7,8)9/h4H,1-2H2,(H,5,6)(H2,7,8,9)",XDDAORKBJWWYJS-UHFFFAOYSA-N
1343,Glyphosate,8.204119983,1313261-72-1,OC(=O)CNC[P](O)(O)=O,,,https://doi.org/10.1021/acs.est.1c04326,phosphorus,Phosphorus-containing organics,"InChI=1S/C3H8NO5P/c5-3(6)1-4-2-10(7,8)9/h4H,1-2H2,(H,5,6)(H2,7,8,9)",XDDAORKBJWWYJS-UHFFFAOYSA-N
1344,Glyphosate,8.204119983,1071-83-6,O=C(O)CNCP(=O)(O)O,4,25,10.1016/j.chemosphere.2018.12.156,phosphorus,Phosphorus-containing organics,"InChI=1S/C3H8NO5P/c5-3(6)1-4-2-10(7,8)9/h4H,1-2H2,(H,5,6)(H2,7,8,9)",XDDAORKBJWWYJS-UHFFFAOYSA-N
1345,Guanosine,9.505149978,118-00-3,C1=NC2=C(N1[C@H]3[C@@H]([C@@H]([C@H](O3)CO)O)O)N=C(NC2=O)N,0,,NIST,imidazole,Heterocycles,"InChI=1S/C10H13N5O5/c11-10-13-7-4(8(19)14-10)12-2-15(7)9-6(18)5(17)3(1-16)20-9/h2-3,5-6,9,16-18H,1H2,(H3,11,13,14,19)/t3-,5-,6-,9-/m1/s1",NYHBQMYGNKIUIF-UUOKFMHZSA-N
1346,Guanosine,9.612783857,118-00-3,C1=NC2=C(N1[C@H]3[C@@H]([C@@H]([C@H](O3)CO)O)O)N=C(NC2=O)N,7,,NIST,imidazole,Heterocycles,"InChI=1S/C10H13N5O5/c11-10-13-7-4(8(19)14-10)12-2-15(7)9-6(18)5(17)3(1-16)20-9/h2-3,5-6,9,16-18H,1H2,(H3,11,13,14,19)/t3-,5-,6-,9-/m1/s1",NYHBQMYGNKIUIF-UUOKFMHZSA-N
1347,Guanosine,9.505149978,118-00-3,C1=NC2=C(N1[C@H]3[C@@H]([C@@H]([C@H](O3)CO)O)O)N=C(NC2=O)N,0,,NIST,imidazole,Heterocycles,"InChI=1S/C10H13N5O5/c11-10-13-7-4(8(19)14-10)12-2-15(7)9-6(18)5(17)3(1-16)20-9/h2-3,5-6,9,16-18H,1H2,(H3,11,13,14,19)/t3-,5-,6-,9-/m1/s1",NYHBQMYGNKIUIF-UUOKFMHZSA-N
1348,"Guanosine, 2'-deoxy-",9.380211242,961-07-9,C1[C@@H]([C@H](O[C@H]1N2C=NC3=C2N=C(NC3=O)N)CO)O,7,,NIST,imidazole,Heterocycles,"InChI=1S/C10H13N5O4/c11-10-13-8-7(9(18)14-10)12-3-15(8)6-1-4(17)5(2-16)19-6/h3-6,16-17H,1-2H2,(H3,11,13,14,18)/t4-,5+,6+/m0/s1",YKBGVTZYEHREMT-KVQBGUIXSA-N
1349,"Guanosine, 2'-deoxy-",9.612783857,961-07-9,C1[C@@H]([C@H](O[C@H]1N2C=NC3=C2N=C(NC3=O)N)CO)O,7,,NIST,imidazole,Heterocycles,"InChI=1S/C10H13N5O4/c11-10-13-8-7(9(18)14-10)12-3-15(8)6-1-4(17)5(2-16)19-6/h3-6,16-17H,1-2H2,(H3,11,13,14,18)/t4-,5+,6+/m0/s1",YKBGVTZYEHREMT-KVQBGUIXSA-N
1350,H2C=C(CH3)CN,8.579783597,126-98-7,CC(C#N)=C,7,,NIST,nitrile,Nitrogen-containing organics,"InChI=1S/C4H5N/c1-4(2)3-5/h1H2,2H3",GYCMBHHDWRMZGG-UHFFFAOYSA-N
1351,H2C=C(CH3)CN,8.602059991,126-98-7,CC(C#N)=C,,,NIST,nitrile,Nitrogen-containing organics,"InChI=1S/C4H5N/c1-4(2)3-5/h1H2,2H3",GYCMBHHDWRMZGG-UHFFFAOYSA-N
1352,H2C=CHCO2C2H5,8.301029996,140-88-5,,,,NIST,ester,Oxygenated organics,,
1353,H2PO2-,8.255272505,15460-68-1,,7,,NIST,phosphorus,Phosphorus-containing organics,,
1354,H2PO3-,7.204119983,15460-71-6,,4,,NIST,phosphorus,Phosphorus-containing organics,,
1355,H2PO4-,4.84509804,14066-20-7,OP(=O)(O)[O-],7,,NIST,phosphorus,Phosphorus-containing organics,"InChI=1S/H3O4P/c1-5(2,3)4/h(H3,1,2,3,4)/p-1",NBIIXXVUZAFLBC-UHFFFAOYSA-M
1356,HEXAN-1-OL,8.204119983,205325-37-7,CCCCCCO,,,https://doi.org/10.1021/acs.est.1c04326,alcohol,Oxygenated organics,"InChI=1S/C6H14O/c1-2-3-4-5-6-7/h7H,2-6H2,1H3",ZSIAUFGUXNUGDI-UHFFFAOYSA-N
1357,HPO32-,7.792391689,15477-76-6,,8.3,,NIST,phosphorus,Phosphorus-containing organics,,
1358,HPO42-,6.079181246,14066-19-4,OP(=O)([O-])[O-],9,,NIST,phosphorus,Phosphorus-containing organics,"InChI=1S/H3O4P/c1-5(2,3)4/h(H3,1,2,3,4)/p-2",NBIIXXVUZAFLBC-UHFFFAOYSA-L
1359,HSO3-,8.875061263,15181-46-1,OS(=O)[O-],4.8,,NIST,sulfoxide,Sulfur-containing organics,"InChI=1S/H2O3S/c1-4(2)3/h(H2,1,2,3)/p-1",LSNNMFCWUKXFEE-UHFFFAOYSA-M
1360,HSO5-,5,12188-01-1,,,,NIST,inorganic,Others / Unassigned,,
1361,HYDROXYLAMINE,8.929418926,37256-42-1,NO,,,https://doi.org/10.1021/acs.est.1c04326,amine,Nitrogen-containing organics,"InChI=1S/H3NO/c1-2/h2H,1H2",AVXURJPOCDRRFD-UHFFFAOYSA-N
1362,Hematoporphyrin IX,9.748188027,14459-29-1,CC1=C(C2=CC3=NC(=CC4=NC(=CC5=C(C(=C(N5)C=C1N2)C(C)O)C)C(=C4CCC(=O)O)C)C(=C3C)CCC(=O)O)C(C)O,9.8,,NIST,dicarboxylic acid,Polyfunctional / highly functionalized,"InChI=1S/C34H38N4O6/c1-15-21(7-9-31(41)42)27-14-28-22(8-10-32(43)44)16(2)24(36-28)12-29-34(20(6)40)18(4)26(38-29)13-30-33(19(5)39)17(3)25(37-30)11-23(15)35-27/h11-14,19-20,37-40H,7-10H2,1-6H3,(H,41,42)(H,43,44)",KFKRXESVMDBTNQ-UHFFFAOYSA-N
1363,Heptan-1-ol,8.397940009,,CCCCCCCO,,,https://doi.org/10.1021/acs.est.1c04326,alcohol,Oxygenated organics,"InChI=1S/C7H16O/c1-2-3-4-5-6-7-8/h8H,2-7H2,1H3",BBMCTIGTTCKYKF-UHFFFAOYSA-N
1364,Heptan-1-ol,8.2041,111-70-6,CCCCCCCO,,,https://doi.org/10.1016/j.jhazmat.2025.138194,alcohol,Oxygenated organics,"InChI=1S/C7H16O/c1-2-3-4-5-6-7-8/h8H,2-7H2,1H3",BBMCTIGTTCKYKF-UHFFFAOYSA-N
1365,Histidine,9.4055,351-50-8,C1=C(NC=N1)C[C@@H](C(=O)O)N,,,https://doi.org/10.1016/j.jhazmat.2025.138313,imidazole,Heterocycles,"InChI=1S/C6H9N3O2/c7-5(6(10)11)1-4-2-8-3-9-4/h2-3,5H,1,7H2,(H,8,9)(H,10,11)/t5-/m0/s1",HNDVDQJCIGZPNO-YFKPBYRVSA-N
1366,Histidine,9.4055,351-50-8,C1=C(NC=N1)C[C@@H](C(=O)O)N,,,https://doi.org/10.1016/j.jhazmat.2025.138164,imidazole,Heterocycles,"InChI=1S/C6H9N3O2/c7-5(6(10)11)1-4-2-8-3-9-4/h2-3,5H,1,7H2,(H,8,9)(H,10,11)/t5-/m0/s1",HNDVDQJCIGZPNO-YFKPBYRVSA-N
1367,Homophthalate ion,9.041392685,716-43-8,O=C([O-])Cc1ccccc1C(=O)[O-],7,25,10.1063/1.555808,dicarboxylic acid,Polyfunctional / highly functionalized,"InChI=1S/C9H8O4/c10-8(11)5-6-3-1-2-4-7(6)9(12)13/h1-4H,5H2,(H,10,11)(H,12,13)/p-2",ZHQLTKAVLJKSKR-UHFFFAOYSA-L
1368,Hydrazine,8.322219295,302-01-2,NN,4,,NIST,amine,Nitrogen-containing organics,InChI=1S/H4N2/c1-2/h1-2H2,OAKJQQAXSVQMHS-UHFFFAOYSA-N
1369,Hydrazine,8.908485019,302-01-2,NN,9.5,,NIST,amine,Nitrogen-containing organics,InChI=1S/H4N2/c1-2/h1-2H2,OAKJQQAXSVQMHS-UHFFFAOYSA-N
1370,Hydrazinecarbothioamide,9.963787827,79-19-6,C(=S)(N)NN,7,,NIST,sulfur-containing,Sulfur-containing organics,"InChI=1S/CH5N3S/c2-1(5)4-3/h3H2,(H3,2,4,5)",BRWIZMBXBAOCCF-UHFFFAOYSA-N
1371,Hydrocinnamic acid,9.204119983,501-52-0,C1=CC=C(C=C1)CCC(=O)O,,,NIST,carboxylic acid,Oxygenated organics,"InChI=1S/C9H10O2/c10-9(11)7-6-8-4-2-1-3-5-8/h1-5H,6-7H2,(H,10,11)",XMIIGOLPHOKFCH-UHFFFAOYSA-N
1372,Hydrogen peroxide,7.079181246,7722-84-1,OO,,,NIST,inorganic,Others / Unassigned,InChI=1S/H2O2/c1-2/h1-2H,MHAJPDPJQMAIIY-UHFFFAOYSA-N
1373,Hydrogen sulfite,8.875061263,64344-99-6,O[S]([O-])=O,,,https://doi.org/10.1021/acs.est.1c04326,sulfoxide,Sulfur-containing organics,"InChI=1S/H2O3S/c1-4(2)3/h(H2,1,2,3)/p-1",LSNNMFCWUKXFEE-UHFFFAOYSA-M
1374,Hydroxylamine,7.176091259,7803-49-8,NO,4.1,,NIST,amine,Nitrogen-containing organics,"InChI=1S/H3NO/c1-2/h2H,1H2",AVXURJPOCDRRFD-UHFFFAOYSA-N
1375,Hydroxylamine,8.929418926,7803-49-8,NO,8.2,,NIST,amine,Nitrogen-containing organics,"InChI=1S/H3NO/c1-2/h2H,1H2",AVXURJPOCDRRFD-UHFFFAOYSA-N
1376,H路,10,12385-13-6,,0,,NIST,inorganic,Others / Unassigned,,
1377,IBU(neutral ibuprofen),10.61909333,71100-72-6,CC(C)Cc1ccc(C(C)C(=O)O)cc1,3,20,10.1021/acs.est.5b03078,carboxylic acid,Oxygenated organics,"InChI=1S/C13H18O2/c1-9(2)8-11-4-6-12(7-5-11)10(3)13(14)15/h4-7,9-10H,8H2,1-3H3,(H,14,15)",HEFNNWSXXWATRW-UHFFFAOYSA-N
1378,IPT(Isoproturon),9.831869774,27524-97-6,CC(C)c1ccc(NC(=O)N(C)C)cc1,7,25,10.1021/acs.est.5b03078,urea,Nitrogen-containing organics,"InChI=1S/C12H18N2O/c1-9(2)10-5-7-11(8-6-10)13-12(15)14(3)4/h5-9H,1-4H3,(H,13,15)",PUIYMUZLKQOUOZ-UHFFFAOYSA-N
1379,Ibuprofen,9.220108088,58560-75-1,CC(C)CC1=CC=C(C=C1)C(C)C(=O)O,3,,https://doi.org/10.1016/j.scitotenv.2017.03.039,carboxylic acid,Oxygenated organics,"InChI=1S/C13H18O2/c1-9(2)8-11-4-6-12(7-5-11)10(3)13(14)15/h4-7,9-10H,8H2,1-3H3,(H,14,15)",HEFNNWSXXWATRW-UHFFFAOYSA-N
1380,Ibuprofen,9.100370545,58560-75-1,CC(C)CC1=CC=C(C=C1)C(C)C(=O)O,7.55,,10.26802/jaots.2017.0067,carboxylic acid,Oxygenated organics,"InChI=1S/C13H18O2/c1-9(2)8-11-4-6-12(7-5-11)10(3)13(14)15/h4-7,9-10H,8H2,1-3H3,(H,14,15)",HEFNNWSXXWATRW-UHFFFAOYSA-N
1381,Ibuprofen,9.579783597,58560-75-1,CC(C)Cc1ccc(C(C)C(=O)O)cc1,,,10.1021/acs.est.5b03078,carboxylic acid,Oxygenated organics,"InChI=1S/C13H18O2/c1-9(2)8-11-4-6-12(7-5-11)10(3)13(14)15/h4-7,9-10H,8H2,1-3H3,(H,14,15)",HEFNNWSXXWATRW-UHFFFAOYSA-N
1382,Ibuprofen,9.5798,58560-75-1,CC(C)CC1=CC=C(C=C1)C(C)C(=O)O,,,https://doi.org/10.1016/j.chroma.2014.09.029,carboxylic acid,Oxygenated organics,"InChI=1S/C13H18O2/c1-9(2)8-11-4-6-12(7-5-11)10(3)13(14)15/h4-7,9-10H,8H2,1-3H3,(H,14,15)",HEFNNWSXXWATRW-UHFFFAOYSA-N
1383,Ibuprofen,9.579783597,58560-75-1,CC(C)CC1=CC=C(C=C1)C(C)C(=O)O,,,https://doi.org/10.1016/j.chroma.2014.09.029,carboxylic acid,Oxygenated organics,"InChI=1S/C13H18O2/c1-9(2)8-11-4-6-12(7-5-11)10(3)13(14)15/h4-7,9-10H,8H2,1-3H3,(H,14,15)",HEFNNWSXXWATRW-UHFFFAOYSA-N
1384,Ibuprofen,9.120573931,58560-75-1,CC(C)CC1=CC=C(C=C1)C(C)C(=O)O,7,,https://doi.org/10.1016/j.cej.2015.01.125,carboxylic acid,Oxygenated organics,"InChI=1S/C13H18O2/c1-9(2)8-11-4-6-12(7-5-11)10(3)13(14)15/h4-7,9-10H,8H2,1-3H3,(H,14,15)",HEFNNWSXXWATRW-UHFFFAOYSA-N
1385,Imidacloprid,8.477121255,105827-78-9,O=[N+]([O-])NC1=NCCN1Cc1ccc(Cl)nc1,3,20,10.1016/j.chemosphere.2018.12.156,halogenated,Halogenated organics,"InChI=1S/C9H10ClN5O2/c10-8-2-1-7(5-12-8)6-14-4-3-11-9(14)13-15(16)17/h1-2,5H,3-4,6H2,(H,11,13)",YWTYJOPNNQFBPC-UHFFFAOYSA-N
1386,Imidacloprid,8.477121255,105827-78-9,C1CN(/C(=N/[N+](=O)[O-])/N1)CC2=CN=C(C=C2)Cl,3,,https://doi.org/10.1039/C0NJ00726A,halogenated,Halogenated organics,"InChI=1S/C9H10ClN5O2/c10-8-2-1-7(5-12-8)6-14-4-3-11-9(14)13-15(16)17/h1-2,5H,3-4,6H2,(H,11,13)",YWTYJOPNNQFBPC-UHFFFAOYSA-N
1387,Imidacloprid,8.544068044,105827-78-9,C1CN(/C(=N/[N+](=O)[O-])/N1)CC2=CN=C(C=C2)Cl,9,,https://doi.org/10.1039/C0NJ00726A,halogenated,Halogenated organics,"InChI=1S/C9H10ClN5O2/c10-8-2-1-7(5-12-8)6-14-4-3-11-9(14)13-15(16)17/h1-2,5H,3-4,6H2,(H,11,13)",YWTYJOPNNQFBPC-UHFFFAOYSA-N
1388,Imidacloprid,8.511883361,2484171-01-7,[O-][N+](=O)NC1=NCCN1Cc2ccc(Cl)nc2,,,https://doi.org/10.1021/acs.est.1c04326,halogenated,Halogenated organics,"InChI=1S/C9H10ClN5O2/c10-8-2-1-7(5-12-8)6-14-4-3-11-9(14)13-15(16)17/h1-2,5H,3-4,6H2,(H,11,13)",YWTYJOPNNQFBPC-UHFFFAOYSA-N
1389,Imidazole,9.72427587,288-32-4,C1=CN=CN1,9,,NIST,imidazole,Heterocycles,"InChI=1S/C3H4N2/c1-2-5-3-4-1/h1-3H,(H,4,5)",RAXXELZNTBOGNW-UHFFFAOYSA-N
1390,Imidazole,9.3611,288-32-4,C1=CN=CN1,,,https://doi.org/10.1016/j.jhazmat.2025.138309,imidazole,Heterocycles,"InChI=1S/C3H4N2/c1-2-5-3-4-1/h1-3H,(H,4,5)",RAXXELZNTBOGNW-UHFFFAOYSA-N
1391,Indole,9.4681,120-72-9,C1=CC=C2C(=C1)C=CN2,,,https://doi.org/10.1016/j.jhazmat.2025.138328,heterocycle,Heterocycles,"InChI=1S/C8H7N/c1-2-4-8-7(3-1)5-6-9-8/h1-6,9H",SIKJAQJRHWYJAI-UHFFFAOYSA-N
1392,Indomethacin,8.796574333,5354-81-4,COc1ccc2n(c(C)c(CC(O)=O)c2c1)C(=O)c3ccc(Cl)cc3,,,https://doi.org/10.1021/acs.est.1c04326,halogenated,Halogenated organics,"InChI=1S/C19H16ClNO4/c1-11-15(10-18(22)23)16-9-14(25-2)7-8-17(16)21(11)19(24)12-3-5-13(20)6-4-12/h3-9H,10H2,1-2H3,(H,22,23)",CGIGDMFJXJATDK-UHFFFAOYSA-N
1393,Indomethacin,8.7966,74252-25-8,CC1=C(C2=C(N1C(=O)C3=CC=C(C=C3)Cl)C=CC(=C2)OC)CC(=O)O,,,https://doi.org/10.1016/j.jhazmat.2025.138018,halogenated,Halogenated organics,"InChI=1S/C19H16ClNO4/c1-11-15(10-18(22)23)16-9-14(25-2)7-8-17(16)21(11)19(24)12-3-5-13(20)6-4-12/h3-9H,10H2,1-2H3,(H,22,23)",CGIGDMFJXJATDK-UHFFFAOYSA-N
1394,Indomethacin,8.796574333,74252-25-8,COc1ccc2c(c1)c(CC(=O)O)c(C)n2C(=O)c1ccc(Cl)cc1,7,20,10.1016/j.chemosphere.2018.12.156,halogenated,Halogenated organics,"InChI=1S/C19H16ClNO4/c1-11-15(10-18(22)23)16-9-14(25-2)7-8-17(16)21(11)19(24)12-3-5-13(20)6-4-12/h3-9H,10H2,1-2H3,(H,22,23)",CGIGDMFJXJATDK-UHFFFAOYSA-N
1395,Indomethacin,8.796574333,74252-25-8,CC1=C(C2=C(N1C(=O)C3=CC=C(C=C3)Cl)C=CC(=C2)OC)CC(=O)O,7,,https://doi.org/10.1016/j.cej.2017.09.025,halogenated,Halogenated organics,"InChI=1S/C19H16ClNO4/c1-11-15(10-18(22)23)16-9-14(25-2)7-8-17(16)21(11)19(24)12-3-5-13(20)6-4-12/h3-9H,10H2,1-2H3,(H,22,23)",CGIGDMFJXJATDK-UHFFFAOYSA-N
1396,Iodoacetic acid,9.531478917,64-69-7,O=C(O)CI,7,,10.1016/j.chemosphere.2018.12.156,halogenated,Halogenated organics,"InChI=1S/C2H3IO2/c3-1-2(4)5/h1H2,(H,4,5)",JDNTWHVOXJZDSN-UHFFFAOYSA-N
1397,Iodoacetic acid,9.531478917,64-69-7,C(C(=O)O)I,7,,https://doi.org/10.1016/j.watres.2016.07.004,halogenated,Halogenated organics,"InChI=1S/C2H3IO2/c3-1-2(4)5/h1H2,(H,4,5)",JDNTWHVOXJZDSN-UHFFFAOYSA-N
1398,Iodoacetic acid,9.531478917,55757-50-1,OC(=O)CI,,,https://doi.org/10.1021/acs.est.1c04326,halogenated,Halogenated organics,"InChI=1S/C2H3IO2/c3-1-2(4)5/h1H2,(H,4,5)",JDNTWHVOXJZDSN-UHFFFAOYSA-N
1399,Iodobenzene,7.954242509,104130-35-0,C1=CC=C(C=C1)I,,,https://doi.org/10.1016/S0969-806X(96)00098-9,halogenated,Halogenated organics,InChI=1S/C6H5I/c7-6-4-2-1-3-5-6/h1-5H,SNHMUERNLJLMHN-UHFFFAOYSA-N
1400,Iodobenzene,7.9542,104130-35-0,C1=CC=C(C=C1)I,,,https://doi.org/10.1016/j.jhazmat.2025.138040,halogenated,Halogenated organics,InChI=1S/C6H5I/c7-6-4-2-1-3-5-6/h1-5H,SNHMUERNLJLMHN-UHFFFAOYSA-N
1401,Iodobenzene,7.954242509,104130-35-0,Ic1ccccc1,,,10.1016/j.chemosphere.2018.12.156,halogenated,Halogenated organics,InChI=1S/C6H5I/c7-6-4-2-1-3-5-6/h1-5H,SNHMUERNLJLMHN-UHFFFAOYSA-N
1402,Iopromide,8.556302501,73334-07-3,COCC(=O)Nc1c(I)c(C(=O)NCC(O)CO)c(I)c(C(=O)N(C)CC(O)CO)c1I,7,,10.1016/j.chemosphere.2018.12.156,halogenated,Halogenated organics,"InChI=1S/C18H24I3N3O8/c1-24(4-9(28)6-26)18(31)12-13(19)11(17(30)22-3-8(27)5-25)14(20)16(15(12)21)23-10(29)7-32-2/h8-9,25-28H,3-7H2,1-2H3,(H,22,30)(H,23,29)",DGAIEPBNLOQYER-UHFFFAOYSA-N
1403,Iopromide,4.079181246,185459-57-8,COCC(=O)Nc1c(I)c(C(=O)NCC(O)CO)c(I)c(c1I)C(=O)N(C)CC(O)CO,,,https://doi.org/10.1021/acs.est.1c04326,halogenated,Halogenated organics,"InChI=1S/C18H24I3N3O8/c1-24(4-9(28)6-26)18(31)12-13(19)11(17(30)22-3-8(27)5-25)14(20)16(15(12)21)23-10(29)7-32-2/h8-9,25-28H,3-7H2,1-2H3,(H,22,30)(H,23,29)",DGAIEPBNLOQYER-UHFFFAOYSA-N
1404,Isoborneol,8.722633923,124-76-5,C[C@@]12CC[C@@H](C1(C)C)C[C@H]2O,7.4,,?10.1021/bk-2011-1071.ch012,alcohol,Oxygenated organics,"InChI=1S/C10H18O/c1-9(2)7-4-5-10(9,3)8(11)6-7/h7-8,11H,4-6H2,1-3H3/t7-,8-,10+/m1/s1",DTGKSKDOIYIVQL-MRTMQBJTSA-N
1405,Isobutane,8.041392685,75-28-5,CC(C)C,,,NIST,alkane,Aliphatic hydrocarbons,"InChI=1S/C4H10/c1-4(2)3/h4H,1-3H3",NNPPMTNAJDCUHE-UHFFFAOYSA-N
1406,Isobutyl acetate,7.491361694,110-19-0,CC(C)COC(=O)C,,,NIST,carboxylic acid,Oxygenated organics,"InChI=1S/C6H12O2/c1-5(2)4-8-6(3)7/h5H,4H2,1-3H3",GJRQTCIYDGXPES-UHFFFAOYSA-N
1407,Isobutylamine,7.7658,78-81-9,CC(C)CN,,,https://doi.org/10.1016/j.jhazmat.2025.138299,amine,Nitrogen-containing organics,"InChI=1S/C4H11N/c1-4(2)3-5/h4H,3,5H2,1-2H3",KDSNLYIMUZNERS-UHFFFAOYSA-N
1408,Isopropyl Alcohol,7.959041392,67-63-0,CC(C)O,1,,NIST,alcohol,Oxygenated organics,"InChI=1S/C3H8O/c1-3(2)4/h3-4H,1-2H3",KFZMGEQAYNKOFK-UHFFFAOYSA-N
1409,Isopropyl Alcohol,7.903089987,67-63-0,CC(C)O,7,,NIST,alcohol,Oxygenated organics,"InChI=1S/C3H8O/c1-3(2)4/h3-4H,1-2H3",KFZMGEQAYNKOFK-UHFFFAOYSA-N
1410,Isopropyl Alcohol,7.929418926,67-63-0,CC(C)O,9,,NIST,alcohol,Oxygenated organics,"InChI=1S/C3H8O/c1-3(2)4/h3-4H,1-2H3",KFZMGEQAYNKOFK-UHFFFAOYSA-N
1411,Isopropyl Alcohol,7.929418926,67-63-0,CC(C)O,4.4,,NIST,alcohol,Oxygenated organics,"InChI=1S/C3H8O/c1-3(2)4/h3-4H,1-2H3",KFZMGEQAYNKOFK-UHFFFAOYSA-N
1412,Isopropyl acetate,6.176091259,108-21-4,CC(C)OC(=O)C,,,NIST,carboxylic acid,Oxygenated organics,"InChI=1S/C5H10O2/c1-4(2)7-5(3)6/h4H,1-3H3",JMMWKPVZQRWMSS-UHFFFAOYSA-N
1413,Isopropylamine,7.4627,75-31-0,CC(C)N,,,https://doi.org/10.1016/j.jhazmat.2025.138297,amine,Nitrogen-containing organics,"InChI=1S/C3H9N/c1-3(2)4/h3H,4H2,1-2H3",JJWLVOIRVHMVIS-UHFFFAOYSA-N
1414,Isoproturon,9.9731,34123-59-6,CC(C)C1=CC=C(C=C1)NC(=O)N(C)C,,,https://doi.org/10.1016/j.chemosphere.2023.138838,urea,Nitrogen-containing organics,"InChI=1S/C12H18N2O/c1-9(2)10-5-7-11(8-6-10)13-12(15)14(3)4/h5-9H,1-4H3,(H,13,15)",PUIYMUZLKQOUOZ-UHFFFAOYSA-N
1415,Isoproturon,9.4624,34123-59-6,CC(C)C1=CC=C(C=C1)NC(=O)N(C)C,,,http://dx.doi.org/10.4236/ajac.2014.58060,urea,Nitrogen-containing organics,"InChI=1S/C12H18N2O/c1-9(2)10-5-7-11(8-6-10)13-12(15)14(3)4/h5-9H,1-4H3,(H,13,15)",PUIYMUZLKQOUOZ-UHFFFAOYSA-N
1416,Isoproturon,9.4624,34123-59-6,CC(C)C1=CC=C(C=C1)NC(=O)N(C)C,,,https://doi.org/10.1016/j.jhazmat.2025.137945,urea,Nitrogen-containing organics,"InChI=1S/C12H18N2O/c1-9(2)10-5-7-11(8-6-10)13-12(15)14(3)4/h5-9H,1-4H3,(H,13,15)",PUIYMUZLKQOUOZ-UHFFFAOYSA-N
1417,Isoproturon,9.462397998,34123-59-6,CC(C)C1=CC=C(C=C1)NC(=O)N(C)C,7,,https://doi.org/10.1002/cphc.200500004,urea,Nitrogen-containing organics,"InChI=1S/C12H18N2O/c1-9(2)10-5-7-11(8-6-10)13-12(15)14(3)4/h5-9H,1-4H3,(H,13,15)",PUIYMUZLKQOUOZ-UHFFFAOYSA-N
1418,Isoproturon,9.462397998,34123-59-6,CC(C)c1ccc(NC(=O)N(C)C)cc1,7,24.85,10.1016/j.envint.2018.12.043,urea,Nitrogen-containing organics,"InChI=1S/C12H18N2O/c1-9(2)10-5-7-11(8-6-10)13-12(15)14(3)4/h5-9H,1-4H3,(H,13,15)",PUIYMUZLKQOUOZ-UHFFFAOYSA-N
1419,L-(-)-Tyrosine,9.505149978,55520-40-6,C1=CC(=CC=C1C[C@@H](C(=O)O)N)O,7,,NIST,phenol,Oxygenated organics,"InChI=1S/C9H11NO3/c10-8(9(12)13)5-6-1-3-7(11)4-2-6/h1-4,8,11H,5,10H2,(H,12,13)/t8-/m0/s1",OUYCCCASQSFEME-QMMMGPOBSA-N
1420,L-(-)-Tyrosine,9.477121255,55520-40-6,C1=CC(=CC=C1C[C@@H](C(=O)O)N)O,6.8,,NIST,phenol,Oxygenated organics,"InChI=1S/C9H11NO3/c10-8(9(12)13)5-6-1-3-7(11)4-2-6/h1-4,8,11H,5,10H2,(H,12,13)/t8-/m0/s1",OUYCCCASQSFEME-QMMMGPOBSA-N
1421,L-Alanine,7,6898-94-8,C[C@@H](C(=O)O)N,7,,NIST,amine,Nitrogen-containing organics,"InChI=1S/C3H7NO2/c1-2(4)3(5)6/h2H,4H2,1H3,(H,5,6)/t2-/m0/s1",QNAYBMKLOCPYGJ-REOHCLBHSA-N
1422,L-Histidine Base,9.397940009,7006-35-1,C1=C(NC=N1)CC(C(=O)O)N,7,,NIST,imidazole,Heterocycles,"InChI=1S/C6H9N3O2/c7-5(6(10)11)1-4-2-8-3-9-4/h2-3,5H,1,7H2,(H,8,9)(H,10,11)",HNDVDQJCIGZPNO-UHFFFAOYSA-N
1423,L-PHENYLALANINE,9.431363764,3617-44-5,C1=CC=C(C=C1)C[C@@H](C(=O)O)N,4.4,,NIST,amine,Nitrogen-containing organics,"InChI=1S/C9H11NO2/c10-8(9(11)12)6-7-4-2-1-3-5-7/h1-5,8H,6,10H2,(H,11,12)/t8-/m0/s1",COLNVLDHVKWLRT-QMMMGPOBSA-N
1424,Lactic,7.176091259,10326-41-7,CC(O)C(=O)O,4.5,25,10.1021/acs.est.5b03078,carboxylic acid,Oxygenated organics,"InChI=1S/C3H6O3/c1-2(4)3(5)6/h2,4H,1H3,(H,5,6)",JVTAAEKCZFNVCJ-UHFFFAOYSA-N
1425,Levofloxacin,9.7782,100986-85-4,C[C@H]1COC2=C3N1C=C(C(=O)C3=CC(=C2N4CCN(CC4)C)F)C(=O)O,,,https://doi.org/10.1016/j.chemosphere.2023.138827,halogenated,Halogenated organics,"InChI=1S/C18H20FN3O4/c1-10-9-26-17-14-11(16(23)12(18(24)25)8-22(10)14)7-13(19)15(17)21-5-3-20(2)4-6-21/h7-8,10H,3-6,9H2,1-2H3,(H,24,25)/t10-/m0/s1",GSDSWSVVBLHKDQ-JTQLQIEISA-N
1426,Lindane,9.113943352,201417-04-1,ClC1C(Cl)C(Cl)C(Cl)C(Cl)C1Cl,,,https://doi.org/10.1021/acs.est.1c04326,halogenated,Halogenated organics,InChI=1S/C6H6Cl6/c7-1-2(8)4(10)6(12)5(11)3(1)9/h1-6H,JLYXXMFPNIAWKQ-UHFFFAOYSA-N
1427,Lindane,9.113943352,58-89-9,C1(C(C(C(C(C1Cl)Cl)Cl)Cl)Cl)Cl,7.4,,https://doi.org/10.1016/j.watres.2023.120378,halogenated,Halogenated organics,InChI=1S/C6H6Cl6/c7-1-2(8)4(10)6(12)5(11)3(1)9/h1-6H,JLYXXMFPNIAWKQ-UHFFFAOYSA-N
1428,Lindane,9.113943352,58-89-9,ClC1C(Cl)C(Cl)C(Cl)C(Cl)C1Cl,7.4,,10.1016/j.chemosphere.2018.12.156,halogenated,Halogenated organics,InChI=1S/C6H6Cl6/c7-1-2(8)4(10)6(12)5(11)3(1)9/h1-6H,JLYXXMFPNIAWKQ-UHFFFAOYSA-N
1429,Linuron,9.7076,330-55-2,CN(C(=O)NC1=CC(=C(C=C1)Cl)Cl)OC,,,http://dx.doi.org/10.4236/ajac.2014.58060,halogenated,Halogenated organics,"InChI=1S/C9H10Cl2N2O2/c1-13(15-2)9(14)12-6-3-4-7(10)8(11)5-6/h3-5H,1-2H3,(H,12,14)",XKJMBINCVNINCA-UHFFFAOYSA-N
1430,Linuron,9.7076,330-55-2,CN(C(=O)NC1=CC(=C(C=C1)Cl)Cl)OC,,,https://doi.org/10.1016/j.chemosphere.2023.138854,halogenated,Halogenated organics,"InChI=1S/C9H10Cl2N2O2/c1-13(15-2)9(14)12-6-3-4-7(10)8(11)5-6/h3-5H,1-2H3,(H,12,14)",XKJMBINCVNINCA-UHFFFAOYSA-N
1431,Linuron,9.707570176,330-55-2,CON(C)C(=O)Nc1ccc(Cl)c(Cl)c1,7,24.85,10.1016/j.chemosphere.2018.12.156,halogenated,Halogenated organics,"InChI=1S/C9H10Cl2N2O2/c1-13(15-2)9(14)12-6-3-4-7(10)8(11)5-6/h3-5H,1-2H3,(H,12,14)",XKJMBINCVNINCA-UHFFFAOYSA-N
1432,Linuron,9.707570176,330-55-2,CN(C(=O)NC1=CC(=C(C=C1)Cl)Cl)OC,7,,https://doi.org/10.1002/cphc.200500004,halogenated,Halogenated organics,"InChI=1S/C9H10Cl2N2O2/c1-13(15-2)9(14)12-6-3-4-7(10)8(11)5-6/h3-5H,1-2H3,(H,12,14)",XKJMBINCVNINCA-UHFFFAOYSA-N
1433,Lumiflavine,9.84509804,1088-56-8,CC1=CC2=C(C=C1C)N(C3=NC(=O)NC(=O)C3=N2)C,7,,NIST,heterocycle,Heterocycles,"InChI=1S/C13H12N4O2/c1-6-4-8-9(5-7(6)2)17(3)11-10(14-8)12(18)16-13(19)15-11/h4-5H,1-3H3,(H,16,18,19)",KPDQZGKJTJRBGU-UHFFFAOYSA-N
1434,Lysozyme,10.25527251,9001-63-2,CCC(C)C(C(=O)NC(CCCNC(=N)N)C(=O)NC(C)C(=O)NC(CC1=CNC2=CC=CC=C21)C(=O)NC(C(C)C)C(=O)NC(C)C(=O)NC(CC3=CNC4=CC=CC=C43)C(=O)NC(CCCNC(=N)N)C(=O)NC(CC(=O)N)C(=O)NC(CCCNC(=N)N)C(=O)O)NC(=O)CNC(=O)C(CCC(=O)N)NC(=O)C5CCCN5C(=O)C(CC(=O)O)NC(=O)C(CCCNC(=N)N)NC(=O)C(C(C)C)NC(=O)C(C(C)C)NC(=O)C(CCCNC(=N)N)N,7,,NIST,amide,Nitrogen-containing organics,"InChI=1S/C99H159N37O23/c1-11-50(8)77(132-72(139)46-120-81(145)63(32-33-70(101)137)124-88(152)69-31-21-39-136(69)93(157)68(43-73(140)141)131-84(148)62(29-19-37-116-98(109)110)125-90(154)75(48(4)5)135-91(155)76(49(6)7)133-80(144)57(100)24-16-34-113-95(103)104)92(156)126-60(27-17-35-114-96(105)106)82(146)121-51(9)78(142)129-66(41-54-45-119-59-26-15-13-23-56(54)59)87(151)134-74(47(2)3)89(153)122-52(10)79(143)128-65(40-53-44-118-58-25-14-12-22-55(53)58)85(149)123-61(28-18-36-115-97(107)108)83(147)130-67(42-71(102)138)86(150)127-64(94(158)159)30-20-38-117-99(111)112/h12-15,22-23,25-26,44-45,47-52,57,60-69,74-77,118-119H,11,16-21,24,27-43,46,100H2,1-10H3,(H2,101,137)(H2,102,138)(H,120,145)(H,121,146)(H,122,153)(H,123,149)(H,124,152)(H,125,154)(H,126,156)(H,127,150)(H,128,143)(H,129,142)(H,130,147)(H,131,148)(H,132,139)(H,133,144)(H,134,151)(H,135,155)(H,140,141)(H,158,159)(H4,103,104,113)(H4,105,106,114)(H4,107,108,115)(H4,109,110,116)(H4,111,112,117)",ZJCXKXFAOCLSRV-UHFFFAOYSA-N
1435,MTBE (Methyl tert-butyl ether),7.495544338,67000-01-5,COC(C)(C)C,,25,doi.org/10.1016/j.watres.2012.06.006,ether,Oxygenated organics,"InChI=1S/C5H12O/c1-5(2,3)6-4/h1-4H3",BZLVMXJERCGZMT-UHFFFAOYSA-N
1436,Malathion,9.4807,121-75-5,CCOC(=O)CC(C(=O)OCC)SP(=S)(OC)OC,,,https://doi.org/10.1016/j.jhazmat.2025.138166,phosphorus,Phosphorus-containing organics,"InChI=1S/C10H19O6PS2/c1-5-15-9(11)7-8(10(12)16-6-2)19-17(18,13-3)14-4/h8H,5-7H2,1-4H3",JXSJBGJIGXNWCI-UHFFFAOYSA-N
1437,Malic,6.995635195,97-67-6,O=C(O)CC(O)C(=O)O,4.5,25,10.1021/acs.est.5b03078,dicarboxylic acid,Polyfunctional / highly functionalized,"InChI=1S/C4H6O5/c5-2(4(8)9)1-3(6)7/h2,5H,1H2,(H,6,7)(H,8,9)",BJEPYKJPYRNKOW-UHFFFAOYSA-N
1438,Malonic,6.230448921,61699-89-6,O=C(O)CC(=O)O,4.5,25,10.1021/acs.est.5b03078,dicarboxylic acid,Polyfunctional / highly functionalized,"InChI=1S/C3H4O4/c4-2(5)1-3(6)7/h1H2,(H,4,5)(H,6,7)",OFOBLEOULBTSOW-UHFFFAOYSA-N
1439,Mecoprop,8.8424,7085-19-0,CC1=C(C=CC(=C1)Cl)OC(C)C(=O)O,,,https://doi.org/10.1016/j.jhazmat.2025.138167,halogenated,Halogenated organics,"InChI=1S/C10H11ClO3/c1-6-5-8(11)3-4-9(6)14-7(2)10(12)13/h3-5,7H,1-2H3,(H,12,13)",WNTGYJSOUMFZEP-UHFFFAOYSA-N
1440,Mesitylene,9.113943352,108-67-8,Cc1cc(C)cc(C)c1,4,24.85,10.1016/j.chemosphere.2018.12.156,benzene,Aromatic & PAHs,"InChI=1S/C9H12/c1-7-4-8(2)6-9(3)5-7/h4-6H,1-3H3",AUHZEENZYGFFBQ-UHFFFAOYSA-N
1441,Mesitylene,9.113943352,108-67-8,CC1=CC(=CC(=C1)C)C,4,,https://doi.org/10.1039/FD9950000129,benzene,Aromatic & PAHs,"InChI=1S/C9H12/c1-7-4-8(2)6-9(3)5-7/h4-6H,1-3H3",AUHZEENZYGFFBQ-UHFFFAOYSA-N
1442,Mesitylene,9.1139,108-67-8,CC1=CC(=CC(=C1)C)C,,,https://doi.org/10.1016/j.chemosphere.2023.138899,benzene,Aromatic & PAHs,"InChI=1S/C9H12/c1-7-4-8(2)6-9(3)5-7/h4-6H,1-3H3",AUHZEENZYGFFBQ-UHFFFAOYSA-N
1443,Mesitylene,9.1139,108-67-8,CC1=CC(=CC(=C1)C)C,,,https://doi.org/10.1039/FD9950000129,benzene,Aromatic & PAHs,"InChI=1S/C9H12/c1-7-4-8(2)6-9(3)5-7/h4-6H,1-3H3",AUHZEENZYGFFBQ-UHFFFAOYSA-N
1444,Mesitylene,9.1139,108-67-8,CC1=CC(=CC(=C1)C)C,,,https://doi.org/10.1016/j.chemosphere.2023.138908,benzene,Aromatic & PAHs,"InChI=1S/C9H12/c1-7-4-8(2)6-9(3)5-7/h4-6H,1-3H3",AUHZEENZYGFFBQ-UHFFFAOYSA-N
1445,Methacrylic acid,9.041392685,79-41-4,C=C(C)C(=O)O,2.9,25,10.1063/1.555808,carboxylic acid,Oxygenated organics,"InChI=1S/C4H6O2/c1-3(2)4(5)6/h1H2,2H3,(H,5,6)",CERQOIWHTDAKMF-UHFFFAOYSA-N
1446,Methacrylonitrile,8.579783597,126-98-7,C=C(C)C#N,7,25,10.1063/1.555808,nitrile,Nitrogen-containing organics,"InChI=1S/C4H5N/c1-4(2)3-5/h1H2,2H3",GYCMBHHDWRMZGG-UHFFFAOYSA-N
1447,Methane,6,74-82-8,C,,,NIST,alkane,Aliphatic hydrocarbons,InChI=1S/CH4/h1H4,VNWKTOKETHGBQD-UHFFFAOYSA-N
1448,Methanol,7.301029996,67-56-1,CO,,25,10.1016/j.watres.2017.03.015,alcohol,Oxygenated organics,"InChI=1S/CH4O/c1-2/h2H,1H3",OKKJLVBELUTLKV-UHFFFAOYSA-N
1449,Methanol,7.228730073,67-56-1,CO,,22.85,10.1016/j.watres.2017.03.015,alcohol,Oxygenated organics,"InChI=1S/CH4O/c1-2/h2H,1H3",OKKJLVBELUTLKV-UHFFFAOYSA-N
1450,Methanol,7.301029996,67-56-1,CC(=O)O,,31.85,10.1063/1.555808,alcohol,Oxygenated organics,"InChI=1S/C2H4O2/c1-2(3)4/h1H3,(H,3,4)",QTBSBXVTEAMEQO-UHFFFAOYSA-N
1451,Methanol,7.041392685,67-56-1,O=C(O)c1cc(O)c(O)c(O)c1,,,10.1063/1.555808,alcohol,Oxygenated organics,"InChI=1S/C7H6O5/c8-4-1-3(7(11)12)2-5(9)6(4)10/h1-2,8-10H,(H,11,12)",LNTHITQWFMADLM-UHFFFAOYSA-N
1452,Methanol,7.228730073,67-56-1,CO,,22,10.1016/j.watres.2017.03.015,alcohol,Oxygenated organics,"InChI=1S/CH4O/c1-2/h2H,1H3",OKKJLVBELUTLKV-UHFFFAOYSA-N
1453,Methanol(spectrograde),6.991226076,2091949-41-4,N[C@@H](Cc1ccc(O)cc1)C(=O)O,,22,10.1021/acs.est.5b03078,alcohol,Oxygenated organics,"InChI=1S/C9H11NO3/c10-8(9(12)13)5-6-1-3-7(11)4-2-6/h1-4,8,11H,5,10H2,(H,12,13)/t8-/m0/s1",OUYCCCASQSFEME-QMMMGPOBSA-N
1454,Methanol-D4,6.568201724,811-98-3,[2H]C([2H])([2H])O[2H],,,NIST,alcohol,Oxygenated organics,"InChI=1S/CH4O/c1-2/h2H,1H3/i1D3,2D",OKKJLVBELUTLKV-MZCSYVLQSA-N
1455,Methanol-d4,7.10083509,1849-29-2,[2H]OC([2H])([2H])[2H],,22,10.1002/kin.550210807,alcohol,Oxygenated organics,"InChI=1S/CH4O/c1-2/h2H,1H3/i1D3,2D",OKKJLVBELUTLKV-MZCSYVLQSA-N
1456,Methanol-dl,7.041392685,55058-23-6,C=COC(C)=O,,22,10.1002/kin.550210807,alcohol,Oxygenated organics,"InChI=1S/C4H6O2/c1-3-6-4(2)5/h3H,1H2,2H3",XTXRWKRVRITETP-UHFFFAOYSA-N
1457,Methionine,9.7015,49705-26-2,CSCC[C@@H](C(=O)O)N,,,https://doi.org/10.1016/j.jhazmat.2025.138307,"sulfide, disulfide",Sulfur-containing organics,"InChI=1S/C5H11NO2S/c1-9-3-2-4(6)5(7)8/h4H,2-3,6H2,1H3,(H,7,8)/t4-/m0/s1",FFEARJCKVFRZRR-BYPYZUCNSA-N
1458,Methionine,9.7015,49705-26-2,CSCC[C@@H](C(=O)O)N,,,https://doi.org/10.1016/j.jhazmat.2025.138168,"sulfide, disulfide",Sulfur-containing organics,"InChI=1S/C5H11NO2S/c1-9-3-2-4(6)5(7)8/h4H,2-3,6H2,1H3,(H,7,8)/t4-/m0/s1",FFEARJCKVFRZRR-BYPYZUCNSA-N
1459,Methoxybenzene,9.69019608,1261808-32-5,COc1ccccc1,,,https://doi.org/10.1021/acs.est.1c04326,ether,Oxygenated organics,"InChI=1S/C7H8O/c1-8-7-5-3-2-4-6-7/h2-6H,1H3",RDOXTESZEPMUJZ-UHFFFAOYSA-N
1460,Methyl 2-aminobenzoate,9.7482,134-20-3,COC(=O)C1=CC=CC=C1N,,,https://doi.org/10.1016/j.jhazmat.2025.137916,amine,Nitrogen-containing organics,"InChI=1S/C8H9NO2/c1-11-8(10)6-4-2-3-5-7(6)9/h2-5H,9H2,1H3",VAMXMNNIEUEQDV-UHFFFAOYSA-N
1461,Methyl 2-aminobenzoate,9.748188027,1096901-38-0,COC(=O)c1ccccc1N,,,https://doi.org/10.1021/acs.est.1c04326,amine,Nitrogen-containing organics,"InChI=1S/C8H9NO2/c1-11-8(10)6-4-2-3-5-7(6)9/h2-5H,9H2,1H3",VAMXMNNIEUEQDV-UHFFFAOYSA-N
1462,Methyl 2-aminobenzoate,9.7482,134-20-3,COC(=O)C1=CC=CC=C1N,,,https://doi.org/10.1016/j.jhazmat.2025.138136,amine,Nitrogen-containing organics,"InChI=1S/C8H9NO2/c1-11-8(10)6-4-2-3-5-7(6)9/h2-5H,9H2,1H3",VAMXMNNIEUEQDV-UHFFFAOYSA-N
1463,Methyl 2-aminobenzoate,9.748188027,134-20-3,COC(=O)C1=CC=CC=C1N,,,https://doi.org/10.3390/molecules22040619,amine,Nitrogen-containing organics,"InChI=1S/C8H9NO2/c1-11-8(10)6-4-2-3-5-7(6)9/h2-5H,9H2,1H3",VAMXMNNIEUEQDV-UHFFFAOYSA-N
1464,Methyl 2-aminobenzoate,9.7482,134-20-3,COC(=O)C1=CC=CC=C1N,,,https://doi.org/10.1016/j.jhazmat.2025.138283,amine,Nitrogen-containing organics,"InChI=1S/C8H9NO2/c1-11-8(10)6-4-2-3-5-7(6)9/h2-5H,9H2,1H3",VAMXMNNIEUEQDV-UHFFFAOYSA-N
1465,Methyl 2-aminobenzoate,9.748188027,134-20-3,COC(=O)c1ccccc1N,,,10.1016/j.chemosphere.2018.12.156,amine,Nitrogen-containing organics,"InChI=1S/C8H9NO2/c1-11-8(10)6-4-2-3-5-7(6)9/h2-5H,9H2,1H3",VAMXMNNIEUEQDV-UHFFFAOYSA-N
1466,Methyl 2鈥揳minobenzoate,9.7482,134-20-3,COC(=O)c1ccccc1N,,,https://doi.org/10.3390/molecules22040619,amine,Nitrogen-containing organics,"InChI=1S/C8H9NO2/c1-11-8(10)6-4-2-3-5-7(6)9/h2-5H,9H2,1H3",VAMXMNNIEUEQDV-UHFFFAOYSA-N
1467,Methyl Alcohol,7.041392685,67-56-1,CO,7,,NIST,alcohol,Oxygenated organics,"InChI=1S/CH4O/c1-2/h2H,1H3",OKKJLVBELUTLKV-UHFFFAOYSA-N
1468,Methyl Alcohol,6.944482672,67-56-1,CO,5.5,,NIST,alcohol,Oxygenated organics,"InChI=1S/CH4O/c1-2/h2H,1H3",OKKJLVBELUTLKV-UHFFFAOYSA-N
1469,Methyl Alcohol,6.880813592,67-56-1,CO,9,,NIST,alcohol,Oxygenated organics,"InChI=1S/CH4O/c1-2/h2H,1H3",OKKJLVBELUTLKV-UHFFFAOYSA-N
1470,Methyl methacrylate,7,80-62-6,C=C(C)C(=O)OC,7.3,25,10.1063/1.555808,ester,Oxygenated organics,"InChI=1S/C5H8O2/c1-4(2)5(6)7-3/h1H2,2-3H3",VVQNEPGJFQJSBK-UHFFFAOYSA-N
1471,Methyl methacrylate,9,80-62-6,CC(=C)C(=O)OC,7.3,,NIST,ester,Oxygenated organics,"InChI=1S/C5H8O2/c1-4(2)5(6)7-3/h1H2,2-3H3",VVQNEPGJFQJSBK-UHFFFAOYSA-N
1472,Methyl salicylate,8.963787827,,COC(=O)c1ccccc1O,,,https://doi.org/10.1021/acs.est.1c04326,phenol,Oxygenated organics,"InChI=1S/C8H8O3/c1-11-8(10)6-4-2-3-5-7(6)9/h2-5,9H,1H3",OSWPMRLSEDHDFF-UHFFFAOYSA-N
1473,Methyl salicylate,8.9638,90045-28-6,COC(=O)C1=CC=CC=C1O,,,https://doi.org/10.1016/j.jhazmat.2025.138065,phenol,Oxygenated organics,"InChI=1S/C8H8O3/c1-11-8(10)6-4-2-3-5-7(6)9/h2-5,9H,1H3",OSWPMRLSEDHDFF-UHFFFAOYSA-N
1474,Methyl salicylate,8.9638,90045-28-6,COC(=O)C1=CC=CC=C1O,,,https://doi.org/10.1016/j.jhazmat.2025.138009,phenol,Oxygenated organics,"InChI=1S/C8H8O3/c1-11-8(10)6-4-2-3-5-7(6)9/h2-5,9H,1H3",OSWPMRLSEDHDFF-UHFFFAOYSA-N
1475,Methyl salicylate,8.9638,90045-28-6,COC(=O)C1=CC=CC=C1O,,,https://doi.org/10.1016/j.jhazmat.2025.138206,phenol,Oxygenated organics,"InChI=1S/C8H8O3/c1-11-8(10)6-4-2-3-5-7(6)9/h2-5,9H,1H3",OSWPMRLSEDHDFF-UHFFFAOYSA-N
1476,Methyl salicylate,8.963787827,90045-28-6,COC(=O)c1ccccc1O,,,10.1016/j.chemosphere.2018.12.156,phenol,Oxygenated organics,"InChI=1S/C8H8O3/c1-11-8(10)6-4-2-3-5-7(6)9/h2-5,9H,1H3",OSWPMRLSEDHDFF-UHFFFAOYSA-N
1477,Methyl salicylate,8.963787827,90045-28-6,COC(=O)C1=CC=CC=C1O,,,https://doi.org/10.1002/jctb.4670,phenol,Oxygenated organics,"InChI=1S/C8H8O3/c1-11-8(10)6-4-2-3-5-7(6)9/h2-5,9H,1H3",OSWPMRLSEDHDFF-UHFFFAOYSA-N
1478,Methyldisulfanylmethane,8.698970004,,CSSC,,,https://doi.org/10.1021/acs.est.1c04326,"sulfide, disulfide",Sulfur-containing organics,InChI=1S/C2H6S2/c1-3-4-2/h1-2H3,WQOXQRCZOLPYPM-UHFFFAOYSA-N
1479,Methylsulfinylmethane,9.431363764,8070-53-9,C[S](C)=O,,,https://doi.org/10.1021/acs.est.1c04326,sulfoxide,Sulfur-containing organics,InChI=1S/C2H6OS/c1-4(2)3/h1-2H3,IAZDPXIOMUYVGZ-UHFFFAOYSA-N
1480,Metolachlor,9.4525,51218-45-2,CCC1=CC=CC(=C1N(C(C)COC)C(=O)CCl)C,,,https://doi.org/10.1016/j.jhazmat.2025.138323,halogenated,Halogenated organics,"InChI=1S/C15H22ClNO2/c1-5-13-8-6-7-11(2)15(13)17(14(18)9-16)12(3)10-19-4/h6-8,12H,5,9-10H2,1-4H3",WVQBLGZPHOPPFO-UHFFFAOYSA-N
1481,Metolachlor,9.4525,51218-45-2,CCC1=CC=CC(=C1N(C(C)COC)C(=O)CCl)C,,,https://doi.org/10.1016/j.jhazmat.2025.138090,halogenated,Halogenated organics,"InChI=1S/C15H22ClNO2/c1-5-13-8-6-7-11(2)15(13)17(14(18)9-16)12(3)10-19-4/h6-8,12H,5,9-10H2,1-4H3",WVQBLGZPHOPPFO-UHFFFAOYSA-N
1482,Metoprolol,10,37350-58-6,CC(C)NCC(O)COc1ccc(CCO)cc1,7,,10.1016/j.chemosphere.2018.12.156,amine,Nitrogen-containing organics,"InChI=1S/C14H23NO3/c1-11(2)15-9-13(17)10-18-14-5-3-12(4-6-14)7-8-16/h3-6,11,13,15-17H,7-10H2,1-2H3",CUKXSBOAIJILRY-UHFFFAOYSA-N
1483,Metoprolol,10,37350-58-6,CC(C)NCC(COC1=CC=C(C=C1)CCOC)O,,,https://doi.org/10.1016/j.chemosphere.2023.138894,amine,Nitrogen-containing organics,"InChI=1S/C15H25NO3/c1-12(2)16-10-14(17)11-19-15-6-4-13(5-7-15)8-9-18-3/h4-7,12,14,16-17H,8-11H2,1-3H3",IUBSYMUCCVWXPE-UHFFFAOYSA-N
1484,Metoprolol,9.7084209,37350-58-6,COCCc1ccc(OCC(O)CNC(C)C)cc1,7,,10.1016/j.chemosphere.2018.12.156,amine,Nitrogen-containing organics,"InChI=1S/C15H25NO3/c1-12(2)16-10-14(17)11-19-15-6-4-13(5-7-15)8-9-18-3/h4-7,12,14,16-17H,8-11H2,1-3H3",IUBSYMUCCVWXPE-UHFFFAOYSA-N
1485,Metoprolol,9.4378,37350-58-6,CC(C)NCC(COC1=CC=C(C=C1)CCOC)O,,,https://doi.org/10.1016/j.jhazmat.2025.137949,amine,Nitrogen-containing organics,"InChI=1S/C15H25NO3/c1-12(2)16-10-14(17)11-19-15-6-4-13(5-7-15)8-9-18-3/h4-7,12,14,16-17H,8-11H2,1-3H3",IUBSYMUCCVWXPE-UHFFFAOYSA-N
1486,Metoprolol,9.7084,37350-58-6,CC(C)NCC(COC1=CC=C(C=C1)CCOC)O,,,https://doi.org/10.1021/acs.est.6b05536,amine,Nitrogen-containing organics,"InChI=1S/C15H25NO3/c1-12(2)16-10-14(17)11-19-15-6-4-13(5-7-15)8-9-18-3/h4-7,12,14,16-17H,8-11H2,1-3H3",IUBSYMUCCVWXPE-UHFFFAOYSA-N
1487,Metoprolol,10,37350-58-6,CC(C)NCC(COC1=CC=C(C=C1)CCOC)O,7,,https://doi.org/10.1007/s13762-016-1083-3,amine,Nitrogen-containing organics,"InChI=1S/C15H25NO3/c1-12(2)16-10-14(17)11-19-15-6-4-13(5-7-15)8-9-18-3/h4-7,12,14,16-17H,8-11H2,1-3H3",IUBSYMUCCVWXPE-UHFFFAOYSA-N
1488,Metoprolol,10,37350-58-6,CC(C)NCC(COC1=CC=C(C=C1)CCOC)O,,,https://doi.org/10.1016/j.chemosphere.2023.138847,amine,Nitrogen-containing organics,"InChI=1S/C15H25NO3/c1-12(2)16-10-14(17)11-19-15-6-4-13(5-7-15)8-9-18-3/h4-7,12,14,16-17H,8-11H2,1-3H3",IUBSYMUCCVWXPE-UHFFFAOYSA-N
1489,Metoprolol,9.7084209,37350-58-6,CC(C)NCC(COC1=CC=C(C=C1)CCOC)O,7,,https://doi.org/10.1021/acs.est.6b05536,amine,Nitrogen-containing organics,"InChI=1S/C15H25NO3/c1-12(2)16-10-14(17)11-19-15-6-4-13(5-7-15)8-9-18-3/h4-7,12,14,16-17H,8-11H2,1-3H3",IUBSYMUCCVWXPE-UHFFFAOYSA-N
1490,Metronidazole,9.6232,443-48-1,CC1=NC=C(N1CCO)[N+](=O)[O-],,,https://doi.org/10.1016/j.jhazmat.2025.138222,imidazole,Heterocycles,"InChI=1S/C6H9N3O3/c1-5-7-4-6(9(11)12)8(5)2-3-10/h4,10H,2-3H2,1H3",VAOCPAMSLUNLGC-UHFFFAOYSA-N
1491,Metronidazole,9.437750563,443-48-1,Cc1ncc([N+](=O)[O-])n1CCO,7,,10.1016/j.chemosphere.2018.12.156,imidazole,Heterocycles,"InChI=1S/C6H9N3O3/c1-5-7-4-6(9(11)12)8(5)2-3-10/h4,10H,2-3H2,1H3",VAOCPAMSLUNLGC-UHFFFAOYSA-N
1492,Metronidazole,9.437750563,443-48-1,CC1=NC=C(N1CCO)[N+](=O)[O-],7,,?10.1021/acs.est.6b05536,imidazole,Heterocycles,"InChI=1S/C6H9N3O3/c1-5-7-4-6(9(11)12)8(5)2-3-10/h4,10H,2-3H2,1H3",VAOCPAMSLUNLGC-UHFFFAOYSA-N
1493,Metronidazole,9.437750563,13182-89-3,Cc1ncc(n1CCO)[N+]([O-])=O,,,https://doi.org/10.1021/acs.est.1c04326,imidazole,Heterocycles,"InChI=1S/C6H9N3O3/c1-5-7-4-6(9(11)12)8(5)2-3-10/h4,10H,2-3H2,1H3",VAOCPAMSLUNLGC-UHFFFAOYSA-N
1494,Mo(CN)84-,9.477121255,,,,,NIST,metal complex,Others / Unassigned,,
1495,Monochloroacetonitrile,7.873901598,107-14-2,N#CCCl,6,,10.1016/j.chemosphere.2018.12.156,halogenated,Halogenated organics,InChI=1S/C2H2ClN/c3-1-2-4/h1H2,RENMDAKOXSCIGH-UHFFFAOYSA-N
1496,Monochloroacetonitrile,7.873901598,107-14-2,N#CCCl,6,,https://doi.org/10.1016/j.cej.2017.03.042,halogenated,Halogenated organics,InChI=1S/C2H2ClN/c3-1-2-4/h1H2,RENMDAKOXSCIGH-UHFFFAOYSA-N
1497,Monochloroacetonitrile,7.873901598,107-14-2,ClCC#N,,,https://doi.org/10.1021/acs.est.1c04326,halogenated,Halogenated organics,InChI=1S/C2H2ClN/c3-1-2-4/h1H2,RENMDAKOXSCIGH-UHFFFAOYSA-N
1498,Monofluoroacetic acid,9.7782,24312-44-5,C(C(=O)O)F,,,https://doi.org/10.1016/j.jhazmat.2025.138085,halogenated,Halogenated organics,"InChI=1S/C2H3FO2/c3-1-2(4)5/h1H2,(H,4,5)",QEWYKACRFQMRMB-UHFFFAOYSA-N
1499,Monofluoroacetic acid,6.531478917,24312-44-5,O=C(O)CF,,,10.1016/j.chemosphere.2018.12.156,halogenated,Halogenated organics,"InChI=1S/C2H3FO2/c3-1-2(4)5/h1H2,(H,4,5)",QEWYKACRFQMRMB-UHFFFAOYSA-N
1500,Monofluoroacetic acid,6.531478917,24312-44-5,OC(=O)CF,,,https://doi.org/10.1021/acs.est.1c04326,halogenated,Halogenated organics,"InChI=1S/C2H3FO2/c3-1-2(4)5/h1H2,(H,4,5)",QEWYKACRFQMRMB-UHFFFAOYSA-N
1501,Monolinuron,9.77815125,1630-19-9,CN(C(=O)NC1=CC=C(C=C1)Cl)OC,7,,https://doi.org/10.1002/cphc.200500004,halogenated,Halogenated organics,"InChI=1S/C9H11ClN2O2/c1-12(14-2)9(13)11-8-5-3-7(10)4-6-8/h3-6H,1-2H3,(H,11,13)",LKJPSUCKSLORMF-UHFFFAOYSA-N
1502,Monolinuron,9.301,1630-19-9,CN(C(=O)NC1=CC=C(C=C1)Cl)OC,,,https://doi.org/10.1016/j.chemosphere.2023.138852,halogenated,Halogenated organics,"InChI=1S/C9H11ClN2O2/c1-12(14-2)9(13)11-8-5-3-7(10)4-6-8/h3-6H,1-2H3,(H,11,13)",LKJPSUCKSLORMF-UHFFFAOYSA-N
1503,Monolinuron,9.7782,1746-81-2,CN(C(=O)NC1=CC=C(C=C1)Cl)OC,,,http://dx.doi.org/10.4236/ajac.2014.58060,halogenated,Halogenated organics,"InChI=1S/C9H11ClN2O2/c1-12(14-2)9(13)11-8-5-3-7(10)4-6-8/h3-6H,1-2H3,(H,11,13)",LKJPSUCKSLORMF-UHFFFAOYSA-N
1504,Monolinuron,9.77815125,1630-19-9,CON(C)C(=O)Nc1ccc(Cl)cc1,7,24.85,10.1016/j.chemosphere.2018.12.156,halogenated,Halogenated organics,"InChI=1S/C9H11ClN2O2/c1-12(14-2)9(13)11-8-5-3-7(10)4-6-8/h3-6H,1-2H3,(H,11,13)",LKJPSUCKSLORMF-UHFFFAOYSA-N
1505,Monuron,9.699,150-68-5,CN(C)C(=O)NC1=CC=C(C=C1)Cl,,,http://dx.doi.org/10.4236/ajac.2014.58060,halogenated,Halogenated organics,"InChI=1S/C9H11ClN2O/c1-12(2)9(13)11-8-5-3-7(10)4-6-8/h3-6H,1-2H3,(H,11,13)",BMLIZLVNXIYGCK-UHFFFAOYSA-N
1506,Monuron,9.699,150-68-5,CN(C)C(=O)NC1=CC=C(C=C1)Cl,,,https://doi.org/10.1016/j.chemosphere.2023.138836,halogenated,Halogenated organics,"InChI=1S/C9H11ClN2O/c1-12(2)9(13)11-8-5-3-7(10)4-6-8/h3-6H,1-2H3,(H,11,13)",BMLIZLVNXIYGCK-UHFFFAOYSA-N
1507,Monuron,9.698970004,150-68-5,CN(C)C(=O)Nc1ccc(Cl)cc1,7,,10.1016/j.chemosphere.2018.12.156,halogenated,Halogenated organics,"InChI=1S/C9H11ClN2O/c1-12(2)9(13)11-8-5-3-7(10)4-6-8/h3-6H,1-2H3,(H,11,13)",BMLIZLVNXIYGCK-UHFFFAOYSA-N
1508,Monuron,9.698970004,150-68-5,CN(C)C(=O)NC1=CC=C(C=C1)Cl,7,,https://doi.org/10.1016/S0022-2860(00)00940-6,halogenated,Halogenated organics,"InChI=1S/C9H11ClN2O/c1-12(2)9(13)11-8-5-3-7(10)4-6-8/h3-6H,1-2H3,(H,11,13)",BMLIZLVNXIYGCK-UHFFFAOYSA-N
1509,Myrtenal,9.2672,564-94-3,CC1(C2CC=C(C1C2)C=O)C,,,https://doi.org/10.1016/j.jhazmat.2025.138060,aldehyde,Oxygenated organics,"InChI=1S/C10H14O/c1-10(2)8-4-3-7(6-11)9(10)5-8/h3,6,8-9H,4-5H2,1-2H3",KMRMUZKLFIEVAO-UHFFFAOYSA-N
1510,Myrtenal,9.149219113,18486-69-6,CC1(C)C2CC=C(C=O)C1C2,,,https://doi.org/10.1021/acs.est.1c04326,aldehyde,Oxygenated organics,"InChI=1S/C10H14O/c1-10(2)8-4-3-7(6-11)9(10)5-8/h3,6,8-9H,4-5H2,1-2H3",KMRMUZKLFIEVAO-UHFFFAOYSA-N
1511,Myrtenal,9.267171728,564-94-3,CC1(C)C2CC=C(C=O)C1C2,4,19,10.1016/j.chemosphere.2018.12.156,aldehyde,Oxygenated organics,"InChI=1S/C10H14O/c1-10(2)8-4-3-7(6-11)9(10)5-8/h3,6,8-9H,4-5H2,1-2H3",KMRMUZKLFIEVAO-UHFFFAOYSA-N
1512,Myrtenal,9.267171728,564-94-3,CC1(C2CC=C(C1C2)C=O)C,4 .0,,https://doi.org/10.1023/A:1006340727148,aldehyde,Oxygenated organics,"InChI=1S/C10H14O/c1-10(2)8-4-3-7(6-11)9(10)5-8/h3,6,8-9H,4-5H2,1-2H3",KMRMUZKLFIEVAO-UHFFFAOYSA-N
1513,Myrtenal,8.982271233,564-94-3,CC1(C2CC=C(C1C2)C=O)C,3,,https://doi.org/10.1016/S1352-2310(03)00503-X,aldehyde,Oxygenated organics,"InChI=1S/C10H14O/c1-10(2)8-4-3-7(6-11)9(10)5-8/h3,6,8-9H,4-5H2,1-2H3",KMRMUZKLFIEVAO-UHFFFAOYSA-N
1514,"N,N,9-trimethylpurin-6-amine",9.602059991,61494-93-7,CN(C)c1ncnc2n(C)cnc12,,,https://doi.org/10.1021/acs.est.1c04326,amine,Nitrogen-containing organics,"InChI=1S/C8H11N5/c1-12(2)7-6-8(10-4-9-7)13(3)5-11-6/h4-5H,1-3H3",GQKLJZOIXKFFQC-UHFFFAOYSA-N
1515,"N,N-DIMETHYL-4-NITROSOANILINE",9.361727836,1282489-71-7,CN(C)c1ccc(cc1)N=O,,,https://doi.org/10.1021/acs.est.1c04326,"nitroso, nitramine",Nitrogen-containing organics,"InChI=1S/C8H10N2O/c1-10(2)8-5-3-7(9-11)4-6-8/h3-6H,1-2H3",CMEWLCATCRTSGF-UHFFFAOYSA-N
1516,"N,N-diethyl-m-toluamide",8.278753601,134-62-3,CCN(CC)C(=O)c1cccc(C)c1,,,https://doi.org/10.1021/acs.est.1c04326,amide,Nitrogen-containing organics,"InChI=1S/C12H17NO/c1-4-13(5-2)12(14)11-8-6-7-10(3)9-11/h6-9H,4-5H2,1-3H3",MMOXZBCLCQITDF-UHFFFAOYSA-N
1517,"N,N-diethyl-m-toluamide",9.278753601,134-62-3,CCN(CC)C(=O)c1cccc(C)c1,7,26,10.1016/j.chemosphere.2018.12.156,amide,Nitrogen-containing organics,"InChI=1S/C12H17NO/c1-4-13(5-2)12(14)11-8-6-7-10(3)9-11/h6-9H,4-5H2,1-3H3",MMOXZBCLCQITDF-UHFFFAOYSA-N
1518,"N,N-diethyl-m-toluamide",9.278753601,134-62-3,CCN(CC)C(=O)C1=CC=CC(=C1)C,7,,?10.1007/s13762-012-0081-3,amide,Nitrogen-containing organics,"InChI=1S/C12H17NO/c1-4-13(5-2)12(14)11-8-6-7-10(3)9-11/h6-9H,4-5H2,1-3H3",MMOXZBCLCQITDF-UHFFFAOYSA-N
1519,"N,N-diethyl-m-toluamide",8.977723605,134-62-3,CCN(CC)C(=O)C1=CC=CC(=C1)C,7,,https://doi.org/10.1016/j.seppur.2018.02.055,amide,Nitrogen-containing organics,"InChI=1S/C12H17NO/c1-4-13(5-2)12(14)11-8-6-7-10(3)9-11/h6-9H,4-5H2,1-3H3",MMOXZBCLCQITDF-UHFFFAOYSA-N
1520,"N,N-diethyl-m-toluamide",9.2788,134-62-3,CCN(CC)C(=O)C1=CC=CC(=C1)C,,,https://doi.org/10.1016/j.jhazmat.2025.137971,amide,Nitrogen-containing organics,"InChI=1S/C12H17NO/c1-4-13(5-2)12(14)11-8-6-7-10(3)9-11/h6-9H,4-5H2,1-3H3",MMOXZBCLCQITDF-UHFFFAOYSA-N
1521,"N,N-diethyl-m-toluamide",9.278753601,134-62-3,CCN(CC)C(=O)c1cccc(C)c1,7,25,10.1016/j.chemosphere.2018.12.156,amide,Nitrogen-containing organics,"InChI=1S/C12H17NO/c1-4-13(5-2)12(14)11-8-6-7-10(3)9-11/h6-9H,4-5H2,1-3H3",MMOXZBCLCQITDF-UHFFFAOYSA-N
1522,"N,N-dimethylnitrous amide",10.17609126,667402-77-9,CN(C)N=O,,,https://doi.org/10.1021/acs.est.1c04326,amide,Nitrogen-containing organics,InChI=1S/C2H6N2O/c1-4(2)3-5/h1-2H3,UMFJAHHVKNCGLG-UHFFFAOYSA-N
1523,N-(4-aminophenyl)sulfonylacetamide,9.7782,5414-91-5,CC(=O)NS(=O)(=O)C1=CC=C(C=C1)N,,,https://doi.org/10.1016/j.jhazmat.2025.138284,sulfoxide,Sulfur-containing organics,"InChI=1S/C8H10N2O3S/c1-6(11)10-14(12,13)8-4-2-7(9)3-5-8/h2-5H,9H2,1H3,(H,10,11)",SKIVFJLNDNKQPD-UHFFFAOYSA-N
1524,N-(4-aminophenyl)sulfonylacetamide,9.7782,5414-91-5,CC(=O)NS(=O)(=O)C1=CC=C(C=C1)N,,,https://doi.org/10.1016/j.jhazmat.2025.137914,sulfoxide,Sulfur-containing organics,"InChI=1S/C8H10N2O3S/c1-6(11)10-14(12,13)8-4-2-7(9)3-5-8/h2-5H,9H2,1H3,(H,10,11)",SKIVFJLNDNKQPD-UHFFFAOYSA-N
1525,N-(4-aminophenyl)sulfonylacetamide,9.77815125,5414-91-5,CC(=O)N[S](=O)(=O)c1ccc(N)cc1,,,https://doi.org/10.1021/acs.est.1c04326,sulfoxide,Sulfur-containing organics,"InChI=1S/C8H10N2O3S/c1-6(11)10-14(12,13)8-4-2-7(9)3-5-8/h2-5H,9H2,1H3,(H,10,11)",SKIVFJLNDNKQPD-UHFFFAOYSA-N
1526,N-(4-aminophenyl)sulfonylacetamide,9.7782,5414-91-5,CC(=O)NS(=O)(=O)C1=CC=C(C=C1)N,,,https://doi.org/10.1016/j.jhazmat.2025.138053,sulfoxide,Sulfur-containing organics,"InChI=1S/C8H10N2O3S/c1-6(11)10-14(12,13)8-4-2-7(9)3-5-8/h2-5H,9H2,1H3,(H,10,11)",SKIVFJLNDNKQPD-UHFFFAOYSA-N
1527,N-(hydroxymethyl)prop-2-enamide,6.959041392,,OCNC(=O)C=C,,,https://doi.org/10.1021/acs.est.1c04326,alcohol,Oxygenated organics,"InChI=1S/C4H7NO2/c1-2-4(7)5-3-6/h2,6H,1,3H2,(H,5,7)",CNCOEDDPFOAUMB-UHFFFAOYSA-N
1528,N-(hydroxymethyl)prop-2-enamide,6.959,924-42-5,C=CC(=O)NCO,,,https://doi.org/10.1016/j.jhazmat.2025.138079,alcohol,Oxygenated organics,"InChI=1S/C4H7NO2/c1-2-4(7)5-3-6/h2,6H,1,3H2,(H,5,7)",CNCOEDDPFOAUMB-UHFFFAOYSA-N
1529,N-(hydroxymethyl)prop-2-enamide,6.959,924-42-5,C=CC(=O)NCO,,,https://doi.org/10.1016/j.jhazmat.2025.138241,alcohol,Oxygenated organics,"InChI=1S/C4H7NO2/c1-2-4(7)5-3-6/h2,6H,1,3H2,(H,5,7)",CNCOEDDPFOAUMB-UHFFFAOYSA-N
1530,N-(hydroxymethyl)prop-2-enamide,6.959,924-42-5,C=CC(=O)NCO,,,https://doi.org/10.1016/j.jhazmat.2025.138182,alcohol,Oxygenated organics,"InChI=1S/C4H7NO2/c1-2-4(7)5-3-6/h2,6H,1,3H2,(H,5,7)",CNCOEDDPFOAUMB-UHFFFAOYSA-N
1531,N-(p-amylcinnamoyl) Anthranilic Acid,9.3997,110683-10-8,O=C(O)C1=CC=CC=C1NC(C=CC2=CC=C(CCCCC)C=C2)=O,,,https://doi.org/10.1016/j.chemosphere.2010.07.015,carboxylic acid,Oxygenated organics,"InChI=1S/C21H23NO3/c1-2-3-4-7-16-10-12-17(13-11-16)14-15-20(23)22-19-9-6-5-8-18(19)21(24)25/h5-6,8-15H,2-4,7H2,1H3,(H,22,23)(H,24,25)",GAMRBCZMOOMBSQ-UHFFFAOYSA-N
1532,N-Acetylcysteine,7.6498,18829-79-3,CC(=O)N[C@@H](CS)C(=O)O,,,https://doi.org/10.1016/j.jhazmat.2025.138093,thiol,Sulfur-containing organics,"InChI=1S/C5H9NO3S/c1-3(7)6-4(2-10)5(8)9/h4,10H,2H2,1H3,(H,6,7)(H,8,9)/t4-/m0/s1",PWKSKIMOESPYIA-BYPYZUCNSA-N
1533,N-Acetylcysteine,7.6498,18829-79-3,CC(=O)N[C@@H](CS)C(=O)O,,,https://doi.org/10.1016/j.jhazmat.2025.138169,thiol,Sulfur-containing organics,"InChI=1S/C5H9NO3S/c1-3(7)6-4(2-10)5(8)9/h4,10H,2H2,1H3,(H,6,7)(H,8,9)/t4-/m0/s1",PWKSKIMOESPYIA-BYPYZUCNSA-N
1534,N-Acetylcysteine,7.6498,18829-79-3,CC(=O)N[C@@H](CS)C(=O)O,,,https://doi.org/10.1016/j.jhazmat.2025.138298,thiol,Sulfur-containing organics,"InChI=1S/C5H9NO3S/c1-3(7)6-4(2-10)5(8)9/h4,10H,2H2,1H3,(H,6,7)(H,8,9)/t4-/m0/s1",PWKSKIMOESPYIA-BYPYZUCNSA-N
1535,N-Acetylglycine,7.9856,543-24-8,CC(=O)NCC(=O)O,,,https://doi.org/10.1016/j.jhazmat.2025.138099,amide,Nitrogen-containing organics,"InChI=1S/C4H7NO3/c1-3(6)5-2-4(7)8/h2H2,1H3,(H,5,6)(H,7,8)",OKJIRPAQVSHGFK-UHFFFAOYSA-N
1536,N-Acetylglycine,7.9856,543-24-8,CC(=O)NCC(=O)O,,,https://doi.org/10.1016/j.jhazmat.2025.138295,amide,Nitrogen-containing organics,"InChI=1S/C4H7NO3/c1-3(6)5-2-4(7)8/h2H2,1H3,(H,5,6)(H,7,8)",OKJIRPAQVSHGFK-UHFFFAOYSA-N
1537,N-Acetylglycylglycine,8.0647,27439-99-2,CC(=O)NCC(=O)NCC(=O)O,,,https://doi.org/10.1016/j.jhazmat.2025.138097,amide,Nitrogen-containing organics,"InChI=1S/C6H10N2O4/c1-4(9)7-2-5(10)8-3-6(11)12/h2-3H2,1H3,(H,7,9)(H,8,10)(H,11,12)",ZCASHLUDUSAKNN-UHFFFAOYSA-N
1538,N-Acetylglycylglycine,8.0647,27439-99-2,CC(=O)NCC(=O)NCC(=O)O,,,https://doi.org/10.1016/j.jhazmat.2025.138170,amide,Nitrogen-containing organics,"InChI=1S/C6H10N2O4/c1-4(9)7-2-5(10)8-3-6(11)12/h2-3H2,1H3,(H,7,9)(H,8,10)(H,11,12)",ZCASHLUDUSAKNN-UHFFFAOYSA-N
1539,N-Acetylglycylglycine,8.0647,27439-99-2,CC(=O)NCC(=O)NCC(=O)O,,,https://doi.org/10.1016/j.jhazmat.2025.138305,amide,Nitrogen-containing organics,"InChI=1S/C6H10N2O4/c1-4(9)7-2-5(10)8-3-6(11)12/h2-3H2,1H3,(H,7,9)(H,8,10)(H,11,12)",ZCASHLUDUSAKNN-UHFFFAOYSA-N
1540,N-Methyladenosine,9.69019608,1867-73-8,CNC1=C2C(=NC=N1)N(C=N2)[C@H]3[C@@H]([C@@H]([C@H](O3)CO)O)O,7,,NIST,imidazole,Heterocycles,"InChI=1S/C11H15N5O4/c1-12-9-6-10(14-3-13-9)16(4-15-6)11-8(19)7(18)5(2-17)20-11/h3-5,7-8,11,17-19H,2H2,1H3,(H,12,13,14)/t5-,7-,8-,11-/m1/s1",VQAYFKKCNSOZKM-IOSLPCCCSA-N
1541,N-Methylolacrylamide,8.301029996,924-42-5,C=CC(=O)NCO,,,NIST,amide,Nitrogen-containing organics,"InChI=1S/C4H7NO2/c1-2-4(7)5-3-6/h2,6H,1,3H2,(H,5,7)",CNCOEDDPFOAUMB-UHFFFAOYSA-N
1542,N-Methyltryptophan,9.4465,487-59-2,CNC(CC1=CNC2=CC=CC=C21)C(=O)O,,,https://doi.org/10.1016/j.jhazmat.2025.138314,amine,Nitrogen-containing organics,"InChI=1S/C12H14N2O2/c1-13-11(12(15)16)6-8-7-14-10-5-3-2-4-9(8)10/h2-5,7,11,13-14H,6H2,1H3,(H,15,16)",CZCIKBSVHDNIDH-UHFFFAOYSA-N
1543,N-Methyltryptophan,9.4465,487-59-2,CNC(CC1=CNC2=CC=CC=C21)C(=O)O,,,https://doi.org/10.1016/j.jhazmat.2025.138172,amine,Nitrogen-containing organics,"InChI=1S/C12H14N2O2/c1-13-11(12(15)16)6-8-7-14-10-5-3-2-4-9(8)10/h2-5,7,11,13-14H,6H2,1H3,(H,15,16)",CZCIKBSVHDNIDH-UHFFFAOYSA-N
1544,N-Nitrosodimethylamine,10.17609126,62-75-9,CN(C)N=O,,,NIST,"nitroso, nitramine",Nitrogen-containing organics,InChI=1S/C2H6N2O/c1-4(2)3-5/h1-2H3,UMFJAHHVKNCGLG-UHFFFAOYSA-N
1545,N-Phenylacetamide,9.556302501,1021324-88-8,CC(=O)Nc1ccccc1,,,https://doi.org/10.1021/acs.est.1c04326,amide,Nitrogen-containing organics,"InChI=1S/C8H9NO/c1-7(10)9-8-5-3-2-4-6-8/h2-6H,1H3,(H,9,10)",FZERHIULMFGESH-UHFFFAOYSA-N
1546,N-tert-butyl-1-phenylmethanimine oxide,9.477121255,4745-47-5,CC(C)(C)[N+]([O-])=Cc1ccccc1,,,https://doi.org/10.1021/acs.est.1c04326,amine,Nitrogen-containing organics,"InChI=1S/C11H15NO/c1-11(2,3)12(13)9-10-7-5-4-6-8-10/h4-9H,1-3H3",IYSYLWYGCWTJSG-UHFFFAOYSA-N
1547,N3-,9.380211242,14343-69-2,,,,NIST,inorganic,Others / Unassigned,,
1548,N3-,9.477121255,14343-69-2,,7,,NIST,inorganic,Others / Unassigned,,
1549,"N6,N6,9-Trimethyladenine",9.602059991,3013-82-9,CN1C(N=CN=C2N(C)C)=C2N=C1,6,,NIST,imidazole,Heterocycles,"InChI=1S/C8H11N5/c1-12(2)7-6-8(10-4-9-7)13(3)5-11-6/h4-5H,1-3H3",GQKLJZOIXKFFQC-UHFFFAOYSA-N
1550,"N6,N6-Dimethyladenosine",9.591064607,2620-62-4,CN(C)C1=NC=NC2=C1N=CN2[C@H]3[C@@H]([C@@H]([C@H](O3)CO)O)O,,,NIST,imidazole,Heterocycles,"InChI=1S/C12H17N5O4/c1-16(2)10-7-11(14-4-13-10)17(5-15-7)12-9(20)8(19)6(3-18)21-12/h4-6,8-9,12,18-20H,3H2,1-2H3/t6-,8-,9-,12-/m1/s1",WVGPGNPCZPYCLK-WOUKDFQISA-N
1551,NAPHTHALENE,9.462397998,1146-65-2,c1ccc2ccccc2c1,,,https://doi.org/10.1021/acs.est.1c04326,benzene,Aromatic & PAHs,InChI=1S/C10H8/c1-2-6-10-8-4-3-7-9(10)5-1/h1-8H,UFWIBTONFRDIAS-UHFFFAOYSA-N
1552,NAPHTHALENE,9.4624,91-20-3,C1=CC=C2C=CC=CC2=C1,,,https://doi.org/10.1016/j.jhazmat.2025.137946,benzene,Aromatic & PAHs,InChI=1S/C10H8/c1-2-6-10-8-4-3-7-9(10)5-1/h1-8H,UFWIBTONFRDIAS-UHFFFAOYSA-N
1553,NCS-,9.716003344,302-04-5,C(#N)[S-],7,,NIST,sulfur-containing,Sulfur-containing organics,InChI=1S/CHNS/c2-1-3/h3H/p-1,ZMZDMBWJUHKJPS-UHFFFAOYSA-M
1554,NH4+,5.477121255,14798-03-9,[NH4+],7,,NIST,inorganic,Others / Unassigned,InChI=1S/H3N/h1H3/p+1,QGZKDVFQNNGYKY-UHFFFAOYSA-O
1555,NITROUS ACID,8.204119983,583831-54-3,ON=O,,,https://doi.org/10.1021/acs.est.1c04326,nitro,Nitrogen-containing organics,"InChI=1S/HNO2/c2-1-3/h(H,2,3)",IOVCWXUNBOPUCH-UHFFFAOYSA-N
1556,NO2-,8.944482672,14797-65-0,N(=O)[O-],7,,NIST,"nitroso, nitramine",Nitrogen-containing organics,"InChI=1S/HNO2/c2-1-3/h(H,2,3)/p-1",IOVCWXUNBOPUCH-UHFFFAOYSA-M
1557,NO2-,8.991226076,14797-65-0,N(=O)[O-],5.5,,NIST,"nitroso, nitramine",Nitrogen-containing organics,"InChI=1S/HNO2/c2-1-3/h(H,2,3)/p-1",IOVCWXUNBOPUCH-UHFFFAOYSA-M
1558,NO3-,6.146128036,14797-55-8,[N+](=O)([O-])[O-],9,,NIST,nitro,Nitrogen-containing organics,InChI=1S/NO3/c2-1(3)4/q-1,NHNBFGGVMKEFGY-UHFFFAOYSA-N
1559,NO3-,4.698970004,14797-55-8,[N+](=O)([O-])[O-],,,NIST,nitro,Nitrogen-containing organics,InChI=1S/NO3/c2-1(3)4/q-1,NHNBFGGVMKEFGY-UHFFFAOYSA-N
1560,NO3-,6.322219295,14797-55-8,[N+](=O)([O-])[O-],7.5,,NIST,nitro,Nitrogen-containing organics,InChI=1S/NO3/c2-1(3)4/q-1,NHNBFGGVMKEFGY-UHFFFAOYSA-N
1561,NO3-,5.041392685,14797-55-8,[N+](=O)([O-])[O-],1,,NIST,nitro,Nitrogen-containing organics,InChI=1S/NO3/c2-1(3)4/q-1,NHNBFGGVMKEFGY-UHFFFAOYSA-N
1562,Naphthalene,9.462397998,91-20-3,C1=CC=C2C=CC=CC2=C1,3.5,,NIST,benzene,Aromatic & PAHs,InChI=1S/C10H8/c1-2-6-10-8-4-3-7-9(10)5-1/h1-8H,UFWIBTONFRDIAS-UHFFFAOYSA-N
1563,"Naphthalene, 1-ethyl-",9.322219295,1127-76-0,CCC1=CC=CC2=CC=CC=C21,3.5,,NIST,benzene,Aromatic & PAHs,"InChI=1S/C12H12/c1-2-10-7-5-8-11-6-3-4-9-12(10)11/h3-9H,2H2,1H3",ZMXIYERNXPIYFR-UHFFFAOYSA-N
1564,Naproxen,9.8129,22204-53-1,C[C@@H](C1=CC2=C(C=C1)C=C(C=C2)OC)C(=O)O,,,https://doi.org/10.1016/j.chemosphere.2023.138888,carboxylic acid,Oxygenated organics,"InChI=1S/C14H14O3/c1-9(14(15)16)10-3-4-12-8-13(17-2)6-5-11(12)7-10/h3-9H,1-2H3,(H,15,16)/t9-/m0/s1",CMWTZPSULFXXJA-VIFPVBQESA-N
1565,Naproxen,9.7513,22204-53-1,C[C@@H](C1=CC2=C(C=C1)C=C(C=C2)OC)C(=O)O,,,https://doi.org/10.1016/j.jhazmat.2025.137915,carboxylic acid,Oxygenated organics,"InChI=1S/C14H14O3/c1-9(14(15)16)10-3-4-12-8-13(17-2)6-5-11(12)7-10/h3-9H,1-2H3,(H,15,16)/t9-/m0/s1",CMWTZPSULFXXJA-VIFPVBQESA-N
1566,Naproxen,9.861534411,119166-66-4,COc1ccc2cc(ccc2c1)C(C)C(O)=O,,,https://doi.org/10.1021/acs.est.1c04326,carboxylic acid,Oxygenated organics,"InChI=1S/C14H14O3/c1-9(14(15)16)10-3-4-12-8-13(17-2)6-5-11(12)7-10/h3-9H,1-2H3,(H,15,16)",CMWTZPSULFXXJA-UHFFFAOYSA-N
1567,Naproxen,9.7513,22204-53-1,C[C@@H](C1=CC2=C(C=C1)C=C(C=C2)OC)C(=O)O,,,https://doi.org/10.1021/acs.est.6b05536,carboxylic acid,Oxygenated organics,"InChI=1S/C14H14O3/c1-9(14(15)16)10-3-4-12-8-13(17-2)6-5-11(12)7-10/h3-9H,1-2H3,(H,15,16)/t9-/m0/s1",CMWTZPSULFXXJA-VIFPVBQESA-N
1568,Naproxen,9.892651034,22204-53-1,C[C@@H](C1=CC2=C(C=C1)C=C(C=C2)OC)C(=O)O,7,,https://doi.org/10.5004/dwt.2017.20943,carboxylic acid,Oxygenated organics,"InChI=1S/C14H14O3/c1-9(14(15)16)10-3-4-12-8-13(17-2)6-5-11(12)7-10/h3-9H,1-2H3,(H,15,16)/t9-/m0/s1",CMWTZPSULFXXJA-VIFPVBQESA-N
1569,Naproxen,9.751279104,22204-53-1,C[C@@H](C1=CC2=C(C=C1)C=C(C=C2)OC)C(=O)O,7,,10.1021/acs.est.6b05536,carboxylic acid,Oxygenated organics,"InChI=1S/C14H14O3/c1-9(14(15)16)10-3-4-12-8-13(17-2)6-5-11(12)7-10/h3-9H,1-2H3,(H,15,16)/t9-/m0/s1",CMWTZPSULFXXJA-VIFPVBQESA-N
1570,Naproxen,9.751279104,22204-53-1,COc1ccc2cc(C(C)C(=O)O)ccc2c1,7,,10.1016/j.chemosphere.2018.12.156,carboxylic acid,Oxygenated organics,"InChI=1S/C14H14O3/c1-9(14(15)16)10-3-4-12-8-13(17-2)6-5-11(12)7-10/h3-9H,1-2H3,(H,15,16)",CMWTZPSULFXXJA-UHFFFAOYSA-N
1571,Ni2+,4.698970004,14701-22-5,[Ni+2],0,,NIST,metal complex,Others / Unassigned,InChI=1S/Ni/q+2,VEQPNABPJHWNSG-UHFFFAOYSA-N
1572,Niacin,8.0043,59-67-6,C1=CC(=CN=C1)C(=O)O,,,https://doi.org/10.1016/j.jhazmat.2025.138171,pyridine,Heterocycles,"InChI=1S/C6H5NO2/c8-6(9)5-2-1-3-7-4-5/h1-4H,(H,8,9)",PVNIIMVLHYAWGP-UHFFFAOYSA-N
1573,Nitric acid,6.431363764,7697-37-2,[N+](=O)(O)[O-],,,NIST,carboxylic acid,Oxygenated organics,"InChI=1S/HNO3/c2-1(3)4/h(H,2,3,4)",GRYLNZFGIOXLOG-UHFFFAOYSA-N
1574,Nitrobenzene,6,98-95-3,C1=CC=C(C=C1)[N+](=O)[O-],7,,https://doi.org/10.1021/ja00443a030,nitro,Nitrogen-containing organics,InChI=1S/C6H5NO2/c8-7(9)6-4-2-1-3-5-6/h1-5H,LQNUZADURLCDLV-UHFFFAOYSA-N
1575,Nitrobenzene,6,98-95-3,O=[N+]([O-])c1ccccc1,7,,10.1002/chin.197714152,nitro,Nitrogen-containing organics,InChI=1S/C6H5NO2/c8-7(9)6-4-2-1-3-5-6/h1-5H,LQNUZADURLCDLV-UHFFFAOYSA-N
1576,Nitrobenzene,6,89059-37-0,[O-][N+](=O)c1ccccc1,,,https://doi.org/10.1021/acs.est.1c04326,nitro,Nitrogen-containing organics,InChI=1S/C6H5NO2/c8-7(9)6-4-2-1-3-5-6/h1-5H,LQNUZADURLCDLV-UHFFFAOYSA-N
1577,Nitrous acid,8.204119983,7782-77-6,N(=O)O,,,NIST,nitro,Nitrogen-containing organics,"InChI=1S/HNO2/c2-1-3/h(H,2,3)",IOVCWXUNBOPUCH-UHFFFAOYSA-N
1578,Nortriptylene HCl,10.301,103548-49-8,CNCC/C=C1C2=C(C=CC=C2)CCC3=C\1C=CC=C3.Cl,,,https://doi.org/10.1016/j.seppur.2018.02.055,amine,Nitrogen-containing organics,"InChI=1S/C19H21N.ClH/c1-20-14-6-11-19-17-9-4-2-7-15(17)12-13-16-8-3-5-10-18(16)19;/h2-5,7-11,20H,6,12-14H2,1H3;1H",SHAYBENGXDALFF-UHFFFAOYSA-N
1579,Nortriptylene HCl,10.30103,103548-49-8,CNCCC=C1c2ccccc2CCc2ccccc21.[H+],7,,10.1016/j.chemosphere.2018.12.156,amine,Nitrogen-containing organics,"InChI=1S/C19H21N/c1-20-14-6-11-19-17-9-4-2-7-15(17)12-13-16-8-3-5-10-18(16)19/h2-5,7-11,20H,6,12-14H2,1H3/p+1",PHVGLTMQBUFIQQ-UHFFFAOYSA-O
1580,Nortriptylene HCl,10.30103,103548-49-8,CNCC/C=C1C2=C(C=CC=C2)CCC3=C\1C=CC=C3.Cl,7,,https://doi.org/10.1016/j.seppur.2018.02.055,amine,Nitrogen-containing organics,"InChI=1S/C19H21N.ClH/c1-20-14-6-11-19-17-9-4-2-7-15(17)12-13-16-8-3-5-10-18(16)19;/h2-5,7-11,20H,6,12-14H2,1H3;1H",SHAYBENGXDALFF-UHFFFAOYSA-N
1581,NpO2+,8.84509804,,,0,,NIST,metal complex,Others / Unassigned,,
1582,OCTAN-1-OL,8.505149978,16384-97-7,CCCCCCCCO,,,https://doi.org/10.1021/acs.est.1c04326,alcohol,Oxygenated organics,"InChI=1S/C8H18O/c1-2-3-4-5-6-7-8-9/h9H,2-8H2,1H3",KBPLFHHGFOOTCA-UHFFFAOYSA-N
1583,OH-,7.146128036,14280-30-9,[OH-],,,NIST,inorganic,Others / Unassigned,InChI=1S/H2O/h1H2/p-1,XLYOFNOQVPJJNP-UHFFFAOYSA-M
1584,OH-,7.919078092,14280-30-9,[OH-],11,,NIST,inorganic,Others / Unassigned,InChI=1S/H2O/h1H2/p-1,XLYOFNOQVPJJNP-UHFFFAOYSA-M
1585,OH-,7.86332286,14280-30-9,[OH-],,,NIST,inorganic,Others / Unassigned,InChI=1S/H2O/h1H2/p-1,XLYOFNOQVPJJNP-UHFFFAOYSA-M
1586,OH-,7.812913357,14280-30-9,[OH-],,,NIST,inorganic,Others / Unassigned,InChI=1S/H2O/h1H2/p-1,XLYOFNOQVPJJNP-UHFFFAOYSA-M
1587,OXEPANE,8.380211242,130868-43-8,C1CCCOCC1,,,https://doi.org/10.1021/acs.est.1c04326,ether,Oxygenated organics,InChI=1S/C6H12O/c1-2-4-6-7-5-3-1/h1-6H2,UHHKSVZZTYJVEG-UHFFFAOYSA-N
1588,OXY(Oxytetracycline),9.025305865,35259-39-3,CN(C)[C@@H]1C(=O)/C(=C(\N)O)C(=O)[C@@]2(O)C(=O)[C-]3C(=O)c4c([O-])cccc4[C@@](C)(O)[C@H]3[C@H](O)[C@@H]12,7,25,10.1016/j.envint.2018.12.043,phenol,Oxygenated organics,"InChI=1S/C22H23N2O9/c1-21(32)7-5-4-6-8(25)9(7)15(26)10-12(21)17(28)13-14(24(2)3)16(27)11(20(23)31)19(30)22(13,33)18(10)29/h4-6,12-14,17,25,28,31-33H,23H2,1-3H3/q-1/p-1/b20-11-/t12-,13-,14+,17+,21-,22+/m1/s1",GNLYBLYBNKNSMS-GUQPPTOYSA-M
1589,Ornidazole,9.378397901,2389060-45-9,Cc1ncc(n1CC(O)CCl)[N+]([O-])=O,,,https://doi.org/10.1021/acs.est.1c04326,halogenated,Halogenated organics,"InChI=1S/C7H10ClN3O3/c1-5-9-3-7(11(13)14)10(5)4-6(12)2-8/h3,6,12H,2,4H2,1H3",IPWKIXLWTCNBKN-UHFFFAOYSA-N
1590,Ornidazole,9.5013,16773-42-5,CC1=NC=C(N1CC(CCl)O)[N+](=O)[O-],,,https://doi.org/10.1016/j.jhazmat.2025.138237,halogenated,Halogenated organics,"InChI=1S/C7H10ClN3O3/c1-5-9-3-7(11(13)14)10(5)4-6(12)2-8/h3,6,12H,2,4H2,1H3",IPWKIXLWTCNBKN-UHFFFAOYSA-N
1591,Ornidazole,9.5013,16773-42-5,CC1=NC=C(N1CC(CCl)O)[N+](=O)[O-],,,https://doi.org/10.1016/j.jhazmat.2025.138324,halogenated,Halogenated organics,"InChI=1S/C7H10ClN3O3/c1-5-9-3-7(11(13)14)10(5)4-6(12)2-8/h3,6,12H,2,4H2,1H3",IPWKIXLWTCNBKN-UHFFFAOYSA-N
1592,Ornidazole,9.530199698,16773-42-5,Cc1ncc([N+](=O)[O-])n1CC(O)CCl,7,,10.1016/j.chemosphere.2018.12.156,halogenated,Halogenated organics,"InChI=1S/C7H10ClN3O3/c1-5-9-3-7(11(13)14)10(5)4-6(12)2-8/h3,6,12H,2,4H2,1H3",IPWKIXLWTCNBKN-UHFFFAOYSA-N
1593,Ornidazole,9.378397901,16773-42-5,CC1=NC=C(N1CC(CCl)O)[N+](=O)[O-],7,,?10.1021/acs.est.6b05536,halogenated,Halogenated organics,"InChI=1S/C7H10ClN3O3/c1-5-9-3-7(11(13)14)10(5)4-6(12)2-8/h3,6,12H,2,4H2,1H3",IPWKIXLWTCNBKN-UHFFFAOYSA-N
1594,Oxalic,6.939519253,144-62-7,O=C(O)C(=O)O,4.5,25,10.1016/j.watres.2017.03.015,dicarboxylic acid,Polyfunctional / highly functionalized,"InChI=1S/C2H2O4/c3-1(4)2(5)6/h(H,3,4)(H,5,6)",MUBZPKHOEPUJKR-UHFFFAOYSA-N
1595,Oxane,8.041392685,1342100-76-8,C1CCOCC1,,,https://doi.org/10.1021/acs.est.1c04326,ether,Oxygenated organics,InChI=1S/C5H10O/c1-2-4-6-5-3-1/h1-5H2,DHXVGJBLRPWPCS-UHFFFAOYSA-N
1596,Oxcarbazepine,8.550228353,28721-07-5,NC(=O)N1c2ccccc2CC(=O)c2ccccc21,7,,10.1021/acs.est.5b03078,urea,Nitrogen-containing organics,"InChI=1S/C15H12N2O2/c16-15(19)17-12-7-3-1-5-10(12)9-14(18)11-6-2-4-8-13(11)17/h1-8H,9H2,(H2,16,19)",CTRLABGOLIVAIY-UHFFFAOYSA-N
1597,Oxcarbazepine,8.550228353,28721-07-5,C1C2=CC=CC=C2N(C3=CC=CC=C3C1=O)C(=O)N,7,,https://doi.org/10.1016/j.seppur.2017.01.007,urea,Nitrogen-containing organics,"InChI=1S/C15H12N2O2/c16-15(19)17-12-7-3-1-5-10(12)9-14(18)11-6-2-4-8-13(11)17/h1-8H,9H2,(H2,16,19)",CTRLABGOLIVAIY-UHFFFAOYSA-N
1598,Oxepane,8.380211242,592-90-5,C1CCCOCC1,,,NIST,ether,Oxygenated organics,InChI=1S/C6H12O/c1-2-4-6-7-5-3-1/h1-6H2,UHHKSVZZTYJVEG-UHFFFAOYSA-N
1599,Oxetane,8.041392685,1207175-19-6,C1COC1,,,https://doi.org/10.1021/acs.est.1c04326,ether,Oxygenated organics,InChI=1S/C3H6O/c1-2-4-3-1/h1-3H2,AHHWIHXENZJRFG-UHFFFAOYSA-N
1600,Oxetane,8.041392685,503-30-0,C1COC1,,,NIST,ether,Oxygenated organics,InChI=1S/C3H6O/c1-2-4-3-1/h1-3H2,AHHWIHXENZJRFG-UHFFFAOYSA-N
1601,Oxirane,8.049218023,24969-10-6,C1CO1,,,https://doi.org/10.1021/acs.est.1c04326,ether,Oxygenated organics,InChI=1S/C2H4O/c1-2-3-1/h1-2H2,IAYPIBMASNFSPL-UHFFFAOYSA-N
1602,Oxolane,8.380211242,1100753-12-5,C1CCOC1,,,https://doi.org/10.1021/acs.est.1c04326,ether,Oxygenated organics,InChI=1S/C4H8O/c1-2-4-5-3-1/h1-4H2,WYURNTSHIVDZCO-UHFFFAOYSA-N
1603,Oxolane (Tetrahydrofuran),8.447158031,59727-71-8,Oc1ccccc1,,,10.1021/ie9002848,phenol,Oxygenated organics,"InChI=1S/C6H6O/c7-6-4-2-1-3-5-6/h1-5,7H",ISWSIDIOOBJBQZ-UHFFFAOYSA-N
1604,Oxytetracycline,9.0253,79-57-2,C[C@@]1([C@H]2[C@@H]([C@H]3[C@@H](C(=O)C(=C([C@]3(C(=O)C2=C(C4=C1C=CC=C4O)O)O)O)C(=O)N)N(C)C)O)O,,,https://doi.org/10.1016/j.jhazmat.2025.138062,phenol,Oxygenated organics,"InChI=1S/C22H24N2O9/c1-21(32)7-5-4-6-8(25)9(7)15(26)10-12(21)17(28)13-14(24(2)3)16(27)11(20(23)31)19(30)22(13,33)18(10)29/h4-6,12-14,17,25-26,28,30,32-33H,1-3H3,(H2,23,31)/t12-,13-,14+,17+,21-,22+/m1/s1",OWFJMIVZYSDULZ-PXOLEDIWSA-N
1605,Oxytetracycline,9.0253,79-57-2,C[C@@]1([C@H]2[C@@H]([C@H]3[C@@H](C(=O)C(=C([C@]3(C(=O)C2=C(C4=C1C=CC=C4O)O)O)O)C(=O)N)N(C)C)O)O,,,https://doi.org/10.1016/j.jhazmat.2025.138207,phenol,Oxygenated organics,"InChI=1S/C22H24N2O9/c1-21(32)7-5-4-6-8(25)9(7)15(26)10-12(21)17(28)13-14(24(2)3)16(27)11(20(23)31)19(30)22(13,33)18(10)29/h4-6,12-14,17,25-26,28,30,32-33H,1-3H3,(H2,23,31)/t12-,13-,14+,17+,21-,22+/m1/s1",OWFJMIVZYSDULZ-PXOLEDIWSA-N
1606,Oxytetracycline,9.0253,79-57-2,C[C@@]1([C@H]2[C@@H]([C@H]3[C@@H](C(=O)C(=C([C@]3(C(=O)C2=C(C4=C1C=CC=C4O)O)O)O)C(=O)N)N(C)C)O)O,,,https://doi.org/10.1016/j.jhazmat.2025.138253,phenol,Oxygenated organics,"InChI=1S/C22H24N2O9/c1-21(32)7-5-4-6-8(25)9(7)15(26)10-12(21)17(28)13-14(24(2)3)16(27)11(20(23)31)19(30)22(13,33)18(10)29/h4-6,12-14,17,25-26,28,30,32-33H,1-3H3,(H2,23,31)/t12-,13-,14+,17+,21-,22+/m1/s1",OWFJMIVZYSDULZ-PXOLEDIWSA-N
1607,PHENOL,10.00432137,53379-77-4,Oc1ccccc1,,,https://doi.org/10.1021/acs.est.1c04326,phenol,Oxygenated organics,"InChI=1S/C6H6O/c7-6-4-2-1-3-5-6/h1-5,7H",ISWSIDIOOBJBQZ-UHFFFAOYSA-N
1608,PROPANE,7.602059991,344239-80-1,CCC,,,https://doi.org/10.1021/acs.est.1c04326,alkane,Aliphatic hydrocarbons,"InChI=1S/C3H8/c1-3-2/h3H2,1-2H3",ATUOYWHBWRKTHZ-UHFFFAOYSA-N
1609,Paracetamol,9.5563,103-90-2,CC(=O)NC1=CC=C(C=C1)O,,,https://doi.org/10.1016/j.chemosphere.2023.138869,phenol,Oxygenated organics,"InChI=1S/C8H9NO2/c1-6(10)9-7-2-4-8(11)5-3-7/h2-5,11H,1H3,(H,9,10)",RZVAJINKPMORJF-UHFFFAOYSA-N
1610,Paraquat dichloride,9.079181246,1910-42-5,[Cl-].[Cl-].C[n+]1ccc(cc1)c2cc[n+](C)cc2,,,https://doi.org/10.1021/acs.est.1c04326,pyridine,Heterocycles,"InChI=1S/C12H14N2.2ClH/c1-13-7-3-11(4-8-13)12-5-9-14(2)10-6-12;;/h3-10H,1-2H3;2*1H/q+2;;/p-2",FIKAKWIAUPDISJ-UHFFFAOYSA-L
1611,Paraquat dichloride,8.079181246,1910-42-5,C[n+]1ccc(-c2cc[n+](C)cc2)cc1,4,25,10.1016/j.chemosphere.2018.12.156,pyridine,Heterocycles,"InChI=1S/C12H14N2/c1-13-7-3-11(4-8-13)12-5-9-14(2)10-6-12/h3-10H,1-2H3/q+2",INFDPOAKFNIJBF-UHFFFAOYSA-N
1612,Paraquat dichloride,9.079181246,1910-42-5,C[N+]1=CC=C(C=C1)C2=CC=[N+](C=C2)C.[Cl-].[Cl-],4,,https://doi.org/10.1021/jf103054h,pyridine,Heterocycles,"InChI=1S/C12H14N2.2ClH/c1-13-7-3-11(4-8-13)12-5-9-14(2)10-6-12;;/h3-10H,1-2H3;2*1H/q+2;;/p-2",FIKAKWIAUPDISJ-UHFFFAOYSA-L
1613,Penicillamine,6.4778,52-66-4,CC(C)([C@H](C(=O)O)N)S,,,https://doi.org/10.1016/j.jhazmat.2025.138294,thiol,Sulfur-containing organics,"InChI=1S/C5H11NO2S/c1-5(2,9)3(6)4(7)8/h3,9H,6H2,1-2H3,(H,7,8)/t3-/m0/s1",VVNCNSJFMMFHPL-VKHMYHEASA-N
1614,Penicillin G,9.318063335,61-33-6,CC1([C@@H](N2[C@H](S1)[C@@H](C2=O)NC(=O)CC3=CC=CC=C3)C(=O)O)C,2.8,,10.1016/j.chemosphere.2010.07.015,"sulfide, disulfide",Sulfur-containing organics,"InChI=1S/C16H18N2O4S/c1-16(2)12(15(21)22)18-13(20)11(14(18)23-16)17-10(19)8-9-6-4-3-5-7-9/h3-7,11-12,14H,8H2,1-2H3,(H,17,19)(H,21,22)/t11-,12+,14-/m1/s1",JGSARLDLIJGVTE-MBNYWOFBSA-N
1615,Penicillin G,9.1931,61-33-6,CC1([C@@H](N2[C@H](S1)[C@@H](C2=O)NC(=O)CC3=CC=CC=C3)C(=O)O)C,,,https://doi.org/10.1016/j.jhazmat.2025.137986,"sulfide, disulfide",Sulfur-containing organics,"InChI=1S/C16H18N2O4S/c1-16(2)12(15(21)22)18-13(20)11(14(18)23-16)17-10(19)8-9-6-4-3-5-7-9/h3-7,11-12,14H,8H2,1-2H3,(H,17,19)(H,21,22)/t11-,12+,14-/m1/s1",JGSARLDLIJGVTE-MBNYWOFBSA-N
1616,Penicillin G,9.192170475,61-33-6,CC1(C)S[C@@H]2[C@H](NC(=O)Cc3ccccc3)C(=O)N2[C@H]1C(=O)O,7.4,21,10.1021/acs.est.5b03078,"sulfide, disulfide",Sulfur-containing organics,"InChI=1S/C16H18N2O4S/c1-16(2)12(15(21)22)18-13(20)11(14(18)23-16)17-10(19)8-9-6-4-3-5-7-9/h3-7,11-12,14H,8H2,1-2H3,(H,17,19)(H,21,22)/t11-,12+,14-/m1/s1",JGSARLDLIJGVTE-MBNYWOFBSA-N
1617,Penicillin G,9.730782276,8069-87-2,CC1(C)S[C@@H]2[C@H](NC(=O)Cc3ccccc3)C(=O)N2[C@H]1C(O)=O,,,https://doi.org/10.1021/acs.est.1c04326,"sulfide, disulfide",Sulfur-containing organics,"InChI=1S/C16H18N2O4S/c1-16(2)12(15(21)22)18-13(20)11(14(18)23-16)17-10(19)8-9-6-4-3-5-7-9/h3-7,11-12,14H,8H2,1-2H3,(H,17,19)(H,21,22)/t11-,12+,14-/m1/s1",JGSARLDLIJGVTE-MBNYWOFBSA-N
1618,Penicillin G,9.158362492,61-33-6,CC1([C@@H](N2[C@H](S1)[C@@H](C2=O)NC(=O)CC3=CC=CC=C3)C(=O)O)C,7.4,,https://doi.org/10.1016/j.chemosphere.2010.07.015,"sulfide, disulfide",Sulfur-containing organics,"InChI=1S/C16H18N2O4S/c1-16(2)12(15(21)22)18-13(20)11(14(18)23-16)17-10(19)8-9-6-4-3-5-7-9/h3-7,11-12,14H,8H2,1-2H3,(H,17,19)(H,21,22)/t11-,12+,14-/m1/s1",JGSARLDLIJGVTE-MBNYWOFBSA-N
1619,Penicillin G,9.1461,61-33-6,CC1([C@@H](N2[C@H](S1)[C@@H](C2=O)NC(=O)CC3=CC=CC=C3)C(=O)O)C,,,https://doi.org/10.1016/j.chemosphere.2023.138848,"sulfide, disulfide",Sulfur-containing organics,"InChI=1S/C16H18N2O4S/c1-16(2)12(15(21)22)18-13(20)11(14(18)23-16)17-10(19)8-9-6-4-3-5-7-9/h3-7,11-12,14H,8H2,1-2H3,(H,17,19)(H,21,22)/t11-,12+,14-/m1/s1",JGSARLDLIJGVTE-MBNYWOFBSA-N
1620,Penicillin G,9.969415912,61-33-6,CC1([C@@H](N2[C@H](S1)[C@@H](C2=O)NC(=O)CC3=CC=CC=C3)C(=O)O)C,7,,https://doi.org/10.1016/j.cej.2018.01.137,"sulfide, disulfide",Sulfur-containing organics,"InChI=1S/C16H18N2O4S/c1-16(2)12(15(21)22)18-13(20)11(14(18)23-16)17-10(19)8-9-6-4-3-5-7-9/h3-7,11-12,14H,8H2,1-2H3,(H,17,19)(H,21,22)/t11-,12+,14-/m1/s1",JGSARLDLIJGVTE-MBNYWOFBSA-N
1621,Penicillin G,9.1584,61-33-6,CC1([C@@H](N2[C@H](S1)[C@@H](C2=O)NC(=O)CC3=CC=CC=C3)C(=O)O)C,,,https://doi.org/10.1016/j.chemosphere.2010.07.015,"sulfide, disulfide",Sulfur-containing organics,"InChI=1S/C16H18N2O4S/c1-16(2)12(15(21)22)18-13(20)11(14(18)23-16)17-10(19)8-9-6-4-3-5-7-9/h3-7,11-12,14H,8H2,1-2H3,(H,17,19)(H,21,22)/t11-,12+,14-/m1/s1",JGSARLDLIJGVTE-MBNYWOFBSA-N
1622,Penicillin V,9.378397901,147-55-7,CC1([C@@H](N2[C@H](S1)[C@@H](C2=O)NC(=O)COC3=CC=CC=C3)C(=O)O)C,7.4,,https://doi.org/10.1016/j.jhazmat.2014.07.008,"sulfide, disulfide",Sulfur-containing organics,"InChI=1S/C16H18N2O5S/c1-16(2)12(15(21)22)18-13(20)11(14(18)24-16)17-10(19)8-23-9-6-4-3-5-7-9/h3-7,11-12,14H,8H2,1-2H3,(H,17,19)(H,21,22)/t11-,12+,14-/m1/s1",BPLBGHOLXOTWMN-MBNYWOFBSA-N
1623,Penicillin V,9.301029996,147-55-7,CC1([C@@H](N2[C@H](S1)[C@@H](C2=O)NC(=O)COC3=CC=CC=C3)C(=O)O)C,7.4,,https://doi.org/10.1016/j.chemosphere.2010.07.015,"sulfide, disulfide",Sulfur-containing organics,"InChI=1S/C16H18N2O5S/c1-16(2)12(15(21)22)18-13(20)11(14(18)24-16)17-10(19)8-23-9-6-4-3-5-7-9/h3-7,11-12,14H,8H2,1-2H3,(H,17,19)(H,21,22)/t11-,12+,14-/m1/s1",BPLBGHOLXOTWMN-MBNYWOFBSA-N
1624,Penicillin V,9.3784,147-55-7,CC1([C@@H](N2[C@H](S1)[C@@H](C2=O)NC(=O)COC3=CC=CC=C3)C(=O)O)C,,,https://doi.org/10.1016/j.chemosphere.2023.138850,"sulfide, disulfide",Sulfur-containing organics,"InChI=1S/C16H18N2O5S/c1-16(2)12(15(21)22)18-13(20)11(14(18)24-16)17-10(19)8-23-9-6-4-3-5-7-9/h3-7,11-12,14H,8H2,1-2H3,(H,17,19)(H,21,22)/t11-,12+,14-/m1/s1",BPLBGHOLXOTWMN-MBNYWOFBSA-N
1625,Penicillin V,9.342422681,148680-07-3,CC1(C)S[C@@H]2[C@H](NC(=O)COc3ccccc3)C(=O)N2[C@H]1C(O)=O,,,https://doi.org/10.1021/acs.est.1c04326,"sulfide, disulfide",Sulfur-containing organics,"InChI=1S/C16H18N2O5S/c1-16(2)12(15(21)22)18-13(20)11(14(18)24-16)17-10(19)8-23-9-6-4-3-5-7-9/h3-7,11-12,14H,8H2,1-2H3,(H,17,19)(H,21,22)/t11-,12+,14-/m1/s1",BPLBGHOLXOTWMN-MBNYWOFBSA-N
1626,Penicillin V,9.3802,147-55-7,CC1([C@@H](N2[C@H](S1)[C@@H](C2=O)NC(=O)COC3=CC=CC=C3)C(=O)O)C,,,https://doi.org/10.1016/j.jhazmat.2025.137957,"sulfide, disulfide",Sulfur-containing organics,"InChI=1S/C16H18N2O5S/c1-16(2)12(15(21)22)18-13(20)11(14(18)24-16)17-10(19)8-23-9-6-4-3-5-7-9/h3-7,11-12,14H,8H2,1-2H3,(H,17,19)(H,21,22)/t11-,12+,14-/m1/s1",BPLBGHOLXOTWMN-MBNYWOFBSA-N
1627,Penicillin V,9.301,87-08-1,CC1([C@@H](N2[C@H](S1)[C@@H](C2=O)NC(=O)COC3=CC=CC=C3)C(=O)O)C,,,https://doi.org/10.1016/j.chemosphere.2010.07.015,"sulfide, disulfide",Sulfur-containing organics,"InChI=1S/C16H18N2O5S/c1-16(2)12(15(21)22)18-13(20)11(14(18)24-16)17-10(19)8-23-9-6-4-3-5-7-9/h3-7,11-12,14H,8H2,1-2H3,(H,17,19)(H,21,22)/t11-,12+,14-/m1/s1",BPLBGHOLXOTWMN-MBNYWOFBSA-N
1628,Penicillin V,9.380963919,147-55-7,CC1(C)S[C@@H]2[C@H](NC(=O)COc3ccccc3)C(=O)N2[C@H]1C(=O)[O-],7.4,21,10.1016/j.chemosphere.2018.12.156,"sulfide, disulfide",Sulfur-containing organics,"InChI=1S/C16H18N2O5S/c1-16(2)12(15(21)22)18-13(20)11(14(18)24-16)17-10(19)8-23-9-6-4-3-5-7-9/h3-7,11-12,14H,8H2,1-2H3,(H,17,19)(H,21,22)/p-1/t11-,12+,14-/m1/s1",BPLBGHOLXOTWMN-MBNYWOFBSA-M
1629,Penicillin V,9.460897843,147-55-7,CC1([C@@H](N2[C@H](S1)[C@@H](C2=O)NC(=O)COC3=CC=CC=C3)C(=O)O)C,2.7,,10.1016/j.chemosphere.2010.07.015,"sulfide, disulfide",Sulfur-containing organics,"InChI=1S/C16H18N2O5S/c1-16(2)12(15(21)22)18-13(20)11(14(18)24-16)17-10(19)8-23-9-6-4-3-5-7-9/h3-7,11-12,14H,8H2,1-2H3,(H,17,19)(H,21,22)/t11-,12+,14-/m1/s1",BPLBGHOLXOTWMN-MBNYWOFBSA-N
1630,Pentan-1-ol,8.113943352,126840-22-0,CCCCCO,,,https://doi.org/10.1021/acs.est.1c04326,alcohol,Oxygenated organics,"InChI=1S/C5H12O/c1-2-3-4-5-6/h6H,2-5H2,1H3",AMQJEAYHLZJPGS-UHFFFAOYSA-N
1631,Pentan-3-ol,8.204119983,104338-80-9,CCC(O)CC,,,https://doi.org/10.1021/acs.est.1c04326,alcohol,Oxygenated organics,"InChI=1S/C5H12O/c1-3-5(6)4-2/h5-6H,3-4H2,1-2H3",AQIXEPGDORPWBJ-UHFFFAOYSA-N
1632,Pentoxifylline,9.4827,53254-60-7,CC(=O)CCCCN1C(=O)C2=C(N=CN2C)N(C1=O)C,,,https://doi.org/10.1016/j.jhazmat.2025.138087,imidazole,Heterocycles,"InChI=1S/C13H18N4O3/c1-9(18)6-4-5-7-17-12(19)10-11(14-8-15(10)2)16(3)13(17)20/h8H,4-7H2,1-3H3",BYPFEZZEUUWMEJ-UHFFFAOYSA-N
1633,Pentoxifylline,9.4827,53254-60-7,CC(=O)CCCCN1C(=O)C2=C(N=CN2C)N(C1=O)C,,,https://doi.org/10.1016/j.jhazmat.2025.138329,imidazole,Heterocycles,"InChI=1S/C13H18N4O3/c1-9(18)6-4-5-7-17-12(19)10-11(14-8-15(10)2)16(3)13(17)20/h8H,4-7H2,1-3H3",BYPFEZZEUUWMEJ-UHFFFAOYSA-N
1634,Pentyl acetate,7.653212514,1173022-93-9,CCCCCOC(C)=O,,,https://doi.org/10.1021/acs.est.1c04326,carboxylic acid,Oxygenated organics,"InChI=1S/C7H14O2/c1-3-4-5-6-9-7(2)8/h3-6H2,1-2H3",PGMYKACGEOXYJE-UHFFFAOYSA-N
1635,Pentyl acetate,7.6532,628-63-7,CCCCCOC(=O)C,,,https://doi.org/10.1016/j.jhazmat.2025.138118,carboxylic acid,Oxygenated organics,"InChI=1S/C7H14O2/c1-3-4-5-6-9-7(2)8/h3-6H2,1-2H3",PGMYKACGEOXYJE-UHFFFAOYSA-N
1636,Perfluorheptanoic acid,5.428134794,70955-55-4,C(=O)(C(C(C(C(C(C(F)(F)F)(F)F)(F)F)(F)F)(F)F)(F)F)O,,,https://doi.org/10.1021/acs.est.1c04326,carboxylic acid,Oxygenated organics,"InChI=1S/C7HF13O2/c8-2(9,1(21)22)3(10,11)4(12,13)5(14,15)6(16,17)7(18,19)20/h(H,21,22)",ZWBAMYVPMDSJGQ-UHFFFAOYSA-N
1637,Perfluorheptanoic acid,5.428134794,67901-66-0,N.O=C(O)C(F)(F)C(F)(F)C(F)(F)C(F)(F)C(F)(F)C(F)(F)F,,,10.1016/j.chemosphere.2018.12.156,carboxylic acid,Oxygenated organics,"InChI=1S/C7HF13O2.H3N/c8-2(9,1(21)22)3(10,11)4(12,13)5(14,15)6(16,17)7(18,19)20;/h(H,21,22);1H3",JVZREVRTMWNFME-UHFFFAOYSA-N
1638,Perfluorobutyric acid,4.113943352,375-22-4,O=C(O)C(F)(F)C(F)(F)C(F)(F)F,,,10.1016/j.chemosphere.2018.12.156,halogenated,Halogenated organics,"InChI=1S/C4HF7O2/c5-2(6,1(12)13)3(7,8)4(9,10)11/h(H,12,13)",YPJUNDFVDDCYIH-UHFFFAOYSA-N
1639,Perfluorohexanoic acid,6,307-24-4,C(=O)(C(C(C(C(C(F)(F)F)(F)F)(F)F)(F)F)(F)F)O,,,https://doi.org/10.1016/j.jhazmat.2025.138126,halogenated,Halogenated organics,"InChI=1S/C6HF11O2/c7-2(8,1(18)19)3(9,10)4(11,12)5(13,14)6(15,16)17/h(H,18,19)",PXUULQAPEKKVAH-UHFFFAOYSA-N
1640,Perfluorohexanoic acid,7.846337112,307-24-4,OC(=O)C(F)(F)C(F)(F)C(F)(F)C(F)(F)C(F)(F)F,,,https://doi.org/10.1021/acs.est.1c04326,halogenated,Halogenated organics,"InChI=1S/C6HF11O2/c7-2(8,1(18)19)3(9,10)4(11,12)5(13,14)6(15,16)17/h(H,18,19)",PXUULQAPEKKVAH-UHFFFAOYSA-N
1641,Perfluorohexanoic acid,6.100370545,307-24-4,C(=O)(C(C(C(C(C(F)(F)F)(F)F)(F)F)(F)F)(F)F)O,,,https://doi.org/10.1021/acs.est.5b03715,halogenated,Halogenated organics,"InChI=1S/C6HF11O2/c7-2(8,1(18)19)3(9,10)4(11,12)5(13,14)6(15,16)17/h(H,18,19)",PXUULQAPEKKVAH-UHFFFAOYSA-N
1642,Perfluorohexanoic acid,7.846337112,307-24-4,O=C(O)C(F)(F)C(F)(F)C(F)(F)C(F)(F)C(F)(F)F,,,10.1016/j.chemosphere.2018.12.156,halogenated,Halogenated organics,"InChI=1S/C6HF11O2/c7-2(8,1(18)19)3(9,10)4(11,12)5(13,14)6(15,16)17/h(H,18,19)",PXUULQAPEKKVAH-UHFFFAOYSA-N
1643,Perfluorohexanoic acid,7.413299764,307-24-4,C(=O)(C(C(C(C(C(F)(F)F)(F)F)(F)F)(F)F)(F)F)O,,,https://doi.org/10.1021/acs.est.5b03715,halogenated,Halogenated organics,"InChI=1S/C6HF11O2/c7-2(8,1(18)19)3(9,10)4(11,12)5(13,14)6(15,16)17/h(H,18,19)",PXUULQAPEKKVAH-UHFFFAOYSA-N
1644,Perfluorohexanoic acid,7.846337112,307-24-4,C(=O)(C(C(C(C(C(F)(F)F)(F)F)(F)F)(F)F)(F)F)O,,,https://doi.org/10.1021/acs.est.5b03715,halogenated,Halogenated organics,"InChI=1S/C6HF11O2/c7-2(8,1(18)19)3(9,10)4(11,12)5(13,14)6(15,16)17/h(H,18,19)",PXUULQAPEKKVAH-UHFFFAOYSA-N
1645,Perfluorooctanoic acid,7.413299764,335-67-1,O=C(O)C(F)(F)C(F)(F)C(F)(F)C(F)(F)C(F)(F)C(F)(F)C(F)(F)F,,,10.1016/j.chemosphere.2018.12.156,halogenated,Halogenated organics,"InChI=1S/C8HF15O2/c9-2(10,1(24)25)3(11,12)4(13,14)5(15,16)6(17,18)7(19,20)8(21,22)23/h(H,24,25)",SNGREZUHAYWORS-UHFFFAOYSA-N
1646,Perfluorooctanoic acid,7.413299764,864071-08-9,OC(=O)C(F)(F)C(F)(F)C(F)(F)C(F)(F)C(F)(F)C(F)(F)C(F)(F)F,,,https://doi.org/10.1021/acs.est.1c04326,halogenated,Halogenated organics,"InChI=1S/C8HF15O2/c9-2(10,1(24)25)3(11,12)4(13,14)5(15,16)6(17,18)7(19,20)8(21,22)23/h(H,24,25)",SNGREZUHAYWORS-UHFFFAOYSA-N
1647,Perfluoropentanoic acid,6.1004,2706-90-3,C(=O)(C(C(C(C(F)(F)F)(F)F)(F)F)(F)F)O,,,https://doi.org/10.1016/j.jhazmat.2025.138107,halogenated,Halogenated organics,"InChI=1S/C5HF9O2/c6-2(7,1(15)16)3(8,9)4(10,11)5(12,13)14/h(H,15,16)",CXZGQIAOTKWCDB-UHFFFAOYSA-N
1648,Perfluoropentanoic acid,6.100370545,2706-90-3,O=C(O)C(F)(F)C(F)(F)C(F)(F)C(F)(F)F,,,10.1016/j.chemosphere.2018.12.156,halogenated,Halogenated organics,"InChI=1S/C5HF9O2/c6-2(7,1(15)16)3(8,9)4(10,11)5(12,13)14/h(H,15,16)",CXZGQIAOTKWCDB-UHFFFAOYSA-N
1649,Perfluoropentanoic acid,6.100370545,2706-90-3,OC(=O)C(F)(F)C(F)(F)C(F)(F)C(F)(F)F,,,https://doi.org/10.1021/acs.est.1c04326,halogenated,Halogenated organics,"InChI=1S/C5HF9O2/c6-2(7,1(15)16)3(8,9)4(10,11)5(12,13)14/h(H,15,16)",CXZGQIAOTKWCDB-UHFFFAOYSA-N
1650,Perfluoropropionic acid,4.146128036,422-64-0,O=C(O)C(F)(F)C(F)(F)F,,,https://doi.org/10.1002/kin.20239,halogenated,Halogenated organics,"InChI=1S/C3HF5O2/c4-2(5,1(9)10)3(6,7)8/h(H,9,10)",LRMSQVBRUNSOJL-UHFFFAOYSA-N
1651,Perfluoropropionic acid,7.968949681,422-64-0,O=C(O)C(F)(F)C(F)(F)F,,,https://doi.org/10.1021/acs.est.5b03715,halogenated,Halogenated organics,"InChI=1S/C3HF5O2/c4-2(5,1(9)10)3(6,7)8/h(H,9,10)",LRMSQVBRUNSOJL-UHFFFAOYSA-N
1652,Perfluoropropionic acid,4.146128036,422-64-0,O=C(O)C(F)(F)C(F)(F)F,,,10.1016/j.chemosphere.2018.12.156,halogenated,Halogenated organics,"InChI=1S/C3HF5O2/c4-2(5,1(9)10)3(6,7)8/h(H,9,10)",LRMSQVBRUNSOJL-UHFFFAOYSA-N
1653,Peroxidase,6.477121255,9003-99-0,C1=CC=C(C(=C1)N)NC(=O)C2=CC=C(C=C2)CNC3=NC=CC(=N3)C4=CN=CC=C4,6.3,,NIST,pyridine,Heterocycles,"InChI=1S/C23H20N6O/c24-19-5-1-2-6-21(19)28-22(30)17-9-7-16(8-10-17)14-27-23-26-13-11-20(29-23)18-4-3-12-25-15-18/h1-13,15H,14,24H2,(H,28,30)(H,26,27,29)",HRNLUBSXIHFDHP-UHFFFAOYSA-N
1654,Phenanthrene,9.505149978,1189955-53-0,C1=CC=C2C(=C1)C=CC3=CC=CC=C32,,,https://doi.org/10.1016/j.chemosphere.2018.12.156,benzene,Aromatic & PAHs,InChI=1S/C14H10/c1-3-7-13-11(5-1)9-10-12-6-2-4-8-14(12)13/h1-10H,YNPNZTXNASCQKK-UHFFFAOYSA-N
1655,Phenanthrene,9.5051,1189955-53-0,C1=CC=C2C(=C1)C=CC3=CC=CC=C32,,,https://doi.org/10.1016/j.jhazmat.2025.137939,benzene,Aromatic & PAHs,InChI=1S/C14H10/c1-3-7-13-11(5-1)9-10-12-6-2-4-8-14(12)13/h1-10H,YNPNZTXNASCQKK-UHFFFAOYSA-N
1656,Phenanthrene,9.5052,1189955-53-0,C1=CC=C2C(=C1)C=CC3=CC=CC=C32,,,https://doi.org/10.1016/j.chemosphere.2023.138906,benzene,Aromatic & PAHs,InChI=1S/C14H10/c1-3-7-13-11(5-1)9-10-12-6-2-4-8-14(12)13/h1-10H,YNPNZTXNASCQKK-UHFFFAOYSA-N
1657,Phenanthrene,9.5052,85-01-8,C1=CC=C2C(=C1)C=CC3=CC=CC=C32,,,https://doi.org/10.1016/j.chemosphere.2020.127996,benzene,Aromatic & PAHs,InChI=1S/C14H10/c1-3-7-13-11(5-1)9-10-12-6-2-4-8-14(12)13/h1-10H,YNPNZTXNASCQKK-UHFFFAOYSA-N
1658,Phenanthrene,9.505149978,1189955-53-0,c1ccc2c(c1)ccc1ccccc12,,,10.1016/j.chemosphere.2018.12.156,benzene,Aromatic & PAHs,InChI=1S/C14H10/c1-3-7-13-11(5-1)9-10-12-6-2-4-8-14(12)13/h1-10H,YNPNZTXNASCQKK-UHFFFAOYSA-N
1659,Phenol,9.792391689,108-95-2,Oc1ccccc1,5.8,,10.1021/ie9002848,phenol,Oxygenated organics,"InChI=1S/C6H6O/c7-6-4-2-1-3-5-6/h1-5,7H",ISWSIDIOOBJBQZ-UHFFFAOYSA-N
1660,Phenol,9.7924,108-95-2,C1=CC=C(C=C1)O,,,https://doi.org/10.1016/j.chemosphere.2023.138861,phenol,Oxygenated organics,"InChI=1S/C6H6O/c7-6-4-2-1-3-5-6/h1-5,7H",ISWSIDIOOBJBQZ-UHFFFAOYSA-N
1661,Phenol,9.7924,108-95-2,C1=CC=C(C=C1)O,,,https://doi.org/10.1016/j.jhazmat.2025.137913,phenol,Oxygenated organics,"InChI=1S/C6H6O/c7-6-4-2-1-3-5-6/h1-5,7H",ISWSIDIOOBJBQZ-UHFFFAOYSA-N
1662,Phenol,9.7924,108-95-2,C1=CC=C(C=C1)O,,,https://doi.org/10.1016/S0969-806X(99)00240-6,phenol,Oxygenated organics,"InChI=1S/C6H6O/c7-6-4-2-1-3-5-6/h1-5,7H",ISWSIDIOOBJBQZ-UHFFFAOYSA-N
1663,Phenol,9.7924,108-95-2,C1=CC=C(C=C1)O,,,https://doi.org/10.1016/j.jhazmat.2025.138228,phenol,Oxygenated organics,"InChI=1S/C6H6O/c7-6-4-2-1-3-5-6/h1-5,7H",ISWSIDIOOBJBQZ-UHFFFAOYSA-N
1664,Phenylalanine,9.4685,29700-34-3,C1=CC=C(C=C1)C[C@@H](C(=O)O)N,,,https://doi.org/10.1016/j.jhazmat.2025.138315,amine,Nitrogen-containing organics,"InChI=1S/C9H11NO2/c10-8(9(11)12)6-7-4-2-1-3-5-7/h1-5,8H,6,10H2,(H,11,12)/t8-/m0/s1",COLNVLDHVKWLRT-QMMMGPOBSA-N
1665,Phenylalanine,9.4685,29700-34-3,C1=CC=C(C=C1)C[C@@H](C(=O)O)N,,,https://doi.org/10.1016/j.jhazmat.2025.138173,amine,Nitrogen-containing organics,"InChI=1S/C9H11NO2/c10-8(9(11)12)6-7-4-2-1-3-5-7/h1-5,8H,6,10H2,(H,11,12)/t8-/m0/s1",COLNVLDHVKWLRT-QMMMGPOBSA-N
1666,Phenylthiourea,9.633468456,20369-04-4,NC(=S)Nc1ccccc1,,,https://doi.org/10.1021/acs.est.1c04326,sulfur-containing,Sulfur-containing organics,"InChI=1S/C7H8N2S/c8-7(10)9-6-4-2-1-3-5-6/h1-5H,(H3,8,9,10)",FULZLIGZKMKICU-UHFFFAOYSA-N
1667,Phenylthiourea,9.6335,103-85-5,C1=CC=C(C=C1)NC(=S)N,,,https://doi.org/10.1016/j.jhazmat.2025.138274,sulfur-containing,Sulfur-containing organics,"InChI=1S/C7H8N2S/c8-7(10)9-6-4-2-1-3-5-6/h1-5H,(H3,8,9,10)",FULZLIGZKMKICU-UHFFFAOYSA-N
1668,Phenylthiourea,9.6335,103-85-5,C1=CC=C(C=C1)NC(=S)N,,,https://doi.org/10.1016/j.jhazmat.2025.137928,sulfur-containing,Sulfur-containing organics,"InChI=1S/C7H8N2S/c8-7(10)9-6-4-2-1-3-5-6/h1-5H,(H3,8,9,10)",FULZLIGZKMKICU-UHFFFAOYSA-N
1669,Phenylurea,9.832508913,64-10-8,NC(=O)Nc1ccccc1,7,24.85,10.1016/j.chemosphere.2018.12.156,urea,Nitrogen-containing organics,"InChI=1S/C7H8N2O/c8-7(10)9-6-4-2-1-3-5-6/h1-5H,(H3,8,9,10)",LUBJCRLGQSPQNN-UHFFFAOYSA-N
1670,Phenylurea,9.8325,64-10-8,C1=CC=C(C=C1)NC(=O)N,,,https://doi.org/10.1016/j.jhazmat.2025.138286,urea,Nitrogen-containing organics,"InChI=1S/C7H8N2O/c8-7(10)9-6-4-2-1-3-5-6/h1-5H,(H3,8,9,10)",LUBJCRLGQSPQNN-UHFFFAOYSA-N
1671,Phenylurea,9.832508913,64-10-8,NC(=O)Nc1ccccc1,7,,https://doi.org/10.1002/cphc.200500004,urea,Nitrogen-containing organics,"InChI=1S/C7H8N2O/c8-7(10)9-6-4-2-1-3-5-6/h1-5H,(H3,8,9,10)",LUBJCRLGQSPQNN-UHFFFAOYSA-N
1672,Phenylurea,9.8325,64-10-8,C1=CC=C(C=C1)NC(=O)N,,,https://doi.org/10.1016/j.jhazmat.2025.138055,urea,Nitrogen-containing organics,"InChI=1S/C7H8N2O/c8-7(10)9-6-4-2-1-3-5-6/h1-5H,(H3,8,9,10)",LUBJCRLGQSPQNN-UHFFFAOYSA-N
1673,Phenytoin,8.7924,57-41-0,C1=CC=C(C=C1)C2(C(=O)NC(=O)N2)C3=CC=CC=C3,,,https://doi.org/10.1016/j.jhazmat.2025.138019,urea,Nitrogen-containing organics,"InChI=1S/C15H12N2O2/c18-13-15(17-14(19)16-13,11-7-3-1-4-8-11)12-9-5-2-6-10-12/h1-10H,(H2,16,17,18,19)",CXOFVDLJLONNDW-UHFFFAOYSA-N
1674,Phenytoin,8.792391689,57-41-0,O=C1NC(=O)C(c2ccccc2)(c2ccccc2)N1,7,,doi.org/10.1016/j.watres.2012.06.006,urea,Nitrogen-containing organics,"InChI=1S/C15H12N2O2/c18-13-15(17-14(19)16-13,11-7-3-1-4-8-11)12-9-5-2-6-10-12/h1-10H,(H2,16,17,18,19)",CXOFVDLJLONNDW-UHFFFAOYSA-N
1675,Piperacillin,9.068185862,2170771-47-6,O.CCN1CCN(C(=O)N[C@@H](C(=O)N[C@H]2[C@H]3SC(C)(C)[C@@H](N3C2=O)C(O)=O)c4ccccc4)C(=O)C1=O,,,https://doi.org/10.1021/acs.est.1c04326,"sulfide, disulfide",Sulfur-containing organics,"InChI=1S/C23H27N5O7S.H2O/c1-4-26-10-11-27(19(32)18(26)31)22(35)25-13(12-8-6-5-7-9-12)16(29)24-14-17(30)28-15(21(33)34)23(2,3)36-20(14)28;/h5-9,13-15,20H,4,10-11H2,1-3H3,(H,24,29)(H,25,35)(H,33,34);1H2/t13-,14-,15+,20-;/m1./s1",NBXPLBPWMYNZTC-IDYPWDAWSA-N
1676,Piperacillin,9.068185862,61477-96-1,CCN1CCN(C(=O)C1=O)C(=O)N[C@H](C2=CC=CC=C2)C(=O)N[C@H]3[C@@H]4N(C3=O)[C@H](C(S4)(C)C)C(=O)O,7.4,,https://doi.org/10.1016/j.chemosphere.2010.07.015,"sulfide, disulfide",Sulfur-containing organics,"InChI=1S/C23H27N5O7S/c1-4-26-10-11-27(19(32)18(26)31)22(35)25-13(12-8-6-5-7-9-12)16(29)24-14-17(30)28-15(21(33)34)23(2,3)36-20(14)28/h5-9,13-15,20H,4,10-11H2,1-3H3,(H,24,29)(H,25,35)(H,33,34)/t13-,14-,15+,20-/m1/s1",IVBHGBMCVLDMKU-GXNBUGAJSA-N
1677,Piperacillin,9.240549248,61477-96-1,CCN1CCN(C(=O)C1=O)C(=O)N[C@H](C2=CC=CC=C2)C(=O)N[C@H]3[C@@H]4N(C3=O)[C@H](C(S4)(C)C)C(=O)O,~2.5,,10.1016/j.chemosphere.2010.07.015,"sulfide, disulfide",Sulfur-containing organics,"InChI=1S/C23H27N5O7S/c1-4-26-10-11-27(19(32)18(26)31)22(35)25-13(12-8-6-5-7-9-12)16(29)24-14-17(30)28-15(21(33)34)23(2,3)36-20(14)28/h5-9,13-15,20H,4,10-11H2,1-3H3,(H,24,29)(H,25,35)(H,33,34)/t13-,14-,15+,20-/m1/s1",IVBHGBMCVLDMKU-GXNBUGAJSA-N
1678,Piperacillin,9.154367555,61477-96-1,CCN1CCN(C(=O)N[C@@H](C(=O)N[C@@H]2C(=O)N3[C@@H](C(=O)O)C(C)(C)S[C@H]23)c2ccccc2)C(=O)C1=O,7.4,21,10.1016/j.chemosphere.2018.12.156,"sulfide, disulfide",Sulfur-containing organics,"InChI=1S/C23H27N5O7S/c1-4-26-10-11-27(19(32)18(26)31)22(35)25-13(12-8-6-5-7-9-12)16(29)24-14-17(30)28-15(21(33)34)23(2,3)36-20(14)28/h5-9,13-15,20H,4,10-11H2,1-3H3,(H,24,29)(H,25,35)(H,33,34)/t13-,14-,15+,20-/m1/s1",IVBHGBMCVLDMKU-GXNBUGAJSA-N
1679,Piperacillin,9.0792,61477-96-1,CCN1CCN(C(=O)C1=O)C(=O)N[C@H](C2=CC=CC=C2)C(=O)N[C@H]3[C@@H]4N(C3=O)[C@H](C(S4)(C)C)C(=O)O,,,https://doi.org/10.1016/j.chemosphere.2023.138849,"sulfide, disulfide",Sulfur-containing organics,"InChI=1S/C23H27N5O7S/c1-4-26-10-11-27(19(32)18(26)31)22(35)25-13(12-8-6-5-7-9-12)16(29)24-14-17(30)28-15(21(33)34)23(2,3)36-20(14)28/h5-9,13-15,20H,4,10-11H2,1-3H3,(H,24,29)(H,25,35)(H,33,34)/t13-,14-,15+,20-/m1/s1",IVBHGBMCVLDMKU-GXNBUGAJSA-N
1680,Primidone,8.72427587,125-33-7,CCC1(c2ccccc2)C(=O)NCNC1=O,7,,doi.org/10.1016/j.watres.2012.06.006,amide,Nitrogen-containing organics,"InChI=1S/C12H14N2O2/c1-2-12(9-6-4-3-5-7-9)10(15)13-8-14-11(12)16/h3-7H,2,8H2,1H3,(H,13,15)(H,14,16)",DQMZLTXERSFNPB-UHFFFAOYSA-N
1681,Primidone,8.7243,125-33-7,CCC1(C(=O)NCNC1=O)C2=CC=CC=C2,,,https://doi.org/10.1016/j.jhazmat.2025.138022,amide,Nitrogen-containing organics,"InChI=1S/C12H14N2O2/c1-2-12(9-6-4-3-5-7-9)10(15)13-8-14-11(12)16/h3-7H,2,8H2,1H3,(H,13,15)(H,14,16)",DQMZLTXERSFNPB-UHFFFAOYSA-N
1682,Propan-1-ol,7.770852012,,CCCO,,,https://doi.org/10.1021/acs.est.1c04326,alcohol,Oxygenated organics,"InChI=1S/C3H8O/c1-2-3-4/h4H,2-3H2,1H3",BDERNNFJNOPAEC-UHFFFAOYSA-N
1683,Propan-2-ol,7.544068044,1803598-00-6,CC(C)O,,,https://doi.org/10.1021/acs.est.1c04326,alcohol,Oxygenated organics,"InChI=1S/C3H8O/c1-3(2)4/h3-4H,1-2H3",KFZMGEQAYNKOFK-UHFFFAOYSA-N
1684,Propane,7.602059991,74-98-6,CCC,,,NIST,alkane,Aliphatic hydrocarbons,"InChI=1S/C3H8/c1-3-2/h3H2,1-2H3",ATUOYWHBWRKTHZ-UHFFFAOYSA-N
1685,"Propane, 1-(ethenyloxy)-2-methyl-",9.176091259,109-53-5,CC(C)COC=C,,,NIST,alkane,Aliphatic hydrocarbons,"InChI=1S/C6H12O/c1-4-7-5-6(2)3/h4,6H,1,5H2,2-3H3",OZCMOJQQLBXBKI-UHFFFAOYSA-N
1686,Propanedioate,6.740362689,19370-93-5,[O-]C(=O)CC([O-])=O,,,https://doi.org/10.1021/acs.est.1c04326,dicarboxylic acid,Polyfunctional / highly functionalized,"InChI=1S/C3H4O4/c4-2(5)1-3(6)7/h1H2,(H,4,5)(H,6,7)/p-2",OFOBLEOULBTSOW-UHFFFAOYSA-L
1687,Propazine,9.342422681,446276-68-2,CC(C)Nc1nc(Cl)nc(NC(C)C)n1,,,https://doi.org/10.1021/acs.est.1c04326,halogenated,Halogenated organics,"InChI=1S/C9H16ClN5/c1-5(2)11-8-13-7(10)14-9(15-8)12-6(3)4/h5-6H,1-4H3,(H2,11,12,13,14,15)",WJNRPILHGGKWCK-UHFFFAOYSA-N
1688,Propazine,9.342422681,139-40-2,CC(C)Nc1nc(Cl)nc(NC(C)C)n1,7.5,,doi.org/10.1016/j.watres.2012.06.006,halogenated,Halogenated organics,"InChI=1S/C9H16ClN5/c1-5(2)11-8-13-7(10)14-9(15-8)12-6(3)4/h5-6H,1-4H3,(H2,11,12,13,14,15)",WJNRPILHGGKWCK-UHFFFAOYSA-N
1689,Propazine,9.342422681,139-40-2,CC(C)NC1=NC(=NC(=N1)Cl)NC(C)C,7~8,,https://doi.org/10.1021/es503496u,halogenated,Halogenated organics,"InChI=1S/C9H16ClN5/c1-5(2)11-8-13-7(10)14-9(15-8)12-6(3)4/h5-6H,1-4H3,(H2,11,12,13,14,15)",WJNRPILHGGKWCK-UHFFFAOYSA-N
1690,"Propazine
6-Chloro-2,4-isopropylamino -1,3,5-triazine",9.342422681,163165-75-1,CC(C)Nc1nc(Cl)nc(NC(C)C)n1,7,,doi.org/10.1016/j.watres.2012.06.006,halogenated,Halogenated organics,"InChI=1S/C9H16ClN5/c1-5(2)11-8-13-7(10)14-9(15-8)12-6(3)4/h5-6H,1-4H3,(H2,11,12,13,14,15)",WJNRPILHGGKWCK-UHFFFAOYSA-N
1691,Propionate ion,6.662757832,93278-49-0,CCC(=O)[O-],7,25,10.1063/1.555808,carboxylic acid,Oxygenated organics,"InChI=1S/C3H6O2/c1-2-3(4)5/h2H2,1H3,(H,4,5)/p-1",XBDQKXXYIPTUBI-UHFFFAOYSA-M
1692,Propranolol,9.6803,525-66-6,CC(C)NCC(COC1=CC=CC2=CC=CC=C21)O,,,https://doi.org/10.1021/acs.est.6b05536,amine,Nitrogen-containing organics,"InChI=1S/C16H21NO2/c1-12(2)17-10-14(18)11-19-16-9-5-7-13-6-3-4-8-15(13)16/h3-9,12,14,17-18H,10-11H2,1-2H3",AQHHHDLHHXJYJD-UHFFFAOYSA-N
1693,Propranolol,9.6803,525-66-6,CC(C)NCC(COC1=CC=CC2=CC=CC=C21)O,,,https://doi.org/10.1016/j.jhazmat.2025.138280,amine,Nitrogen-containing organics,"InChI=1S/C16H21NO2/c1-12(2)17-10-14(18)11-19-16-9-5-7-13-6-3-4-8-15(13)16/h3-9,12,14,17-18H,10-11H2,1-2H3",AQHHHDLHHXJYJD-UHFFFAOYSA-N
1694,Propranolol,9.680335513,525-66-6,CC(C)NCC(COC1=CC=CC2=CC=CC=C21)O,7,,https://doi.org/10.1021/acs.est.6b05536,amine,Nitrogen-containing organics,"InChI=1S/C16H21NO2/c1-12(2)17-10-14(18)11-19-16-9-5-7-13-6-3-4-8-15(13)16/h3-9,12,14,17-18H,10-11H2,1-2H3",AQHHHDLHHXJYJD-UHFFFAOYSA-N
1695,Propranolol,10.46834733,525-66-6,CC(C)NCC(COC1=CC=CC2=CC=CC=C21)O,5,,https://doi.org/10.1016/j.chemosphere.2018.02.158,amine,Nitrogen-containing organics,"InChI=1S/C16H21NO2/c1-12(2)17-10-14(18)11-19-16-9-5-7-13-6-3-4-8-15(13)16/h3-9,12,14,17-18H,10-11H2,1-2H3",AQHHHDLHHXJYJD-UHFFFAOYSA-N
1696,Propranolol,9.6803,525-66-6,CC(C)NCC(COC1=CC=CC2=CC=CC=C21)O,,,https://doi.org/10.1016/j.jhazmat.2025.138226,amine,Nitrogen-containing organics,"InChI=1S/C16H21NO2/c1-12(2)17-10-14(18)11-19-16-9-5-7-13-6-3-4-8-15(13)16/h3-9,12,14,17-18H,10-11H2,1-2H3",AQHHHDLHHXJYJD-UHFFFAOYSA-N
1697,Propranolol,9.680335513,525-66-6,CC(C)NCC(O)COc1cccc2ccccc12,7,,10.1016/j.chemosphere.2018.12.156,amine,Nitrogen-containing organics,"InChI=1S/C16H21NO2/c1-12(2)17-10-14(18)11-19-16-9-5-7-13-6-3-4-8-15(13)16/h3-9,12,14,17-18H,10-11H2,1-2H3",AQHHHDLHHXJYJD-UHFFFAOYSA-N
1698,Propranolol,9.6803,525-66-6,CC(C)NCC(COC1=CC=CC2=CC=CC=C21)O,,,https://doi.org/10.1016/j.jhazmat.2025.137922,amine,Nitrogen-containing organics,"InChI=1S/C16H21NO2/c1-12(2)17-10-14(18)11-19-16-9-5-7-13-6-3-4-8-15(13)16/h3-9,12,14,17-18H,10-11H2,1-2H3",AQHHHDLHHXJYJD-UHFFFAOYSA-N
1699,Pyridine,8.342422681,110-86-1,C1=CC=NC=C1,7,,NIST,pyridine,Heterocycles,InChI=1S/C5H5N/c1-2-4-6-5-3-1/h1-5H,JUJWROOIHBZHMG-UHFFFAOYSA-N
1700,Pyridine,8.342422681,58888-58-7,c1ccncc1,,,https://doi.org/10.1021/acs.est.1c04326,pyridine,Heterocycles,InChI=1S/C5H5N/c1-2-4-6-5-3-1/h1-5H,JUJWROOIHBZHMG-UHFFFAOYSA-N
1701,Pyridinium,7.301029996,16969-45-2,C1=CC=[NH+]C=C1,3.9,,NIST,pyridine,Heterocycles,InChI=1S/C5H5N/c1-2-4-6-5-3-1/h1-5H/p+1,JUJWROOIHBZHMG-UHFFFAOYSA-O
1702,Pyridinium ion,7.342422681,16969-45-2,c1cc[nH+]cc1,3.9,25,10.1063/1.555808,pyridine,Heterocycles,InChI=1S/C5H5N/c1-2-4-6-5-3-1/h1-5H/p+1,JUJWROOIHBZHMG-UHFFFAOYSA-O
1703,Pyrimidine,8,767-79-3,c1cncnc1,,,https://doi.org/10.1021/acs.est.1c04326,heterocycle,Heterocycles,InChI=1S/C4H4N2/c1-2-5-4-6-3-1/h1-4H,CZPWVGJYEJSRLH-UHFFFAOYSA-N
1704,Pyrimidine,8,289-95-2,C1=CN=CN=C1,9,,NIST,heterocycle,Heterocycles,InChI=1S/C4H4N2/c1-2-5-4-6-3-1/h1-4H,CZPWVGJYEJSRLH-UHFFFAOYSA-N
1705,"Pyromellitate ion ((1,2,4,5-Benzenetetracarboxylate
ion))",7.230448921,54553-90-1,O=C([O-])c1cc(C(=O)[O-])c(C(=O)[O-])cc1C(=O)[O-],9,25,10.1063/1.555808,dicarboxylic acid,Polyfunctional / highly functionalized,"InChI=1S/C10H6O8/c11-7(12)3-1-4(8(13)14)6(10(17)18)2-5(3)9(15)16/h1-2H,(H,11,12)(H,13,14)(H,15,16)(H,17,18)/p-4",CYIDZMCFTVVTJO-UHFFFAOYSA-J
1706,Ractopamine,9.2253,97825-25-7,CC(CCC1=CC=C(C=C1)O)NCC(C2=CC=C(C=C2)O)O,,,https://doi.org/10.1016/j.jhazmat.2025.137983,phenol,Oxygenated organics,"InChI=1S/C18H23NO3/c1-13(2-3-14-4-8-16(20)9-5-14)19-12-18(22)15-6-10-17(21)11-7-15/h4-11,13,18-22H,2-3,12H2,1H3",YJQZYXCXBBCEAQ-UHFFFAOYSA-N
1707,Ractopamine,9.225309282,97825-25-7,CC(CCc1ccc(O)cc1)NCC(O)c1ccc(O)cc1,7,,10.1016/j.chemosphere.2018.12.156,phenol,Oxygenated organics,"InChI=1S/C18H23NO3/c1-13(2-3-14-4-8-16(20)9-5-14)19-12-18(22)15-6-10-17(21)11-7-15/h4-11,13,18-22H,2-3,12H2,1H3",YJQZYXCXBBCEAQ-UHFFFAOYSA-N
1708,Ractopamine,9.225309282,97825-25-7,CC(CCC1=CC=C(C=C1)O)NCC(C2=CC=C(C=C2)O)O,7,,https://doi.org/10.1021/acs.est.6b05536,phenol,Oxygenated organics,"InChI=1S/C18H23NO3/c1-13(2-3-14-4-8-16(20)9-5-14)19-12-18(22)15-6-10-17(21)11-7-15/h4-11,13,18-22H,2-3,12H2,1H3",YJQZYXCXBBCEAQ-UHFFFAOYSA-N
1709,Rebaudoside A,8.322219295,2385067-57-0,,7.4,,https://doi.org/10.1021/jp3047246,diol,Polyfunctional / highly functionalized,,
1710,Rhodamine B,7.923761961,69319-23-9,CCN(CC)C1=CC2=C(C=C1)C(=C3C=CC(=[N+](CC)CC)C=C3O2)C4=CC=CC=C4C(=O)O.[Cl-],,,https://doi.org/10.1016/j.jcis.2018.01.016,amine,Nitrogen-containing organics,"InChI=1S/C28H30N2O3.ClH/c1-5-29(6-2)19-13-15-23-25(17-19)33-26-18-20(30(7-3)8-4)14-16-24(26)27(23)21-11-9-10-12-22(21)28(31)32;/h9-18H,5-8H2,1-4H3;1H",PYWVYCXTNDRMGF-UHFFFAOYSA-N
1711,Rhodamine B,6.923761961,69319-23-9,CCN(CC)c1ccc2c(-c3ccccc3C(=O)O)c3ccc(N(CC)CC)cc3[o+]c2c1,,25,10.1016/j.chemosphere.2018.12.156,amine,Nitrogen-containing organics,"InChI=1S/C28H30N2O3/c1-5-29(6-2)19-13-15-23-25(17-19)33-26-18-20(30(7-3)8-4)14-16-24(26)27(23)21-11-9-10-12-22(21)28(31)32/h9-18H,5-8H2,1-4H3/p+1",CVAVMIODJQHEEH-UHFFFAOYSA-O
1712,Rhodamine B,10.54406804,69319-23-9,CCN(CC)C1=CC2=C(C=C1)C(=C3C=CC(=[N+](CC)CC)C=C3O2)C4=CC=CC=C4C(=O)O.[Cl-],,,https://doi.org/10.1016/j.apcatb.2018.04.058,amine,Nitrogen-containing organics,"InChI=1S/C28H30N2O3.ClH/c1-5-29(6-2)19-13-15-23-25(17-19)33-26-18-20(30(7-3)8-4)14-16-24(26)27(23)21-11-9-10-12-22(21)28(31)32;/h9-18H,5-8H2,1-4H3;1H",PYWVYCXTNDRMGF-UHFFFAOYSA-N
1713,Riboflavine,9.903089987,83-88-5,CC1=CC2=C(C=C1C)N(C3=NC(=O)NC(=O)C3=N2)C[C@@H]([C@@H]([C@@H](CO)O)O)O,4,,NIST,diol,Polyfunctional / highly functionalized,"InChI=1S/C17H20N4O6/c1-7-3-9-10(4-8(7)2)21(5-11(23)14(25)12(24)6-22)15-13(18-9)16(26)20-17(27)19-15/h3-4,11-12,14,22-25H,5-6H2,1-2H3,(H,20,26,27)/t11-,12+,14-/m0/s1",AUNGANRZJHBGPY-SCRDCRAPSA-N
1714,Ribonuclease A,10.07918125,9001-99-4,C1=C(NC=N1)CC(C(=O)O)NC(=O)CCN,7,,NIST,imidazole,Heterocycles,"InChI=1S/C9H14N4O3/c10-2-1-8(14)13-7(9(15)16)3-6-4-11-5-12-6/h4-5,7H,1-3,10H2,(H,11,12)(H,13,14)(H,15,16)",CQOVPNPJLQNMDC-UHFFFAOYSA-N
1715,Ribose-5-phosphate,7.397940009,3615-55-2,C([C@H]([C@H]([C@H](C=O)O)O)O)OP(=O)(O)O,4.6,,NIST,phosphorus,Phosphorus-containing organics,"InChI=1S/C5H11O8P/c6-1-3(7)5(9)4(8)2-13-14(10,11)12/h1,3-5,7-9H,2H2,(H2,10,11,12)/t3-,4+,5-/m0/s1",PPQRONHOSHZGFQ-LMVFSUKVSA-N
1716,Ronidazole,9.392696953,7681-76-7,Cn1c(COC(N)=O)ncc1[N+]([O-])=O,,,https://doi.org/10.1021/acs.est.1c04326,imidazole,Heterocycles,"InChI=1S/C6H8N4O4/c1-9-4(3-14-6(7)11)8-2-5(9)10(12)13/h2H,3H2,1H3,(H2,7,11)",PQFRTXSWDXZRRS-UHFFFAOYSA-N
1717,Ronidazole,9.3927,7681-76-7,CN1C(=CN=C1COC(=O)N)[N+](=O)[O-],,,https://doi.org/10.1016/j.jhazmat.2025.138104,imidazole,Heterocycles,"InChI=1S/C6H8N4O4/c1-9-4(3-14-6(7)11)8-2-5(9)10(12)13/h2H,3H2,1H3,(H2,7,11)",PQFRTXSWDXZRRS-UHFFFAOYSA-N
1718,Ronidazole,9.3927,7681-76-7,CN1C(=CN=C1COC(=O)N)[N+](=O)[O-],,,https://doi.org/10.1016/j.jhazmat.2025.138263,imidazole,Heterocycles,"InChI=1S/C6H8N4O4/c1-9-4(3-14-6(7)11)8-2-5(9)10(12)13/h2H,3H2,1H3,(H2,7,11)",PQFRTXSWDXZRRS-UHFFFAOYSA-N
1719,Ronidazole,9.392696953,7681-76-7,Cn1c([N+](=O)[O-])cnc1COC(N)=O,7,,10.1016/j.chemosphere.2018.12.156,imidazole,Heterocycles,"InChI=1S/C6H8N4O4/c1-9-4(3-14-6(7)11)8-2-5(9)10(12)13/h2H,3H2,1H3,(H2,7,11)",PQFRTXSWDXZRRS-UHFFFAOYSA-N
1720,Ronidazole,9.392696953,7681-76-7,CN1C(=CN=C1COC(=O)N)[N+](=O)[O-],7,,?10.1021/acs.est.6b05536,imidazole,Heterocycles,"InChI=1S/C6H8N4O4/c1-9-4(3-14-6(7)11)8-2-5(9)10(12)13/h2H,3H2,1H3,(H2,7,11)",PQFRTXSWDXZRRS-UHFFFAOYSA-N
1721,Ru(bpy)32+,9.698970004,15158-62-0,C1(C2=NC=CC=C2)=NC=CC=C1.C3(C4=NC=CC=C4)=NC=CC=C3.C5(C6=NC=CC=C6)=NC=CC=C5.[Ru+2],,,NIST,metal complex,Others / Unassigned,InChI=1S/3C10H8N2.Ru/c3*1-3-7-11-9(5-1)10-6-2-4-8-12-10;/h3*1-8H;/q;;;+2,HNVRWFFXWFXICS-UHFFFAOYSA-N
1722,Ru(bpy)32+,9.51851394,15158-62-0,C1(C2=NC=CC=C2)=NC=CC=C1.C3(C4=NC=CC=C4)=NC=CC=C3.C5(C6=NC=CC=C6)=NC=CC=C5.[Ru+2],0,,NIST,metal complex,Others / Unassigned,InChI=1S/3C10H8N2.Ru/c3*1-3-7-11-9(5-1)10-6-2-4-8-12-10;/h3*1-8H;/q;;;+2,HNVRWFFXWFXICS-UHFFFAOYSA-N
1723,Ru(bpy)32+,9.69019608,15158-62-0,C1(C2=NC=CC=C2)=NC=CC=C1.C3(C4=NC=CC=C4)=NC=CC=C3.C5(C6=NC=CC=C6)=NC=CC=C5.[Ru+2],4.7,,NIST,metal complex,Others / Unassigned,InChI=1S/3C10H8N2.Ru/c3*1-3-7-11-9(5-1)10-6-2-4-8-12-10;/h3*1-8H;/q;;;+2,HNVRWFFXWFXICS-UHFFFAOYSA-N
1724,S-Methylcysteine,9.6738,7728-98-5,CSC[C@@H](C(=O)O)N,,,https://doi.org/10.1016/j.jhazmat.2025.138174,"sulfide, disulfide",Sulfur-containing organics,"InChI=1S/C4H9NO2S/c1-8-2-3(5)4(6)7/h3H,2,5H2,1H3,(H,6,7)/t3-/m0/s1",IDIDJDIHTAOVLG-VKHMYHEASA-N
1725,S-Methylcysteine,9.6738,7728-98-5,CSC[C@@H](C(=O)O)N,,,https://doi.org/10.1016/j.jhazmat.2025.138308,"sulfide, disulfide",Sulfur-containing organics,"InChI=1S/C4H9NO2S/c1-8-2-3(5)4(6)7/h3H,2,5H2,1H3,(H,6,7)/t3-/m0/s1",IDIDJDIHTAOVLG-VKHMYHEASA-N
1726,S2O82-,5.799340549,,,5,,NIST,inorganic,Others / Unassigned,,
1727,S2O82-,5.698970004,,,0,,NIST,inorganic,Others / Unassigned,,
1728,S2O82-,5.785329835,,,4.9,,NIST,inorganic,Others / Unassigned,,
1729,S2O82-,5.819543936,,,,,NIST,inorganic,Others / Unassigned,,
1730,SDM (sulfadimethoxypyrimidine),10.61909333,342884-71-3,COc1cc(OC)nc(NS(=O)(=O)c2ccc(N)cc2)n1,8,,10.1016/j.chemosphere.2018.12.156,sulfoxide,Sulfur-containing organics,"InChI=1S/C12H14N4O4S/c1-19-10-7-11(20-2)15-12(14-10)16-21(17,18)9-5-3-8(13)4-6-9/h3-7H,13H2,1-2H3,(H,14,15,16)",RMSFTZDTJHYIFE-UHFFFAOYSA-N
1731,SDZ(Sulfadiazine),10.61909333,1033846-45-5,Nc1ccc(S(=O)(=O)Nc2ncccn2)cc1,8,,10.1016/j.chemosphere.2018.12.156,sulfoxide,Sulfur-containing organics,"InChI=1S/C10H10N4O2S/c11-8-2-4-9(5-3-8)17(15,16)14-10-12-6-1-7-13-10/h1-7H,11H2,(H,12,13,14)",SEEPANYCNGTZFQ-UHFFFAOYSA-N
1732,SIZ(sulfisoxazole),11.20411998,73247-57-1,Cc1noc(NS(=O)(=O)c2ccc(N)cc2)c1C,8,,doi.org/10.1016/j.watres.2012.06.006,sulfoxide,Sulfur-containing organics,"InChI=1S/C11H13N3O3S/c1-7-8(2)13-17-11(7)14-18(15,16)10-5-3-9(12)4-6-10/h3-6,14H,12H2,1-2H3",NHUHCSRWZMLRLA-UHFFFAOYSA-N
1733,SM1(sulfamerazine),10.69019608,2088179-99-9,Cc1ccnc(NS(=O)(=O)c2ccc(N)cc2)n1,8,,10.1016/j.chemosphere.2018.12.156,sulfoxide,Sulfur-containing organics,"InChI=1S/C11H12N4O2S/c1-8-6-7-13-11(14-8)15-18(16,17)10-4-2-9(12)3-5-10/h2-7H,12H2,1H3,(H,13,14,15)",QPPBRPIAZZHUNT-UHFFFAOYSA-N
1734,SM2(sulfamethazine),10.61909333,1562333-92-9,Cc1cc(C)nc(NS(=O)(=O)c2ccc(N)cc2)n1,8,,10.1016/j.chemosphere.2018.12.156,sulfoxide,Sulfur-containing organics,"InChI=1S/C12H14N4O2S/c1-8-7-9(2)15-12(14-8)16-19(17,18)11-5-3-10(13)4-6-11/h3-7H,13H2,1-2H3,(H,14,15,16)",ASWVTGNCAZCNNR-UHFFFAOYSA-N
1735,SMM(sulfamonomethoxine),10.61909333,1054451-22-7,COc1cc(NS(=O)(=O)c2ccc(N)cc2)ncn1,8,,10.1016/j.chemosphere.2018.12.156,sulfoxide,Sulfur-containing organics,"InChI=1S/C11H12N4O3S/c1-18-11-6-10(13-7-14-11)15-19(16,17)9-4-2-8(12)3-5-9/h2-7H,12H2,1H3,(H,13,14,15)",WMPXPUYPYQKQCX-UHFFFAOYSA-N
1736,SMP(sulfamethoxypyridazine),10.61909333,606-05-3,COc1ccc(NS(=O)(=O)c2ccc(N)cc2)nn1,8,,10.1016/j.chemosphere.2018.12.156,sulfoxide,Sulfur-containing organics,"InChI=1S/C11H12N4O3S/c1-18-11-7-6-10(13-14-11)15-19(16,17)9-4-2-8(12)3-5-9/h2-7H,12H2,1H3,(H,13,15)",VLYWMPOKSSWJAL-UHFFFAOYSA-N
1737,SMZ(Simazine),9.025305865,8064-90-2,CCNc1nc(Cl)nc(NCC)n1,7,25,10.1016/j.envint.2018.12.043,triazine,Heterocycles,"InChI=1S/C7H12ClN5/c1-3-9-6-11-5(8)12-7(13-6)10-4-2/h3-4H2,1-2H3,(H2,9,10,11,12,13)",ODCWYMIRDDJXKW-UHFFFAOYSA-N
1738,SO32-,8.568201724,14265-45-3,,,,NIST,inorganic,Others / Unassigned,,
1739,SO32-,8.755874856,14265-45-3,,,,NIST,inorganic,Others / Unassigned,,
1740,SO4路-,8.431363764,12143-45-2,,4.5,,NIST,inorganic,Others / Unassigned,,
1741,SO4路-,8.653212514,12143-45-2,,5.1,,NIST,inorganic,Others / Unassigned,,
1742,SO4路-,8.681241237,12143-45-2,,4.8,,NIST,inorganic,Others / Unassigned,,
1743,SO4路-,8.568201724,12143-45-2,,,,NIST,inorganic,Others / Unassigned,,
1744,SO4路-,8.880813592,12143-45-2,,0,,NIST,inorganic,Others / Unassigned,,
1745,SO4路-,8.643452676,12143-45-2,,7,,NIST,inorganic,Others / Unassigned,,
1746,SO4路-,8.908485019,12143-45-2,,5.8,,NIST,inorganic,Others / Unassigned,,
1747,SO4路-,8.204119983,12143-45-2,,,,NIST,inorganic,Others / Unassigned,,
1748,SO4路-,8.698970004,12143-45-2,,5.5,,NIST,inorganic,Others / Unassigned,,
1749,SO4路-,9.255272505,12143-45-2,,0,,NIST,inorganic,Others / Unassigned,,
1750,STZ(sulfathiazole),10.67302091,18883-66-4,Nc1ccc(S(=O)(=O)Nc2nccs2)cc1,8,,10.1016/j.chemosphere.2018.12.156,sulfoxide,Sulfur-containing organics,"InChI=1S/C9H9N3O2S2/c10-7-1-3-8(4-2-7)16(13,14)12-9-11-5-6-15-9/h1-6H,10H2,(H,11,12)",JNMRHUJNCSQMMB-UHFFFAOYSA-N
1751,Saccharin,6.301029996,81-07-2,C1=CC=C2C(=C1)C(=O)NS2(=O)=O,7.4,,https://doi.org/10.1021/jp3047246,sulfoxide,Sulfur-containing organics,"InChI=1S/C7H5NO3S/c9-7-5-3-1-2-4-6(5)12(10,11)8-7/h1-4H,(H,8,9)",CVHZOJJKTDOEJC-UHFFFAOYSA-N
1752,Saccharin,7.301029996,81-07-2,O=C1NS(=O)(=O)c2ccccc21,7.4,21,10.1016/j.chemosphere.2018.12.156,sulfoxide,Sulfur-containing organics,"InChI=1S/C7H5NO3S/c9-7-5-3-1-2-4-6(5)12(10,11)8-7/h1-4H,(H,8,9)",CVHZOJJKTDOEJC-UHFFFAOYSA-N
1753,Salbutamol,9.5682,18559-94-9,CC(C)(C)NCC(C1=CC(=C(C=C1)O)CO)O,,,https://doi.org/10.1016/j.chemosphere.2023.138862,phenol,Oxygenated organics,"InChI=1S/C13H21NO3/c1-13(2,3)14-7-12(17)9-4-5-11(16)10(6-9)8-15/h4-6,12,14-17H,7-8H2,1-3H3",NDAUXUAQIAJITI-UHFFFAOYSA-N
1754,Salbutamol,9.252853031,18559-94-9,CC(C)(C)NCC(C1=CC(=C(C=C1)O)CO)O,7,,https://doi.org/10.1021/acs.est.6b05536,phenol,Oxygenated organics,"InChI=1S/C13H21NO3/c1-13(2,3)14-7-12(17)9-4-5-11(16)10(6-9)8-15/h4-6,12,14-17H,7-8H2,1-3H3",NDAUXUAQIAJITI-UHFFFAOYSA-N
1755,Salbutamol,9.252853031,18559-94-9,CC(C)(C)NCC(O)c1ccc(O)c(CO)c1,7,,10.1016/j.chemosphere.2018.12.156,phenol,Oxygenated organics,"InChI=1S/C13H21NO3/c1-13(2,3)14-7-12(17)9-4-5-11(16)10(6-9)8-15/h4-6,12,14-17H,7-8H2,1-3H3",NDAUXUAQIAJITI-UHFFFAOYSA-N
1756,Salbutamol,9.2529,18559-94-9,CC(C)(C)NCC(C1=CC(=C(C=C1)O)CO)O,,,https://doi.org/10.1016/j.jhazmat.2025.137979,phenol,Oxygenated organics,"InChI=1S/C13H21NO3/c1-13(2,3)14-7-12(17)9-4-5-11(16)10(6-9)8-15/h4-6,12,14-17H,7-8H2,1-3H3",NDAUXUAQIAJITI-UHFFFAOYSA-N
1757,Salbutamol,9.568201724,18559-94-9,CC(C)(C)NCC(C1=CC(=C(C=C1)O)CO)O,6,,https://doi.org/10.1016/j.cej.2019.02.183,phenol,Oxygenated organics,"InChI=1S/C13H21NO3/c1-13(2,3)14-7-12(17)9-4-5-11(16)10(6-9)8-15/h4-6,12,14-17H,7-8H2,1-3H3",NDAUXUAQIAJITI-UHFFFAOYSA-N
1758,Salicylic acid,9.204119983,285979-87-5,C1=CC=C(C(=C1)C(=O)O)O,7,,https://doi.org/10.1016/j.radphyschem.2005.06.003,phenol,Oxygenated organics,"InChI=1S/C7H6O3/c8-6-4-2-1-3-5(6)7(9)10/h1-4,8H,(H,9,10)",YGSDEFSMJLZEOE-UHFFFAOYSA-N
1759,Salicylic acid,9.2041,285979-87-5,C1=CC=C(C(=C1)C(=O)O)O,,,https://doi.org/10.1016/j.jhazmat.2025.137984,phenol,Oxygenated organics,"InChI=1S/C7H6O3/c8-6-4-2-1-3-5(6)7(9)10/h1-4,8H,(H,9,10)",YGSDEFSMJLZEOE-UHFFFAOYSA-N
1760,Salicylic acid,9.2041,285979-87-5,C1=CC=C(C(=C1)C(=O)O)O,,,https://doi.org/10.1016/j.jhazmat.2025.138154,phenol,Oxygenated organics,"InChI=1S/C7H6O3/c8-6-4-2-1-3-5(6)7(9)10/h1-4,8H,(H,9,10)",YGSDEFSMJLZEOE-UHFFFAOYSA-N
1761,Salicylic acid,9.2041,285979-87-5,C1=CC=C(C(=C1)C(=O)O)O,,,https://doi.org/10.1016/j.jhazmat.2025.138211,phenol,Oxygenated organics,"InChI=1S/C7H6O3/c8-6-4-2-1-3-5(6)7(9)10/h1-4,8H,(H,9,10)",YGSDEFSMJLZEOE-UHFFFAOYSA-N
1762,Salicylic acid,9.204119983,285979-87-5,O=C(O)c1ccccc1O,7,,10.1016/j.chemosphere.2018.12.156,phenol,Oxygenated organics,"InChI=1S/C7H6O3/c8-6-4-2-1-3-5(6)7(9)10/h1-4,8H,(H,9,10)",YGSDEFSMJLZEOE-UHFFFAOYSA-N
1763,Salicylic acid,9.204119983,1189678-81-6,OC(=O)c1ccccc1O,,,https://doi.org/10.1021/acs.est.1c04326,phenol,Oxygenated organics,"InChI=1S/C7H6O3/c8-6-4-2-1-3-5(6)7(9)10/h1-4,8H,(H,9,10)",YGSDEFSMJLZEOE-UHFFFAOYSA-N
1764,SiO32-,7.301029996,,,,,NIST,inorganic,Others / Unassigned,,
1765,Sodium cumene sulfonate,8.73239376,71407-44-8,CC(C)C1=CC=CC=C1S(=O)(=O)[O-].[Na+],,,NIST,sulfoxide,Sulfur-containing organics,"InChI=1S/C9H12O3S.Na/c1-7(2)8-5-3-4-6-9(8)13(10,11)12;/h3-7H,1-2H3,(H,10,11,12);/q;+1/p-1",GIPRGFRQMWSHAK-UHFFFAOYSA-M
1766,Sotalol,9.9638,3930-20-9,CC(C)NCC(C1=CC=C(C=C1)NS(=O)(=O)C)O,,,https://doi.org/10.1016/j.chemosphere.2023.138855,sulfoxide,Sulfur-containing organics,"InChI=1S/C12H20N2O3S/c1-9(2)13-8-12(15)10-4-6-11(7-5-10)14-18(3,16)17/h4-7,9,12-15H,8H2,1-3H3",ZBMZVLHSJCTVON-UHFFFAOYSA-N
1767,Sotalol,10.47712125,3930-20-9,CC(C)NCC(O)c1ccc(NS(C)(=O)=O)cc1,7,,10.1016/j.chemosphere.2018.12.156,sulfoxide,Sulfur-containing organics,"InChI=1S/C12H20N2O3S/c1-9(2)13-8-12(15)10-4-6-11(7-5-10)14-18(3,16)17/h4-7,9,12-15H,8H2,1-3H3",ZBMZVLHSJCTVON-UHFFFAOYSA-N
1768,Sotalol,10.47712125,3930-20-9,CC(C)NCC(C1=CC=C(C=C1)NS(=O)(=O)C)O,7,,https://doi.org/10.1007/s13762-016-1083-3,sulfoxide,Sulfur-containing organics,"InChI=1S/C12H20N2O3S/c1-9(2)13-8-12(15)10-4-6-11(7-5-10)14-18(3,16)17/h4-7,9,12-15H,8H2,1-3H3",ZBMZVLHSJCTVON-UHFFFAOYSA-N
1769,Styrene,9.301029996,100-42-5,C=CC1=CC=CC=C1,,,NIST,alkene,Aliphatic hydrocarbons,"InChI=1S/C8H8/c1-2-8-6-4-3-5-7-8/h2-7H,1H2",PPBRXRYQALVLMV-UHFFFAOYSA-N
1770,Sucralose,8.230448921,56038-13-2,OC[C@H]1O[C@H](O[C@]2(CCl)O[C@H](CCl)[C@@H](O)[C@@H]2O)[C@H](O)[C@@H](O)[C@H]1Cl,7.4,21,10.1016/j.chemosphere.2018.12.156,halogenated,Halogenated organics,"InChI=1S/C12H19Cl3O8/c13-1-4-7(17)10(20)12(3-14,22-4)23-11-9(19)8(18)6(15)5(2-16)21-11/h4-11,16-20H,1-3H2/t4-,5-,6+,7-,8+,9-,10+,11-,12+/m1/s1",BAQAVOSOZGMPRM-QBMZZYIRSA-N
1771,Sucralose,8.230448921,56038-13-2,C([C@@H]1[C@@H]([C@@H]([C@H]([C@H](O1)O[C@]2([C@H]([C@@H]([C@H](O2)CCl)O)O)CCl)O)O)Cl)O,7.4,,https://doi.org/10.1021/jp3047246,halogenated,Halogenated organics,"InChI=1S/C12H19Cl3O8/c13-1-4-7(17)10(20)12(3-14,22-4)23-11-9(19)8(18)6(15)5(2-16)21-11/h4-11,16-20H,1-3H2/t4-,5-,6+,7-,8+,9-,10+,11-,12+/m1/s1",BAQAVOSOZGMPRM-QBMZZYIRSA-N
1772,Sulfacetamide,8.2304,144-80-9,CC(=O)NS(=O)(=O)C1=CC=C(C=C1)N,,,https://doi.org/10.1016/j.jhazmat.2025.138248,sulfoxide,Sulfur-containing organics,"InChI=1S/C8H10N2O3S/c1-6(11)10-14(12,13)8-4-2-7(9)3-5-8/h2-5H,9H2,1H3,(H,10,11)",SKIVFJLNDNKQPD-UHFFFAOYSA-N
1773,Sulfacetamide,9.7782,144-80-9,CC(=O)NS(=O)(=O)C1=CC=C(C=C1)N,,,https://doi.org/10.1016/0969-806X(94)90047-7,sulfoxide,Sulfur-containing organics,"InChI=1S/C8H10N2O3S/c1-6(11)10-14(12,13)8-4-2-7(9)3-5-8/h2-5H,9H2,1H3,(H,10,11)",SKIVFJLNDNKQPD-UHFFFAOYSA-N
1774,Sulfacetamide,8.2304,144-80-9,CC(=O)NS(=O)(=O)C1=CC=C(C=C1)N,,,https://doi.org/10.1016/j.jhazmat.2025.138052,sulfoxide,Sulfur-containing organics,"InChI=1S/C8H10N2O3S/c1-6(11)10-14(12,13)8-4-2-7(9)3-5-8/h2-5H,9H2,1H3,(H,10,11)",SKIVFJLNDNKQPD-UHFFFAOYSA-N
1775,Sulfacetamide,9.77815125,144-80-9,CC(=O)NS(=O)(=O)C1=CC=C(C=C1)N,9.2,,https://doi.org/10.1016/0969-806X(94)90047-7,sulfoxide,Sulfur-containing organics,"InChI=1S/C8H10N2O3S/c1-6(11)10-14(12,13)8-4-2-7(9)3-5-8/h2-5H,9H2,1H3,(H,10,11)",SKIVFJLNDNKQPD-UHFFFAOYSA-N
1776,Sulfacetamide,9.77815125,144-80-9,CC(=O)NS(=O)(=O)c1ccc(N)cc1,9.2,,10.1016/j.chemosphere.2018.12.156,sulfoxide,Sulfur-containing organics,"InChI=1S/C8H10N2O3S/c1-6(11)10-14(12,13)8-4-2-7(9)3-5-8/h2-5H,9H2,1H3,(H,10,11)",SKIVFJLNDNKQPD-UHFFFAOYSA-N
1777,Sulfacetamide,9.7782,144-80-9,CC(=O)NS(=O)(=O)C1=CC=C(C=C1)N,,,https://doi.org/10.1016/j.chemosphere.2023.138842,sulfoxide,Sulfur-containing organics,"InChI=1S/C8H10N2O3S/c1-6(11)10-14(12,13)8-4-2-7(9)3-5-8/h2-5H,9H2,1H3,(H,10,11)",SKIVFJLNDNKQPD-UHFFFAOYSA-N
1778,Sulfaclozine,9.875061263,102-65-8,C1=CC(=CC=C1N)S(=O)(=O)NC2=CN=CC(=N2)Cl,7,,https://doi.org/10.1016/j.apcatb.2016.08.046,halogenated,Halogenated organics,"InChI=1S/C10H9ClN4O2S/c11-9-5-13-6-10(14-9)15-18(16,17)8-3-1-7(12)2-4-8/h1-6H,12H2,(H,14,15)",QKLPUVXBJHRFQZ-UHFFFAOYSA-N
1779,Sulfaclozine,9.875061263,102-65-8,Nc1ccc(S(=O)(=O)Nc2cncc(Cl)n2)cc1,7,20,10.1016/j.chemosphere.2018.12.156,halogenated,Halogenated organics,"InChI=1S/C10H9ClN4O2S/c11-9-5-13-6-10(14-9)15-18(16,17)8-3-1-7(12)2-4-8/h1-6H,12H2,(H,14,15)",QKLPUVXBJHRFQZ-UHFFFAOYSA-N
1780,Sulfaclozine,9.875061263,27890-59-1,Nc1ccc(cc1)[S](=O)(=O)Nc2cncc(Cl)n2,,,https://doi.org/10.1021/acs.est.1c04326,halogenated,Halogenated organics,"InChI=1S/C10H9ClN4O2S/c11-9-5-13-6-10(14-9)15-18(16,17)8-3-1-7(12)2-4-8/h1-6H,12H2,(H,14,15)",QKLPUVXBJHRFQZ-UHFFFAOYSA-N
1781,Sulfadiazine,10.61909333,68-35-9,C1=CN=C(N=C1)NS(=O)(=O)C2=CC=C(C=C2)N,7,,https://doi.org/10.1016/j.watres.2016.07.037,sulfoxide,Sulfur-containing organics,"InChI=1S/C10H10N4O2S/c11-8-2-4-9(5-3-8)17(15,16)14-10-12-6-1-7-13-10/h1-7H,11H2,(H,12,13,14)",SEEPANYCNGTZFQ-UHFFFAOYSA-N
1782,Sulfadiazine,10.61909333,1219149-66-2,Nc1ccc(cc1)[S](=O)(=O)Nc2ncccn2,,,https://doi.org/10.1021/acs.est.1c04326,sulfoxide,Sulfur-containing organics,"InChI=1S/C10H10N4O2S/c11-8-2-4-9(5-3-8)17(15,16)14-10-12-6-1-7-13-10/h1-7H,11H2,(H,12,13,14)",SEEPANYCNGTZFQ-UHFFFAOYSA-N
1783,Sulfadiazine,10.61909333,68-35-9,Nc1ccc(S(=O)(=O)Nc2ncccn2)cc1,7,,10.1016/j.chemosphere.2018.12.156,sulfoxide,Sulfur-containing organics,"InChI=1S/C10H10N4O2S/c11-8-2-4-9(5-3-8)17(15,16)14-10-12-6-1-7-13-10/h1-7H,11H2,(H,12,13,14)",SEEPANYCNGTZFQ-UHFFFAOYSA-N
1784,Sulfadiazine,9.8751,68-35-9,C1=CN=C(N=C1)NS(=O)(=O)C2=CC=C(C=C2)N,,,https://doi.org/10.1016/j.jhazmat.2025.138289,sulfoxide,Sulfur-containing organics,"InChI=1S/C10H10N4O2S/c11-8-2-4-9(5-3-8)17(15,16)14-10-12-6-1-7-13-10/h1-7H,11H2,(H,12,13,14)",SEEPANYCNGTZFQ-UHFFFAOYSA-N
1785,Sulfadiazine,10.6191,68-35-9,C1=CN=C(N=C1)NS(=O)(=O)C2=CC=C(C=C2)N,,,https://doi.org/10.1016/j.watres.2016.07.037,sulfoxide,Sulfur-containing organics,"InChI=1S/C10H10N4O2S/c11-8-2-4-9(5-3-8)17(15,16)14-10-12-6-1-7-13-10/h1-7H,11H2,(H,12,13,14)",SEEPANYCNGTZFQ-UHFFFAOYSA-N
1786,Sulfadiazine,8.8965,68-35-9,C1=CN=C(N=C1)NS(=O)(=O)C2=CC=C(C=C2)N,,,https://doi.org/10.1016/j.chemosphere.2023.138831,sulfoxide,Sulfur-containing organics,"InChI=1S/C10H10N4O2S/c11-8-2-4-9(5-3-8)17(15,16)14-10-12-6-1-7-13-10/h1-7H,11H2,(H,12,13,14)",SEEPANYCNGTZFQ-UHFFFAOYSA-N
1787,Sulfadimethoxypyrimide,9.886490725,,COC1=CC(=NC(=N1)NS(=O)(=O)C2=CC=C(C=C2)N)OC,,,https://doi.org/10.1021/acs.est.1c04326,sulfoxide,Sulfur-containing organics,"InChI=1S/C12H14N4O4S/c1-19-10-7-11(20-2)15-12(14-10)16-21(17,18)9-5-3-8(13)4-6-9/h3-7H,13H2,1-2H3,(H,14,15,16)",RMSFTZDTJHYIFE-UHFFFAOYSA-N
1788,Sulfadimethoxypyrimide,9.886490725,,COc1cc(OC)nc(NS(=O)(=O)c2ccc(N)cc2)n1,7,,10.1016/j.chemosphere.2018.12.156,sulfoxide,Sulfur-containing organics,"InChI=1S/C12H14N4O4S/c1-19-10-7-11(20-2)15-12(14-10)16-21(17,18)9-5-3-8(13)4-6-9/h3-7H,13H2,1-2H3,(H,14,15,16)",RMSFTZDTJHYIFE-UHFFFAOYSA-N
1789,Sulfadimethoxypyrimide,9.886490725,,COc1cc(OC)nc(NS(=O)(=O)c2ccc(N)cc2)n1,7,,https://doi.org/10.1016/j.watres.2016.07.037,sulfoxide,Sulfur-containing organics,"InChI=1S/C12H14N4O4S/c1-19-10-7-11(20-2)15-12(14-10)16-21(17,18)9-5-3-8(13)4-6-9/h3-7H,13H2,1-2H3,(H,14,15,16)",RMSFTZDTJHYIFE-UHFFFAOYSA-N
1790,Sulfamerazine,10.69019608,127-79-7,CC1=NC(=NC=C1)NS(=O)(=O)C2=CC=C(C=C2)N,7,,https://doi.org/10.1016/j.watres.2016.07.037,sulfoxide,Sulfur-containing organics,"InChI=1S/C11H12N4O2S/c1-8-6-7-13-11(14-8)15-18(16,17)10-4-2-9(12)3-5-10/h2-7H,12H2,1H3,(H,13,14,15)",QPPBRPIAZZHUNT-UHFFFAOYSA-N
1791,Sulfamerazine,10.69019608,127-79-7,Cc1ccnc(NS(=O)(=O)c2ccc(N)cc2)n1,7,,10.1016/j.chemosphere.2018.12.156,sulfoxide,Sulfur-containing organics,"InChI=1S/C11H12N4O2S/c1-8-6-7-13-11(14-8)15-18(16,17)10-4-2-9(12)3-5-10/h2-7H,12H2,1H3,(H,13,14,15)",QPPBRPIAZZHUNT-UHFFFAOYSA-N
1792,Sulfamerazine,10.69019608,127-79-7,Cc1ccnc(N[S](=O)(=O)c2ccc(N)cc2)n1,,,https://doi.org/10.1021/acs.est.1c04326,sulfoxide,Sulfur-containing organics,"InChI=1S/C11H12N4O2S/c1-8-6-7-13-11(14-8)15-18(16,17)10-4-2-9(12)3-5-10/h2-7H,12H2,1H3,(H,13,14,15)",QPPBRPIAZZHUNT-UHFFFAOYSA-N
1793,Sulfamerazine,10.6902,127-79-7,CC1=NC(=NC=C1)NS(=O)(=O)C2=CC=C(C=C2)N,,,https://doi.org/10.1016/j.watres.2016.07.037,sulfoxide,Sulfur-containing organics,"InChI=1S/C11H12N4O2S/c1-8-6-7-13-11(14-8)15-18(16,17)10-4-2-9(12)3-5-10/h2-7H,12H2,1H3,(H,13,14,15)",QPPBRPIAZZHUNT-UHFFFAOYSA-N
1794,Sulfamethazine,10.5539,57-68-1,CC1=CC(=NC(=N1)NS(=O)(=O)C2=CC=C(C=C2)N)C,,,https://doi.org/10.1016/j.watres.2016.07.037,sulfoxide,Sulfur-containing organics,"InChI=1S/C12H14N4O2S/c1-8-7-9(2)15-12(14-8)16-19(17,18)11-5-3-10(13)4-6-11/h3-7H,13H2,1-2H3,(H,14,15,16)",ASWVTGNCAZCNNR-UHFFFAOYSA-N
1795,Sulfamethazine,9.7782,35762-76-6,CC1=CC(=NC(=N1)NS(=O)(=O)C2=CC=C(C=C2)N)C,,,https://doi.org/10.1016/j.chemosphere.2023.138830,sulfoxide,Sulfur-containing organics,"InChI=1S/C12H14N4O2S/c1-8-7-9(2)15-12(14-8)16-19(17,18)11-5-3-10(13)4-6-11/h3-7H,13H2,1-2H3,(H,14,15,16)",ASWVTGNCAZCNNR-UHFFFAOYSA-N
1796,Sulfamethazine,8.896526217,35762-76-6,CC1=CC(=NC(=N1)NS(=O)(=O)C2=CC=C(C=C2)N)C,7,,https://doi.org/10.1016/j.jenvman.2018.06.097,sulfoxide,Sulfur-containing organics,"InChI=1S/C12H14N4O2S/c1-8-7-9(2)15-12(14-8)16-19(17,18)11-5-3-10(13)4-6-11/h3-7H,13H2,1-2H3,(H,14,15,16)",ASWVTGNCAZCNNR-UHFFFAOYSA-N
1797,Sulfamethazine,10.55388303,35762-76-6,CC1=CC(=NC(=N1)NS(=O)(=O)C2=CC=C(C=C2)N)C,7,,https://doi.org/10.1016/j.watres.2016.07.037,sulfoxide,Sulfur-containing organics,"InChI=1S/C12H14N4O2S/c1-8-7-9(2)15-12(14-8)16-19(17,18)11-5-3-10(13)4-6-11/h3-7H,13H2,1-2H3,(H,14,15,16)",ASWVTGNCAZCNNR-UHFFFAOYSA-N
1798,Sulfamethazine,10.26245109,53081-02-0,Cc1cc(C)nc(N[S](=O)(=O)c2ccc(N)cc2)n1,,,https://doi.org/10.1021/acs.est.1c04326,sulfoxide,Sulfur-containing organics,"InChI=1S/C12H14N4O2S/c1-8-7-9(2)15-12(14-8)16-19(17,18)11-5-3-10(13)4-6-11/h3-7H,13H2,1-2H3,(H,14,15,16)",ASWVTGNCAZCNNR-UHFFFAOYSA-N
1799,Sulfamethazine,10.55388303,35762-76-6,Cc1cc(C)nc(NS(=O)(=O)c2ccc(N)cc2)n1,7,,10.1016/j.chemosphere.2018.12.156,sulfoxide,Sulfur-containing organics,"InChI=1S/C12H14N4O2S/c1-8-7-9(2)15-12(14-8)16-19(17,18)11-5-3-10(13)4-6-11/h3-7H,13H2,1-2H3,(H,14,15,16)",ASWVTGNCAZCNNR-UHFFFAOYSA-N
1800,Sulfamethoxazole,9.995635195,1346603-52-8,Cc1onc(N[S](=O)(=O)c2ccc(N)cc2)c1,,,https://doi.org/10.1021/acs.est.1c04326,sulfoxide,Sulfur-containing organics,"InChI=1S/C10H11N3O3S/c1-7-6-10(12-16-7)13-17(14,15)9-4-2-8(11)3-5-9/h2-6H,11H2,1H3,(H,12,13)",JLKIGFTWXXRPMT-UHFFFAOYSA-N
1801,Sulfamethoxazole,9.4771,13053-79-7,CC1=CC(=NO1)NS(=O)(=O)C2=CC=C(C=C2)N,,,https://doi.org/10.1016/j.chemosphere.2023.138829,sulfoxide,Sulfur-containing organics,"InChI=1S/C10H11N3O3S/c1-7-6-10(12-16-7)13-17(14,15)9-4-2-8(11)3-5-9/h2-6H,11H2,1H3,(H,12,13)",JLKIGFTWXXRPMT-UHFFFAOYSA-N
1802,Sulfamethoxazole,9.944482672,13053-79-7,CC1=CC(=NO1)NS(=O)(=O)C2=CC=C(C=C2)N,7,,https://doi.org/10.1016/j.cej.2012.05.040,sulfoxide,Sulfur-containing organics,"InChI=1S/C10H11N3O3S/c1-7-6-10(12-16-7)13-17(14,15)9-4-2-8(11)3-5-9/h2-6H,11H2,1H3,(H,12,13)",JLKIGFTWXXRPMT-UHFFFAOYSA-N
1803,Sulfamethoxazole,10.20682588,13053-79-7,CC1=CC(=NO1)NS(=O)(=O)C2=CC=C(C=C2)N,6,,?10.1021/es504799n,sulfoxide,Sulfur-containing organics,"InChI=1S/C10H11N3O3S/c1-7-6-10(12-16-7)13-17(14,15)9-4-2-8(11)3-5-9/h2-6H,11H2,1H3,(H,12,13)",JLKIGFTWXXRPMT-UHFFFAOYSA-N
1804,Sulfamethoxazole,10.06818586,13053-79-7,CC1=CC(=NO1)NS(=O)(=O)C2=CC=C(C=C2)N,9,,?10.1021/es504799n,sulfoxide,Sulfur-containing organics,"InChI=1S/C10H11N3O3S/c1-7-6-10(12-16-7)13-17(14,15)9-4-2-8(11)3-5-9/h2-6H,11H2,1H3,(H,12,13)",JLKIGFTWXXRPMT-UHFFFAOYSA-N
1805,Sulfamethoxazole,9.477121255,13053-79-7,CC1=CC(=NO1)NS(=O)(=O)C2=CC=C(C=C2)N,6.5,,https://doi.org/10.1016/j.psep.2018.03.020,sulfoxide,Sulfur-containing organics,"InChI=1S/C10H11N3O3S/c1-7-6-10(12-16-7)13-17(14,15)9-4-2-8(11)3-5-9/h2-6H,11H2,1H3,(H,12,13)",JLKIGFTWXXRPMT-UHFFFAOYSA-N
1806,Sulfamethoxazole,10.2068,723-46-6,CC1=CC(=NO1)NS(=O)(=O)C2=CC=C(C=C2)N,,,https://doi.org/10.1021/es504799n,sulfoxide,Sulfur-containing organics,"InChI=1S/C10H11N3O3S/c1-7-6-10(12-16-7)13-17(14,15)9-4-2-8(11)3-5-9/h2-6H,11H2,1H3,(H,12,13)",JLKIGFTWXXRPMT-UHFFFAOYSA-N
1807,Sulfamethoxazole,9.921342203,13053-79-7,Cc1cc(NS(=O)(=O)c2ccc(N)cc2)no1,7,,10.1016/j.chemosphere.2018.12.156,sulfoxide,Sulfur-containing organics,"InChI=1S/C10H11N3O3S/c1-7-6-10(12-16-7)13-17(14,15)9-4-2-8(11)3-5-9/h2-6H,11H2,1H3,(H,12,13)",JLKIGFTWXXRPMT-UHFFFAOYSA-N
1808,Sulfamethoxypyridazine,10.90955603,5433-63-6,COC1=NN=C(C=C1)NS(=O)(=O)C2=CC=C(C=C2)N,7,,https://doi.org/10.1016/j.watres.2016.07.037,sulfoxide,Sulfur-containing organics,"InChI=1S/C11H12N4O3S/c1-18-11-7-6-10(13-14-11)15-19(16,17)9-4-2-8(12)3-5-9/h2-7H,12H2,1H3,(H,13,15)",VLYWMPOKSSWJAL-UHFFFAOYSA-N
1809,Sulfamethoxypyridazine,10.90955603,5433-63-6,COc1ccc(NS(=O)(=O)c2ccc(N)cc2)nn1,7,,10.1016/j.chemosphere.2018.12.156,sulfoxide,Sulfur-containing organics,"InChI=1S/C11H12N4O3S/c1-18-11-7-6-10(13-14-11)15-19(16,17)9-4-2-8(12)3-5-9/h2-7H,12H2,1H3,(H,13,15)",VLYWMPOKSSWJAL-UHFFFAOYSA-N
1810,Sulfamethoxypyridazine,10.90955603,1172846-03-5,COc1ccc(N[S](=O)(=O)c2ccc(N)cc2)nn1,,,https://doi.org/10.1021/acs.est.1c04326,sulfoxide,Sulfur-containing organics,"InChI=1S/C11H12N4O3S/c1-18-11-7-6-10(13-14-11)15-19(16,17)9-4-2-8(12)3-5-9/h2-7H,12H2,1H3,(H,13,15)",VLYWMPOKSSWJAL-UHFFFAOYSA-N
1811,Sulfamonomethoxine,10.1239,1220-83-3,COC1=NC=NC(=C1)NS(=O)(=O)C2=CC=C(C=C2)N,,,https://doi.org/10.1016/j.jhazmat.2025.138293,sulfoxide,Sulfur-containing organics,"InChI=1S/C11H12N4O3S/c1-18-11-6-10(13-7-14-11)15-19(16,17)9-4-2-8(12)3-5-9/h2-7H,12H2,1H3,(H,13,14,15)",WMPXPUYPYQKQCX-UHFFFAOYSA-N
1812,Sulfamonomethoxine,10.12385164,1220-83-3,COC1=NC=NC(=C1)NS(=O)(=O)C2=CC=C(C=C2)N,7,,https://doi.org/10.1016/j.watres.2016.07.037,sulfoxide,Sulfur-containing organics,"InChI=1S/C11H12N4O3S/c1-18-11-6-10(13-7-14-11)15-19(16,17)9-4-2-8(12)3-5-9/h2-7H,12H2,1H3,(H,13,14,15)",WMPXPUYPYQKQCX-UHFFFAOYSA-N
1813,Sulfamonomethoxine,10.1239,1220-83-3,COC1=NC=NC(=C1)NS(=O)(=O)C2=CC=C(C=C2)N,,,https://doi.org/10.1016/j.watres.2016.07.037,sulfoxide,Sulfur-containing organics,"InChI=1S/C11H12N4O3S/c1-18-11-6-10(13-7-14-11)15-19(16,17)9-4-2-8(12)3-5-9/h2-7H,12H2,1H3,(H,13,14,15)",WMPXPUYPYQKQCX-UHFFFAOYSA-N
1814,Sulfamonomethoxine,10.12385164,1220-83-3,COc1cc(NS(=O)(=O)c2ccc(N)cc2)ncn1,7,,10.1016/j.chemosphere.2018.12.156,sulfoxide,Sulfur-containing organics,"InChI=1S/C11H12N4O3S/c1-18-11-6-10(13-7-14-11)15-19(16,17)9-4-2-8(12)3-5-9/h2-7H,12H2,1H3,(H,13,14,15)",WMPXPUYPYQKQCX-UHFFFAOYSA-N
1815,Sulfamonomethoxine,10.12385164,1286538-12-2,COc1cc(N[S](=O)(=O)c2ccc(N)cc2)ncn1,,,https://doi.org/10.1021/acs.est.1c04326,sulfoxide,Sulfur-containing organics,"InChI=1S/C11H12N4O3S/c1-18-11-6-10(13-7-14-11)15-19(16,17)9-4-2-8(12)3-5-9/h2-7H,12H2,1H3,(H,13,14,15)",WMPXPUYPYQKQCX-UHFFFAOYSA-N
1816,Sulfasalazine,9.123851641,599-79-1,O=C(O)C1=C/C(=N\Nc2ccc(S(=O)(=O)Nc3ccccn3)cc2)C=CC1=O,7.1,,10.1016/j.chemosphere.2018.12.156,sulfoxide,Sulfur-containing organics,"InChI=1S/C18H14N4O5S/c23-16-9-6-13(11-15(16)18(24)25)21-20-12-4-7-14(8-5-12)28(26,27)22-17-3-1-2-10-19-17/h1-11,20H,(H,19,22)(H,24,25)/b21-13-",OQANPHBRHBJGNZ-BKUYFWCQSA-N
1817,Sulfasalazine,9.123851641,599-79-1,C1=CC=NC(=C1)NS(=O)(=O)C2=CC=C(C=C2)N=NC3=CC(=C(C=C3)O)C(=O)O,7.1,,https://doi.org/10.1016/j.watres.2018.01.047,sulfoxide,Sulfur-containing organics,"InChI=1S/C18H14N4O5S/c23-16-9-6-13(11-15(16)18(24)25)21-20-12-4-7-14(8-5-12)28(26,27)22-17-3-1-2-10-19-17/h1-11,23H,(H,19,22)(H,24,25)",NCEXYHBECQHGNR-UHFFFAOYSA-N
1818,Sulfasalazine,9.123851641,599-79-1,OC(=O)C1=C\C(C=CC1=O)=N/Nc2ccc(cc2)[S](=O)(=O)Nc3ccccn3,,,https://doi.org/10.1021/acs.est.1c04326,sulfoxide,Sulfur-containing organics,"InChI=1S/C18H14N4O5S/c23-16-9-6-13(11-15(16)18(24)25)21-20-12-4-7-14(8-5-12)28(26,27)22-17-3-1-2-10-19-17/h1-11,20H,(H,19,22)(H,24,25)/b21-13-",OQANPHBRHBJGNZ-BKUYFWCQSA-N
1819,Sulfathiazole,10.67302091,32365-02-9,Nc1ccc(S(=O)(=O)Nc2nccs2)cc1,7,,10.1016/j.chemosphere.2018.12.156,sulfoxide,Sulfur-containing organics,"InChI=1S/C9H9N3O2S2/c10-7-1-3-8(4-2-7)16(13,14)12-9-11-5-6-15-9/h1-6H,10H2,(H,11,12)",JNMRHUJNCSQMMB-UHFFFAOYSA-N
1820,Sulfathiazole,10.67302091,1020719-89-4,Nc1ccc(cc1)[S](=O)(=O)Nc2sccn2,,,https://doi.org/10.1021/acs.est.1c04326,sulfoxide,Sulfur-containing organics,"InChI=1S/C9H9N3O2S2/c10-7-1-3-8(4-2-7)16(13,14)12-9-11-5-6-15-9/h1-6H,10H2,(H,11,12)",JNMRHUJNCSQMMB-UHFFFAOYSA-N
1821,Sulfathiazole,10.673,32365-02-9,C1=CC(=CC=C1N)S(=O)(=O)NC2=NC=CS2,,,https://doi.org/10.1016/j.jhazmat.2025.138258,sulfoxide,Sulfur-containing organics,"InChI=1S/C9H9N3O2S2/c10-7-1-3-8(4-2-7)16(13,14)12-9-11-5-6-15-9/h1-6H,10H2,(H,11,12)",JNMRHUJNCSQMMB-UHFFFAOYSA-N
1822,Sulfathiazole,10.673,32365-02-9,C1=CC(=CC=C1N)S(=O)(=O)NC2=NC=CS2,,,https://doi.org/10.1016/j.jhazmat.2025.138069,sulfoxide,Sulfur-containing organics,"InChI=1S/C9H9N3O2S2/c10-7-1-3-8(4-2-7)16(13,14)12-9-11-5-6-15-9/h1-6H,10H2,(H,11,12)",JNMRHUJNCSQMMB-UHFFFAOYSA-N
1823,Sulfathiazole,10.67302091,32365-02-9,C1=CC(=CC=C1N)S(=O)(=O)NC2=NC=CS2,7,,https://doi.org/10.1016/j.watres.2016.07.037,sulfoxide,Sulfur-containing organics,"InChI=1S/C9H9N3O2S2/c10-7-1-3-8(4-2-7)16(13,14)12-9-11-5-6-15-9/h1-6H,10H2,(H,11,12)",JNMRHUJNCSQMMB-UHFFFAOYSA-N
1824,Sulfathiazole,10.673,72-14-0,C1=CC(=CC=C1N)S(=O)(=O)NC2=NC=CS2,,,https://doi.org/10.1016/j.watres.2016.07.037,sulfoxide,Sulfur-containing organics,"InChI=1S/C9H9N3O2S2/c10-7-1-3-8(4-2-7)16(13,14)12-9-11-5-6-15-9/h1-6H,10H2,(H,11,12)",JNMRHUJNCSQMMB-UHFFFAOYSA-N
1825,Sulfisoxazole,11.20682588,32365-02-9,CC1=C(ON=C1C)NS(=O)(=O)C2=CC=C(C=C2)N,7,,https://doi.org/10.1016/j.watres.2016.07.037,sulfoxide,Sulfur-containing organics,"InChI=1S/C11H13N3O3S/c1-7-8(2)13-17-11(7)14-18(15,16)10-5-3-9(12)4-6-10/h3-6,14H,12H2,1-2H3",NHUHCSRWZMLRLA-UHFFFAOYSA-N
1826,Sulfisoxazole,11.2068,127-69-5,CC1=C(ON=C1C)NS(=O)(=O)C2=CC=C(C=C2)N,,,https://doi.org/10.1016/j.watres.2016.07.037,sulfoxide,Sulfur-containing organics,"InChI=1S/C11H13N3O3S/c1-7-8(2)13-17-11(7)14-18(15,16)10-5-3-9(12)4-6-10/h3-6,14H,12H2,1-2H3",NHUHCSRWZMLRLA-UHFFFAOYSA-N
1827,Sulfisoxazole,11.20682588,32365-02-9,Cc1noc(NS(=O)(=O)c2ccc(N)cc2)c1C,7,,doi.org/10.1016/j.watres.2012.06.006,sulfoxide,Sulfur-containing organics,"InChI=1S/C11H13N3O3S/c1-7-8(2)13-17-11(7)14-18(15,16)10-5-3-9(12)4-6-10/h3-6,14H,12H2,1-2H3",NHUHCSRWZMLRLA-UHFFFAOYSA-N
1828,Sulfisoxazole,11.20682588,37357-67-8,Cc1noc(N[S](=O)(=O)c2ccc(N)cc2)c1C,,,https://doi.org/10.1021/acs.est.1c04326,sulfoxide,Sulfur-containing organics,"InChI=1S/C11H13N3O3S/c1-7-8(2)13-17-11(7)14-18(15,16)10-5-3-9(12)4-6-10/h3-6,14H,12H2,1-2H3",NHUHCSRWZMLRLA-UHFFFAOYSA-N
1829,"Sym-1,3,5-Triazine",7.908485019,64536-03-4,c1ncncn1,5,,10.1016/j.chemosphere.2018.12.156,triazine,Heterocycles,InChI=1S/C3H3N3/c1-4-2-6-3-5-1/h1-3H,JIHQDMXYYFUGFV-UHFFFAOYSA-N
1830,"Sym-1,3,5-Triazine",7.908485019,64536-03-4,c1ncncn1,5,,https://doi.org/10.1002/poc.1134,triazine,Heterocycles,InChI=1S/C3H3N3/c1-4-2-6-3-5-1/h1-3H,JIHQDMXYYFUGFV-UHFFFAOYSA-N
1831,Terbutaline,9.6232,23031-25-6,CC(C)(C)NCC(C1=CC(=CC(=C1)O)O)O,,,https://doi.org/10.1016/j.cej.2016.11.066,phenol,Oxygenated organics,"InChI=1S/C12H19NO3/c1-12(2,3)13-7-11(16)8-4-9(14)6-10(15)5-8/h4-6,11,13-16H,7H2,1-3H3",XWTYSIMOBUGWOL-UHFFFAOYSA-N
1832,Terbutaline,9.62324929,23031-25-6,CC(C)(C)NCC(O)c1cc(O)cc(O)c1,6,,10.1016/j.chemosphere.2018.12.156,phenol,Oxygenated organics,"InChI=1S/C12H19NO3/c1-12(2,3)13-7-11(16)8-4-9(14)6-10(15)5-8/h4-6,11,13-16H,7H2,1-3H3",XWTYSIMOBUGWOL-UHFFFAOYSA-N
1833,Terbutaline,9.6232,23031-25-6,CC(C)(C)NCC(C1=CC(=CC(=C1)O)O)O,,,https://doi.org/10.1016/j.chemosphere.2023.138871,phenol,Oxygenated organics,"InChI=1S/C12H19NO3/c1-12(2,3)13-7-11(16)8-4-9(14)6-10(15)5-8/h4-6,11,13-16H,7H2,1-3H3",XWTYSIMOBUGWOL-UHFFFAOYSA-N
1834,Terbutaline,9.62324929,23031-25-6,CC(C)(C)NCC(C1=CC(=CC(=C1)O)O)O,6,,https://doi.org/10.1016/j.cej.2016.11.066,phenol,Oxygenated organics,"InChI=1S/C12H19NO3/c1-12(2,3)13-7-11(16)8-4-9(14)6-10(15)5-8/h4-6,11,13-16H,7H2,1-3H3",XWTYSIMOBUGWOL-UHFFFAOYSA-N
1835,Terbutaline,9.6232,23031-25-6,CC(C)(C)NCC(C1=CC(=CC(=C1)O)O)O,,,https://doi.org/10.1016/j.jhazmat.2025.137929,phenol,Oxygenated organics,"InChI=1S/C12H19NO3/c1-12(2,3)13-7-11(16)8-4-9(14)6-10(15)5-8/h4-6,11,13-16H,7H2,1-3H3",XWTYSIMOBUGWOL-UHFFFAOYSA-N
1836,Terbuthylazine,9.477121255,5915-41-3,CCNc1nc(Cl)nc(NC(C)(C)C)n1,7.5,,10.1016/j.chemosphere.2018.12.156,halogenated,Halogenated organics,"InChI=1S/C9H16ClN5/c1-5-11-7-12-6(10)13-8(14-7)15-9(2,3)4/h5H2,1-4H3,(H2,11,12,13,14,15)",FZXISNSWEXTPMF-UHFFFAOYSA-N
1837,Terbuthylazine,9.4771,5915-41-3,CCNC1=NC(=NC(=N1)Cl)NC(C)(C)C,,,https://doi.org/10.1016/j.jhazmat.2025.138265,halogenated,Halogenated organics,"InChI=1S/C9H16ClN5/c1-5-11-7-12-6(10)13-8(14-7)15-9(2,3)4/h5H2,1-4H3,(H2,11,12,13,14,15)",FZXISNSWEXTPMF-UHFFFAOYSA-N
1838,Terbuthylazine,9.477121255,5915-41-3,CCNc1nc(Cl)nc(NC(C)(C)C)n1,,,https://doi.org/10.1021/acs.est.1c04326,halogenated,Halogenated organics,"InChI=1S/C9H16ClN5/c1-5-11-7-12-6(10)13-8(14-7)15-9(2,3)4/h5H2,1-4H3,(H2,11,12,13,14,15)",FZXISNSWEXTPMF-UHFFFAOYSA-N
1839,Terbuthylazine,9.477121255,5915-41-3,CCNC1=NC(=NC(=N1)Cl)NC(C)(C)C,7~8,,https://doi.org/10.1021/es503496u,halogenated,Halogenated organics,"InChI=1S/C9H16ClN5/c1-5-11-7-12-6(10)13-8(14-7)15-9(2,3)4/h5H2,1-4H3,(H2,11,12,13,14,15)",FZXISNSWEXTPMF-UHFFFAOYSA-N
1840,Terephthalate,8.230448921,3198-30-9,C1=CC(=CC=C1C(=O)[O-])C(=O)[O-],7,,https://doi.org/10.1021/ja00443a030,dicarboxylic acid,Polyfunctional / highly functionalized,"InChI=1S/C8H6O4/c9-7(10)5-1-2-6(4-3-5)8(11)12/h1-4H,(H,9,10)(H,11,12)/p-2",KKEYFWRCBNTPAC-UHFFFAOYSA-L
1841,Terephthalate,8.230448921,3198-30-9,O=C([O-])c1ccc(C(=O)[O-])cc1,7,,10.1063/1.555808,dicarboxylic acid,Polyfunctional / highly functionalized,"InChI=1S/C8H6O4/c9-7(10)5-1-2-6(4-3-5)8(11)12/h1-4H,(H,9,10)(H,11,12)/p-2",KKEYFWRCBNTPAC-UHFFFAOYSA-L
1842,Terephthalate,8.230448921,2244703-19-1,[O-]C(=O)c1ccc(cc1)C([O-])=O,,,https://doi.org/10.1021/acs.est.1c04326,dicarboxylic acid,Polyfunctional / highly functionalized,"InChI=1S/C8H6O4/c9-7(10)5-1-2-6(4-3-5)8(11)12/h1-4H,(H,9,10)(H,11,12)/p-2",KKEYFWRCBNTPAC-UHFFFAOYSA-L
1843,Terephthalate,8.2304,3198-30-9,C1=CC(=CC=C1C(=O)[O-])C(=O)[O-],,,https://doi.org/10.1016/j.jhazmat.2025.138033,dicarboxylic acid,Polyfunctional / highly functionalized,"InChI=1S/C8H6O4/c9-7(10)5-1-2-6(4-3-5)8(11)12/h1-4H,(H,9,10)(H,11,12)/p-2",KKEYFWRCBNTPAC-UHFFFAOYSA-L
1844,Terephthalate ion,8.230448921,3198-30-9,O=C([O-])c1ccc(C(=O)[O-])cc1,9,25,10.1063/1.555808,dicarboxylic acid,Polyfunctional / highly functionalized,"InChI=1S/C8H6O4/c9-7(10)5-1-2-6(4-3-5)8(11)12/h1-4H,(H,9,10)(H,11,12)/p-2",KKEYFWRCBNTPAC-UHFFFAOYSA-L
1845,Terephthalic acid,8.2304,100-21-0,C1=CC(=CC=C1C(=O)O)C(=O)O,,,https://doi.org/10.1016/j.jhazmat.2025.138128,carboxylic acid,Oxygenated organics,"InChI=1S/C8H6O4/c9-7(10)5-1-2-6(4-3-5)8(11)12/h1-4H,(H,9,10)(H,11,12)",KKEYFWRCBNTPAC-UHFFFAOYSA-N
1846,Terephthalic acid,8.2304,100-21-0,C1=CC(=CC=C1C(=O)O)C(=O)O,,,https://doi.org/10.1016/j.jhazmat.2025.138034,carboxylic acid,Oxygenated organics,"InChI=1S/C8H6O4/c9-7(10)5-1-2-6(4-3-5)8(11)12/h1-4H,(H,9,10)(H,11,12)",KKEYFWRCBNTPAC-UHFFFAOYSA-N
1847,Terephthalic acid,8.230448921,100-21-0,O=C(O)c1ccc(C(=O)O)cc1,7,25,10.1002/chin.197714152,carboxylic acid,Oxygenated organics,"InChI=1S/C8H6O4/c9-7(10)5-1-2-6(4-3-5)8(11)12/h1-4H,(H,9,10)(H,11,12)",KKEYFWRCBNTPAC-UHFFFAOYSA-N
1848,Terephthalic acid,8.230448921,60088-54-2,OC(=O)c1ccc(cc1)C(O)=O,,,https://doi.org/10.1021/acs.est.1c04326,carboxylic acid,Oxygenated organics,"InChI=1S/C8H6O4/c9-7(10)5-1-2-6(4-3-5)8(11)12/h1-4H,(H,9,10)(H,11,12)",KKEYFWRCBNTPAC-UHFFFAOYSA-N
1849,Tetrahydrofuran,8.447158031,109-99-9,C1CCOC1,7~8,,https://doi.org/10.1002/kin.550210802,ether,Oxygenated organics,InChI=1S/C4H8O/c1-2-4-5-3-1/h1-4H2,WYURNTSHIVDZCO-UHFFFAOYSA-N
1850,Tetrahydrofuran,8.447158031,109-99-9,C1CCOC1,,,NIST,ether,Oxygenated organics,InChI=1S/C4H8O/c1-2-4-5-3-1/h1-4H2,WYURNTSHIVDZCO-UHFFFAOYSA-N
1851,Tetrahydrofuran,8.361727836,109-99-9,C1CCOC1,7~8,,https://doi.org/10.1002/kin.1049,ether,Oxygenated organics,InChI=1S/C4H8O/c1-2-4-5-3-1/h1-4H2,WYURNTSHIVDZCO-UHFFFAOYSA-N
1852,Tetrahydrofuran,8.380211242,109-99-9,C1CCOC1,7~8,,https://doi.org/10.1021/j100176a055,ether,Oxygenated organics,InChI=1S/C4H8O/c1-2-4-5-3-1/h1-4H2,WYURNTSHIVDZCO-UHFFFAOYSA-N
1853,Tetrahydrofuran,8,109-99-9,C1CCOC1,7.5,,NIST,ether,Oxygenated organics,InChI=1S/C4H8O/c1-2-4-5-3-1/h1-4H2,WYURNTSHIVDZCO-UHFFFAOYSA-N
1854,Tetrahydrofuran,7,109-99-9,C1CCOC1,7.5,25,10.1002/kin.550250307,ether,Oxygenated organics,InChI=1S/C4H8O/c1-2-4-5-3-1/h1-4H2,WYURNTSHIVDZCO-UHFFFAOYSA-N
1855,Tetrahydrofuran,8,109-99-9,C1CCOC1,7~8,,https://doi.org/10.1021/j100495a028,ether,Oxygenated organics,InChI=1S/C4H8O/c1-2-4-5-3-1/h1-4H2,WYURNTSHIVDZCO-UHFFFAOYSA-N
1856,Tetrahydropyran,8.041392685,142-68-7,C1CCOCC1,,,NIST,ether,Oxygenated organics,InChI=1S/C5H10O/c1-2-4-6-5-3-1/h1-5H2,DHXVGJBLRPWPCS-UHFFFAOYSA-N
1857,Thiacloprid,9.653212514,111988-49-9,N#CN=C1SCCN1Cc1ccc(Cl)nc1,9,,https://doi.org/10.1039/C0NJ00726A,halogenated,Halogenated organics,"InChI=1S/C10H9ClN4S/c11-9-2-1-8(5-13-9)6-15-3-4-16-10(15)14-7-12/h1-2,5H,3-4,6H2",HOKKPVIRMVDYPB-UHFFFAOYSA-N
1858,Thiacloprid,9.574031268,1793071-39-2,Clc1ccc(CN2CCSC2=NC#N)cn1,,,https://doi.org/10.1021/acs.est.1c04326,halogenated,Halogenated organics,"InChI=1S/C10H9ClN4S/c11-9-2-1-8(5-13-9)6-15-3-4-16-10(15)14-7-12/h1-2,5H,3-4,6H2",HOKKPVIRMVDYPB-UHFFFAOYSA-N
1859,Thiacloprid,9.25925697,111988-49-9,N#CN=C1SCCN1Cc1ccc(Cl)nc1,3,20,10.1016/j.chemosphere.2018.12.156,halogenated,Halogenated organics,"InChI=1S/C10H9ClN4S/c11-9-2-1-8(5-13-9)6-15-3-4-16-10(15)14-7-12/h1-2,5H,3-4,6H2",HOKKPVIRMVDYPB-UHFFFAOYSA-N
1860,Thiacloprid,9.477121255,111988-49-9,N#CN=C1SCCN1Cc1ccc(Cl)nc1,3,,https://doi.org/10.1039/C0NJ00726A,halogenated,Halogenated organics,"InChI=1S/C10H9ClN4S/c11-9-2-1-8(5-13-9)6-15-3-4-16-10(15)14-7-12/h1-2,5H,3-4,6H2",HOKKPVIRMVDYPB-UHFFFAOYSA-N
1861,Thiazafluron,9.2983,25366-23-8,CNC(=O)N(C)C1=NN=C(S1)C(F)(F)F,,,https://doi.org/10.1016/j.jhazmat.2025.138094,halogenated,Halogenated organics,"InChI=1S/C6H7F3N4OS/c1-10-4(14)13(2)5-12-11-3(15-5)6(7,8)9/h1-2H3,(H,10,14)",BBJPZPLAZVZTGR-UHFFFAOYSA-N
1862,Thiazafluron,9.2983,25366-23-8,CNC(=O)N(C)C1=NN=C(S1)C(F)(F)F,,,https://doi.org/10.1016/j.jhazmat.2025.138312,halogenated,Halogenated organics,"InChI=1S/C6H7F3N4OS/c1-10-4(14)13(2)5-12-11-3(15-5)6(7,8)9/h1-2H3,(H,10,14)",BBJPZPLAZVZTGR-UHFFFAOYSA-N
1863,Thiodiacetic acid,9.431363764,123-93-3,C(C(=O)O)SCC(=O)O,6,,NIST,carboxylic acid,Oxygenated organics,"InChI=1S/C4H6O4S/c5-3(6)1-9-2-4(7)8/h1-2H2,(H,5,6)(H,7,8)",UVZICZIVKIMRNE-UHFFFAOYSA-N
1864,"Thiourea, phenyl-",9.633468456,103-85-5,C1=CC=C(C=C1)NC(=S)N,9,,NIST,benzene,Aromatic & PAHs,"InChI=1S/C7H8N2S/c8-7(10)9-6-4-2-1-3-5-6/h1-5H,(H3,8,9,10)",FULZLIGZKMKICU-UHFFFAOYSA-N
1865,Thymidine,9.322219295,50-89-5,CC1=CN(C(=O)NC1=O)[C@H]2C[C@@H]([C@H](O2)CO)O,,,NIST,diol,Polyfunctional / highly functionalized,"InChI=1S/C10H14N2O5/c1-5-3-12(10(16)11-9(5)15)8-2-6(14)7(4-13)17-8/h3,6-8,13-14H,2,4H2,1H3,(H,11,15,16)/t6-,7+,8+/m0/s1",IQFYYKKMVGJFEH-XLPZGREQSA-N
1866,Thymidine monophosphate,9,365-07-1,CC1=CN(C(=O)NC1=O)[C@H]2C[C@@H]([C@H](O2)COP(=O)(O)O)O,,,NIST,phosphorus,Phosphorus-containing organics,"InChI=1S/C10H15N2O8P/c1-5-3-12(10(15)11-9(5)14)8-2-6(13)7(20-8)4-19-21(16,17)18/h3,6-8,13H,2,4H2,1H3,(H,11,14,15)(H2,16,17,18)/t6-,7+,8+/m0/s1",GYOZYWVXFNDGLU-XLPZGREQSA-N
1867,Thymidylyl-(3'5')-2'-deoxyguanosine,9.301029996,4251-20-1,,7,,NIST,phosphorus,Phosphorus-containing organics,,
1868,Thymine,9.491361694,65-71-4,CC1=CNC(=O)NC1=O,6,,NIST,urea,Nitrogen-containing organics,"InChI=1S/C5H6N2O2/c1-3-2-6-5(9)7-4(3)8/h2H,1H3,(H2,6,7,8,9)",RWQNBRDOKXIBIV-UHFFFAOYSA-N
1869,Thyroxine,9.57634135,74506-30-2,N[C@@H](Cc1cc(I)c(Oc2cc(I)c(O)c(I)c2)c(I)c1)C(O)=O,,,https://doi.org/10.1021/acs.est.1c04326,halogenated,Halogenated organics,"InChI=1S/C15H11I4NO4/c16-8-4-7(5-9(17)13(8)21)24-14-10(18)1-6(2-11(14)19)3-12(20)15(22)23/h1-2,4-5,12,21H,3,20H2,(H,22,23)/t12-/m0/s1",XUIIKFGFIJCVMT-LBPRGKRZSA-N
1870,Thyroxine,9.57634135,300-30-1,N[C@@H](Cc1cc(I)c(Oc2cc(I)c(O)c(I)c2)c(I)c1)C(=O)O,7.4,21,10.1016/j.chemosphere.2018.12.156,halogenated,Halogenated organics,"InChI=1S/C15H11I4NO4/c16-8-4-7(5-9(17)13(8)21)24-14-10(18)1-6(2-11(14)19)3-12(20)15(22)23/h1-2,4-5,12,21H,3,20H2,(H,22,23)/t12-/m0/s1",XUIIKFGFIJCVMT-LBPRGKRZSA-N
1871,Thyroxine,9.57634135,300-30-1,C1=C(C=C(C(=C1I)OC2=CC(=C(C(=C2)I)O)I)I)C[C@@H](C(=O)O)N,7.4,,https://doi.org/10.1016/j.jhazmat.2016.04.022,halogenated,Halogenated organics,"InChI=1S/C15H11I4NO4/c16-8-4-7(5-9(17)13(8)21)24-14-10(18)1-6(2-11(14)19)3-12(20)15(22)23/h1-2,4-5,12,21H,3,20H2,(H,22,23)/t12-/m0/s1",XUIIKFGFIJCVMT-LBPRGKRZSA-N
1872,Thyroxine,9.5763,300-30-1,C1=C(C=C(C(=C1I)OC2=CC(=C(C(=C2)I)O)I)I)C[C@@H](C(=O)O)N,,,https://doi.org/10.1016/j.jhazmat.2025.137932,halogenated,Halogenated organics,"InChI=1S/C15H11I4NO4/c16-8-4-7(5-9(17)13(8)21)24-14-10(18)1-6(2-11(14)19)3-12(20)15(22)23/h1-2,4-5,12,21H,3,20H2,(H,22,23)/t12-/m0/s1",XUIIKFGFIJCVMT-LBPRGKRZSA-N
1873,Ticarcillin,8.903089987,59070-07-4,[Na+].[Na+].CC1(C)S[C@@H]2[C@H](NC(=O)[C@H](C([O-])=O)c3cscc3)C(=O)N2[C@H]1C([O-])=O,,,https://doi.org/10.1021/acs.est.1c04326,"sulfide, disulfide",Sulfur-containing organics,"InChI=1S/C15H16N2O6S2.2Na/c1-15(2)9(14(22)23)17-11(19)8(12(17)25-15)16-10(18)7(13(20)21)6-3-4-24-5-6;;/h3-5,7-9,12H,1-2H3,(H,16,18)(H,20,21)(H,22,23);;/q;2*+1/p-2/t7-,8-,9+,12-;;/m1../s1",ZBBCUBMBMZNEME-QBGWIPKPSA-L
1874,Ticarcillin,8.903089987,34787-01-4,CC1([C@@H](N2[C@H](S1)[C@@H](C2=O)NC(=O)[C@@H](C3=CSC=C3)C(=O)O)C(=O)O)C,7.4,,https://doi.org/10.1016/j.chemosphere.2010.07.015,"sulfide, disulfide",Sulfur-containing organics,"InChI=1S/C15H16N2O6S2/c1-15(2)9(14(22)23)17-11(19)8(12(17)25-15)16-10(18)7(13(20)21)6-3-4-24-5-6/h3-5,7-9,12H,1-2H3,(H,16,18)(H,20,21)(H,22,23)/t7-,8-,9+,12-/m1/s1",OHKOGUYZJXTSFX-KZFFXBSXSA-N
1875,Ticarcillin,8.903089987,34787-01-4,CC1(C)S[C@@H]2[C@H](NC(=O)[C@H](C(=O)[O-])c3ccsc3)C(=O)N2[C@H]1C(=O)[O-],7.4,21,10.1016/j.chemosphere.2018.12.156,"sulfide, disulfide",Sulfur-containing organics,"InChI=1S/C15H16N2O6S2/c1-15(2)9(14(22)23)17-11(19)8(12(17)25-15)16-10(18)7(13(20)21)6-3-4-24-5-6/h3-5,7-9,12H,1-2H3,(H,16,18)(H,20,21)(H,22,23)/p-2/t7-,8-,9+,12-/m1/s1",OHKOGUYZJXTSFX-KZFFXBSXSA-L
1876,Ticarcillin,9.222716471,34787-01-4,CC1([C@@H](N2[C@H](S1)[C@@H](C2=O)NC(=O)[C@@H](C3=CSC=C3)C(=O)O)C(=O)O)C,"2.6, 3.4",,10.1016/j.chemosphere.2010.07.015,"sulfide, disulfide",Sulfur-containing organics,"InChI=1S/C15H16N2O6S2/c1-15(2)9(14(22)23)17-11(19)8(12(17)25-15)16-10(18)7(13(20)21)6-3-4-24-5-6/h3-5,7-9,12H,1-2H3,(H,16,18)(H,20,21)(H,22,23)/t7-,8-,9+,12-/m1/s1",OHKOGUYZJXTSFX-KZFFXBSXSA-N
1877,Ticarcillin,9.222716471,34787-01-4,CC1(C)S[C@@H]2[C@H](NC(=O)[C@H](C(=O)[O-])c3ccsc3)C(=O)N2[C@H]1C(=O)[O-],7.4,21,10.1016/j.chemosphere.2018.12.156,"sulfide, disulfide",Sulfur-containing organics,"InChI=1S/C15H16N2O6S2/c1-15(2)9(14(22)23)17-11(19)8(12(17)25-15)16-10(18)7(13(20)21)6-3-4-24-5-6/h3-5,7-9,12H,1-2H3,(H,16,18)(H,20,21)(H,22,23)/p-2/t7-,8-,9+,12-/m1/s1",OHKOGUYZJXTSFX-KZFFXBSXSA-L
1878,Tinidazole,9.4977,19387-91-8,CCS(=O)(=O)CCN1C(=NC=C1[N+](=O)[O-])C,,,https://doi.org/10.1016/j.jhazmat.2025.138320,sulfoxide,Sulfur-containing organics,"InChI=1S/C8H13N3O4S/c1-3-16(14,15)5-4-10-7(2)9-6-8(10)11(12)13/h6H,3-5H2,1-2H3",HJLSLZFTEKNLFI-UHFFFAOYSA-N
1879,Tinidazole,9.465382851,,CC[S](=O)(=O)CCn1c(C)ncc1[N+]([O-])=O,,,https://doi.org/10.1021/acs.est.1c04326,sulfoxide,Sulfur-containing organics,"InChI=1S/C8H13N3O4S/c1-3-16(14,15)5-4-10-7(2)9-6-8(10)11(12)13/h6H,3-5H2,1-2H3",HJLSLZFTEKNLFI-UHFFFAOYSA-N
1880,Tinidazole,9.465382851,19387-91-8,CCS(=O)(=O)CCN1C(=NC=C1[N+](=O)[O-])C,7,,?10.1021/acs.est.6b05536,sulfoxide,Sulfur-containing organics,"InChI=1S/C8H13N3O4S/c1-3-16(14,15)5-4-10-7(2)9-6-8(10)11(12)13/h6H,3-5H2,1-2H3",HJLSLZFTEKNLFI-UHFFFAOYSA-N
1881,Tinidazole,9.465382851,19387-91-8,CCS(=O)(=O)CCn1c([N+](=O)[O-])cnc1C,7,,10.1016/j.chemosphere.2018.12.156,sulfoxide,Sulfur-containing organics,"InChI=1S/C8H13N3O4S/c1-3-16(14,15)5-4-10-7(2)9-6-8(10)11(12)13/h6H,3-5H2,1-2H3",HJLSLZFTEKNLFI-UHFFFAOYSA-N
1882,Tl+,9.230448921,22537-56-0,[Tl+],0,,NIST,inorganic,Others / Unassigned,InChI=1S/Tl/q+1,ZLUSCZLCHQSJRU-UHFFFAOYSA-N
1883,Toluene,9.1139,108-88-3,CC1=CC=CC=C1,,,https://doi.org/10.1016/j.chemosphere.2023.138897,benzene,Aromatic & PAHs,"InChI=1S/C7H8/c1-7-5-3-2-4-6-7/h2-6H,1H3",YXFVVABEGXRONW-UHFFFAOYSA-N
1884,Toluene,9.491361694,108-88-3,Cc1ccccc1,5.5,,10.1016/j.chemosphere.2018.12.156,benzene,Aromatic & PAHs,"InChI=1S/C7H8/c1-7-5-3-2-4-6-7/h2-6H,1H3",YXFVVABEGXRONW-UHFFFAOYSA-N
1885,Toluene,9.491361694,108-88-3,CC1=CC=CC=C1,5.5,,https://doi.org/10.1039/FT9949000597,benzene,Aromatic & PAHs,"InChI=1S/C7H8/c1-7-5-3-2-4-6-7/h2-6H,1H3",YXFVVABEGXRONW-UHFFFAOYSA-N
1886,Toluene,9.491361694,108-88-3,CC1=CC=CC=C1,5.5,,NIST,benzene,Aromatic & PAHs,"InChI=1S/C7H8/c1-7-5-3-2-4-6-7/h2-6H,1H3",YXFVVABEGXRONW-UHFFFAOYSA-N
1887,Toluene,9.4914,108-88-3,CC1=CC=CC=C1,,,http://dx.doi.org/10.1039/FT9949000597,benzene,Aromatic & PAHs,"InChI=1S/C7H8/c1-7-5-3-2-4-6-7/h2-6H,1H3",YXFVVABEGXRONW-UHFFFAOYSA-N
1888,Toluene,9.113943352,108-88-3,CC1=CC=CC=C1,4,,https://doi.org/10.1039/FD9950000129,benzene,Aromatic & PAHs,"InChI=1S/C7H8/c1-7-5-3-2-4-6-7/h2-6H,1H3",YXFVVABEGXRONW-UHFFFAOYSA-N
1889,Trichloroacetonitrile,7.385606274,3018-12-0,C(#N)C(Cl)(Cl)Cl,6,,https://doi.org/10.1016/j.cej.2017.03.042,halogenated,Halogenated organics,"InChI=1S/C2Cl3N/c3-2(4,5)1-6",DRUIESSIVFYOMK-UHFFFAOYSA-N
1890,Trichloroacetonitrile,7.385606274,3018-12-0,N#CC(Cl)(Cl)Cl,6,,10.1016/j.chemosphere.2018.12.156,halogenated,Halogenated organics,"InChI=1S/C2Cl3N/c3-2(4,5)1-6",DRUIESSIVFYOMK-UHFFFAOYSA-N
1891,Trichloroacetonitrile,7.385606274,545-06-2,ClC(Cl)(Cl)C#N,,,https://doi.org/10.1021/acs.est.1c04326,halogenated,Halogenated organics,"InChI=1S/C2Cl3N/c3-2(4,5)1-6",DRUIESSIVFYOMK-UHFFFAOYSA-N
1892,Trifluoroacetic acid,4.204119983,,OC(=O)C(F)(F)F,,,https://doi.org/10.1021/acs.est.1c04326,halogenated,Halogenated organics,"InChI=1S/C2HF3O2/c3-2(4,5)1(6)7/h(H,6,7)",DTQVDTLACAAQTR-UHFFFAOYSA-N
1893,Trifluoroacetic acid,4.204119983,1523530-27-9,O=C(O)C(F)(F)F,,,10.1016/j.chemosphere.2018.12.156,halogenated,Halogenated organics,"InChI=1S/C2HF3O2/c3-2(4,5)1(6)7/h(H,6,7)",DTQVDTLACAAQTR-UHFFFAOYSA-N
1894,"Trimesate ion ((1,3,5-Benzenetricarboxylate
ion))",7.919078092,1257379-83-1,O=C([O-])c1cc(C(=O)[O-])cc(C(=O)[O-])c1,9,25,10.1063/1.555808,dicarboxylic acid,Polyfunctional / highly functionalized,"InChI=1S/C9H6O6/c10-7(11)4-1-5(8(12)13)3-6(2-4)9(14)15/h1-3H,(H,10,11)(H,12,13)(H,14,15)/p-3",QMKYBPDZANOJGF-UHFFFAOYSA-K
1895,Trimethoprim,9.990338855,304671-81-6,COc1cc(Cc2cnc(N)nc2N)cc(OC)c1OC,,,https://doi.org/10.1021/acs.est.1c04326,amine,Nitrogen-containing organics,"InChI=1S/C14H18N4O3/c1-19-10-5-8(6-11(20-2)12(10)21-3)4-9-7-17-14(16)18-13(9)15/h5-7H,4H2,1-3H3,(H4,15,16,17,18)",IEDVJHCEMCRBQM-UHFFFAOYSA-N
1896,Trimethoprim,9.8871,7331-22-8,COC1=CC(=CC(=C1OC)OC)CC2=CN=C(N=C2N)N,,,https://doi.org/10.1016/j.chemosphere.2023.138845,amine,Nitrogen-containing organics,"InChI=1S/C14H18N4O3/c1-19-10-5-8(6-11(20-2)12(10)21-3)4-9-7-17-14(16)18-13(9)15/h5-7H,4H2,1-3H3,(H4,15,16,17,18)",IEDVJHCEMCRBQM-UHFFFAOYSA-N
1897,Trimethoprim,9.887054378,7331-22-8,COC1=CC(=CC(=C1OC)OC)CC2=CN=C(N=C2N)N,6,,https://doi.org/10.1021/es504799n,amine,Nitrogen-containing organics,"InChI=1S/C14H18N4O3/c1-19-10-5-8(6-11(20-2)12(10)21-3)4-9-7-17-14(16)18-13(9)15/h5-7H,4H2,1-3H3,(H4,15,16,17,18)",IEDVJHCEMCRBQM-UHFFFAOYSA-N
1898,Trimethoprim,9.8871,7331-22-8,COC1=CC(=CC(=C1OC)OC)CC2=CN=C(N=C2N)N,,,https://doi.org/10.1016/j.chemosphere.2023.138887,amine,Nitrogen-containing organics,"InChI=1S/C14H18N4O3/c1-19-10-5-8(6-11(20-2)12(10)21-3)4-9-7-17-14(16)18-13(9)15/h5-7H,4H2,1-3H3,(H4,15,16,17,18)",IEDVJHCEMCRBQM-UHFFFAOYSA-N
1899,Trimethoprim,9.8871,7331-22-8,COC1=CC(=CC(=C1OC)OC)CC2=CN=C(N=C2N)N,,,https://doi.org/10.1016/j.jhazmat.2025.137906,amine,Nitrogen-containing organics,"InChI=1S/C14H18N4O3/c1-19-10-5-8(6-11(20-2)12(10)21-3)4-9-7-17-14(16)18-13(9)15/h5-7H,4H2,1-3H3,(H4,15,16,17,18)",IEDVJHCEMCRBQM-UHFFFAOYSA-N
1900,Trimethoprim,9.887054378,7331-22-8,COc1cc(Cc2cnc(N)nc2N)cc(OC)c1OC,6,,10.1016/j.chemosphere.2018.12.156,amine,Nitrogen-containing organics,"InChI=1S/C14H18N4O3/c1-19-10-5-8(6-11(20-2)12(10)21-3)4-9-7-17-14(16)18-13(9)15/h5-7H,4H2,1-3H3,(H4,15,16,17,18)",IEDVJHCEMCRBQM-UHFFFAOYSA-N
1901,Trimethoprim,9.767155866,7331-22-8,COC1=CC(=CC(=C1OC)OC)CC2=CN=C(N=C2N)N,9,,https://doi.org/10.1021/es504799n,amine,Nitrogen-containing organics,"InChI=1S/C14H18N4O3/c1-19-10-5-8(6-11(20-2)12(10)21-3)4-9-7-17-14(16)18-13(9)15/h5-7H,4H2,1-3H3,(H4,15,16,17,18)",IEDVJHCEMCRBQM-UHFFFAOYSA-N
1902,Trimethoprim,9.8871,738-70-5,COC1=CC(=CC(=C1OC)OC)CC2=CN=C(N=C2N)N,,,https://doi.org/10.1021/es504799n,amine,Nitrogen-containing organics,"InChI=1S/C14H18N4O3/c1-19-10-5-8(6-11(20-2)12(10)21-3)4-9-7-17-14(16)18-13(9)15/h5-7H,4H2,1-3H3,(H4,15,16,17,18)",IEDVJHCEMCRBQM-UHFFFAOYSA-N
1903,Trimethylanilimium ion,8.1761,68059-83-6,C[N+](C)(C)c1ccccc1,,,https://doi.org/10.1016/j.chemosphere.2023.138821,benzene,Aromatic & PAHs,"InChI=1S/C9H14N/c1-10(2,3)9-7-5-4-6-8-9/h4-8H,1-3H3/q+1",ZNEOHLHCKGUAEB-UHFFFAOYSA-N
1904,Trimethylanilinium ion,8.176091259,68059-83-6,C[N+](C)(C)c1ccccc1,7,,10.1002/chin.197714152,benzene,Aromatic & PAHs,"InChI=1S/C9H14N/c1-10(2,3)9-7-5-4-6-8-9/h4-8H,1-3H3/q+1",ZNEOHLHCKGUAEB-UHFFFAOYSA-N
1905,Trimethylanilinium ion,8.176091259,68059-83-6,C[N+](C)(C)C1=CC=CC=C1,7,,https://doi.org/10.1021/ja00443a030,benzene,Aromatic & PAHs,"InChI=1S/C9H14N/c1-10(2,3)9-7-5-4-6-8-9/h4-8H,1-3H3/q+1",ZNEOHLHCKGUAEB-UHFFFAOYSA-N
1906,Trimethylanilinium ion,8.176091259,3426-74-2,C[N+](C)(C)c1ccccc1,,,https://doi.org/10.1021/acs.est.1c04326,benzene,Aromatic & PAHs,"InChI=1S/C9H14N/c1-10(2,3)9-7-5-4-6-8-9/h4-8H,1-3H3/q+1",ZNEOHLHCKGUAEB-UHFFFAOYSA-N
1907,Trimethylanilinium ion,8.176091259,68059-83-6,C[N+](C)(C)c1ccccc1,7,25,10.1002/chin.197714152,benzene,Aromatic & PAHs,"InChI=1S/C9H14N/c1-10(2,3)9-7-5-4-6-8-9/h4-8H,1-3H3/q+1",ZNEOHLHCKGUAEB-UHFFFAOYSA-N
1908,Triptopane,9.301029996,6912-86-3,C1=CC=C2C(=C1)C=C(N2)CC(C(=O)O)N,7,,NIST,amine,Nitrogen-containing organics,"InChI=1S/C11H12N2O2/c12-9(11(14)15)6-8-5-7-3-1-2-4-10(7)13-8/h1-5,9,13H,6,12H2,(H,14,15)",KYNMONSTYCGIDJ-UHFFFAOYSA-N
1909,Triton X-45,8.8388,92046-34-9,CC(C)(C)CC(C)(C)C1=CC=C(C=C1)OCCO,,,https://doi.org/10.1016/j.jhazmat.2025.138017,alcohol,Oxygenated organics,"InChI=1S/C16H26O2/c1-15(2,3)12-16(4,5)13-6-8-14(9-7-13)18-11-10-17/h6-9,17H,10-12H2,1-5H3",JYCQQPHGFMYQCF-UHFFFAOYSA-N
1910,Triton X-45,8.838849091,65256-19-1,CC(C)(C)CC(C)(C)c1ccc(OCCO)cc1,,,https://doi.org/10.1021/acs.est.1c04326,alcohol,Oxygenated organics,"InChI=1S/C16H26O2/c1-15(2,3)12-16(4,5)13-6-8-14(9-7-13)18-11-10-17/h6-9,17H,10-12H2,1-5H3",JYCQQPHGFMYQCF-UHFFFAOYSA-N
1911,Triton X-45,8.838849091,9078-71-1,CC(C)(C)CC(C)(C)C1=CC=C(C=C1)OCCO,6.5,,https://doi.org/10.3389/fchem.2013.00004,alcohol,Oxygenated organics,"InChI=1S/C16H26O2/c1-15(2,3)12-16(4,5)13-6-8-14(9-7-13)18-11-10-17/h6-9,17H,10-12H2,1-5H3",JYCQQPHGFMYQCF-UHFFFAOYSA-N
1912,Triton X-45,8.838849091,9078-71-1,CC(C)(C)CC(C)(C)c1ccc(OCCO)cc1,6.5,25,doi.org/10.1016/j.watres.2012.06.006,alcohol,Oxygenated organics,"InChI=1S/C16H26O2/c1-15(2,3)12-16(4,5)13-6-8-14(9-7-13)18-11-10-17/h6-9,17H,10-12H2,1-5H3",JYCQQPHGFMYQCF-UHFFFAOYSA-N
1913,Tryptamine,9.5616,61-54-1,C1=CC=C2C(=C1)C(=CN2)CCN,,,https://doi.org/10.1016/j.jhazmat.2025.138322,amine,Nitrogen-containing organics,"InChI=1S/C10H12N2/c11-6-5-8-7-12-10-4-2-1-3-9(8)10/h1-4,7,12H,5-6,11H2",APJYDQYYACXCRM-UHFFFAOYSA-N
1914,Tryptophan,9.3617,153-94-6,C1=CC=C2C(=C1)C(=CN2)C[C@@H](C(=O)O)N,,,https://doi.org/10.1016/j.chemosphere.2023.138822,amine,Nitrogen-containing organics,"InChI=1S/C11H12N2O2/c12-9(11(14)15)5-7-6-13-10-4-2-1-3-8(7)10/h1-4,6,9,13H,5,12H2,(H,14,15)/t9-/m0/s1",QIVBCDIJIAJPQS-VIFPVBQESA-N
1915,Tryptophanamide,9.4017,20696-57-5,C1=CC=C2C(=C1)C(=CN2)C[C@@H](C(=O)N)N,,,https://doi.org/10.1016/j.jhazmat.2025.138319,amide,Nitrogen-containing organics,"InChI=1S/C11H13N3O/c12-9(11(13)15)5-7-6-14-10-4-2-1-3-8(7)10/h1-4,6,9,14H,5,12H2,(H2,13,15)/t9-/m0/s1",JLSKPBDKNIXMBS-VIFPVBQESA-N
1916,Tryptophanamide,9.4017,20696-57-5,C1=CC=C2C(=C1)C(=CN2)C[C@@H](C(=O)N)N,,,https://doi.org/10.1016/j.jhazmat.2025.138086,amide,Nitrogen-containing organics,"InChI=1S/C11H13N3O/c12-9(11(13)15)5-7-6-14-10-4-2-1-3-8(7)10/h1-4,6,9,14H,5,12H2,(H2,13,15)/t9-/m0/s1",JLSKPBDKNIXMBS-VIFPVBQESA-N
1917,Tyrosine,9.5051,556-03-6,C1=CC(=CC=C1C[C@@H](C(=O)O)N)O,,,https://doi.org/10.1016/j.chemosphere.2023.138824,phenol,Oxygenated organics,"InChI=1S/C9H11NO3/c10-8(9(12)13)5-6-1-3-7(11)4-2-6/h1-4,8,11H,5,10H2,(H,12,13)/t8-/m0/s1",OUYCCCASQSFEME-QMMMGPOBSA-N
1918,Tyrosine,9.4896,556-03-6,C1=CC(=CC=C1C[C@@H](C(=O)O)N)O,,,https://doi.org/10.1016/j.jhazmat.2025.138335,phenol,Oxygenated organics,"InChI=1S/C9H11NO3/c10-8(9(12)13)5-6-1-3-7(11)4-2-6/h1-4,8,11H,5,10H2,(H,12,13)/t8-/m0/s1",OUYCCCASQSFEME-QMMMGPOBSA-N
1919,Tyrosine,9.4896,556-03-6,C1=CC(=CC=C1C[C@@H](C(=O)O)N)O,,,https://doi.org/10.1016/j.jhazmat.2025.138239,phenol,Oxygenated organics,"InChI=1S/C9H11NO3/c10-8(9(12)13)5-6-1-3-7(11)4-2-6/h1-4,8,11H,5,10H2,(H,12,13)/t8-/m0/s1",OUYCCCASQSFEME-QMMMGPOBSA-N
1920,Tyrosine,9.4896,556-03-6,C1=CC(=CC=C1C[C@@H](C(=O)O)N)O,,,https://doi.org/10.1016/j.jhazmat.2025.138175,phenol,Oxygenated organics,"InChI=1S/C9H11NO3/c10-8(9(12)13)5-6-1-3-7(11)4-2-6/h1-4,8,11H,5,10H2,(H,12,13)/t8-/m0/s1",OUYCCCASQSFEME-QMMMGPOBSA-N
1921,Tyrosine,9.5051,556-03-6,C1=CC(=CC=C1C[C@@H](C(=O)O)N)O,,,https://doi.org/10.1016/j.chemosphere.2023.138867,phenol,Oxygenated organics,"InChI=1S/C9H11NO3/c10-8(9(12)13)5-6-1-3-7(11)4-2-6/h1-4,8,11H,5,10H2,(H,12,13)/t8-/m0/s1",OUYCCCASQSFEME-QMMMGPOBSA-N
1922,Uracil,9.477121255,66-22-8,C1=CNC(=O)NC1=O,6,,NIST,heterocycle,Heterocycles,"InChI=1S/C4H4N2O2/c7-3-1-2-5-4(8)6-3/h1-2H,(H2,5,6,7,8)",ISAKRJDGNUQOIC-UHFFFAOYSA-N
1923,"Uracil, 1-methyl-",9.51851394,615-77-0,CN1C=CC(=O)NC1=O,6,,NIST,heterocycle,Heterocycles,"InChI=1S/C5H6N2O2/c1-7-3-2-4(8)6-5(7)9/h2-3H,1H3,(H,6,8,9)",XBCXJKGHPABGSD-UHFFFAOYSA-N
1924,Venlafaxine,9.547774705,93413-69-5,CN(C)CC(C1=CC=C(C=C1)OC)C2(CCCCC2)O,7,,https://doi.org/10.1021/acs.est.6b05536,amine,Nitrogen-containing organics,"InChI=1S/C17H27NO2/c1-18(2)13-16(17(19)11-5-4-6-12-17)14-7-9-15(20-3)10-8-14/h7-10,16,19H,4-6,11-13H2,1-3H3",PNVNVHUZROJLTJ-UHFFFAOYSA-N
1925,Venlafaxine,9.5478,93413-69-5,CN(C)CC(C1=CC=C(C=C1)OC)C2(CCCCC2)O,,,https://doi.org/10.1016/j.jhazmat.2025.138221,amine,Nitrogen-containing organics,"InChI=1S/C17H27NO2/c1-18(2)13-16(17(19)11-5-4-6-12-17)14-7-9-15(20-3)10-8-14/h7-10,16,19H,4-6,11-13H2,1-3H3",PNVNVHUZROJLTJ-UHFFFAOYSA-N
1926,Venlafaxine,9.5478,93413-69-5,CN(C)CC(C1=CC=C(C=C1)OC)C2(CCCCC2)O,,,https://doi.org/10.1016/j.jhazmat.2025.138269,amine,Nitrogen-containing organics,"InChI=1S/C17H27NO2/c1-18(2)13-16(17(19)11-5-4-6-12-17)14-7-9-15(20-3)10-8-14/h7-10,16,19H,4-6,11-13H2,1-3H3",PNVNVHUZROJLTJ-UHFFFAOYSA-N
1927,Venlafaxine,9.5478,93413-69-5,CN(C)CC(C1=CC=C(C=C1)OC)C2(CCCCC2)O,,,https://doi.org/10.1021/acs.est.6b05536,amine,Nitrogen-containing organics,"InChI=1S/C17H27NO2/c1-18(2)13-16(17(19)11-5-4-6-12-17)14-7-9-15(20-3)10-8-14/h7-10,16,19H,4-6,11-13H2,1-3H3",PNVNVHUZROJLTJ-UHFFFAOYSA-N
1928,Venlafaxine,9.547774705,93413-69-5,COc1ccc(C(CN(C)C)C2(O)CCCCC2)cc1,7,,10.1016/j.chemosphere.2018.12.156,amine,Nitrogen-containing organics,"InChI=1S/C17H27NO2/c1-18(2)13-16(17(19)11-5-4-6-12-17)14-7-9-15(20-3)10-8-14/h7-10,16,19H,4-6,11-13H2,1-3H3",PNVNVHUZROJLTJ-UHFFFAOYSA-N
1929,Venlafaxine,9.5478,93413-69-5,CN(C)CC(C1=CC=C(C=C1)OC)C2(CCCCC2)O,,,https://doi.org/10.1016/j.jhazmat.2025.137935,amine,Nitrogen-containing organics,"InChI=1S/C17H27NO2/c1-18(2)13-16(17(19)11-5-4-6-12-17)14-7-9-15(20-3)10-8-14/h7-10,16,19H,4-6,11-13H2,1-3H3",PNVNVHUZROJLTJ-UHFFFAOYSA-N
1930,Verbenone,9.204119983,18309-32-5,CC1=CC(=O)C2CC1C2(C)C,4,19,10.1016/j.chemosphere.2018.12.156,ketone,Oxygenated organics,"InChI=1S/C10H14O/c1-6-4-9(11)8-5-7(6)10(8,2)3/h4,7-8H,5H2,1-3H3",DCSCXTJOXBUFGB-UHFFFAOYSA-N
1931,Verbenone,9.2041,18309-32-5,CC1=CC(=O)[C@@H]2C[C@H]1C2(C)C,,,https://doi.org/10.1016/j.jhazmat.2025.138074,ketone,Oxygenated organics,"InChI=1S/C10H14O/c1-6-4-9(11)8-5-7(6)10(8,2)3/h4,7-8H,5H2,1-3H3/t7-,8+/m1/s1",DCSCXTJOXBUFGB-SFYZADRCSA-N
1932,Verbenone,9.204119983,18309-32-5,CC1=CC(=O)[C@@H]2C[C@H]1C2(C)C,4,,https://doi.org/10.1023/A:1006340727148,ketone,Oxygenated organics,"InChI=1S/C10H14O/c1-6-4-9(11)8-5-7(6)10(8,2)3/h4,7-8H,5H2,1-3H3/t7-,8+/m1/s1",DCSCXTJOXBUFGB-SFYZADRCSA-N
1933,Verbenone,9.204119983,18309-32-5,CC1=CC(=O)C2CC1C2(C)C,,,https://doi.org/10.1021/acs.est.1c04326,ketone,Oxygenated organics,"InChI=1S/C10H14O/c1-6-4-9(11)8-5-7(6)10(8,2)3/h4,7-8H,5H2,1-3H3",DCSCXTJOXBUFGB-UHFFFAOYSA-N
1934,"[(2R,3S)-5-(2-amino-6-oxo-3H-purin-9-yl)-3-hydroxyoxolan-2-yl]methyl [(2R,5R)-5-(4-amino-2-oxopyrimidin-1-yl)-2-(hydroxymethyl)oxolan-3-yl] hydrogen phosphate",9.301029996,,NC1=NC(=O)c2ncn(C3C[C@H](O)[C@@H](CO[P](O)(=O)OC4C[C@@H](O[C@@H]4CO)N5C=CC(=NC5=O)N)O3)c2N1,,,https://doi.org/10.1021/acs.est.1c04326,phosphorus,Phosphorus-containing organics,"InChI=1S/C19H25N8O10P/c20-12-1-2-26(19(31)23-12)14-4-9(10(5-28)35-14)37-38(32,33)34-6-11-8(29)3-13(36-11)27-7-22-15-16(27)24-18(21)25-17(15)30/h1-2,7-11,13-14,28-29H,3-6H2,(H,32,33)(H2,20,23,31)(H3,21,24,25,30)/t8-,9?,10+,11+,13?,14+/m0/s1",OBCJQWSXSLYWHI-ZVSJHMINSA-N
1935,"[(2R,3S,4R,5R)-5-(2,4-dioxopyrimidin-1-yl)-3,4-dihydroxyoxolan-2-yl]methyl dihydrogen phosphate",7.77815125,24936-38-7,O[C@H]1[C@@H](O)[C@@H](O[C@@H]1CO[P](O)(O)=O)N2C=CC(=O)NC2=O,,,https://doi.org/10.1021/acs.est.1c04326,phosphorus,Phosphorus-containing organics,"InChI=1S/C9H13N2O9P/c12-5-1-2-11(9(15)10-5)8-7(14)6(13)4(20-8)3-19-21(16,17)18/h1-2,4,6-8,13-14H,3H2,(H,10,12,15)(H2,16,17,18)/t4-,6-,7-,8-/m1/s1",DJJCXFVJDGTHFX-XVFCMESISA-N
1936,"[(2R,3S,5R)-5-(2-amino-6-oxo-3H-purin-9-yl)-3-hydroxyoxolan-2-yl]methyl [(2R,3R,5R)-3-(hydroxymethyl)-5-(5-methyl-2,4-dioxopyrimidin-1-yl)oxolan-2-yl] hydrogen phosphate",9.301029996,15180-30-0,CC1=CN([C@H]2C[C@H](CO)[C@H](O2)O[P](O)(=O)OC[C@H]3O[C@H](C[C@@H]3O)n4cnc5C(=O)N=C(N)Nc45)C(=O)NC1=O,,,https://doi.org/10.1021/acs.est.1c04326,phosphorus,Phosphorus-containing organics,"InChI=1S/C20H26N7O11P/c1-8-4-26(20(32)25-16(8)30)12-2-9(5-28)18(37-12)38-39(33,34)35-6-11-10(29)3-13(36-11)27-7-22-14-15(27)23-19(21)24-17(14)31/h4,7,9-13,18,28-29H,2-3,5-6H2,1H3,(H,33,34)(H,25,30,32)(H3,21,23,24,31)/t9-,10+,11-,12-,13-,18-/m1/s1",IBIDWGFEZKUPJD-FJLHAGFDSA-N
1937,"[(2R,3S,5R)-5-(6-aminopurin-9-yl)-3-hydroxyoxolan-2-yl]methyl [(2R,3R,5S)-3-(hydroxymethyl)-5-(5-methyl-2,4-dioxopyrimidin-1-yl)oxolan-2-yl] hydrogen phosphate",9.301029996,10318-59-9,CC1=CN([C@@H]2C[C@H](CO)[C@H](O2)O[P](O)(=O)OC[C@H]3O[C@H](C[C@@H]3O)n4cnc5c(N)ncnc45)C(=O)NC1=O,,,https://doi.org/10.1021/acs.est.1c04326,phosphorus,Phosphorus-containing organics,"InChI=1S/C20H26N7O10P/c1-9-4-26(20(31)25-18(9)30)13-2-10(5-28)19(36-13)37-38(32,33)34-6-12-11(29)3-14(35-12)27-8-24-15-16(21)22-7-23-17(15)27/h4,7-8,10-14,19,28-29H,2-3,5-6H2,1H3,(H,32,33)(H2,21,22,23)(H,25,30,31)/t10-,11+,12-,13+,14-,19-/m1/s1",XPAOKCSHUNYPBS-XSBNNCSWSA-N
1938,"[(2R,3S,5R)-5-(6-aminopurin-9-yl)-3-hydroxyoxolan-2-yl]methyl dihydrogen phosphate",9.342422681,25138-00-5,Nc1ncnc2n(cnc12)[C@H]3C[C@H](O)[C@@H](CO[P](O)(O)=O)O3,,,https://doi.org/10.1021/acs.est.1c04326,phosphorus,Phosphorus-containing organics,"InChI=1S/C10H14N5O6P/c11-9-8-10(13-3-12-9)15(4-14-8)7-1-5(16)6(21-7)2-20-22(17,18)19/h3-7,16H,1-2H2,(H2,11,12,13)(H2,17,18,19)/t5-,6+,7+/m0/s1",KHWCHTKSEGGWEX-RRKCRQDMSA-N
1939,"[(2S,5R)-5-(5-methyl-2,4-dioxopyrimidin-1-yl)oxolan-2-yl]methyl dihydrogen phosphate",9.204119983,29706-87-4,CC1=CN([C@H]2CC[C@@H](CO[P](O)(O)=O)O2)C(=O)NC1=O,,,https://doi.org/10.1021/acs.est.1c04326,phosphorus,Phosphorus-containing organics,"InChI=1S/C10H15N2O7P/c1-6-4-12(10(14)11-9(6)13)8-3-2-7(19-8)5-18-20(15,16)17/h4,7-8H,2-3,5H2,1H3,(H,11,13,14)(H2,15,16,17)/t7-,8+/m0/s1",WVNRRNJFRREKAR-JGVFFNPUSA-N
1940,[14C]-Deoxythymidine monophosphate,9.204119983,3715-64-8,,7,,NIST,phosphorus,Phosphorus-containing organics,,
1941,"[3-hydroxy-5-(5-methyl-2,4-dioxopyrimidin-1-yl)oxolan-2-yl]methyl dihydrogen phosphate",9,29706-87-4,CC1=CN(C2CC(O)C(CO[P](O)(O)=O)O2)C(=O)NC1=O,,,https://doi.org/10.1021/acs.est.1c04326,phosphorus,Phosphorus-containing organics,"InChI=1S/C10H15N2O8P/c1-5-3-12(10(15)11-9(5)14)8-2-6(13)7(20-8)4-19-21(16,17)18/h3,6-8,13H,2,4H2,1H3,(H,11,14,15)(H2,16,17,18)",GYOZYWVXFNDGLU-UHFFFAOYSA-N
1942,"[5-(2-amino-6-oxo-3H-purin-9-yl)-3,4-dihydroxyoxolan-2-yl]methyl [5-(6-aminopurin-9-yl)-4-hydroxy-2-(hydroxymethyl)oxolan-3-yl] hydrogen phosphate",9.301029996,3352-23-6,NC1=NC(=O)c2ncn(C3OC(CO[P](O)(=O)OC4C(O)C(OC4CO)n5cnc6c(N)ncnc56)C(O)C3O)c2N1,,,https://doi.org/10.1021/acs.est.1c04326,phosphorus,Phosphorus-containing organics,"InChI=1S/C20H25N10O11P/c21-14-8-15(24-3-23-14)29(4-25-8)19-12(34)13(6(1-31)39-19)41-42(36,37)38-2-7-10(32)11(33)18(40-7)30-5-26-9-16(30)27-20(22)28-17(9)35/h3-7,10-13,18-19,31-34H,1-2H2,(H,36,37)(H2,21,23,24)(H3,22,27,28,35)",LWBLDUTUVIXFJE-UHFFFAOYSA-N
1943,[5-(2-amino-6-oxo-3H-purin-9-yl)-3-hydroxyoxolan-2-yl]methyl dihydrogen phosphate,9.361727836,3237-37-4,NC1=NC(=O)c2ncn(C3CC(O)C(CO[P](O)(O)=O)O3)c2N1,,,https://doi.org/10.1021/acs.est.1c04326,phosphorus,Phosphorus-containing organics,"InChI=1S/C10H14N5O7P/c11-10-13-8-7(9(17)14-10)12-3-15(8)6-1-4(16)5(22-6)2-21-23(18,19)20/h3-6,16H,1-2H2,(H2,18,19,20)(H3,11,13,14,17)",LTFMZDNNPPEQNG-UHFFFAOYSA-N
1944,[5-(4-amino-2-oxopyrimidin-1-yl)-3-hydroxyoxolan-2-yl]methyl dihydrogen phosphate,9.2041,847-22-3,C1C(C(OC1N2C=CC(=NC2=O)N)COP(=O)(O)O)O,,,https://doi.org/10.1016/j.jhazmat.2025.138210,phosphorus,Phosphorus-containing organics,"InChI=1S/C9H14N3O7P/c10-7-1-2-12(9(14)11-7)8-3-5(13)6(19-8)4-18-20(15,16)17/h1-2,5-6,8,13H,3-4H2,(H2,10,11,14)(H2,15,16,17)",NCMVOABPESMRCP-UHFFFAOYSA-N
1945,[5-(4-amino-2-oxopyrimidin-1-yl)-3-hydroxyoxolan-2-yl]methyl dihydrogen phosphate,9.2041,847-22-3,C1C(C(OC1N2C=CC(=NC2=O)N)COP(=O)(O)O)O,,,https://doi.org/10.1016/j.jhazmat.2025.138068,phosphorus,Phosphorus-containing organics,"InChI=1S/C9H14N3O7P/c10-7-1-2-12(9(14)11-7)8-3-5(13)6(19-8)4-18-20(15,16)17/h1-2,5-6,8,13H,3-4H2,(H2,10,11,14)(H2,15,16,17)",NCMVOABPESMRCP-UHFFFAOYSA-N
1946,[5-(4-amino-2-oxopyrimidin-1-yl)-3-hydroxyoxolan-2-yl]methyl dihydrogen phosphate,9.204119983,58998-59-7,NC1=NC(=O)N(C=C1)C2CC(O)C(CO[P](O)(O)=O)O2,,,https://doi.org/10.1021/acs.est.1c04326,phosphorus,Phosphorus-containing organics,"InChI=1S/C9H14N3O7P/c10-7-1-2-12(9(14)11-7)8-3-5(13)6(19-8)4-18-20(15,16)17/h1-2,5-6,8,13H,3-4H2,(H2,10,11,14)(H2,15,16,17)",NCMVOABPESMRCP-UHFFFAOYSA-N
1947,[5-(4-amino-2-oxopyrimidin-1-yl)-3-hydroxyoxolan-2-yl]methyl dihydrogen phosphate,9.2041,847-22-3,C1C(C(OC1N2C=CC(=NC2=O)N)COP(=O)(O)O)O,,,https://doi.org/10.1016/j.jhazmat.2025.138255,phosphorus,Phosphorus-containing organics,"InChI=1S/C9H14N3O7P/c10-7-1-2-12(9(14)11-7)8-3-5(13)6(19-8)4-18-20(15,16)17/h1-2,5-6,8,13H,3-4H2,(H2,10,11,14)(H2,15,16,17)",NCMVOABPESMRCP-UHFFFAOYSA-N
1948,[PO3(OH)](.-),6.079181246,55799-16-1,O=P([O-])(O)=O,,,https://doi.org/10.1021/acs.est.1c04326,phosphorus,Phosphorus-containing organics,,
1949,"a,a,a-Trifuorotoluene",7.301029996,2385067-57-0,FC(F)(F)c1ccccc1,7,,10.1016/j.chemosphere.2018.12.156,halogenated,Halogenated organics,"InChI=1S/C7H5F3/c8-7(9,10)6-4-2-1-3-5-6/h1-5H",GETTZEONDQJALK-UHFFFAOYSA-N
1950,"a,a,a-Trifuorotoluene",7.301029996,2385067-57-0,FC(F)(F)c1ccccc1,7,,https://doi.org/10.1039/A807751G,halogenated,Halogenated organics,"InChI=1S/C7H5F3/c8-7(9,10)6-4-2-1-3-5-6/h1-5H",GETTZEONDQJALK-UHFFFAOYSA-N
1951,"a,a,a-trifluorotoluene",7.301029996,1219804-33-7,FC(F)(F)c1ccccc1,1.7,25,10.1016/j.chemosphere.2018.12.156,halogenated,Halogenated organics,"InChI=1S/C7H5F3/c8-7(9,10)6-4-2-1-3-5-6/h1-5H",GETTZEONDQJALK-UHFFFAOYSA-N
1952,a-Pinene,7.491361694,127-91-3,CC1=CCC2CC1C2(C)C,4,19,10.1016/j.chemosphere.2018.12.156,alkene,Aliphatic hydrocarbons,"InChI=1S/C10H16/c1-7-4-5-8-6-9(7)10(8,2)3/h4,8-9H,5-6H2,1-3H3",GRWFGVWFFZKLTI-UHFFFAOYSA-N
1953,a-Pinene,9.491361694,127-91-3,CC1=C[C@H]2C[C@@H](C1)C2(C)C,4,,https://doi.org/10.1023/A:1006340727148,alkene,Aliphatic hydrocarbons,"InChI=1S/C10H16/c1-7-4-8-6-9(5-7)10(8,2)3/h4,8-9H,5-6H2,1-3H3/t8-,9+/m0/s1",ZJUDTXCEVUJEOX-DTWKUNHWSA-N
1954,a-Pinene,9.079181246,127-91-3,CC1=C[C@H]2C[C@@H](C1)C2(C)C,3,,https://doi.org/10.1016/S1352-2310(03)00503-X,alkene,Aliphatic hydrocarbons,"InChI=1S/C10H16/c1-7-4-8-6-9(5-7)10(8,2)3/h4,8-9H,5-6H2,1-3H3/t8-,9+/m0/s1",ZJUDTXCEVUJEOX-DTWKUNHWSA-N
1955,a-Terpineol,9.612783857,8000-41-7,CC1=CCC(CC1)C(C)(C)O,4,,https://doi.org/10.1023/A:1006340727148,alcohol,Oxygenated organics,"InChI=1S/C10H18O/c1-8-4-6-9(7-5-8)10(2,3)11/h4,9,11H,5-7H2,1-3H3",WUOACPNHFRMFPN-UHFFFAOYSA-N
1956,a-Terpineol,9.612783857,8000-41-7,CC1=CC[C@H](C(C)(C)O)CC1,4,19,10.1016/j.chemosphere.2018.12.156,alcohol,Oxygenated organics,"InChI=1S/C10H18O/c1-8-4-6-9(7-5-8)10(2,3)11/h4,9,11H,5-7H2,1-3H3/t9-/m0/s1",WUOACPNHFRMFPN-VIFPVBQESA-N
1957,a-Terpineol,10.1139,8000-41-7,CC1=CCC(CC1)C(C)(C)O,,,https://doi.org/10.1016/j.jhazmat.2025.138178,alcohol,Oxygenated organics,"InChI=1S/C10H18O/c1-8-4-6-9(7-5-8)10(2,3)11/h4,9,11H,5-7H2,1-3H3",WUOACPNHFRMFPN-UHFFFAOYSA-N
1958,a-pinene,9.491361694,127-91-3,CC1=C[C@H]2C[C@@H](C1)C2(C)C,4,,https://doi.org/10.1016/S1010-6030(03)00064-9,alkene,Aliphatic hydrocarbons,"InChI=1S/C10H16/c1-7-4-8-6-9(5-7)10(8,2)3/h4,8-9H,5-6H2,1-3H3/t8-,9+/m0/s1",ZJUDTXCEVUJEOX-DTWKUNHWSA-N
1959,a-pinene,9.079181246,127-91-3,CC1=C[C@H]2C[C@@H](C1)C2(C)C,3,,https://doi.org/10.1016/j.atmosenv.2004.11.024,alkene,Aliphatic hydrocarbons,"InChI=1S/C10H16/c1-7-4-8-6-9(5-7)10(8,2)3/h4,8-9H,5-6H2,1-3H3/t8-,9+/m0/s1",ZJUDTXCEVUJEOX-DTWKUNHWSA-N
1960,acetamiprid,9.041392685,135410-20-7,CC(=NC#N)N(C)CC1=CN=C(C=C1)Cl,3,,https://doi.org/10.1039/C0NJ00726A,halogenated,Halogenated organics,"InChI=1S/C10H11ClN4/c1-8(14-7-12)15(2)6-9-3-4-10(11)13-5-9/h3-5H,6H2,1-2H3",WCXDHFDTOYPNIE-UHFFFAOYSA-N
1961,acetamiprid,9,135410-20-7,CC(=NC#N)N(C)CC1=CN=C(C=C1)Cl,9,,https://doi.org/10.1039/C0NJ00726A,halogenated,Halogenated organics,"InChI=1S/C10H11ClN4/c1-8(14-7-12)15(2)6-9-3-4-10(11)13-5-9/h3-5H,6H2,1-2H3",WCXDHFDTOYPNIE-UHFFFAOYSA-N
1962,acetamiprid,8.565847819,135410-20-7,CC(=NC#N)N(C)CC1=CN=C(C=C1)Cl,7,,https://doi.org/10.1016/j.cej.2018.06.107,halogenated,Halogenated organics,"InChI=1S/C10H11ClN4/c1-8(14-7-12)15(2)6-9-3-4-10(11)13-5-9/h3-5H,6H2,1-2H3",WCXDHFDTOYPNIE-UHFFFAOYSA-N
1963,acetate,6.667452953,64392-62-7,CC([O-])=O,,,https://doi.org/10.1021/acs.est.1c04326,carboxylic acid,Oxygenated organics,"InChI=1S/C2H4O2/c1-2(3)4/h1H3,(H,3,4)/p-1",QTBSBXVTEAMEQO-UHFFFAOYSA-M
1964,acetate,6.672097858,71-50-1,CC(=O)[O-],9,25,10.1063/1.555808,carboxylic acid,Oxygenated organics,"InChI=1S/C2H4O2/c1-2(3)4/h1H3,(H,3,4)/p-1",QTBSBXVTEAMEQO-UHFFFAOYSA-M
1965,acetate,6.698970004,71-50-1,CC(=O)[O-],6.8,,NIST,carboxylic acid,Oxygenated organics,"InChI=1S/C2H4O2/c1-2(3)4/h1H3,(H,3,4)/p-1",QTBSBXVTEAMEQO-UHFFFAOYSA-M
1966,acetic acid,4.372912003,57745-60-5,CC(O)=O,,,https://doi.org/10.1021/acs.est.1c04326,carboxylic acid,Oxygenated organics,"InChI=1S/C2H4O2/c1-2(3)4/h1H3,(H,3,4)",QTBSBXVTEAMEQO-UHFFFAOYSA-N
1967,acetic acid,4.163985812,64-19-7,CC(=O)O,0.9,25,10.1063/1.555808,carboxylic acid,Oxygenated organics,"InChI=1S/C2H4O2/c1-2(3)4/h1H3,(H,3,4)",QTBSBXVTEAMEQO-UHFFFAOYSA-N
1968,alanine,7,62656-85-3,C[C@H](N)C(=O)O,7,25,10.1016/j.watres.2017.03.015,amine,Nitrogen-containing organics,"InChI=1S/C3H7NO2/c1-2(4)3(5)6/h2H,4H2,1H3,(H,5,6)/t2-/m0/s1",QNAYBMKLOCPYGJ-REOHCLBHSA-N
1969,alanine,9.8222,62656-85-3,C[C@@H](C(=O)O)N,,,https://doi.org/10.1016/j.jhazmat.2025.138285,amine,Nitrogen-containing organics,"InChI=1S/C3H7NO2/c1-2(4)3(5)6/h2H,4H2,1H3,(H,5,6)/t2-/m0/s1",QNAYBMKLOCPYGJ-REOHCLBHSA-N
1970,alanine,9.8222,62656-85-3,C[C@@H](C(=O)O)N,,,https://doi.org/10.1016/j.jhazmat.2025.138148,amine,Nitrogen-containing organics,"InChI=1S/C3H7NO2/c1-2(4)3(5)6/h2H,4H2,1H3,(H,5,6)/t2-/m0/s1",QNAYBMKLOCPYGJ-REOHCLBHSA-N
1971,alpha-Pinene,9.33243846,7785-76-4,CC1=CCC2CC1C2(C)C,,,https://doi.org/10.1021/acs.est.1c04326,alkene,Aliphatic hydrocarbons,"InChI=1S/C10H16/c1-7-4-5-8-6-9(7)10(8,2)3/h4,8-9H,5-6H2,1-3H3",GRWFGVWFFZKLTI-UHFFFAOYSA-N
1972,alpha-Terpineol,9.612783857,8000-41-7,CC1=CCC(CC1)C(C)(C)O,,,https://doi.org/10.1021/acs.est.1c04326,alcohol,Oxygenated organics,"InChI=1S/C10H18O/c1-8-4-6-9(7-5-8)10(2,3)11/h4,9,11H,5-7H2,1-3H3",WUOACPNHFRMFPN-UHFFFAOYSA-N
1973,aminothiourea,9.963787827,383148-57-0,NNC(N)=S,,,https://doi.org/10.1021/acs.est.1c04326,sulfur-containing,Sulfur-containing organics,"InChI=1S/CH5N3S/c2-1(5)4-3/h3H2,(H3,2,4,5)",BRWIZMBXBAOCCF-UHFFFAOYSA-N
1974,aminothiourea,9.9638,79-19-6,C(=S)(N)NN,,,https://doi.org/10.1016/j.jhazmat.2025.138290,sulfur-containing,Sulfur-containing organics,"InChI=1S/CH5N3S/c2-1(5)4-3/h3H2,(H3,2,4,5)",BRWIZMBXBAOCCF-UHFFFAOYSA-N
1975,amoxicillin,9.462397998,81030-75-3,CC1(C)S[C@@H]2[C@H](NC(=O)C(N)c3ccc(O)cc3)C(=O)N2[C@H]1C(=O)O,7.4,20,10.1016/j.chemosphere.2018.12.156,"sulfide, disulfide",Sulfur-containing organics,"InChI=1S/C16H19N3O5S/c1-16(2)11(15(23)24)19-13(22)10(14(19)25-16)18-12(21)9(17)7-3-5-8(20)6-4-7/h3-6,9-11,14,20H,17H2,1-2H3,(H,18,21)(H,23,24)/t9?,10-,11+,14-/m1/s1",LSQZJLSUYDQPKJ-UWFZAAFLSA-N
1976,ampicillin,9.301029996,33993-48-5,CC1(C)S[C@@H]2[C@H](NC(=O)[C@H](N)c3ccccc3)C(=O)N2[C@H]1C(=O)O,7.4,25,10.1016/j.chemosphere.2018.12.156,"sulfide, disulfide",Sulfur-containing organics,"InChI=1S/C16H19N3O4S/c1-16(2)11(15(22)23)19-13(21)10(14(19)24-16)18-12(20)9(17)8-6-4-3-5-7-8/h3-7,9-11,14H,17H2,1-2H3,(H,18,20)(H,22,23)/t9-,10-,11+,14-/m1/s1",AVKUERGKIZMTKX-NJBDSQKTSA-N
1977,anisole,9.69019608,50629-14-6,COc1ccccc1,4,,10.1002/chin.197714152,ether,Oxygenated organics,"InChI=1S/C7H8O/c1-8-7-5-3-2-4-6-7/h2-6H,1H3",RDOXTESZEPMUJZ-UHFFFAOYSA-N
1978,anisole,9.69019608,50629-14-6,COc1ccccc1,7,20,10.1002/chin.197714152,ether,Oxygenated organics,"InChI=1S/C7H8O/c1-8-7-5-3-2-4-6-7/h2-6H,1H3",RDOXTESZEPMUJZ-UHFFFAOYSA-N
1979,arabitol,7.72427587,488-82-4,C([C@H](C([C@@H](CO)O)O)O)O,~6,,https://doi.org/10.1039/B908463B,diol,Polyfunctional / highly functionalized,"InChI=1S/C5H12O5/c6-1-3(8)5(10)4(9)2-7/h3-10H,1-2H2/t3-,4-/m1/s1",HEBKCHPVOIAQTA-QWWZWVQMSA-N
1980,"atrazine (6-chloro-2-ethylamino-4-isopropylamino-1,3,5-triazine)",9.544068044,4150-65-6,CCNc1nc(Cl)nc(NC(C)C)n1,7.8,,10.1016/j.envint.2018.12.043,halogenated,Halogenated organics,"InChI=1S/C8H14ClN5/c1-4-10-7-12-6(9)13-8(14-7)11-5(2)3/h5H,4H2,1-3H3,(H2,10,11,12,13,14)",MXWJVTOOROXGIU-UHFFFAOYSA-N
1981,benzaldehyde,8.84509804,17901-93-8,C1=CC=C(C=C1)C=O,,,https://doi.org/10.1002/poc.713,aldehyde,Oxygenated organics,InChI=1S/C7H6O/c8-6-7-4-2-1-3-5-7/h1-6H,HUMNYLRZRPPJDN-UHFFFAOYSA-N
1982,benzene,9.190105621,79151-09-0,c1ccccc1,7,25,10.1002/chin.197714152,benzene,Aromatic & PAHs,InChI=1S/C6H6/c1-2-4-6-5-3-1/h1-6H,UHOVQNZJYSORNB-UHFFFAOYSA-N
1983,benzene,8.826074803,79151-09-0,c1ccccc1,9,25,10.1002/chin.197714152,benzene,Aromatic & PAHs,InChI=1S/C6H6/c1-2-4-6-5-3-1/h1-6H,UHOVQNZJYSORNB-UHFFFAOYSA-N
1984,benzene,9.380211242,79151-09-0,C1=CC=CC=C1,3,,https://doi.org/10.1016/j.atmosenv.2004.11.024,benzene,Aromatic & PAHs,InChI=1S/C6H6/c1-2-4-6-5-3-1/h1-6H,UHOVQNZJYSORNB-UHFFFAOYSA-N
1985,benzene,8.806179974,79151-09-0,C1=CC=CC=C1,4,,10.1002/cphc.201000533,benzene,Aromatic & PAHs,InChI=1S/C6H6/c1-2-4-6-5-3-1/h1-6H,UHOVQNZJYSORNB-UHFFFAOYSA-N
1986,benzene,9.380211242,79151-09-0,COc1ccccc1,3,25,10.1002/chin.197714152,benzene,Aromatic & PAHs,"InChI=1S/C7H8O/c1-8-7-5-3-2-4-6-7/h2-6H,1H3",RDOXTESZEPMUJZ-UHFFFAOYSA-N
1987,benzene,9.380211242,79151-09-0,C1=CC=CC=C1,3,,10.1002/cphc.201000536,benzene,Aromatic & PAHs,InChI=1S/C6H6/c1-2-4-6-5-3-1/h1-6H,UHOVQNZJYSORNB-UHFFFAOYSA-N
1988,benzene,9.477121255,79151-09-0,C1=CC=CC=C1,7,,10.1002/cphc.201000534,benzene,Aromatic & PAHs,InChI=1S/C6H6/c1-2-4-6-5-3-1/h1-6H,UHOVQNZJYSORNB-UHFFFAOYSA-N
1989,benzene,9.806179974,79151-09-0,c1ccccc1,4,25,10.1002/chin.197714152,benzene,Aromatic & PAHs,InChI=1S/C6H6/c1-2-4-6-5-3-1/h1-6H,UHOVQNZJYSORNB-UHFFFAOYSA-N
1990,benzene,8.903089987,79151-09-0,C1=CC=CC=C1,,,10.1002/cphc.201000535,benzene,Aromatic & PAHs,InChI=1S/C6H6/c1-2-4-6-5-3-1/h1-6H,UHOVQNZJYSORNB-UHFFFAOYSA-N
1991,"benzene-1,4-dicarboxylate dianion",8.230448921,2581-43-3,O=S(OC1=CC=C(C=C1)OS(=O)(C2=CC=C(C)C=C2)=O)(C3=CC=C(C)C=C3)=O,9,,NIST,benzene,Aromatic & PAHs,"InChI=1S/C20H18O6S2/c1-15-3-11-19(12-4-15)27(21,22)25-17-7-9-18(10-8-17)26-28(23,24)20-13-5-16(2)6-14-20/h3-14H,1-2H3",VTSNEDSSUJGUGK-UHFFFAOYSA-N
1992,benzoate,9.079181246,766-76-7,C1=CC=C(C=C1)C(=O)[O-],7,,NIST,carboxylic acid,Oxygenated organics,"InChI=1S/C7H6O2/c8-7(9)6-4-2-1-3-5-6/h1-5H,(H,8,9)/p-1",WPYMKLBDIGXBTP-UHFFFAOYSA-M
1993,benzocaine,9.4853,94-09-7,CCOC(=O)C1=CC=C(C=C1)N,,,https://doi.org/10.1016/j.jhazmat.2025.138325,amine,Nitrogen-containing organics,"InChI=1S/C9H11NO2/c1-2-12-9(11)7-3-5-8(10)6-4-7/h3-6H,2,10H2,1H3",BLFLLBZGZJTVJG-UHFFFAOYSA-N
1994,benzocaine,9.4853,94-09-7,CCOC(=O)C1=CC=C(C=C1)N,,,https://doi.org/10.1016/j.jhazmat.2025.138160,amine,Nitrogen-containing organics,"InChI=1S/C9H11NO2/c1-2-12-9(11)7-3-5-8(10)6-4-7/h3-6H,2,10H2,1H3",BLFLLBZGZJTVJG-UHFFFAOYSA-N
1995,benzoic acid,9.079181246,3880-99-7,O=C(O)c1ccccc1,2.3,,10.1002/chin.197714152,carboxylic acid,Oxygenated organics,"InChI=1S/C7H6O2/c8-7(9)6-4-2-1-3-5-6/h1-5H,(H,8,9)",WPYMKLBDIGXBTP-UHFFFAOYSA-N
1996,benzoic acid,9.079181246,183430-27-5,OC(=O)c1ccccc1,,,https://doi.org/10.1021/acs.est.1c04326,carboxylic acid,Oxygenated organics,"InChI=1S/C7H6O2/c8-7(9)6-4-2-1-3-5-6/h1-5H,(H,8,9)",WPYMKLBDIGXBTP-UHFFFAOYSA-N
1997,bicarbonate,6.959041392,87081-58-1,OC([O-])=O,,,https://doi.org/10.1021/acs.est.1c04326,dicarboxylic acid,Polyfunctional / highly functionalized,"InChI=1S/CH2O3/c2-1(3)4/h(H2,2,3,4)/p-1",BVKZGUZCCUSVTD-UHFFFAOYSA-M
1998,bisphenol A,8.4951,80-05-7,CC(C1=CC=C(O)C=C1)(C)C2=CC=C(O)C=C2,,,https://doi.org/10.1016/j.jhazmat.2025.138236,phenol,Oxygenated organics,"InChI=1S/C15H16O2/c1-15(2,11-3-7-13(16)8-4-11)12-5-9-14(17)10-6-12/h3-10,16-17H,1-2H3",IISBACLAFKSPIT-UHFFFAOYSA-N
1999,but-2-enoic acid,9.2553,3724-65-0,CC=CC(=O)O,,,https://doi.org/10.1016/j.jhazmat.2025.138130,carboxylic acid,Oxygenated organics,"InChI=1S/C4H6O2/c1-2-3-4(5)6/h2-3H,1H3,(H,5,6)",LDHQCZJRKDOVOX-UHFFFAOYSA-N
2000,but-2-enoic acid,8.886490725,32236-62-7,C/C=C/C(O)=O,,,https://doi.org/10.1021/acs.est.1c04326,carboxylic acid,Oxygenated organics,"InChI=1S/C4H6O2/c1-2-3-4(5)6/h2-3H,1H3,(H,5,6)/b3-2+",LDHQCZJRKDOVOX-NSCUHMNNSA-N
2001,but-3-enenitrile,9.041392685,110197-41-6,C=CCC#N,,,https://doi.org/10.1021/acs.est.1c04326,nitrile,Nitrogen-containing organics,"InChI=1S/C4H5N/c1-2-3-4-5/h2H,1,3H2",SJNALLRHIVGIBI-UHFFFAOYSA-N
2002,butanedioate,6.851258349,51609-64-4,[O-]C(=O)CCC([O-])=O,,,https://doi.org/10.1021/acs.est.1c04326,dicarboxylic acid,Polyfunctional / highly functionalized,"InChI=1S/C4H6O4/c5-3(6)1-2-4(7)8/h1-2H2,(H,5,6)(H,7,8)/p-2",KDYFGRWQOYBRFD-UHFFFAOYSA-L
2003,butanedioic acid,6.8513,110-15-6,C(CC(=O)O)C(=O)O,,,https://doi.org/10.1016/j.jhazmat.2025.138101,dicarboxylic acid,Polyfunctional / highly functionalized,"InChI=1S/C4H6O4/c5-3(6)1-2-4(7)8/h1-2H2,(H,5,6)(H,7,8)",KDYFGRWQOYBRFD-UHFFFAOYSA-N
2004,butanedioic acid,6.851258349,595606-83-0,OC(=O)CCC(O)=O,,,https://doi.org/10.1021/acs.est.1c04326,dicarboxylic acid,Polyfunctional / highly functionalized,"InChI=1S/C4H6O4/c5-3(6)1-2-4(7)8/h1-2H2,(H,5,6)(H,7,8)",KDYFGRWQOYBRFD-UHFFFAOYSA-N
2005,butyl prop-2-enoate,6.8513,63450-13-5,CCCCOC(=O)C=C,,,https://doi.org/10.1016/j.jhazmat.2025.138117,ester,Oxygenated organics,"InChI=1S/C7H12O2/c1-3-5-6-9-7(8)4-2/h4H,2-3,5-6H2,1H3",CQEYYJKEWSMYFG-UHFFFAOYSA-N
2006,butyl prop-2-enoate,8.301029996,68123-57-9,CCCCOC(=O)C=C,,,https://doi.org/10.1021/acs.est.1c04326,ester,Oxygenated organics,"InChI=1S/C7H12O2/c1-3-5-6-9-7(8)4-2/h4H,2-3,5-6H2,1H3",CQEYYJKEWSMYFG-UHFFFAOYSA-N
2007,caffeic acid,9.591064607,331-89-5,C1=CC(=C(C=C1/C=C/C(=O)O)O)O,,,10.1007/s00411-006-0041-9,carboxylic acid,Oxygenated organics,"InChI=1S/C9H8O4/c10-7-3-1-6(5-8(7)11)2-4-9(12)13/h1-5,10-11H,(H,12,13)/b4-2+",QAIPRVGONGVQAS-DUXPYHPUSA-N
2008,carbonate,6.612783857,3812-32-6,C(=O)([O-])[O-],,,NIST,dicarboxylic acid,Polyfunctional / highly functionalized,"InChI=1S/CH2O3/c2-1(3)4/h(H2,2,3,4)/p-2",BVKZGUZCCUSVTD-UHFFFAOYSA-L
2009,carbonate,6.612783857,767234-62-8,[O-]C([O-])=O,,,https://doi.org/10.1021/acs.est.1c04326,dicarboxylic acid,Polyfunctional / highly functionalized,"InChI=1S/CH2O3/c2-1(3)4/h(H2,2,3,4)/p-2",BVKZGUZCCUSVTD-UHFFFAOYSA-L
2010,carboxyformate,6.230448921,338-70-5,O=C([O-])C(=O)O,2.8,25,10.1021/acs.est.5b03078,dicarboxylic acid,Polyfunctional / highly functionalized,"InChI=1S/C2H2O4/c3-1(4)2(5)6/h(H,3,4)(H,5,6)/p-1",MUBZPKHOEPUJKR-UHFFFAOYSA-M
2011,cephalothin,9.541579244,58-71-9,CC(=O)OCC1=C(C(=O)[O-])N2C(=O)[C@@H](NC(=O)Cc3cccs3)[C@H]2SC1,7.4,25,10.1021/acs.est.5b03078,"sulfide, disulfide",Sulfur-containing organics,"InChI=1S/C16H16N2O6S2/c1-8(19)24-6-9-7-26-15-12(14(21)18(15)13(9)16(22)23)17-11(20)5-10-3-2-4-25-10/h2-4,12,15H,5-7H2,1H3,(H,17,20)(H,22,23)/p-1/t12-,15-/m1/s1",XIURVHNZVLADCM-IUODEOHRSA-M
2012,chloride anion,8.505149978,16887-00-6,[Cl-],,,10.1021/jp036211i,inorganic halogen,Others / Unassigned,InChI=1S/ClH/h1H/p-1,VEXZGXHMUGYJMC-UHFFFAOYSA-M
2013,chlorogenic acid,9.301029996,1049703-62-9,C1[C@H]([C@H]([C@@H](C[C@@]1(C(=O)O)O)OC(=O)/C=C/C2=CC(=C(C=C2)O)O)O)O,,,10.1007/s00411-006-0041-11,halogenated,Halogenated organics,"InChI=1S/C16H18O9/c17-9-3-1-8(5-10(9)18)2-4-13(20)25-12-7-16(24,15(22)23)6-11(19)14(12)21/h1-5,11-12,14,17-19,21,24H,6-7H2,(H,22,23)/b4-2+/t11-,12-,14-,16+/m1/s1",CWVRJTMFETXNAD-JUHZACGLSA-N
2014,ciprofloxacin (CIP),9.322219295,93106-58-2,O=C(O)c1cn(C2CC2)c2cc(N3CCNCC3)c(F)cc2c1=O,7,,10.1016/j.chemosphere.2018.12.156,halogenated,Halogenated organics,"InChI=1S/C17H18FN3O3/c18-13-7-11-14(8-15(13)20-5-3-19-4-6-20)21(10-1-2-10)9-12(16(11)22)17(23)24/h7-10,19H,1-6H2,(H,23,24)",MYSWGUAQZAJSOK-UHFFFAOYSA-N
2015,cis-Pinonic acid,7.204119983,473-72-3,CC(=O)[C@@H]1C[C@H](CC(=O)O)C1(C)C,3,25,10.1016/j.chemosphere.2018.12.156,carboxylic acid,Oxygenated organics,"InChI=1S/C10H16O3/c1-6(11)8-4-7(5-9(12)13)10(8,2)3/h7-8H,4-5H2,1-3H3,(H,12,13)/t7-,8+/m1/s1",SIZDUQQDBXJXLQ-SFYZADRCSA-N
2016,cis-Pinonic acid,8.9243,473-72-3,CC(=O)[C@H]1C[C@H](C1(C)C)CC(=O)O,,,https://doi.org/10.1016/j.jhazmat.2025.138142,carboxylic acid,Oxygenated organics,"InChI=1S/C10H16O3/c1-6(11)8-4-7(5-9(12)13)10(8,2)3/h7-8H,4-5H2,1-3H3,(H,12,13)/t7-,8+/m0/s1",SIZDUQQDBXJXLQ-JGVFFNPUSA-N
2017,cis-Pinonic acid,8.9243,473-72-3,CC(=O)[C@H]1C[C@H](C1(C)C)CC(=O)O,,,https://doi.org/10.1016/j.jhazmat.2025.138076,carboxylic acid,Oxygenated organics,"InChI=1S/C10H16O3/c1-6(11)8-4-7(5-9(12)13)10(8,2)3/h7-8H,4-5H2,1-3H3,(H,12,13)/t7-,8+/m0/s1",SIZDUQQDBXJXLQ-JGVFFNPUSA-N
2018,cis-Pinonic acid,7.204119983,17879-35-5,CC(=O)[C@H]1C[C@@H](CC(O)=O)C1(C)C,,,https://doi.org/10.1021/acs.est.1c04326,carboxylic acid,Oxygenated organics,"InChI=1S/C10H16O3/c1-6(11)8-4-7(5-9(12)13)10(8,2)3/h7-8H,4-5H2,1-3H3,(H,12,13)/t7-,8+/m0/s1",SIZDUQQDBXJXLQ-JGVFFNPUSA-N
2019,cis-Pinonic acid,7.204119983,473-72-3,CC(=O)[C@H]1C[C@H](C1(C)C)CC(=O)O,3,,https://doi.org/10.1016/S1352-2310(03)00503-X,carboxylic acid,Oxygenated organics,"InChI=1S/C10H16O3/c1-6(11)8-4-7(5-9(12)13)10(8,2)3/h7-8H,4-5H2,1-3H3,(H,12,13)/t7-,8+/m0/s1",SIZDUQQDBXJXLQ-JGVFFNPUSA-N
2020,cis-Verbenol,9.505149978,1217543-09-3,CC1=C[C@@H](O)[C@@H]2C[C@H]1C2(C)C,,,https://doi.org/10.1021/acs.est.1c04326,alcohol,Oxygenated organics,"InChI=1S/C10H16O/c1-6-4-9(11)8-5-7(6)10(8,2)3/h4,7-9,11H,5H2,1-3H3/t7-,8+,9-/m1/s1",WONIGEXYPVIKFS-HRDYMLBCSA-N
2021,cis-Verbenol,9.505149978,473-67-6,CC1=C[C@@H]([C@H]2C[C@@H]1C2(C)C)O,4,,https://doi.org/10.1023/A:1006340727148,alcohol,Oxygenated organics,"InChI=1S/C10H16O/c1-6-4-9(11)8-5-7(6)10(8,2)3/h4,7-9,11H,5H2,1-3H3/t7-,8+,9-/m0/s1",WONIGEXYPVIKFS-YIZRAAEISA-N
2022,cis-Verbenol,9.505149978,473-67-6,CC1=C[C@@H](O)[C@@H]2C[C@H]1C2(C)C,4,19,10.1016/j.chemosphere.2018.12.156,alcohol,Oxygenated organics,"InChI=1S/C10H16O/c1-6-4-9(11)8-5-7(6)10(8,2)3/h4,7-9,11H,5H2,1-3H3/t7-,8+,9-/m1/s1",WONIGEXYPVIKFS-HRDYMLBCSA-N
2023,cis-pinonic acid,7.204119983,473-72-3,CC(=O)[C@H]1C[C@H](C1(C)C)CC(=O)O,3,,https://doi.org/10.1016/j.atmosenv.2004.11.024,carboxylic acid,Oxygenated organics,"InChI=1S/C10H16O3/c1-6(11)8-4-7(5-9(12)13)10(8,2)3/h7-8H,4-5H2,1-3H3,(H,12,13)/t7-,8+/m0/s1",SIZDUQQDBXJXLQ-JGVFFNPUSA-N
2024,cyanate,8.698970004,661-20-1,C(=[N-])=O,,,NIST,alkane,Aliphatic hydrocarbons,InChI=1S/CNO/c2-1-3/q-1,IQPQWNKOIGAROB-UHFFFAOYSA-N
2025,"cyclohexa-2,5-diene-1,4-dione",9.8692,55836-33-4,C1=CC(=O)C=CC1=O,,,https://doi.org/10.1016/j.jhazmat.2025.138084,ketone,Oxygenated organics,InChI=1S/C6H4O2/c7-5-1-2-6(8)4-3-5/h1-4H,AZQWKYJCGOJGHM-UHFFFAOYSA-N
2026,"cyclohexa-2,5-diene-1,4-dione",8.544068044,39510-96-8,O=C1C=CC(=O)C=C1,,,https://doi.org/10.1021/acs.est.1c04326,ketone,Oxygenated organics,InChI=1S/C6H4O2/c7-5-1-2-6(8)4-3-5/h1-4H,AZQWKYJCGOJGHM-UHFFFAOYSA-N
2027,cyclopentanol,8.6128,96-41-3,C1CCC(C1)O,,,https://doi.org/10.1016/j.jhazmat.2025.138179,alcohol,Oxygenated organics,"InChI=1S/C5H10O/c6-5-3-1-2-4-5/h5-6H,1-4H2",XCIXKGXIYUWCLL-UHFFFAOYSA-N
2028,cyclopentanol,8.447158031,96-41-3,OC1CCCC1,7,22,10.1021/acs.est.5b03078,alcohol,Oxygenated organics,"InChI=1S/C5H10O/c6-5-3-1-2-4-5/h5-6H,1-4H2",XCIXKGXIYUWCLL-UHFFFAOYSA-N
2029,deoxycytidylyl-(3'-5')-deoxyguanosine,9.301029996,15178-66-2,C1[C@@H]([C@H](OC1N2C=NC3=C2N=C(NC3=O)N)COP(=O)(O)OC4C[C@@H](O[C@@H]4CO)N5C=CC(=NC5=O)N)O,7,,NIST,phosphorus,Phosphorus-containing organics,"InChI=1S/C19H25N8O10P/c20-12-1-2-26(19(31)23-12)14-4-9(10(5-28)35-14)37-38(32,33)34-6-11-8(29)3-13(36-11)27-7-22-15-16(27)24-18(21)25-17(15)30/h1-2,7-11,13-14,28-29H,3-6H2,(H,32,33)(H2,20,23,31)(H3,21,24,25,30)/t8-,9?,10+,11+,13?,14+/m0/s1",OBCJQWSXSLYWHI-ZVSJHMINSA-N
2030,"desethyl-atrazine (DEA) (6-chloro-2-amino-4-isopropylamino-1,3,5-triazine)",8.982271233,6190-65-4,CC(C)Nc1nc(N)nc(Cl)n1,7.8,,doi.org/10.1016/j.watres.2012.06.006,halogenated,Halogenated organics,"InChI=1S/C6H10ClN5/c1-3(2)9-6-11-4(7)10-5(8)12-6/h3H,1-2H3,(H3,8,9,10,11,12)",DFWFIQKMSFGDCQ-UHFFFAOYSA-N
2031,"desethyl-terbuthylazine (DET) (6-chloro-2-amino-4-terbutylamino-1,3,5-triazine)",8.556302501,38902-68-0,c1ncncn1,7.8,,10.1016/j.chemosphere.2018.12.156,halogenated,Halogenated organics,InChI=1S/C3H3N3/c1-4-2-6-3-5-1/h1-3H,JIHQDMXYYFUGFV-UHFFFAOYSA-N
2032,"desisopropyl-atrazine (DIA) (6-chloro-2-ethylamino-4-amino-1,3,5-triazine)",9.301029996,37019-16-2,CCNc1nc(N)nc(Cl)n1,7.8,,doi.org/10.1016/j.watres.2012.06.006,halogenated,Halogenated organics,"InChI=1S/C5H8ClN5/c1-2-8-5-10-3(6)9-4(7)11-5/h2H2,1H3,(H3,7,8,9,10,11)",IVENSCMCQBJAKW-UHFFFAOYSA-N
2033,deuteriooxymethane,7.041392685,,CO[2H],,,https://doi.org/10.1021/acs.est.1c04326,alcohol,Oxygenated organics,"InChI=1S/CH4O/c1-2/h2H,1H3/i2D",OKKJLVBELUTLKV-VMNATFBRSA-N
2034,dichloroacetate,6.322219295,13425-80-4,C(C(=O)[O-])(Cl)Cl,,,NIST,halogenated,Halogenated organics,"InChI=1S/C2H2Cl2O2/c3-1(4)2(5)6/h1H,(H,5,6)/p-1",JXTHNDFMNIQAHM-UHFFFAOYSA-M
2035,diclofenac,9.963787827,15307-86-5,O=C(O)Cc1ccccc1Nc1c(Cl)cccc1Cl,8.4,20,10.1021/acs.est.5b03078,halogenated,Halogenated organics,"InChI=1S/C14H11Cl2NO2/c15-10-5-3-6-11(16)14(10)17-12-7-2-1-4-9(12)8-13(18)19/h1-7,17H,8H2,(H,18,19)",DCOPUUMXTXDBNB-UHFFFAOYSA-N
2036,diethyl disulfide,8.414973348,110-81-6,CCSSCC,4.5,25,10.1016/j.watres.2017.03.015,"sulfide, disulfide",Sulfur-containing organics,"InChI=1S/C4H10S2/c1-3-5-6-4-2/h3-4H2,1-2H3",CETBSQOFQKLHHZ-UHFFFAOYSA-N
2037,diethyl ether,8.113943352,60-29-7,CCOCC,7,23,10.1021/acs.est.5b03078,ether,Oxygenated organics,"InChI=1S/C4H10O/c1-3-5-4-2/h3-4H2,1-2H3",RTZKZFJDLAIYFH-UHFFFAOYSA-N
2038,diethyl ether,7.427946747,60-29-7,C=O,,25,10.1002/kin.550210807,ether,Oxygenated organics,InChI=1S/CH2O/c1-2/h1H2,WSFSSNUMVMOOMR-UHFFFAOYSA-N
2039,diethyl ether,8.113943352,60-29-7,CCOCC,7,22,10.1021/acs.est.5b03078,ether,Oxygenated organics,"InChI=1S/C4H10O/c1-3-5-4-2/h3-4H2,1-2H3",RTZKZFJDLAIYFH-UHFFFAOYSA-N
2040,diethyl ether,8.113943352,60-29-7,CCOCC,,22.85,10.1021/acs.est.5b03078,ether,Oxygenated organics,"InChI=1S/C4H10O/c1-3-5-4-2/h3-4H2,1-2H3",RTZKZFJDLAIYFH-UHFFFAOYSA-N
2041,diethyl ether,8.245512668,60-29-7,CCOCC,7,25,10.1021/acs.est.5b03078,ether,Oxygenated organics,"InChI=1S/C4H10O/c1-3-5-4-2/h3-4H2,1-2H3",RTZKZFJDLAIYFH-UHFFFAOYSA-N
2042,diethyl sulphoxide,9.591064607,70-29-1,CCS(=O)CC,4,,NIST,sulfoxide,Sulfur-containing organics,"InChI=1S/C4H10OS/c1-3-6(5)4-2/h3-4H2,1-2H3",CCAFPWNGIUBUSD-UHFFFAOYSA-N
2043,difluoroacetate,4.939519253,83193-04-8,C(C(=O)[O-])(F)F,,,NIST,halogenated,Halogenated organics,"InChI=1S/C2H2F2O2/c3-1(4)2(5)6/h1H,(H,5,6)/p-1",PBWZKZYHONABLN-UHFFFAOYSA-M
2044,dimethyl disulfide,8.579783597,624-92-0,CSSC,4.5,25,10.1021/acs.est.5b03078,"sulfide, disulfide",Sulfur-containing organics,InChI=1S/C2H6S2/c1-3-4-2/h1-2H3,WQOXQRCZOLPYPM-UHFFFAOYSA-N
2045,dimethyl malonate,6.4639,108-59-8,COC(=O)CC(=O)OC,,,https://doi.org/10.1016/j.jhazmat.2025.138103,dicarboxylic acid,Polyfunctional / highly functionalized,"InChI=1S/C5H8O4/c1-8-4(6)3-5(7)9-2/h3H2,1-2H3",BEPAFCGSDWSTEL-UHFFFAOYSA-N
2046,dimethyl malonate,6.463376953,108-59-8,COC(=O)CC(=O)OC,,25,10.1002/kin.1049,dicarboxylic acid,Polyfunctional / highly functionalized,"InChI=1S/C5H8O4/c1-8-4(6)3-5(7)9-2/h3H2,1-2H3",BEPAFCGSDWSTEL-UHFFFAOYSA-N
2047,dimethyl succinate,7.2504,106-65-0,COC(=O)CCC(=O)OC,,,https://doi.org/10.1016/j.jhazmat.2025.138109,dicarboxylic acid,Polyfunctional / highly functionalized,"InChI=1S/C6H10O4/c1-9-5(7)3-4-6(8)10-2/h3-4H2,1-2H3",MUXOBHXGJLMRAB-UHFFFAOYSA-N
2048,dimethyl succinate,7.249224202,106-65-0,COC(=O)CCC(=O)OC,,25,10.1002/kin.1049,dicarboxylic acid,Polyfunctional / highly functionalized,"InChI=1S/C6H10O4/c1-9-5(7)3-4-6(8)10-2/h3-4H2,1-2H3",MUXOBHXGJLMRAB-UHFFFAOYSA-N
2049,dimethyl sulfone,6.591064607,67-71-0,C[35S](C)(=O)=O,,,https://doi.org/10.1016/S1010-6030(03)00064-10,sulfoxide,Sulfur-containing organics,"InChI=1S/C2H6O2S/c1-5(2,3)4/h1-2H3/i5+3",HHVIBTZHLRERCL-KHWXYDKHSA-N
2050,dimethyl sulfoxide,9.477121255,67-68-5,O=S(C)C,,,https://doi.org/10.1016/S1010-6030(03)00064-9,sulfoxide,Sulfur-containing organics,InChI=1S/C2H6OS/c1-4(2)3/h1-2H3,IAZDPXIOMUYVGZ-UHFFFAOYSA-N
2051,dipropyl ether,8.342422681,111-43-3,CCCOCCC,7,23,10.1002/kin.550250307,ether,Oxygenated organics,"InChI=1S/C6H14O/c1-3-5-7-6-4-2/h3-6H2,1-2H3",POLCUAVZOMRGSN-UHFFFAOYSA-N
2052,dipropyl ether,8.342422681,111-43-3,CCCOCCC,,22.85,10.1002/kin.550250307,ether,Oxygenated organics,"InChI=1S/C6H14O/c1-3-5-7-6-4-2/h3-6H2,1-2H3",POLCUAVZOMRGSN-UHFFFAOYSA-N
2053,dodecyl dimethyl benzyl ammonium chloride,9.178976947,15716-02-6,CCCCCCCCCCCC[N+](C)(C)Cc1ccccc1.[Cl-],7,,https://doi.org/10.1016/j.cej.2018.04.174,benzene,Aromatic & PAHs,"InChI=1S/C21H38N.ClH/c1-4-5-6-7-8-9-10-11-12-16-19-22(2,3)20-21-17-14-13-15-18-21;/h13-15,17-18H,4-12,16,19-20H2,1-3H3;1H/q+1;/p-1",JBIROUFYLSSYDX-UHFFFAOYSA-M
2054,dodecyl dimethyl benzyl ammonium chloride,9.178976947,15716-02-6,CCCCCCCCCCCC[N+](C)(C)Cc1ccccc1.[Cl-],7,,doi.org/10.1016/j.watres.2012.06.006,benzene,Aromatic & PAHs,"InChI=1S/C21H38N.ClH/c1-4-5-6-7-8-9-10-11-12-16-19-22(2,3)20-21-17-14-13-15-18-21;/h13-15,17-18H,4-12,16,19-20H2,1-3H3;1H/q+1;/p-1",JBIROUFYLSSYDX-UHFFFAOYSA-M
2055,erythritol,7.62324929,7541-59-5,C([C@H]([C@H](CO)O)O)O,~6,,https://doi.org/10.1039/B908462B,diol,Polyfunctional / highly functionalized,"InChI=1S/C4H10O4/c5-1-3(7)4(8)2-6/h3-8H,1-2H2/t3-,4+",UNXHWFMMPAWVPI-ZXZARUISSA-N
2056,estradiol,9.08278537,3188-46-3,C[C@]12CC[C@@H]3c4ccc(O)cc4CC[C@H]3[C@@H]1CC[C@@H]2O,7.4,20,10.1021/acs.est.5b03078,phenol,Oxygenated organics,"InChI=1S/C18H24O2/c1-18-9-8-14-13-5-3-12(19)10-11(13)2-4-15(14)16(18)6-7-17(18)20/h3,5,10,14-17,19-20H,2,4,6-9H2,1H3/t14-,15-,16+,17+,18+/m1/s1",VOXZDWNPVJITMN-ZBRFXRBCSA-N
2057,ethane,6.643452676,6145-17-1,CC,,22.85,10.1002/kin.550250307,alkane,Aliphatic hydrocarbons,InChI=1S/C2H6/c1-2/h1-2H3,OTMSDBZUPAUEDD-UHFFFAOYSA-N
2058,ethane,6.643452676,6145-17-1,CC,7,23,10.1002/kin.550250307,alkane,Aliphatic hydrocarbons,InChI=1S/C2H6/c1-2/h1-2H3,OTMSDBZUPAUEDD-UHFFFAOYSA-N
2059,ethanol,7.633468456,64-17-5,CCO,,22.85,10.1002/kin.550250307,alcohol,Oxygenated organics,"InChI=1S/C2H6O/c1-2-3/h3H,2H2,1H3",LFQSCWFLJHTTHZ-UHFFFAOYSA-N
2060,ethanol,7.886490725,64-17-5,CCO,4.8,25,10.1002/kin.550250307,alcohol,Oxygenated organics,"InChI=1S/C2H6O/c1-2-3/h3H,2H2,1H3",LFQSCWFLJHTTHZ-UHFFFAOYSA-N
2061,ethanol,7.633468456,64-17-5,CCO,7,22,10.1002/kin.550250307,alcohol,Oxygenated organics,"InChI=1S/C2H6O/c1-2-3/h3H,2H2,1H3",LFQSCWFLJHTTHZ-UHFFFAOYSA-N
2062,ethanol,7.204119983,64-17-5,CCO,7.5,20,10.1002/kin.550250307,alcohol,Oxygenated organics,"InChI=1S/C2H6O/c1-2-3/h3H,2H2,1H3",LFQSCWFLJHTTHZ-UHFFFAOYSA-N
2063,ethanol,7.792391689,64-17-5,CCO,1,25,10.1002/kin.550250307,alcohol,Oxygenated organics,"InChI=1S/C2H6O/c1-2-3/h3H,2H2,1H3",LFQSCWFLJHTTHZ-UHFFFAOYSA-N
2064,ethanol,7.892094603,64-17-5,CCO,7,25,10.1002/kin.550250307,alcohol,Oxygenated organics,"InChI=1S/C2H6O/c1-2-3/h3H,2H2,1H3",LFQSCWFLJHTTHZ-UHFFFAOYSA-N
2065,ethanol,7.633468456,64-17-5,CCO,7,23,10.1002/kin.550250307,alcohol,Oxygenated organics,"InChI=1S/C2H6O/c1-2-3/h3H,2H2,1H3",LFQSCWFLJHTTHZ-UHFFFAOYSA-N
2066,ethanol,9.6493,64-17-5,CCO,,,https://doi.org/10.1016/j.jhazmat.2025.138223,alcohol,Oxygenated organics,"InChI=1S/C2H6O/c1-2-3/h3H,2H2,1H3",LFQSCWFLJHTTHZ-UHFFFAOYSA-N
2067,ethanol,7.748188027,8013-52-3,CCO,,,https://doi.org/10.1021/acs.est.1c04326,alcohol,Oxygenated organics,"InChI=1S/C2H6O/c1-2-3/h3H,2H2,1H3",LFQSCWFLJHTTHZ-UHFFFAOYSA-N
2068,ethinylestradiol,9.478566496,25918-91-6,C#COc1ccc2c(c1)CC[C@@H]1[C@@H]2CC[C@]2(C)[C@@H](O)CC[C@@H]12,7.4,20,10.1021/acs.est.5b03078,phenol,Oxygenated organics,"InChI=1S/C20H24O2/c1-3-22-14-5-7-15-13(12-14)4-6-17-16(15)10-11-20(2)18(17)8-9-19(20)21/h1,5,7,12,16-19,21H,4,6,8-11H2,2H3/t16-,17-,18+,19+,20+/m1/s1",PSKUTNZPNVLYAY-SLHNCBLASA-N
2069,ethyl prop-2-enoate,8.301029996,68214-84-6,CCOC(=O)C=C,,,https://doi.org/10.1021/acs.est.1c04326,ester,Oxygenated organics,"InChI=1S/C5H8O2/c1-3-5(6)7-4-2/h3H,1,4H2,2H3",JIGUQPWFLRLWPJ-UHFFFAOYSA-N
2070,ethyldisulfanylethane,8.477121255,,CCSSCC,,,https://doi.org/10.1021/acs.est.1c04326,"sulfide, disulfide",Sulfur-containing organics,"InChI=1S/C4H10S2/c1-3-5-6-4-2/h3-4H2,1-2H3",CETBSQOFQKLHHZ-UHFFFAOYSA-N
2071,ferulic acid,9.505149978,1135-24-6,COC1=C(C=CC(=C1)/C=C/C(=O)O)O,,,10.1007/s00411-006-0041-8,carboxylic acid,Oxygenated organics,"InChI=1S/C10H10O4/c1-14-9-6-7(2-4-8(9)11)3-5-10(12)13/h2-6,11H,1H3,(H,12,13)/b5-3+",KSEBMYQBYZTDHS-HWKANZROSA-N
2072,fluoroacetate,6.531478917,513-62-2,C(C(=O)[O-])F,,,NIST,halogenated,Halogenated organics,"InChI=1S/C2H3FO2/c3-1-2(4)5/h1H2,(H,4,5)/p-1",QEWYKACRFQMRMB-UHFFFAOYSA-M
2073,formaldehyde,8.6628,50-00-0,C=O,,,https://doi.org/10.1016/j.jhazmat.2025.138082,alkane,Aliphatic hydrocarbons,InChI=1S/CH2O/c1-2/h1H2,WSFSSNUMVMOOMR-UHFFFAOYSA-N
2074,formaldehyde,7.041392685,50-00-0,C=O,7,22,10.1002/kin.550210807,alkane,Aliphatic hydrocarbons,InChI=1S/CH2O/c1-2/h1H2,WSFSSNUMVMOOMR-UHFFFAOYSA-N
2075,formate,7.785329835,71-47-6,O=C[O-],9,25,10.1016/j.watres.2017.03.015,carboxylic acid,Oxygenated organics,"InChI=1S/CH2O2/c2-1-3/h1H,(H,2,3)/p-1",BDAGIHXWWSANSR-UHFFFAOYSA-M
2076,formate,8.230448921,71-47-6,O=C[O-],7,25,10.1016/j.watres.2017.03.015,carboxylic acid,Oxygenated organics,"InChI=1S/CH2O2/c2-1-3/h1H,(H,2,3)/p-1",BDAGIHXWWSANSR-UHFFFAOYSA-M
2077,formic acid,5.792391689,64-18-6,OC=O,,,https://doi.org/10.1021/acs.est.1c04326,carboxylic acid,Oxygenated organics,"InChI=1S/CH2O2/c2-1-3/h1H,(H,2,3)",BDAGIHXWWSANSR-UHFFFAOYSA-N
2078,formic acid,5.662757832,64-18-6,O=CO,0.5,25,10.1063/1.555808,carboxylic acid,Oxygenated organics,"InChI=1S/CH2O2/c2-1-3/h1H,(H,2,3)",BDAGIHXWWSANSR-UHFFFAOYSA-N
2079,formic acid,5.73239376,64-18-6,O=CO,0,25,10.1063/1.555808,carboxylic acid,Oxygenated organics,"InChI=1S/CH2O2/c2-1-3/h1H,(H,2,3)",BDAGIHXWWSANSR-UHFFFAOYSA-N
2080,fumarate,7.204119983,142-42-7,O=C([O-])/C=C/C(=O)[O-],7,25,10.1021/acs.est.5b03078,dicarboxylic acid,Polyfunctional / highly functionalized,"InChI=1S/C4H4O4/c5-3(6)1-2-4(7)8/h1-2H,(H,5,6)(H,7,8)/p-2/b2-1+",VZCYOOQTPOCHFL-OWOJBTEDSA-L
2081,gallate,9.462397998,536-08-3,C1=C(C=C(C(=C1O)O)O)C(=O)O,,,https://doi.org/10.1021/jp075465z,phenol,Oxygenated organics,"InChI=1S/C7H6O5/c8-4-1-3(7(11)12)2-5(9)6(4)10/h1-2,8-10H,(H,11,12)",LNTHITQWFMADLM-UHFFFAOYSA-N
2082,gallic acid,8.799340549,149-91-7,C1=C(C=C(C(=C1O)O)O)C(=O)O,,,https://doi.org/10.1021/jp075464z,phenol,Oxygenated organics,"InChI=1S/C7H6O5/c8-4-1-3(7(11)12)2-5(9)6(4)10/h1-2,8-10H,(H,11,12)",LNTHITQWFMADLM-UHFFFAOYSA-N
2083,glycine,9.5403,56-40-6,C(C(=O)O)N,,,https://doi.org/10.1016/j.jhazmat.2025.138105,amine,Nitrogen-containing organics,"InChI=1S/C2H5NO2/c3-1-2(4)5/h1,3H2,(H,4,5)",DHMQDGOQFOQNFH-UHFFFAOYSA-N
2084,glycine,6.954242509,56-40-6,NCC(=O)O,7,25,10.1021/acs.est.5b03078,amine,Nitrogen-containing organics,"InChI=1S/C2H5NO2/c3-1-2(4)5/h1,3H2,(H,4,5)",DHMQDGOQFOQNFH-UHFFFAOYSA-N
2085,glycine,9.5403,56-40-6,C(C(=O)O)N,,,https://doi.org/10.1016/j.jhazmat.2025.138267,amine,Nitrogen-containing organics,"InChI=1S/C2H5NO2/c3-1-2(4)5/h1,3H2,(H,4,5)",DHMQDGOQFOQNFH-UHFFFAOYSA-N
2086,glycolate,7.204119983,79-14-1,C(C(=O)O)O,9,,https://doi.org/10.1016/j.atmosenv.2007.07.054,carboxylic acid,Oxygenated organics,"InChI=1S/C2H4O3/c3-1-2(4)5/h3H,1H2,(H,4,5)",AEMRFAOFKBGASW-UHFFFAOYSA-N
2087,glycolate,7.204119983,79-14-1,O=C([O-])CO,9,25,10.1021/acs.est.5b03078,carboxylic acid,Oxygenated organics,"InChI=1S/C2H4O3/c3-1-2(4)5/h3H,1H2,(H,4,5)/p-1",AEMRFAOFKBGASW-UHFFFAOYSA-M
2088,glycolic acid,6.62324929,79-14-1,O=C(O)CO,1.5,25,10.1021/acs.est.5b03078,carboxylic acid,Oxygenated organics,"InChI=1S/C2H4O3/c3-1-2(4)5/h3H,1H2,(H,4,5)",AEMRFAOFKBGASW-UHFFFAOYSA-N
2089,glycolic acid,7.2041,79-14-1,C(C(=O)O)O,,,https://doi.org/10.1016/j.jhazmat.2025.138185,carboxylic acid,Oxygenated organics,"InChI=1S/C2H4O3/c3-1-2(4)5/h3H,1H2,(H,4,5)",AEMRFAOFKBGASW-UHFFFAOYSA-N
2090,glycolic acid,6.62324929,79-14-1,C(C(=O)O)O,1.5,,https://doi.org/10.1016/j.atmosenv.2007.07.053,carboxylic acid,Oxygenated organics,"InChI=1S/C2H4O3/c3-1-2(4)5/h3H,1H2,(H,4,5)",AEMRFAOFKBGASW-UHFFFAOYSA-N
2091,glycolic acid,7.2041,79-14-1,C(C(=O)O)O,,,https://doi.org/10.1016/j.jhazmat.2025.138113,carboxylic acid,Oxygenated organics,"InChI=1S/C2H4O3/c3-1-2(4)5/h3H,1H2,(H,4,5)",AEMRFAOFKBGASW-UHFFFAOYSA-N
2092,histidine,9.397940009,351-50-8,N[C@@H](Cc1c[nH]cn1)C(=O)O,7,25,10.1021/acs.est.5b03078,imidazole,Heterocycles,"InChI=1S/C6H9N3O2/c7-5(6(10)11)1-4-2-8-3-9-4/h2-3,5H,1,7H2,(H,8,9)(H,10,11)/t5-/m0/s1",HNDVDQJCIGZPNO-YFKPBYRVSA-N
2093,hydrated glyoxal,7.380211242,3327-62-6,O=CC=O,,25,10.1002/kin.1049,aldehyde,Oxygenated organics,InChI=1S/C2H2O2/c3-1-2-4/h1-2H,LEQAOMBKQFMDFZ-UHFFFAOYSA-N
2094,hydrogen malate,6.929418926,58214-38-3,O=C([O-])CC(O)C(=O)O,4.3,25,10.1021/acs.est.5b03078,dicarboxylic acid,Polyfunctional / highly functionalized,"InChI=1S/C4H6O5/c5-2(4(8)9)1-3(6)7/h2,5H,1H2,(H,6,7)(H,8,9)/p-1",BJEPYKJPYRNKOW-UHFFFAOYSA-M
2095,hydrogen phosphite,7.792391689,51503-61-8,OP([O-])[O-],,,https://doi.org/10.1021/acs.est.1c04326,phosphorus,Phosphorus-containing organics,InChI=1S/HO3P/c1-4(2)3/h1H/q-2,GBHRVZIGDIUCJB-UHFFFAOYSA-N
2096,ibuprofen,9.579783597,58560-75-1,CC(C)Cc1ccc(C(C)C(=O)O)cc1,7,25,10.1002/kin.550210807,carboxylic acid,Oxygenated organics,"InChI=1S/C13H18O2/c1-9(2)8-11-4-6-12(7-5-11)10(3)13(14)15/h4-7,9-10H,8H2,1-3H3,(H,14,15)",HEFNNWSXXWATRW-UHFFFAOYSA-N
2097,ibuprofen,9.3566,58560-75-1,CC(C)CC1=CC=C(C=C1)C(C)C(=O)O,,,https://doi.org/10.1016/j.jhazmat.2025.138165,carboxylic acid,Oxygenated organics,"InChI=1S/C13H18O2/c1-9(2)8-11-4-6-12(7-5-11)10(3)13(14)15/h4-7,9-10H,8H2,1-3H3,(H,14,15)",HEFNNWSXXWATRW-UHFFFAOYSA-N
2098,isoborneol,9.055967256,124-76-5,CC1(C)C2CCC1(C)C(O)C2,7.4,20,10.1021/acs.est.5b03078,alcohol,Oxygenated organics,"InChI=1S/C10H18O/c1-9(2)7-4-5-10(9,3)8(11)6-7/h7-8,11H,4-6H2,1-3H3",DTGKSKDOIYIVQL-UHFFFAOYSA-N
2099,isoborneol,9.0569,124-76-5,C[C@@]12CC[C@@H](C1(C)C)C[C@H]2O,,,https://doi.org/10.1016/j.jhazmat.2025.138180,alcohol,Oxygenated organics,"InChI=1S/C10H18O/c1-9(2)7-4-5-10(9,3)8(11)6-7/h7-8,11H,4-6H2,1-3H3/t7-,8-,10+/m1/s1",DTGKSKDOIYIVQL-MRTMQBJTSA-N
2100,isoprene,9.322219295,78-79-5,CC(=C)C=C,8-8.5,,10.1002/cphc.201000533,alkene,Aliphatic hydrocarbons,"InChI=1S/C5H8/c1-4-5(2)3/h4H,1-2H2,3H3",RRHGJUQNOFWUDK-UHFFFAOYSA-N
2101,l-Butanol,7.903089987,2683-56-9,CCCCO,,22,10.1002/kin.550210807,alcohol,Oxygenated organics,"InChI=1S/C4H10O/c1-2-3-4-5/h5H,2-4H2,1H3",LRHPLDYGYMQRHN-UHFFFAOYSA-N
2102,l-Butanol,7.908485019,2683-56-9,CO,,,10.1016/j.watres.2017.03.015,alcohol,Oxygenated organics,"InChI=1S/CH4O/c1-2/h2H,1H3",OKKJLVBELUTLKV-UHFFFAOYSA-N
2103,l-Octanol,8.579783597,106391-76-8,CCCCCCCCO,,22,10.1002/kin.550210807,alcohol,Oxygenated organics,"InChI=1S/C8H18O/c1-2-3-4-5-6-7-8-9/h9H,2-8H2,1H3",KBPLFHHGFOOTCA-UHFFFAOYSA-N
2104,l-Octanol,7.505149978,106391-76-8,CCCCCCCCO,,,10.1016/j.envint.2018.12.043,alcohol,Oxygenated organics,"InChI=1S/C8H18O/c1-2-3-4-5-6-7-8-9/h9H,2-8H2,1H3",KBPLFHHGFOOTCA-UHFFFAOYSA-N
2105,l-Pentanol,8.113943352,34985-37-0,CCCCCO,,22,10.1002/kin.550210807,alcohol,Oxygenated organics,"InChI=1S/C5H12O/c1-2-3-4-5-6/h6H,2-5H2,1H3",AMQJEAYHLZJPGS-UHFFFAOYSA-N
2106,l-Propanol,7.770852012,6180-61-6,[2H]OC([2H])([2H])C([2H])([2H])[2H],,22,10.1002/kin.550210807,alcohol,Oxygenated organics,"InChI=1S/C2H6O/c1-2-3/h3H,2H2,1H3/i1D3,2D2,3D",LFQSCWFLJHTTHZ-LIDOUZCJSA-N
2107,lactate,7.204119983,113-21-3,CC(O)C(=O)[O-],9,25,10.1021/acs.est.5b03078,carboxylic acid,Oxygenated organics,"InChI=1S/C3H6O3/c1-2(4)3(5)6/h2,4H,1H3,(H,5,6)/p-1",JVTAAEKCZFNVCJ-UHFFFAOYSA-M
2108,lactate,7.204119983,113-21-3,CC(C(=O)[O-])O,9,,https://doi.org/10.1016/j.atmosenv.2007.07.052,carboxylic acid,Oxygenated organics,"InChI=1S/C3H6O3/c1-2(4)3(5)6/h2,4H,1H3,(H,5,6)/p-1",JVTAAEKCZFNVCJ-UHFFFAOYSA-M
2109,lactic acid,7,50-21-5,CC(C(=O)O)O,1,,https://doi.org/10.1016/j.atmosenv.2007.07.051,carboxylic acid,Oxygenated organics,"InChI=1S/C3H6O3/c1-2(4)3(5)6/h2,4H,1H3,(H,5,6)",JVTAAEKCZFNVCJ-UHFFFAOYSA-N
2110,lactic acid,7,50-21-5,CC(O)C(=O)O,1,25,10.1021/acs.est.5b03078,carboxylic acid,Oxygenated organics,"InChI=1S/C3H6O3/c1-2(4)3(5)6/h2,4H,1H3,(H,5,6)",JVTAAEKCZFNVCJ-UHFFFAOYSA-N
2111,levoglucosan,7.716003344,498-07-7,C1[C@@H]2[C@H]([C@@H]([C@H]([C@H](O1)O2)O)O)O,~6,,https://doi.org/10.1021/es902476f,diol,Polyfunctional / highly functionalized,"InChI=1S/C6H10O5/c7-3-2-1-10-6(11-2)5(9)4(3)8/h2-9H,1H2/t2-,3-,4+,5-,6-/m1/s1",TWNIBLMWSKIRAT-VFUOTHLCSA-N
2112,lodobenzene,7.954242509,,C1=CC=C(C=C1)I,,,https://doi.org/10.1021/acs.est.1c04326,halogenated,Halogenated organics,InChI=1S/C6H5I/c7-6-4-2-1-3-5-6/h1-5H,SNHMUERNLJLMHN-UHFFFAOYSA-N
2113,m-Cresol,9.579783597,108-39-4,CC1=CC(=CC=C1)O,5.8,,https://doi.org/10.1021/jp971986a,phenol,Oxygenated organics,"InChI=1S/C7H8O/c1-6-3-2-4-7(8)5-6/h2-5,8H,1H3",RLSSMJSEOOYNOY-UHFFFAOYSA-N
2114,m-Cresol,9.579783597,108-39-4,Cc1cccc(O)c1,,,10.1016/j.chemosphere.2018.12.156,phenol,Oxygenated organics,"InChI=1S/C7H8O/c1-6-3-2-4-7(8)5-6/h2-5,8H,1H3",RLSSMJSEOOYNOY-UHFFFAOYSA-N
2115,m-Cresol,9.5798,108-39-4,CC1=CC(=CC=C1)O,,,https://doi.org/10.1016/j.chemosphere.2023.138858,phenol,Oxygenated organics,"InChI=1S/C7H8O/c1-6-3-2-4-7(8)5-6/h2-5,8H,1H3",RLSSMJSEOOYNOY-UHFFFAOYSA-N
2116,m-Cresol,9.84509804,108-39-4,CC1=CC(=CC=C1)O,5.8,,https://doi.org/10.1016/S0969-806X(99)00240-6,phenol,Oxygenated organics,"InChI=1S/C7H8O/c1-6-3-2-4-7(8)5-6/h2-5,8H,1H3",RLSSMJSEOOYNOY-UHFFFAOYSA-N
2117,m-Hydroxybenzaldehyde,9.6232,100-83-4,C1=CC(=CC(=C1)O)C=O,,,https://doi.org/10.1016/j.chemosphere.2023.138874,phenol,Oxygenated organics,"InChI=1S/C7H6O2/c8-5-6-2-1-3-7(9)4-6/h1-5,9H",IAVREABSGIHHMO-UHFFFAOYSA-N
2118,m-Hydroxybenzaldehyde,9.62324929,100-83-4,Oc1cccc(C=O)c1,,,https://doi.org/10.1021/acs.est.1c04326,phenol,Oxygenated organics,"InChI=1S/C7H6O2/c8-5-6-2-1-3-7(9)4-6/h1-5,9H",IAVREABSGIHHMO-UHFFFAOYSA-N
2119,m-Hydroxybenzaldehyde,7.8739,100-83-4,C1=CC(=CC(=C1)O)C=O,,,https://doi.org/10.1016/j.jhazmat.2025.138042,phenol,Oxygenated organics,"InChI=1S/C7H6O2/c8-5-6-2-1-3-7(9)4-6/h1-5,9H",IAVREABSGIHHMO-UHFFFAOYSA-N
2120,m-Hydroxybenzaldehyde,9.62324929,100-83-4,C1=CC(=CC(=C1)O)C=O,,,https://doi.org/10.1016/S1010-6030(01)00402-6,phenol,Oxygenated organics,"InChI=1S/C7H6O2/c8-5-6-2-1-3-7(9)4-6/h1-5,9H",IAVREABSGIHHMO-UHFFFAOYSA-N
2121,m-Hydroxybenzaldehyde,9.62324929,100-83-4,O=Cc1cccc(O)c1,,,10.1016/j.chemosphere.2018.12.156,phenol,Oxygenated organics,"InChI=1S/C7H6O2/c8-5-6-2-1-3-7(9)4-6/h1-5,9H",IAVREABSGIHHMO-UHFFFAOYSA-N
2122,m-Toluate ion,9.301029996,106611-04-5,Cc1cccc(C(=O)[O-])c1,7,25,10.1016/j.chemosphere.2018.12.156,carboxylic acid,Oxygenated organics,"InChI=1S/C8H8O2/c1-6-3-2-4-7(5-6)8(9)10/h2-5H,1H3,(H,9,10)/p-1",GPSDUZXPYCFOSQ-UHFFFAOYSA-M
2123,m-Toluic acid,9.301029996,99-04-7,Cc1cccc(C(=O)O)c1,7,25,10.1002/chin.197714152,carboxylic acid,Oxygenated organics,"InChI=1S/C8H8O2/c1-6-3-2-4-7(5-6)8(9)10/h2-5H,1H3,(H,9,10)",GPSDUZXPYCFOSQ-UHFFFAOYSA-N
2124,m-hydroxybenzaldehyde,9.62324929,100-83-4,C1=CC(=CC(=C1)O)C=O,,,https://doi.org/10.1002/poc.714,phenol,Oxygenated organics,"InChI=1S/C7H6O2/c8-5-6-2-1-3-7(9)4-6/h1-5,9H",IAVREABSGIHHMO-UHFFFAOYSA-N
2125,m-methoxybenzaldehyde,8.633468456,591-31-1,COC1=CC=CC(=C1)C=O,,,https://doi.org/10.1002/poc.716,aldehyde,Oxygenated organics,"InChI=1S/C8H8O2/c1-10-8-4-2-3-7(5-8)6-9/h2-6H,1H3",WMPDAIZRQDCGFH-UHFFFAOYSA-N
2126,malate,6.929418926,149-61-1,O=C([O-])CC(O)C(=O)[O-],4.3,,https://doi.org/10.1016/j.atmosenv.2007.07.056,dicarboxylic acid,Polyfunctional / highly functionalized,"InChI=1S/C4H6O5/c5-2(4(8)9)1-3(6)7/h2,5H,1H2,(H,6,7)(H,8,9)/p-2",BJEPYKJPYRNKOW-UHFFFAOYSA-L
2127,malate,7.176091259,149-61-1,O=C([O-])CC(O)C(=O)[O-],9,,https://doi.org/10.1016/j.atmosenv.2007.07.057,dicarboxylic acid,Polyfunctional / highly functionalized,"InChI=1S/C4H6O5/c5-2(4(8)9)1-3(6)7/h2,5H,1H2,(H,6,7)(H,8,9)/p-2",BJEPYKJPYRNKOW-UHFFFAOYSA-L
2128,malate,7.176091259,149-61-1,O=C([O-])CC(O)C(=O)[O-],9,25,10.1021/acs.est.5b03078,dicarboxylic acid,Polyfunctional / highly functionalized,"InChI=1S/C4H6O5/c5-2(4(8)9)1-3(6)7/h2,5H,1H2,(H,6,7)(H,8,9)/p-2",BJEPYKJPYRNKOW-UHFFFAOYSA-L
2129,malic acid,6.886490725,6915-15-7,O=C(O)CC(O)C(=O)O,1,25,10.1021/acs.est.5b03078,carboxylic acid,Oxygenated organics,"InChI=1S/C4H6O5/c5-2(4(8)9)1-3(6)7/h2,5H,1H2,(H,6,7)(H,8,9)",BJEPYKJPYRNKOW-UHFFFAOYSA-N
2130,malic acid,6.886490725,6915-15-7,C(C(C(=O)O)O)C(=O)O,1,,https://doi.org/10.1016/j.atmosenv.2007.07.055,carboxylic acid,Oxygenated organics,"InChI=1S/C4H6O5/c5-2(4(8)9)1-3(6)7/h2,5H,1H2,(H,6,7)(H,8,9)",BJEPYKJPYRNKOW-UHFFFAOYSA-N
2131,malonate,6.707570176,156-80-9,O=C([O-])CC(=O)[O-],9,,https://doi.org/10.1016/j.atmosenv.2007.07.060,dicarboxylic acid,Polyfunctional / highly functionalized,"InChI=1S/C3H4O4/c4-2(5)1-3(6)7/h1H2,(H,4,5)(H,6,7)/p-2",OFOBLEOULBTSOW-UHFFFAOYSA-L
2132,malonate,6.176091259,63-36-5,O=C([O-])CC(=O)[O-],4.3,,https://doi.org/10.1016/j.atmosenv.2007.07.059,dicarboxylic acid,Polyfunctional / highly functionalized,"InChI=1S/C3H4O4/c4-2(5)1-3(6)7/h1H2,(H,4,5)(H,6,7)/p-2",OFOBLEOULBTSOW-UHFFFAOYSA-L
2133,malonate,6.707570176,156-80-9,O=C([O-])CC(=O)[O-],9,25,10.1016/j.watres.2017.03.015,dicarboxylic acid,Polyfunctional / highly functionalized,"InChI=1S/C3H4O4/c4-2(5)1-3(6)7/h1H2,(H,4,5)(H,6,7)/p-2",OFOBLEOULBTSOW-UHFFFAOYSA-L
2134,malonate,6.740362689,156-80-9,O=C([O-])CC(=O)[O-],7,25,10.1016/j.watres.2017.03.015,dicarboxylic acid,Polyfunctional / highly functionalized,"InChI=1S/C3H4O4/c4-2(5)1-3(6)7/h1H2,(H,4,5)(H,6,7)/p-2",OFOBLEOULBTSOW-UHFFFAOYSA-L
2135,malonic acid,6.431363764,56221-41-1,C(C(=O)O)C(=O)O,1,,https://doi.org/10.1016/j.atmosenv.2007.07.058,dicarboxylic acid,Polyfunctional / highly functionalized,"InChI=1S/C3H4O4/c4-2(5)1-3(6)7/h1H2,(H,4,5)(H,6,7)",OFOBLEOULBTSOW-UHFFFAOYSA-N
2136,malonic acid,6.4314,56221-41-1,C(C(=O)O)C(=O)O,,,https://doi.org/10.1016/j.jhazmat.2025.138108,dicarboxylic acid,Polyfunctional / highly functionalized,"InChI=1S/C3H4O4/c4-2(5)1-3(6)7/h1H2,(H,4,5)(H,6,7)",OFOBLEOULBTSOW-UHFFFAOYSA-N
2137,malonic acid,6.431363764,56221-41-1,O=C(O)CC(=O)O,1,25,10.1021/acs.est.5b03078,dicarboxylic acid,Polyfunctional / highly functionalized,"InChI=1S/C3H4O4/c4-2(5)1-3(6)7/h1H2,(H,4,5)(H,6,7)",OFOBLEOULBTSOW-UHFFFAOYSA-N
2138,mannitol,7.698970004,87-78-5,C([C@H]([C@H]([C@@H]([C@@H](CO)O)O)O)O)O,~6,,https://doi.org/10.1039/B908464B,diol,Polyfunctional / highly functionalized,"InChI=1S/C6H14O6/c7-1-3(9)5(11)6(12)4(10)2-8/h3-12H,1-2H2/t3-,4-,5-,6-/m1/s1",FBPFZTCFMRRESA-KVTDHHQDSA-N
2139,mesitylene,9.113943352,108-67-8,Cc1cc(C)cc(C)c1,4,25,10.1016/j.chemosphere.2018.12.156,benzene,Aromatic & PAHs,"InChI=1S/C9H12/c1-7-4-8(2)6-9(3)5-7/h4-6H,1-3H3",AUHZEENZYGFFBQ-UHFFFAOYSA-N
2140,metasilicic acid,5.301029996,7699-41-4,O[Si](=O)O,6,,NIST,carboxylic acid,Oxygenated organics,InChI=1S/H2O3Si/c1-4(2)3/h1-2H,IJKVHSBPTUYDLN-UHFFFAOYSA-N
2141,methane,6,34557-54-5,C,,22.85,10.1002/kin.550250307,alkane,Aliphatic hydrocarbons,InChI=1S/CH4/h1H4,VNWKTOKETHGBQD-UHFFFAOYSA-N
2142,methanediol,7.113943352,463-57-0,C(O)O,,,NIST,diol,Polyfunctional / highly functionalized,"InChI=1S/CH4O2/c2-1-3/h2-3H,1H2",CKFGINPQOCXMAZ-UHFFFAOYSA-N
2143,methanol,6.505149978,67-56-1,CO,7.5,20,10.1016/j.watres.2017.03.015,alcohol,Oxygenated organics,"InChI=1S/CH4O/c1-2/h2H,1H3",OKKJLVBELUTLKV-UHFFFAOYSA-N
2144,methanol,7.2279,67-56-1,CO,,,https://doi.org/10.1016/j.jhazmat.2025.138186,alcohol,Oxygenated organics,"InChI=1S/CH4O/c1-2/h2H,1H3",OKKJLVBELUTLKV-UHFFFAOYSA-N
2145,methanol,6.944482672,67-56-1,CO,5.5,25,10.1016/j.watres.2017.03.015,alcohol,Oxygenated organics,"InChI=1S/CH4O/c1-2/h2H,1H3",OKKJLVBELUTLKV-UHFFFAOYSA-N
2146,methanol,6.505149978,67-56-1,c1ccccc1,1.7,20,10.1002/chin.197714152,alcohol,Oxygenated organics,InChI=1S/C6H6/c1-2-4-6-5-3-1/h1-6H,UHOVQNZJYSORNB-UHFFFAOYSA-N
2147,methanol,7,67-56-1,CO,7,23,10.1016/j.watres.2017.03.015,alcohol,Oxygenated organics,"InChI=1S/CH4O/c1-2/h2H,1H3",OKKJLVBELUTLKV-UHFFFAOYSA-N
2148,methanol,6.880813592,67-56-1,CO,9,25,10.1016/j.watres.2017.03.015,alcohol,Oxygenated organics,"InChI=1S/CH4O/c1-2/h2H,1H3",OKKJLVBELUTLKV-UHFFFAOYSA-N
2149,methanol,7.397940009,67-56-1,CO,4.8,25,10.1016/j.watres.2017.03.015,alcohol,Oxygenated organics,"InChI=1S/CH4O/c1-2/h2H,1H3",OKKJLVBELUTLKV-UHFFFAOYSA-N
2150,methanol,7.228730073,67-56-1,CO,7,22,10.1016/j.watres.2017.03.015,alcohol,Oxygenated organics,"InChI=1S/CH4O/c1-2/h2H,1H3",OKKJLVBELUTLKV-UHFFFAOYSA-N
2151,methanol,7.397940009,67-56-1,CO,1,25,10.1016/j.watres.2017.03.015,alcohol,Oxygenated organics,"InChI=1S/CH4O/c1-2/h2H,1H3",OKKJLVBELUTLKV-UHFFFAOYSA-N
2152,methanol,7.228730073,67-56-1,CO,7,25,10.1016/j.watres.2017.03.015,alcohol,Oxygenated organics,"InChI=1S/CH4O/c1-2/h2H,1H3",OKKJLVBELUTLKV-UHFFFAOYSA-N
2153,methionine,9.041392685,49705-26-2,CSCC[C@H](N)C(=O)O,7,25,10.1021/acs.est.5b03078,"sulfide, disulfide",Sulfur-containing organics,"InChI=1S/C5H11NO2S/c1-9-3-2-4(6)5(7)8/h4H,2-3,6H2,1H3,(H,7,8)/t4-/m0/s1",FFEARJCKVFRZRR-BYPYZUCNSA-N
2154,methyl 2-(2-methoxy-2-oxoethyl)sulfanylacetate,10.14612804,112498-37-0,COC(=O)CSCC(=O)OC,,,https://doi.org/10.1021/acs.est.1c04326,"sulfide, disulfide",Sulfur-containing organics,"InChI=1S/C6H10O4S/c1-9-5(7)3-11-4-6(8)10-2/h3-4H2,1-2H3",ZQUQLLPRRJVUES-UHFFFAOYSA-N
2155,methyl 2-(2-methoxy-2-oxoethyl)sulfanylacetate,10.1461,16002-29-2,COC(=O)CSCC(=O)OC,,,https://doi.org/10.1016/j.jhazmat.2025.138122,"sulfide, disulfide",Sulfur-containing organics,"InChI=1S/C6H10O4S/c1-9-5(7)3-11-4-6(8)10-2/h3-4H2,1-2H3",ZQUQLLPRRJVUES-UHFFFAOYSA-N
2156,methyl 2-methylprop-2-enoate,9,66090-76-4,CC(=C)C(=O)OC,,,https://doi.org/10.1016/j.jhazmat.2025.138135,ester,Oxygenated organics,"InChI=1S/C5H8O2/c1-4(2)5(6)7-3/h1H2,2-3H3",VVQNEPGJFQJSBK-UHFFFAOYSA-N
2157,methyl 2-methylprop-2-enoate,9,52002-56-9,COC(=O)C(C)=C,,,https://doi.org/10.1021/acs.est.1c04326,ester,Oxygenated organics,"InChI=1S/C5H8O2/c1-4(2)5(6)7-3/h1H2,2-3H3",VVQNEPGJFQJSBK-UHFFFAOYSA-N
2158,methyl prop-2-enoate,6.959,51939-28-7,COC(=O)C=C,,,https://doi.org/10.1016/j.jhazmat.2025.138116,ester,Oxygenated organics,"InChI=1S/C4H6O2/c1-3-4(5)6-2/h3H,1H2,2H3",BAPJBEWLBFYGME-UHFFFAOYSA-N
2159,methyl prop-2-enoate,6.959041392,63833-84-1,COC(=O)C=C,,,https://doi.org/10.1021/acs.est.1c04326,ester,Oxygenated organics,"InChI=1S/C4H6O2/c1-3-4(5)6-2/h3H,1H2,2H3",BAPJBEWLBFYGME-UHFFFAOYSA-N
2160,methylbenzene,9.491361694,108-88-3,Cc1ccccc1,,,https://doi.org/10.1021/acs.est.1c04326,benzene,Aromatic & PAHs,"InChI=1S/C7H8/c1-7-5-3-2-4-6-7/h2-6H,1H3",YXFVVABEGXRONW-UHFFFAOYSA-N
2161,myrtenal,8.982271233,564-94-3,CC1(C2CC=C(C1C2)C=O)C,3,,https://doi.org/10.1016/j.atmosenv.2004.11.024,aldehyde,Oxygenated organics,"InChI=1S/C10H14O/c1-10(2)8-4-3-7(6-11)9(10)5-8/h3,6,8-9H,4-5H2,1-2H3",KMRMUZKLFIEVAO-UHFFFAOYSA-N
2162,m鈥揅resol,9.8451,108-39-4,OC1=CC=CC(C)=C1,,,https://doi.org/10.1016/S0969-806X(99)00240-6,phenol,Oxygenated organics,"InChI=1S/C7H8O/c1-6-3-2-4-7(8)5-6/h2-5,8H,1H3",RLSSMJSEOOYNOY-UHFFFAOYSA-N
2163,m鈥揌ydroxybenzaldehyde,9.6232,100-83-4,OC1=CC(C=O)=CC=C1,,,https://doi.org/10.1016/S1010-6030(01)00402-6,phenol,Oxygenated organics,"InChI=1S/C7H6O2/c8-5-6-2-1-3-7(9)4-6/h1-5,9H",IAVREABSGIHHMO-UHFFFAOYSA-N
2164,o-Bromobenzoate ion,8.939519253,610-94-6,O=C([O-])c1ccccc1Br,7,25,10.1021/acs.est.5b03078,halogenated,Halogenated organics,"InChI=1S/C7H5BrO2/c8-6-4-2-1-3-5(6)7(9)10/h1-4H,(H,9,10)/p-1",XRXMNWGCKISMOH-UHFFFAOYSA-M
2165,o-Bromobenzoic acid,8.939519253,88-65-3,O=C(O)c1ccccc1Br,7,25,10.1063/1.555808,halogenated,Halogenated organics,"InChI=1S/C7H5BrO2/c8-6-4-2-1-3-5(6)7(9)10/h1-4H,(H,9,10)",XRXMNWGCKISMOH-UHFFFAOYSA-N
2166,o-Cresol,9.832508913,1319-77-3,CC1=CC=CC=C1O,5.8,,https://doi.org/10.1016/S0969-806X(99)00240-6,phenol,Oxygenated organics,"InChI=1S/C7H8O/c1-6-4-2-3-5-7(6)8/h2-5,8H,1H3",QWVGKYWNOKOFNN-UHFFFAOYSA-N
2167,o-Cresol,9.5315,1319-77-3,CC1=CC=CC=C1O,,,https://doi.org/10.1016/j.chemosphere.2023.138859,phenol,Oxygenated organics,"InChI=1S/C7H8O/c1-6-4-2-3-5-7(6)8/h2-5,8H,1H3",QWVGKYWNOKOFNN-UHFFFAOYSA-N
2168,o-Cresol,9.531478917,1319-77-3,CC1=CC=CC=C1O,5.8,,https://doi.org/10.1021/jp971986a,phenol,Oxygenated organics,"InChI=1S/C7H8O/c1-6-4-2-3-5-7(6)8/h2-5,8H,1H3",QWVGKYWNOKOFNN-UHFFFAOYSA-N
2169,o-Cresol,9.531478917,1319-77-3,Cc1ccccc1O,,25,10.1002/chin.197714152,phenol,Oxygenated organics,"InChI=1S/C7H8O/c1-6-4-2-3-5-7(6)8/h2-5,8H,1H3",QWVGKYWNOKOFNN-UHFFFAOYSA-N
2170,o-Hydroxybenzaldehyde,9.792391689,53839-07-9,O=Cc1ccccc1O,,,10.1016/j.chemosphere.2018.12.156,phenol,Oxygenated organics,"InChI=1S/C7H6O2/c8-5-6-3-1-2-4-7(6)9/h1-5,9H",SMQUZDBALVYZAC-UHFFFAOYSA-N
2171,o-Hydroxybenzaldehyde,9.792391689,53839-07-9,C1=CC=C(C(=C1)C=O)O,,,https://doi.org/10.1016/S1010-6030(01)00402-6,phenol,Oxygenated organics,"InChI=1S/C7H6O2/c8-5-6-3-1-2-4-7(6)9/h1-5,9H",SMQUZDBALVYZAC-UHFFFAOYSA-N
2172,o-Hydroxybenzaldehyde,9.7924,53839-07-9,C1=CC=C(C(=C1)C=O)O,,,https://doi.org/10.1016/j.chemosphere.2023.138873,phenol,Oxygenated organics,"InChI=1S/C7H6O2/c8-5-6-3-1-2-4-7(6)9/h1-5,9H",SMQUZDBALVYZAC-UHFFFAOYSA-N
2173,o-Hydroxybenzaldehyde,9.792391689,1207448-58-5,Oc1ccccc1C=O,,,https://doi.org/10.1021/acs.est.1c04326,phenol,Oxygenated organics,"InChI=1S/C7H6O2/c8-5-6-3-1-2-4-7(6)9/h1-5,9H",SMQUZDBALVYZAC-UHFFFAOYSA-N
2174,o-Toluate,9.1461,118-90-1,CC1=CC=CC=C1C(=O)[O-],,,https://doi.org/10.1016/j.chemosphere.2023.138800,carboxylic acid,Oxygenated organics,"InChI=1S/C8H8O2/c1-6-4-2-3-5-7(6)8(9)10/h2-5H,1H3,(H,9,10)/p-1",ZWLPBLYKEWSWPD-UHFFFAOYSA-M
2175,o-Toluate ion,9.146128036,28716-15-6,Cc1ccccc1C(=O)[O-],7,25,10.1016/j.chemosphere.2018.12.156,carboxylic acid,Oxygenated organics,"InChI=1S/C8H8O2/c1-6-4-2-3-5-7(6)8(9)10/h2-5H,1H3,(H,9,10)/p-1",ZWLPBLYKEWSWPD-UHFFFAOYSA-M
2176,o-Toluic acid,9.146128036,118-90-1,Cc1ccccc1C(=O)O,7,25,10.1016/j.chemosphere.2018.12.156,carboxylic acid,Oxygenated organics,"InChI=1S/C8H8O2/c1-6-4-2-3-5-7(6)8(9)10/h2-5H,1H3,(H,9,10)",ZWLPBLYKEWSWPD-UHFFFAOYSA-N
2177,oxalate,6.748188027,2437-29-8,O=C([O-])C(=O)[O-],7,,https://doi.org/10.1039/B101932P,dicarboxylic acid,Polyfunctional / highly functionalized,"InChI=1S/C2H2O4/c3-1(4)2(5)6/h(H,3,4)(H,5,6)/p-2",MUBZPKHOEPUJKR-UHFFFAOYSA-L
2178,oxalate,7.113943352,2437-29-8,O=C([O-])C(=O)[O-],9,25,10.1002/chin.197714152,dicarboxylic acid,Polyfunctional / highly functionalized,"InChI=1S/C2H2O4/c3-1(4)2(5)6/h(H,3,4)(H,5,6)/p-2",MUBZPKHOEPUJKR-UHFFFAOYSA-L
2179,oxalate,6.230448921,2437-29-8,O=C([O-])C(=O)[O-],2.8,,https://doi.org/10.1016/j.atmosenv.2007.07.064,dicarboxylic acid,Polyfunctional / highly functionalized,"InChI=1S/C2H2O4/c3-1(4)2(5)6/h(H,3,4)(H,5,6)/p-2",MUBZPKHOEPUJKR-UHFFFAOYSA-L
2180,oxalate,6.477121255,2437-29-8,O=C([O-])C(=O)[O-],3,,https://doi.org/10.1039/B101932P,dicarboxylic acid,Polyfunctional / highly functionalized,"InChI=1S/C2H2O4/c3-1(4)2(5)6/h(H,3,4)(H,5,6)/p-2",MUBZPKHOEPUJKR-UHFFFAOYSA-L
2181,oxalate,7.113943352,2437-29-8,O=C([O-])C(=O)[O-],9,,https://doi.org/10.1016/j.atmosenv.2007.07.066,dicarboxylic acid,Polyfunctional / highly functionalized,"InChI=1S/C2H2O4/c3-1(4)2(5)6/h(H,3,4)(H,5,6)/p-2",MUBZPKHOEPUJKR-UHFFFAOYSA-L
2182,oxalic acid,7.8463,5796-84-9,C(=O)(C(=O)O)O,,,https://doi.org/10.1016/j.jhazmat.2025.138120,dicarboxylic acid,Polyfunctional / highly functionalized,"InChI=1S/C2H2O4/c3-1(4)2(5)6/h(H,3,4)(H,5,6)",MUBZPKHOEPUJKR-UHFFFAOYSA-N
2183,oxalic acid,6.041392685,5796-84-9,C(=O)(C(=O)O)O,1,,https://doi.org/10.1016/j.atmosenv.2007.07.062,dicarboxylic acid,Polyfunctional / highly functionalized,"InChI=1S/C2H2O4/c3-1(4)2(5)6/h(H,3,4)(H,5,6)",MUBZPKHOEPUJKR-UHFFFAOYSA-N
2184,oxalic acid,6.041392685,5796-84-9,O=C(O)C(=O)O,1,25,10.1021/acs.est.5b03078,dicarboxylic acid,Polyfunctional / highly functionalized,"InChI=1S/C2H2O4/c3-1(4)2(5)6/h(H,3,4)(H,5,6)",MUBZPKHOEPUJKR-UHFFFAOYSA-N
2185,oxalic acid,5.146128036,5796-84-9,C(=O)(C(=O)O)O,1,,https://doi.org/10.1039/B101932P,dicarboxylic acid,Polyfunctional / highly functionalized,"InChI=1S/C2H2O4/c3-1(4)2(5)6/h(H,3,4)(H,5,6)",MUBZPKHOEPUJKR-UHFFFAOYSA-N
2186,oxalic acid,6.041392685,6153-56-6,OC(=O)C(O)=O,,,https://doi.org/10.1021/acs.est.1c04326,dicarboxylic acid,Polyfunctional / highly functionalized,"InChI=1S/C2H2O4/c3-1(4)2(5)6/h(H,3,4)(H,5,6)",MUBZPKHOEPUJKR-UHFFFAOYSA-N
2187,oxane (tetrahydropyran) (C5H10O),8.951823035,40500-05-8,C1CCOCC1,7.5,9.4,10.1021/acs.est.5b03078,ether,Oxygenated organics,InChI=1S/C5H10O/c1-2-4-6-5-3-1/h1-5H2,DHXVGJBLRPWPCS-UHFFFAOYSA-N
2188,oxepane,8.342422681,592-90-5,C1CCCOCC1,7,24.8,10.1021/acs.est.5b03078,ether,Oxygenated organics,InChI=1S/C6H12O/c1-2-4-6-7-5-3-1/h1-6H2,UHHKSVZZTYJVEG-UHFFFAOYSA-N
2189,oxepane (C6H120),8.252853031,933747-23-0,C1CCCOCC1,7.5,9.4,10.1016/j.chemosphere.2018.12.156,ether,Oxygenated organics,InChI=1S/C6H12O/c1-2-4-6-7-5-3-1/h1-6H2,UHHKSVZZTYJVEG-UHFFFAOYSA-N
2190,oxetane,8.053078443,77-99-6,C1COC1,7,24.4,10.1021/acs.est.5b03078,ether,Oxygenated organics,InChI=1S/C3H6O/c1-2-4-3-1/h1-3H2,AHHWIHXENZJRFG-UHFFFAOYSA-N
2191,oxetane (C3H60),7.858537198,1402244-15-8,C1CCOC1.C1CCOC1,7.5,9.5,10.1021/j100176a055,ether,Oxygenated organics,InChI=1S/2C4H8O/c2*1-2-4-5-3-1/h2*1-4H2,WHRNULOCNSKMGB-UHFFFAOYSA-N
2192,oxolane (tetrahydrofuran) (C4H80),8.267171728,59727-71-8,C1COCCO1,7.5,9.1,10.1002/kin.550250307,ether,Oxygenated organics,InChI=1S/C4H8O2/c1-2-6-4-3-5-1/h1-4H2,RYHBNJHYFVUHQT-UHFFFAOYSA-N
2193,o鈥揅resol,9.8325,95-48-7,OC1=CC=CC=C1C,,,https://doi.org/10.1016/S0969-806X(99)00240-6,phenol,Oxygenated organics,"InChI=1S/C7H8O/c1-6-4-2-3-5-7(6)8/h2-5,8H,1H3",QWVGKYWNOKOFNN-UHFFFAOYSA-N
2194,o鈥揌ydroxybenzaldehyde,9.7924,90-02-8,OC1=CC=CC=C1C=O,,,https://doi.org/10.1016/S1010-6030(01)00402-6,phenol,Oxygenated organics,"InChI=1S/C7H6O2/c8-5-6-3-1-2-4-7(6)9/h1-5,9H",SMQUZDBALVYZAC-UHFFFAOYSA-N
2195,p-Acetylbenzoate ion,8.301029996,18938-15-3,CC(=O)c1ccc(C(=O)[O-])cc1,7,25,10.1063/1.555808,carboxylic acid,Oxygenated organics,"InChI=1S/C9H8O3/c1-6(10)7-2-4-8(5-3-7)9(11)12/h2-5H,1H3,(H,11,12)/p-1",QBHDSQZASIBAAI-UHFFFAOYSA-M
2196,p-Acetylbenzoic acid,8.301029996,586-89-0,CC(=O)c1ccc(C(=O)O)cc1,7,,10.1016/j.watres.2017.03.015,carboxylic acid,Oxygenated organics,"InChI=1S/C9H8O3/c1-6(10)7-2-4-8(5-3-7)9(11)12/h2-5H,1H3,(H,11,12)",QBHDSQZASIBAAI-UHFFFAOYSA-N
2197,p-Benzoquinone,8.544068044,106-51-4,C1=CC(=O)C=CC1=O,,,NIST,ketone,Oxygenated organics,InChI=1S/C6H4O2/c7-5-1-2-6(8)4-3-5/h1-4H,AZQWKYJCGOJGHM-UHFFFAOYSA-N
2198,p-Bromobenzoate ion,9,16449-27-7,O=C([O-])c1ccc(Br)cc1,7,25,10.1063/1.555808,halogenated,Halogenated organics,"InChI=1S/C7H5BrO2/c8-6-3-1-5(2-4-6)7(9)10/h1-4H,(H,9,10)/p-1",TUXYZHVUPGXXQG-UHFFFAOYSA-M
2199,p-Bromobenzoic acid,9,586-76-5,O=C(O)c1ccc(Br)cc1,7,25,10.1002/chin.197714152,halogenated,Halogenated organics,"InChI=1S/C7H5BrO2/c8-6-3-1-5(2-4-6)7(9)10/h1-4H,(H,9,10)",TUXYZHVUPGXXQG-UHFFFAOYSA-N
2200,p-Chlorobenzoate ion,8.556302501,4641-33-2,O=C([O-])c1ccc(Cl)cc1,7,25,10.1063/1.555808,halogenated,Halogenated organics,"InChI=1S/C7H5ClO2/c8-6-3-1-5(2-4-6)7(9)10/h1-4H,(H,9,10)/p-1",XRHGYUZYPHTUJZ-UHFFFAOYSA-M
2201,p-Chlorobenzoic acid,8.556302501,74-11-3,O=C(O)c1ccc(Cl)cc1,7,25,10.1002/chin.197714152,halogenated,Halogenated organics,"InChI=1S/C7H5ClO2/c8-6-3-1-5(2-4-6)7(9)10/h1-4H,(H,9,10)",XRHGYUZYPHTUJZ-UHFFFAOYSA-N
2202,p-Cresol,9.7853,106-44-5,CC1=CC=C(C=C1)O,,,https://doi.org/10.1016/j.chemosphere.2023.138860,phenol,Oxygenated organics,"InChI=1S/C7H8O/c1-6-2-4-7(8)5-3-6/h2-5,8H,1H3",IWDCLRJOBJJRNH-UHFFFAOYSA-N
2203,p-Cresol,9.763427994,106-44-5,CC1=CC=C(C=C1)O,,,https://doi.org/10.1016/S0969-806X(99)00240-6,phenol,Oxygenated organics,"InChI=1S/C7H8O/c1-6-2-4-7(8)5-3-6/h2-5,8H,1H3",IWDCLRJOBJJRNH-UHFFFAOYSA-N
2204,p-Cresol,9.785329835,106-44-5,CC1=CC=C(C=C1)O,4,,https://doi.org/10.1021/jp971986a,phenol,Oxygenated organics,"InChI=1S/C7H8O/c1-6-2-4-7(8)5-3-6/h2-5,8H,1H3",IWDCLRJOBJJRNH-UHFFFAOYSA-N
2205,p-Cresol,9.447158031,106-44-5,CC1=CC=C(C=C1)O,4,,https://doi.org/10.1039/FD9950000129,phenol,Oxygenated organics,"InChI=1S/C7H8O/c1-6-2-4-7(8)5-3-6/h2-5,8H,1H3",IWDCLRJOBJJRNH-UHFFFAOYSA-N
2206,p-Cresol,9.447158031,106-44-5,Cc1ccc(O)cc1,4,,10.1021/acs.est.5b03078,phenol,Oxygenated organics,"InChI=1S/C7H8O/c1-6-2-4-7(8)5-3-6/h2-5,8H,1H3",IWDCLRJOBJJRNH-UHFFFAOYSA-N
2207,p-Cumenesulfonate,9.439332694,15763-76-5,CC(C)c1ccc(S(=O)(=O)[O-])cc1,6.5,25,10.1016/j.chemosphere.2018.12.156,sulfoxide,Sulfur-containing organics,"InChI=1S/C9H12O3S/c1-7(2)8-3-5-9(6-4-8)13(10,11)12/h3-7H,1-2H3,(H,10,11,12)/p-1",CVLHGLWXLDOELD-UHFFFAOYSA-M
2208,p-Cumenesulfonate,9.439332694,15763-76-5,CC(C)c1ccc(S(=O)(=O)[O-])cc1,6.5,,https://doi.org/10.1016/j.radphyschem.2013.02.031,sulfoxide,Sulfur-containing organics,"InChI=1S/C9H12O3S/c1-7(2)8-3-5-9(6-4-8)13(10,11)12/h3-7H,1-2H3,(H,10,11,12)/p-1",CVLHGLWXLDOELD-UHFFFAOYSA-M
2209,p-Cumenesulfonate,9.439332694,15763-77-6,CC(C)c1ccc(cc1)[S]([O-])(=O)=O,,,https://doi.org/10.1021/acs.est.1c04326,sulfoxide,Sulfur-containing organics,"InChI=1S/C9H12O3S/c1-7(2)8-3-5-9(6-4-8)13(10,11)12/h3-7H,1-2H3,(H,10,11,12)/p-1",CVLHGLWXLDOELD-UHFFFAOYSA-M
2210,p-Cyanobenzoate ion,7.51851394,28162-02-9,N#Cc1ccc(C(=O)[O-])cc1,4.8,25,10.1016/j.chemosphere.2018.12.156,nitrile,Nitrogen-containing organics,"InChI=1S/C8H5NO2/c9-5-6-1-3-7(4-2-6)8(10)11/h1-4H,(H,10,11)/p-1",ADCUEPOHPCPMCE-UHFFFAOYSA-M
2211,p-Cyanobenzoic acid,8.5185,619-65-8,C1=CC(=CC=C1C#N)C(=O)O,,,https://doi.org/10.1016/j.jhazmat.2025.138028,carboxylic acid,Oxygenated organics,"InChI=1S/C8H5NO2/c9-5-6-1-3-7(4-2-6)8(10)11/h1-4H,(H,10,11)",ADCUEPOHPCPMCE-UHFFFAOYSA-N
2212,p-Cyanobenzoic acid,8.51851394,619-65-8,N#Cc1ccc(C(=O)O)cc1,7,25,10.1002/chin.197714152,carboxylic acid,Oxygenated organics,"InChI=1S/C8H5NO2/c9-5-6-1-3-7(4-2-6)8(10)11/h1-4H,(H,10,11)",ADCUEPOHPCPMCE-UHFFFAOYSA-N
2213,p-Hydroxybenzaldehyde,9.770852012,65581-83-1,Oc1ccc(C=O)cc1,,,https://doi.org/10.1021/acs.est.1c04326,phenol,Oxygenated organics,"InChI=1S/C7H6O2/c8-5-6-1-3-7(9)4-2-6/h1-5,9H",RGHHSNMVTDWUBI-UHFFFAOYSA-N
2214,p-Hydroxybenzaldehyde,9.770852012,123-08-0,O=Cc1ccc(O)cc1,,,10.1016/j.chemosphere.2018.12.156,phenol,Oxygenated organics,"InChI=1S/C7H6O2/c8-5-6-1-3-7(9)4-2-6/h1-5,9H",RGHHSNMVTDWUBI-UHFFFAOYSA-N
2215,p-Hydroxybenzaldehyde,9.7709,123-08-0,C1=CC(=CC=C1C=O)O,,,https://doi.org/10.1016/j.jhazmat.2025.138072,phenol,Oxygenated organics,"InChI=1S/C7H6O2/c8-5-6-1-3-7(9)4-2-6/h1-5,9H",RGHHSNMVTDWUBI-UHFFFAOYSA-N
2216,p-Hydroxybenzaldehyde,9.770852012,123-08-0,C1=CC(=CC=C1C=O)O,,,https://doi.org/10.1016/S1010-6030(01)00402-6,phenol,Oxygenated organics,"InChI=1S/C7H6O2/c8-5-6-1-3-7(9)4-2-6/h1-5,9H",RGHHSNMVTDWUBI-UHFFFAOYSA-N
2217,p-Hydroxybenzaldehyde,9.7709,123-08-0,C1=CC(=CC=C1C=O)O,,,https://doi.org/10.1016/j.chemosphere.2023.138875,phenol,Oxygenated organics,"InChI=1S/C7H6O2/c8-5-6-1-3-7(9)4-2-6/h1-5,9H",RGHHSNMVTDWUBI-UHFFFAOYSA-N
2218,p-Hydroxybenzoate ion,9.397940009,9059-23-8,O=C([O-])c1ccc(O)cc1,7,25,10.1063/1.555808,phenol,Oxygenated organics,"InChI=1S/C7H6O3/c8-6-3-1-5(2-4-6)7(9)10/h1-4,8H,(H,9,10)/p-1",FJKROLUGYXJWQN-UHFFFAOYSA-M
2219,p-Hydroxybenzoic acid,9.397940009,99-96-7,O=C(O)c1ccc(O)cc1,7,,10.1021/acs.est.5b03078,phenol,Oxygenated organics,"InChI=1S/C7H6O3/c8-6-3-1-5(2-4-6)7(9)10/h1-4,8H,(H,9,10)",FJKROLUGYXJWQN-UHFFFAOYSA-N
2220,p-Methoxybenzoic acid,9.544068044,100-09-4,COc1ccc(C(=O)O)cc1,7,25,10.1002/chin.197714152,carboxylic acid,Oxygenated organics,"InChI=1S/C8H8O3/c1-11-7-4-2-6(3-5-7)8(9)10/h2-5H,1H3,(H,9,10)",ZEYHEAKUIGZSGI-UHFFFAOYSA-N
2221,p-Nitrobenzoic acid,6,62-23-7,O=C(O)c1ccc([N+](=O)[O-])cc1,7,,10.1002/chin.197714152,nitro,Nitrogen-containing organics,"InChI=1S/C7H5NO4/c9-7(10)5-1-3-6(4-2-5)8(11)12/h1-4H,(H,9,10)",OTLNPYWUJOZPPA-UHFFFAOYSA-N
2222,"p-Nitroso-N,N-dimethylaniline",9.361727836,138-89-6,CN(C)c1ccc(N=O)cc1,7,25,10.1063/1.555808,"nitroso, nitramine",Nitrogen-containing organics,"InChI=1S/C8H10N2O/c1-10(2)8-5-3-7(9-11)4-6-8/h3-6H,1-2H3",CMEWLCATCRTSGF-UHFFFAOYSA-N
2223,p-Nitrosodimethylanilin,9.3617,753025-77-3,CN(C)C1=CC=C(C=C1)N=O,,,https://doi.org/10.1016/j.chemosphere.2023.138823,"nitroso, nitramine",Nitrogen-containing organics,"InChI=1S/C8H10N2O/c1-10(2)8-5-3-7(9-11)4-6-8/h3-6H,1-2H3",CMEWLCATCRTSGF-UHFFFAOYSA-N
2224,p-Toluate ion,9.903469829,67874-52-6,Cc1ccc(C(=O)[O-])cc1,7,25,10.1063/1.555808,carboxylic acid,Oxygenated organics,"InChI=1S/C8H8O2/c1-6-2-4-7(5-3-6)8(9)10/h2-5H,1H3,(H,9,10)/p-1",LPNBBFKOUUSUDB-UHFFFAOYSA-M
2225,p-Toluate ion,9.2553,67874-52-6,Cc1ccc(C(=O)[O-])cc1,,,https://doi.org/10.1016/j.chemosphere.2023.138802,carboxylic acid,Oxygenated organics,"InChI=1S/C8H8O2/c1-6-2-4-7(5-3-6)8(9)10/h2-5H,1H3,(H,9,10)/p-1",LPNBBFKOUUSUDB-UHFFFAOYSA-M
2226,p-Toluic acid,9.255272505,99-94-5,Cc1ccc(C(=O)O)cc1,7,,10.1021/acs.est.5b03078,carboxylic acid,Oxygenated organics,"InChI=1S/C8H8O2/c1-6-2-4-7(5-3-6)8(9)10/h2-5H,1H3,(H,9,10)",LPNBBFKOUUSUDB-UHFFFAOYSA-N
2227,p-Tolylacetic acid,9.653212514,622-47-9,CC1=CC=C(C=C1)CC(=O)O,1.8,,NIST,carboxylic acid,Oxygenated organics,"InChI=1S/C9H10O2/c1-7-2-4-8(5-3-7)6-9(10)11/h2-5H,6H2,1H3,(H,10,11)",GXXXUZIRGXYDFP-UHFFFAOYSA-N
2228,p-Xylene,9.431363764,106-42-3,Cc1ccc(C)cc1,4,24.85,10.1016/j.chemosphere.2018.12.156,benzene,Aromatic & PAHs,"InChI=1S/C8H10/c1-7-3-5-8(2)6-4-7/h3-6H,1-2H3",URLKBWYHVLBVBO-UHFFFAOYSA-N
2229,p-Xylene,9.431363764,106-42-3,CC1=CC=C(C=C1)C,4,,https://doi.org/10.1039/FD9950000129,benzene,Aromatic & PAHs,"InChI=1S/C8H10/c1-7-3-5-8(2)6-4-7/h3-6H,1-2H3",URLKBWYHVLBVBO-UHFFFAOYSA-N
2230,p-Xylene,9.4314,106-42-3,CC1=CC=C(C=C1)C,,,https://doi.org/10.1016/j.chemosphere.2023.138898,benzene,Aromatic & PAHs,"InChI=1S/C8H10/c1-7-3-5-8(2)6-4-7/h3-6H,1-2H3",URLKBWYHVLBVBO-UHFFFAOYSA-N
2231,p-acetylbenzoic acid,8.301029996,586-89-0,CC(=O)c1ccc(C(=O)O)cc1,7,25,10.1016/j.watres.2017.03.015,carboxylic acid,Oxygenated organics,"InChI=1S/C9H8O3/c1-6(10)7-2-4-8(5-3-7)9(11)12/h2-5H,1H3,(H,11,12)",QBHDSQZASIBAAI-UHFFFAOYSA-N
2232,p-chlorobenzaldehyde,9.431363764,104-88-1,C1=CC(=CC=C1C=O)Cl,,,https://doi.org/10.1002/poc.718,halogenated,Halogenated organics,InChI=1S/C7H5ClO/c8-7-3-1-6(5-9)2-4-7/h1-5H,AVPYQKSLYISFPO-UHFFFAOYSA-N
2233,p-cresol,9.447158031,106-44-5,Cc1ccc(O)cc1,4,25,10.1021/acs.est.5b03078,phenol,Oxygenated organics,"InChI=1S/C7H8O/c1-6-2-4-7(8)5-3-6/h2-5,8H,1H3",IWDCLRJOBJJRNH-UHFFFAOYSA-N
2234,p-dioxane,7.612783857,54841-74-6,C1COCCO1,,22.85,10.1002/kin.550250307,ether,Oxygenated organics,InChI=1S/C4H8O2/c1-2-6-4-3-5-1/h1-4H2,RYHBNJHYFVUHQT-UHFFFAOYSA-N
2235,p-hydroxybenzaldehyde,9.770852012,123-08-0,C1=CC(=CC=C1C=O)O,,,https://doi.org/10.1002/poc.715,phenol,Oxygenated organics,"InChI=1S/C7H6O2/c8-5-6-1-3-7(9)4-2-6/h1-5,9H",RGHHSNMVTDWUBI-UHFFFAOYSA-N
2236,p-hydroxybenzoic acid,9.397940009,99-96-7,O=C(O)c1ccc(O)cc1,7,25,10.1021/acs.est.5b03078,phenol,Oxygenated organics,"InChI=1S/C7H6O3/c8-6-3-1-5(2-4-6)7(9)10/h1-4,8H,(H,9,10)",FJKROLUGYXJWQN-UHFFFAOYSA-N
2237,p-methoxybenzaldehyde,8.903089987,68894-36-0,COC1=CC=C(C=C1)C=O,,,https://doi.org/10.1002/poc.717,aldehyde,Oxygenated organics,"InChI=1S/C8H8O2/c1-10-8-4-2-7(6-9)3-5-8/h2-6H,1H3",ZRSNZINYAWTAHE-UHFFFAOYSA-N
2238,p-nitrobenzaldehyde,8.653212514,555-16-8,C1=CC(=CC=C1C=O)[N+](=O)[O-],,,https://doi.org/10.1002/poc.719,nitro,Nitrogen-containing organics,InChI=1S/C7H5NO3/c9-5-6-1-3-7(4-2-6)8(10)11/h1-5H,BXRFQSNOROATLV-UHFFFAOYSA-N
2239,p-nitrosodimethylaniline,9.361727836,871876-73-2,CN(C)c1ccc(N=O)cc1,9,25,10.1063/1.555808,"nitroso, nitramine",Nitrogen-containing organics,"InChI=1S/C8H10N2O/c1-10(2)8-5-3-7(9-11)4-6-8/h3-6H,1-2H3",CMEWLCATCRTSGF-UHFFFAOYSA-N
2240,p-toluic acid,9.255272505,99-94-5,Cc1ccc(C(=O)O)cc1,7,25,10.1021/acs.est.5b03078,carboxylic acid,Oxygenated organics,"InChI=1S/C8H8O2/c1-6-2-4-7(5-3-6)8(9)10/h2-5H,1H3,(H,9,10)",LPNBBFKOUUSUDB-UHFFFAOYSA-N
2241,p-xylene,9.431363764,106-42-3,Cc1ccc(C)cc1,4,25,10.1016/j.chemosphere.2018.12.156,benzene,Aromatic & PAHs,"InChI=1S/C8H10/c1-7-3-5-8(2)6-4-7/h3-6H,1-2H3",URLKBWYHVLBVBO-UHFFFAOYSA-N
2242,penicillinG,9.192170475,61-33-6,CC1(C)S[C@@H]2[C@H](NC(=O)Cc3ccccc3)C(=O)N2[C@H]1C(=O)O,7.4,20,10.1021/acs.est.5b03078,"sulfide, disulfide",Sulfur-containing organics,"InChI=1S/C16H18N2O4S/c1-16(2)12(15(21)22)18-13(20)11(14(18)23-16)17-10(19)8-9-6-4-3-5-7-9/h3-7,11-12,14H,8H2,1-2H3,(H,17,19)(H,21,22)/t11-,12+,14-/m1/s1",JGSARLDLIJGVTE-MBNYWOFBSA-N
2243,penicillinV,9.378397901,147-55-7,CC1(C)S[C@@H]2[C@H](NC(=O)COc3ccccc3)C(=O)N2[C@H]1C(=O)[O-],7.4,25,10.1016/j.chemosphere.2018.12.156,"sulfide, disulfide",Sulfur-containing organics,"InChI=1S/C16H18N2O5S/c1-16(2)12(15(21)22)18-13(20)11(14(18)24-16)17-10(19)8-23-9-6-4-3-5-7-9/h3-7,11-12,14H,8H2,1-2H3,(H,17,19)(H,21,22)/p-1/t11-,12+,14-/m1/s1",BPLBGHOLXOTWMN-MBNYWOFBSA-M
2244,peroxodisulphate anion,5.740362689,13445-49-3,O=S(OOS(=O)(O)=O)(O)=O,,,10.1021/jp036211i,sulfoxide,Sulfur-containing organics,"InChI=1S/H2O8S2/c1-9(2,3)7-8-10(4,5)6/h(H,1,2,3)(H,4,5,6)",JRKICGRDRMAZLK-UHFFFAOYSA-N
2245,phenol,9.944482672,108-95-2,C1=CC=C(C=C1)O,3,,https://doi.org/10.1016/j.atmosenv.2004.11.024,phenol,Oxygenated organics,"InChI=1S/C6H6O/c7-6-4-2-1-3-5-6/h1-5,7H",ISWSIDIOOBJBQZ-UHFFFAOYSA-N
2246,phenol,9.944482672,108-95-2,Oc1ccccc1,3,25,10.1021/ie9002848,phenol,Oxygenated organics,"InChI=1S/C6H6O/c7-6-4-2-1-3-5-6/h1-5,7H",ISWSIDIOOBJBQZ-UHFFFAOYSA-N
2247,phenyltrimethylammonium,8.176091259,3426-74-2,C[N+](C)(C)C1=CC=CC=C1,7,,NIST,benzene,Aromatic & PAHs,"InChI=1S/C9H14N/c1-10(2,3)9-7-5-4-6-8-9/h4-8H,1-3H3/q+1",ZNEOHLHCKGUAEB-UHFFFAOYSA-N
2248,piperacillin,9.240549248,61477-96-1,CCN1CCN(C(=O)N[C@@H](C(=O)N[C@@H]2C(=O)N3[C@@H](C(=O)O)C(C)(C)S[C@H]23)c2ccccc2)C(=O)C1=O,7.4,20,10.1016/j.chemosphere.2018.12.156,"sulfide, disulfide",Sulfur-containing organics,"InChI=1S/C23H27N5O7S/c1-4-26-10-11-27(19(32)18(26)31)22(35)25-13(12-8-6-5-7-9-12)16(29)24-14-17(30)28-15(21(33)34)23(2,3)36-20(14)28/h5-9,13-15,20H,4,10-11H2,1-3H3,(H,24,29)(H,25,35)(H,33,34)/t13-,14-,15+,20-/m1/s1",IVBHGBMCVLDMKU-GXNBUGAJSA-N
2249,piperacillin,9.079181246,61477-96-1,CCN1CCN(C(=O)N[C@@H](C(=O)N[C@H]2C(=O)N3[C@H]2SC(C)(C)[C@H]3C(=O)[O-])c2ccccc2)C(=O)C1=O,7.4,20,10.1021/acs.est.5b03078,"sulfide, disulfide",Sulfur-containing organics,"InChI=1S/C23H27N5O7S/c1-4-26-10-11-27(19(32)18(26)31)22(35)25-13(12-8-6-5-7-9-12)16(29)24-14-17(30)28-15(21(33)34)23(2,3)36-20(14)28/h5-9,13-15,20H,4,10-11H2,1-3H3,(H,24,29)(H,25,35)(H,33,34)/p-1/t13-,14+,15-,20+/m1/s1",IVBHGBMCVLDMKU-ODCFSMADSA-M
2250,progesterone,9.075546961,57-83-0,CC(=O)[C@H]1CC[C@H]2[C@@H]3CCC4=CC(=O)CC[C@]4(C)[C@H]3CC[C@]12C,7.4,20,10.1021/acs.est.5b03078,ketone,Oxygenated organics,"InChI=1S/C21H30O2/c1-13(22)17-6-7-18-16-5-4-14-12-15(23)8-10-20(14,2)19(16)9-11-21(17,18)3/h12,16-19H,4-11H2,1-3H3/t16-,17+,18-,19-,20-,21+/m0/s1",RJKFOVLPORLFTN-LEKSSAKUSA-N
2251,prop-1-en-2-yl acetate,9.1761,108-22-5,CC(=C)OC(=O)C,,,https://doi.org/10.1016/j.jhazmat.2025.138143,carboxylic acid,Oxygenated organics,"InChI=1S/C5H8O2/c1-4(2)7-5(3)6/h1H2,2-3H3",HETCEOQFVDFGSY-UHFFFAOYSA-N
2252,prop-1-en-2-yl acetate,9.176091259,2763759-81-3,CC(=C)OC(C)=O,,,https://doi.org/10.1021/acs.est.1c04326,carboxylic acid,Oxygenated organics,"InChI=1S/C5H8O2/c1-4(2)7-5(3)6/h1H2,2-3H3",HETCEOQFVDFGSY-UHFFFAOYSA-N
2253,prop-2-en-1-ol,9.477121255,109240-66-6,OCC=C,,,https://doi.org/10.1021/acs.est.1c04326,alcohol,Oxygenated organics,"InChI=1S/C3H6O/c1-2-3-4/h2,4H,1,3H2",XXROGKLTLUQVRX-UHFFFAOYSA-N
2254,prop-2-enamide,8.198657087,84769-15-3,NC(=O)C=C,,,https://doi.org/10.1021/acs.est.1c04326,amide,Nitrogen-containing organics,"InChI=1S/C3H5NO/c1-2-3(4)5/h2H,1H2,(H2,4,5)",HRPVXLWXLXDGHG-UHFFFAOYSA-N
2255,prop-2-enoic acid,8.025305865,160648-17-9,OC(=O)C=C,,,https://doi.org/10.1021/acs.est.1c04326,carboxylic acid,Oxygenated organics,"InChI=1S/C3H4O2/c1-2-3(4)5/h2H,1H2,(H,4,5)",NIXOWILDQLNWCW-UHFFFAOYSA-N
2256,prop-2-enoic acid,8.0253,202326-54-3,C=CC(=O)O,,,https://doi.org/10.1016/j.jhazmat.2025.138114,carboxylic acid,Oxygenated organics,"InChI=1S/C3H4O2/c1-2-3(4)5/h2H,1H2,(H,4,5)",NIXOWILDQLNWCW-UHFFFAOYSA-N
2257,propan-2-yl acetate,6.176091259,2138001-47-3,CC(C)OC(C)=O,,,https://doi.org/10.1021/acs.est.1c04326,carboxylic acid,Oxygenated organics,"InChI=1S/C5H10O2/c1-4(2)7-5(3)6/h4H,1-3H3",JMMWKPVZQRWMSS-UHFFFAOYSA-N
2258,propane,7.602059991,2025-55-0,CCC,,22.85,10.1002/kin.550250307,alkane,Aliphatic hydrocarbons,"InChI=1S/C3H8/c1-3-2/h3H2,1-2H3",ATUOYWHBWRKTHZ-UHFFFAOYSA-N
2259,propanedioic acid,6.431363764,94234-82-9,OC(=O)CC(O)=O,,,https://doi.org/10.1021/acs.est.1c04326,carboxylic acid,Oxygenated organics,"InChI=1S/C3H4O4/c4-2(5)1-3(6)7/h1H2,(H,4,5)(H,6,7)",OFOBLEOULBTSOW-UHFFFAOYSA-N
2260,propanoate,6.662757832,656826-93-6,CCC([O-])=O,,,https://doi.org/10.1021/acs.est.1c04326,carboxylic acid,Oxygenated organics,"InChI=1S/C3H6O2/c1-2-3(4)5/h2H2,1H3,(H,4,5)/p-1",XBDQKXXYIPTUBI-UHFFFAOYSA-M
2261,"propazine (6-chloro-2,4-isopropylamino-1,3,5-triazine)",9.505149978,163165-75-1,c1cnnnc1,7.8,,10.1021/es503496u,halogenated,Halogenated organics,InChI=1S/C3H3N3/c1-2-4-6-5-3-1/h1-3H,JYEUMXHLPRZUAT-UHFFFAOYSA-N
2262,propionate,6.662757832,72-03-7,CCC(=O)[O-],7,,NIST,carboxylic acid,Oxygenated organics,"InChI=1S/C3H6O2/c1-2-3(4)5/h2H2,1H3,(H,4,5)/p-1",XBDQKXXYIPTUBI-UHFFFAOYSA-M
2263,propionic acid,8.3424,79-09-4,CCC(=O)O,,,https://doi.org/10.1016/j.jhazmat.2025.138127,carboxylic acid,Oxygenated organics,"InChI=1S/C3H6O2/c1-2-3(4)5/h2H2,1H3,(H,4,5)",XBDQKXXYIPTUBI-UHFFFAOYSA-N
2264,propionic acid,6.662757832,79-09-4,CCC(=O)O,7,25,10.1016/j.watres.2017.03.015,carboxylic acid,Oxygenated organics,"InChI=1S/C3H6O2/c1-2-3(4)5/h2H2,1H3,(H,4,5)",XBDQKXXYIPTUBI-UHFFFAOYSA-N
2265,pyridine,8.342422681,756493-25-1,c1ccncc1,7,25,10.1063/1.555808,pyridine,Heterocycles,InChI=1S/C5H5N/c1-2-4-6-5-3-1/h1-5H,JUJWROOIHBZHMG-UHFFFAOYSA-N
2266,p鈥揅resol,9.7634,80-05-7,OC1=CC=C(C)C=C1,,,https://doi.org/10.1016/S0969-806X(99)00240-6,phenol,Oxygenated organics,"InChI=1S/C7H8O/c1-6-2-4-7(8)5-3-6/h2-5,8H,1H3",IWDCLRJOBJJRNH-UHFFFAOYSA-N
2267,p鈥揌ydroxybenzaldehyde,9.7709,123-08-0,OC1=CC=C(C=O)C=C1,,,https://doi.org/10.1016/S1010-6030(01)00402-6,phenol,Oxygenated organics,"InChI=1S/C7H6O2/c8-5-6-1-3-7(9)4-2-6/h1-5,9H",RGHHSNMVTDWUBI-UHFFFAOYSA-N
2268,p鈥揦ylene,9.4314,106-42-3,CC1=CC=C(C)C=C1,,,https://doi.org/10.1039/FD9950000129,benzene,Aromatic & PAHs,"InChI=1S/C8H10/c1-7-3-5-8(2)6-4-7/h3-6H,1-2H3",URLKBWYHVLBVBO-UHFFFAOYSA-N
2269,s-Triazine,7.908485019,4407-40-3,c1ncncn1,7,,10.1016/j.chemosphere.2018.12.156,triazine,Heterocycles,InChI=1S/C3H3N3/c1-4-2-6-3-5-1/h1-3H,JIHQDMXYYFUGFV-UHFFFAOYSA-N
2270,s-triazine,7.908485019,4407-40-3,COC1=NCN(OC)C(OC)=N1,7.8,,10.1021/es503496u,triazine,Heterocycles,"InChI=1S/C6H11N3O3/c1-10-5-7-4-9(12-3)6(8-5)11-2/h4H2,1-3H3",NCSKJVFYSZWLAR-UHFFFAOYSA-N
2271,serine,7.19157134,862458-01-3,N[C@@H](CO)C(=O)O,7,25,10.1021/acs.est.5b03078,amine,Nitrogen-containing organics,"InChI=1S/C3H7NO3/c4-2(1-5)3(6)7/h2,5H,1,4H2,(H,6,7)/t2-/m0/s1",MTCFGRXMJLQNBG-REOHCLBHSA-N
2272,serine,8.2304,862458-01-3,C([C@@H](C(=O)O)N)O,,,https://doi.org/10.1016/j.jhazmat.2025.138121,amine,Nitrogen-containing organics,"InChI=1S/C3H7NO3/c4-2(1-5)3(6)7/h2,5H,1,4H2,(H,6,7)/t2-/m0/s1",MTCFGRXMJLQNBG-REOHCLBHSA-N
2273,serine,8.2304,862458-01-3,C([C@@H](C(=O)O)N)O,,,https://doi.org/10.1016/j.jhazmat.2025.138276,amine,Nitrogen-containing organics,"InChI=1S/C3H7NO3/c4-2(1-5)3(6)7/h2,5H,1,4H2,(H,6,7)/t2-/m0/s1",MTCFGRXMJLQNBG-REOHCLBHSA-N
2274,serine,8.2304,862458-01-3,C([C@@H](C(=O)O)N)O,,,https://doi.org/10.1016/j.jhazmat.2025.138199,amine,Nitrogen-containing organics,"InChI=1S/C3H7NO3/c4-2(1-5)3(6)7/h2,5H,1,4H2,(H,6,7)/t2-/m0/s1",MTCFGRXMJLQNBG-REOHCLBHSA-N
2275,sinapic acid,9.556302501,622-31-1,COC1=CC(=CC(=C1O)OC)C=CC(=O)O,,,10.1007/s00411-006-0041-10,carboxylic acid,Oxygenated organics,"InChI=1S/C11H12O5/c1-15-8-5-7(3-4-10(12)13)6-9(16-2)11(8)14/h3-6,14H,1-2H3,(H,12,13)",PCMORTLOPMLEFB-UHFFFAOYSA-N
2276,succinic acid,6.851258349,110-15-6,O=C(O)CCC(=O)O,7,25,10.1021/acs.est.5b03078,dicarboxylic acid,Polyfunctional / highly functionalized,"InChI=1S/C4H6O4/c5-3(6)1-2-4(7)8/h1-2H2,(H,5,6)(H,7,8)",KDYFGRWQOYBRFD-UHFFFAOYSA-N
2277,sulfacetamide,9.77815125,144-80-9,CC(=O)NS(=O)(=O)C1=CC=C(C=C1)N,9.2,,NIST,sulfoxide,Sulfur-containing organics,"InChI=1S/C8H10N2O3S/c1-6(11)10-14(12,13)8-4-2-7(9)3-5-8/h2-5H,9H2,1H3,(H,10,11)",SKIVFJLNDNKQPD-UHFFFAOYSA-N
2278,sulfamethoxazole,10.0969,13053-79-7,CC1=CC(=NO1)NS(=O)(=O)C2=CC=C(C=C2)N,,,https://doi.org/10.1016/j.jhazmat.2025.138292,sulfoxide,Sulfur-containing organics,"InChI=1S/C10H11N3O3S/c1-7-6-10(12-16-7)13-17(14,15)9-4-2-8(11)3-5-9/h2-6H,11H2,1H3,(H,12,13)",JLKIGFTWXXRPMT-UHFFFAOYSA-N
2279,sulfamethoxazole,10.09691001,13053-79-7,Cc1cc(NS(=O)(=O)c2ccc(N)cc2)no1,8.4,20,10.1016/j.chemosphere.2018.12.156,sulfoxide,Sulfur-containing organics,"InChI=1S/C10H11N3O3S/c1-7-6-10(12-16-7)13-17(14,15)9-4-2-8(11)3-5-9/h2-6H,11H2,1H3,(H,12,13)",JLKIGFTWXXRPMT-UHFFFAOYSA-N
2280,sulphate,8.785329835,14808-79-8,[O-]S([O-])(=O)=O,,,10.1021/jp036211i,sulfoxide,Sulfur-containing organics,"InChI=1S/H2O4S/c1-5(2,3)4/h(H2,1,2,3,4)/p-2",QAOWNCQODCNURD-UHFFFAOYSA-L
2281,tert-BuOH,5.924279286,75-65-0,CC(C)(C)O,,,NIST,alcohol,Oxygenated organics,"InChI=1S/C4H10O/c1-4(2,3)5/h5H,1-3H3",DKGAVHZHDRPRBM-UHFFFAOYSA-N
2282,tert-butanol,5.959041392,75-65-0,CO,,31.85,10.1016/j.watres.2017.03.015,alcohol,Oxygenated organics,"InChI=1S/CH4O/c1-2/h2H,1H3",OKKJLVBELUTLKV-UHFFFAOYSA-N
2283,tert-butanol,5.602059991,75-65-0,CC(C)(C)O,7.5,20,10.1016/j.watres.2017.03.015,alcohol,Oxygenated organics,"InChI=1S/C4H10O/c1-4(2,3)5/h5H,1-3H3",DKGAVHZHDRPRBM-UHFFFAOYSA-N
2284,tert-butanol,6.371873223,75-65-0,CC(C)(C)O,7,25,10.1016/j.watres.2017.03.015,alcohol,Oxygenated organics,"InChI=1S/C4H10O/c1-4(2,3)5/h5H,1-3H3",DKGAVHZHDRPRBM-UHFFFAOYSA-N
2285,tert-butanol,5.924279286,75-65-0,CC(C)(C)O,7,23,10.1016/j.watres.2017.03.015,alcohol,Oxygenated organics,"InChI=1S/C4H10O/c1-4(2,3)5/h5H,1-3H3",DKGAVHZHDRPRBM-UHFFFAOYSA-N
2286,tert-butanol,5.924279286,75-65-0,CC(C)(C)O,4,25,10.1016/j.watres.2017.03.015,alcohol,Oxygenated organics,"InChI=1S/C4H10O/c1-4(2,3)5/h5H,1-3H3",DKGAVHZHDRPRBM-UHFFFAOYSA-N
2287,tetraethylammonium,5.361727836,66-40-0,CC[N+](CC)(CC)CC,,,NIST,alkane,Aliphatic hydrocarbons,"InChI=1S/C8H20N/c1-5-9(6-2,7-3)8-4/h5-8H2,1-4H3/q+1",CBXCPBUEXACCNR-UHFFFAOYSA-N
2288,tetrahydrofuran,8.380211242,109-99-9,C1CCOC1,,22.85,10.1002/kin.550250307,ether,Oxygenated organics,InChI=1S/C4H8O/c1-2-4-5-3-1/h1-4H2,WYURNTSHIVDZCO-UHFFFAOYSA-N
2289,tetrahydrofuran,8.357934847,109-99-9,C1CCOC1,7,25,10.1002/kin.550250307,ether,Oxygenated organics,InChI=1S/C4H8O/c1-2-4-5-3-1/h1-4H2,WYURNTSHIVDZCO-UHFFFAOYSA-N
2290,tetrahydrofuran,8,109-99-9,C1CCOC1,7.5,20,10.1002/kin.550250307,ether,Oxygenated organics,InChI=1S/C4H8O/c1-2-4-5-3-1/h1-4H2,WYURNTSHIVDZCO-UHFFFAOYSA-N
2291,tetrahydrofuran,8.380211242,109-99-9,C1CCOC1,7,23,10.1002/kin.550250307,ether,Oxygenated organics,InChI=1S/C4H8O/c1-2-4-5-3-1/h1-4H2,WYURNTSHIVDZCO-UHFFFAOYSA-N
2292,tetrahydrofuran,8.385606274,109-99-9,C1CCOC1,7,24.4,10.1002/kin.550250307,ether,Oxygenated organics,InChI=1S/C4H8O/c1-2-4-5-3-1/h1-4H2,WYURNTSHIVDZCO-UHFFFAOYSA-N
2293,tetrahydrofuran (THF),8.357934847,36743-45-0,CCOCC,,25,10.1021/acs.est.5b03078,ether,Oxygenated organics,"InChI=1S/C4H10O/c1-3-5-4-2/h3-4H2,1-2H3",RTZKZFJDLAIYFH-UHFFFAOYSA-N
2294,tetrahydropyran,8.056904851,142-68-7,C1CCOCC1,7,24.4,10.1021/acs.est.5b03078,ether,Oxygenated organics,InChI=1S/C5H10O/c1-2-4-6-5-3-1/h1-5H2,DHXVGJBLRPWPCS-UHFFFAOYSA-N
2295,thiocyanate,9.716003344,75026-17-4,[S-]C#N,,,https://doi.org/10.1021/acs.est.1c04326,sulfur-containing,Sulfur-containing organics,InChI=1S/CHNS/c2-1-3/h3H/p-1,ZMZDMBWJUHKJPS-UHFFFAOYSA-M
2296,ticarcillin,8.903089987,34787-01-4,CC1(C)S[C@@H]2[C@H](NC(=O)[C@H](C(=O)[O-])c3ccsc3)C(=O)N2[C@H]1C(=O)[O-],7.4,20,10.1016/j.chemosphere.2018.12.156,"sulfide, disulfide",Sulfur-containing organics,"InChI=1S/C15H16N2O6S2/c1-15(2)9(14(22)23)17-11(19)8(12(17)25-15)16-10(18)7(13(20)21)6-3-4-24-5-6/h3-5,7-9,12H,1-2H3,(H,16,18)(H,20,21)(H,22,23)/p-2/t7-,8-,9+,12-/m1/s1",OHKOGUYZJXTSFX-KZFFXBSXSA-L
2297,ticarcillin,8.903089987,34787-01-4,CC1(C)S[C@@H]2[C@H](NC(=O)[C@H](C(=O)O)c3ccsc3)C(=O)N2[C@H]1C(=O)O,7.4,20,10.1021/acs.est.5b03078,"sulfide, disulfide",Sulfur-containing organics,"InChI=1S/C15H16N2O6S2/c1-15(2)9(14(22)23)17-11(19)8(12(17)25-15)16-10(18)7(13(20)21)6-3-4-24-5-6/h3-5,7-9,12H,1-2H3,(H,16,18)(H,20,21)(H,22,23)/t7-,8-,9+,12-/m1/s1",OHKOGUYZJXTSFX-KZFFXBSXSA-N
2298,toluene,9.113943352,108-88-3,Cc1ccccc1,4,25,10.1016/j.chemosphere.2018.12.156,benzene,Aromatic & PAHs,"InChI=1S/C7H8/c1-7-5-3-2-4-6-7/h2-6H,1H3",YXFVVABEGXRONW-UHFFFAOYSA-N
2299,trideuterio-deuteriooxymethane,6.568201724,769884-60-8,C(O[2H])([2H])([2H])[2H],,,https://doi.org/10.1021/acs.est.1c04326,alcohol,Oxygenated organics,"InChI=1S/CH4O/c1-2/h2H,1H3/i1D3,2D",OKKJLVBELUTLKV-MZCSYVLQSA-N
2300,trimethyl-phenylazanium hydroxide,8.176091259,65150-70-1,[OH-].C[N+](C)(C)c1ccccc1,,,https://doi.org/10.1021/acs.est.1c04326,benzene,Aromatic & PAHs,"InChI=1S/C9H14N.H2O/c1-10(2,3)9-7-5-4-6-8-9;/h4-8H,1-3H3;1H2/q+1;/p-1",HADKRTWCOYPCPH-UHFFFAOYSA-M
2301,tryptophan,9.293413925,153-94-6,N[C@@H](Cc1c[nH]c2ccccc12)C(=O)O,7,25,10.1021/acs.est.5b03078,amine,Nitrogen-containing organics,"InChI=1S/C11H12N2O2/c12-9(11(14)15)5-7-6-13-10-4-2-1-3-8(7)10/h1-4,6,9,13H,5,12H2,(H,14,15)/t9-/m0/s1",QIVBCDIJIAJPQS-VIFPVBQESA-N
2302,tyrosine,9.505149978,556-03-6,N[C@@H](Cc1ccc(O)cc1)C(=O)O,7,25,10.1021/acs.est.5b03078,phenol,Oxygenated organics,"InChI=1S/C9H11NO3/c10-8(9(12)13)5-6-1-3-7(11)4-2-6/h1-4,8,11H,5,10H2,(H,12,13)/t8-/m0/s1",OUYCCCASQSFEME-QMMMGPOBSA-N
2303,water,2.662757832,7732-18-5,O,,,10.1021/jp036211i,inorganic,Others / Unassigned,InChI=1S/H2O/h1H2,XLYOFNOQVPJJNP-UHFFFAOYSA-N
2304,伪-Terpineol,9.662757832,98-55-5,CC(O)(C1CCC(C)=CC1)C,,,NIST,alcohol,Oxygenated organics,"InChI=1S/C10H18O/c1-8-4-6-9(7-5-8)10(2,3)11/h4,9,11H,5-7H2,1-3H3",WUOACPNHFRMFPN-UHFFFAOYSA-N
2305,伪鈥揟erpineol,9.6128,98-55-5,CC(O)(C1CCC(C)=CC1)C,,,https://doi.org/10.1023/A:1006340727148,alcohol,Oxygenated organics,"InChI=1S/C10H18O/c1-8-4-6-9(7-5-8)10(2,3)11/h4,9,11H,5-7H2,1-3H3",WUOACPNHFRMFPN-UHFFFAOYSA-N
